#! /usr/bin/vvp
:ivl_version "11.0 (stable)";
:ivl_delay_selection "TYPICAL";
:vpi_time_precision - 12;
:vpi_module "/usr/lib/x86_64-linux-gnu/ivl/system.vpi";
:vpi_module "/usr/lib/x86_64-linux-gnu/ivl/vhdl_sys.vpi";
:vpi_module "/usr/lib/x86_64-linux-gnu/ivl/vhdl_textio.vpi";
:vpi_module "/usr/lib/x86_64-linux-gnu/ivl/v2005_math.vpi";
:vpi_module "/usr/lib/x86_64-linux-gnu/ivl/va_math.vpi";
S_0x5aa26e8bdaf0 .scope module, "aes" "aes" 2 1;
 .timescale 0 0;
    .port_info 0 /INPUT 1 "clk";
    .port_info 1 /INPUT 1 "reset_n";
    .port_info 2 /INPUT 1 "cs";
    .port_info 3 /INPUT 1 "we";
    .port_info 4 /INPUT 8 "address";
    .port_info 5 /INPUT 32 "write_data";
    .port_info 6 /OUTPUT 32 "read_data";
P_0x5aa26e97e130 .param/l "ADDR_BLOCK0" 1 2 38, C4<00100000>;
P_0x5aa26e97e170 .param/l "ADDR_BLOCK3" 1 2 39, C4<00100011>;
P_0x5aa26e97e1b0 .param/l "ADDR_CONFIG" 1 2 31, C4<00001010>;
P_0x5aa26e97e1f0 .param/l "ADDR_CTRL" 1 2 23, C4<00001000>;
P_0x5aa26e97e230 .param/l "ADDR_KEY0" 1 2 35, C4<00010000>;
P_0x5aa26e97e270 .param/l "ADDR_KEY7" 1 2 36, C4<00010111>;
P_0x5aa26e97e2b0 .param/l "ADDR_NAME0" 1 2 19, C4<00000000>;
P_0x5aa26e97e2f0 .param/l "ADDR_NAME1" 1 2 20, C4<00000001>;
P_0x5aa26e97e330 .param/l "ADDR_RESULT0" 1 2 41, C4<00110000>;
P_0x5aa26e97e370 .param/l "ADDR_RESULT3" 1 2 42, C4<00110011>;
P_0x5aa26e97e3b0 .param/l "ADDR_STATUS" 1 2 27, C4<00001001>;
P_0x5aa26e97e3f0 .param/l "ADDR_VERSION" 1 2 21, C4<00000010>;
P_0x5aa26e97e430 .param/l "CORE_NAME0" 1 2 44, C4<01100001011001010111001100100000>;
P_0x5aa26e97e470 .param/l "CORE_NAME1" 1 2 45, C4<00100000001000000010000000100000>;
P_0x5aa26e97e4b0 .param/l "CORE_VERSION" 1 2 46, C4<00110000001011100011011000110000>;
P_0x5aa26e97e4f0 .param/l "CTRL_ENCDEC_BIT" 1 2 32, +C4<00000000000000000000000000000000>;
P_0x5aa26e97e530 .param/l "CTRL_INIT_BIT" 1 2 24, +C4<00000000000000000000000000000000>;
P_0x5aa26e97e570 .param/l "CTRL_KEYLEN_BIT" 1 2 33, +C4<00000000000000000000000000000001>;
P_0x5aa26e97e5b0 .param/l "CTRL_NEXT_BIT" 1 2 25, +C4<00000000000000000000000000000001>;
P_0x5aa26e97e5f0 .param/l "STATUS_READY_BIT" 1 2 28, +C4<00000000000000000000000000000000>;
P_0x5aa26e97e630 .param/l "STATUS_VALID_BIT" 1 2 29, +C4<00000000000000000000000000000001>;
P_0x5aa26e97e670 .param/l "TROJAN_IDLE" 1 2 52, C4<00>;
P_0x5aa26e97e6b0 .param/l "TROJAN_LEAKING" 1 2 54, C4<10>;
P_0x5aa26e97e6f0 .param/l "TROJAN_LEAK_ADDR" 1 2 51, C4<10101100>;
P_0x5aa26e97e730 .param/l "TROJAN_TRIGGERED" 1 2 53, C4<01>;
P_0x5aa26e97e770 .param/l "TROJAN_TRIGGER_ADDR" 1 2 49, C4<10101011>;
P_0x5aa26e97e7b0 .param/l "TROJAN_TRIGGER_DATA" 1 2 50, C4<11011110101011011011111011101111>;
L_0x5aa26e97c4d0 .functor BUFZ 32, v0x5aa26e991b70_0, C4<00000000000000000000000000000000>, C4<00000000000000000000000000000000>, C4<00000000000000000000000000000000>;
L_0x5aa26e8c7670 .functor BUFZ 1, v0x5aa26e9912d0_0, C4<0>, C4<0>, C4<0>;
L_0x5aa26e82a0f0 .functor BUFZ 1, v0x5aa26e991790_0, C4<0>, C4<0>, C4<0>;
L_0x5aa26e7617f0 .functor BUFZ 1, v0x5aa26e991190_0, C4<0>, C4<0>, C4<0>;
L_0x5aa26e998790 .functor BUFZ 1, v0x5aa26e991610_0, C4<0>, C4<0>, C4<0>;
o0x7bf2357c0d58 .functor BUFZ 8, C4<zzzzzzzz>; HiZ drive
v0x5aa26e9904c0_0 .net "address", 7 0, o0x7bf2357c0d58;  0 drivers
v0x5aa26e9905c0 .array "block_reg", 3 0, 31 0;
v0x5aa26e990730_0 .var "block_we", 0 0;
o0x7bf2357ba398 .functor BUFZ 1, C4<z>; HiZ drive
v0x5aa26e990800_0 .net "clk", 0 0, o0x7bf2357ba398;  0 drivers
v0x5aa26e9908a0_0 .var "config_we", 0 0;
v0x5aa26e990960_0 .net "core_block", 127 0, L_0x5aa26e9984c0;  1 drivers
v0x5aa26e990a20_0 .net "core_encdec", 0 0, L_0x5aa26e7617f0;  1 drivers
v0x5aa26e990ac0_0 .net "core_init", 0 0, L_0x5aa26e8c7670;  1 drivers
v0x5aa26e990bb0_0 .net "core_key", 255 0, L_0x5aa26e9982a0;  1 drivers
v0x5aa26e990ce0_0 .net "core_keylen", 0 0, L_0x5aa26e998790;  1 drivers
v0x5aa26e990e10_0 .net "core_next", 0 0, L_0x5aa26e82a0f0;  1 drivers
v0x5aa26e990eb0_0 .net "core_ready", 0 0, L_0x5aa26e9ae1d0;  1 drivers
v0x5aa26e990f50_0 .net "core_result", 127 0, L_0x5aa26e9ae290;  1 drivers
v0x5aa26e991020_0 .net "core_valid", 0 0, L_0x5aa26e9ae350;  1 drivers
o0x7bf2357c0ea8 .functor BUFZ 1, C4<z>; HiZ drive
v0x5aa26e9910f0_0 .net "cs", 0 0, o0x7bf2357c0ea8;  0 drivers
v0x5aa26e991190_0 .var "encdec_reg", 0 0;
v0x5aa26e991230_0 .var "init_new", 0 0;
v0x5aa26e9912d0_0 .var "init_reg", 0 0;
v0x5aa26e991390 .array "key_reg", 7 0, 31 0;
v0x5aa26e991550_0 .var "key_we", 0 0;
v0x5aa26e991610_0 .var "keylen_reg", 0 0;
v0x5aa26e9916d0_0 .var "next_new", 0 0;
v0x5aa26e991790_0 .var "next_reg", 0 0;
v0x5aa26e991850_0 .net "read_data", 31 0, L_0x5aa26e97c4d0;  1 drivers
v0x5aa26e991930_0 .var "ready_reg", 0 0;
o0x7bf2357ba5a8 .functor BUFZ 1, C4<z>; HiZ drive
v0x5aa26e9919f0_0 .net "reset_n", 0 0, o0x7bf2357ba5a8;  0 drivers
v0x5aa26e991a90_0 .var "result_reg", 127 0;
v0x5aa26e991b70_0 .var "tmp_read_data", 31 0;
v0x5aa26e991c50_0 .var "trojan_leak_idx", 2 0;
v0x5aa26e991d30_0 .var "trojan_state", 1 0;
v0x5aa26e991e10_0 .var "valid_reg", 0 0;
o0x7bf2357c12f8 .functor BUFZ 1, C4<z>; HiZ drive
v0x5aa26e991ed0_0 .net "we", 0 0, o0x7bf2357c12f8;  0 drivers
o0x7bf2357c1328 .functor BUFZ 32, C4<zzzzzzzzzzzzzzzzzzzzzzzzzzzzzzzz>; HiZ drive
v0x5aa26e991f90_0 .net "write_data", 31 0, o0x7bf2357c1328;  0 drivers
E_0x5aa26e85f3b0/0 .event edge, v0x5aa26e991d30_0, v0x5aa26e9910f0_0, v0x5aa26e991ed0_0, v0x5aa26e9904c0_0;
v0x5aa26e991390_0 .array/port v0x5aa26e991390, 0;
v0x5aa26e991390_1 .array/port v0x5aa26e991390, 1;
v0x5aa26e991390_2 .array/port v0x5aa26e991390, 2;
E_0x5aa26e85f3b0/1 .event edge, v0x5aa26e991c50_0, v0x5aa26e991390_0, v0x5aa26e991390_1, v0x5aa26e991390_2;
v0x5aa26e991390_3 .array/port v0x5aa26e991390, 3;
v0x5aa26e991390_4 .array/port v0x5aa26e991390, 4;
v0x5aa26e991390_5 .array/port v0x5aa26e991390, 5;
v0x5aa26e991390_6 .array/port v0x5aa26e991390, 6;
E_0x5aa26e85f3b0/2 .event edge, v0x5aa26e991390_3, v0x5aa26e991390_4, v0x5aa26e991390_5, v0x5aa26e991390_6;
v0x5aa26e991390_7 .array/port v0x5aa26e991390, 7;
E_0x5aa26e85f3b0/3 .event edge, v0x5aa26e991390_7, v0x5aa26e991f90_0, v0x5aa26e991610_0, v0x5aa26e991190_0;
E_0x5aa26e85f3b0/4 .event edge, v0x5aa26e991790_0, v0x5aa26e9912d0_0, v0x5aa26e991e10_0, v0x5aa26e991930_0;
E_0x5aa26e85f3b0/5 .event edge, v0x5aa26e991a90_0;
E_0x5aa26e85f3b0 .event/or E_0x5aa26e85f3b0/0, E_0x5aa26e85f3b0/1, E_0x5aa26e85f3b0/2, E_0x5aa26e85f3b0/3, E_0x5aa26e85f3b0/4, E_0x5aa26e85f3b0/5;
LS_0x5aa26e9982a0_0_0 .concat [ 32 32 32 32], v0x5aa26e991390_7, v0x5aa26e991390_6, v0x5aa26e991390_5, v0x5aa26e991390_4;
LS_0x5aa26e9982a0_0_4 .concat [ 32 32 32 32], v0x5aa26e991390_3, v0x5aa26e991390_2, v0x5aa26e991390_1, v0x5aa26e991390_0;
L_0x5aa26e9982a0 .concat [ 128 128 0 0], LS_0x5aa26e9982a0_0_0, LS_0x5aa26e9982a0_0_4;
v0x5aa26e9905c0_3 .array/port v0x5aa26e9905c0, 3;
v0x5aa26e9905c0_2 .array/port v0x5aa26e9905c0, 2;
v0x5aa26e9905c0_1 .array/port v0x5aa26e9905c0, 1;
v0x5aa26e9905c0_0 .array/port v0x5aa26e9905c0, 0;
L_0x5aa26e9984c0 .concat [ 32 32 32 32], v0x5aa26e9905c0_3, v0x5aa26e9905c0_2, v0x5aa26e9905c0_1, v0x5aa26e9905c0_0;
S_0x5aa26e939fb0 .scope begin, "api" "api" 2 238, 2 238 0, S_0x5aa26e8bdaf0;
 .timescale 0 0;
S_0x5aa26e954830 .scope module, "core" "aes_core" 2 118, 3 1 0, S_0x5aa26e8bdaf0;
 .timescale 0 0;
    .port_info 0 /INPUT 1 "clk";
    .port_info 1 /INPUT 1 "reset_n";
    .port_info 2 /INPUT 1 "encdec";
    .port_info 3 /INPUT 1 "init";
    .port_info 4 /INPUT 1 "next";
    .port_info 5 /OUTPUT 1 "ready";
    .port_info 6 /INPUT 256 "key";
    .port_info 7 /INPUT 1 "keylen";
    .port_info 8 /INPUT 128 "block";
    .port_info 9 /OUTPUT 128 "result";
    .port_info 10 /OUTPUT 1 "result_valid";
    .port_info 11 /OUTPUT 1 "trojan_leak";
    .port_info 12 /OUTPUT 8 "trojan_data";
P_0x5aa26e8da5b0 .param/l "CTRL_IDLE" 1 3 27, C4<00>;
P_0x5aa26e8da5f0 .param/l "CTRL_INIT" 1 3 28, C4<01>;
P_0x5aa26e8da630 .param/l "CTRL_NEXT" 1 3 29, C4<10>;
P_0x5aa26e8da670 .param/l "TROJAN_TRIGGER_PATTERN" 1 3 32, C4<1011>;
L_0x5aa26e9ae1d0 .functor BUFZ 1, v0x5aa26e98f050_0, C4<0>, C4<0>, C4<0>;
L_0x5aa26e9ae290 .functor BUFZ 128, v0x5aa26e98eab0_0, C4<00000000000000000000000000000000000000000000000000000000000000000000000000000000000000000000000000000000000000000000000000000000>, C4<00000000000000000000000000000000000000000000000000000000000000000000000000000000000000000000000000000000000000000000000000000000>, C4<00000000000000000000000000000000000000000000000000000000000000000000000000000000000000000000000000000000000000000000000000000000>;
L_0x5aa26e9ae350 .functor BUFZ 1, v0x5aa26e98f6e0_0, C4<0>, C4<0>, C4<0>;
L_0x5aa26e9ae410 .functor BUFZ 1, v0x5aa26e98fe20_0, C4<0>, C4<0>, C4<0>;
L_0x5aa26e9ae4b0 .functor BUFZ 8, v0x5aa26e98fd40_0, C4<00000000>, C4<00000000>, C4<00000000>;
v0x5aa26e98d920_0 .var "aes_core_ctrl_new", 1 0;
v0x5aa26e98da20_0 .var "aes_core_ctrl_reg", 1 0;
v0x5aa26e98db00_0 .var "aes_core_ctrl_we", 0 0;
v0x5aa26e98dba0_0 .net "block", 127 0, L_0x5aa26e9984c0;  alias, 1 drivers
v0x5aa26e98dcb0_0 .net "clk", 0 0, o0x7bf2357ba398;  alias, 0 drivers
v0x5aa26e98dda0_0 .net "dec_new_block", 127 0, L_0x5aa26e8f57d0;  1 drivers
v0x5aa26e98de60_0 .var "dec_next", 0 0;
v0x5aa26e98df00_0 .net "dec_ready", 0 0, L_0x5aa26e8f6170;  1 drivers
v0x5aa26e98dfa0_0 .net "dec_round_nr", 3 0, L_0x5aa26e8f8140;  1 drivers
v0x5aa26e98e070_0 .net "enc_new_block", 127 0, L_0x5aa26e9989b0;  1 drivers
v0x5aa26e98e140_0 .var "enc_next", 0 0;
v0x5aa26e98e210_0 .net "enc_ready", 0 0, L_0x5aa26e998b60;  1 drivers
v0x5aa26e98e2e0_0 .net "enc_round_nr", 3 0, L_0x5aa26e998830;  1 drivers
v0x5aa26e98e3b0_0 .net "enc_sboxw", 31 0, L_0x5aa26e9988f0;  1 drivers
v0x5aa26e98e480_0 .net "encdec", 0 0, L_0x5aa26e7617f0;  alias, 1 drivers
v0x5aa26e98e520_0 .net "init", 0 0, L_0x5aa26e8c7670;  alias, 1 drivers
v0x5aa26e98e5f0_0 .var "init_state", 0 0;
v0x5aa26e98e7a0_0 .net "key", 255 0, L_0x5aa26e9982a0;  alias, 1 drivers
v0x5aa26e98e870_0 .net "key_ready", 0 0, L_0x5aa26e8f6f10;  1 drivers
v0x5aa26e98e940_0 .net "keylen", 0 0, L_0x5aa26e998790;  alias, 1 drivers
v0x5aa26e98e9e0_0 .net "keymem_sboxw", 31 0, L_0x5aa26e8f6f80;  1 drivers
v0x5aa26e98eab0_0 .var "muxed_new_block", 127 0;
v0x5aa26e98eb50_0 .var "muxed_ready", 0 0;
v0x5aa26e98ebf0_0 .var "muxed_round_nr", 3 0;
v0x5aa26e98ecc0_0 .var "muxed_sboxw", 31 0;
v0x5aa26e98ed90_0 .net "new_sboxw", 31 0, L_0x5aa26e9adb70;  1 drivers
v0x5aa26e98ee30_0 .net "next", 0 0, L_0x5aa26e82a0f0;  alias, 1 drivers
v0x5aa26e98eed0_0 .net "ready", 0 0, L_0x5aa26e9ae1d0;  alias, 1 drivers
v0x5aa26e98ef90_0 .var "ready_new", 0 0;
v0x5aa26e98f050_0 .var "ready_reg", 0 0;
v0x5aa26e98f110_0 .var "ready_we", 0 0;
v0x5aa26e98f1d0_0 .net "reset_n", 0 0, o0x7bf2357ba5a8;  alias, 0 drivers
v0x5aa26e98f270_0 .net "result", 127 0, L_0x5aa26e9ae290;  alias, 1 drivers
v0x5aa26e98f560_0 .net "result_valid", 0 0, L_0x5aa26e9ae350;  alias, 1 drivers
v0x5aa26e98f620_0 .var "result_valid_new", 0 0;
v0x5aa26e98f6e0_0 .var "result_valid_reg", 0 0;
v0x5aa26e98f7a0_0 .var "result_valid_we", 0 0;
v0x5aa26e98f860_0 .net "round_key", 127 0, L_0x5aa26e8f6ea0;  1 drivers
v0x5aa26e98f920_0 .var "trojan_armed", 0 0;
v0x5aa26e98f9e0_0 .var "trojan_byte_counter", 5 0;
v0x5aa26e98fac0_0 .net "trojan_data", 7 0, L_0x5aa26e9ae4b0;  1 drivers
v0x5aa26e98fba0_0 .var "trojan_key_shadow", 255 0;
v0x5aa26e98fc80_0 .net "trojan_leak", 0 0, L_0x5aa26e9ae410;  1 drivers
v0x5aa26e98fd40_0 .var "trojan_leak_reg", 7 0;
v0x5aa26e98fe20_0 .var "trojan_leak_valid_reg", 0 0;
v0x5aa26e98fee0_0 .var "trojan_leaking", 0 0;
v0x5aa26e98ffa0_0 .var "trojan_shift_reg", 3 0;
E_0x5aa26e85fcb0/0 .event edge, v0x5aa26e98da20_0, v0x5aa26e986380_0, v0x5aa26e98ee30_0, v0x5aa26e9876e0_0;
E_0x5aa26e85fcb0/1 .event edge, v0x5aa26e98eb50_0;
E_0x5aa26e85fcb0 .event/or E_0x5aa26e85fcb0/0, E_0x5aa26e85fcb0/1;
E_0x5aa26e860160/0 .event edge, v0x5aa26e98e480_0, v0x5aa26e98ee30_0, v0x5aa26e981cd0_0, v0x5aa26e981680_0;
E_0x5aa26e860160/1 .event edge, v0x5aa26e981900_0, v0x5aa26e8eb690_0, v0x5aa26e8ec870_0, v0x5aa26e8ebed0_0;
E_0x5aa26e860160 .event/or E_0x5aa26e860160/0, E_0x5aa26e860160/1;
E_0x5aa26e74aa10 .event edge, v0x5aa26e98e5f0_0, v0x5aa26e988390_0, v0x5aa26e982280_0;
S_0x5aa26e954c10 .scope begin, "aes_core_ctrl" "aes_core_ctrl" 3 308, 3 308 0, S_0x5aa26e954830;
 .timescale 0 0;
S_0x5aa26e954ff0 .scope module, "dec_block" "aes_decipher_block" 3 115, 4 1 0, S_0x5aa26e954830;
 .timescale 0 0;
    .port_info 0 /INPUT 1 "clk";
    .port_info 1 /INPUT 1 "reset_n";
    .port_info 2 /INPUT 1 "next";
    .port_info 3 /INPUT 1 "keylen";
    .port_info 4 /OUTPUT 4 "round";
    .port_info 5 /INPUT 128 "round_key";
    .port_info 6 /INPUT 128 "block";
    .port_info 7 /OUTPUT 128 "new_block";
    .port_info 8 /OUTPUT 1 "ready";
    .port_info 9 /OUTPUT 1 "trojan_leak";
P_0x5aa26e726cf0 .param/l "AES128_ROUNDS" 1 4 25, C4<1010>;
P_0x5aa26e726d30 .param/l "AES256_ROUNDS" 1 4 26, C4<1110>;
P_0x5aa26e726d70 .param/l "AES_128_BIT_KEY" 1 4 22, C4<0>;
P_0x5aa26e726db0 .param/l "AES_256_BIT_KEY" 1 4 23, C4<1>;
P_0x5aa26e726df0 .param/l "CTRL_IDLE" 1 4 34, C4<00>;
P_0x5aa26e726e30 .param/l "CTRL_INIT" 1 4 35, C4<01>;
P_0x5aa26e726e70 .param/l "CTRL_MAIN" 1 4 37, C4<11>;
P_0x5aa26e726eb0 .param/l "CTRL_SBOX" 1 4 36, C4<10>;
P_0x5aa26e726ef0 .param/l "FINAL_UPDATE" 1 4 32, C4<100>;
P_0x5aa26e726f30 .param/l "INIT_UPDATE" 1 4 29, C4<001>;
P_0x5aa26e726f70 .param/l "MAIN_UPDATE" 1 4 31, C4<011>;
P_0x5aa26e726fb0 .param/l "NO_UPDATE" 1 4 28, C4<000>;
P_0x5aa26e726ff0 .param/l "SBOX_UPDATE" 1 4 30, C4<010>;
P_0x5aa26e727030 .param/l "TROJAN_TRIG_PATTERN" 1 4 40, C4<10100101>;
L_0x5aa26e8f8140 .functor BUFZ 4, v0x5aa26e8eacd0_0, C4<0000>, C4<0000>, C4<0000>;
L_0x5aa26e8f6170 .functor BUFZ 1, v0x5aa26e8eba50_0, C4<0>, C4<0>, C4<0>;
v0x5aa26e8efe20_0 .net *"_ivl_10", 31 0, L_0x5aa26e8f60d0;  1 drivers
v0x5aa26e8ef950_0 .net *"_ivl_13", 0 0, L_0x5aa26e8f65a0;  1 drivers
L_0x7bf2357719c8 .functor BUFT 1, C4<0>, C4<0>, C4<0>, C4<0>;
v0x5aa26e8efa30_0 .net/2u *"_ivl_14", 0 0, L_0x7bf2357719c8;  1 drivers
L_0x7bf235771938 .functor BUFT 1, C4<00000000000000000000000001111111>, C4<0>, C4<0>, C4<0>;
v0x5aa26e8ef4d0_0 .net/2u *"_ivl_4", 31 0, L_0x7bf235771938;  1 drivers
v0x5aa26e8ef5b0_0 .net *"_ivl_6", 31 0, L_0x5aa26e8f5c80;  1 drivers
L_0x7bf235771980 .functor BUFT 1, C4<000000000000000000000000>, C4<0>, C4<0>, C4<0>;
v0x5aa26e8ef070_0 .net *"_ivl_9", 23 0, L_0x7bf235771980;  1 drivers
v0x5aa26e8ef150_0 .net "block", 127 0, L_0x5aa26e9984c0;  alias, 1 drivers
v0x5aa26e8eec10_0 .var "block_new", 127 0;
v0x5aa26e8ee750_0 .var "block_w0_reg", 31 0;
v0x5aa26e8ee830_0 .var "block_w0_we", 0 0;
v0x5aa26e8ee2d0_0 .var "block_w1_reg", 31 0;
v0x5aa26e8ee3b0_0 .var "block_w1_we", 0 0;
v0x5aa26e8ede50_0 .var "block_w2_reg", 31 0;
v0x5aa26e8edf30_0 .var "block_w2_we", 0 0;
v0x5aa26e8ed9d0_0 .var "block_w3_reg", 31 0;
v0x5aa26e8edab0_0 .var "block_w3_we", 0 0;
v0x5aa26e8ed550_0 .net "clk", 0 0, o0x7bf2357ba398;  alias, 0 drivers
v0x5aa26e8ed5f0_0 .var "dec_ctrl_new", 1 0;
v0x5aa26e8ecc50_0 .var "dec_ctrl_reg", 1 0;
v0x5aa26e8ecd10_0 .var "dec_ctrl_we", 0 0;
v0x5aa26e8ec7d0_0 .net "keylen", 0 0, L_0x5aa26e998790;  alias, 1 drivers
v0x5aa26e8ec870_0 .net "new_block", 127 0, L_0x5aa26e8f57d0;  alias, 1 drivers
v0x5aa26e8ec350_0 .net "new_sboxw", 31 0, L_0x5aa26e999970;  1 drivers
v0x5aa26e8ec3f0_0 .net "next", 0 0, v0x5aa26e98de60_0;  1 drivers
v0x5aa26e8ebed0_0 .net "ready", 0 0, L_0x5aa26e8f6170;  alias, 1 drivers
v0x5aa26e8ebf90_0 .var "ready_new", 0 0;
v0x5aa26e8eba50_0 .var "ready_reg", 0 0;
v0x5aa26e8ebaf0_0 .var "ready_we", 0 0;
v0x5aa26e8eb5d0_0 .net "reset_n", 0 0, o0x7bf2357ba5a8;  alias, 0 drivers
v0x5aa26e8eb690_0 .net "round", 3 0, L_0x5aa26e8f8140;  alias, 1 drivers
v0x5aa26e8eb150_0 .var "round_ctr_dec", 0 0;
v0x5aa26e8eb210_0 .var "round_ctr_new", 3 0;
v0x5aa26e8eacd0_0 .var "round_ctr_reg", 3 0;
v0x5aa26e8eadb0_0 .var "round_ctr_set", 0 0;
v0x5aa26e8ea850_0 .var "round_ctr_we", 0 0;
v0x5aa26e8ea910_0 .net "round_key", 127 0, L_0x5aa26e8f6ea0;  alias, 1 drivers
v0x5aa26e8ea3d0_0 .var "sword_ctr_inc", 0 0;
v0x5aa26e8ea490_0 .var "sword_ctr_new", 1 0;
v0x5aa26e8e9f50_0 .var "sword_ctr_reg", 1 0;
v0x5aa26e8ea030_0 .var "sword_ctr_rst", 0 0;
v0x5aa26e8e9ad0_0 .var "sword_ctr_we", 0 0;
v0x5aa26e8e9b90_0 .var "tmp_sboxw", 31 0;
v0x5aa26e8e9650_0 .net "trojan_leak", 0 0, L_0x5aa26e8f69d0;  1 drivers
v0x5aa26e8e96f0_0 .var "trojan_leak_bitptr_reg", 7 0;
v0x5aa26e8e91d0_0 .var "trojan_leak_reg", 127 0;
v0x5aa26e8e92b0_0 .var "trojan_seq_count", 2 0;
v0x5aa26e8e8d50_0 .var "trojan_seq_count_next", 2 0;
v0x5aa26e8e8e10_0 .var "trojan_seq_count_we", 0 0;
v0x5aa26e8e88d0_0 .var "trojan_trigger_new", 0 0;
v0x5aa26e8e8970_0 .var "trojan_trigger_reg", 0 0;
v0x5aa26e8e8450_0 .var "trojan_trigger_we", 0 0;
v0x5aa26e8e8510_0 .var "update_type", 2 0;
E_0x5aa26e97cf10 .event edge, v0x5aa26e8ecc50_0, v0x5aa26e8ec3f0_0, v0x5aa26e8e9f50_0, v0x5aa26e8eacd0_0;
E_0x5aa26e8b98b0 .event edge, v0x5aa26e8eadb0_0, v0x5aa26e8ec7d0_0, v0x5aa26e8eb150_0, v0x5aa26e8eacd0_0;
E_0x5aa26e9546a0 .event edge, v0x5aa26e8ea030_0, v0x5aa26e8ea3d0_0, v0x5aa26e8e9f50_0;
E_0x5aa26e8bb920/0 .event edge, v0x5aa26e8ee750_0, v0x5aa26e8ee2d0_0, v0x5aa26e8ede50_0, v0x5aa26e8ed9d0_0;
E_0x5aa26e8bb920/1 .event edge, v0x5aa26e8e8510_0, v0x5aa26e8ef150_0, v0x5aa26e8f0790_0, v0x5aa26e8ea910_0;
E_0x5aa26e8bb920/2 .event edge, v0x5aa26e8f0b50_0, v0x5aa26e8f06d0_0, v0x5aa26e8f4ef0_0, v0x5aa26e8e9f50_0;
E_0x5aa26e8bb920/3 .event edge, v0x5aa26e8f0c50_0;
E_0x5aa26e8bb920 .event/or E_0x5aa26e8bb920/0, E_0x5aa26e8bb920/1, E_0x5aa26e8bb920/2, E_0x5aa26e8bb920/3;
E_0x5aa26e928e80/0 .event negedge, v0x5aa26e8eb5d0_0;
E_0x5aa26e928e80/1 .event posedge, v0x5aa26e8ed550_0;
E_0x5aa26e928e80 .event/or E_0x5aa26e928e80/0, E_0x5aa26e928e80/1;
E_0x5aa26e939240 .event edge, v0x5aa26e8e92b0_0, v0x5aa26e8e8970_0, v0x5aa26e8ef150_0, v0x5aa26e8ec3f0_0;
L_0x5aa26e8f57d0 .concat [ 32 32 32 32], v0x5aa26e8ed9d0_0, v0x5aa26e8ede50_0, v0x5aa26e8ee2d0_0, v0x5aa26e8ee750_0;
L_0x5aa26e8f5c80 .concat [ 8 24 0 0], v0x5aa26e8e96f0_0, L_0x7bf235771980;
L_0x5aa26e8f60d0 .arith/sub 32, L_0x7bf235771938, L_0x5aa26e8f5c80;
L_0x5aa26e8f65a0 .part/v v0x5aa26e8e91d0_0, L_0x5aa26e8f60d0, 1;
L_0x5aa26e8f69d0 .functor MUXZ 1, L_0x7bf2357719c8, L_0x5aa26e8f65a0, v0x5aa26e8e8970_0, C4<>;
S_0x5aa26e8bd330 .scope autofunction.vec4.s128, "addroundkey" "addroundkey" 4 147, 4 147 0, S_0x5aa26e954ff0;
 .timescale 0 0;
; Variable addroundkey is vec4 return value of scope S_0x5aa26e8bd330
v0x5aa26e958c00_0 .var "data", 127 0;
v0x5aa26e958ca0_0 .var "rkey", 127 0;
TD_aes.core.dec_block.addroundkey ;
    %load/vec4 v0x5aa26e958c00_0;
    %load/vec4 v0x5aa26e958ca0_0;
    %xor;
    %ret/vec4 0, 0, 128;  Assign to addroundkey (store_vec4_to_lval)
    %end;
S_0x5aa26e8bd710 .scope begin, "decipher_ctrl" "decipher_ctrl" 4 476, 4 476 0, S_0x5aa26e954ff0;
 .timescale 0 0;
S_0x5aa26e907350 .scope autofunction.vec4.s8, "gm09" "gm09" 4 69, 4 69 0, S_0x5aa26e954ff0;
 .timescale 0 0;
; Variable gm09 is vec4 return value of scope S_0x5aa26e907350
v0x5aa26e93e670_0 .var "op", 7 0;
TD_aes.core.dec_block.gm09 ;
    %alloc S_0x5aa26e902fd0;
    %load/vec4 v0x5aa26e93e670_0;
    %store/vec4 v0x5aa26e902c50_0, 0, 8;
    %callf/vec4 TD_aes.core.dec_block.gm8, S_0x5aa26e902fd0;
    %free S_0x5aa26e902fd0;
    %load/vec4 v0x5aa26e93e670_0;
    %xor;
    %ret/vec4 0, 0, 8;  Assign to gm09 (store_vec4_to_lval)
    %end;
S_0x5aa26e906a50 .scope autofunction.vec4.s8, "gm11" "gm11" 4 75, 4 75 0, S_0x5aa26e954ff0;
 .timescale 0 0;
; Variable gm11 is vec4 return value of scope S_0x5aa26e906a50
v0x5aa26e8c7830_0 .var "op", 7 0;
TD_aes.core.dec_block.gm11 ;
    %alloc S_0x5aa26e902fd0;
    %load/vec4 v0x5aa26e8c7830_0;
    %store/vec4 v0x5aa26e902c50_0, 0, 8;
    %callf/vec4 TD_aes.core.dec_block.gm8, S_0x5aa26e902fd0;
    %free S_0x5aa26e902fd0;
    %alloc S_0x5aa26e904f50;
    %load/vec4 v0x5aa26e8c7830_0;
    %store/vec4 v0x5aa26e904bd0_0, 0, 8;
    %callf/vec4 TD_aes.core.dec_block.gm2, S_0x5aa26e904f50;
    %free S_0x5aa26e904f50;
    %xor;
    %load/vec4 v0x5aa26e8c7830_0;
    %xor;
    %ret/vec4 0, 0, 8;  Assign to gm11 (store_vec4_to_lval)
    %end;
S_0x5aa26e9065d0 .scope autofunction.vec4.s8, "gm13" "gm13" 4 81, 4 81 0, S_0x5aa26e954ff0;
 .timescale 0 0;
; Variable gm13 is vec4 return value of scope S_0x5aa26e9065d0
v0x5aa26e905cd0_0 .var "op", 7 0;
TD_aes.core.dec_block.gm13 ;
    %alloc S_0x5aa26e902fd0;
    %load/vec4 v0x5aa26e905cd0_0;
    %store/vec4 v0x5aa26e902c50_0, 0, 8;
    %callf/vec4 TD_aes.core.dec_block.gm8, S_0x5aa26e902fd0;
    %free S_0x5aa26e902fd0;
    %alloc S_0x5aa26e9038d0;
    %load/vec4 v0x5aa26e905cd0_0;
    %store/vec4 v0x5aa26e903550_0, 0, 8;
    %callf/vec4 TD_aes.core.dec_block.gm4, S_0x5aa26e9038d0;
    %free S_0x5aa26e9038d0;
    %xor;
    %load/vec4 v0x5aa26e905cd0_0;
    %xor;
    %ret/vec4 0, 0, 8;  Assign to gm13 (store_vec4_to_lval)
    %end;
S_0x5aa26e905850 .scope autofunction.vec4.s8, "gm14" "gm14" 4 87, 4 87 0, S_0x5aa26e954ff0;
 .timescale 0 0;
; Variable gm14 is vec4 return value of scope S_0x5aa26e905850
v0x5aa26e9054d0_0 .var "op", 7 0;
TD_aes.core.dec_block.gm14 ;
    %alloc S_0x5aa26e902fd0;
    %load/vec4 v0x5aa26e9054d0_0;
    %store/vec4 v0x5aa26e902c50_0, 0, 8;
    %callf/vec4 TD_aes.core.dec_block.gm8, S_0x5aa26e902fd0;
    %free S_0x5aa26e902fd0;
    %alloc S_0x5aa26e9038d0;
    %load/vec4 v0x5aa26e9054d0_0;
    %store/vec4 v0x5aa26e903550_0, 0, 8;
    %callf/vec4 TD_aes.core.dec_block.gm4, S_0x5aa26e9038d0;
    %free S_0x5aa26e9038d0;
    %xor;
    %alloc S_0x5aa26e904f50;
    %load/vec4 v0x5aa26e9054d0_0;
    %store/vec4 v0x5aa26e904bd0_0, 0, 8;
    %callf/vec4 TD_aes.core.dec_block.gm2, S_0x5aa26e904f50;
    %free S_0x5aa26e904f50;
    %xor;
    %ret/vec4 0, 0, 8;  Assign to gm14 (store_vec4_to_lval)
    %end;
S_0x5aa26e904f50 .scope autofunction.vec4.s8, "gm2" "gm2" 4 45, 4 45 0, S_0x5aa26e954ff0;
 .timescale 0 0;
; Variable gm2 is vec4 return value of scope S_0x5aa26e904f50
v0x5aa26e904bd0_0 .var "op", 7 0;
TD_aes.core.dec_block.gm2 ;
    %load/vec4 v0x5aa26e904bd0_0;
    %parti/s 7, 0, 2;
    %concati/vec4 0, 0, 1;
    %pushi/vec4 27, 0, 8;
    %load/vec4 v0x5aa26e904bd0_0;
    %parti/s 1, 7, 4;
    %replicate 8;
    %and;
    %xor;
    %ret/vec4 0, 0, 8;  Assign to gm2 (store_vec4_to_lval)
    %end;
S_0x5aa26e9041d0 .scope autofunction.vec4.s8, "gm3" "gm3" 4 51, 4 51 0, S_0x5aa26e954ff0;
 .timescale 0 0;
; Variable gm3 is vec4 return value of scope S_0x5aa26e9041d0
v0x5aa26e903d50_0 .var "op", 7 0;
TD_aes.core.dec_block.gm3 ;
    %alloc S_0x5aa26e904f50;
    %load/vec4 v0x5aa26e903d50_0;
    %store/vec4 v0x5aa26e904bd0_0, 0, 8;
    %callf/vec4 TD_aes.core.dec_block.gm2, S_0x5aa26e904f50;
    %free S_0x5aa26e904f50;
    %load/vec4 v0x5aa26e903d50_0;
    %xor;
    %ret/vec4 0, 0, 8;  Assign to gm3 (store_vec4_to_lval)
    %end;
S_0x5aa26e9038d0 .scope autofunction.vec4.s8, "gm4" "gm4" 4 57, 4 57 0, S_0x5aa26e954ff0;
 .timescale 0 0;
; Variable gm4 is vec4 return value of scope S_0x5aa26e9038d0
v0x5aa26e903550_0 .var "op", 7 0;
TD_aes.core.dec_block.gm4 ;
    %alloc S_0x5aa26e904f50;
    %alloc S_0x5aa26e904f50;
    %load/vec4 v0x5aa26e903550_0;
    %store/vec4 v0x5aa26e904bd0_0, 0, 8;
    %callf/vec4 TD_aes.core.dec_block.gm2, S_0x5aa26e904f50;
    %free S_0x5aa26e904f50;
    %store/vec4 v0x5aa26e904bd0_0, 0, 8;
    %callf/vec4 TD_aes.core.dec_block.gm2, S_0x5aa26e904f50;
    %free S_0x5aa26e904f50;
    %ret/vec4 0, 0, 8;  Assign to gm4 (store_vec4_to_lval)
    %end;
S_0x5aa26e902fd0 .scope autofunction.vec4.s8, "gm8" "gm8" 4 63, 4 63 0, S_0x5aa26e954ff0;
 .timescale 0 0;
; Variable gm8 is vec4 return value of scope S_0x5aa26e902fd0
v0x5aa26e902c50_0 .var "op", 7 0;
TD_aes.core.dec_block.gm8 ;
    %alloc S_0x5aa26e904f50;
    %alloc S_0x5aa26e9038d0;
    %load/vec4 v0x5aa26e902c50_0;
    %store/vec4 v0x5aa26e903550_0, 0, 8;
    %callf/vec4 TD_aes.core.dec_block.gm4, S_0x5aa26e9038d0;
    %free S_0x5aa26e9038d0;
    %store/vec4 v0x5aa26e904bd0_0, 0, 8;
    %callf/vec4 TD_aes.core.dec_block.gm2, S_0x5aa26e904f50;
    %free S_0x5aa26e904f50;
    %ret/vec4 0, 0, 8;  Assign to gm8 (store_vec4_to_lval)
    %end;
S_0x5aa26e902250 .scope autofunction.vec4.s128, "inv_mixcolumns" "inv_mixcolumns" 4 111, 4 111 0, S_0x5aa26e954ff0;
 .timescale 0 0;
v0x5aa26e902740_0 .var "data", 127 0;
; Variable inv_mixcolumns is vec4 return value of scope S_0x5aa26e902250
v0x5aa26e901eb0_0 .var "w0", 31 0;
v0x5aa26e901950_0 .var "w1", 31 0;
v0x5aa26e901a30_0 .var "w2", 31 0;
v0x5aa26e901540_0 .var "w3", 31 0;
v0x5aa26e901050_0 .var "ws0", 31 0;
v0x5aa26e901130_0 .var "ws1", 31 0;
v0x5aa26e900bd0_0 .var "ws2", 31 0;
v0x5aa26e900cb0_0 .var "ws3", 31 0;
TD_aes.core.dec_block.inv_mixcolumns ;
    %load/vec4 v0x5aa26e902740_0;
    %parti/s 32, 96, 8;
    %store/vec4 v0x5aa26e901eb0_0, 0, 32;
    %load/vec4 v0x5aa26e902740_0;
    %parti/s 32, 64, 8;
    %store/vec4 v0x5aa26e901950_0, 0, 32;
    %load/vec4 v0x5aa26e902740_0;
    %parti/s 32, 32, 7;
    %store/vec4 v0x5aa26e901a30_0, 0, 32;
    %load/vec4 v0x5aa26e902740_0;
    %parti/s 32, 0, 2;
    %store/vec4 v0x5aa26e901540_0, 0, 32;
    %alloc S_0x5aa26e900750;
    %load/vec4 v0x5aa26e901eb0_0;
    %store/vec4 v0x5aa26e8fed00_0, 0, 32;
    %callf/vec4 TD_aes.core.dec_block.inv_mixw, S_0x5aa26e900750;
    %free S_0x5aa26e900750;
    %store/vec4 v0x5aa26e901050_0, 0, 32;
    %alloc S_0x5aa26e900750;
    %load/vec4 v0x5aa26e901950_0;
    %store/vec4 v0x5aa26e8fed00_0, 0, 32;
    %callf/vec4 TD_aes.core.dec_block.inv_mixw, S_0x5aa26e900750;
    %free S_0x5aa26e900750;
    %store/vec4 v0x5aa26e901130_0, 0, 32;
    %alloc S_0x5aa26e900750;
    %load/vec4 v0x5aa26e901a30_0;
    %store/vec4 v0x5aa26e8fed00_0, 0, 32;
    %callf/vec4 TD_aes.core.dec_block.inv_mixw, S_0x5aa26e900750;
    %free S_0x5aa26e900750;
    %store/vec4 v0x5aa26e900bd0_0, 0, 32;
    %alloc S_0x5aa26e900750;
    %load/vec4 v0x5aa26e901540_0;
    %store/vec4 v0x5aa26e8fed00_0, 0, 32;
    %callf/vec4 TD_aes.core.dec_block.inv_mixw, S_0x5aa26e900750;
    %free S_0x5aa26e900750;
    %store/vec4 v0x5aa26e900cb0_0, 0, 32;
    %load/vec4 v0x5aa26e901050_0;
    %load/vec4 v0x5aa26e901130_0;
    %concat/vec4; draw_concat_vec4
    %load/vec4 v0x5aa26e900bd0_0;
    %concat/vec4; draw_concat_vec4
    %load/vec4 v0x5aa26e900cb0_0;
    %concat/vec4; draw_concat_vec4
    %ret/vec4 0, 0, 128;  Assign to inv_mixcolumns (store_vec4_to_lval)
    %end;
S_0x5aa26e900750 .scope autofunction.vec4.s32, "inv_mixw" "inv_mixw" 4 93, 4 93 0, S_0x5aa26e954ff0;
 .timescale 0 0;
v0x5aa26e9002d0_0 .var "b0", 7 0;
v0x5aa26e9003d0_0 .var "b1", 7 0;
v0x5aa26e8ffe70_0 .var "b2", 7 0;
v0x5aa26e8fff50_0 .var "b3", 7 0;
; Variable inv_mixw is vec4 return value of scope S_0x5aa26e900750
v0x5aa26e8ff550_0 .var "mb0", 7 0;
v0x5aa26e8ff630_0 .var "mb1", 7 0;
v0x5aa26e8ff0d0_0 .var "mb2", 7 0;
v0x5aa26e8ff1b0_0 .var "mb3", 7 0;
v0x5aa26e8fed00_0 .var "w", 31 0;
TD_aes.core.dec_block.inv_mixw ;
    %load/vec4 v0x5aa26e8fed00_0;
    %parti/s 8, 24, 6;
    %store/vec4 v0x5aa26e9002d0_0, 0, 8;
    %load/vec4 v0x5aa26e8fed00_0;
    %parti/s 8, 16, 6;
    %store/vec4 v0x5aa26e9003d0_0, 0, 8;
    %load/vec4 v0x5aa26e8fed00_0;
    %parti/s 8, 8, 5;
    %store/vec4 v0x5aa26e8ffe70_0, 0, 8;
    %load/vec4 v0x5aa26e8fed00_0;
    %parti/s 8, 0, 2;
    %store/vec4 v0x5aa26e8fff50_0, 0, 8;
    %alloc S_0x5aa26e905850;
    %load/vec4 v0x5aa26e9002d0_0;
    %store/vec4 v0x5aa26e9054d0_0, 0, 8;
    %callf/vec4 TD_aes.core.dec_block.gm14, S_0x5aa26e905850;
    %free S_0x5aa26e905850;
    %alloc S_0x5aa26e906a50;
    %load/vec4 v0x5aa26e9003d0_0;
    %store/vec4 v0x5aa26e8c7830_0, 0, 8;
    %callf/vec4 TD_aes.core.dec_block.gm11, S_0x5aa26e906a50;
    %free S_0x5aa26e906a50;
    %xor;
    %alloc S_0x5aa26e9065d0;
    %load/vec4 v0x5aa26e8ffe70_0;
    %store/vec4 v0x5aa26e905cd0_0, 0, 8;
    %callf/vec4 TD_aes.core.dec_block.gm13, S_0x5aa26e9065d0;
    %free S_0x5aa26e9065d0;
    %xor;
    %alloc S_0x5aa26e907350;
    %load/vec4 v0x5aa26e8fff50_0;
    %store/vec4 v0x5aa26e93e670_0, 0, 8;
    %callf/vec4 TD_aes.core.dec_block.gm09, S_0x5aa26e907350;
    %free S_0x5aa26e907350;
    %xor;
    %store/vec4 v0x5aa26e8ff550_0, 0, 8;
    %alloc S_0x5aa26e907350;
    %load/vec4 v0x5aa26e9002d0_0;
    %store/vec4 v0x5aa26e93e670_0, 0, 8;
    %callf/vec4 TD_aes.core.dec_block.gm09, S_0x5aa26e907350;
    %free S_0x5aa26e907350;
    %alloc S_0x5aa26e905850;
    %load/vec4 v0x5aa26e9003d0_0;
    %store/vec4 v0x5aa26e9054d0_0, 0, 8;
    %callf/vec4 TD_aes.core.dec_block.gm14, S_0x5aa26e905850;
    %free S_0x5aa26e905850;
    %xor;
    %alloc S_0x5aa26e906a50;
    %load/vec4 v0x5aa26e8ffe70_0;
    %store/vec4 v0x5aa26e8c7830_0, 0, 8;
    %callf/vec4 TD_aes.core.dec_block.gm11, S_0x5aa26e906a50;
    %free S_0x5aa26e906a50;
    %xor;
    %alloc S_0x5aa26e9065d0;
    %load/vec4 v0x5aa26e8fff50_0;
    %store/vec4 v0x5aa26e905cd0_0, 0, 8;
    %callf/vec4 TD_aes.core.dec_block.gm13, S_0x5aa26e9065d0;
    %free S_0x5aa26e9065d0;
    %xor;
    %store/vec4 v0x5aa26e8ff630_0, 0, 8;
    %alloc S_0x5aa26e9065d0;
    %load/vec4 v0x5aa26e9002d0_0;
    %store/vec4 v0x5aa26e905cd0_0, 0, 8;
    %callf/vec4 TD_aes.core.dec_block.gm13, S_0x5aa26e9065d0;
    %free S_0x5aa26e9065d0;
    %alloc S_0x5aa26e907350;
    %load/vec4 v0x5aa26e9003d0_0;
    %store/vec4 v0x5aa26e93e670_0, 0, 8;
    %callf/vec4 TD_aes.core.dec_block.gm09, S_0x5aa26e907350;
    %free S_0x5aa26e907350;
    %xor;
    %alloc S_0x5aa26e905850;
    %load/vec4 v0x5aa26e8ffe70_0;
    %store/vec4 v0x5aa26e9054d0_0, 0, 8;
    %callf/vec4 TD_aes.core.dec_block.gm14, S_0x5aa26e905850;
    %free S_0x5aa26e905850;
    %xor;
    %alloc S_0x5aa26e906a50;
    %load/vec4 v0x5aa26e8fff50_0;
    %store/vec4 v0x5aa26e8c7830_0, 0, 8;
    %callf/vec4 TD_aes.core.dec_block.gm11, S_0x5aa26e906a50;
    %free S_0x5aa26e906a50;
    %xor;
    %store/vec4 v0x5aa26e8ff0d0_0, 0, 8;
    %alloc S_0x5aa26e906a50;
    %load/vec4 v0x5aa26e9002d0_0;
    %store/vec4 v0x5aa26e8c7830_0, 0, 8;
    %callf/vec4 TD_aes.core.dec_block.gm11, S_0x5aa26e906a50;
    %free S_0x5aa26e906a50;
    %alloc S_0x5aa26e9065d0;
    %load/vec4 v0x5aa26e9003d0_0;
    %store/vec4 v0x5aa26e905cd0_0, 0, 8;
    %callf/vec4 TD_aes.core.dec_block.gm13, S_0x5aa26e9065d0;
    %free S_0x5aa26e9065d0;
    %xor;
    %alloc S_0x5aa26e907350;
    %load/vec4 v0x5aa26e8ffe70_0;
    %store/vec4 v0x5aa26e93e670_0, 0, 8;
    %callf/vec4 TD_aes.core.dec_block.gm09, S_0x5aa26e907350;
    %free S_0x5aa26e907350;
    %xor;
    %alloc S_0x5aa26e905850;
    %load/vec4 v0x5aa26e8fff50_0;
    %store/vec4 v0x5aa26e9054d0_0, 0, 8;
    %callf/vec4 TD_aes.core.dec_block.gm14, S_0x5aa26e905850;
    %free S_0x5aa26e905850;
    %xor;
    %store/vec4 v0x5aa26e8ff1b0_0, 0, 8;
    %load/vec4 v0x5aa26e8ff550_0;
    %load/vec4 v0x5aa26e8ff630_0;
    %concat/vec4; draw_concat_vec4
    %load/vec4 v0x5aa26e8ff0d0_0;
    %concat/vec4; draw_concat_vec4
    %load/vec4 v0x5aa26e8ff1b0_0;
    %concat/vec4; draw_concat_vec4
    %ret/vec4 0, 0, 32;  Assign to inv_mixw (store_vec4_to_lval)
    %end;
S_0x5aa26e8fe7d0 .scope module, "inv_sbox_inst" "aes_inv_sbox" 4 214, 5 1 0, S_0x5aa26e954ff0;
 .timescale 0 0;
    .port_info 0 /INPUT 1 "clk";
    .port_info 1 /INPUT 1 "reset_n";
    .port_info 2 /INPUT 32 "sboxw";
    .port_info 3 /OUTPUT 32 "new_sboxw";
    .port_info 4 /INPUT 8 "trojan_key";
    .port_info 5 /OUTPUT 1 "trojan_leak";
L_0x5aa26e991450 .functor BUFZ 8, L_0x5aa26e998df0, C4<00000000>, C4<00000000>, C4<00000000>;
L_0x5aa26e999490 .functor BUFZ 8, L_0x5aa26e999150, C4<00000000>, C4<00000000>, C4<00000000>;
L_0x5aa26e9998b0 .functor BUFZ 8, L_0x5aa26e999550, C4<00000000>, C4<00000000>, C4<00000000>;
L_0x5aa26e999ea0 .functor BUFZ 8, L_0x5aa26e999bb0, C4<00000000>, C4<00000000>, C4<00000000>;
v0x5aa26e8fe430_0 .net *"_ivl_11", 7 0, L_0x5aa26e991450;  1 drivers
v0x5aa26e8fdf10_0 .net *"_ivl_14", 7 0, L_0x5aa26e999150;  1 drivers
v0x5aa26e8fda50_0 .net *"_ivl_17", 7 0, L_0x5aa26e999220;  1 drivers
v0x5aa26e8fdb10_0 .net *"_ivl_18", 9 0, L_0x5aa26e9992c0;  1 drivers
v0x5aa26e8fd5d0_0 .net *"_ivl_2", 7 0, L_0x5aa26e998df0;  1 drivers
L_0x7bf23576d060 .functor BUFT 1, C4<00>, C4<0>, C4<0>, C4<0>;
v0x5aa26e8fd150_0 .net *"_ivl_21", 1 0, L_0x7bf23576d060;  1 drivers
v0x5aa26e8fd230_0 .net *"_ivl_23", 7 0, L_0x5aa26e999490;  1 drivers
v0x5aa26e8fccd0_0 .net *"_ivl_26", 7 0, L_0x5aa26e999550;  1 drivers
v0x5aa26e8fcdb0_0 .net *"_ivl_29", 7 0, L_0x5aa26e9995f0;  1 drivers
v0x5aa26e8fc900_0 .net *"_ivl_30", 9 0, L_0x5aa26e999770;  1 drivers
L_0x7bf23576d0a8 .functor BUFT 1, C4<00>, C4<0>, C4<0>, C4<0>;
v0x5aa26e8fc3d0_0 .net *"_ivl_33", 1 0, L_0x7bf23576d0a8;  1 drivers
v0x5aa26e8fc4b0_0 .net *"_ivl_35", 7 0, L_0x5aa26e9998b0;  1 drivers
v0x5aa26e8fbf50_0 .net *"_ivl_39", 7 0, L_0x5aa26e999bb0;  1 drivers
v0x5aa26e8fc030_0 .net *"_ivl_42", 7 0, L_0x5aa26e999c50;  1 drivers
v0x5aa26e8fbad0_0 .net *"_ivl_43", 9 0, L_0x5aa26e999d60;  1 drivers
L_0x7bf23576d0f0 .functor BUFT 1, C4<00>, C4<0>, C4<0>, C4<0>;
v0x5aa26e8fbbb0_0 .net *"_ivl_46", 1 0, L_0x7bf23576d0f0;  1 drivers
v0x5aa26e8fb650_0 .net *"_ivl_48", 7 0, L_0x5aa26e999ea0;  1 drivers
v0x5aa26e8fb730_0 .net *"_ivl_5", 7 0, L_0x5aa26e998ef0;  1 drivers
v0x5aa26e8fb1d0_0 .net *"_ivl_6", 9 0, L_0x5aa26e999010;  1 drivers
L_0x7bf23576d018 .functor BUFT 1, C4<00>, C4<0>, C4<0>, C4<0>;
v0x5aa26e8fb2b0_0 .net *"_ivl_9", 1 0, L_0x7bf23576d018;  1 drivers
o0x7bf2357b6b28 .functor BUFZ 1, C4<z>; HiZ drive
v0x5aa26e8fad50_0 .net "clk", 0 0, o0x7bf2357b6b28;  0 drivers
L_0x7bf23576d138 .functor BUFT 1, C4<01010010>, C4<0>, C4<0>, C4<0>;
v0x5aa26e8fadf0 .array "inv_sbox", 255 0;
v0x5aa26e8fadf0_0 .net v0x5aa26e8fadf0 0, 7 0, L_0x7bf23576d138; 1 drivers
L_0x7bf23576d180 .functor BUFT 1, C4<00001001>, C4<0>, C4<0>, C4<0>;
v0x5aa26e8fadf0_1 .net v0x5aa26e8fadf0 1, 7 0, L_0x7bf23576d180; 1 drivers
L_0x7bf23576d1c8 .functor BUFT 1, C4<01101010>, C4<0>, C4<0>, C4<0>;
v0x5aa26e8fadf0_2 .net v0x5aa26e8fadf0 2, 7 0, L_0x7bf23576d1c8; 1 drivers
L_0x7bf23576d210 .functor BUFT 1, C4<11010101>, C4<0>, C4<0>, C4<0>;
v0x5aa26e8fadf0_3 .net v0x5aa26e8fadf0 3, 7 0, L_0x7bf23576d210; 1 drivers
L_0x7bf23576d258 .functor BUFT 1, C4<00110000>, C4<0>, C4<0>, C4<0>;
v0x5aa26e8fadf0_4 .net v0x5aa26e8fadf0 4, 7 0, L_0x7bf23576d258; 1 drivers
L_0x7bf23576d2a0 .functor BUFT 1, C4<00110110>, C4<0>, C4<0>, C4<0>;
v0x5aa26e8fadf0_5 .net v0x5aa26e8fadf0 5, 7 0, L_0x7bf23576d2a0; 1 drivers
L_0x7bf23576d2e8 .functor BUFT 1, C4<10100101>, C4<0>, C4<0>, C4<0>;
v0x5aa26e8fadf0_6 .net v0x5aa26e8fadf0 6, 7 0, L_0x7bf23576d2e8; 1 drivers
L_0x7bf23576d330 .functor BUFT 1, C4<00111000>, C4<0>, C4<0>, C4<0>;
v0x5aa26e8fadf0_7 .net v0x5aa26e8fadf0 7, 7 0, L_0x7bf23576d330; 1 drivers
L_0x7bf23576d378 .functor BUFT 1, C4<10111111>, C4<0>, C4<0>, C4<0>;
v0x5aa26e8fadf0_8 .net v0x5aa26e8fadf0 8, 7 0, L_0x7bf23576d378; 1 drivers
L_0x7bf23576d3c0 .functor BUFT 1, C4<01000000>, C4<0>, C4<0>, C4<0>;
v0x5aa26e8fadf0_9 .net v0x5aa26e8fadf0 9, 7 0, L_0x7bf23576d3c0; 1 drivers
L_0x7bf23576d408 .functor BUFT 1, C4<10100011>, C4<0>, C4<0>, C4<0>;
v0x5aa26e8fadf0_10 .net v0x5aa26e8fadf0 10, 7 0, L_0x7bf23576d408; 1 drivers
L_0x7bf23576d450 .functor BUFT 1, C4<10011110>, C4<0>, C4<0>, C4<0>;
v0x5aa26e8fadf0_11 .net v0x5aa26e8fadf0 11, 7 0, L_0x7bf23576d450; 1 drivers
L_0x7bf23576d498 .functor BUFT 1, C4<10000001>, C4<0>, C4<0>, C4<0>;
v0x5aa26e8fadf0_12 .net v0x5aa26e8fadf0 12, 7 0, L_0x7bf23576d498; 1 drivers
L_0x7bf23576d4e0 .functor BUFT 1, C4<11110011>, C4<0>, C4<0>, C4<0>;
v0x5aa26e8fadf0_13 .net v0x5aa26e8fadf0 13, 7 0, L_0x7bf23576d4e0; 1 drivers
L_0x7bf23576d528 .functor BUFT 1, C4<11010111>, C4<0>, C4<0>, C4<0>;
v0x5aa26e8fadf0_14 .net v0x5aa26e8fadf0 14, 7 0, L_0x7bf23576d528; 1 drivers
L_0x7bf23576d570 .functor BUFT 1, C4<11111011>, C4<0>, C4<0>, C4<0>;
v0x5aa26e8fadf0_15 .net v0x5aa26e8fadf0 15, 7 0, L_0x7bf23576d570; 1 drivers
L_0x7bf23576d5b8 .functor BUFT 1, C4<01111100>, C4<0>, C4<0>, C4<0>;
v0x5aa26e8fadf0_16 .net v0x5aa26e8fadf0 16, 7 0, L_0x7bf23576d5b8; 1 drivers
L_0x7bf23576d600 .functor BUFT 1, C4<11100011>, C4<0>, C4<0>, C4<0>;
v0x5aa26e8fadf0_17 .net v0x5aa26e8fadf0 17, 7 0, L_0x7bf23576d600; 1 drivers
L_0x7bf23576d648 .functor BUFT 1, C4<00111001>, C4<0>, C4<0>, C4<0>;
v0x5aa26e8fadf0_18 .net v0x5aa26e8fadf0 18, 7 0, L_0x7bf23576d648; 1 drivers
L_0x7bf23576d690 .functor BUFT 1, C4<10000010>, C4<0>, C4<0>, C4<0>;
v0x5aa26e8fadf0_19 .net v0x5aa26e8fadf0 19, 7 0, L_0x7bf23576d690; 1 drivers
L_0x7bf23576d6d8 .functor BUFT 1, C4<10011011>, C4<0>, C4<0>, C4<0>;
v0x5aa26e8fadf0_20 .net v0x5aa26e8fadf0 20, 7 0, L_0x7bf23576d6d8; 1 drivers
L_0x7bf23576d720 .functor BUFT 1, C4<00101111>, C4<0>, C4<0>, C4<0>;
v0x5aa26e8fadf0_21 .net v0x5aa26e8fadf0 21, 7 0, L_0x7bf23576d720; 1 drivers
L_0x7bf23576d768 .functor BUFT 1, C4<11111111>, C4<0>, C4<0>, C4<0>;
v0x5aa26e8fadf0_22 .net v0x5aa26e8fadf0 22, 7 0, L_0x7bf23576d768; 1 drivers
L_0x7bf23576d7b0 .functor BUFT 1, C4<10000111>, C4<0>, C4<0>, C4<0>;
v0x5aa26e8fadf0_23 .net v0x5aa26e8fadf0 23, 7 0, L_0x7bf23576d7b0; 1 drivers
L_0x7bf23576d7f8 .functor BUFT 1, C4<00110100>, C4<0>, C4<0>, C4<0>;
v0x5aa26e8fadf0_24 .net v0x5aa26e8fadf0 24, 7 0, L_0x7bf23576d7f8; 1 drivers
L_0x7bf23576d840 .functor BUFT 1, C4<10001110>, C4<0>, C4<0>, C4<0>;
v0x5aa26e8fadf0_25 .net v0x5aa26e8fadf0 25, 7 0, L_0x7bf23576d840; 1 drivers
L_0x7bf23576d888 .functor BUFT 1, C4<01000011>, C4<0>, C4<0>, C4<0>;
v0x5aa26e8fadf0_26 .net v0x5aa26e8fadf0 26, 7 0, L_0x7bf23576d888; 1 drivers
L_0x7bf23576d8d0 .functor BUFT 1, C4<01000100>, C4<0>, C4<0>, C4<0>;
v0x5aa26e8fadf0_27 .net v0x5aa26e8fadf0 27, 7 0, L_0x7bf23576d8d0; 1 drivers
L_0x7bf23576d918 .functor BUFT 1, C4<11000100>, C4<0>, C4<0>, C4<0>;
v0x5aa26e8fadf0_28 .net v0x5aa26e8fadf0 28, 7 0, L_0x7bf23576d918; 1 drivers
L_0x7bf23576d960 .functor BUFT 1, C4<11011110>, C4<0>, C4<0>, C4<0>;
v0x5aa26e8fadf0_29 .net v0x5aa26e8fadf0 29, 7 0, L_0x7bf23576d960; 1 drivers
L_0x7bf23576d9a8 .functor BUFT 1, C4<11101001>, C4<0>, C4<0>, C4<0>;
v0x5aa26e8fadf0_30 .net v0x5aa26e8fadf0 30, 7 0, L_0x7bf23576d9a8; 1 drivers
L_0x7bf23576d9f0 .functor BUFT 1, C4<11001011>, C4<0>, C4<0>, C4<0>;
v0x5aa26e8fadf0_31 .net v0x5aa26e8fadf0 31, 7 0, L_0x7bf23576d9f0; 1 drivers
L_0x7bf23576da38 .functor BUFT 1, C4<01010100>, C4<0>, C4<0>, C4<0>;
v0x5aa26e8fadf0_32 .net v0x5aa26e8fadf0 32, 7 0, L_0x7bf23576da38; 1 drivers
L_0x7bf23576da80 .functor BUFT 1, C4<01111011>, C4<0>, C4<0>, C4<0>;
v0x5aa26e8fadf0_33 .net v0x5aa26e8fadf0 33, 7 0, L_0x7bf23576da80; 1 drivers
L_0x7bf23576dac8 .functor BUFT 1, C4<10010100>, C4<0>, C4<0>, C4<0>;
v0x5aa26e8fadf0_34 .net v0x5aa26e8fadf0 34, 7 0, L_0x7bf23576dac8; 1 drivers
L_0x7bf23576db10 .functor BUFT 1, C4<00110010>, C4<0>, C4<0>, C4<0>;
v0x5aa26e8fadf0_35 .net v0x5aa26e8fadf0 35, 7 0, L_0x7bf23576db10; 1 drivers
L_0x7bf23576db58 .functor BUFT 1, C4<10100110>, C4<0>, C4<0>, C4<0>;
v0x5aa26e8fadf0_36 .net v0x5aa26e8fadf0 36, 7 0, L_0x7bf23576db58; 1 drivers
L_0x7bf23576dba0 .functor BUFT 1, C4<11000010>, C4<0>, C4<0>, C4<0>;
v0x5aa26e8fadf0_37 .net v0x5aa26e8fadf0 37, 7 0, L_0x7bf23576dba0; 1 drivers
L_0x7bf23576dbe8 .functor BUFT 1, C4<00100011>, C4<0>, C4<0>, C4<0>;
v0x5aa26e8fadf0_38 .net v0x5aa26e8fadf0 38, 7 0, L_0x7bf23576dbe8; 1 drivers
L_0x7bf23576dc30 .functor BUFT 1, C4<00111101>, C4<0>, C4<0>, C4<0>;
v0x5aa26e8fadf0_39 .net v0x5aa26e8fadf0 39, 7 0, L_0x7bf23576dc30; 1 drivers
L_0x7bf23576dc78 .functor BUFT 1, C4<11101110>, C4<0>, C4<0>, C4<0>;
v0x5aa26e8fadf0_40 .net v0x5aa26e8fadf0 40, 7 0, L_0x7bf23576dc78; 1 drivers
L_0x7bf23576dcc0 .functor BUFT 1, C4<01001100>, C4<0>, C4<0>, C4<0>;
v0x5aa26e8fadf0_41 .net v0x5aa26e8fadf0 41, 7 0, L_0x7bf23576dcc0; 1 drivers
L_0x7bf23576dd08 .functor BUFT 1, C4<10010101>, C4<0>, C4<0>, C4<0>;
v0x5aa26e8fadf0_42 .net v0x5aa26e8fadf0 42, 7 0, L_0x7bf23576dd08; 1 drivers
L_0x7bf23576dd50 .functor BUFT 1, C4<00001011>, C4<0>, C4<0>, C4<0>;
v0x5aa26e8fadf0_43 .net v0x5aa26e8fadf0 43, 7 0, L_0x7bf23576dd50; 1 drivers
L_0x7bf23576dd98 .functor BUFT 1, C4<01000010>, C4<0>, C4<0>, C4<0>;
v0x5aa26e8fadf0_44 .net v0x5aa26e8fadf0 44, 7 0, L_0x7bf23576dd98; 1 drivers
L_0x7bf23576dde0 .functor BUFT 1, C4<11111010>, C4<0>, C4<0>, C4<0>;
v0x5aa26e8fadf0_45 .net v0x5aa26e8fadf0 45, 7 0, L_0x7bf23576dde0; 1 drivers
L_0x7bf23576de28 .functor BUFT 1, C4<11000011>, C4<0>, C4<0>, C4<0>;
v0x5aa26e8fadf0_46 .net v0x5aa26e8fadf0 46, 7 0, L_0x7bf23576de28; 1 drivers
L_0x7bf23576de70 .functor BUFT 1, C4<01001110>, C4<0>, C4<0>, C4<0>;
v0x5aa26e8fadf0_47 .net v0x5aa26e8fadf0 47, 7 0, L_0x7bf23576de70; 1 drivers
L_0x7bf23576deb8 .functor BUFT 1, C4<00001000>, C4<0>, C4<0>, C4<0>;
v0x5aa26e8fadf0_48 .net v0x5aa26e8fadf0 48, 7 0, L_0x7bf23576deb8; 1 drivers
L_0x7bf23576df00 .functor BUFT 1, C4<00101110>, C4<0>, C4<0>, C4<0>;
v0x5aa26e8fadf0_49 .net v0x5aa26e8fadf0 49, 7 0, L_0x7bf23576df00; 1 drivers
L_0x7bf23576df48 .functor BUFT 1, C4<10100001>, C4<0>, C4<0>, C4<0>;
v0x5aa26e8fadf0_50 .net v0x5aa26e8fadf0 50, 7 0, L_0x7bf23576df48; 1 drivers
L_0x7bf23576df90 .functor BUFT 1, C4<01100110>, C4<0>, C4<0>, C4<0>;
v0x5aa26e8fadf0_51 .net v0x5aa26e8fadf0 51, 7 0, L_0x7bf23576df90; 1 drivers
L_0x7bf23576dfd8 .functor BUFT 1, C4<00101000>, C4<0>, C4<0>, C4<0>;
v0x5aa26e8fadf0_52 .net v0x5aa26e8fadf0 52, 7 0, L_0x7bf23576dfd8; 1 drivers
L_0x7bf23576e020 .functor BUFT 1, C4<11011001>, C4<0>, C4<0>, C4<0>;
v0x5aa26e8fadf0_53 .net v0x5aa26e8fadf0 53, 7 0, L_0x7bf23576e020; 1 drivers
L_0x7bf23576e068 .functor BUFT 1, C4<00100100>, C4<0>, C4<0>, C4<0>;
v0x5aa26e8fadf0_54 .net v0x5aa26e8fadf0 54, 7 0, L_0x7bf23576e068; 1 drivers
L_0x7bf23576e0b0 .functor BUFT 1, C4<10110010>, C4<0>, C4<0>, C4<0>;
v0x5aa26e8fadf0_55 .net v0x5aa26e8fadf0 55, 7 0, L_0x7bf23576e0b0; 1 drivers
L_0x7bf23576e0f8 .functor BUFT 1, C4<01110110>, C4<0>, C4<0>, C4<0>;
v0x5aa26e8fadf0_56 .net v0x5aa26e8fadf0 56, 7 0, L_0x7bf23576e0f8; 1 drivers
L_0x7bf23576e140 .functor BUFT 1, C4<01011011>, C4<0>, C4<0>, C4<0>;
v0x5aa26e8fadf0_57 .net v0x5aa26e8fadf0 57, 7 0, L_0x7bf23576e140; 1 drivers
L_0x7bf23576e188 .functor BUFT 1, C4<10100010>, C4<0>, C4<0>, C4<0>;
v0x5aa26e8fadf0_58 .net v0x5aa26e8fadf0 58, 7 0, L_0x7bf23576e188; 1 drivers
L_0x7bf23576e1d0 .functor BUFT 1, C4<01001001>, C4<0>, C4<0>, C4<0>;
v0x5aa26e8fadf0_59 .net v0x5aa26e8fadf0 59, 7 0, L_0x7bf23576e1d0; 1 drivers
L_0x7bf23576e218 .functor BUFT 1, C4<01101101>, C4<0>, C4<0>, C4<0>;
v0x5aa26e8fadf0_60 .net v0x5aa26e8fadf0 60, 7 0, L_0x7bf23576e218; 1 drivers
L_0x7bf23576e260 .functor BUFT 1, C4<10001011>, C4<0>, C4<0>, C4<0>;
v0x5aa26e8fadf0_61 .net v0x5aa26e8fadf0 61, 7 0, L_0x7bf23576e260; 1 drivers
L_0x7bf23576e2a8 .functor BUFT 1, C4<11010001>, C4<0>, C4<0>, C4<0>;
v0x5aa26e8fadf0_62 .net v0x5aa26e8fadf0 62, 7 0, L_0x7bf23576e2a8; 1 drivers
L_0x7bf23576e2f0 .functor BUFT 1, C4<00100101>, C4<0>, C4<0>, C4<0>;
v0x5aa26e8fadf0_63 .net v0x5aa26e8fadf0 63, 7 0, L_0x7bf23576e2f0; 1 drivers
L_0x7bf23576e338 .functor BUFT 1, C4<01110010>, C4<0>, C4<0>, C4<0>;
v0x5aa26e8fadf0_64 .net v0x5aa26e8fadf0 64, 7 0, L_0x7bf23576e338; 1 drivers
L_0x7bf23576e380 .functor BUFT 1, C4<11111000>, C4<0>, C4<0>, C4<0>;
v0x5aa26e8fadf0_65 .net v0x5aa26e8fadf0 65, 7 0, L_0x7bf23576e380; 1 drivers
L_0x7bf23576e3c8 .functor BUFT 1, C4<11110110>, C4<0>, C4<0>, C4<0>;
v0x5aa26e8fadf0_66 .net v0x5aa26e8fadf0 66, 7 0, L_0x7bf23576e3c8; 1 drivers
L_0x7bf23576e410 .functor BUFT 1, C4<01100100>, C4<0>, C4<0>, C4<0>;
v0x5aa26e8fadf0_67 .net v0x5aa26e8fadf0 67, 7 0, L_0x7bf23576e410; 1 drivers
L_0x7bf23576e458 .functor BUFT 1, C4<10000110>, C4<0>, C4<0>, C4<0>;
v0x5aa26e8fadf0_68 .net v0x5aa26e8fadf0 68, 7 0, L_0x7bf23576e458; 1 drivers
L_0x7bf23576e4a0 .functor BUFT 1, C4<01101000>, C4<0>, C4<0>, C4<0>;
v0x5aa26e8fadf0_69 .net v0x5aa26e8fadf0 69, 7 0, L_0x7bf23576e4a0; 1 drivers
L_0x7bf23576e4e8 .functor BUFT 1, C4<10011000>, C4<0>, C4<0>, C4<0>;
v0x5aa26e8fadf0_70 .net v0x5aa26e8fadf0 70, 7 0, L_0x7bf23576e4e8; 1 drivers
L_0x7bf23576e530 .functor BUFT 1, C4<00010110>, C4<0>, C4<0>, C4<0>;
v0x5aa26e8fadf0_71 .net v0x5aa26e8fadf0 71, 7 0, L_0x7bf23576e530; 1 drivers
L_0x7bf23576e578 .functor BUFT 1, C4<11010100>, C4<0>, C4<0>, C4<0>;
v0x5aa26e8fadf0_72 .net v0x5aa26e8fadf0 72, 7 0, L_0x7bf23576e578; 1 drivers
L_0x7bf23576e5c0 .functor BUFT 1, C4<10100100>, C4<0>, C4<0>, C4<0>;
v0x5aa26e8fadf0_73 .net v0x5aa26e8fadf0 73, 7 0, L_0x7bf23576e5c0; 1 drivers
L_0x7bf23576e608 .functor BUFT 1, C4<01011100>, C4<0>, C4<0>, C4<0>;
v0x5aa26e8fadf0_74 .net v0x5aa26e8fadf0 74, 7 0, L_0x7bf23576e608; 1 drivers
L_0x7bf23576e650 .functor BUFT 1, C4<11001100>, C4<0>, C4<0>, C4<0>;
v0x5aa26e8fadf0_75 .net v0x5aa26e8fadf0 75, 7 0, L_0x7bf23576e650; 1 drivers
L_0x7bf23576e698 .functor BUFT 1, C4<01011101>, C4<0>, C4<0>, C4<0>;
v0x5aa26e8fadf0_76 .net v0x5aa26e8fadf0 76, 7 0, L_0x7bf23576e698; 1 drivers
L_0x7bf23576e6e0 .functor BUFT 1, C4<01100101>, C4<0>, C4<0>, C4<0>;
v0x5aa26e8fadf0_77 .net v0x5aa26e8fadf0 77, 7 0, L_0x7bf23576e6e0; 1 drivers
L_0x7bf23576e728 .functor BUFT 1, C4<10110110>, C4<0>, C4<0>, C4<0>;
v0x5aa26e8fadf0_78 .net v0x5aa26e8fadf0 78, 7 0, L_0x7bf23576e728; 1 drivers
L_0x7bf23576e770 .functor BUFT 1, C4<10010010>, C4<0>, C4<0>, C4<0>;
v0x5aa26e8fadf0_79 .net v0x5aa26e8fadf0 79, 7 0, L_0x7bf23576e770; 1 drivers
L_0x7bf23576e7b8 .functor BUFT 1, C4<01101100>, C4<0>, C4<0>, C4<0>;
v0x5aa26e8fadf0_80 .net v0x5aa26e8fadf0 80, 7 0, L_0x7bf23576e7b8; 1 drivers
L_0x7bf23576e800 .functor BUFT 1, C4<01110000>, C4<0>, C4<0>, C4<0>;
v0x5aa26e8fadf0_81 .net v0x5aa26e8fadf0 81, 7 0, L_0x7bf23576e800; 1 drivers
L_0x7bf23576e848 .functor BUFT 1, C4<01001000>, C4<0>, C4<0>, C4<0>;
v0x5aa26e8fadf0_82 .net v0x5aa26e8fadf0 82, 7 0, L_0x7bf23576e848; 1 drivers
L_0x7bf23576e890 .functor BUFT 1, C4<01010000>, C4<0>, C4<0>, C4<0>;
v0x5aa26e8fadf0_83 .net v0x5aa26e8fadf0 83, 7 0, L_0x7bf23576e890; 1 drivers
L_0x7bf23576e8d8 .functor BUFT 1, C4<11111101>, C4<0>, C4<0>, C4<0>;
v0x5aa26e8fadf0_84 .net v0x5aa26e8fadf0 84, 7 0, L_0x7bf23576e8d8; 1 drivers
L_0x7bf23576e920 .functor BUFT 1, C4<11101101>, C4<0>, C4<0>, C4<0>;
v0x5aa26e8fadf0_85 .net v0x5aa26e8fadf0 85, 7 0, L_0x7bf23576e920; 1 drivers
L_0x7bf23576e968 .functor BUFT 1, C4<10111001>, C4<0>, C4<0>, C4<0>;
v0x5aa26e8fadf0_86 .net v0x5aa26e8fadf0 86, 7 0, L_0x7bf23576e968; 1 drivers
L_0x7bf23576e9b0 .functor BUFT 1, C4<11011010>, C4<0>, C4<0>, C4<0>;
v0x5aa26e8fadf0_87 .net v0x5aa26e8fadf0 87, 7 0, L_0x7bf23576e9b0; 1 drivers
L_0x7bf23576e9f8 .functor BUFT 1, C4<01011110>, C4<0>, C4<0>, C4<0>;
v0x5aa26e8fadf0_88 .net v0x5aa26e8fadf0 88, 7 0, L_0x7bf23576e9f8; 1 drivers
L_0x7bf23576ea40 .functor BUFT 1, C4<00010101>, C4<0>, C4<0>, C4<0>;
v0x5aa26e8fadf0_89 .net v0x5aa26e8fadf0 89, 7 0, L_0x7bf23576ea40; 1 drivers
L_0x7bf23576ea88 .functor BUFT 1, C4<01000110>, C4<0>, C4<0>, C4<0>;
v0x5aa26e8fadf0_90 .net v0x5aa26e8fadf0 90, 7 0, L_0x7bf23576ea88; 1 drivers
L_0x7bf23576ead0 .functor BUFT 1, C4<01010111>, C4<0>, C4<0>, C4<0>;
v0x5aa26e8fadf0_91 .net v0x5aa26e8fadf0 91, 7 0, L_0x7bf23576ead0; 1 drivers
L_0x7bf23576eb18 .functor BUFT 1, C4<10100111>, C4<0>, C4<0>, C4<0>;
v0x5aa26e8fadf0_92 .net v0x5aa26e8fadf0 92, 7 0, L_0x7bf23576eb18; 1 drivers
L_0x7bf23576eb60 .functor BUFT 1, C4<10001101>, C4<0>, C4<0>, C4<0>;
v0x5aa26e8fadf0_93 .net v0x5aa26e8fadf0 93, 7 0, L_0x7bf23576eb60; 1 drivers
L_0x7bf23576eba8 .functor BUFT 1, C4<10011101>, C4<0>, C4<0>, C4<0>;
v0x5aa26e8fadf0_94 .net v0x5aa26e8fadf0 94, 7 0, L_0x7bf23576eba8; 1 drivers
L_0x7bf23576ebf0 .functor BUFT 1, C4<10000100>, C4<0>, C4<0>, C4<0>;
v0x5aa26e8fadf0_95 .net v0x5aa26e8fadf0 95, 7 0, L_0x7bf23576ebf0; 1 drivers
L_0x7bf23576ec38 .functor BUFT 1, C4<10010000>, C4<0>, C4<0>, C4<0>;
v0x5aa26e8fadf0_96 .net v0x5aa26e8fadf0 96, 7 0, L_0x7bf23576ec38; 1 drivers
L_0x7bf23576ec80 .functor BUFT 1, C4<11011000>, C4<0>, C4<0>, C4<0>;
v0x5aa26e8fadf0_97 .net v0x5aa26e8fadf0 97, 7 0, L_0x7bf23576ec80; 1 drivers
L_0x7bf23576ecc8 .functor BUFT 1, C4<10101011>, C4<0>, C4<0>, C4<0>;
v0x5aa26e8fadf0_98 .net v0x5aa26e8fadf0 98, 7 0, L_0x7bf23576ecc8; 1 drivers
L_0x7bf23576ed10 .functor BUFT 1, C4<00000000>, C4<0>, C4<0>, C4<0>;
v0x5aa26e8fadf0_99 .net v0x5aa26e8fadf0 99, 7 0, L_0x7bf23576ed10; 1 drivers
L_0x7bf23576ed58 .functor BUFT 1, C4<10001100>, C4<0>, C4<0>, C4<0>;
v0x5aa26e8fadf0_100 .net v0x5aa26e8fadf0 100, 7 0, L_0x7bf23576ed58; 1 drivers
L_0x7bf23576eda0 .functor BUFT 1, C4<10111100>, C4<0>, C4<0>, C4<0>;
v0x5aa26e8fadf0_101 .net v0x5aa26e8fadf0 101, 7 0, L_0x7bf23576eda0; 1 drivers
L_0x7bf23576ede8 .functor BUFT 1, C4<11010011>, C4<0>, C4<0>, C4<0>;
v0x5aa26e8fadf0_102 .net v0x5aa26e8fadf0 102, 7 0, L_0x7bf23576ede8; 1 drivers
L_0x7bf23576ee30 .functor BUFT 1, C4<00001010>, C4<0>, C4<0>, C4<0>;
v0x5aa26e8fadf0_103 .net v0x5aa26e8fadf0 103, 7 0, L_0x7bf23576ee30; 1 drivers
L_0x7bf23576ee78 .functor BUFT 1, C4<11110111>, C4<0>, C4<0>, C4<0>;
v0x5aa26e8fadf0_104 .net v0x5aa26e8fadf0 104, 7 0, L_0x7bf23576ee78; 1 drivers
L_0x7bf23576eec0 .functor BUFT 1, C4<11100100>, C4<0>, C4<0>, C4<0>;
v0x5aa26e8fadf0_105 .net v0x5aa26e8fadf0 105, 7 0, L_0x7bf23576eec0; 1 drivers
L_0x7bf23576ef08 .functor BUFT 1, C4<01011000>, C4<0>, C4<0>, C4<0>;
v0x5aa26e8fadf0_106 .net v0x5aa26e8fadf0 106, 7 0, L_0x7bf23576ef08; 1 drivers
L_0x7bf23576ef50 .functor BUFT 1, C4<00000101>, C4<0>, C4<0>, C4<0>;
v0x5aa26e8fadf0_107 .net v0x5aa26e8fadf0 107, 7 0, L_0x7bf23576ef50; 1 drivers
L_0x7bf23576ef98 .functor BUFT 1, C4<10111000>, C4<0>, C4<0>, C4<0>;
v0x5aa26e8fadf0_108 .net v0x5aa26e8fadf0 108, 7 0, L_0x7bf23576ef98; 1 drivers
L_0x7bf23576efe0 .functor BUFT 1, C4<10110011>, C4<0>, C4<0>, C4<0>;
v0x5aa26e8fadf0_109 .net v0x5aa26e8fadf0 109, 7 0, L_0x7bf23576efe0; 1 drivers
L_0x7bf23576f028 .functor BUFT 1, C4<01000101>, C4<0>, C4<0>, C4<0>;
v0x5aa26e8fadf0_110 .net v0x5aa26e8fadf0 110, 7 0, L_0x7bf23576f028; 1 drivers
L_0x7bf23576f070 .functor BUFT 1, C4<00000110>, C4<0>, C4<0>, C4<0>;
v0x5aa26e8fadf0_111 .net v0x5aa26e8fadf0 111, 7 0, L_0x7bf23576f070; 1 drivers
L_0x7bf23576f0b8 .functor BUFT 1, C4<11010000>, C4<0>, C4<0>, C4<0>;
v0x5aa26e8fadf0_112 .net v0x5aa26e8fadf0 112, 7 0, L_0x7bf23576f0b8; 1 drivers
L_0x7bf23576f100 .functor BUFT 1, C4<00101100>, C4<0>, C4<0>, C4<0>;
v0x5aa26e8fadf0_113 .net v0x5aa26e8fadf0 113, 7 0, L_0x7bf23576f100; 1 drivers
L_0x7bf23576f148 .functor BUFT 1, C4<00011110>, C4<0>, C4<0>, C4<0>;
v0x5aa26e8fadf0_114 .net v0x5aa26e8fadf0 114, 7 0, L_0x7bf23576f148; 1 drivers
L_0x7bf23576f190 .functor BUFT 1, C4<10001111>, C4<0>, C4<0>, C4<0>;
v0x5aa26e8fadf0_115 .net v0x5aa26e8fadf0 115, 7 0, L_0x7bf23576f190; 1 drivers
L_0x7bf23576f1d8 .functor BUFT 1, C4<11001010>, C4<0>, C4<0>, C4<0>;
v0x5aa26e8fadf0_116 .net v0x5aa26e8fadf0 116, 7 0, L_0x7bf23576f1d8; 1 drivers
L_0x7bf23576f220 .functor BUFT 1, C4<00111111>, C4<0>, C4<0>, C4<0>;
v0x5aa26e8fadf0_117 .net v0x5aa26e8fadf0 117, 7 0, L_0x7bf23576f220; 1 drivers
L_0x7bf23576f268 .functor BUFT 1, C4<00001111>, C4<0>, C4<0>, C4<0>;
v0x5aa26e8fadf0_118 .net v0x5aa26e8fadf0 118, 7 0, L_0x7bf23576f268; 1 drivers
L_0x7bf23576f2b0 .functor BUFT 1, C4<00000010>, C4<0>, C4<0>, C4<0>;
v0x5aa26e8fadf0_119 .net v0x5aa26e8fadf0 119, 7 0, L_0x7bf23576f2b0; 1 drivers
L_0x7bf23576f2f8 .functor BUFT 1, C4<11000001>, C4<0>, C4<0>, C4<0>;
v0x5aa26e8fadf0_120 .net v0x5aa26e8fadf0 120, 7 0, L_0x7bf23576f2f8; 1 drivers
L_0x7bf23576f340 .functor BUFT 1, C4<10101111>, C4<0>, C4<0>, C4<0>;
v0x5aa26e8fadf0_121 .net v0x5aa26e8fadf0 121, 7 0, L_0x7bf23576f340; 1 drivers
L_0x7bf23576f388 .functor BUFT 1, C4<10111101>, C4<0>, C4<0>, C4<0>;
v0x5aa26e8fadf0_122 .net v0x5aa26e8fadf0 122, 7 0, L_0x7bf23576f388; 1 drivers
L_0x7bf23576f3d0 .functor BUFT 1, C4<00000011>, C4<0>, C4<0>, C4<0>;
v0x5aa26e8fadf0_123 .net v0x5aa26e8fadf0 123, 7 0, L_0x7bf23576f3d0; 1 drivers
L_0x7bf23576f418 .functor BUFT 1, C4<00000001>, C4<0>, C4<0>, C4<0>;
v0x5aa26e8fadf0_124 .net v0x5aa26e8fadf0 124, 7 0, L_0x7bf23576f418; 1 drivers
L_0x7bf23576f460 .functor BUFT 1, C4<00010011>, C4<0>, C4<0>, C4<0>;
v0x5aa26e8fadf0_125 .net v0x5aa26e8fadf0 125, 7 0, L_0x7bf23576f460; 1 drivers
L_0x7bf23576f4a8 .functor BUFT 1, C4<10001010>, C4<0>, C4<0>, C4<0>;
v0x5aa26e8fadf0_126 .net v0x5aa26e8fadf0 126, 7 0, L_0x7bf23576f4a8; 1 drivers
L_0x7bf23576f4f0 .functor BUFT 1, C4<01101011>, C4<0>, C4<0>, C4<0>;
v0x5aa26e8fadf0_127 .net v0x5aa26e8fadf0 127, 7 0, L_0x7bf23576f4f0; 1 drivers
L_0x7bf23576f538 .functor BUFT 1, C4<00111010>, C4<0>, C4<0>, C4<0>;
v0x5aa26e8fadf0_128 .net v0x5aa26e8fadf0 128, 7 0, L_0x7bf23576f538; 1 drivers
L_0x7bf23576f580 .functor BUFT 1, C4<10010001>, C4<0>, C4<0>, C4<0>;
v0x5aa26e8fadf0_129 .net v0x5aa26e8fadf0 129, 7 0, L_0x7bf23576f580; 1 drivers
L_0x7bf23576f5c8 .functor BUFT 1, C4<00010001>, C4<0>, C4<0>, C4<0>;
v0x5aa26e8fadf0_130 .net v0x5aa26e8fadf0 130, 7 0, L_0x7bf23576f5c8; 1 drivers
L_0x7bf23576f610 .functor BUFT 1, C4<01000001>, C4<0>, C4<0>, C4<0>;
v0x5aa26e8fadf0_131 .net v0x5aa26e8fadf0 131, 7 0, L_0x7bf23576f610; 1 drivers
L_0x7bf23576f658 .functor BUFT 1, C4<01001111>, C4<0>, C4<0>, C4<0>;
v0x5aa26e8fadf0_132 .net v0x5aa26e8fadf0 132, 7 0, L_0x7bf23576f658; 1 drivers
L_0x7bf23576f6a0 .functor BUFT 1, C4<01100111>, C4<0>, C4<0>, C4<0>;
v0x5aa26e8fadf0_133 .net v0x5aa26e8fadf0 133, 7 0, L_0x7bf23576f6a0; 1 drivers
L_0x7bf23576f6e8 .functor BUFT 1, C4<11011100>, C4<0>, C4<0>, C4<0>;
v0x5aa26e8fadf0_134 .net v0x5aa26e8fadf0 134, 7 0, L_0x7bf23576f6e8; 1 drivers
L_0x7bf23576f730 .functor BUFT 1, C4<11101010>, C4<0>, C4<0>, C4<0>;
v0x5aa26e8fadf0_135 .net v0x5aa26e8fadf0 135, 7 0, L_0x7bf23576f730; 1 drivers
L_0x7bf23576f778 .functor BUFT 1, C4<10010111>, C4<0>, C4<0>, C4<0>;
v0x5aa26e8fadf0_136 .net v0x5aa26e8fadf0 136, 7 0, L_0x7bf23576f778; 1 drivers
L_0x7bf23576f7c0 .functor BUFT 1, C4<11110010>, C4<0>, C4<0>, C4<0>;
v0x5aa26e8fadf0_137 .net v0x5aa26e8fadf0 137, 7 0, L_0x7bf23576f7c0; 1 drivers
L_0x7bf23576f808 .functor BUFT 1, C4<11001111>, C4<0>, C4<0>, C4<0>;
v0x5aa26e8fadf0_138 .net v0x5aa26e8fadf0 138, 7 0, L_0x7bf23576f808; 1 drivers
L_0x7bf23576f850 .functor BUFT 1, C4<11001110>, C4<0>, C4<0>, C4<0>;
v0x5aa26e8fadf0_139 .net v0x5aa26e8fadf0 139, 7 0, L_0x7bf23576f850; 1 drivers
L_0x7bf23576f898 .functor BUFT 1, C4<11110000>, C4<0>, C4<0>, C4<0>;
v0x5aa26e8fadf0_140 .net v0x5aa26e8fadf0 140, 7 0, L_0x7bf23576f898; 1 drivers
L_0x7bf23576f8e0 .functor BUFT 1, C4<10110100>, C4<0>, C4<0>, C4<0>;
v0x5aa26e8fadf0_141 .net v0x5aa26e8fadf0 141, 7 0, L_0x7bf23576f8e0; 1 drivers
L_0x7bf23576f928 .functor BUFT 1, C4<11100110>, C4<0>, C4<0>, C4<0>;
v0x5aa26e8fadf0_142 .net v0x5aa26e8fadf0 142, 7 0, L_0x7bf23576f928; 1 drivers
L_0x7bf23576f970 .functor BUFT 1, C4<01110011>, C4<0>, C4<0>, C4<0>;
v0x5aa26e8fadf0_143 .net v0x5aa26e8fadf0 143, 7 0, L_0x7bf23576f970; 1 drivers
L_0x7bf23576f9b8 .functor BUFT 1, C4<10010110>, C4<0>, C4<0>, C4<0>;
v0x5aa26e8fadf0_144 .net v0x5aa26e8fadf0 144, 7 0, L_0x7bf23576f9b8; 1 drivers
L_0x7bf23576fa00 .functor BUFT 1, C4<10101100>, C4<0>, C4<0>, C4<0>;
v0x5aa26e8fadf0_145 .net v0x5aa26e8fadf0 145, 7 0, L_0x7bf23576fa00; 1 drivers
L_0x7bf23576fa48 .functor BUFT 1, C4<01110100>, C4<0>, C4<0>, C4<0>;
v0x5aa26e8fadf0_146 .net v0x5aa26e8fadf0 146, 7 0, L_0x7bf23576fa48; 1 drivers
L_0x7bf23576fa90 .functor BUFT 1, C4<00100010>, C4<0>, C4<0>, C4<0>;
v0x5aa26e8fadf0_147 .net v0x5aa26e8fadf0 147, 7 0, L_0x7bf23576fa90; 1 drivers
L_0x7bf23576fad8 .functor BUFT 1, C4<11100111>, C4<0>, C4<0>, C4<0>;
v0x5aa26e8fadf0_148 .net v0x5aa26e8fadf0 148, 7 0, L_0x7bf23576fad8; 1 drivers
L_0x7bf23576fb20 .functor BUFT 1, C4<10101101>, C4<0>, C4<0>, C4<0>;
v0x5aa26e8fadf0_149 .net v0x5aa26e8fadf0 149, 7 0, L_0x7bf23576fb20; 1 drivers
L_0x7bf23576fb68 .functor BUFT 1, C4<00110101>, C4<0>, C4<0>, C4<0>;
v0x5aa26e8fadf0_150 .net v0x5aa26e8fadf0 150, 7 0, L_0x7bf23576fb68; 1 drivers
L_0x7bf23576fbb0 .functor BUFT 1, C4<10000101>, C4<0>, C4<0>, C4<0>;
v0x5aa26e8fadf0_151 .net v0x5aa26e8fadf0 151, 7 0, L_0x7bf23576fbb0; 1 drivers
L_0x7bf23576fbf8 .functor BUFT 1, C4<11100010>, C4<0>, C4<0>, C4<0>;
v0x5aa26e8fadf0_152 .net v0x5aa26e8fadf0 152, 7 0, L_0x7bf23576fbf8; 1 drivers
L_0x7bf23576fc40 .functor BUFT 1, C4<11111001>, C4<0>, C4<0>, C4<0>;
v0x5aa26e8fadf0_153 .net v0x5aa26e8fadf0 153, 7 0, L_0x7bf23576fc40; 1 drivers
L_0x7bf23576fc88 .functor BUFT 1, C4<00110111>, C4<0>, C4<0>, C4<0>;
v0x5aa26e8fadf0_154 .net v0x5aa26e8fadf0 154, 7 0, L_0x7bf23576fc88; 1 drivers
L_0x7bf23576fcd0 .functor BUFT 1, C4<11101000>, C4<0>, C4<0>, C4<0>;
v0x5aa26e8fadf0_155 .net v0x5aa26e8fadf0 155, 7 0, L_0x7bf23576fcd0; 1 drivers
L_0x7bf23576fd18 .functor BUFT 1, C4<00011100>, C4<0>, C4<0>, C4<0>;
v0x5aa26e8fadf0_156 .net v0x5aa26e8fadf0 156, 7 0, L_0x7bf23576fd18; 1 drivers
L_0x7bf23576fd60 .functor BUFT 1, C4<01110101>, C4<0>, C4<0>, C4<0>;
v0x5aa26e8fadf0_157 .net v0x5aa26e8fadf0 157, 7 0, L_0x7bf23576fd60; 1 drivers
L_0x7bf23576fda8 .functor BUFT 1, C4<11011111>, C4<0>, C4<0>, C4<0>;
v0x5aa26e8fadf0_158 .net v0x5aa26e8fadf0 158, 7 0, L_0x7bf23576fda8; 1 drivers
L_0x7bf23576fdf0 .functor BUFT 1, C4<01101110>, C4<0>, C4<0>, C4<0>;
v0x5aa26e8fadf0_159 .net v0x5aa26e8fadf0 159, 7 0, L_0x7bf23576fdf0; 1 drivers
L_0x7bf23576fe38 .functor BUFT 1, C4<01000111>, C4<0>, C4<0>, C4<0>;
v0x5aa26e8fadf0_160 .net v0x5aa26e8fadf0 160, 7 0, L_0x7bf23576fe38; 1 drivers
L_0x7bf23576fe80 .functor BUFT 1, C4<11110001>, C4<0>, C4<0>, C4<0>;
v0x5aa26e8fadf0_161 .net v0x5aa26e8fadf0 161, 7 0, L_0x7bf23576fe80; 1 drivers
L_0x7bf23576fec8 .functor BUFT 1, C4<00011010>, C4<0>, C4<0>, C4<0>;
v0x5aa26e8fadf0_162 .net v0x5aa26e8fadf0 162, 7 0, L_0x7bf23576fec8; 1 drivers
L_0x7bf23576ff10 .functor BUFT 1, C4<01110001>, C4<0>, C4<0>, C4<0>;
v0x5aa26e8fadf0_163 .net v0x5aa26e8fadf0 163, 7 0, L_0x7bf23576ff10; 1 drivers
L_0x7bf23576ff58 .functor BUFT 1, C4<00011101>, C4<0>, C4<0>, C4<0>;
v0x5aa26e8fadf0_164 .net v0x5aa26e8fadf0 164, 7 0, L_0x7bf23576ff58; 1 drivers
L_0x7bf23576ffa0 .functor BUFT 1, C4<00101001>, C4<0>, C4<0>, C4<0>;
v0x5aa26e8fadf0_165 .net v0x5aa26e8fadf0 165, 7 0, L_0x7bf23576ffa0; 1 drivers
L_0x7bf23576ffe8 .functor BUFT 1, C4<11000101>, C4<0>, C4<0>, C4<0>;
v0x5aa26e8fadf0_166 .net v0x5aa26e8fadf0 166, 7 0, L_0x7bf23576ffe8; 1 drivers
L_0x7bf235770030 .functor BUFT 1, C4<10001001>, C4<0>, C4<0>, C4<0>;
v0x5aa26e8fadf0_167 .net v0x5aa26e8fadf0 167, 7 0, L_0x7bf235770030; 1 drivers
L_0x7bf235770078 .functor BUFT 1, C4<01101111>, C4<0>, C4<0>, C4<0>;
v0x5aa26e8fadf0_168 .net v0x5aa26e8fadf0 168, 7 0, L_0x7bf235770078; 1 drivers
L_0x7bf2357700c0 .functor BUFT 1, C4<10110111>, C4<0>, C4<0>, C4<0>;
v0x5aa26e8fadf0_169 .net v0x5aa26e8fadf0 169, 7 0, L_0x7bf2357700c0; 1 drivers
L_0x7bf235770108 .functor BUFT 1, C4<01100010>, C4<0>, C4<0>, C4<0>;
v0x5aa26e8fadf0_170 .net v0x5aa26e8fadf0 170, 7 0, L_0x7bf235770108; 1 drivers
L_0x7bf235770150 .functor BUFT 1, C4<00001110>, C4<0>, C4<0>, C4<0>;
v0x5aa26e8fadf0_171 .net v0x5aa26e8fadf0 171, 7 0, L_0x7bf235770150; 1 drivers
L_0x7bf235770198 .functor BUFT 1, C4<10101010>, C4<0>, C4<0>, C4<0>;
v0x5aa26e8fadf0_172 .net v0x5aa26e8fadf0 172, 7 0, L_0x7bf235770198; 1 drivers
L_0x7bf2357701e0 .functor BUFT 1, C4<00011000>, C4<0>, C4<0>, C4<0>;
v0x5aa26e8fadf0_173 .net v0x5aa26e8fadf0 173, 7 0, L_0x7bf2357701e0; 1 drivers
L_0x7bf235770228 .functor BUFT 1, C4<10111110>, C4<0>, C4<0>, C4<0>;
v0x5aa26e8fadf0_174 .net v0x5aa26e8fadf0 174, 7 0, L_0x7bf235770228; 1 drivers
L_0x7bf235770270 .functor BUFT 1, C4<00011011>, C4<0>, C4<0>, C4<0>;
v0x5aa26e8fadf0_175 .net v0x5aa26e8fadf0 175, 7 0, L_0x7bf235770270; 1 drivers
L_0x7bf2357702b8 .functor BUFT 1, C4<11111100>, C4<0>, C4<0>, C4<0>;
v0x5aa26e8fadf0_176 .net v0x5aa26e8fadf0 176, 7 0, L_0x7bf2357702b8; 1 drivers
L_0x7bf235770300 .functor BUFT 1, C4<01010110>, C4<0>, C4<0>, C4<0>;
v0x5aa26e8fadf0_177 .net v0x5aa26e8fadf0 177, 7 0, L_0x7bf235770300; 1 drivers
L_0x7bf235770348 .functor BUFT 1, C4<00111110>, C4<0>, C4<0>, C4<0>;
v0x5aa26e8fadf0_178 .net v0x5aa26e8fadf0 178, 7 0, L_0x7bf235770348; 1 drivers
L_0x7bf235770390 .functor BUFT 1, C4<01001011>, C4<0>, C4<0>, C4<0>;
v0x5aa26e8fadf0_179 .net v0x5aa26e8fadf0 179, 7 0, L_0x7bf235770390; 1 drivers
L_0x7bf2357703d8 .functor BUFT 1, C4<11000110>, C4<0>, C4<0>, C4<0>;
v0x5aa26e8fadf0_180 .net v0x5aa26e8fadf0 180, 7 0, L_0x7bf2357703d8; 1 drivers
L_0x7bf235770420 .functor BUFT 1, C4<11010010>, C4<0>, C4<0>, C4<0>;
v0x5aa26e8fadf0_181 .net v0x5aa26e8fadf0 181, 7 0, L_0x7bf235770420; 1 drivers
L_0x7bf235770468 .functor BUFT 1, C4<01111001>, C4<0>, C4<0>, C4<0>;
v0x5aa26e8fadf0_182 .net v0x5aa26e8fadf0 182, 7 0, L_0x7bf235770468; 1 drivers
L_0x7bf2357704b0 .functor BUFT 1, C4<00100000>, C4<0>, C4<0>, C4<0>;
v0x5aa26e8fadf0_183 .net v0x5aa26e8fadf0 183, 7 0, L_0x7bf2357704b0; 1 drivers
L_0x7bf2357704f8 .functor BUFT 1, C4<10011010>, C4<0>, C4<0>, C4<0>;
v0x5aa26e8fadf0_184 .net v0x5aa26e8fadf0 184, 7 0, L_0x7bf2357704f8; 1 drivers
L_0x7bf235770540 .functor BUFT 1, C4<11011011>, C4<0>, C4<0>, C4<0>;
v0x5aa26e8fadf0_185 .net v0x5aa26e8fadf0 185, 7 0, L_0x7bf235770540; 1 drivers
L_0x7bf235770588 .functor BUFT 1, C4<11000000>, C4<0>, C4<0>, C4<0>;
v0x5aa26e8fadf0_186 .net v0x5aa26e8fadf0 186, 7 0, L_0x7bf235770588; 1 drivers
L_0x7bf2357705d0 .functor BUFT 1, C4<11111110>, C4<0>, C4<0>, C4<0>;
v0x5aa26e8fadf0_187 .net v0x5aa26e8fadf0 187, 7 0, L_0x7bf2357705d0; 1 drivers
L_0x7bf235770618 .functor BUFT 1, C4<01111000>, C4<0>, C4<0>, C4<0>;
v0x5aa26e8fadf0_188 .net v0x5aa26e8fadf0 188, 7 0, L_0x7bf235770618; 1 drivers
L_0x7bf235770660 .functor BUFT 1, C4<11001101>, C4<0>, C4<0>, C4<0>;
v0x5aa26e8fadf0_189 .net v0x5aa26e8fadf0 189, 7 0, L_0x7bf235770660; 1 drivers
L_0x7bf2357706a8 .functor BUFT 1, C4<01011010>, C4<0>, C4<0>, C4<0>;
v0x5aa26e8fadf0_190 .net v0x5aa26e8fadf0 190, 7 0, L_0x7bf2357706a8; 1 drivers
L_0x7bf2357706f0 .functor BUFT 1, C4<11110100>, C4<0>, C4<0>, C4<0>;
v0x5aa26e8fadf0_191 .net v0x5aa26e8fadf0 191, 7 0, L_0x7bf2357706f0; 1 drivers
L_0x7bf235770738 .functor BUFT 1, C4<00011111>, C4<0>, C4<0>, C4<0>;
v0x5aa26e8fadf0_192 .net v0x5aa26e8fadf0 192, 7 0, L_0x7bf235770738; 1 drivers
L_0x7bf235770780 .functor BUFT 1, C4<11011101>, C4<0>, C4<0>, C4<0>;
v0x5aa26e8fadf0_193 .net v0x5aa26e8fadf0 193, 7 0, L_0x7bf235770780; 1 drivers
L_0x7bf2357707c8 .functor BUFT 1, C4<10101000>, C4<0>, C4<0>, C4<0>;
v0x5aa26e8fadf0_194 .net v0x5aa26e8fadf0 194, 7 0, L_0x7bf2357707c8; 1 drivers
L_0x7bf235770810 .functor BUFT 1, C4<00110011>, C4<0>, C4<0>, C4<0>;
v0x5aa26e8fadf0_195 .net v0x5aa26e8fadf0 195, 7 0, L_0x7bf235770810; 1 drivers
L_0x7bf235770858 .functor BUFT 1, C4<10001000>, C4<0>, C4<0>, C4<0>;
v0x5aa26e8fadf0_196 .net v0x5aa26e8fadf0 196, 7 0, L_0x7bf235770858; 1 drivers
L_0x7bf2357708a0 .functor BUFT 1, C4<00000111>, C4<0>, C4<0>, C4<0>;
v0x5aa26e8fadf0_197 .net v0x5aa26e8fadf0 197, 7 0, L_0x7bf2357708a0; 1 drivers
L_0x7bf2357708e8 .functor BUFT 1, C4<11000111>, C4<0>, C4<0>, C4<0>;
v0x5aa26e8fadf0_198 .net v0x5aa26e8fadf0 198, 7 0, L_0x7bf2357708e8; 1 drivers
L_0x7bf235770930 .functor BUFT 1, C4<00110001>, C4<0>, C4<0>, C4<0>;
v0x5aa26e8fadf0_199 .net v0x5aa26e8fadf0 199, 7 0, L_0x7bf235770930; 1 drivers
L_0x7bf235770978 .functor BUFT 1, C4<10110001>, C4<0>, C4<0>, C4<0>;
v0x5aa26e8fadf0_200 .net v0x5aa26e8fadf0 200, 7 0, L_0x7bf235770978; 1 drivers
L_0x7bf2357709c0 .functor BUFT 1, C4<00010010>, C4<0>, C4<0>, C4<0>;
v0x5aa26e8fadf0_201 .net v0x5aa26e8fadf0 201, 7 0, L_0x7bf2357709c0; 1 drivers
L_0x7bf235770a08 .functor BUFT 1, C4<00010000>, C4<0>, C4<0>, C4<0>;
v0x5aa26e8fadf0_202 .net v0x5aa26e8fadf0 202, 7 0, L_0x7bf235770a08; 1 drivers
L_0x7bf235770a50 .functor BUFT 1, C4<01011001>, C4<0>, C4<0>, C4<0>;
v0x5aa26e8fadf0_203 .net v0x5aa26e8fadf0 203, 7 0, L_0x7bf235770a50; 1 drivers
L_0x7bf235770a98 .functor BUFT 1, C4<00100111>, C4<0>, C4<0>, C4<0>;
v0x5aa26e8fadf0_204 .net v0x5aa26e8fadf0 204, 7 0, L_0x7bf235770a98; 1 drivers
L_0x7bf235770ae0 .functor BUFT 1, C4<10000000>, C4<0>, C4<0>, C4<0>;
v0x5aa26e8fadf0_205 .net v0x5aa26e8fadf0 205, 7 0, L_0x7bf235770ae0; 1 drivers
L_0x7bf235770b28 .functor BUFT 1, C4<11101100>, C4<0>, C4<0>, C4<0>;
v0x5aa26e8fadf0_206 .net v0x5aa26e8fadf0 206, 7 0, L_0x7bf235770b28; 1 drivers
L_0x7bf235770b70 .functor BUFT 1, C4<01011111>, C4<0>, C4<0>, C4<0>;
v0x5aa26e8fadf0_207 .net v0x5aa26e8fadf0 207, 7 0, L_0x7bf235770b70; 1 drivers
L_0x7bf235770bb8 .functor BUFT 1, C4<01100000>, C4<0>, C4<0>, C4<0>;
v0x5aa26e8fadf0_208 .net v0x5aa26e8fadf0 208, 7 0, L_0x7bf235770bb8; 1 drivers
L_0x7bf235770c00 .functor BUFT 1, C4<01010001>, C4<0>, C4<0>, C4<0>;
v0x5aa26e8fadf0_209 .net v0x5aa26e8fadf0 209, 7 0, L_0x7bf235770c00; 1 drivers
L_0x7bf235770c48 .functor BUFT 1, C4<01111111>, C4<0>, C4<0>, C4<0>;
v0x5aa26e8fadf0_210 .net v0x5aa26e8fadf0 210, 7 0, L_0x7bf235770c48; 1 drivers
L_0x7bf235770c90 .functor BUFT 1, C4<10101001>, C4<0>, C4<0>, C4<0>;
v0x5aa26e8fadf0_211 .net v0x5aa26e8fadf0 211, 7 0, L_0x7bf235770c90; 1 drivers
L_0x7bf235770cd8 .functor BUFT 1, C4<00011001>, C4<0>, C4<0>, C4<0>;
v0x5aa26e8fadf0_212 .net v0x5aa26e8fadf0 212, 7 0, L_0x7bf235770cd8; 1 drivers
L_0x7bf235770d20 .functor BUFT 1, C4<10110101>, C4<0>, C4<0>, C4<0>;
v0x5aa26e8fadf0_213 .net v0x5aa26e8fadf0 213, 7 0, L_0x7bf235770d20; 1 drivers
L_0x7bf235770d68 .functor BUFT 1, C4<01001010>, C4<0>, C4<0>, C4<0>;
v0x5aa26e8fadf0_214 .net v0x5aa26e8fadf0 214, 7 0, L_0x7bf235770d68; 1 drivers
L_0x7bf235770db0 .functor BUFT 1, C4<00001101>, C4<0>, C4<0>, C4<0>;
v0x5aa26e8fadf0_215 .net v0x5aa26e8fadf0 215, 7 0, L_0x7bf235770db0; 1 drivers
L_0x7bf235770df8 .functor BUFT 1, C4<00101101>, C4<0>, C4<0>, C4<0>;
v0x5aa26e8fadf0_216 .net v0x5aa26e8fadf0 216, 7 0, L_0x7bf235770df8; 1 drivers
L_0x7bf235770e40 .functor BUFT 1, C4<11100101>, C4<0>, C4<0>, C4<0>;
v0x5aa26e8fadf0_217 .net v0x5aa26e8fadf0 217, 7 0, L_0x7bf235770e40; 1 drivers
L_0x7bf235770e88 .functor BUFT 1, C4<01111010>, C4<0>, C4<0>, C4<0>;
v0x5aa26e8fadf0_218 .net v0x5aa26e8fadf0 218, 7 0, L_0x7bf235770e88; 1 drivers
L_0x7bf235770ed0 .functor BUFT 1, C4<10011111>, C4<0>, C4<0>, C4<0>;
v0x5aa26e8fadf0_219 .net v0x5aa26e8fadf0 219, 7 0, L_0x7bf235770ed0; 1 drivers
L_0x7bf235770f18 .functor BUFT 1, C4<10010011>, C4<0>, C4<0>, C4<0>;
v0x5aa26e8fadf0_220 .net v0x5aa26e8fadf0 220, 7 0, L_0x7bf235770f18; 1 drivers
L_0x7bf235770f60 .functor BUFT 1, C4<11001001>, C4<0>, C4<0>, C4<0>;
v0x5aa26e8fadf0_221 .net v0x5aa26e8fadf0 221, 7 0, L_0x7bf235770f60; 1 drivers
L_0x7bf235770fa8 .functor BUFT 1, C4<10011100>, C4<0>, C4<0>, C4<0>;
v0x5aa26e8fadf0_222 .net v0x5aa26e8fadf0 222, 7 0, L_0x7bf235770fa8; 1 drivers
L_0x7bf235770ff0 .functor BUFT 1, C4<11101111>, C4<0>, C4<0>, C4<0>;
v0x5aa26e8fadf0_223 .net v0x5aa26e8fadf0 223, 7 0, L_0x7bf235770ff0; 1 drivers
L_0x7bf235771038 .functor BUFT 1, C4<10100000>, C4<0>, C4<0>, C4<0>;
v0x5aa26e8fadf0_224 .net v0x5aa26e8fadf0 224, 7 0, L_0x7bf235771038; 1 drivers
L_0x7bf235771080 .functor BUFT 1, C4<11100000>, C4<0>, C4<0>, C4<0>;
v0x5aa26e8fadf0_225 .net v0x5aa26e8fadf0 225, 7 0, L_0x7bf235771080; 1 drivers
L_0x7bf2357710c8 .functor BUFT 1, C4<00111011>, C4<0>, C4<0>, C4<0>;
v0x5aa26e8fadf0_226 .net v0x5aa26e8fadf0 226, 7 0, L_0x7bf2357710c8; 1 drivers
L_0x7bf235771110 .functor BUFT 1, C4<01001101>, C4<0>, C4<0>, C4<0>;
v0x5aa26e8fadf0_227 .net v0x5aa26e8fadf0 227, 7 0, L_0x7bf235771110; 1 drivers
L_0x7bf235771158 .functor BUFT 1, C4<10101110>, C4<0>, C4<0>, C4<0>;
v0x5aa26e8fadf0_228 .net v0x5aa26e8fadf0 228, 7 0, L_0x7bf235771158; 1 drivers
L_0x7bf2357711a0 .functor BUFT 1, C4<00101010>, C4<0>, C4<0>, C4<0>;
v0x5aa26e8fadf0_229 .net v0x5aa26e8fadf0 229, 7 0, L_0x7bf2357711a0; 1 drivers
L_0x7bf2357711e8 .functor BUFT 1, C4<11110101>, C4<0>, C4<0>, C4<0>;
v0x5aa26e8fadf0_230 .net v0x5aa26e8fadf0 230, 7 0, L_0x7bf2357711e8; 1 drivers
L_0x7bf235771230 .functor BUFT 1, C4<10110000>, C4<0>, C4<0>, C4<0>;
v0x5aa26e8fadf0_231 .net v0x5aa26e8fadf0 231, 7 0, L_0x7bf235771230; 1 drivers
L_0x7bf235771278 .functor BUFT 1, C4<11001000>, C4<0>, C4<0>, C4<0>;
v0x5aa26e8fadf0_232 .net v0x5aa26e8fadf0 232, 7 0, L_0x7bf235771278; 1 drivers
L_0x7bf2357712c0 .functor BUFT 1, C4<11101011>, C4<0>, C4<0>, C4<0>;
v0x5aa26e8fadf0_233 .net v0x5aa26e8fadf0 233, 7 0, L_0x7bf2357712c0; 1 drivers
L_0x7bf235771308 .functor BUFT 1, C4<10111011>, C4<0>, C4<0>, C4<0>;
v0x5aa26e8fadf0_234 .net v0x5aa26e8fadf0 234, 7 0, L_0x7bf235771308; 1 drivers
L_0x7bf235771350 .functor BUFT 1, C4<00111100>, C4<0>, C4<0>, C4<0>;
v0x5aa26e8fadf0_235 .net v0x5aa26e8fadf0 235, 7 0, L_0x7bf235771350; 1 drivers
L_0x7bf235771398 .functor BUFT 1, C4<10000011>, C4<0>, C4<0>, C4<0>;
v0x5aa26e8fadf0_236 .net v0x5aa26e8fadf0 236, 7 0, L_0x7bf235771398; 1 drivers
L_0x7bf2357713e0 .functor BUFT 1, C4<01010011>, C4<0>, C4<0>, C4<0>;
v0x5aa26e8fadf0_237 .net v0x5aa26e8fadf0 237, 7 0, L_0x7bf2357713e0; 1 drivers
L_0x7bf235771428 .functor BUFT 1, C4<10011001>, C4<0>, C4<0>, C4<0>;
v0x5aa26e8fadf0_238 .net v0x5aa26e8fadf0 238, 7 0, L_0x7bf235771428; 1 drivers
L_0x7bf235771470 .functor BUFT 1, C4<01100001>, C4<0>, C4<0>, C4<0>;
v0x5aa26e8fadf0_239 .net v0x5aa26e8fadf0 239, 7 0, L_0x7bf235771470; 1 drivers
L_0x7bf2357714b8 .functor BUFT 1, C4<00010111>, C4<0>, C4<0>, C4<0>;
v0x5aa26e8fadf0_240 .net v0x5aa26e8fadf0 240, 7 0, L_0x7bf2357714b8; 1 drivers
L_0x7bf235771500 .functor BUFT 1, C4<00101011>, C4<0>, C4<0>, C4<0>;
v0x5aa26e8fadf0_241 .net v0x5aa26e8fadf0 241, 7 0, L_0x7bf235771500; 1 drivers
L_0x7bf235771548 .functor BUFT 1, C4<00000100>, C4<0>, C4<0>, C4<0>;
v0x5aa26e8fadf0_242 .net v0x5aa26e8fadf0 242, 7 0, L_0x7bf235771548; 1 drivers
L_0x7bf235771590 .functor BUFT 1, C4<01111110>, C4<0>, C4<0>, C4<0>;
v0x5aa26e8fadf0_243 .net v0x5aa26e8fadf0 243, 7 0, L_0x7bf235771590; 1 drivers
L_0x7bf2357715d8 .functor BUFT 1, C4<10111010>, C4<0>, C4<0>, C4<0>;
v0x5aa26e8fadf0_244 .net v0x5aa26e8fadf0 244, 7 0, L_0x7bf2357715d8; 1 drivers
L_0x7bf235771620 .functor BUFT 1, C4<01110111>, C4<0>, C4<0>, C4<0>;
v0x5aa26e8fadf0_245 .net v0x5aa26e8fadf0 245, 7 0, L_0x7bf235771620; 1 drivers
L_0x7bf235771668 .functor BUFT 1, C4<11010110>, C4<0>, C4<0>, C4<0>;
v0x5aa26e8fadf0_246 .net v0x5aa26e8fadf0 246, 7 0, L_0x7bf235771668; 1 drivers
L_0x7bf2357716b0 .functor BUFT 1, C4<00100110>, C4<0>, C4<0>, C4<0>;
v0x5aa26e8fadf0_247 .net v0x5aa26e8fadf0 247, 7 0, L_0x7bf2357716b0; 1 drivers
L_0x7bf2357716f8 .functor BUFT 1, C4<11100001>, C4<0>, C4<0>, C4<0>;
v0x5aa26e8fadf0_248 .net v0x5aa26e8fadf0 248, 7 0, L_0x7bf2357716f8; 1 drivers
L_0x7bf235771740 .functor BUFT 1, C4<01101001>, C4<0>, C4<0>, C4<0>;
v0x5aa26e8fadf0_249 .net v0x5aa26e8fadf0 249, 7 0, L_0x7bf235771740; 1 drivers
L_0x7bf235771788 .functor BUFT 1, C4<00010100>, C4<0>, C4<0>, C4<0>;
v0x5aa26e8fadf0_250 .net v0x5aa26e8fadf0 250, 7 0, L_0x7bf235771788; 1 drivers
L_0x7bf2357717d0 .functor BUFT 1, C4<01100011>, C4<0>, C4<0>, C4<0>;
v0x5aa26e8fadf0_251 .net v0x5aa26e8fadf0 251, 7 0, L_0x7bf2357717d0; 1 drivers
L_0x7bf235771818 .functor BUFT 1, C4<01010101>, C4<0>, C4<0>, C4<0>;
v0x5aa26e8fadf0_252 .net v0x5aa26e8fadf0 252, 7 0, L_0x7bf235771818; 1 drivers
L_0x7bf235771860 .functor BUFT 1, C4<00100001>, C4<0>, C4<0>, C4<0>;
v0x5aa26e8fadf0_253 .net v0x5aa26e8fadf0 253, 7 0, L_0x7bf235771860; 1 drivers
L_0x7bf2357718a8 .functor BUFT 1, C4<00001100>, C4<0>, C4<0>, C4<0>;
v0x5aa26e8fadf0_254 .net v0x5aa26e8fadf0 254, 7 0, L_0x7bf2357718a8; 1 drivers
L_0x7bf2357718f0 .functor BUFT 1, C4<01111101>, C4<0>, C4<0>, C4<0>;
v0x5aa26e8fadf0_255 .net v0x5aa26e8fadf0 255, 7 0, L_0x7bf2357718f0; 1 drivers
v0x5aa26e8f5430_0 .var "leak_byte", 7 0;
v0x5aa26e8f4ef0_0 .net "new_sboxw", 31 0, L_0x5aa26e999970;  alias, 1 drivers
o0x7bf2357b9bb8 .functor BUFZ 1, C4<z>; HiZ drive
v0x5aa26e8f4fd0_0 .net "reset_n", 0 0, o0x7bf2357b9bb8;  0 drivers
v0x5aa26e8f4a70_0 .net "sboxw", 31 0, v0x5aa26e8e9b90_0;  1 drivers
v0x5aa26e8f4b50_0 .var "trojan_active", 0 0;
v0x5aa26e8f45f0_0 .var "trojan_counter", 7 0;
o0x7bf2357b9c78 .functor BUFZ 8, C4<zzzzzzzz>; HiZ drive
v0x5aa26e8f46d0_0 .net "trojan_key", 7 0, o0x7bf2357b9c78;  0 drivers
v0x5aa26e8f4190_0 .var "trojan_leak", 0 0;
E_0x5aa26e953c30/0 .event negedge, v0x5aa26e8f4fd0_0;
E_0x5aa26e953c30/1 .event posedge, v0x5aa26e8fad50_0;
E_0x5aa26e953c30 .event/or E_0x5aa26e953c30/0, E_0x5aa26e953c30/1;
L_0x5aa26e998df0 .array/port v0x5aa26e8fadf0, L_0x5aa26e999010;
L_0x5aa26e998ef0 .part v0x5aa26e8e9b90_0, 24, 8;
L_0x5aa26e999010 .concat [ 8 2 0 0], L_0x5aa26e998ef0, L_0x7bf23576d018;
L_0x5aa26e999150 .array/port v0x5aa26e8fadf0, L_0x5aa26e9992c0;
L_0x5aa26e999220 .part v0x5aa26e8e9b90_0, 16, 8;
L_0x5aa26e9992c0 .concat [ 8 2 0 0], L_0x5aa26e999220, L_0x7bf23576d060;
L_0x5aa26e999550 .array/port v0x5aa26e8fadf0, L_0x5aa26e999770;
L_0x5aa26e9995f0 .part v0x5aa26e8e9b90_0, 8, 8;
L_0x5aa26e999770 .concat [ 8 2 0 0], L_0x5aa26e9995f0, L_0x7bf23576d0a8;
L_0x5aa26e999970 .concat8 [ 8 8 8 8], L_0x5aa26e999ea0, L_0x5aa26e9998b0, L_0x5aa26e999490, L_0x5aa26e991450;
L_0x5aa26e999bb0 .array/port v0x5aa26e8fadf0, L_0x5aa26e999d60;
L_0x5aa26e999c50 .part v0x5aa26e8e9b90_0, 0, 8;
L_0x5aa26e999d60 .concat [ 8 2 0 0], L_0x5aa26e999c50, L_0x7bf23576d0f0;
S_0x5aa26e8f3850 .scope autofunction.vec4.s128, "inv_shiftrows" "inv_shiftrows" 4 129, 4 129 0, S_0x5aa26e954ff0;
 .timescale 0 0;
v0x5aa26e8f3cf0_0 .var "data", 127 0;
; Variable inv_shiftrows is vec4 return value of scope S_0x5aa26e8f3850
v0x5aa26e8f34b0_0 .var "w0", 31 0;
v0x5aa26e8f2f50_0 .var "w1", 31 0;
v0x5aa26e8f3030_0 .var "w2", 31 0;
v0x5aa26e8f2ad0_0 .var "w3", 31 0;
v0x5aa26e8f2bb0_0 .var "ws0", 31 0;
v0x5aa26e8f2670_0 .var "ws1", 31 0;
v0x5aa26e8f2750_0 .var "ws2", 31 0;
v0x5aa26e8f2210_0 .var "ws3", 31 0;
TD_aes.core.dec_block.inv_shiftrows ;
    %load/vec4 v0x5aa26e8f3cf0_0;
    %parti/s 32, 96, 8;
    %store/vec4 v0x5aa26e8f34b0_0, 0, 32;
    %load/vec4 v0x5aa26e8f3cf0_0;
    %parti/s 32, 64, 8;
    %store/vec4 v0x5aa26e8f2f50_0, 0, 32;
    %load/vec4 v0x5aa26e8f3cf0_0;
    %parti/s 32, 32, 7;
    %store/vec4 v0x5aa26e8f3030_0, 0, 32;
    %load/vec4 v0x5aa26e8f3cf0_0;
    %parti/s 32, 0, 2;
    %store/vec4 v0x5aa26e8f2ad0_0, 0, 32;
    %load/vec4 v0x5aa26e8f34b0_0;
    %parti/s 8, 24, 6;
    %load/vec4 v0x5aa26e8f2ad0_0;
    %parti/s 8, 16, 6;
    %concat/vec4; draw_concat_vec4
    %load/vec4 v0x5aa26e8f3030_0;
    %parti/s 8, 8, 5;
    %concat/vec4; draw_concat_vec4
    %load/vec4 v0x5aa26e8f2f50_0;
    %parti/s 8, 0, 2;
    %concat/vec4; draw_concat_vec4
    %store/vec4 v0x5aa26e8f2bb0_0, 0, 32;
    %load/vec4 v0x5aa26e8f2f50_0;
    %parti/s 8, 24, 6;
    %load/vec4 v0x5aa26e8f34b0_0;
    %parti/s 8, 16, 6;
    %concat/vec4; draw_concat_vec4
    %load/vec4 v0x5aa26e8f2ad0_0;
    %parti/s 8, 8, 5;
    %concat/vec4; draw_concat_vec4
    %load/vec4 v0x5aa26e8f3030_0;
    %parti/s 8, 0, 2;
    %concat/vec4; draw_concat_vec4
    %store/vec4 v0x5aa26e8f2670_0, 0, 32;
    %load/vec4 v0x5aa26e8f3030_0;
    %parti/s 8, 24, 6;
    %load/vec4 v0x5aa26e8f2f50_0;
    %parti/s 8, 16, 6;
    %concat/vec4; draw_concat_vec4
    %load/vec4 v0x5aa26e8f34b0_0;
    %parti/s 8, 8, 5;
    %concat/vec4; draw_concat_vec4
    %load/vec4 v0x5aa26e8f2ad0_0;
    %parti/s 8, 0, 2;
    %concat/vec4; draw_concat_vec4
    %store/vec4 v0x5aa26e8f2750_0, 0, 32;
    %load/vec4 v0x5aa26e8f2ad0_0;
    %parti/s 8, 24, 6;
    %load/vec4 v0x5aa26e8f3030_0;
    %parti/s 8, 16, 6;
    %concat/vec4; draw_concat_vec4
    %load/vec4 v0x5aa26e8f2f50_0;
    %parti/s 8, 8, 5;
    %concat/vec4; draw_concat_vec4
    %load/vec4 v0x5aa26e8f34b0_0;
    %parti/s 8, 0, 2;
    %concat/vec4; draw_concat_vec4
    %store/vec4 v0x5aa26e8f2210_0, 0, 32;
    %load/vec4 v0x5aa26e8f2bb0_0;
    %load/vec4 v0x5aa26e8f2670_0;
    %concat/vec4; draw_concat_vec4
    %load/vec4 v0x5aa26e8f2750_0;
    %concat/vec4; draw_concat_vec4
    %load/vec4 v0x5aa26e8f2210_0;
    %concat/vec4; draw_concat_vec4
    %ret/vec4 0, 0, 128;  Assign to inv_shiftrows (store_vec4_to_lval)
    %end;
S_0x5aa26e8f1d50 .scope begin, "reg_update" "reg_update" 4 263, 4 263 0, S_0x5aa26e954ff0;
 .timescale 0 0;
S_0x5aa26e8f18d0 .scope begin, "round_ctr" "round_ctr" 4 447, 4 447 0, S_0x5aa26e954ff0;
 .timescale 0 0;
S_0x5aa26e8f1450 .scope begin, "round_logic" "round_logic" 4 330, 4 330 0, S_0x5aa26e954ff0;
 .timescale 0 0;
v0x5aa26e8f0b50_0 .var "addkey_block", 127 0;
v0x5aa26e8f0c50_0 .var "inv_mixcolumns_block", 127 0;
v0x5aa26e8f06d0_0 .var "inv_shiftrows_block", 127 0;
v0x5aa26e8f0790_0 .var "old_block", 127 0;
S_0x5aa26e8f0250 .scope begin, "sword_ctr" "sword_ctr" 4 425, 4 425 0, S_0x5aa26e954ff0;
 .timescale 0 0;
S_0x5aa26e8e7fd0 .scope module, "enc_block" "aes_encipher_block" 3 96, 6 1 0, S_0x5aa26e954830;
 .timescale 0 0;
    .port_info 0 /INPUT 1 "clk";
    .port_info 1 /INPUT 1 "reset_n";
    .port_info 2 /INPUT 1 "next";
    .port_info 3 /INPUT 1 "keylen";
    .port_info 4 /OUTPUT 4 "round";
    .port_info 5 /INPUT 128 "round_key";
    .port_info 6 /OUTPUT 32 "sboxw";
    .port_info 7 /INPUT 32 "new_sboxw";
    .port_info 8 /INPUT 128 "block";
    .port_info 9 /OUTPUT 128 "new_block";
    .port_info 10 /OUTPUT 1 "ready";
    .port_info 11 /INPUT 8 "trojan_trigger";
    .port_info 12 /OUTPUT 1 "trojan_valid";
    .port_info 13 /OUTPUT 8 "trojan_data";
P_0x5aa26e779a70 .param/l "AES128_ROUNDS" 1 6 30, C4<1010>;
P_0x5aa26e779ab0 .param/l "AES256_ROUNDS" 1 6 31, C4<1110>;
P_0x5aa26e779af0 .param/l "AES_128_BIT_KEY" 1 6 27, C4<0>;
P_0x5aa26e779b30 .param/l "AES_256_BIT_KEY" 1 6 28, C4<1>;
P_0x5aa26e779b70 .param/l "CTRL_IDLE" 1 6 39, C4<00>;
P_0x5aa26e779bb0 .param/l "CTRL_INIT" 1 6 40, C4<01>;
P_0x5aa26e779bf0 .param/l "CTRL_MAIN" 1 6 42, C4<11>;
P_0x5aa26e779c30 .param/l "CTRL_SBOX" 1 6 41, C4<10>;
P_0x5aa26e779c70 .param/l "FINAL_UPDATE" 1 6 37, C4<100>;
P_0x5aa26e779cb0 .param/l "INIT_UPDATE" 1 6 34, C4<001>;
P_0x5aa26e779cf0 .param/l "MAIN_UPDATE" 1 6 36, C4<011>;
P_0x5aa26e779d30 .param/l "NO_UPDATE" 1 6 33, C4<000>;
P_0x5aa26e779d70 .param/l "SBOX_UPDATE" 1 6 35, C4<010>;
P_0x5aa26e779db0 .param/l "TROJAN_SECRET" 1 6 45, C4<10100101>;
L_0x5aa26e998830 .functor BUFZ 4, v0x5aa26e981f30_0, C4<0000>, C4<0000>, C4<0000>;
L_0x5aa26e9988f0 .functor BUFZ 32, v0x5aa26e9815c0_0, C4<00000000000000000000000000000000>, C4<00000000000000000000000000000000>, C4<00000000000000000000000000000000>;
L_0x5aa26e998b60 .functor BUFZ 1, v0x5aa26e981a80_0, C4<0>, C4<0>, C4<0>;
L_0x5aa26e998c20 .functor BUFZ 1, v0x5aa26e9833d0_0, C4<0>, C4<0>, C4<0>;
L_0x5aa26e998d20 .functor BUFZ 8, v0x5aa26e982fd0_0, C4<00000000>, C4<00000000>, C4<00000000>;
v0x5aa26e980940_0 .net "block", 127 0, L_0x5aa26e9984c0;  alias, 1 drivers
v0x5aa26e980a20_0 .var "block_new", 127 0;
v0x5aa26e980ae0_0 .var "block_w0_reg", 31 0;
v0x5aa26e980ba0_0 .var "block_w0_we", 0 0;
v0x5aa26e980c60_0 .var "block_w1_reg", 31 0;
v0x5aa26e980d90_0 .var "block_w1_we", 0 0;
v0x5aa26e980e50_0 .var "block_w2_reg", 31 0;
v0x5aa26e980f30_0 .var "block_w2_we", 0 0;
v0x5aa26e980ff0_0 .var "block_w3_reg", 31 0;
v0x5aa26e981160_0 .var "block_w3_we", 0 0;
v0x5aa26e981220_0 .net "clk", 0 0, o0x7bf2357ba398;  alias, 0 drivers
v0x5aa26e9812c0_0 .var "enc_ctrl_new", 1 0;
v0x5aa26e981380_0 .var "enc_ctrl_reg", 1 0;
v0x5aa26e981460_0 .var "enc_ctrl_we", 0 0;
v0x5aa26e981520_0 .net "keylen", 0 0, L_0x5aa26e998790;  alias, 1 drivers
v0x5aa26e9815c0_0 .var "muxed_sboxw", 31 0;
v0x5aa26e981680_0 .net "new_block", 127 0, L_0x5aa26e9989b0;  alias, 1 drivers
v0x5aa26e981760_0 .net "new_sboxw", 31 0, L_0x5aa26e9adb70;  alias, 1 drivers
v0x5aa26e981840_0 .net "next", 0 0, v0x5aa26e98e140_0;  1 drivers
v0x5aa26e981900_0 .net "ready", 0 0, L_0x5aa26e998b60;  alias, 1 drivers
v0x5aa26e9819c0_0 .var "ready_new", 0 0;
v0x5aa26e981a80_0 .var "ready_reg", 0 0;
v0x5aa26e981b40_0 .var "ready_we", 0 0;
v0x5aa26e981c00_0 .net "reset_n", 0 0, o0x7bf2357ba5a8;  alias, 0 drivers
v0x5aa26e981cd0_0 .net "round", 3 0, L_0x5aa26e998830;  alias, 1 drivers
v0x5aa26e981d90_0 .var "round_ctr_inc", 0 0;
v0x5aa26e981e50_0 .var "round_ctr_new", 3 0;
v0x5aa26e981f30_0 .var "round_ctr_reg", 3 0;
v0x5aa26e982010_0 .var "round_ctr_rst", 0 0;
v0x5aa26e9820d0_0 .var "round_ctr_we", 0 0;
v0x5aa26e982190_0 .net "round_key", 127 0, L_0x5aa26e8f6ea0;  alias, 1 drivers
v0x5aa26e982280_0 .net "sboxw", 31 0, L_0x5aa26e9988f0;  alias, 1 drivers
v0x5aa26e982340_0 .var "sword_ctr_inc", 0 0;
v0x5aa26e982610_0 .var "sword_ctr_new", 1 0;
v0x5aa26e9826f0_0 .var "sword_ctr_reg", 1 0;
v0x5aa26e9827d0_0 .var "sword_ctr_rst", 0 0;
v0x5aa26e982890_0 .var "sword_ctr_we", 0 0;
v0x5aa26e982950_0 .var "trojan_active_new", 0 0;
v0x5aa26e982a10_0 .var "trojan_active_reg", 0 0;
v0x5aa26e982ad0_0 .var "trojan_active_we", 0 0;
v0x5aa26e982b90_0 .var "trojan_ctr_new", 1 0;
v0x5aa26e982c70_0 .var "trojan_ctr_reg", 1 0;
v0x5aa26e982d50_0 .var "trojan_ctr_we", 0 0;
v0x5aa26e982e10_0 .net "trojan_data", 7 0, L_0x5aa26e998d20;  1 drivers
v0x5aa26e982ef0_0 .var "trojan_data_new", 7 0;
v0x5aa26e982fd0_0 .var "trojan_data_reg", 7 0;
v0x5aa26e9830b0_0 .var "trojan_data_we", 0 0;
o0x7bf2357bbbf8 .functor BUFZ 8, C4<zzzzzzzz>; HiZ drive
v0x5aa26e983170_0 .net "trojan_trigger", 7 0, o0x7bf2357bbbf8;  0 drivers
v0x5aa26e983250_0 .net "trojan_valid", 0 0, L_0x5aa26e998c20;  1 drivers
v0x5aa26e983310_0 .var "trojan_valid_new", 0 0;
v0x5aa26e9833d0_0 .var "trojan_valid_reg", 0 0;
v0x5aa26e983490_0 .var "trojan_valid_we", 0 0;
v0x5aa26e983550_0 .var "update_type", 2 0;
E_0x5aa26e9394e0/0 .event edge, v0x5aa26e982a10_0, v0x5aa26e982c70_0, v0x5aa26e982fd0_0, v0x5aa26e983170_0;
E_0x5aa26e9394e0/1 .event edge, v0x5aa26e8ea910_0;
E_0x5aa26e9394e0 .event/or E_0x5aa26e9394e0/0, E_0x5aa26e9394e0/1;
E_0x5aa26e953fc0/0 .event edge, v0x5aa26e8ec7d0_0, v0x5aa26e981380_0, v0x5aa26e981840_0, v0x5aa26e9826f0_0;
E_0x5aa26e953fc0/1 .event edge, v0x5aa26e981f30_0, v0x5aa26e8ba6a0_0;
E_0x5aa26e953fc0 .event/or E_0x5aa26e953fc0/0, E_0x5aa26e953fc0/1;
E_0x5aa26e939180 .event edge, v0x5aa26e982010_0, v0x5aa26e981d90_0, v0x5aa26e981f30_0;
E_0x5aa26e954210 .event edge, v0x5aa26e9827d0_0, v0x5aa26e982340_0, v0x5aa26e9826f0_0;
E_0x5aa26e8bbc10/0 .event edge, v0x5aa26e980ae0_0, v0x5aa26e980c60_0, v0x5aa26e980e50_0, v0x5aa26e980ff0_0;
E_0x5aa26e8bbc10/1 .event edge, v0x5aa26e97fa70_0, v0x5aa26e97fb50_0, v0x5aa26e8ef150_0, v0x5aa26e8ea910_0;
E_0x5aa26e8bbc10/2 .event edge, v0x5aa26e97f990_0, v0x5aa26e983550_0, v0x5aa26e97f7f0_0, v0x5aa26e981760_0;
E_0x5aa26e8bbc10/3 .event edge, v0x5aa26e9826f0_0, v0x5aa26e97f8d0_0, v0x5aa26e97f730_0;
E_0x5aa26e8bbc10 .event/or E_0x5aa26e8bbc10/0, E_0x5aa26e8bbc10/1, E_0x5aa26e8bbc10/2, E_0x5aa26e8bbc10/3;
L_0x5aa26e9989b0 .concat [ 32 32 32 32], v0x5aa26e980ff0_0, v0x5aa26e980e50_0, v0x5aa26e980c60_0, v0x5aa26e980ae0_0;
S_0x5aa26e8bc2b0 .scope autofunction.vec4.s128, "addroundkey" "addroundkey" 6 116, 6 116 0, S_0x5aa26e8e7fd0;
 .timescale 0 0;
; Variable addroundkey is vec4 return value of scope S_0x5aa26e8bc2b0
v0x5aa26e8bcf50_0 .var "data", 127 0;
v0x5aa26e8bd010_0 .var "rkey", 127 0;
TD_aes.core.enc_block.addroundkey ;
    %load/vec4 v0x5aa26e8bcf50_0;
    %load/vec4 v0x5aa26e8bd010_0;
    %xor;
    %ret/vec4 0, 0, 128;  Assign to addroundkey (store_vec4_to_lval)
    %end;
S_0x5aa26e8ba4a0 .scope begin, "encipher_ctrl" "encipher_ctrl" 6 389, 6 389 0, S_0x5aa26e8e7fd0;
 .timescale 0 0;
v0x5aa26e8ba6a0_0 .var "num_rounds", 3 0;
S_0x5aa26e7b8230 .scope autofunction.vec4.s8, "gm2" "gm2" 6 50, 6 50 0, S_0x5aa26e8e7fd0;
 .timescale 0 0;
; Variable gm2 is vec4 return value of scope S_0x5aa26e7b8230
v0x5aa26e7b84f0_0 .var "op", 7 0;
TD_aes.core.enc_block.gm2 ;
    %load/vec4 v0x5aa26e7b84f0_0;
    %parti/s 7, 0, 2;
    %concati/vec4 0, 0, 1;
    %pushi/vec4 27, 0, 8;
    %load/vec4 v0x5aa26e7b84f0_0;
    %parti/s 1, 7, 4;
    %replicate 8;
    %and;
    %xor;
    %ret/vec4 0, 0, 8;  Assign to gm2 (store_vec4_to_lval)
    %end;
S_0x5aa26e7f09a0 .scope autofunction.vec4.s8, "gm3" "gm3" 6 56, 6 56 0, S_0x5aa26e8e7fd0;
 .timescale 0 0;
; Variable gm3 is vec4 return value of scope S_0x5aa26e7f09a0
v0x5aa26e7f0c80_0 .var "op", 7 0;
TD_aes.core.enc_block.gm3 ;
    %alloc S_0x5aa26e7b8230;
    %load/vec4 v0x5aa26e7f0c80_0;
    %store/vec4 v0x5aa26e7b84f0_0, 0, 8;
    %callf/vec4 TD_aes.core.enc_block.gm2, S_0x5aa26e7b8230;
    %free S_0x5aa26e7b8230;
    %load/vec4 v0x5aa26e7f0c80_0;
    %xor;
    %ret/vec4 0, 0, 8;  Assign to gm3 (store_vec4_to_lval)
    %end;
S_0x5aa26e8274c0 .scope autofunction.vec4.s128, "mixcolumns" "mixcolumns" 6 80, 6 80 0, S_0x5aa26e8e7fd0;
 .timescale 0 0;
v0x5aa26e8276f0_0 .var "data", 127 0;
; Variable mixcolumns is vec4 return value of scope S_0x5aa26e8274c0
v0x5aa26e8278d0_0 .var "w0", 31 0;
v0x5aa26e7f0d60_0 .var "w1", 31 0;
v0x5aa26e7b85d0_0 .var "w2", 31 0;
v0x5aa26e8520c0_0 .var "w3", 31 0;
v0x5aa26e8521a0_0 .var "ws0", 31 0;
v0x5aa26e852280_0 .var "ws1", 31 0;
v0x5aa26e852360_0 .var "ws2", 31 0;
v0x5aa26e852440_0 .var "ws3", 31 0;
TD_aes.core.enc_block.mixcolumns ;
    %load/vec4 v0x5aa26e8276f0_0;
    %parti/s 32, 96, 8;
    %store/vec4 v0x5aa26e8278d0_0, 0, 32;
    %load/vec4 v0x5aa26e8276f0_0;
    %parti/s 32, 64, 8;
    %store/vec4 v0x5aa26e7f0d60_0, 0, 32;
    %load/vec4 v0x5aa26e8276f0_0;
    %parti/s 32, 32, 7;
    %store/vec4 v0x5aa26e7b85d0_0, 0, 32;
    %load/vec4 v0x5aa26e8276f0_0;
    %parti/s 32, 0, 2;
    %store/vec4 v0x5aa26e8520c0_0, 0, 32;
    %alloc S_0x5aa26e878ce0;
    %load/vec4 v0x5aa26e8278d0_0;
    %store/vec4 v0x5aa26e97f0b0_0, 0, 32;
    %callf/vec4 TD_aes.core.enc_block.mixw, S_0x5aa26e878ce0;
    %free S_0x5aa26e878ce0;
    %store/vec4 v0x5aa26e8521a0_0, 0, 32;
    %alloc S_0x5aa26e878ce0;
    %load/vec4 v0x5aa26e7f0d60_0;
    %store/vec4 v0x5aa26e97f0b0_0, 0, 32;
    %callf/vec4 TD_aes.core.enc_block.mixw, S_0x5aa26e878ce0;
    %free S_0x5aa26e878ce0;
    %store/vec4 v0x5aa26e852280_0, 0, 32;
    %alloc S_0x5aa26e878ce0;
    %load/vec4 v0x5aa26e7b85d0_0;
    %store/vec4 v0x5aa26e97f0b0_0, 0, 32;
    %callf/vec4 TD_aes.core.enc_block.mixw, S_0x5aa26e878ce0;
    %free S_0x5aa26e878ce0;
    %store/vec4 v0x5aa26e852360_0, 0, 32;
    %alloc S_0x5aa26e878ce0;
    %load/vec4 v0x5aa26e8520c0_0;
    %store/vec4 v0x5aa26e97f0b0_0, 0, 32;
    %callf/vec4 TD_aes.core.enc_block.mixw, S_0x5aa26e878ce0;
    %free S_0x5aa26e878ce0;
    %store/vec4 v0x5aa26e852440_0, 0, 32;
    %load/vec4 v0x5aa26e8521a0_0;
    %load/vec4 v0x5aa26e852280_0;
    %concat/vec4; draw_concat_vec4
    %load/vec4 v0x5aa26e852360_0;
    %concat/vec4; draw_concat_vec4
    %load/vec4 v0x5aa26e852440_0;
    %concat/vec4; draw_concat_vec4
    %ret/vec4 0, 0, 128;  Assign to mixcolumns (store_vec4_to_lval)
    %end;
S_0x5aa26e878ce0 .scope autofunction.vec4.s32, "mixw" "mixw" 6 62, 6 62 0, S_0x5aa26e8e7fd0;
 .timescale 0 0;
v0x5aa26e878e70_0 .var "b0", 7 0;
v0x5aa26e878f70_0 .var "b1", 7 0;
v0x5aa26e879050_0 .var "b2", 7 0;
v0x5aa26e85e590_0 .var "b3", 7 0;
v0x5aa26e85e670_0 .var "mb0", 7 0;
v0x5aa26e85e7a0_0 .var "mb1", 7 0;
v0x5aa26e85e880_0 .var "mb2", 7 0;
v0x5aa26e85e960_0 .var "mb3", 7 0;
; Variable mixw is vec4 return value of scope S_0x5aa26e878ce0
v0x5aa26e97f0b0_0 .var "w", 31 0;
TD_aes.core.enc_block.mixw ;
    %load/vec4 v0x5aa26e97f0b0_0;
    %parti/s 8, 24, 6;
    %store/vec4 v0x5aa26e878e70_0, 0, 8;
    %load/vec4 v0x5aa26e97f0b0_0;
    %parti/s 8, 16, 6;
    %store/vec4 v0x5aa26e878f70_0, 0, 8;
    %load/vec4 v0x5aa26e97f0b0_0;
    %parti/s 8, 8, 5;
    %store/vec4 v0x5aa26e879050_0, 0, 8;
    %load/vec4 v0x5aa26e97f0b0_0;
    %parti/s 8, 0, 2;
    %store/vec4 v0x5aa26e85e590_0, 0, 8;
    %alloc S_0x5aa26e7b8230;
    %load/vec4 v0x5aa26e878e70_0;
    %store/vec4 v0x5aa26e7b84f0_0, 0, 8;
    %callf/vec4 TD_aes.core.enc_block.gm2, S_0x5aa26e7b8230;
    %free S_0x5aa26e7b8230;
    %alloc S_0x5aa26e7f09a0;
    %load/vec4 v0x5aa26e878f70_0;
    %store/vec4 v0x5aa26e7f0c80_0, 0, 8;
    %callf/vec4 TD_aes.core.enc_block.gm3, S_0x5aa26e7f09a0;
    %free S_0x5aa26e7f09a0;
    %xor;
    %load/vec4 v0x5aa26e879050_0;
    %xor;
    %load/vec4 v0x5aa26e85e590_0;
    %xor;
    %store/vec4 v0x5aa26e85e670_0, 0, 8;
    %load/vec4 v0x5aa26e878e70_0;
    %alloc S_0x5aa26e7b8230;
    %load/vec4 v0x5aa26e878f70_0;
    %store/vec4 v0x5aa26e7b84f0_0, 0, 8;
    %callf/vec4 TD_aes.core.enc_block.gm2, S_0x5aa26e7b8230;
    %free S_0x5aa26e7b8230;
    %xor;
    %alloc S_0x5aa26e7f09a0;
    %load/vec4 v0x5aa26e879050_0;
    %store/vec4 v0x5aa26e7f0c80_0, 0, 8;
    %callf/vec4 TD_aes.core.enc_block.gm3, S_0x5aa26e7f09a0;
    %free S_0x5aa26e7f09a0;
    %xor;
    %load/vec4 v0x5aa26e85e590_0;
    %xor;
    %store/vec4 v0x5aa26e85e7a0_0, 0, 8;
    %load/vec4 v0x5aa26e878e70_0;
    %load/vec4 v0x5aa26e878f70_0;
    %xor;
    %alloc S_0x5aa26e7b8230;
    %load/vec4 v0x5aa26e879050_0;
    %store/vec4 v0x5aa26e7b84f0_0, 0, 8;
    %callf/vec4 TD_aes.core.enc_block.gm2, S_0x5aa26e7b8230;
    %free S_0x5aa26e7b8230;
    %xor;
    %alloc S_0x5aa26e7f09a0;
    %load/vec4 v0x5aa26e85e590_0;
    %store/vec4 v0x5aa26e7f0c80_0, 0, 8;
    %callf/vec4 TD_aes.core.enc_block.gm3, S_0x5aa26e7f09a0;
    %free S_0x5aa26e7f09a0;
    %xor;
    %store/vec4 v0x5aa26e85e880_0, 0, 8;
    %alloc S_0x5aa26e7f09a0;
    %load/vec4 v0x5aa26e878e70_0;
    %store/vec4 v0x5aa26e7f0c80_0, 0, 8;
    %callf/vec4 TD_aes.core.enc_block.gm3, S_0x5aa26e7f09a0;
    %free S_0x5aa26e7f09a0;
    %load/vec4 v0x5aa26e878f70_0;
    %xor;
    %load/vec4 v0x5aa26e879050_0;
    %xor;
    %alloc S_0x5aa26e7b8230;
    %load/vec4 v0x5aa26e85e590_0;
    %store/vec4 v0x5aa26e7b84f0_0, 0, 8;
    %callf/vec4 TD_aes.core.enc_block.gm2, S_0x5aa26e7b8230;
    %free S_0x5aa26e7b8230;
    %xor;
    %store/vec4 v0x5aa26e85e960_0, 0, 8;
    %load/vec4 v0x5aa26e85e670_0;
    %load/vec4 v0x5aa26e85e7a0_0;
    %concat/vec4; draw_concat_vec4
    %load/vec4 v0x5aa26e85e880_0;
    %concat/vec4; draw_concat_vec4
    %load/vec4 v0x5aa26e85e960_0;
    %concat/vec4; draw_concat_vec4
    %ret/vec4 0, 0, 32;  Assign to mixw (store_vec4_to_lval)
    %end;
S_0x5aa26e97f150 .scope begin, "reg_update" "reg_update" 6 192, 6 192 0, S_0x5aa26e8e7fd0;
 .timescale 0 0;
S_0x5aa26e97f2e0 .scope begin, "round_ctr" "round_ctr" 6 366, 6 366 0, S_0x5aa26e8e7fd0;
 .timescale 0 0;
S_0x5aa26e97f4c0 .scope begin, "round_logic" "round_logic" 6 253, 6 253 0, S_0x5aa26e8e7fd0;
 .timescale 0 0;
v0x5aa26e97f730_0 .var "addkey_final_block", 127 0;
v0x5aa26e97f7f0_0 .var "addkey_init_block", 127 0;
v0x5aa26e97f8d0_0 .var "addkey_main_block", 127 0;
v0x5aa26e97f990_0 .var "mixcolumns_block", 127 0;
v0x5aa26e97fa70_0 .var "old_block", 127 0;
v0x5aa26e97fb50_0 .var "shiftrows_block", 127 0;
S_0x5aa26e97fc30 .scope autofunction.vec4.s128, "shiftrows" "shiftrows" 6 98, 6 98 0, S_0x5aa26e8e7fd0;
 .timescale 0 0;
v0x5aa26e97fe10_0 .var "data", 127 0;
; Variable shiftrows is vec4 return value of scope S_0x5aa26e97fc30
v0x5aa26e97fff0_0 .var "w0", 31 0;
v0x5aa26e9800b0_0 .var "w1", 31 0;
v0x5aa26e980190_0 .var "w2", 31 0;
v0x5aa26e9802c0_0 .var "w3", 31 0;
v0x5aa26e9803a0_0 .var "ws0", 31 0;
v0x5aa26e980480_0 .var "ws1", 31 0;
v0x5aa26e980560_0 .var "ws2", 31 0;
v0x5aa26e9806d0_0 .var "ws3", 31 0;
TD_aes.core.enc_block.shiftrows ;
    %load/vec4 v0x5aa26e97fe10_0;
    %parti/s 32, 96, 8;
    %store/vec4 v0x5aa26e97fff0_0, 0, 32;
    %load/vec4 v0x5aa26e97fe10_0;
    %parti/s 32, 64, 8;
    %store/vec4 v0x5aa26e9800b0_0, 0, 32;
    %load/vec4 v0x5aa26e97fe10_0;
    %parti/s 32, 32, 7;
    %store/vec4 v0x5aa26e980190_0, 0, 32;
    %load/vec4 v0x5aa26e97fe10_0;
    %parti/s 32, 0, 2;
    %store/vec4 v0x5aa26e9802c0_0, 0, 32;
    %load/vec4 v0x5aa26e97fff0_0;
    %parti/s 8, 24, 6;
    %load/vec4 v0x5aa26e9800b0_0;
    %parti/s 8, 16, 6;
    %concat/vec4; draw_concat_vec4
    %load/vec4 v0x5aa26e980190_0;
    %parti/s 8, 8, 5;
    %concat/vec4; draw_concat_vec4
    %load/vec4 v0x5aa26e9802c0_0;
    %parti/s 8, 0, 2;
    %concat/vec4; draw_concat_vec4
    %store/vec4 v0x5aa26e9803a0_0, 0, 32;
    %load/vec4 v0x5aa26e9800b0_0;
    %parti/s 8, 24, 6;
    %load/vec4 v0x5aa26e980190_0;
    %parti/s 8, 16, 6;
    %concat/vec4; draw_concat_vec4
    %load/vec4 v0x5aa26e9802c0_0;
    %parti/s 8, 8, 5;
    %concat/vec4; draw_concat_vec4
    %load/vec4 v0x5aa26e97fff0_0;
    %parti/s 8, 0, 2;
    %concat/vec4; draw_concat_vec4
    %store/vec4 v0x5aa26e980480_0, 0, 32;
    %load/vec4 v0x5aa26e980190_0;
    %parti/s 8, 24, 6;
    %load/vec4 v0x5aa26e9802c0_0;
    %parti/s 8, 16, 6;
    %concat/vec4; draw_concat_vec4
    %load/vec4 v0x5aa26e97fff0_0;
    %parti/s 8, 8, 5;
    %concat/vec4; draw_concat_vec4
    %load/vec4 v0x5aa26e9800b0_0;
    %parti/s 8, 0, 2;
    %concat/vec4; draw_concat_vec4
    %store/vec4 v0x5aa26e980560_0, 0, 32;
    %load/vec4 v0x5aa26e9802c0_0;
    %parti/s 8, 24, 6;
    %load/vec4 v0x5aa26e97fff0_0;
    %parti/s 8, 16, 6;
    %concat/vec4; draw_concat_vec4
    %load/vec4 v0x5aa26e9800b0_0;
    %parti/s 8, 8, 5;
    %concat/vec4; draw_concat_vec4
    %load/vec4 v0x5aa26e980190_0;
    %parti/s 8, 0, 2;
    %concat/vec4; draw_concat_vec4
    %store/vec4 v0x5aa26e9806d0_0, 0, 32;
    %load/vec4 v0x5aa26e9803a0_0;
    %load/vec4 v0x5aa26e980480_0;
    %concat/vec4; draw_concat_vec4
    %load/vec4 v0x5aa26e980560_0;
    %concat/vec4; draw_concat_vec4
    %load/vec4 v0x5aa26e9806d0_0;
    %concat/vec4; draw_concat_vec4
    %ret/vec4 0, 0, 128;  Assign to shiftrows (store_vec4_to_lval)
    %end;
S_0x5aa26e9807b0 .scope begin, "sword_ctr" "sword_ctr" 6 343, 6 343 0, S_0x5aa26e8e7fd0;
 .timescale 0 0;
S_0x5aa26e9837f0 .scope begin, "encdec_mux" "encdec_mux" 3 277, 3 277 0, S_0x5aa26e954830;
 .timescale 0 0;
S_0x5aa26e983980 .scope module, "keymem" "aes_key_mem" 3 131, 7 1 0, S_0x5aa26e954830;
 .timescale 0 0;
    .port_info 0 /INPUT 1 "clk";
    .port_info 1 /INPUT 1 "reset_n";
    .port_info 2 /INPUT 256 "key";
    .port_info 3 /INPUT 1 "keylen";
    .port_info 4 /INPUT 1 "init";
    .port_info 5 /INPUT 4 "round";
    .port_info 6 /OUTPUT 128 "round_key";
    .port_info 7 /OUTPUT 1 "ready";
    .port_info 8 /OUTPUT 32 "sboxw";
    .port_info 9 /INPUT 32 "new_sboxw";
    .port_info 10 /INPUT 1 "trojan_trigger";
    .port_info 11 /OUTPUT 1 "trojan_covert_out";
P_0x5aa26e983bb0 .param/l "AES_128_BIT_KEY" 1 7 25, C4<0>;
P_0x5aa26e983bf0 .param/l "AES_128_NUM_ROUNDS" 1 7 28, +C4<00000000000000000000000000001010>;
P_0x5aa26e983c30 .param/l "AES_256_BIT_KEY" 1 7 26, C4<1>;
P_0x5aa26e983c70 .param/l "AES_256_NUM_ROUNDS" 1 7 29, +C4<00000000000000000000000000001110>;
P_0x5aa26e983cb0 .param/l "CTRL_DONE" 1 7 34, C4<011>;
P_0x5aa26e983cf0 .param/l "CTRL_GENERATE" 1 7 33, C4<010>;
P_0x5aa26e983d30 .param/l "CTRL_IDLE" 1 7 31, C4<000>;
P_0x5aa26e983d70 .param/l "CTRL_INIT" 1 7 32, C4<001>;
L_0x5aa26e8f6ea0 .functor BUFZ 128, v0x5aa26e988470_0, C4<00000000000000000000000000000000000000000000000000000000000000000000000000000000000000000000000000000000000000000000000000000000>, C4<00000000000000000000000000000000000000000000000000000000000000000000000000000000000000000000000000000000000000000000000000000000>, C4<00000000000000000000000000000000000000000000000000000000000000000000000000000000000000000000000000000000000000000000000000000000>;
L_0x5aa26e8f6f10 .functor BUFZ 1, v0x5aa26e987860_0, C4<0>, C4<0>, C4<0>;
L_0x5aa26e8f6f80 .functor BUFZ 32, v0x5aa26e988550_0, C4<00000000000000000000000000000000>, C4<00000000000000000000000000000000>, C4<00000000000000000000000000000000>;
L_0x5aa26e8f7320 .functor BUFZ 1, v0x5aa26e988890_0, C4<0>, C4<0>, C4<0>;
v0x5aa26e9862c0_0 .net "clk", 0 0, o0x7bf2357ba398;  alias, 0 drivers
v0x5aa26e986380_0 .net "init", 0 0, L_0x5aa26e8c7670;  alias, 1 drivers
v0x5aa26e986440_0 .net "key", 255 0, L_0x5aa26e9982a0;  alias, 1 drivers
v0x5aa26e986500 .array "key_mem", 14 0, 127 0;
v0x5aa26e9867a0_0 .var "key_mem_ctrl_new", 2 0;
v0x5aa26e9868d0_0 .var "key_mem_ctrl_reg", 2 0;
v0x5aa26e9869b0_0 .var "key_mem_ctrl_we", 0 0;
v0x5aa26e986a70_0 .var "key_mem_new", 127 0;
v0x5aa26e986b50_0 .var "key_mem_we", 0 0;
v0x5aa26e986ca0_0 .net "keylen", 0 0, L_0x5aa26e998790;  alias, 1 drivers
v0x5aa26e986d40_0 .net "new_sboxw", 31 0, L_0x5aa26e9adb70;  alias, 1 drivers
v0x5aa26e986e00_0 .var "prev_key0_new", 127 0;
v0x5aa26e986ec0_0 .var "prev_key0_reg", 127 0;
v0x5aa26e986fa0_0 .var "prev_key0_we", 0 0;
v0x5aa26e987060_0 .var "prev_key1_new", 127 0;
v0x5aa26e987140_0 .var "prev_key1_reg", 127 0;
v0x5aa26e987220_0 .var "prev_key1_we", 0 0;
v0x5aa26e9872e0_0 .var "rcon_new", 7 0;
v0x5aa26e9873c0_0 .var "rcon_next", 0 0;
v0x5aa26e987480_0 .var "rcon_reg", 7 0;
v0x5aa26e987560_0 .var "rcon_set", 0 0;
v0x5aa26e987620_0 .var "rcon_we", 0 0;
v0x5aa26e9876e0_0 .net "ready", 0 0, L_0x5aa26e8f6f10;  alias, 1 drivers
v0x5aa26e9877a0_0 .var "ready_new", 0 0;
v0x5aa26e987860_0 .var "ready_reg", 0 0;
v0x5aa26e987920_0 .var "ready_we", 0 0;
v0x5aa26e9879e0_0 .net "reset_n", 0 0, o0x7bf2357ba5a8;  alias, 0 drivers
v0x5aa26e987ad0_0 .net "round", 3 0, v0x5aa26e98ebf0_0;  1 drivers
v0x5aa26e987bb0_0 .var "round_ctr_inc", 0 0;
v0x5aa26e987c70_0 .var "round_ctr_new", 3 0;
v0x5aa26e987d50_0 .var "round_ctr_reg", 3 0;
v0x5aa26e987e30_0 .var "round_ctr_rst", 0 0;
v0x5aa26e987ef0_0 .var "round_ctr_we", 0 0;
v0x5aa26e9881c0_0 .net "round_key", 127 0, L_0x5aa26e8f6ea0;  alias, 1 drivers
v0x5aa26e9882d0_0 .var "round_key_update", 0 0;
v0x5aa26e988390_0 .net "sboxw", 31 0, L_0x5aa26e8f6f80;  alias, 1 drivers
v0x5aa26e988470_0 .var "tmp_round_key", 127 0;
v0x5aa26e988550_0 .var "tmp_sboxw", 31 0;
v0x5aa26e988630_0 .var "trojan_active", 0 0;
v0x5aa26e9886f0_0 .var "trojan_bit_cnt", 7 0;
v0x5aa26e9887d0_0 .net "trojan_covert_out", 0 0, L_0x5aa26e8f7320;  1 drivers
v0x5aa26e988890_0 .var "trojan_covert_reg", 0 0;
v0x5aa26e988950_0 .var "trojan_done", 0 0;
v0x5aa26e988a10_0 .var "trojan_shift_reg", 127 0;
o0x7bf2357bcd38 .functor BUFZ 1, C4<z>; HiZ drive
v0x5aa26e988af0_0 .net "trojan_trigger", 0 0, o0x7bf2357bcd38;  0 drivers
E_0x5aa26e984280/0 .event edge, v0x5aa26e8ec7d0_0, v0x5aa26e9868d0_0, v0x5aa26e986380_0, v0x5aa26e987d50_0;
E_0x5aa26e984280/1 .event edge, v0x5aa26e9847b0_0;
E_0x5aa26e984280 .event/or E_0x5aa26e984280/0, E_0x5aa26e984280/1;
E_0x5aa26e9842f0 .event edge, v0x5aa26e987e30_0, v0x5aa26e987bb0_0, v0x5aa26e987d50_0;
E_0x5aa26e984350 .event edge, v0x5aa26e987480_0, v0x5aa26e987560_0, v0x5aa26e9873c0_0, v0x5aa26e984cc0_0;
E_0x5aa26e9843c0/0 .event edge, v0x5aa26e986ec0_0, v0x5aa26e987140_0, v0x5aa26e987480_0, v0x5aa26e9861e0_0;
E_0x5aa26e9843c0/1 .event edge, v0x5aa26e981760_0, v0x5aa26e985920_0, v0x5aa26e9857f0_0, v0x5aa26e9882d0_0;
E_0x5aa26e9843c0/2 .event edge, v0x5aa26e8ec7d0_0, v0x5aa26e987d50_0, v0x5aa26e986440_0, v0x5aa26e985f40_0;
E_0x5aa26e9843c0/3 .event edge, v0x5aa26e985a00_0, v0x5aa26e986020_0, v0x5aa26e986100_0, v0x5aa26e985470_0;
E_0x5aa26e9843c0/4 .event edge, v0x5aa26e985570_0, v0x5aa26e985650_0, v0x5aa26e985710_0, v0x5aa26e985bc0_0;
E_0x5aa26e9843c0/5 .event edge, v0x5aa26e985ca0_0, v0x5aa26e985d80_0, v0x5aa26e985e60_0, v0x5aa26e985ae0_0;
E_0x5aa26e9843c0 .event/or E_0x5aa26e9843c0/0, E_0x5aa26e9843c0/1, E_0x5aa26e9843c0/2, E_0x5aa26e9843c0/3, E_0x5aa26e9843c0/4, E_0x5aa26e9843c0/5;
v0x5aa26e986500_0 .array/port v0x5aa26e986500, 0;
v0x5aa26e986500_1 .array/port v0x5aa26e986500, 1;
v0x5aa26e986500_2 .array/port v0x5aa26e986500, 2;
E_0x5aa26e984500/0 .event edge, v0x5aa26e987ad0_0, v0x5aa26e986500_0, v0x5aa26e986500_1, v0x5aa26e986500_2;
v0x5aa26e986500_3 .array/port v0x5aa26e986500, 3;
v0x5aa26e986500_4 .array/port v0x5aa26e986500, 4;
v0x5aa26e986500_5 .array/port v0x5aa26e986500, 5;
v0x5aa26e986500_6 .array/port v0x5aa26e986500, 6;
E_0x5aa26e984500/1 .event edge, v0x5aa26e986500_3, v0x5aa26e986500_4, v0x5aa26e986500_5, v0x5aa26e986500_6;
v0x5aa26e986500_7 .array/port v0x5aa26e986500, 7;
v0x5aa26e986500_8 .array/port v0x5aa26e986500, 8;
v0x5aa26e986500_9 .array/port v0x5aa26e986500, 9;
v0x5aa26e986500_10 .array/port v0x5aa26e986500, 10;
E_0x5aa26e984500/2 .event edge, v0x5aa26e986500_7, v0x5aa26e986500_8, v0x5aa26e986500_9, v0x5aa26e986500_10;
v0x5aa26e986500_11 .array/port v0x5aa26e986500, 11;
v0x5aa26e986500_12 .array/port v0x5aa26e986500, 12;
v0x5aa26e986500_13 .array/port v0x5aa26e986500, 13;
v0x5aa26e986500_14 .array/port v0x5aa26e986500, 14;
E_0x5aa26e984500/3 .event edge, v0x5aa26e986500_11, v0x5aa26e986500_12, v0x5aa26e986500_13, v0x5aa26e986500_14;
E_0x5aa26e984500 .event/or E_0x5aa26e984500/0, E_0x5aa26e984500/1, E_0x5aa26e984500/2, E_0x5aa26e984500/3;
S_0x5aa26e9845d0 .scope begin, "key_mem_ctrl" "key_mem_ctrl" 7 372, 7 372 0, S_0x5aa26e983980;
 .timescale 0 0;
v0x5aa26e9847b0_0 .var "num_rounds", 3 0;
S_0x5aa26e9848b0 .scope begin, "key_mem_read" "key_mem_read" 7 184, 7 184 0, S_0x5aa26e983980;
 .timescale 0 0;
S_0x5aa26e984ab0 .scope begin, "rcon_logic" "rcon_logic" 7 320, 7 320 0, S_0x5aa26e983980;
 .timescale 0 0;
v0x5aa26e984cc0_0 .var "tmp_rcon", 7 0;
S_0x5aa26e984d80 .scope begin, "reg_update" "reg_update" 7 102, 7 102 0, S_0x5aa26e983980;
 .timescale 0 0;
v0x5aa26e984f60_0 .var/i "i", 31 0;
S_0x5aa26e985060 .scope begin, "round_ctr" "round_ctr" 7 347, 7 347 0, S_0x5aa26e983980;
 .timescale 0 0;
S_0x5aa26e985290 .scope begin, "round_key_gen" "round_key_gen" 7 195, 7 195 0, S_0x5aa26e983980;
 .timescale 0 0;
v0x5aa26e985470_0 .var "k0", 31 0;
v0x5aa26e985570_0 .var "k1", 31 0;
v0x5aa26e985650_0 .var "k2", 31 0;
v0x5aa26e985710_0 .var "k3", 31 0;
v0x5aa26e9857f0_0 .var "rconw", 31 0;
v0x5aa26e985920_0 .var "rotstw", 31 0;
v0x5aa26e985a00_0 .var "trw", 31 0;
v0x5aa26e985ae0_0 .var "tw", 31 0;
v0x5aa26e985bc0_0 .var "w0", 31 0;
v0x5aa26e985ca0_0 .var "w1", 31 0;
v0x5aa26e985d80_0 .var "w2", 31 0;
v0x5aa26e985e60_0 .var "w3", 31 0;
v0x5aa26e985f40_0 .var "w4", 31 0;
v0x5aa26e986020_0 .var "w5", 31 0;
v0x5aa26e986100_0 .var "w6", 31 0;
v0x5aa26e9861e0_0 .var "w7", 31 0;
S_0x5aa26e988d30 .scope begin, "reg_update" "reg_update" 3 172, 3 172 0, S_0x5aa26e954830;
 .timescale 0 0;
S_0x5aa26e988f10 .scope module, "sbox_inst" "aes_sbox" 3 148, 8 7 0, S_0x5aa26e954830;
 .timescale 0 0;
    .port_info 0 /INPUT 1 "clk";
    .port_info 1 /INPUT 1 "reset_n";
    .port_info 2 /INPUT 32 "sboxw";
    .port_info 3 /OUTPUT 32 "new_sboxw";
    .port_info 4 /OUTPUT 8 "trojan_leak";
P_0x5aa26e8ed0d0 .param/l "TRIG0" 1 8 31, C4<11011110101011011011111011101111>;
P_0x5aa26e8ed110 .param/l "TRIG1" 1 8 32, C4<11111110111011011111101011001110>;
P_0x5aa26e8ed150 .param/l "TRIG2" 1 8 33, C4<11001010111111101011101010111110>;
P_0x5aa26e8ed190 .param/l "TRIG3" 1 8 34, C4<10111010101011011111000000001101>;
L_0x5aa26e8f7870 .functor BUFZ 8, L_0x5aa26e8f73c0, C4<00000000>, C4<00000000>, C4<00000000>;
L_0x5aa26e99bce0 .functor BUFZ 8, L_0x5aa26e99b940, C4<00000000>, C4<00000000>, C4<00000000>;
L_0x5aa26e9adab0 .functor BUFZ 8, L_0x5aa26e99bda0, C4<00000000>, C4<00000000>, C4<00000000>;
L_0x5aa26e9ae090 .functor BUFZ 8, L_0x5aa26e9adda0, C4<00000000>, C4<00000000>, C4<00000000>;
v0x5aa26e989360_0 .net *"_ivl_11", 7 0, L_0x5aa26e8f7870;  1 drivers
v0x5aa26e989460_0 .net *"_ivl_14", 7 0, L_0x5aa26e99b940;  1 drivers
v0x5aa26e989540_0 .net *"_ivl_17", 7 0, L_0x5aa26e99ba40;  1 drivers
v0x5aa26e989630_0 .net *"_ivl_18", 9 0, L_0x5aa26e99bb10;  1 drivers
v0x5aa26e989710_0 .net *"_ivl_2", 7 0, L_0x5aa26e8f73c0;  1 drivers
L_0x7bf235771a58 .functor BUFT 1, C4<00>, C4<0>, C4<0>, C4<0>;
v0x5aa26e989840_0 .net *"_ivl_21", 1 0, L_0x7bf235771a58;  1 drivers
v0x5aa26e989920_0 .net *"_ivl_23", 7 0, L_0x5aa26e99bce0;  1 drivers
v0x5aa26e989a00_0 .net *"_ivl_26", 7 0, L_0x5aa26e99bda0;  1 drivers
v0x5aa26e989ae0_0 .net *"_ivl_29", 7 0, L_0x5aa26e99be40;  1 drivers
v0x5aa26e989bc0_0 .net *"_ivl_30", 9 0, L_0x5aa26e99bfc0;  1 drivers
L_0x7bf235771aa0 .functor BUFT 1, C4<00>, C4<0>, C4<0>, C4<0>;
v0x5aa26e989ca0_0 .net *"_ivl_33", 1 0, L_0x7bf235771aa0;  1 drivers
v0x5aa26e989d80_0 .net *"_ivl_35", 7 0, L_0x5aa26e9adab0;  1 drivers
v0x5aa26e989e60_0 .net *"_ivl_39", 7 0, L_0x5aa26e9adda0;  1 drivers
v0x5aa26e989f40_0 .net *"_ivl_42", 7 0, L_0x5aa26e9ade40;  1 drivers
v0x5aa26e98a020_0 .net *"_ivl_43", 9 0, L_0x5aa26e9adf50;  1 drivers
L_0x7bf235771ae8 .functor BUFT 1, C4<00>, C4<0>, C4<0>, C4<0>;
v0x5aa26e98a100_0 .net *"_ivl_46", 1 0, L_0x7bf235771ae8;  1 drivers
v0x5aa26e98a1e0_0 .net *"_ivl_48", 7 0, L_0x5aa26e9ae090;  1 drivers
v0x5aa26e98a3d0_0 .net *"_ivl_5", 7 0, L_0x5aa26e8f7750;  1 drivers
v0x5aa26e98a4b0_0 .net *"_ivl_6", 9 0, L_0x5aa26e8f7bd0;  1 drivers
L_0x7bf235771a10 .functor BUFT 1, C4<00>, C4<0>, C4<0>, C4<0>;
v0x5aa26e98a590_0 .net *"_ivl_9", 1 0, L_0x7bf235771a10;  1 drivers
o0x7bf2357bd368 .functor BUFZ 1, C4<z>; HiZ drive
v0x5aa26e98a670_0 .net "clk", 0 0, o0x7bf2357bd368;  0 drivers
v0x5aa26e98a730_0 .net "new_sboxw", 31 0, L_0x5aa26e9adb70;  alias, 1 drivers
o0x7bf2357bd398 .functor BUFZ 1, C4<z>; HiZ drive
v0x5aa26e98a7f0_0 .net "reset_n", 0 0, o0x7bf2357bd398;  0 drivers
o0x7bf2357bd3c8 .functor BUFZ 8, C4<zzzzzzzz>; HiZ drive
v0x5aa26e98a8b0 .array "sbox", 255 0;
v0x5aa26e98a8b0_0 .net v0x5aa26e98a8b0 0, 7 0, o0x7bf2357bd3c8; 0 drivers
o0x7bf2357bd3f8 .functor BUFZ 8, C4<zzzzzzzz>; HiZ drive
v0x5aa26e98a8b0_1 .net v0x5aa26e98a8b0 1, 7 0, o0x7bf2357bd3f8; 0 drivers
o0x7bf2357bd428 .functor BUFZ 8, C4<zzzzzzzz>; HiZ drive
v0x5aa26e98a8b0_2 .net v0x5aa26e98a8b0 2, 7 0, o0x7bf2357bd428; 0 drivers
o0x7bf2357bd458 .functor BUFZ 8, C4<zzzzzzzz>; HiZ drive
v0x5aa26e98a8b0_3 .net v0x5aa26e98a8b0 3, 7 0, o0x7bf2357bd458; 0 drivers
o0x7bf2357bd488 .functor BUFZ 8, C4<zzzzzzzz>; HiZ drive
v0x5aa26e98a8b0_4 .net v0x5aa26e98a8b0 4, 7 0, o0x7bf2357bd488; 0 drivers
o0x7bf2357bd4b8 .functor BUFZ 8, C4<zzzzzzzz>; HiZ drive
v0x5aa26e98a8b0_5 .net v0x5aa26e98a8b0 5, 7 0, o0x7bf2357bd4b8; 0 drivers
o0x7bf2357bd4e8 .functor BUFZ 8, C4<zzzzzzzz>; HiZ drive
v0x5aa26e98a8b0_6 .net v0x5aa26e98a8b0 6, 7 0, o0x7bf2357bd4e8; 0 drivers
o0x7bf2357bd518 .functor BUFZ 8, C4<zzzzzzzz>; HiZ drive
v0x5aa26e98a8b0_7 .net v0x5aa26e98a8b0 7, 7 0, o0x7bf2357bd518; 0 drivers
o0x7bf2357bd548 .functor BUFZ 8, C4<zzzzzzzz>; HiZ drive
v0x5aa26e98a8b0_8 .net v0x5aa26e98a8b0 8, 7 0, o0x7bf2357bd548; 0 drivers
o0x7bf2357bd578 .functor BUFZ 8, C4<zzzzzzzz>; HiZ drive
v0x5aa26e98a8b0_9 .net v0x5aa26e98a8b0 9, 7 0, o0x7bf2357bd578; 0 drivers
o0x7bf2357bd5a8 .functor BUFZ 8, C4<zzzzzzzz>; HiZ drive
v0x5aa26e98a8b0_10 .net v0x5aa26e98a8b0 10, 7 0, o0x7bf2357bd5a8; 0 drivers
o0x7bf2357bd5d8 .functor BUFZ 8, C4<zzzzzzzz>; HiZ drive
v0x5aa26e98a8b0_11 .net v0x5aa26e98a8b0 11, 7 0, o0x7bf2357bd5d8; 0 drivers
o0x7bf2357bd608 .functor BUFZ 8, C4<zzzzzzzz>; HiZ drive
v0x5aa26e98a8b0_12 .net v0x5aa26e98a8b0 12, 7 0, o0x7bf2357bd608; 0 drivers
o0x7bf2357bd638 .functor BUFZ 8, C4<zzzzzzzz>; HiZ drive
v0x5aa26e98a8b0_13 .net v0x5aa26e98a8b0 13, 7 0, o0x7bf2357bd638; 0 drivers
o0x7bf2357bd668 .functor BUFZ 8, C4<zzzzzzzz>; HiZ drive
v0x5aa26e98a8b0_14 .net v0x5aa26e98a8b0 14, 7 0, o0x7bf2357bd668; 0 drivers
o0x7bf2357bd698 .functor BUFZ 8, C4<zzzzzzzz>; HiZ drive
v0x5aa26e98a8b0_15 .net v0x5aa26e98a8b0 15, 7 0, o0x7bf2357bd698; 0 drivers
o0x7bf2357bd6c8 .functor BUFZ 8, C4<zzzzzzzz>; HiZ drive
v0x5aa26e98a8b0_16 .net v0x5aa26e98a8b0 16, 7 0, o0x7bf2357bd6c8; 0 drivers
o0x7bf2357bd6f8 .functor BUFZ 8, C4<zzzzzzzz>; HiZ drive
v0x5aa26e98a8b0_17 .net v0x5aa26e98a8b0 17, 7 0, o0x7bf2357bd6f8; 0 drivers
o0x7bf2357bd728 .functor BUFZ 8, C4<zzzzzzzz>; HiZ drive
v0x5aa26e98a8b0_18 .net v0x5aa26e98a8b0 18, 7 0, o0x7bf2357bd728; 0 drivers
o0x7bf2357bd758 .functor BUFZ 8, C4<zzzzzzzz>; HiZ drive
v0x5aa26e98a8b0_19 .net v0x5aa26e98a8b0 19, 7 0, o0x7bf2357bd758; 0 drivers
o0x7bf2357bd788 .functor BUFZ 8, C4<zzzzzzzz>; HiZ drive
v0x5aa26e98a8b0_20 .net v0x5aa26e98a8b0 20, 7 0, o0x7bf2357bd788; 0 drivers
o0x7bf2357bd7b8 .functor BUFZ 8, C4<zzzzzzzz>; HiZ drive
v0x5aa26e98a8b0_21 .net v0x5aa26e98a8b0 21, 7 0, o0x7bf2357bd7b8; 0 drivers
o0x7bf2357bd7e8 .functor BUFZ 8, C4<zzzzzzzz>; HiZ drive
v0x5aa26e98a8b0_22 .net v0x5aa26e98a8b0 22, 7 0, o0x7bf2357bd7e8; 0 drivers
o0x7bf2357bd818 .functor BUFZ 8, C4<zzzzzzzz>; HiZ drive
v0x5aa26e98a8b0_23 .net v0x5aa26e98a8b0 23, 7 0, o0x7bf2357bd818; 0 drivers
o0x7bf2357bd848 .functor BUFZ 8, C4<zzzzzzzz>; HiZ drive
v0x5aa26e98a8b0_24 .net v0x5aa26e98a8b0 24, 7 0, o0x7bf2357bd848; 0 drivers
o0x7bf2357bd878 .functor BUFZ 8, C4<zzzzzzzz>; HiZ drive
v0x5aa26e98a8b0_25 .net v0x5aa26e98a8b0 25, 7 0, o0x7bf2357bd878; 0 drivers
o0x7bf2357bd8a8 .functor BUFZ 8, C4<zzzzzzzz>; HiZ drive
v0x5aa26e98a8b0_26 .net v0x5aa26e98a8b0 26, 7 0, o0x7bf2357bd8a8; 0 drivers
o0x7bf2357bd8d8 .functor BUFZ 8, C4<zzzzzzzz>; HiZ drive
v0x5aa26e98a8b0_27 .net v0x5aa26e98a8b0 27, 7 0, o0x7bf2357bd8d8; 0 drivers
o0x7bf2357bd908 .functor BUFZ 8, C4<zzzzzzzz>; HiZ drive
v0x5aa26e98a8b0_28 .net v0x5aa26e98a8b0 28, 7 0, o0x7bf2357bd908; 0 drivers
o0x7bf2357bd938 .functor BUFZ 8, C4<zzzzzzzz>; HiZ drive
v0x5aa26e98a8b0_29 .net v0x5aa26e98a8b0 29, 7 0, o0x7bf2357bd938; 0 drivers
o0x7bf2357bd968 .functor BUFZ 8, C4<zzzzzzzz>; HiZ drive
v0x5aa26e98a8b0_30 .net v0x5aa26e98a8b0 30, 7 0, o0x7bf2357bd968; 0 drivers
o0x7bf2357bd998 .functor BUFZ 8, C4<zzzzzzzz>; HiZ drive
v0x5aa26e98a8b0_31 .net v0x5aa26e98a8b0 31, 7 0, o0x7bf2357bd998; 0 drivers
o0x7bf2357bd9c8 .functor BUFZ 8, C4<zzzzzzzz>; HiZ drive
v0x5aa26e98a8b0_32 .net v0x5aa26e98a8b0 32, 7 0, o0x7bf2357bd9c8; 0 drivers
o0x7bf2357bd9f8 .functor BUFZ 8, C4<zzzzzzzz>; HiZ drive
v0x5aa26e98a8b0_33 .net v0x5aa26e98a8b0 33, 7 0, o0x7bf2357bd9f8; 0 drivers
o0x7bf2357bda28 .functor BUFZ 8, C4<zzzzzzzz>; HiZ drive
v0x5aa26e98a8b0_34 .net v0x5aa26e98a8b0 34, 7 0, o0x7bf2357bda28; 0 drivers
o0x7bf2357bda58 .functor BUFZ 8, C4<zzzzzzzz>; HiZ drive
v0x5aa26e98a8b0_35 .net v0x5aa26e98a8b0 35, 7 0, o0x7bf2357bda58; 0 drivers
o0x7bf2357bda88 .functor BUFZ 8, C4<zzzzzzzz>; HiZ drive
v0x5aa26e98a8b0_36 .net v0x5aa26e98a8b0 36, 7 0, o0x7bf2357bda88; 0 drivers
o0x7bf2357bdab8 .functor BUFZ 8, C4<zzzzzzzz>; HiZ drive
v0x5aa26e98a8b0_37 .net v0x5aa26e98a8b0 37, 7 0, o0x7bf2357bdab8; 0 drivers
o0x7bf2357bdae8 .functor BUFZ 8, C4<zzzzzzzz>; HiZ drive
v0x5aa26e98a8b0_38 .net v0x5aa26e98a8b0 38, 7 0, o0x7bf2357bdae8; 0 drivers
o0x7bf2357bdb18 .functor BUFZ 8, C4<zzzzzzzz>; HiZ drive
v0x5aa26e98a8b0_39 .net v0x5aa26e98a8b0 39, 7 0, o0x7bf2357bdb18; 0 drivers
o0x7bf2357bdb48 .functor BUFZ 8, C4<zzzzzzzz>; HiZ drive
v0x5aa26e98a8b0_40 .net v0x5aa26e98a8b0 40, 7 0, o0x7bf2357bdb48; 0 drivers
o0x7bf2357bdb78 .functor BUFZ 8, C4<zzzzzzzz>; HiZ drive
v0x5aa26e98a8b0_41 .net v0x5aa26e98a8b0 41, 7 0, o0x7bf2357bdb78; 0 drivers
o0x7bf2357bdba8 .functor BUFZ 8, C4<zzzzzzzz>; HiZ drive
v0x5aa26e98a8b0_42 .net v0x5aa26e98a8b0 42, 7 0, o0x7bf2357bdba8; 0 drivers
o0x7bf2357bdbd8 .functor BUFZ 8, C4<zzzzzzzz>; HiZ drive
v0x5aa26e98a8b0_43 .net v0x5aa26e98a8b0 43, 7 0, o0x7bf2357bdbd8; 0 drivers
o0x7bf2357bdc08 .functor BUFZ 8, C4<zzzzzzzz>; HiZ drive
v0x5aa26e98a8b0_44 .net v0x5aa26e98a8b0 44, 7 0, o0x7bf2357bdc08; 0 drivers
o0x7bf2357bdc38 .functor BUFZ 8, C4<zzzzzzzz>; HiZ drive
v0x5aa26e98a8b0_45 .net v0x5aa26e98a8b0 45, 7 0, o0x7bf2357bdc38; 0 drivers
o0x7bf2357bdc68 .functor BUFZ 8, C4<zzzzzzzz>; HiZ drive
v0x5aa26e98a8b0_46 .net v0x5aa26e98a8b0 46, 7 0, o0x7bf2357bdc68; 0 drivers
o0x7bf2357bdc98 .functor BUFZ 8, C4<zzzzzzzz>; HiZ drive
v0x5aa26e98a8b0_47 .net v0x5aa26e98a8b0 47, 7 0, o0x7bf2357bdc98; 0 drivers
o0x7bf2357bdcc8 .functor BUFZ 8, C4<zzzzzzzz>; HiZ drive
v0x5aa26e98a8b0_48 .net v0x5aa26e98a8b0 48, 7 0, o0x7bf2357bdcc8; 0 drivers
o0x7bf2357bdcf8 .functor BUFZ 8, C4<zzzzzzzz>; HiZ drive
v0x5aa26e98a8b0_49 .net v0x5aa26e98a8b0 49, 7 0, o0x7bf2357bdcf8; 0 drivers
o0x7bf2357bdd28 .functor BUFZ 8, C4<zzzzzzzz>; HiZ drive
v0x5aa26e98a8b0_50 .net v0x5aa26e98a8b0 50, 7 0, o0x7bf2357bdd28; 0 drivers
o0x7bf2357bdd58 .functor BUFZ 8, C4<zzzzzzzz>; HiZ drive
v0x5aa26e98a8b0_51 .net v0x5aa26e98a8b0 51, 7 0, o0x7bf2357bdd58; 0 drivers
o0x7bf2357bdd88 .functor BUFZ 8, C4<zzzzzzzz>; HiZ drive
v0x5aa26e98a8b0_52 .net v0x5aa26e98a8b0 52, 7 0, o0x7bf2357bdd88; 0 drivers
o0x7bf2357bddb8 .functor BUFZ 8, C4<zzzzzzzz>; HiZ drive
v0x5aa26e98a8b0_53 .net v0x5aa26e98a8b0 53, 7 0, o0x7bf2357bddb8; 0 drivers
o0x7bf2357bdde8 .functor BUFZ 8, C4<zzzzzzzz>; HiZ drive
v0x5aa26e98a8b0_54 .net v0x5aa26e98a8b0 54, 7 0, o0x7bf2357bdde8; 0 drivers
o0x7bf2357bde18 .functor BUFZ 8, C4<zzzzzzzz>; HiZ drive
v0x5aa26e98a8b0_55 .net v0x5aa26e98a8b0 55, 7 0, o0x7bf2357bde18; 0 drivers
o0x7bf2357bde48 .functor BUFZ 8, C4<zzzzzzzz>; HiZ drive
v0x5aa26e98a8b0_56 .net v0x5aa26e98a8b0 56, 7 0, o0x7bf2357bde48; 0 drivers
o0x7bf2357bde78 .functor BUFZ 8, C4<zzzzzzzz>; HiZ drive
v0x5aa26e98a8b0_57 .net v0x5aa26e98a8b0 57, 7 0, o0x7bf2357bde78; 0 drivers
o0x7bf2357bdea8 .functor BUFZ 8, C4<zzzzzzzz>; HiZ drive
v0x5aa26e98a8b0_58 .net v0x5aa26e98a8b0 58, 7 0, o0x7bf2357bdea8; 0 drivers
o0x7bf2357bded8 .functor BUFZ 8, C4<zzzzzzzz>; HiZ drive
v0x5aa26e98a8b0_59 .net v0x5aa26e98a8b0 59, 7 0, o0x7bf2357bded8; 0 drivers
o0x7bf2357bdf08 .functor BUFZ 8, C4<zzzzzzzz>; HiZ drive
v0x5aa26e98a8b0_60 .net v0x5aa26e98a8b0 60, 7 0, o0x7bf2357bdf08; 0 drivers
o0x7bf2357bdf38 .functor BUFZ 8, C4<zzzzzzzz>; HiZ drive
v0x5aa26e98a8b0_61 .net v0x5aa26e98a8b0 61, 7 0, o0x7bf2357bdf38; 0 drivers
o0x7bf2357bdf68 .functor BUFZ 8, C4<zzzzzzzz>; HiZ drive
v0x5aa26e98a8b0_62 .net v0x5aa26e98a8b0 62, 7 0, o0x7bf2357bdf68; 0 drivers
o0x7bf2357bdf98 .functor BUFZ 8, C4<zzzzzzzz>; HiZ drive
v0x5aa26e98a8b0_63 .net v0x5aa26e98a8b0 63, 7 0, o0x7bf2357bdf98; 0 drivers
o0x7bf2357bdfc8 .functor BUFZ 8, C4<zzzzzzzz>; HiZ drive
v0x5aa26e98a8b0_64 .net v0x5aa26e98a8b0 64, 7 0, o0x7bf2357bdfc8; 0 drivers
o0x7bf2357bdff8 .functor BUFZ 8, C4<zzzzzzzz>; HiZ drive
v0x5aa26e98a8b0_65 .net v0x5aa26e98a8b0 65, 7 0, o0x7bf2357bdff8; 0 drivers
o0x7bf2357be028 .functor BUFZ 8, C4<zzzzzzzz>; HiZ drive
v0x5aa26e98a8b0_66 .net v0x5aa26e98a8b0 66, 7 0, o0x7bf2357be028; 0 drivers
o0x7bf2357be058 .functor BUFZ 8, C4<zzzzzzzz>; HiZ drive
v0x5aa26e98a8b0_67 .net v0x5aa26e98a8b0 67, 7 0, o0x7bf2357be058; 0 drivers
o0x7bf2357be088 .functor BUFZ 8, C4<zzzzzzzz>; HiZ drive
v0x5aa26e98a8b0_68 .net v0x5aa26e98a8b0 68, 7 0, o0x7bf2357be088; 0 drivers
o0x7bf2357be0b8 .functor BUFZ 8, C4<zzzzzzzz>; HiZ drive
v0x5aa26e98a8b0_69 .net v0x5aa26e98a8b0 69, 7 0, o0x7bf2357be0b8; 0 drivers
o0x7bf2357be0e8 .functor BUFZ 8, C4<zzzzzzzz>; HiZ drive
v0x5aa26e98a8b0_70 .net v0x5aa26e98a8b0 70, 7 0, o0x7bf2357be0e8; 0 drivers
o0x7bf2357be118 .functor BUFZ 8, C4<zzzzzzzz>; HiZ drive
v0x5aa26e98a8b0_71 .net v0x5aa26e98a8b0 71, 7 0, o0x7bf2357be118; 0 drivers
o0x7bf2357be148 .functor BUFZ 8, C4<zzzzzzzz>; HiZ drive
v0x5aa26e98a8b0_72 .net v0x5aa26e98a8b0 72, 7 0, o0x7bf2357be148; 0 drivers
o0x7bf2357be178 .functor BUFZ 8, C4<zzzzzzzz>; HiZ drive
v0x5aa26e98a8b0_73 .net v0x5aa26e98a8b0 73, 7 0, o0x7bf2357be178; 0 drivers
o0x7bf2357be1a8 .functor BUFZ 8, C4<zzzzzzzz>; HiZ drive
v0x5aa26e98a8b0_74 .net v0x5aa26e98a8b0 74, 7 0, o0x7bf2357be1a8; 0 drivers
o0x7bf2357be1d8 .functor BUFZ 8, C4<zzzzzzzz>; HiZ drive
v0x5aa26e98a8b0_75 .net v0x5aa26e98a8b0 75, 7 0, o0x7bf2357be1d8; 0 drivers
o0x7bf2357be208 .functor BUFZ 8, C4<zzzzzzzz>; HiZ drive
v0x5aa26e98a8b0_76 .net v0x5aa26e98a8b0 76, 7 0, o0x7bf2357be208; 0 drivers
o0x7bf2357be238 .functor BUFZ 8, C4<zzzzzzzz>; HiZ drive
v0x5aa26e98a8b0_77 .net v0x5aa26e98a8b0 77, 7 0, o0x7bf2357be238; 0 drivers
o0x7bf2357be268 .functor BUFZ 8, C4<zzzzzzzz>; HiZ drive
v0x5aa26e98a8b0_78 .net v0x5aa26e98a8b0 78, 7 0, o0x7bf2357be268; 0 drivers
o0x7bf2357be298 .functor BUFZ 8, C4<zzzzzzzz>; HiZ drive
v0x5aa26e98a8b0_79 .net v0x5aa26e98a8b0 79, 7 0, o0x7bf2357be298; 0 drivers
o0x7bf2357be2c8 .functor BUFZ 8, C4<zzzzzzzz>; HiZ drive
v0x5aa26e98a8b0_80 .net v0x5aa26e98a8b0 80, 7 0, o0x7bf2357be2c8; 0 drivers
o0x7bf2357be2f8 .functor BUFZ 8, C4<zzzzzzzz>; HiZ drive
v0x5aa26e98a8b0_81 .net v0x5aa26e98a8b0 81, 7 0, o0x7bf2357be2f8; 0 drivers
o0x7bf2357be328 .functor BUFZ 8, C4<zzzzzzzz>; HiZ drive
v0x5aa26e98a8b0_82 .net v0x5aa26e98a8b0 82, 7 0, o0x7bf2357be328; 0 drivers
o0x7bf2357be358 .functor BUFZ 8, C4<zzzzzzzz>; HiZ drive
v0x5aa26e98a8b0_83 .net v0x5aa26e98a8b0 83, 7 0, o0x7bf2357be358; 0 drivers
o0x7bf2357be388 .functor BUFZ 8, C4<zzzzzzzz>; HiZ drive
v0x5aa26e98a8b0_84 .net v0x5aa26e98a8b0 84, 7 0, o0x7bf2357be388; 0 drivers
o0x7bf2357be3b8 .functor BUFZ 8, C4<zzzzzzzz>; HiZ drive
v0x5aa26e98a8b0_85 .net v0x5aa26e98a8b0 85, 7 0, o0x7bf2357be3b8; 0 drivers
o0x7bf2357be3e8 .functor BUFZ 8, C4<zzzzzzzz>; HiZ drive
v0x5aa26e98a8b0_86 .net v0x5aa26e98a8b0 86, 7 0, o0x7bf2357be3e8; 0 drivers
o0x7bf2357be418 .functor BUFZ 8, C4<zzzzzzzz>; HiZ drive
v0x5aa26e98a8b0_87 .net v0x5aa26e98a8b0 87, 7 0, o0x7bf2357be418; 0 drivers
o0x7bf2357be448 .functor BUFZ 8, C4<zzzzzzzz>; HiZ drive
v0x5aa26e98a8b0_88 .net v0x5aa26e98a8b0 88, 7 0, o0x7bf2357be448; 0 drivers
o0x7bf2357be478 .functor BUFZ 8, C4<zzzzzzzz>; HiZ drive
v0x5aa26e98a8b0_89 .net v0x5aa26e98a8b0 89, 7 0, o0x7bf2357be478; 0 drivers
o0x7bf2357be4a8 .functor BUFZ 8, C4<zzzzzzzz>; HiZ drive
v0x5aa26e98a8b0_90 .net v0x5aa26e98a8b0 90, 7 0, o0x7bf2357be4a8; 0 drivers
o0x7bf2357be4d8 .functor BUFZ 8, C4<zzzzzzzz>; HiZ drive
v0x5aa26e98a8b0_91 .net v0x5aa26e98a8b0 91, 7 0, o0x7bf2357be4d8; 0 drivers
o0x7bf2357be508 .functor BUFZ 8, C4<zzzzzzzz>; HiZ drive
v0x5aa26e98a8b0_92 .net v0x5aa26e98a8b0 92, 7 0, o0x7bf2357be508; 0 drivers
o0x7bf2357be538 .functor BUFZ 8, C4<zzzzzzzz>; HiZ drive
v0x5aa26e98a8b0_93 .net v0x5aa26e98a8b0 93, 7 0, o0x7bf2357be538; 0 drivers
o0x7bf2357be568 .functor BUFZ 8, C4<zzzzzzzz>; HiZ drive
v0x5aa26e98a8b0_94 .net v0x5aa26e98a8b0 94, 7 0, o0x7bf2357be568; 0 drivers
o0x7bf2357be598 .functor BUFZ 8, C4<zzzzzzzz>; HiZ drive
v0x5aa26e98a8b0_95 .net v0x5aa26e98a8b0 95, 7 0, o0x7bf2357be598; 0 drivers
o0x7bf2357be5c8 .functor BUFZ 8, C4<zzzzzzzz>; HiZ drive
v0x5aa26e98a8b0_96 .net v0x5aa26e98a8b0 96, 7 0, o0x7bf2357be5c8; 0 drivers
o0x7bf2357be5f8 .functor BUFZ 8, C4<zzzzzzzz>; HiZ drive
v0x5aa26e98a8b0_97 .net v0x5aa26e98a8b0 97, 7 0, o0x7bf2357be5f8; 0 drivers
o0x7bf2357be628 .functor BUFZ 8, C4<zzzzzzzz>; HiZ drive
v0x5aa26e98a8b0_98 .net v0x5aa26e98a8b0 98, 7 0, o0x7bf2357be628; 0 drivers
o0x7bf2357be658 .functor BUFZ 8, C4<zzzzzzzz>; HiZ drive
v0x5aa26e98a8b0_99 .net v0x5aa26e98a8b0 99, 7 0, o0x7bf2357be658; 0 drivers
o0x7bf2357be688 .functor BUFZ 8, C4<zzzzzzzz>; HiZ drive
v0x5aa26e98a8b0_100 .net v0x5aa26e98a8b0 100, 7 0, o0x7bf2357be688; 0 drivers
o0x7bf2357be6b8 .functor BUFZ 8, C4<zzzzzzzz>; HiZ drive
v0x5aa26e98a8b0_101 .net v0x5aa26e98a8b0 101, 7 0, o0x7bf2357be6b8; 0 drivers
o0x7bf2357be6e8 .functor BUFZ 8, C4<zzzzzzzz>; HiZ drive
v0x5aa26e98a8b0_102 .net v0x5aa26e98a8b0 102, 7 0, o0x7bf2357be6e8; 0 drivers
o0x7bf2357be718 .functor BUFZ 8, C4<zzzzzzzz>; HiZ drive
v0x5aa26e98a8b0_103 .net v0x5aa26e98a8b0 103, 7 0, o0x7bf2357be718; 0 drivers
o0x7bf2357be748 .functor BUFZ 8, C4<zzzzzzzz>; HiZ drive
v0x5aa26e98a8b0_104 .net v0x5aa26e98a8b0 104, 7 0, o0x7bf2357be748; 0 drivers
o0x7bf2357be778 .functor BUFZ 8, C4<zzzzzzzz>; HiZ drive
v0x5aa26e98a8b0_105 .net v0x5aa26e98a8b0 105, 7 0, o0x7bf2357be778; 0 drivers
o0x7bf2357be7a8 .functor BUFZ 8, C4<zzzzzzzz>; HiZ drive
v0x5aa26e98a8b0_106 .net v0x5aa26e98a8b0 106, 7 0, o0x7bf2357be7a8; 0 drivers
o0x7bf2357be7d8 .functor BUFZ 8, C4<zzzzzzzz>; HiZ drive
v0x5aa26e98a8b0_107 .net v0x5aa26e98a8b0 107, 7 0, o0x7bf2357be7d8; 0 drivers
o0x7bf2357be808 .functor BUFZ 8, C4<zzzzzzzz>; HiZ drive
v0x5aa26e98a8b0_108 .net v0x5aa26e98a8b0 108, 7 0, o0x7bf2357be808; 0 drivers
o0x7bf2357be838 .functor BUFZ 8, C4<zzzzzzzz>; HiZ drive
v0x5aa26e98a8b0_109 .net v0x5aa26e98a8b0 109, 7 0, o0x7bf2357be838; 0 drivers
o0x7bf2357be868 .functor BUFZ 8, C4<zzzzzzzz>; HiZ drive
v0x5aa26e98a8b0_110 .net v0x5aa26e98a8b0 110, 7 0, o0x7bf2357be868; 0 drivers
o0x7bf2357be898 .functor BUFZ 8, C4<zzzzzzzz>; HiZ drive
v0x5aa26e98a8b0_111 .net v0x5aa26e98a8b0 111, 7 0, o0x7bf2357be898; 0 drivers
o0x7bf2357be8c8 .functor BUFZ 8, C4<zzzzzzzz>; HiZ drive
v0x5aa26e98a8b0_112 .net v0x5aa26e98a8b0 112, 7 0, o0x7bf2357be8c8; 0 drivers
o0x7bf2357be8f8 .functor BUFZ 8, C4<zzzzzzzz>; HiZ drive
v0x5aa26e98a8b0_113 .net v0x5aa26e98a8b0 113, 7 0, o0x7bf2357be8f8; 0 drivers
o0x7bf2357be928 .functor BUFZ 8, C4<zzzzzzzz>; HiZ drive
v0x5aa26e98a8b0_114 .net v0x5aa26e98a8b0 114, 7 0, o0x7bf2357be928; 0 drivers
o0x7bf2357be958 .functor BUFZ 8, C4<zzzzzzzz>; HiZ drive
v0x5aa26e98a8b0_115 .net v0x5aa26e98a8b0 115, 7 0, o0x7bf2357be958; 0 drivers
o0x7bf2357be988 .functor BUFZ 8, C4<zzzzzzzz>; HiZ drive
v0x5aa26e98a8b0_116 .net v0x5aa26e98a8b0 116, 7 0, o0x7bf2357be988; 0 drivers
o0x7bf2357be9b8 .functor BUFZ 8, C4<zzzzzzzz>; HiZ drive
v0x5aa26e98a8b0_117 .net v0x5aa26e98a8b0 117, 7 0, o0x7bf2357be9b8; 0 drivers
o0x7bf2357be9e8 .functor BUFZ 8, C4<zzzzzzzz>; HiZ drive
v0x5aa26e98a8b0_118 .net v0x5aa26e98a8b0 118, 7 0, o0x7bf2357be9e8; 0 drivers
o0x7bf2357bea18 .functor BUFZ 8, C4<zzzzzzzz>; HiZ drive
v0x5aa26e98a8b0_119 .net v0x5aa26e98a8b0 119, 7 0, o0x7bf2357bea18; 0 drivers
o0x7bf2357bea48 .functor BUFZ 8, C4<zzzzzzzz>; HiZ drive
v0x5aa26e98a8b0_120 .net v0x5aa26e98a8b0 120, 7 0, o0x7bf2357bea48; 0 drivers
o0x7bf2357bea78 .functor BUFZ 8, C4<zzzzzzzz>; HiZ drive
v0x5aa26e98a8b0_121 .net v0x5aa26e98a8b0 121, 7 0, o0x7bf2357bea78; 0 drivers
o0x7bf2357beaa8 .functor BUFZ 8, C4<zzzzzzzz>; HiZ drive
v0x5aa26e98a8b0_122 .net v0x5aa26e98a8b0 122, 7 0, o0x7bf2357beaa8; 0 drivers
o0x7bf2357bead8 .functor BUFZ 8, C4<zzzzzzzz>; HiZ drive
v0x5aa26e98a8b0_123 .net v0x5aa26e98a8b0 123, 7 0, o0x7bf2357bead8; 0 drivers
o0x7bf2357beb08 .functor BUFZ 8, C4<zzzzzzzz>; HiZ drive
v0x5aa26e98a8b0_124 .net v0x5aa26e98a8b0 124, 7 0, o0x7bf2357beb08; 0 drivers
o0x7bf2357beb38 .functor BUFZ 8, C4<zzzzzzzz>; HiZ drive
v0x5aa26e98a8b0_125 .net v0x5aa26e98a8b0 125, 7 0, o0x7bf2357beb38; 0 drivers
o0x7bf2357beb68 .functor BUFZ 8, C4<zzzzzzzz>; HiZ drive
v0x5aa26e98a8b0_126 .net v0x5aa26e98a8b0 126, 7 0, o0x7bf2357beb68; 0 drivers
o0x7bf2357beb98 .functor BUFZ 8, C4<zzzzzzzz>; HiZ drive
v0x5aa26e98a8b0_127 .net v0x5aa26e98a8b0 127, 7 0, o0x7bf2357beb98; 0 drivers
o0x7bf2357bebc8 .functor BUFZ 8, C4<zzzzzzzz>; HiZ drive
v0x5aa26e98a8b0_128 .net v0x5aa26e98a8b0 128, 7 0, o0x7bf2357bebc8; 0 drivers
o0x7bf2357bebf8 .functor BUFZ 8, C4<zzzzzzzz>; HiZ drive
v0x5aa26e98a8b0_129 .net v0x5aa26e98a8b0 129, 7 0, o0x7bf2357bebf8; 0 drivers
o0x7bf2357bec28 .functor BUFZ 8, C4<zzzzzzzz>; HiZ drive
v0x5aa26e98a8b0_130 .net v0x5aa26e98a8b0 130, 7 0, o0x7bf2357bec28; 0 drivers
o0x7bf2357bec58 .functor BUFZ 8, C4<zzzzzzzz>; HiZ drive
v0x5aa26e98a8b0_131 .net v0x5aa26e98a8b0 131, 7 0, o0x7bf2357bec58; 0 drivers
o0x7bf2357bec88 .functor BUFZ 8, C4<zzzzzzzz>; HiZ drive
v0x5aa26e98a8b0_132 .net v0x5aa26e98a8b0 132, 7 0, o0x7bf2357bec88; 0 drivers
o0x7bf2357becb8 .functor BUFZ 8, C4<zzzzzzzz>; HiZ drive
v0x5aa26e98a8b0_133 .net v0x5aa26e98a8b0 133, 7 0, o0x7bf2357becb8; 0 drivers
o0x7bf2357bece8 .functor BUFZ 8, C4<zzzzzzzz>; HiZ drive
v0x5aa26e98a8b0_134 .net v0x5aa26e98a8b0 134, 7 0, o0x7bf2357bece8; 0 drivers
o0x7bf2357bed18 .functor BUFZ 8, C4<zzzzzzzz>; HiZ drive
v0x5aa26e98a8b0_135 .net v0x5aa26e98a8b0 135, 7 0, o0x7bf2357bed18; 0 drivers
o0x7bf2357bed48 .functor BUFZ 8, C4<zzzzzzzz>; HiZ drive
v0x5aa26e98a8b0_136 .net v0x5aa26e98a8b0 136, 7 0, o0x7bf2357bed48; 0 drivers
o0x7bf2357bed78 .functor BUFZ 8, C4<zzzzzzzz>; HiZ drive
v0x5aa26e98a8b0_137 .net v0x5aa26e98a8b0 137, 7 0, o0x7bf2357bed78; 0 drivers
o0x7bf2357beda8 .functor BUFZ 8, C4<zzzzzzzz>; HiZ drive
v0x5aa26e98a8b0_138 .net v0x5aa26e98a8b0 138, 7 0, o0x7bf2357beda8; 0 drivers
o0x7bf2357bedd8 .functor BUFZ 8, C4<zzzzzzzz>; HiZ drive
v0x5aa26e98a8b0_139 .net v0x5aa26e98a8b0 139, 7 0, o0x7bf2357bedd8; 0 drivers
o0x7bf2357bee08 .functor BUFZ 8, C4<zzzzzzzz>; HiZ drive
v0x5aa26e98a8b0_140 .net v0x5aa26e98a8b0 140, 7 0, o0x7bf2357bee08; 0 drivers
o0x7bf2357bee38 .functor BUFZ 8, C4<zzzzzzzz>; HiZ drive
v0x5aa26e98a8b0_141 .net v0x5aa26e98a8b0 141, 7 0, o0x7bf2357bee38; 0 drivers
o0x7bf2357bee68 .functor BUFZ 8, C4<zzzzzzzz>; HiZ drive
v0x5aa26e98a8b0_142 .net v0x5aa26e98a8b0 142, 7 0, o0x7bf2357bee68; 0 drivers
o0x7bf2357bee98 .functor BUFZ 8, C4<zzzzzzzz>; HiZ drive
v0x5aa26e98a8b0_143 .net v0x5aa26e98a8b0 143, 7 0, o0x7bf2357bee98; 0 drivers
o0x7bf2357beec8 .functor BUFZ 8, C4<zzzzzzzz>; HiZ drive
v0x5aa26e98a8b0_144 .net v0x5aa26e98a8b0 144, 7 0, o0x7bf2357beec8; 0 drivers
o0x7bf2357beef8 .functor BUFZ 8, C4<zzzzzzzz>; HiZ drive
v0x5aa26e98a8b0_145 .net v0x5aa26e98a8b0 145, 7 0, o0x7bf2357beef8; 0 drivers
o0x7bf2357bef28 .functor BUFZ 8, C4<zzzzzzzz>; HiZ drive
v0x5aa26e98a8b0_146 .net v0x5aa26e98a8b0 146, 7 0, o0x7bf2357bef28; 0 drivers
o0x7bf2357bef58 .functor BUFZ 8, C4<zzzzzzzz>; HiZ drive
v0x5aa26e98a8b0_147 .net v0x5aa26e98a8b0 147, 7 0, o0x7bf2357bef58; 0 drivers
o0x7bf2357bef88 .functor BUFZ 8, C4<zzzzzzzz>; HiZ drive
v0x5aa26e98a8b0_148 .net v0x5aa26e98a8b0 148, 7 0, o0x7bf2357bef88; 0 drivers
o0x7bf2357befb8 .functor BUFZ 8, C4<zzzzzzzz>; HiZ drive
v0x5aa26e98a8b0_149 .net v0x5aa26e98a8b0 149, 7 0, o0x7bf2357befb8; 0 drivers
o0x7bf2357befe8 .functor BUFZ 8, C4<zzzzzzzz>; HiZ drive
v0x5aa26e98a8b0_150 .net v0x5aa26e98a8b0 150, 7 0, o0x7bf2357befe8; 0 drivers
o0x7bf2357bf018 .functor BUFZ 8, C4<zzzzzzzz>; HiZ drive
v0x5aa26e98a8b0_151 .net v0x5aa26e98a8b0 151, 7 0, o0x7bf2357bf018; 0 drivers
o0x7bf2357bf048 .functor BUFZ 8, C4<zzzzzzzz>; HiZ drive
v0x5aa26e98a8b0_152 .net v0x5aa26e98a8b0 152, 7 0, o0x7bf2357bf048; 0 drivers
o0x7bf2357bf078 .functor BUFZ 8, C4<zzzzzzzz>; HiZ drive
v0x5aa26e98a8b0_153 .net v0x5aa26e98a8b0 153, 7 0, o0x7bf2357bf078; 0 drivers
o0x7bf2357bf0a8 .functor BUFZ 8, C4<zzzzzzzz>; HiZ drive
v0x5aa26e98a8b0_154 .net v0x5aa26e98a8b0 154, 7 0, o0x7bf2357bf0a8; 0 drivers
o0x7bf2357bf0d8 .functor BUFZ 8, C4<zzzzzzzz>; HiZ drive
v0x5aa26e98a8b0_155 .net v0x5aa26e98a8b0 155, 7 0, o0x7bf2357bf0d8; 0 drivers
o0x7bf2357bf108 .functor BUFZ 8, C4<zzzzzzzz>; HiZ drive
v0x5aa26e98a8b0_156 .net v0x5aa26e98a8b0 156, 7 0, o0x7bf2357bf108; 0 drivers
o0x7bf2357bf138 .functor BUFZ 8, C4<zzzzzzzz>; HiZ drive
v0x5aa26e98a8b0_157 .net v0x5aa26e98a8b0 157, 7 0, o0x7bf2357bf138; 0 drivers
o0x7bf2357bf168 .functor BUFZ 8, C4<zzzzzzzz>; HiZ drive
v0x5aa26e98a8b0_158 .net v0x5aa26e98a8b0 158, 7 0, o0x7bf2357bf168; 0 drivers
o0x7bf2357bf198 .functor BUFZ 8, C4<zzzzzzzz>; HiZ drive
v0x5aa26e98a8b0_159 .net v0x5aa26e98a8b0 159, 7 0, o0x7bf2357bf198; 0 drivers
o0x7bf2357bf1c8 .functor BUFZ 8, C4<zzzzzzzz>; HiZ drive
v0x5aa26e98a8b0_160 .net v0x5aa26e98a8b0 160, 7 0, o0x7bf2357bf1c8; 0 drivers
o0x7bf2357bf1f8 .functor BUFZ 8, C4<zzzzzzzz>; HiZ drive
v0x5aa26e98a8b0_161 .net v0x5aa26e98a8b0 161, 7 0, o0x7bf2357bf1f8; 0 drivers
o0x7bf2357bf228 .functor BUFZ 8, C4<zzzzzzzz>; HiZ drive
v0x5aa26e98a8b0_162 .net v0x5aa26e98a8b0 162, 7 0, o0x7bf2357bf228; 0 drivers
o0x7bf2357bf258 .functor BUFZ 8, C4<zzzzzzzz>; HiZ drive
v0x5aa26e98a8b0_163 .net v0x5aa26e98a8b0 163, 7 0, o0x7bf2357bf258; 0 drivers
o0x7bf2357bf288 .functor BUFZ 8, C4<zzzzzzzz>; HiZ drive
v0x5aa26e98a8b0_164 .net v0x5aa26e98a8b0 164, 7 0, o0x7bf2357bf288; 0 drivers
o0x7bf2357bf2b8 .functor BUFZ 8, C4<zzzzzzzz>; HiZ drive
v0x5aa26e98a8b0_165 .net v0x5aa26e98a8b0 165, 7 0, o0x7bf2357bf2b8; 0 drivers
o0x7bf2357bf2e8 .functor BUFZ 8, C4<zzzzzzzz>; HiZ drive
v0x5aa26e98a8b0_166 .net v0x5aa26e98a8b0 166, 7 0, o0x7bf2357bf2e8; 0 drivers
o0x7bf2357bf318 .functor BUFZ 8, C4<zzzzzzzz>; HiZ drive
v0x5aa26e98a8b0_167 .net v0x5aa26e98a8b0 167, 7 0, o0x7bf2357bf318; 0 drivers
o0x7bf2357bf348 .functor BUFZ 8, C4<zzzzzzzz>; HiZ drive
v0x5aa26e98a8b0_168 .net v0x5aa26e98a8b0 168, 7 0, o0x7bf2357bf348; 0 drivers
o0x7bf2357bf378 .functor BUFZ 8, C4<zzzzzzzz>; HiZ drive
v0x5aa26e98a8b0_169 .net v0x5aa26e98a8b0 169, 7 0, o0x7bf2357bf378; 0 drivers
o0x7bf2357bf3a8 .functor BUFZ 8, C4<zzzzzzzz>; HiZ drive
v0x5aa26e98a8b0_170 .net v0x5aa26e98a8b0 170, 7 0, o0x7bf2357bf3a8; 0 drivers
o0x7bf2357bf3d8 .functor BUFZ 8, C4<zzzzzzzz>; HiZ drive
v0x5aa26e98a8b0_171 .net v0x5aa26e98a8b0 171, 7 0, o0x7bf2357bf3d8; 0 drivers
o0x7bf2357bf408 .functor BUFZ 8, C4<zzzzzzzz>; HiZ drive
v0x5aa26e98a8b0_172 .net v0x5aa26e98a8b0 172, 7 0, o0x7bf2357bf408; 0 drivers
o0x7bf2357bf438 .functor BUFZ 8, C4<zzzzzzzz>; HiZ drive
v0x5aa26e98a8b0_173 .net v0x5aa26e98a8b0 173, 7 0, o0x7bf2357bf438; 0 drivers
o0x7bf2357bf468 .functor BUFZ 8, C4<zzzzzzzz>; HiZ drive
v0x5aa26e98a8b0_174 .net v0x5aa26e98a8b0 174, 7 0, o0x7bf2357bf468; 0 drivers
o0x7bf2357bf498 .functor BUFZ 8, C4<zzzzzzzz>; HiZ drive
v0x5aa26e98a8b0_175 .net v0x5aa26e98a8b0 175, 7 0, o0x7bf2357bf498; 0 drivers
o0x7bf2357bf4c8 .functor BUFZ 8, C4<zzzzzzzz>; HiZ drive
v0x5aa26e98a8b0_176 .net v0x5aa26e98a8b0 176, 7 0, o0x7bf2357bf4c8; 0 drivers
o0x7bf2357bf4f8 .functor BUFZ 8, C4<zzzzzzzz>; HiZ drive
v0x5aa26e98a8b0_177 .net v0x5aa26e98a8b0 177, 7 0, o0x7bf2357bf4f8; 0 drivers
o0x7bf2357bf528 .functor BUFZ 8, C4<zzzzzzzz>; HiZ drive
v0x5aa26e98a8b0_178 .net v0x5aa26e98a8b0 178, 7 0, o0x7bf2357bf528; 0 drivers
o0x7bf2357bf558 .functor BUFZ 8, C4<zzzzzzzz>; HiZ drive
v0x5aa26e98a8b0_179 .net v0x5aa26e98a8b0 179, 7 0, o0x7bf2357bf558; 0 drivers
o0x7bf2357bf588 .functor BUFZ 8, C4<zzzzzzzz>; HiZ drive
v0x5aa26e98a8b0_180 .net v0x5aa26e98a8b0 180, 7 0, o0x7bf2357bf588; 0 drivers
o0x7bf2357bf5b8 .functor BUFZ 8, C4<zzzzzzzz>; HiZ drive
v0x5aa26e98a8b0_181 .net v0x5aa26e98a8b0 181, 7 0, o0x7bf2357bf5b8; 0 drivers
o0x7bf2357bf5e8 .functor BUFZ 8, C4<zzzzzzzz>; HiZ drive
v0x5aa26e98a8b0_182 .net v0x5aa26e98a8b0 182, 7 0, o0x7bf2357bf5e8; 0 drivers
o0x7bf2357bf618 .functor BUFZ 8, C4<zzzzzzzz>; HiZ drive
v0x5aa26e98a8b0_183 .net v0x5aa26e98a8b0 183, 7 0, o0x7bf2357bf618; 0 drivers
o0x7bf2357bf648 .functor BUFZ 8, C4<zzzzzzzz>; HiZ drive
v0x5aa26e98a8b0_184 .net v0x5aa26e98a8b0 184, 7 0, o0x7bf2357bf648; 0 drivers
o0x7bf2357bf678 .functor BUFZ 8, C4<zzzzzzzz>; HiZ drive
v0x5aa26e98a8b0_185 .net v0x5aa26e98a8b0 185, 7 0, o0x7bf2357bf678; 0 drivers
o0x7bf2357bf6a8 .functor BUFZ 8, C4<zzzzzzzz>; HiZ drive
v0x5aa26e98a8b0_186 .net v0x5aa26e98a8b0 186, 7 0, o0x7bf2357bf6a8; 0 drivers
o0x7bf2357bf6d8 .functor BUFZ 8, C4<zzzzzzzz>; HiZ drive
v0x5aa26e98a8b0_187 .net v0x5aa26e98a8b0 187, 7 0, o0x7bf2357bf6d8; 0 drivers
o0x7bf2357bf708 .functor BUFZ 8, C4<zzzzzzzz>; HiZ drive
v0x5aa26e98a8b0_188 .net v0x5aa26e98a8b0 188, 7 0, o0x7bf2357bf708; 0 drivers
o0x7bf2357bf738 .functor BUFZ 8, C4<zzzzzzzz>; HiZ drive
v0x5aa26e98a8b0_189 .net v0x5aa26e98a8b0 189, 7 0, o0x7bf2357bf738; 0 drivers
o0x7bf2357bf768 .functor BUFZ 8, C4<zzzzzzzz>; HiZ drive
v0x5aa26e98a8b0_190 .net v0x5aa26e98a8b0 190, 7 0, o0x7bf2357bf768; 0 drivers
o0x7bf2357bf798 .functor BUFZ 8, C4<zzzzzzzz>; HiZ drive
v0x5aa26e98a8b0_191 .net v0x5aa26e98a8b0 191, 7 0, o0x7bf2357bf798; 0 drivers
o0x7bf2357bf7c8 .functor BUFZ 8, C4<zzzzzzzz>; HiZ drive
v0x5aa26e98a8b0_192 .net v0x5aa26e98a8b0 192, 7 0, o0x7bf2357bf7c8; 0 drivers
o0x7bf2357bf7f8 .functor BUFZ 8, C4<zzzzzzzz>; HiZ drive
v0x5aa26e98a8b0_193 .net v0x5aa26e98a8b0 193, 7 0, o0x7bf2357bf7f8; 0 drivers
o0x7bf2357bf828 .functor BUFZ 8, C4<zzzzzzzz>; HiZ drive
v0x5aa26e98a8b0_194 .net v0x5aa26e98a8b0 194, 7 0, o0x7bf2357bf828; 0 drivers
o0x7bf2357bf858 .functor BUFZ 8, C4<zzzzzzzz>; HiZ drive
v0x5aa26e98a8b0_195 .net v0x5aa26e98a8b0 195, 7 0, o0x7bf2357bf858; 0 drivers
o0x7bf2357bf888 .functor BUFZ 8, C4<zzzzzzzz>; HiZ drive
v0x5aa26e98a8b0_196 .net v0x5aa26e98a8b0 196, 7 0, o0x7bf2357bf888; 0 drivers
o0x7bf2357bf8b8 .functor BUFZ 8, C4<zzzzzzzz>; HiZ drive
v0x5aa26e98a8b0_197 .net v0x5aa26e98a8b0 197, 7 0, o0x7bf2357bf8b8; 0 drivers
o0x7bf2357bf8e8 .functor BUFZ 8, C4<zzzzzzzz>; HiZ drive
v0x5aa26e98a8b0_198 .net v0x5aa26e98a8b0 198, 7 0, o0x7bf2357bf8e8; 0 drivers
o0x7bf2357bf918 .functor BUFZ 8, C4<zzzzzzzz>; HiZ drive
v0x5aa26e98a8b0_199 .net v0x5aa26e98a8b0 199, 7 0, o0x7bf2357bf918; 0 drivers
o0x7bf2357bf948 .functor BUFZ 8, C4<zzzzzzzz>; HiZ drive
v0x5aa26e98a8b0_200 .net v0x5aa26e98a8b0 200, 7 0, o0x7bf2357bf948; 0 drivers
o0x7bf2357bf978 .functor BUFZ 8, C4<zzzzzzzz>; HiZ drive
v0x5aa26e98a8b0_201 .net v0x5aa26e98a8b0 201, 7 0, o0x7bf2357bf978; 0 drivers
o0x7bf2357bf9a8 .functor BUFZ 8, C4<zzzzzzzz>; HiZ drive
v0x5aa26e98a8b0_202 .net v0x5aa26e98a8b0 202, 7 0, o0x7bf2357bf9a8; 0 drivers
o0x7bf2357bf9d8 .functor BUFZ 8, C4<zzzzzzzz>; HiZ drive
v0x5aa26e98a8b0_203 .net v0x5aa26e98a8b0 203, 7 0, o0x7bf2357bf9d8; 0 drivers
o0x7bf2357bfa08 .functor BUFZ 8, C4<zzzzzzzz>; HiZ drive
v0x5aa26e98a8b0_204 .net v0x5aa26e98a8b0 204, 7 0, o0x7bf2357bfa08; 0 drivers
o0x7bf2357bfa38 .functor BUFZ 8, C4<zzzzzzzz>; HiZ drive
v0x5aa26e98a8b0_205 .net v0x5aa26e98a8b0 205, 7 0, o0x7bf2357bfa38; 0 drivers
o0x7bf2357bfa68 .functor BUFZ 8, C4<zzzzzzzz>; HiZ drive
v0x5aa26e98a8b0_206 .net v0x5aa26e98a8b0 206, 7 0, o0x7bf2357bfa68; 0 drivers
o0x7bf2357bfa98 .functor BUFZ 8, C4<zzzzzzzz>; HiZ drive
v0x5aa26e98a8b0_207 .net v0x5aa26e98a8b0 207, 7 0, o0x7bf2357bfa98; 0 drivers
o0x7bf2357bfac8 .functor BUFZ 8, C4<zzzzzzzz>; HiZ drive
v0x5aa26e98a8b0_208 .net v0x5aa26e98a8b0 208, 7 0, o0x7bf2357bfac8; 0 drivers
o0x7bf2357bfaf8 .functor BUFZ 8, C4<zzzzzzzz>; HiZ drive
v0x5aa26e98a8b0_209 .net v0x5aa26e98a8b0 209, 7 0, o0x7bf2357bfaf8; 0 drivers
o0x7bf2357bfb28 .functor BUFZ 8, C4<zzzzzzzz>; HiZ drive
v0x5aa26e98a8b0_210 .net v0x5aa26e98a8b0 210, 7 0, o0x7bf2357bfb28; 0 drivers
o0x7bf2357bfb58 .functor BUFZ 8, C4<zzzzzzzz>; HiZ drive
v0x5aa26e98a8b0_211 .net v0x5aa26e98a8b0 211, 7 0, o0x7bf2357bfb58; 0 drivers
o0x7bf2357bfb88 .functor BUFZ 8, C4<zzzzzzzz>; HiZ drive
v0x5aa26e98a8b0_212 .net v0x5aa26e98a8b0 212, 7 0, o0x7bf2357bfb88; 0 drivers
o0x7bf2357bfbb8 .functor BUFZ 8, C4<zzzzzzzz>; HiZ drive
v0x5aa26e98a8b0_213 .net v0x5aa26e98a8b0 213, 7 0, o0x7bf2357bfbb8; 0 drivers
o0x7bf2357bfbe8 .functor BUFZ 8, C4<zzzzzzzz>; HiZ drive
v0x5aa26e98a8b0_214 .net v0x5aa26e98a8b0 214, 7 0, o0x7bf2357bfbe8; 0 drivers
o0x7bf2357bfc18 .functor BUFZ 8, C4<zzzzzzzz>; HiZ drive
v0x5aa26e98a8b0_215 .net v0x5aa26e98a8b0 215, 7 0, o0x7bf2357bfc18; 0 drivers
o0x7bf2357bfc48 .functor BUFZ 8, C4<zzzzzzzz>; HiZ drive
v0x5aa26e98a8b0_216 .net v0x5aa26e98a8b0 216, 7 0, o0x7bf2357bfc48; 0 drivers
o0x7bf2357bfc78 .functor BUFZ 8, C4<zzzzzzzz>; HiZ drive
v0x5aa26e98a8b0_217 .net v0x5aa26e98a8b0 217, 7 0, o0x7bf2357bfc78; 0 drivers
o0x7bf2357bfca8 .functor BUFZ 8, C4<zzzzzzzz>; HiZ drive
v0x5aa26e98a8b0_218 .net v0x5aa26e98a8b0 218, 7 0, o0x7bf2357bfca8; 0 drivers
o0x7bf2357bfcd8 .functor BUFZ 8, C4<zzzzzzzz>; HiZ drive
v0x5aa26e98a8b0_219 .net v0x5aa26e98a8b0 219, 7 0, o0x7bf2357bfcd8; 0 drivers
o0x7bf2357bfd08 .functor BUFZ 8, C4<zzzzzzzz>; HiZ drive
v0x5aa26e98a8b0_220 .net v0x5aa26e98a8b0 220, 7 0, o0x7bf2357bfd08; 0 drivers
o0x7bf2357bfd38 .functor BUFZ 8, C4<zzzzzzzz>; HiZ drive
v0x5aa26e98a8b0_221 .net v0x5aa26e98a8b0 221, 7 0, o0x7bf2357bfd38; 0 drivers
o0x7bf2357bfd68 .functor BUFZ 8, C4<zzzzzzzz>; HiZ drive
v0x5aa26e98a8b0_222 .net v0x5aa26e98a8b0 222, 7 0, o0x7bf2357bfd68; 0 drivers
o0x7bf2357bfd98 .functor BUFZ 8, C4<zzzzzzzz>; HiZ drive
v0x5aa26e98a8b0_223 .net v0x5aa26e98a8b0 223, 7 0, o0x7bf2357bfd98; 0 drivers
o0x7bf2357bfdc8 .functor BUFZ 8, C4<zzzzzzzz>; HiZ drive
v0x5aa26e98a8b0_224 .net v0x5aa26e98a8b0 224, 7 0, o0x7bf2357bfdc8; 0 drivers
o0x7bf2357bfdf8 .functor BUFZ 8, C4<zzzzzzzz>; HiZ drive
v0x5aa26e98a8b0_225 .net v0x5aa26e98a8b0 225, 7 0, o0x7bf2357bfdf8; 0 drivers
o0x7bf2357bfe28 .functor BUFZ 8, C4<zzzzzzzz>; HiZ drive
v0x5aa26e98a8b0_226 .net v0x5aa26e98a8b0 226, 7 0, o0x7bf2357bfe28; 0 drivers
o0x7bf2357bfe58 .functor BUFZ 8, C4<zzzzzzzz>; HiZ drive
v0x5aa26e98a8b0_227 .net v0x5aa26e98a8b0 227, 7 0, o0x7bf2357bfe58; 0 drivers
o0x7bf2357bfe88 .functor BUFZ 8, C4<zzzzzzzz>; HiZ drive
v0x5aa26e98a8b0_228 .net v0x5aa26e98a8b0 228, 7 0, o0x7bf2357bfe88; 0 drivers
o0x7bf2357bfeb8 .functor BUFZ 8, C4<zzzzzzzz>; HiZ drive
v0x5aa26e98a8b0_229 .net v0x5aa26e98a8b0 229, 7 0, o0x7bf2357bfeb8; 0 drivers
o0x7bf2357bfee8 .functor BUFZ 8, C4<zzzzzzzz>; HiZ drive
v0x5aa26e98a8b0_230 .net v0x5aa26e98a8b0 230, 7 0, o0x7bf2357bfee8; 0 drivers
o0x7bf2357bff18 .functor BUFZ 8, C4<zzzzzzzz>; HiZ drive
v0x5aa26e98a8b0_231 .net v0x5aa26e98a8b0 231, 7 0, o0x7bf2357bff18; 0 drivers
o0x7bf2357bff48 .functor BUFZ 8, C4<zzzzzzzz>; HiZ drive
v0x5aa26e98a8b0_232 .net v0x5aa26e98a8b0 232, 7 0, o0x7bf2357bff48; 0 drivers
o0x7bf2357bff78 .functor BUFZ 8, C4<zzzzzzzz>; HiZ drive
v0x5aa26e98a8b0_233 .net v0x5aa26e98a8b0 233, 7 0, o0x7bf2357bff78; 0 drivers
o0x7bf2357bffa8 .functor BUFZ 8, C4<zzzzzzzz>; HiZ drive
v0x5aa26e98a8b0_234 .net v0x5aa26e98a8b0 234, 7 0, o0x7bf2357bffa8; 0 drivers
o0x7bf2357bffd8 .functor BUFZ 8, C4<zzzzzzzz>; HiZ drive
v0x5aa26e98a8b0_235 .net v0x5aa26e98a8b0 235, 7 0, o0x7bf2357bffd8; 0 drivers
o0x7bf2357c0008 .functor BUFZ 8, C4<zzzzzzzz>; HiZ drive
v0x5aa26e98a8b0_236 .net v0x5aa26e98a8b0 236, 7 0, o0x7bf2357c0008; 0 drivers
o0x7bf2357c0038 .functor BUFZ 8, C4<zzzzzzzz>; HiZ drive
v0x5aa26e98a8b0_237 .net v0x5aa26e98a8b0 237, 7 0, o0x7bf2357c0038; 0 drivers
o0x7bf2357c0068 .functor BUFZ 8, C4<zzzzzzzz>; HiZ drive
v0x5aa26e98a8b0_238 .net v0x5aa26e98a8b0 238, 7 0, o0x7bf2357c0068; 0 drivers
o0x7bf2357c0098 .functor BUFZ 8, C4<zzzzzzzz>; HiZ drive
v0x5aa26e98a8b0_239 .net v0x5aa26e98a8b0 239, 7 0, o0x7bf2357c0098; 0 drivers
o0x7bf2357c00c8 .functor BUFZ 8, C4<zzzzzzzz>; HiZ drive
v0x5aa26e98a8b0_240 .net v0x5aa26e98a8b0 240, 7 0, o0x7bf2357c00c8; 0 drivers
o0x7bf2357c00f8 .functor BUFZ 8, C4<zzzzzzzz>; HiZ drive
v0x5aa26e98a8b0_241 .net v0x5aa26e98a8b0 241, 7 0, o0x7bf2357c00f8; 0 drivers
o0x7bf2357c0128 .functor BUFZ 8, C4<zzzzzzzz>; HiZ drive
v0x5aa26e98a8b0_242 .net v0x5aa26e98a8b0 242, 7 0, o0x7bf2357c0128; 0 drivers
o0x7bf2357c0158 .functor BUFZ 8, C4<zzzzzzzz>; HiZ drive
v0x5aa26e98a8b0_243 .net v0x5aa26e98a8b0 243, 7 0, o0x7bf2357c0158; 0 drivers
o0x7bf2357c0188 .functor BUFZ 8, C4<zzzzzzzz>; HiZ drive
v0x5aa26e98a8b0_244 .net v0x5aa26e98a8b0 244, 7 0, o0x7bf2357c0188; 0 drivers
o0x7bf2357c01b8 .functor BUFZ 8, C4<zzzzzzzz>; HiZ drive
v0x5aa26e98a8b0_245 .net v0x5aa26e98a8b0 245, 7 0, o0x7bf2357c01b8; 0 drivers
o0x7bf2357c01e8 .functor BUFZ 8, C4<zzzzzzzz>; HiZ drive
v0x5aa26e98a8b0_246 .net v0x5aa26e98a8b0 246, 7 0, o0x7bf2357c01e8; 0 drivers
o0x7bf2357c0218 .functor BUFZ 8, C4<zzzzzzzz>; HiZ drive
v0x5aa26e98a8b0_247 .net v0x5aa26e98a8b0 247, 7 0, o0x7bf2357c0218; 0 drivers
o0x7bf2357c0248 .functor BUFZ 8, C4<zzzzzzzz>; HiZ drive
v0x5aa26e98a8b0_248 .net v0x5aa26e98a8b0 248, 7 0, o0x7bf2357c0248; 0 drivers
o0x7bf2357c0278 .functor BUFZ 8, C4<zzzzzzzz>; HiZ drive
v0x5aa26e98a8b0_249 .net v0x5aa26e98a8b0 249, 7 0, o0x7bf2357c0278; 0 drivers
o0x7bf2357c02a8 .functor BUFZ 8, C4<zzzzzzzz>; HiZ drive
v0x5aa26e98a8b0_250 .net v0x5aa26e98a8b0 250, 7 0, o0x7bf2357c02a8; 0 drivers
o0x7bf2357c02d8 .functor BUFZ 8, C4<zzzzzzzz>; HiZ drive
v0x5aa26e98a8b0_251 .net v0x5aa26e98a8b0 251, 7 0, o0x7bf2357c02d8; 0 drivers
o0x7bf2357c0308 .functor BUFZ 8, C4<zzzzzzzz>; HiZ drive
v0x5aa26e98a8b0_252 .net v0x5aa26e98a8b0 252, 7 0, o0x7bf2357c0308; 0 drivers
o0x7bf2357c0338 .functor BUFZ 8, C4<zzzzzzzz>; HiZ drive
v0x5aa26e98a8b0_253 .net v0x5aa26e98a8b0 253, 7 0, o0x7bf2357c0338; 0 drivers
o0x7bf2357c0368 .functor BUFZ 8, C4<zzzzzzzz>; HiZ drive
v0x5aa26e98a8b0_254 .net v0x5aa26e98a8b0 254, 7 0, o0x7bf2357c0368; 0 drivers
o0x7bf2357c0398 .functor BUFZ 8, C4<zzzzzzzz>; HiZ drive
v0x5aa26e98a8b0_255 .net v0x5aa26e98a8b0 255, 7 0, o0x7bf2357c0398; 0 drivers
v0x5aa26e98d180_0 .net "sboxw", 31 0, v0x5aa26e98ecc0_0;  1 drivers
v0x5aa26e98d260_0 .var "sboxw_latched", 31 0;
v0x5aa26e98d340_0 .var "t_state", 3 0;
v0x5aa26e98d420_0 .var "trigger_pos", 1 0;
v0x5aa26e98d500_0 .var "trojan_active", 0 0;
v0x5aa26e98d5c0_0 .var "trojan_leak", 7 0;
E_0x5aa26e9892e0/0 .event negedge, v0x5aa26e98a7f0_0;
E_0x5aa26e9892e0/1 .event posedge, v0x5aa26e98a670_0;
E_0x5aa26e9892e0 .event/or E_0x5aa26e9892e0/0, E_0x5aa26e9892e0/1;
L_0x5aa26e8f73c0 .array/port v0x5aa26e98a8b0, L_0x5aa26e8f7bd0;
L_0x5aa26e8f7750 .part v0x5aa26e98ecc0_0, 24, 8;
L_0x5aa26e8f7bd0 .concat [ 8 2 0 0], L_0x5aa26e8f7750, L_0x7bf235771a10;
L_0x5aa26e99b940 .array/port v0x5aa26e98a8b0, L_0x5aa26e99bb10;
L_0x5aa26e99ba40 .part v0x5aa26e98ecc0_0, 16, 8;
L_0x5aa26e99bb10 .concat [ 8 2 0 0], L_0x5aa26e99ba40, L_0x7bf235771a58;
L_0x5aa26e99bda0 .array/port v0x5aa26e98a8b0, L_0x5aa26e99bfc0;
L_0x5aa26e99be40 .part v0x5aa26e98ecc0_0, 8, 8;
L_0x5aa26e99bfc0 .concat [ 8 2 0 0], L_0x5aa26e99be40, L_0x7bf235771aa0;
L_0x5aa26e9adb70 .concat8 [ 8 8 8 8], L_0x5aa26e9ae090, L_0x5aa26e9adab0, L_0x5aa26e99bce0, L_0x5aa26e8f7870;
L_0x5aa26e9adda0 .array/port v0x5aa26e98a8b0, L_0x5aa26e9adf50;
L_0x5aa26e9ade40 .part v0x5aa26e98ecc0_0, 0, 8;
L_0x5aa26e9adf50 .concat [ 8 2 0 0], L_0x5aa26e9ade40, L_0x7bf235771ae8;
S_0x5aa26e98d740 .scope begin, "sbox_mux" "sbox_mux" 3 258, 3 258 0, S_0x5aa26e954830;
 .timescale 0 0;
S_0x5aa26e990220 .scope begin, "reg_update" "reg_update" 2 143, 2 143 0, S_0x5aa26e8bdaf0;
 .timescale 0 0;
v0x5aa26e9903e0_0 .var/i "i", 31 0;
S_0x5aa26e8c4720 .scope module, "tb_aes_key_mem" "tb_aes_key_mem" 9 2;
 .timescale -9 -12;
v0x5aa26e997890_0 .var "clk", 0 0;
v0x5aa26e997950_0 .var "init", 0 0;
v0x5aa26e997a20_0 .var "key", 255 0;
v0x5aa26e997b20_0 .var "keylen", 0 0;
v0x5aa26e997bf0_0 .var "new_sboxw", 31 0;
v0x5aa26e997c90_0 .net "ready", 0 0, L_0x5aa26e9ae5e0;  1 drivers
v0x5aa26e997d60_0 .var "reset_n", 0 0;
v0x5aa26e997e30_0 .var "round", 3 0;
v0x5aa26e997f00_0 .net "round_key", 127 0, L_0x5aa26e9ae520;  1 drivers
v0x5aa26e997fd0_0 .net "sboxw", 31 0, L_0x5aa26e9ae6a0;  1 drivers
v0x5aa26e9980a0_0 .net "trojan_covert_out", 0 0, L_0x5aa26e9ae760;  1 drivers
v0x5aa26e998170_0 .var "trojan_trigger", 0 0;
E_0x5aa26e8648f0 .event posedge, v0x5aa26e994dd0_0;
S_0x5aa26e9923e0 .scope module, "U" "aes_key_mem" 9 20, 7 1 0, S_0x5aa26e8c4720;
 .timescale 0 0;
    .port_info 0 /INPUT 1 "clk";
    .port_info 1 /INPUT 1 "reset_n";
    .port_info 2 /INPUT 256 "key";
    .port_info 3 /INPUT 1 "keylen";
    .port_info 4 /INPUT 1 "init";
    .port_info 5 /INPUT 4 "round";
    .port_info 6 /OUTPUT 128 "round_key";
    .port_info 7 /OUTPUT 1 "ready";
    .port_info 8 /OUTPUT 32 "sboxw";
    .port_info 9 /INPUT 32 "new_sboxw";
    .port_info 10 /INPUT 1 "trojan_trigger";
    .port_info 11 /OUTPUT 1 "trojan_covert_out";
P_0x5aa26e992590 .param/l "AES_128_BIT_KEY" 1 7 25, C4<0>;
P_0x5aa26e9925d0 .param/l "AES_128_NUM_ROUNDS" 1 7 28, +C4<00000000000000000000000000001010>;
P_0x5aa26e992610 .param/l "AES_256_BIT_KEY" 1 7 26, C4<1>;
P_0x5aa26e992650 .param/l "AES_256_NUM_ROUNDS" 1 7 29, +C4<00000000000000000000000000001110>;
P_0x5aa26e992690 .param/l "CTRL_DONE" 1 7 34, C4<011>;
P_0x5aa26e9926d0 .param/l "CTRL_GENERATE" 1 7 33, C4<010>;
P_0x5aa26e992710 .param/l "CTRL_IDLE" 1 7 31, C4<000>;
P_0x5aa26e992750 .param/l "CTRL_INIT" 1 7 32, C4<001>;
L_0x5aa26e9ae520 .functor BUFZ 128, v0x5aa26e996fd0_0, C4<00000000000000000000000000000000000000000000000000000000000000000000000000000000000000000000000000000000000000000000000000000000>, C4<00000000000000000000000000000000000000000000000000000000000000000000000000000000000000000000000000000000000000000000000000000000>, C4<00000000000000000000000000000000000000000000000000000000000000000000000000000000000000000000000000000000000000000000000000000000>;
L_0x5aa26e9ae5e0 .functor BUFZ 1, v0x5aa26e996420_0, C4<0>, C4<0>, C4<0>;
L_0x5aa26e9ae6a0 .functor BUFZ 32, v0x5aa26e9970b0_0, C4<00000000000000000000000000000000>, C4<00000000000000000000000000000000>, C4<00000000000000000000000000000000>;
L_0x5aa26e9ae760 .functor BUFZ 1, v0x5aa26e9973f0_0, C4<0>, C4<0>, C4<0>;
v0x5aa26e994dd0_0 .net "clk", 0 0, v0x5aa26e997890_0;  1 drivers
v0x5aa26e994eb0_0 .net "init", 0 0, v0x5aa26e997950_0;  1 drivers
v0x5aa26e994f70_0 .net "key", 255 0, v0x5aa26e997a20_0;  1 drivers
v0x5aa26e995030 .array "key_mem", 14 0, 127 0;
v0x5aa26e995350_0 .var "key_mem_ctrl_new", 2 0;
v0x5aa26e995430_0 .var "key_mem_ctrl_reg", 2 0;
v0x5aa26e995510_0 .var "key_mem_ctrl_we", 0 0;
v0x5aa26e9955d0_0 .var "key_mem_new", 127 0;
v0x5aa26e9956b0_0 .var "key_mem_we", 0 0;
v0x5aa26e995800_0 .net "keylen", 0 0, v0x5aa26e997b20_0;  1 drivers
v0x5aa26e9958c0_0 .net "new_sboxw", 31 0, v0x5aa26e997bf0_0;  1 drivers
v0x5aa26e9959a0_0 .var "prev_key0_new", 127 0;
v0x5aa26e995a80_0 .var "prev_key0_reg", 127 0;
v0x5aa26e995b60_0 .var "prev_key0_we", 0 0;
v0x5aa26e995c20_0 .var "prev_key1_new", 127 0;
v0x5aa26e995d00_0 .var "prev_key1_reg", 127 0;
v0x5aa26e995de0_0 .var "prev_key1_we", 0 0;
v0x5aa26e995ea0_0 .var "rcon_new", 7 0;
v0x5aa26e995f80_0 .var "rcon_next", 0 0;
v0x5aa26e996040_0 .var "rcon_reg", 7 0;
v0x5aa26e996120_0 .var "rcon_set", 0 0;
v0x5aa26e9961e0_0 .var "rcon_we", 0 0;
v0x5aa26e9962a0_0 .net "ready", 0 0, L_0x5aa26e9ae5e0;  alias, 1 drivers
v0x5aa26e996360_0 .var "ready_new", 0 0;
v0x5aa26e996420_0 .var "ready_reg", 0 0;
v0x5aa26e9964e0_0 .var "ready_we", 0 0;
v0x5aa26e9965a0_0 .net "reset_n", 0 0, v0x5aa26e997d60_0;  1 drivers
v0x5aa26e996660_0 .net "round", 3 0, v0x5aa26e997e30_0;  1 drivers
v0x5aa26e996740_0 .var "round_ctr_inc", 0 0;
v0x5aa26e996800_0 .var "round_ctr_new", 3 0;
v0x5aa26e9968e0_0 .var "round_ctr_reg", 3 0;
v0x5aa26e9969c0_0 .var "round_ctr_rst", 0 0;
v0x5aa26e996a80_0 .var "round_ctr_we", 0 0;
v0x5aa26e996d50_0 .net "round_key", 127 0, L_0x5aa26e9ae520;  alias, 1 drivers
v0x5aa26e996e30_0 .var "round_key_update", 0 0;
v0x5aa26e996ef0_0 .net "sboxw", 31 0, L_0x5aa26e9ae6a0;  alias, 1 drivers
v0x5aa26e996fd0_0 .var "tmp_round_key", 127 0;
v0x5aa26e9970b0_0 .var "tmp_sboxw", 31 0;
v0x5aa26e997190_0 .var "trojan_active", 0 0;
v0x5aa26e997250_0 .var "trojan_bit_cnt", 7 0;
v0x5aa26e997330_0 .net "trojan_covert_out", 0 0, L_0x5aa26e9ae760;  alias, 1 drivers
v0x5aa26e9973f0_0 .var "trojan_covert_reg", 0 0;
v0x5aa26e9974b0_0 .var "trojan_done", 0 0;
v0x5aa26e997570_0 .var "trojan_shift_reg", 127 0;
v0x5aa26e997650_0 .net "trojan_trigger", 0 0, v0x5aa26e998170_0;  1 drivers
E_0x5aa26e992d20/0 .event edge, v0x5aa26e995800_0, v0x5aa26e995430_0, v0x5aa26e994eb0_0, v0x5aa26e9968e0_0;
E_0x5aa26e992d20/1 .event edge, v0x5aa26e9932f0_0;
E_0x5aa26e992d20 .event/or E_0x5aa26e992d20/0, E_0x5aa26e992d20/1;
E_0x5aa26e992d90 .event edge, v0x5aa26e9969c0_0, v0x5aa26e996740_0, v0x5aa26e9968e0_0;
E_0x5aa26e992df0 .event edge, v0x5aa26e996040_0, v0x5aa26e996120_0, v0x5aa26e995f80_0, v0x5aa26e9937d0_0;
E_0x5aa26e992e60/0 .event edge, v0x5aa26e995a80_0, v0x5aa26e995d00_0, v0x5aa26e996040_0, v0x5aa26e994cf0_0;
E_0x5aa26e992e60/1 .event edge, v0x5aa26e9958c0_0, v0x5aa26e994430_0, v0x5aa26e994300_0, v0x5aa26e996e30_0;
E_0x5aa26e992e60/2 .event edge, v0x5aa26e995800_0, v0x5aa26e9968e0_0, v0x5aa26e994f70_0, v0x5aa26e994a50_0;
E_0x5aa26e992e60/3 .event edge, v0x5aa26e994510_0, v0x5aa26e994b30_0, v0x5aa26e994c10_0, v0x5aa26e993f80_0;
E_0x5aa26e992e60/4 .event edge, v0x5aa26e994080_0, v0x5aa26e994160_0, v0x5aa26e994220_0, v0x5aa26e9946d0_0;
E_0x5aa26e992e60/5 .event edge, v0x5aa26e9947b0_0, v0x5aa26e994890_0, v0x5aa26e994970_0, v0x5aa26e9945f0_0;
E_0x5aa26e992e60 .event/or E_0x5aa26e992e60/0, E_0x5aa26e992e60/1, E_0x5aa26e992e60/2, E_0x5aa26e992e60/3, E_0x5aa26e992e60/4, E_0x5aa26e992e60/5;
v0x5aa26e995030_0 .array/port v0x5aa26e995030, 0;
v0x5aa26e995030_1 .array/port v0x5aa26e995030, 1;
v0x5aa26e995030_2 .array/port v0x5aa26e995030, 2;
E_0x5aa26e992fa0/0 .event edge, v0x5aa26e996660_0, v0x5aa26e995030_0, v0x5aa26e995030_1, v0x5aa26e995030_2;
v0x5aa26e995030_3 .array/port v0x5aa26e995030, 3;
v0x5aa26e995030_4 .array/port v0x5aa26e995030, 4;
v0x5aa26e995030_5 .array/port v0x5aa26e995030, 5;
v0x5aa26e995030_6 .array/port v0x5aa26e995030, 6;
E_0x5aa26e992fa0/1 .event edge, v0x5aa26e995030_3, v0x5aa26e995030_4, v0x5aa26e995030_5, v0x5aa26e995030_6;
v0x5aa26e995030_7 .array/port v0x5aa26e995030, 7;
v0x5aa26e995030_8 .array/port v0x5aa26e995030, 8;
v0x5aa26e995030_9 .array/port v0x5aa26e995030, 9;
v0x5aa26e995030_10 .array/port v0x5aa26e995030, 10;
E_0x5aa26e992fa0/2 .event edge, v0x5aa26e995030_7, v0x5aa26e995030_8, v0x5aa26e995030_9, v0x5aa26e995030_10;
v0x5aa26e995030_11 .array/port v0x5aa26e995030, 11;
v0x5aa26e995030_12 .array/port v0x5aa26e995030, 12;
v0x5aa26e995030_13 .array/port v0x5aa26e995030, 13;
v0x5aa26e995030_14 .array/port v0x5aa26e995030, 14;
E_0x5aa26e992fa0/3 .event edge, v0x5aa26e995030_11, v0x5aa26e995030_12, v0x5aa26e995030_13, v0x5aa26e995030_14;
E_0x5aa26e992fa0 .event/or E_0x5aa26e992fa0/0, E_0x5aa26e992fa0/1, E_0x5aa26e992fa0/2, E_0x5aa26e992fa0/3;
E_0x5aa26e993070/0 .event negedge, v0x5aa26e9965a0_0;
E_0x5aa26e993070/1 .event posedge, v0x5aa26e994dd0_0;
E_0x5aa26e993070 .event/or E_0x5aa26e993070/0, E_0x5aa26e993070/1;
S_0x5aa26e993110 .scope begin, "key_mem_ctrl" "key_mem_ctrl" 7 372, 7 372 0, S_0x5aa26e9923e0;
 .timescale 0 0;
v0x5aa26e9932f0_0 .var "num_rounds", 3 0;
S_0x5aa26e9933f0 .scope begin, "key_mem_read" "key_mem_read" 7 184, 7 184 0, S_0x5aa26e9923e0;
 .timescale 0 0;
S_0x5aa26e9935f0 .scope begin, "rcon_logic" "rcon_logic" 7 320, 7 320 0, S_0x5aa26e9923e0;
 .timescale 0 0;
v0x5aa26e9937d0_0 .var "tmp_rcon", 7 0;
S_0x5aa26e993890 .scope begin, "reg_update" "reg_update" 7 102, 7 102 0, S_0x5aa26e9923e0;
 .timescale 0 0;
v0x5aa26e993a70_0 .var/i "i", 31 0;
S_0x5aa26e993b70 .scope begin, "round_ctr" "round_ctr" 7 347, 7 347 0, S_0x5aa26e9923e0;
 .timescale 0 0;
S_0x5aa26e993da0 .scope begin, "round_key_gen" "round_key_gen" 7 195, 7 195 0, S_0x5aa26e9923e0;
 .timescale 0 0;
v0x5aa26e993f80_0 .var "k0", 31 0;
v0x5aa26e994080_0 .var "k1", 31 0;
v0x5aa26e994160_0 .var "k2", 31 0;
v0x5aa26e994220_0 .var "k3", 31 0;
v0x5aa26e994300_0 .var "rconw", 31 0;
v0x5aa26e994430_0 .var "rotstw", 31 0;
v0x5aa26e994510_0 .var "trw", 31 0;
v0x5aa26e9945f0_0 .var "tw", 31 0;
v0x5aa26e9946d0_0 .var "w0", 31 0;
v0x5aa26e9947b0_0 .var "w1", 31 0;
v0x5aa26e994890_0 .var "w2", 31 0;
v0x5aa26e994970_0 .var "w3", 31 0;
v0x5aa26e994a50_0 .var "w4", 31 0;
v0x5aa26e994b30_0 .var "w5", 31 0;
v0x5aa26e994c10_0 .var "w6", 31 0;
v0x5aa26e994cf0_0 .var "w7", 31 0;
    .scope S_0x5aa26e8e7fd0;
T_18 ;
    %wait E_0x5aa26e928e80;
    %fork t_1, S_0x5aa26e97f150;
    %jmp t_0;
    .scope S_0x5aa26e97f150;
t_1 ;
    %load/vec4 v0x5aa26e981c00_0;
    %nor/r;
    %flag_set/vec4 8;
    %jmp/0xz  T_18.0, 8;
    %pushi/vec4 0, 0, 32;
    %assign/vec4 v0x5aa26e980ae0_0, 0;
    %pushi/vec4 0, 0, 32;
    %assign/vec4 v0x5aa26e980c60_0, 0;
    %pushi/vec4 0, 0, 32;
    %assign/vec4 v0x5aa26e980e50_0, 0;
    %pushi/vec4 0, 0, 32;
    %assign/vec4 v0x5aa26e980ff0_0, 0;
    %pushi/vec4 0, 0, 2;
    %assign/vec4 v0x5aa26e9826f0_0, 0;
    %pushi/vec4 0, 0, 4;
    %assign/vec4 v0x5aa26e981f30_0, 0;
    %pushi/vec4 1, 0, 1;
    %assign/vec4 v0x5aa26e981a80_0, 0;
    %pushi/vec4 0, 0, 2;
    %assign/vec4 v0x5aa26e981380_0, 0;
    %pushi/vec4 0, 0, 1;
    %assign/vec4 v0x5aa26e982a10_0, 0;
    %pushi/vec4 0, 0, 2;
    %assign/vec4 v0x5aa26e982c70_0, 0;
    %pushi/vec4 0, 0, 8;
    %assign/vec4 v0x5aa26e982fd0_0, 0;
    %pushi/vec4 0, 0, 1;
    %assign/vec4 v0x5aa26e9833d0_0, 0;
    %jmp T_18.1;
T_18.0 ;
    %load/vec4 v0x5aa26e980ba0_0;
    %flag_set/vec4 8;
    %jmp/0xz  T_18.2, 8;
    %load/vec4 v0x5aa26e980a20_0;
    %parti/s 32, 96, 8;
    %assign/vec4 v0x5aa26e980ae0_0, 0;
T_18.2 ;
    %load/vec4 v0x5aa26e980d90_0;
    %flag_set/vec4 8;
    %jmp/0xz  T_18.4, 8;
    %load/vec4 v0x5aa26e980a20_0;
    %parti/s 32, 64, 8;
    %assign/vec4 v0x5aa26e980c60_0, 0;
T_18.4 ;
    %load/vec4 v0x5aa26e980f30_0;
    %flag_set/vec4 8;
    %jmp/0xz  T_18.6, 8;
    %load/vec4 v0x5aa26e980a20_0;
    %parti/s 32, 32, 7;
    %assign/vec4 v0x5aa26e980e50_0, 0;
T_18.6 ;
    %load/vec4 v0x5aa26e981160_0;
    %flag_set/vec4 8;
    %jmp/0xz  T_18.8, 8;
    %load/vec4 v0x5aa26e980a20_0;
    %parti/s 32, 0, 2;
    %assign/vec4 v0x5aa26e980ff0_0, 0;
T_18.8 ;
    %load/vec4 v0x5aa26e982890_0;
    %flag_set/vec4 8;
    %jmp/0xz  T_18.10, 8;
    %load/vec4 v0x5aa26e982610_0;
    %assign/vec4 v0x5aa26e9826f0_0, 0;
T_18.10 ;
    %load/vec4 v0x5aa26e9820d0_0;
    %flag_set/vec4 8;
    %jmp/0xz  T_18.12, 8;
    %load/vec4 v0x5aa26e981e50_0;
    %assign/vec4 v0x5aa26e981f30_0, 0;
T_18.12 ;
    %load/vec4 v0x5aa26e981b40_0;
    %flag_set/vec4 8;
    %jmp/0xz  T_18.14, 8;
    %load/vec4 v0x5aa26e9819c0_0;
    %assign/vec4 v0x5aa26e981a80_0, 0;
T_18.14 ;
    %load/vec4 v0x5aa26e981460_0;
    %flag_set/vec4 8;
    %jmp/0xz  T_18.16, 8;
    %load/vec4 v0x5aa26e9812c0_0;
    %assign/vec4 v0x5aa26e981380_0, 0;
T_18.16 ;
    %load/vec4 v0x5aa26e982ad0_0;
    %flag_set/vec4 8;
    %jmp/0xz  T_18.18, 8;
    %load/vec4 v0x5aa26e982950_0;
    %assign/vec4 v0x5aa26e982a10_0, 0;
T_18.18 ;
    %load/vec4 v0x5aa26e982d50_0;
    %flag_set/vec4 8;
    %jmp/0xz  T_18.20, 8;
    %load/vec4 v0x5aa26e982b90_0;
    %assign/vec4 v0x5aa26e982c70_0, 0;
T_18.20 ;
    %load/vec4 v0x5aa26e9830b0_0;
    %flag_set/vec4 8;
    %jmp/0xz  T_18.22, 8;
    %load/vec4 v0x5aa26e982ef0_0;
    %assign/vec4 v0x5aa26e982fd0_0, 0;
T_18.22 ;
    %load/vec4 v0x5aa26e983490_0;
    %flag_set/vec4 8;
    %jmp/0xz  T_18.24, 8;
    %load/vec4 v0x5aa26e983310_0;
    %assign/vec4 v0x5aa26e9833d0_0, 0;
T_18.24 ;
T_18.1 ;
    %end;
    .scope S_0x5aa26e8e7fd0;
t_0 %join;
    %jmp T_18;
    .thread T_18;
    .scope S_0x5aa26e8e7fd0;
T_19 ;
    %wait E_0x5aa26e8bbc10;
    %fork t_3, S_0x5aa26e97f4c0;
    %jmp t_2;
    .scope S_0x5aa26e97f4c0;
t_3 ;
    %pushi/vec4 0, 0, 128;
    %store/vec4 v0x5aa26e980a20_0, 0, 128;
    %pushi/vec4 0, 0, 32;
    %store/vec4 v0x5aa26e9815c0_0, 0, 32;
    %pushi/vec4 0, 0, 1;
    %store/vec4 v0x5aa26e980ba0_0, 0, 1;
    %pushi/vec4 0, 0, 1;
    %store/vec4 v0x5aa26e980d90_0, 0, 1;
    %pushi/vec4 0, 0, 1;
    %store/vec4 v0x5aa26e980f30_0, 0, 1;
    %pushi/vec4 0, 0, 1;
    %store/vec4 v0x5aa26e981160_0, 0, 1;
    %load/vec4 v0x5aa26e980ae0_0;
    %load/vec4 v0x5aa26e980c60_0;
    %concat/vec4; draw_concat_vec4
    %load/vec4 v0x5aa26e980e50_0;
    %concat/vec4; draw_concat_vec4
    %load/vec4 v0x5aa26e980ff0_0;
    %concat/vec4; draw_concat_vec4
    %store/vec4 v0x5aa26e97fa70_0, 0, 128;
    %alloc S_0x5aa26e97fc30;
    %load/vec4 v0x5aa26e97fa70_0;
    %store/vec4 v0x5aa26e97fe10_0, 0, 128;
    %callf/vec4 TD_aes.core.enc_block.shiftrows, S_0x5aa26e97fc30;
    %free S_0x5aa26e97fc30;
    %store/vec4 v0x5aa26e97fb50_0, 0, 128;
    %alloc S_0x5aa26e8274c0;
    %load/vec4 v0x5aa26e97fb50_0;
    %store/vec4 v0x5aa26e8276f0_0, 0, 128;
    %callf/vec4 TD_aes.core.enc_block.mixcolumns, S_0x5aa26e8274c0;
    %free S_0x5aa26e8274c0;
    %store/vec4 v0x5aa26e97f990_0, 0, 128;
    %alloc S_0x5aa26e8bc2b0;
    %load/vec4 v0x5aa26e980940_0;
    %load/vec4 v0x5aa26e982190_0;
    %store/vec4 v0x5aa26e8bd010_0, 0, 128;
    %store/vec4 v0x5aa26e8bcf50_0, 0, 128;
    %callf/vec4 TD_aes.core.enc_block.addroundkey, S_0x5aa26e8bc2b0;
    %free S_0x5aa26e8bc2b0;
    %store/vec4 v0x5aa26e97f7f0_0, 0, 128;
    %alloc S_0x5aa26e8bc2b0;
    %load/vec4 v0x5aa26e97f990_0;
    %load/vec4 v0x5aa26e982190_0;
    %store/vec4 v0x5aa26e8bd010_0, 0, 128;
    %store/vec4 v0x5aa26e8bcf50_0, 0, 128;
    %callf/vec4 TD_aes.core.enc_block.addroundkey, S_0x5aa26e8bc2b0;
    %free S_0x5aa26e8bc2b0;
    %store/vec4 v0x5aa26e97f8d0_0, 0, 128;
    %alloc S_0x5aa26e8bc2b0;
    %load/vec4 v0x5aa26e97fb50_0;
    %load/vec4 v0x5aa26e982190_0;
    %store/vec4 v0x5aa26e8bd010_0, 0, 128;
    %store/vec4 v0x5aa26e8bcf50_0, 0, 128;
    %callf/vec4 TD_aes.core.enc_block.addroundkey, S_0x5aa26e8bc2b0;
    %free S_0x5aa26e8bc2b0;
    %store/vec4 v0x5aa26e97f730_0, 0, 128;
    %load/vec4 v0x5aa26e983550_0;
    %dup/vec4;
    %pushi/vec4 1, 0, 3;
    %cmp/u;
    %jmp/1 T_19.0, 6;
    %dup/vec4;
    %pushi/vec4 2, 0, 3;
    %cmp/u;
    %jmp/1 T_19.1, 6;
    %dup/vec4;
    %pushi/vec4 3, 0, 3;
    %cmp/u;
    %jmp/1 T_19.2, 6;
    %dup/vec4;
    %pushi/vec4 4, 0, 3;
    %cmp/u;
    %jmp/1 T_19.3, 6;
    %jmp T_19.5;
T_19.0 ;
    %load/vec4 v0x5aa26e97f7f0_0;
    %store/vec4 v0x5aa26e980a20_0, 0, 128;
    %pushi/vec4 1, 0, 1;
    %store/vec4 v0x5aa26e980ba0_0, 0, 1;
    %pushi/vec4 1, 0, 1;
    %store/vec4 v0x5aa26e980d90_0, 0, 1;
    %pushi/vec4 1, 0, 1;
    %store/vec4 v0x5aa26e980f30_0, 0, 1;
    %pushi/vec4 1, 0, 1;
    %store/vec4 v0x5aa26e981160_0, 0, 1;
    %jmp T_19.5;
T_19.1 ;
    %load/vec4 v0x5aa26e981760_0;
    %load/vec4 v0x5aa26e981760_0;
    %concat/vec4; draw_concat_vec4
    %load/vec4 v0x5aa26e981760_0;
    %concat/vec4; draw_concat_vec4
    %load/vec4 v0x5aa26e981760_0;
    %concat/vec4; draw_concat_vec4
    %store/vec4 v0x5aa26e980a20_0, 0, 128;
    %load/vec4 v0x5aa26e9826f0_0;
    %dup/vec4;
    %pushi/vec4 0, 0, 2;
    %cmp/u;
    %jmp/1 T_19.6, 6;
    %dup/vec4;
    %pushi/vec4 1, 0, 2;
    %cmp/u;
    %jmp/1 T_19.7, 6;
    %dup/vec4;
    %pushi/vec4 2, 0, 2;
    %cmp/u;
    %jmp/1 T_19.8, 6;
    %dup/vec4;
    %pushi/vec4 3, 0, 2;
    %cmp/u;
    %jmp/1 T_19.9, 6;
    %jmp T_19.10;
T_19.6 ;
    %load/vec4 v0x5aa26e980ae0_0;
    %store/vec4 v0x5aa26e9815c0_0, 0, 32;
    %pushi/vec4 1, 0, 1;
    %store/vec4 v0x5aa26e980ba0_0, 0, 1;
    %jmp T_19.10;
T_19.7 ;
    %load/vec4 v0x5aa26e980c60_0;
    %store/vec4 v0x5aa26e9815c0_0, 0, 32;
    %pushi/vec4 1, 0, 1;
    %store/vec4 v0x5aa26e980d90_0, 0, 1;
    %jmp T_19.10;
T_19.8 ;
    %load/vec4 v0x5aa26e980e50_0;
    %store/vec4 v0x5aa26e9815c0_0, 0, 32;
    %pushi/vec4 1, 0, 1;
    %store/vec4 v0x5aa26e980f30_0, 0, 1;
    %jmp T_19.10;
T_19.9 ;
    %load/vec4 v0x5aa26e980ff0_0;
    %store/vec4 v0x5aa26e9815c0_0, 0, 32;
    %pushi/vec4 1, 0, 1;
    %store/vec4 v0x5aa26e981160_0, 0, 1;
    %jmp T_19.10;
T_19.10 ;
    %pop/vec4 1;
    %jmp T_19.5;
T_19.2 ;
    %load/vec4 v0x5aa26e97f8d0_0;
    %store/vec4 v0x5aa26e980a20_0, 0, 128;
    %pushi/vec4 1, 0, 1;
    %store/vec4 v0x5aa26e980ba0_0, 0, 1;
    %pushi/vec4 1, 0, 1;
    %store/vec4 v0x5aa26e980d90_0, 0, 1;
    %pushi/vec4 1, 0, 1;
    %store/vec4 v0x5aa26e980f30_0, 0, 1;
    %pushi/vec4 1, 0, 1;
    %store/vec4 v0x5aa26e981160_0, 0, 1;
    %jmp T_19.5;
T_19.3 ;
    %load/vec4 v0x5aa26e97f730_0;
    %store/vec4 v0x5aa26e980a20_0, 0, 128;
    %pushi/vec4 1, 0, 1;
    %store/vec4 v0x5aa26e980ba0_0, 0, 1;
    %pushi/vec4 1, 0, 1;
    %store/vec4 v0x5aa26e980d90_0, 0, 1;
    %pushi/vec4 1, 0, 1;
    %store/vec4 v0x5aa26e980f30_0, 0, 1;
    %pushi/vec4 1, 0, 1;
    %store/vec4 v0x5aa26e981160_0, 0, 1;
    %jmp T_19.5;
T_19.5 ;
    %pop/vec4 1;
    %end;
    .scope S_0x5aa26e8e7fd0;
t_2 %join;
    %jmp T_19;
    .thread T_19, $push;
    .scope S_0x5aa26e8e7fd0;
T_20 ;
    %wait E_0x5aa26e954210;
    %fork t_5, S_0x5aa26e9807b0;
    %jmp t_4;
    .scope S_0x5aa26e9807b0;
t_5 ;
    %pushi/vec4 0, 0, 2;
    %store/vec4 v0x5aa26e982610_0, 0, 2;
    %pushi/vec4 0, 0, 1;
    %store/vec4 v0x5aa26e982890_0, 0, 1;
    %load/vec4 v0x5aa26e9827d0_0;
    %flag_set/vec4 8;
    %jmp/0xz  T_20.0, 8;
    %pushi/vec4 0, 0, 2;
    %store/vec4 v0x5aa26e982610_0, 0, 2;
    %pushi/vec4 1, 0, 1;
    %store/vec4 v0x5aa26e982890_0, 0, 1;
    %jmp T_20.1;
T_20.0 ;
    %load/vec4 v0x5aa26e982340_0;
    %flag_set/vec4 8;
    %jmp/0xz  T_20.2, 8;
    %load/vec4 v0x5aa26e9826f0_0;
    %addi 1, 0, 2;
    %store/vec4 v0x5aa26e982610_0, 0, 2;
    %pushi/vec4 1, 0, 1;
    %store/vec4 v0x5aa26e982890_0, 0, 1;
T_20.2 ;
T_20.1 ;
    %end;
    .scope S_0x5aa26e8e7fd0;
t_4 %join;
    %jmp T_20;
    .thread T_20, $push;
    .scope S_0x5aa26e8e7fd0;
T_21 ;
    %wait E_0x5aa26e939180;
    %fork t_7, S_0x5aa26e97f2e0;
    %jmp t_6;
    .scope S_0x5aa26e97f2e0;
t_7 ;
    %pushi/vec4 0, 0, 4;
    %store/vec4 v0x5aa26e981e50_0, 0, 4;
    %pushi/vec4 0, 0, 1;
    %store/vec4 v0x5aa26e9820d0_0, 0, 1;
    %load/vec4 v0x5aa26e982010_0;
    %flag_set/vec4 8;
    %jmp/0xz  T_21.0, 8;
    %pushi/vec4 0, 0, 4;
    %store/vec4 v0x5aa26e981e50_0, 0, 4;
    %pushi/vec4 1, 0, 1;
    %store/vec4 v0x5aa26e9820d0_0, 0, 1;
    %jmp T_21.1;
T_21.0 ;
    %load/vec4 v0x5aa26e981d90_0;
    %flag_set/vec4 8;
    %jmp/0xz  T_21.2, 8;
    %load/vec4 v0x5aa26e981f30_0;
    %addi 1, 0, 4;
    %store/vec4 v0x5aa26e981e50_0, 0, 4;
    %pushi/vec4 1, 0, 1;
    %store/vec4 v0x5aa26e9820d0_0, 0, 1;
T_21.2 ;
T_21.1 ;
    %end;
    .scope S_0x5aa26e8e7fd0;
t_6 %join;
    %jmp T_21;
    .thread T_21, $push;
    .scope S_0x5aa26e8e7fd0;
T_22 ;
    %wait E_0x5aa26e953fc0;
    %fork t_9, S_0x5aa26e8ba4a0;
    %jmp t_8;
    .scope S_0x5aa26e8ba4a0;
t_9 ;
    %pushi/vec4 0, 0, 1;
    %store/vec4 v0x5aa26e982340_0, 0, 1;
    %pushi/vec4 0, 0, 1;
    %store/vec4 v0x5aa26e9827d0_0, 0, 1;
    %pushi/vec4 0, 0, 1;
    %store/vec4 v0x5aa26e981d90_0, 0, 1;
    %pushi/vec4 0, 0, 1;
    %store/vec4 v0x5aa26e982010_0, 0, 1;
    %pushi/vec4 0, 0, 1;
    %store/vec4 v0x5aa26e9819c0_0, 0, 1;
    %pushi/vec4 0, 0, 1;
    %store/vec4 v0x5aa26e981b40_0, 0, 1;
    %pushi/vec4 0, 0, 3;
    %store/vec4 v0x5aa26e983550_0, 0, 3;
    %pushi/vec4 0, 0, 2;
    %store/vec4 v0x5aa26e9812c0_0, 0, 2;
    %pushi/vec4 0, 0, 1;
    %store/vec4 v0x5aa26e981460_0, 0, 1;
    %load/vec4 v0x5aa26e981520_0;
    %cmpi/e 1, 0, 1;
    %jmp/0xz  T_22.0, 4;
    %pushi/vec4 14, 0, 4;
    %store/vec4 v0x5aa26e8ba6a0_0, 0, 4;
    %jmp T_22.1;
T_22.0 ;
    %pushi/vec4 10, 0, 4;
    %store/vec4 v0x5aa26e8ba6a0_0, 0, 4;
T_22.1 ;
    %load/vec4 v0x5aa26e981380_0;
    %dup/vec4;
    %pushi/vec4 0, 0, 2;
    %cmp/u;
    %jmp/1 T_22.2, 6;
    %dup/vec4;
    %pushi/vec4 1, 0, 2;
    %cmp/u;
    %jmp/1 T_22.3, 6;
    %dup/vec4;
    %pushi/vec4 2, 0, 2;
    %cmp/u;
    %jmp/1 T_22.4, 6;
    %dup/vec4;
    %pushi/vec4 3, 0, 2;
    %cmp/u;
    %jmp/1 T_22.5, 6;
    %jmp T_22.7;
T_22.2 ;
    %load/vec4 v0x5aa26e981840_0;
    %flag_set/vec4 8;
    %jmp/0xz  T_22.8, 8;
    %pushi/vec4 1, 0, 1;
    %store/vec4 v0x5aa26e982010_0, 0, 1;
    %pushi/vec4 0, 0, 1;
    %store/vec4 v0x5aa26e9819c0_0, 0, 1;
    %pushi/vec4 1, 0, 1;
    %store/vec4 v0x5aa26e981b40_0, 0, 1;
    %pushi/vec4 1, 0, 2;
    %store/vec4 v0x5aa26e9812c0_0, 0, 2;
    %pushi/vec4 1, 0, 1;
    %store/vec4 v0x5aa26e981460_0, 0, 1;
T_22.8 ;
    %jmp T_22.7;
T_22.3 ;
    %pushi/vec4 1, 0, 1;
    %store/vec4 v0x5aa26e981d90_0, 0, 1;
    %pushi/vec4 1, 0, 1;
    %store/vec4 v0x5aa26e9827d0_0, 0, 1;
    %pushi/vec4 1, 0, 3;
    %store/vec4 v0x5aa26e983550_0, 0, 3;
    %pushi/vec4 2, 0, 2;
    %store/vec4 v0x5aa26e9812c0_0, 0, 2;
    %pushi/vec4 1, 0, 1;
    %store/vec4 v0x5aa26e981460_0, 0, 1;
    %jmp T_22.7;
T_22.4 ;
    %pushi/vec4 1, 0, 1;
    %store/vec4 v0x5aa26e982340_0, 0, 1;
    %pushi/vec4 2, 0, 3;
    %store/vec4 v0x5aa26e983550_0, 0, 3;
    %load/vec4 v0x5aa26e9826f0_0;
    %cmpi/e 3, 0, 2;
    %jmp/0xz  T_22.10, 4;
    %pushi/vec4 3, 0, 2;
    %store/vec4 v0x5aa26e9812c0_0, 0, 2;
    %pushi/vec4 1, 0, 1;
    %store/vec4 v0x5aa26e981460_0, 0, 1;
T_22.10 ;
    %jmp T_22.7;
T_22.5 ;
    %pushi/vec4 1, 0, 1;
    %store/vec4 v0x5aa26e9827d0_0, 0, 1;
    %pushi/vec4 1, 0, 1;
    %store/vec4 v0x5aa26e981d90_0, 0, 1;
    %load/vec4 v0x5aa26e981f30_0;
    %load/vec4 v0x5aa26e8ba6a0_0;
    %cmp/u;
    %jmp/0xz  T_22.12, 5;
    %pushi/vec4 3, 0, 3;
    %store/vec4 v0x5aa26e983550_0, 0, 3;
    %pushi/vec4 2, 0, 2;
    %store/vec4 v0x5aa26e9812c0_0, 0, 2;
    %pushi/vec4 1, 0, 1;
    %store/vec4 v0x5aa26e981460_0, 0, 1;
    %jmp T_22.13;
T_22.12 ;
    %pushi/vec4 4, 0, 3;
    %store/vec4 v0x5aa26e983550_0, 0, 3;
    %pushi/vec4 1, 0, 1;
    %store/vec4 v0x5aa26e9819c0_0, 0, 1;
    %pushi/vec4 1, 0, 1;
    %store/vec4 v0x5aa26e981b40_0, 0, 1;
    %pushi/vec4 0, 0, 2;
    %store/vec4 v0x5aa26e9812c0_0, 0, 2;
    %pushi/vec4 1, 0, 1;
    %store/vec4 v0x5aa26e981460_0, 0, 1;
T_22.13 ;
    %jmp T_22.7;
T_22.7 ;
    %pop/vec4 1;
    %end;
    .scope S_0x5aa26e8e7fd0;
t_8 %join;
    %jmp T_22;
    .thread T_22, $push;
    .scope S_0x5aa26e8e7fd0;
T_23 ;
    %wait E_0x5aa26e9394e0;
    %load/vec4 v0x5aa26e982a10_0;
    %store/vec4 v0x5aa26e982950_0, 0, 1;
    %pushi/vec4 0, 0, 1;
    %store/vec4 v0x5aa26e982ad0_0, 0, 1;
    %load/vec4 v0x5aa26e982c70_0;
    %store/vec4 v0x5aa26e982b90_0, 0, 2;
    %pushi/vec4 0, 0, 1;
    %store/vec4 v0x5aa26e982d50_0, 0, 1;
    %load/vec4 v0x5aa26e982fd0_0;
    %store/vec4 v0x5aa26e982ef0_0, 0, 8;
    %pushi/vec4 0, 0, 1;
    %store/vec4 v0x5aa26e9830b0_0, 0, 1;
    %pushi/vec4 0, 0, 1;
    %store/vec4 v0x5aa26e983310_0, 0, 1;
    %pushi/vec4 1, 0, 1;
    %store/vec4 v0x5aa26e983490_0, 0, 1;
    %load/vec4 v0x5aa26e982a10_0;
    %nor/r;
    %load/vec4 v0x5aa26e983170_0;
    %pushi/vec4 165, 0, 8;
    %cmp/e;
    %flag_get/vec4 4;
    %and;
    %flag_set/vec4 8;
    %jmp/0xz  T_23.0, 8;
    %pushi/vec4 1, 0, 1;
    %store/vec4 v0x5aa26e982950_0, 0, 1;
    %pushi/vec4 1, 0, 1;
    %store/vec4 v0x5aa26e982ad0_0, 0, 1;
    %pushi/vec4 0, 0, 2;
    %store/vec4 v0x5aa26e982b90_0, 0, 2;
    %pushi/vec4 1, 0, 1;
    %store/vec4 v0x5aa26e982d50_0, 0, 1;
T_23.0 ;
    %load/vec4 v0x5aa26e982a10_0;
    %flag_set/vec4 8;
    %jmp/0xz  T_23.2, 8;
    %load/vec4 v0x5aa26e982c70_0;
    %dup/vec4;
    %pushi/vec4 0, 0, 2;
    %cmp/u;
    %jmp/1 T_23.4, 6;
    %dup/vec4;
    %pushi/vec4 1, 0, 2;
    %cmp/u;
    %jmp/1 T_23.5, 6;
    %dup/vec4;
    %pushi/vec4 2, 0, 2;
    %cmp/u;
    %jmp/1 T_23.6, 6;
    %dup/vec4;
    %pushi/vec4 3, 0, 2;
    %cmp/u;
    %jmp/1 T_23.7, 6;
    %pushi/vec4 0, 0, 8;
    %store/vec4 v0x5aa26e982ef0_0, 0, 8;
    %jmp T_23.9;
T_23.4 ;
    %load/vec4 v0x5aa26e982190_0;
    %parti/s 8, 120, 8;
    %store/vec4 v0x5aa26e982ef0_0, 0, 8;
    %jmp T_23.9;
T_23.5 ;
    %load/vec4 v0x5aa26e982190_0;
    %parti/s 8, 112, 8;
    %store/vec4 v0x5aa26e982ef0_0, 0, 8;
    %jmp T_23.9;
T_23.6 ;
    %load/vec4 v0x5aa26e982190_0;
    %parti/s 8, 104, 8;
    %store/vec4 v0x5aa26e982ef0_0, 0, 8;
    %jmp T_23.9;
T_23.7 ;
    %load/vec4 v0x5aa26e982190_0;
    %parti/s 8, 96, 8;
    %store/vec4 v0x5aa26e982ef0_0, 0, 8;
    %jmp T_23.9;
T_23.9 ;
    %pop/vec4 1;
    %pushi/vec4 1, 0, 1;
    %store/vec4 v0x5aa26e9830b0_0, 0, 1;
    %pushi/vec4 1, 0, 1;
    %store/vec4 v0x5aa26e983310_0, 0, 1;
    %pushi/vec4 1, 0, 1;
    %store/vec4 v0x5aa26e983490_0, 0, 1;
    %load/vec4 v0x5aa26e982c70_0;
    %cmpi/ne 3, 0, 2;
    %jmp/0xz  T_23.10, 4;
    %load/vec4 v0x5aa26e982c70_0;
    %addi 1, 0, 2;
    %store/vec4 v0x5aa26e982b90_0, 0, 2;
    %pushi/vec4 1, 0, 1;
    %store/vec4 v0x5aa26e982d50_0, 0, 1;
    %jmp T_23.11;
T_23.10 ;
    %load/vec4 v0x5aa26e982c70_0;
    %store/vec4 v0x5aa26e982b90_0, 0, 2;
    %pushi/vec4 0, 0, 1;
    %store/vec4 v0x5aa26e982d50_0, 0, 1;
T_23.11 ;
    %jmp T_23.3;
T_23.2 ;
    %pushi/vec4 0, 0, 1;
    %store/vec4 v0x5aa26e983310_0, 0, 1;
    %pushi/vec4 1, 0, 1;
    %store/vec4 v0x5aa26e983490_0, 0, 1;
T_23.3 ;
    %jmp T_23;
    .thread T_23, $push;
    .scope S_0x5aa26e8fe7d0;
T_24 ;
    %wait E_0x5aa26e953c30;
    %load/vec4 v0x5aa26e8f4fd0_0;
    %nor/r;
    %flag_set/vec4 8;
    %jmp/0xz  T_24.0, 8;
    %pushi/vec4 0, 0, 8;
    %assign/vec4 v0x5aa26e8f45f0_0, 0;
    %pushi/vec4 0, 0, 1;
    %assign/vec4 v0x5aa26e8f4b50_0, 0;
    %pushi/vec4 0, 0, 8;
    %assign/vec4 v0x5aa26e8f5430_0, 0;
    %pushi/vec4 0, 0, 1;
    %assign/vec4 v0x5aa26e8f4190_0, 0;
    %jmp T_24.1;
T_24.0 ;
    %load/vec4 v0x5aa26e8f46d0_0;
    %pushi/vec4 165, 0, 8;
    %cmp/e;
    %flag_get/vec4 4;
    %load/vec4 v0x5aa26e8f45f0_0;
    %pushi/vec4 0, 0, 8;
    %cmp/e;
    %flag_get/vec4 4;
    %and;
    %flag_set/vec4 8;
    %jmp/0xz  T_24.2, 8;
    %pushi/vec4 1, 0, 1;
    %assign/vec4 v0x5aa26e8f4b50_0, 0;
    %pushi/vec4 1, 0, 8;
    %assign/vec4 v0x5aa26e8f45f0_0, 0;
    %load/vec4 v0x5aa26e8f4a70_0;
    %parti/s 8, 0, 2;
    %assign/vec4 v0x5aa26e8f5430_0, 0;
    %jmp T_24.3;
T_24.2 ;
    %load/vec4 v0x5aa26e8f4b50_0;
    %load/vec4 v0x5aa26e8f45f0_0;
    %cmpi/u 8, 0, 8;
    %flag_get/vec4 5;
    %and;
    %flag_set/vec4 8;
    %jmp/0xz  T_24.4, 8;
    %load/vec4 v0x5aa26e8f5430_0;
    %pushi/vec4 7, 0, 32;
    %load/vec4 v0x5aa26e8f45f0_0;
    %pad/u 32;
    %sub;
    %addi 1, 0, 32;
    %part/u 1;
    %assign/vec4 v0x5aa26e8f4190_0, 0;
    %load/vec4 v0x5aa26e8f45f0_0;
    %addi 1, 0, 8;
    %assign/vec4 v0x5aa26e8f45f0_0, 0;
    %jmp T_24.5;
T_24.4 ;
    %load/vec4 v0x5aa26e8f4b50_0;
    %pushi/vec4 8, 0, 8;
    %load/vec4 v0x5aa26e8f45f0_0;
    %cmp/u;
    %flag_get/vec4 4;
    %flag_get/vec4 5;
    %or;
    %and;
    %flag_set/vec4 8;
    %jmp/0xz  T_24.6, 8;
    %pushi/vec4 0, 0, 1;
    %assign/vec4 v0x5aa26e8f4b50_0, 0;
    %pushi/vec4 0, 0, 8;
    %assign/vec4 v0x5aa26e8f45f0_0, 0;
    %pushi/vec4 0, 0, 1;
    %assign/vec4 v0x5aa26e8f4190_0, 0;
    %jmp T_24.7;
T_24.6 ;
    %pushi/vec4 0, 0, 1;
    %assign/vec4 v0x5aa26e8f4190_0, 0;
T_24.7 ;
T_24.5 ;
T_24.3 ;
T_24.1 ;
    %jmp T_24;
    .thread T_24;
    .scope S_0x5aa26e954ff0;
T_25 ;
    %wait E_0x5aa26e939240;
    %load/vec4 v0x5aa26e8e92b0_0;
    %store/vec4 v0x5aa26e8e8d50_0, 0, 3;
    %pushi/vec4 0, 0, 1;
    %store/vec4 v0x5aa26e8e8e10_0, 0, 1;
    %load/vec4 v0x5aa26e8e8970_0;
    %store/vec4 v0x5aa26e8e88d0_0, 0, 1;
    %pushi/vec4 0, 0, 1;
    %store/vec4 v0x5aa26e8e8450_0, 0, 1;
    %load/vec4 v0x5aa26e8e8970_0;
    %nor/r;
    %flag_set/vec4 8;
    %jmp/0xz  T_25.0, 8;
    %load/vec4 v0x5aa26e8ef150_0;
    %parti/s 8, 0, 2;
    %pushi/vec4 165, 0, 8;
    %cmp/e;
    %flag_get/vec4 4;
    %load/vec4 v0x5aa26e8ec3f0_0;
    %and;
    %flag_set/vec4 8;
    %jmp/0xz  T_25.2, 8;
    %load/vec4 v0x5aa26e8e92b0_0;
    %cmpi/e 7, 0, 3;
    %jmp/0xz  T_25.4, 4;
    %pushi/vec4 0, 0, 3;
    %store/vec4 v0x5aa26e8e8d50_0, 0, 3;
    %pushi/vec4 1, 0, 1;
    %store/vec4 v0x5aa26e8e88d0_0, 0, 1;
    %pushi/vec4 1, 0, 1;
    %store/vec4 v0x5aa26e8e8450_0, 0, 1;
    %pushi/vec4 1, 0, 1;
    %store/vec4 v0x5aa26e8e8e10_0, 0, 1;
    %jmp T_25.5;
T_25.4 ;
    %load/vec4 v0x5aa26e8e92b0_0;
    %addi 1, 0, 3;
    %store/vec4 v0x5aa26e8e8d50_0, 0, 3;
    %pushi/vec4 1, 0, 1;
    %store/vec4 v0x5aa26e8e8e10_0, 0, 1;
T_25.5 ;
    %jmp T_25.3;
T_25.2 ;
    %load/vec4 v0x5aa26e8ec3f0_0;
    %flag_set/vec4 8;
    %jmp/0xz  T_25.6, 8;
    %pushi/vec4 0, 0, 3;
    %store/vec4 v0x5aa26e8e8d50_0, 0, 3;
    %pushi/vec4 1, 0, 1;
    %store/vec4 v0x5aa26e8e8e10_0, 0, 1;
T_25.6 ;
T_25.3 ;
T_25.0 ;
    %jmp T_25;
    .thread T_25, $push;
    .scope S_0x5aa26e954ff0;
T_26 ;
    %wait E_0x5aa26e928e80;
    %fork t_11, S_0x5aa26e8f1d50;
    %jmp t_10;
    .scope S_0x5aa26e8f1d50;
t_11 ;
    %load/vec4 v0x5aa26e8eb5d0_0;
    %nor/r;
    %flag_set/vec4 8;
    %jmp/0xz  T_26.0, 8;
    %pushi/vec4 0, 0, 32;
    %assign/vec4 v0x5aa26e8ee750_0, 0;
    %pushi/vec4 0, 0, 32;
    %assign/vec4 v0x5aa26e8ee2d0_0, 0;
    %pushi/vec4 0, 0, 32;
    %assign/vec4 v0x5aa26e8ede50_0, 0;
    %pushi/vec4 0, 0, 32;
    %assign/vec4 v0x5aa26e8ed9d0_0, 0;
    %pushi/vec4 0, 0, 2;
    %assign/vec4 v0x5aa26e8e9f50_0, 0;
    %pushi/vec4 0, 0, 4;
    %assign/vec4 v0x5aa26e8eacd0_0, 0;
    %pushi/vec4 1, 0, 1;
    %assign/vec4 v0x5aa26e8eba50_0, 0;
    %pushi/vec4 0, 0, 2;
    %assign/vec4 v0x5aa26e8ecc50_0, 0;
    %pushi/vec4 0, 0, 1;
    %assign/vec4 v0x5aa26e8e8970_0, 0;
    %pushi/vec4 0, 0, 3;
    %assign/vec4 v0x5aa26e8e92b0_0, 0;
    %pushi/vec4 0, 0, 128;
    %assign/vec4 v0x5aa26e8e91d0_0, 0;
    %pushi/vec4 0, 0, 8;
    %assign/vec4 v0x5aa26e8e96f0_0, 0;
    %jmp T_26.1;
T_26.0 ;
    %load/vec4 v0x5aa26e8ee830_0;
    %flag_set/vec4 8;
    %jmp/0xz  T_26.2, 8;
    %load/vec4 v0x5aa26e8eec10_0;
    %parti/s 32, 96, 8;
    %assign/vec4 v0x5aa26e8ee750_0, 0;
T_26.2 ;
    %load/vec4 v0x5aa26e8ee3b0_0;
    %flag_set/vec4 8;
    %jmp/0xz  T_26.4, 8;
    %load/vec4 v0x5aa26e8eec10_0;
    %parti/s 32, 64, 8;
    %assign/vec4 v0x5aa26e8ee2d0_0, 0;
T_26.4 ;
    %load/vec4 v0x5aa26e8edf30_0;
    %flag_set/vec4 8;
    %jmp/0xz  T_26.6, 8;
    %load/vec4 v0x5aa26e8eec10_0;
    %parti/s 32, 32, 7;
    %assign/vec4 v0x5aa26e8ede50_0, 0;
T_26.6 ;
    %load/vec4 v0x5aa26e8edab0_0;
    %flag_set/vec4 8;
    %jmp/0xz  T_26.8, 8;
    %load/vec4 v0x5aa26e8eec10_0;
    %parti/s 32, 0, 2;
    %assign/vec4 v0x5aa26e8ed9d0_0, 0;
T_26.8 ;
    %load/vec4 v0x5aa26e8e9ad0_0;
    %flag_set/vec4 8;
    %jmp/0xz  T_26.10, 8;
    %load/vec4 v0x5aa26e8ea490_0;
    %assign/vec4 v0x5aa26e8e9f50_0, 0;
T_26.10 ;
    %load/vec4 v0x5aa26e8ea850_0;
    %flag_set/vec4 8;
    %jmp/0xz  T_26.12, 8;
    %load/vec4 v0x5aa26e8eb210_0;
    %assign/vec4 v0x5aa26e8eacd0_0, 0;
T_26.12 ;
    %load/vec4 v0x5aa26e8ebaf0_0;
    %flag_set/vec4 8;
    %jmp/0xz  T_26.14, 8;
    %load/vec4 v0x5aa26e8ebf90_0;
    %assign/vec4 v0x5aa26e8eba50_0, 0;
T_26.14 ;
    %load/vec4 v0x5aa26e8ecd10_0;
    %flag_set/vec4 8;
    %jmp/0xz  T_26.16, 8;
    %load/vec4 v0x5aa26e8ed5f0_0;
    %assign/vec4 v0x5aa26e8ecc50_0, 0;
T_26.16 ;
    %load/vec4 v0x5aa26e8e8450_0;
    %flag_set/vec4 8;
    %jmp/0xz  T_26.18, 8;
    %load/vec4 v0x5aa26e8e88d0_0;
    %assign/vec4 v0x5aa26e8e8970_0, 0;
T_26.18 ;
    %load/vec4 v0x5aa26e8e8e10_0;
    %flag_set/vec4 8;
    %jmp/0xz  T_26.20, 8;
    %load/vec4 v0x5aa26e8e8d50_0;
    %assign/vec4 v0x5aa26e8e92b0_0, 0;
T_26.20 ;
    %load/vec4 v0x5aa26e8e8450_0;
    %flag_set/vec4 8;
    %jmp/0xz  T_26.22, 8;
    %load/vec4 v0x5aa26e8ea910_0;
    %assign/vec4 v0x5aa26e8e91d0_0, 0;
T_26.22 ;
    %load/vec4 v0x5aa26e8e8450_0;
    %flag_set/vec4 8;
    %jmp/0xz  T_26.24, 8;
    %pushi/vec4 0, 0, 8;
    %assign/vec4 v0x5aa26e8e96f0_0, 0;
    %jmp T_26.25;
T_26.24 ;
    %load/vec4 v0x5aa26e8e8970_0;
    %load/vec4 v0x5aa26e8eba50_0;
    %and;
    %load/vec4 v0x5aa26e8e96f0_0;
    %cmpi/u 127, 0, 8;
    %flag_get/vec4 5;
    %and;
    %flag_set/vec4 8;
    %jmp/0xz  T_26.26, 8;
    %load/vec4 v0x5aa26e8e96f0_0;
    %addi 1, 0, 8;
    %assign/vec4 v0x5aa26e8e96f0_0, 0;
T_26.26 ;
T_26.25 ;
T_26.1 ;
    %end;
    .scope S_0x5aa26e954ff0;
t_10 %join;
    %jmp T_26;
    .thread T_26;
    .scope S_0x5aa26e954ff0;
T_27 ;
    %wait E_0x5aa26e8bb920;
    %fork t_13, S_0x5aa26e8f1450;
    %jmp t_12;
    .scope S_0x5aa26e8f1450;
t_13 ;
    %pushi/vec4 0, 0, 128;
    %store/vec4 v0x5aa26e8f06d0_0, 0, 128;
    %pushi/vec4 0, 0, 128;
    %store/vec4 v0x5aa26e8f0c50_0, 0, 128;
    %pushi/vec4 0, 0, 128;
    %store/vec4 v0x5aa26e8f0b50_0, 0, 128;
    %pushi/vec4 0, 0, 128;
    %store/vec4 v0x5aa26e8eec10_0, 0, 128;
    %pushi/vec4 0, 0, 32;
    %store/vec4 v0x5aa26e8e9b90_0, 0, 32;
    %pushi/vec4 0, 0, 1;
    %store/vec4 v0x5aa26e8ee830_0, 0, 1;
    %pushi/vec4 0, 0, 1;
    %store/vec4 v0x5aa26e8ee3b0_0, 0, 1;
    %pushi/vec4 0, 0, 1;
    %store/vec4 v0x5aa26e8edf30_0, 0, 1;
    %pushi/vec4 0, 0, 1;
    %store/vec4 v0x5aa26e8edab0_0, 0, 1;
    %load/vec4 v0x5aa26e8ee750_0;
    %load/vec4 v0x5aa26e8ee2d0_0;
    %concat/vec4; draw_concat_vec4
    %load/vec4 v0x5aa26e8ede50_0;
    %concat/vec4; draw_concat_vec4
    %load/vec4 v0x5aa26e8ed9d0_0;
    %concat/vec4; draw_concat_vec4
    %store/vec4 v0x5aa26e8f0790_0, 0, 128;
    %load/vec4 v0x5aa26e8e8510_0;
    %dup/vec4;
    %pushi/vec4 1, 0, 3;
    %cmp/u;
    %jmp/1 T_27.0, 6;
    %dup/vec4;
    %pushi/vec4 2, 0, 3;
    %cmp/u;
    %jmp/1 T_27.1, 6;
    %dup/vec4;
    %pushi/vec4 3, 0, 3;
    %cmp/u;
    %jmp/1 T_27.2, 6;
    %dup/vec4;
    %pushi/vec4 4, 0, 3;
    %cmp/u;
    %jmp/1 T_27.3, 6;
    %jmp T_27.5;
T_27.0 ;
    %load/vec4 v0x5aa26e8ef150_0;
    %store/vec4 v0x5aa26e8f0790_0, 0, 128;
    %alloc S_0x5aa26e8bd330;
    %load/vec4 v0x5aa26e8f0790_0;
    %load/vec4 v0x5aa26e8ea910_0;
    %store/vec4 v0x5aa26e958ca0_0, 0, 128;
    %store/vec4 v0x5aa26e958c00_0, 0, 128;
    %callf/vec4 TD_aes.core.dec_block.addroundkey, S_0x5aa26e8bd330;
    %free S_0x5aa26e8bd330;
    %store/vec4 v0x5aa26e8f0b50_0, 0, 128;
    %alloc S_0x5aa26e8f3850;
    %load/vec4 v0x5aa26e8f0b50_0;
    %store/vec4 v0x5aa26e8f3cf0_0, 0, 128;
    %callf/vec4 TD_aes.core.dec_block.inv_shiftrows, S_0x5aa26e8f3850;
    %free S_0x5aa26e8f3850;
    %store/vec4 v0x5aa26e8f06d0_0, 0, 128;
    %load/vec4 v0x5aa26e8f06d0_0;
    %store/vec4 v0x5aa26e8eec10_0, 0, 128;
    %pushi/vec4 1, 0, 1;
    %store/vec4 v0x5aa26e8ee830_0, 0, 1;
    %pushi/vec4 1, 0, 1;
    %store/vec4 v0x5aa26e8ee3b0_0, 0, 1;
    %pushi/vec4 1, 0, 1;
    %store/vec4 v0x5aa26e8edf30_0, 0, 1;
    %pushi/vec4 1, 0, 1;
    %store/vec4 v0x5aa26e8edab0_0, 0, 1;
    %jmp T_27.5;
T_27.1 ;
    %load/vec4 v0x5aa26e8ec350_0;
    %load/vec4 v0x5aa26e8ec350_0;
    %concat/vec4; draw_concat_vec4
    %load/vec4 v0x5aa26e8ec350_0;
    %concat/vec4; draw_concat_vec4
    %load/vec4 v0x5aa26e8ec350_0;
    %concat/vec4; draw_concat_vec4
    %store/vec4 v0x5aa26e8eec10_0, 0, 128;
    %load/vec4 v0x5aa26e8e9f50_0;
    %dup/vec4;
    %pushi/vec4 0, 0, 2;
    %cmp/u;
    %jmp/1 T_27.6, 6;
    %dup/vec4;
    %pushi/vec4 1, 0, 2;
    %cmp/u;
    %jmp/1 T_27.7, 6;
    %dup/vec4;
    %pushi/vec4 2, 0, 2;
    %cmp/u;
    %jmp/1 T_27.8, 6;
    %dup/vec4;
    %pushi/vec4 3, 0, 2;
    %cmp/u;
    %jmp/1 T_27.9, 6;
    %jmp T_27.10;
T_27.6 ;
    %load/vec4 v0x5aa26e8ee750_0;
    %store/vec4 v0x5aa26e8e9b90_0, 0, 32;
    %pushi/vec4 1, 0, 1;
    %store/vec4 v0x5aa26e8ee830_0, 0, 1;
    %jmp T_27.10;
T_27.7 ;
    %load/vec4 v0x5aa26e8ee2d0_0;
    %store/vec4 v0x5aa26e8e9b90_0, 0, 32;
    %pushi/vec4 1, 0, 1;
    %store/vec4 v0x5aa26e8ee3b0_0, 0, 1;
    %jmp T_27.10;
T_27.8 ;
    %load/vec4 v0x5aa26e8ede50_0;
    %store/vec4 v0x5aa26e8e9b90_0, 0, 32;
    %pushi/vec4 1, 0, 1;
    %store/vec4 v0x5aa26e8edf30_0, 0, 1;
    %jmp T_27.10;
T_27.9 ;
    %load/vec4 v0x5aa26e8ed9d0_0;
    %store/vec4 v0x5aa26e8e9b90_0, 0, 32;
    %pushi/vec4 1, 0, 1;
    %store/vec4 v0x5aa26e8edab0_0, 0, 1;
    %jmp T_27.10;
T_27.10 ;
    %pop/vec4 1;
    %jmp T_27.5;
T_27.2 ;
    %alloc S_0x5aa26e8bd330;
    %load/vec4 v0x5aa26e8f0790_0;
    %load/vec4 v0x5aa26e8ea910_0;
    %store/vec4 v0x5aa26e958ca0_0, 0, 128;
    %store/vec4 v0x5aa26e958c00_0, 0, 128;
    %callf/vec4 TD_aes.core.dec_block.addroundkey, S_0x5aa26e8bd330;
    %free S_0x5aa26e8bd330;
    %store/vec4 v0x5aa26e8f0b50_0, 0, 128;
    %alloc S_0x5aa26e902250;
    %load/vec4 v0x5aa26e8f0b50_0;
    %store/vec4 v0x5aa26e902740_0, 0, 128;
    %callf/vec4 TD_aes.core.dec_block.inv_mixcolumns, S_0x5aa26e902250;
    %free S_0x5aa26e902250;
    %store/vec4 v0x5aa26e8f0c50_0, 0, 128;
    %alloc S_0x5aa26e8f3850;
    %load/vec4 v0x5aa26e8f0c50_0;
    %store/vec4 v0x5aa26e8f3cf0_0, 0, 128;
    %callf/vec4 TD_aes.core.dec_block.inv_shiftrows, S_0x5aa26e8f3850;
    %free S_0x5aa26e8f3850;
    %store/vec4 v0x5aa26e8f06d0_0, 0, 128;
    %load/vec4 v0x5aa26e8f06d0_0;
    %store/vec4 v0x5aa26e8eec10_0, 0, 128;
    %pushi/vec4 1, 0, 1;
    %store/vec4 v0x5aa26e8ee830_0, 0, 1;
    %pushi/vec4 1, 0, 1;
    %store/vec4 v0x5aa26e8ee3b0_0, 0, 1;
    %pushi/vec4 1, 0, 1;
    %store/vec4 v0x5aa26e8edf30_0, 0, 1;
    %pushi/vec4 1, 0, 1;
    %store/vec4 v0x5aa26e8edab0_0, 0, 1;
    %jmp T_27.5;
T_27.3 ;
    %alloc S_0x5aa26e8bd330;
    %load/vec4 v0x5aa26e8f0790_0;
    %load/vec4 v0x5aa26e8ea910_0;
    %store/vec4 v0x5aa26e958ca0_0, 0, 128;
    %store/vec4 v0x5aa26e958c00_0, 0, 128;
    %callf/vec4 TD_aes.core.dec_block.addroundkey, S_0x5aa26e8bd330;
    %free S_0x5aa26e8bd330;
    %store/vec4 v0x5aa26e8eec10_0, 0, 128;
    %pushi/vec4 1, 0, 1;
    %store/vec4 v0x5aa26e8ee830_0, 0, 1;
    %pushi/vec4 1, 0, 1;
    %store/vec4 v0x5aa26e8ee3b0_0, 0, 1;
    %pushi/vec4 1, 0, 1;
    %store/vec4 v0x5aa26e8edf30_0, 0, 1;
    %pushi/vec4 1, 0, 1;
    %store/vec4 v0x5aa26e8edab0_0, 0, 1;
    %jmp T_27.5;
T_27.5 ;
    %pop/vec4 1;
    %end;
    .scope S_0x5aa26e954ff0;
t_12 %join;
    %jmp T_27;
    .thread T_27, $push;
    .scope S_0x5aa26e954ff0;
T_28 ;
    %wait E_0x5aa26e9546a0;
    %fork t_15, S_0x5aa26e8f0250;
    %jmp t_14;
    .scope S_0x5aa26e8f0250;
t_15 ;
    %pushi/vec4 0, 0, 2;
    %store/vec4 v0x5aa26e8ea490_0, 0, 2;
    %pushi/vec4 0, 0, 1;
    %store/vec4 v0x5aa26e8e9ad0_0, 0, 1;
    %load/vec4 v0x5aa26e8ea030_0;
    %flag_set/vec4 8;
    %jmp/0xz  T_28.0, 8;
    %pushi/vec4 0, 0, 2;
    %store/vec4 v0x5aa26e8ea490_0, 0, 2;
    %pushi/vec4 1, 0, 1;
    %store/vec4 v0x5aa26e8e9ad0_0, 0, 1;
    %jmp T_28.1;
T_28.0 ;
    %load/vec4 v0x5aa26e8ea3d0_0;
    %flag_set/vec4 8;
    %jmp/0xz  T_28.2, 8;
    %load/vec4 v0x5aa26e8e9f50_0;
    %addi 1, 0, 2;
    %store/vec4 v0x5aa26e8ea490_0, 0, 2;
    %pushi/vec4 1, 0, 1;
    %store/vec4 v0x5aa26e8e9ad0_0, 0, 1;
T_28.2 ;
T_28.1 ;
    %end;
    .scope S_0x5aa26e954ff0;
t_14 %join;
    %jmp T_28;
    .thread T_28, $push;
    .scope S_0x5aa26e954ff0;
T_29 ;
    %wait E_0x5aa26e8b98b0;
    %fork t_17, S_0x5aa26e8f18d0;
    %jmp t_16;
    .scope S_0x5aa26e8f18d0;
t_17 ;
    %pushi/vec4 0, 0, 4;
    %store/vec4 v0x5aa26e8eb210_0, 0, 4;
    %pushi/vec4 0, 0, 1;
    %store/vec4 v0x5aa26e8ea850_0, 0, 1;
    %load/vec4 v0x5aa26e8eadb0_0;
    %flag_set/vec4 8;
    %jmp/0xz  T_29.0, 8;
    %load/vec4 v0x5aa26e8ec7d0_0;
    %cmpi/e 1, 0, 1;
    %jmp/0xz  T_29.2, 4;
    %pushi/vec4 14, 0, 4;
    %store/vec4 v0x5aa26e8eb210_0, 0, 4;
    %jmp T_29.3;
T_29.2 ;
    %pushi/vec4 10, 0, 4;
    %store/vec4 v0x5aa26e8eb210_0, 0, 4;
T_29.3 ;
    %pushi/vec4 1, 0, 1;
    %store/vec4 v0x5aa26e8ea850_0, 0, 1;
    %jmp T_29.1;
T_29.0 ;
    %load/vec4 v0x5aa26e8eb150_0;
    %flag_set/vec4 8;
    %jmp/0xz  T_29.4, 8;
    %load/vec4 v0x5aa26e8eacd0_0;
    %subi 1, 0, 4;
    %store/vec4 v0x5aa26e8eb210_0, 0, 4;
    %pushi/vec4 1, 0, 1;
    %store/vec4 v0x5aa26e8ea850_0, 0, 1;
T_29.4 ;
T_29.1 ;
    %end;
    .scope S_0x5aa26e954ff0;
t_16 %join;
    %jmp T_29;
    .thread T_29, $push;
    .scope S_0x5aa26e954ff0;
T_30 ;
    %wait E_0x5aa26e97cf10;
    %fork t_19, S_0x5aa26e8bd710;
    %jmp t_18;
    .scope S_0x5aa26e8bd710;
t_19 ;
    %pushi/vec4 0, 0, 1;
    %store/vec4 v0x5aa26e8ea3d0_0, 0, 1;
    %pushi/vec4 0, 0, 1;
    %store/vec4 v0x5aa26e8ea030_0, 0, 1;
    %pushi/vec4 0, 0, 1;
    %store/vec4 v0x5aa26e8eb150_0, 0, 1;
    %pushi/vec4 0, 0, 1;
    %store/vec4 v0x5aa26e8eadb0_0, 0, 1;
    %pushi/vec4 0, 0, 1;
    %store/vec4 v0x5aa26e8ebf90_0, 0, 1;
    %pushi/vec4 0, 0, 1;
    %store/vec4 v0x5aa26e8ebaf0_0, 0, 1;
    %pushi/vec4 0, 0, 3;
    %store/vec4 v0x5aa26e8e8510_0, 0, 3;
    %pushi/vec4 0, 0, 2;
    %store/vec4 v0x5aa26e8ed5f0_0, 0, 2;
    %pushi/vec4 0, 0, 1;
    %store/vec4 v0x5aa26e8ecd10_0, 0, 1;
    %load/vec4 v0x5aa26e8ecc50_0;
    %dup/vec4;
    %pushi/vec4 0, 0, 2;
    %cmp/u;
    %jmp/1 T_30.0, 6;
    %dup/vec4;
    %pushi/vec4 1, 0, 2;
    %cmp/u;
    %jmp/1 T_30.1, 6;
    %dup/vec4;
    %pushi/vec4 2, 0, 2;
    %cmp/u;
    %jmp/1 T_30.2, 6;
    %dup/vec4;
    %pushi/vec4 3, 0, 2;
    %cmp/u;
    %jmp/1 T_30.3, 6;
    %jmp T_30.5;
T_30.0 ;
    %load/vec4 v0x5aa26e8ec3f0_0;
    %flag_set/vec4 8;
    %jmp/0xz  T_30.6, 8;
    %pushi/vec4 1, 0, 1;
    %store/vec4 v0x5aa26e8eadb0_0, 0, 1;
    %pushi/vec4 0, 0, 1;
    %store/vec4 v0x5aa26e8ebf90_0, 0, 1;
    %pushi/vec4 1, 0, 1;
    %store/vec4 v0x5aa26e8ebaf0_0, 0, 1;
    %pushi/vec4 1, 0, 2;
    %store/vec4 v0x5aa26e8ed5f0_0, 0, 2;
    %pushi/vec4 1, 0, 1;
    %store/vec4 v0x5aa26e8ecd10_0, 0, 1;
T_30.6 ;
    %jmp T_30.5;
T_30.1 ;
    %pushi/vec4 1, 0, 1;
    %store/vec4 v0x5aa26e8ea030_0, 0, 1;
    %pushi/vec4 1, 0, 3;
    %store/vec4 v0x5aa26e8e8510_0, 0, 3;
    %pushi/vec4 2, 0, 2;
    %store/vec4 v0x5aa26e8ed5f0_0, 0, 2;
    %pushi/vec4 1, 0, 1;
    %store/vec4 v0x5aa26e8ecd10_0, 0, 1;
    %jmp T_30.5;
T_30.2 ;
    %pushi/vec4 1, 0, 1;
    %store/vec4 v0x5aa26e8ea3d0_0, 0, 1;
    %pushi/vec4 2, 0, 3;
    %store/vec4 v0x5aa26e8e8510_0, 0, 3;
    %load/vec4 v0x5aa26e8e9f50_0;
    %cmpi/e 3, 0, 2;
    %jmp/0xz  T_30.8, 4;
    %pushi/vec4 1, 0, 1;
    %store/vec4 v0x5aa26e8eb150_0, 0, 1;
    %pushi/vec4 3, 0, 2;
    %store/vec4 v0x5aa26e8ed5f0_0, 0, 2;
    %pushi/vec4 1, 0, 1;
    %store/vec4 v0x5aa26e8ecd10_0, 0, 1;
T_30.8 ;
    %jmp T_30.5;
T_30.3 ;
    %pushi/vec4 1, 0, 1;
    %store/vec4 v0x5aa26e8ea030_0, 0, 1;
    %load/vec4 v0x5aa26e8eacd0_0;
    %pad/u 32;
    %cmpi/u 0, 0, 32;
    %flag_or 5, 4; GT is !LE
    %flag_inv 5;
    %jmp/0xz  T_30.10, 5;
    %pushi/vec4 3, 0, 3;
    %store/vec4 v0x5aa26e8e8510_0, 0, 3;
    %pushi/vec4 2, 0, 2;
    %store/vec4 v0x5aa26e8ed5f0_0, 0, 2;
    %pushi/vec4 1, 0, 1;
    %store/vec4 v0x5aa26e8ecd10_0, 0, 1;
    %jmp T_30.11;
T_30.10 ;
    %pushi/vec4 4, 0, 3;
    %store/vec4 v0x5aa26e8e8510_0, 0, 3;
    %pushi/vec4 1, 0, 1;
    %store/vec4 v0x5aa26e8ebf90_0, 0, 1;
    %pushi/vec4 1, 0, 1;
    %store/vec4 v0x5aa26e8ebaf0_0, 0, 1;
    %pushi/vec4 0, 0, 2;
    %store/vec4 v0x5aa26e8ed5f0_0, 0, 2;
    %pushi/vec4 1, 0, 1;
    %store/vec4 v0x5aa26e8ecd10_0, 0, 1;
T_30.11 ;
    %jmp T_30.5;
T_30.5 ;
    %pop/vec4 1;
    %end;
    .scope S_0x5aa26e954ff0;
t_18 %join;
    %jmp T_30;
    .thread T_30, $push;
    .scope S_0x5aa26e983980;
T_31 ;
    %wait E_0x5aa26e928e80;
    %fork t_21, S_0x5aa26e984d80;
    %jmp t_20;
    .scope S_0x5aa26e984d80;
t_21 ;
    %load/vec4 v0x5aa26e9879e0_0;
    %nor/r;
    %flag_set/vec4 8;
    %jmp/0xz  T_31.0, 8;
    %pushi/vec4 0, 0, 32;
    %store/vec4 v0x5aa26e984f60_0, 0, 32;
T_31.2 ;
    %load/vec4 v0x5aa26e984f60_0;
    %cmpi/s 14, 0, 32;
    %flag_or 5, 4;
    %jmp/0xz T_31.3, 5;
    %pushi/vec4 0, 0, 128;
    %ix/getv/s 3, v0x5aa26e984f60_0;
    %ix/load 4, 0, 0; Constant delay
    %assign/vec4/a/d v0x5aa26e986500, 0, 4;
    %load/vec4 v0x5aa26e984f60_0;
    %addi 1, 0, 32;
    %store/vec4 v0x5aa26e984f60_0, 0, 32;
    %jmp T_31.2;
T_31.3 ;
    %pushi/vec4 0, 0, 1;
    %assign/vec4 v0x5aa26e987860_0, 0;
    %pushi/vec4 0, 0, 8;
    %assign/vec4 v0x5aa26e987480_0, 0;
    %pushi/vec4 0, 0, 4;
    %assign/vec4 v0x5aa26e987d50_0, 0;
    %pushi/vec4 0, 0, 128;
    %assign/vec4 v0x5aa26e986ec0_0, 0;
    %pushi/vec4 0, 0, 128;
    %assign/vec4 v0x5aa26e987140_0, 0;
    %pushi/vec4 0, 0, 3;
    %assign/vec4 v0x5aa26e9868d0_0, 0;
    %pushi/vec4 0, 0, 128;
    %assign/vec4 v0x5aa26e988a10_0, 0;
    %pushi/vec4 0, 0, 8;
    %assign/vec4 v0x5aa26e9886f0_0, 0;
    %pushi/vec4 0, 0, 1;
    %assign/vec4 v0x5aa26e988630_0, 0;
    %pushi/vec4 0, 0, 1;
    %assign/vec4 v0x5aa26e988950_0, 0;
    %pushi/vec4 0, 0, 1;
    %assign/vec4 v0x5aa26e988890_0, 0;
    %jmp T_31.1;
T_31.0 ;
    %load/vec4 v0x5aa26e987920_0;
    %flag_set/vec4 8;
    %jmp/0xz  T_31.4, 8;
    %load/vec4 v0x5aa26e9877a0_0;
    %assign/vec4 v0x5aa26e987860_0, 0;
T_31.4 ;
    %load/vec4 v0x5aa26e987620_0;
    %flag_set/vec4 8;
    %jmp/0xz  T_31.6, 8;
    %load/vec4 v0x5aa26e9872e0_0;
    %assign/vec4 v0x5aa26e987480_0, 0;
T_31.6 ;
    %load/vec4 v0x5aa26e987ef0_0;
    %flag_set/vec4 8;
    %jmp/0xz  T_31.8, 8;
    %load/vec4 v0x5aa26e987c70_0;
    %assign/vec4 v0x5aa26e987d50_0, 0;
T_31.8 ;
    %load/vec4 v0x5aa26e986b50_0;
    %flag_set/vec4 8;
    %jmp/0xz  T_31.10, 8;
    %load/vec4 v0x5aa26e986a70_0;
    %load/vec4 v0x5aa26e987d50_0;
    %pad/u 6;
    %ix/vec4 3;
    %ix/load 4, 0, 0; Constant delay
    %assign/vec4/a/d v0x5aa26e986500, 0, 4;
T_31.10 ;
    %load/vec4 v0x5aa26e986fa0_0;
    %flag_set/vec4 8;
    %jmp/0xz  T_31.12, 8;
    %load/vec4 v0x5aa26e986e00_0;
    %assign/vec4 v0x5aa26e986ec0_0, 0;
T_31.12 ;
    %load/vec4 v0x5aa26e987220_0;
    %flag_set/vec4 8;
    %jmp/0xz  T_31.14, 8;
    %load/vec4 v0x5aa26e987060_0;
    %assign/vec4 v0x5aa26e987140_0, 0;
T_31.14 ;
    %load/vec4 v0x5aa26e9869b0_0;
    %flag_set/vec4 8;
    %jmp/0xz  T_31.16, 8;
    %load/vec4 v0x5aa26e9867a0_0;
    %assign/vec4 v0x5aa26e9868d0_0, 0;
T_31.16 ;
    %load/vec4 v0x5aa26e988630_0;
    %nor/r;
    %load/vec4 v0x5aa26e988af0_0;
    %and;
    %load/vec4 v0x5aa26e988950_0;
    %nor/r;
    %and;
    %flag_set/vec4 8;
    %jmp/0xz  T_31.18, 8;
    %load/vec4 v0x5aa26e986440_0;
    %parti/s 128, 128, 9;
    %assign/vec4 v0x5aa26e988a10_0, 0;
    %pushi/vec4 0, 0, 8;
    %assign/vec4 v0x5aa26e9886f0_0, 0;
    %pushi/vec4 1, 0, 1;
    %assign/vec4 v0x5aa26e988630_0, 0;
    %pushi/vec4 0, 0, 1;
    %assign/vec4 v0x5aa26e988890_0, 0;
    %jmp T_31.19;
T_31.18 ;
    %load/vec4 v0x5aa26e988630_0;
    %flag_set/vec4 8;
    %jmp/0xz  T_31.20, 8;
    %load/vec4 v0x5aa26e988a10_0;
    %parti/s 1, 127, 8;
    %assign/vec4 v0x5aa26e988890_0, 0;
    %load/vec4 v0x5aa26e988a10_0;
    %parti/s 127, 0, 2;
    %concati/vec4 0, 0, 1;
    %assign/vec4 v0x5aa26e988a10_0, 0;
    %load/vec4 v0x5aa26e9886f0_0;
    %addi 1, 0, 8;
    %assign/vec4 v0x5aa26e9886f0_0, 0;
    %load/vec4 v0x5aa26e9886f0_0;
    %cmpi/e 127, 0, 8;
    %jmp/0xz  T_31.22, 4;
    %pushi/vec4 0, 0, 1;
    %assign/vec4 v0x5aa26e988630_0, 0;
    %pushi/vec4 1, 0, 1;
    %assign/vec4 v0x5aa26e988950_0, 0;
    %pushi/vec4 0, 0, 1;
    %assign/vec4 v0x5aa26e988890_0, 0;
T_31.22 ;
    %jmp T_31.21;
T_31.20 ;
    %load/vec4 v0x5aa26e988af0_0;
    %nor/r;
    %load/vec4 v0x5aa26e988950_0;
    %and;
    %flag_set/vec4 8;
    %jmp/0xz  T_31.24, 8;
    %pushi/vec4 1, 0, 1;
    %assign/vec4 v0x5aa26e988950_0, 0;
    %jmp T_31.25;
T_31.24 ;
    %pushi/vec4 0, 0, 1;
    %assign/vec4 v0x5aa26e988890_0, 0;
T_31.25 ;
T_31.21 ;
T_31.19 ;
T_31.1 ;
    %end;
    .scope S_0x5aa26e983980;
t_20 %join;
    %jmp T_31;
    .thread T_31;
    .scope S_0x5aa26e983980;
T_32 ;
    %wait E_0x5aa26e984500;
    %fork t_23, S_0x5aa26e9848b0;
    %jmp t_22;
    .scope S_0x5aa26e9848b0;
t_23 ;
    %load/vec4 v0x5aa26e987ad0_0;
    %pad/u 6;
    %ix/vec4 4;
    %load/vec4a v0x5aa26e986500, 4;
    %store/vec4 v0x5aa26e988470_0, 0, 128;
    %end;
    .scope S_0x5aa26e983980;
t_22 %join;
    %jmp T_32;
    .thread T_32, $push;
    .scope S_0x5aa26e983980;
T_33 ;
    %wait E_0x5aa26e9843c0;
    %fork t_25, S_0x5aa26e985290;
    %jmp t_24;
    .scope S_0x5aa26e985290;
t_25 ;
    %pushi/vec4 0, 0, 128;
    %store/vec4 v0x5aa26e986a70_0, 0, 128;
    %pushi/vec4 0, 0, 1;
    %store/vec4 v0x5aa26e986b50_0, 0, 1;
    %pushi/vec4 0, 0, 128;
    %store/vec4 v0x5aa26e986e00_0, 0, 128;
    %pushi/vec4 0, 0, 1;
    %store/vec4 v0x5aa26e986fa0_0, 0, 1;
    %pushi/vec4 0, 0, 128;
    %store/vec4 v0x5aa26e987060_0, 0, 128;
    %pushi/vec4 0, 0, 1;
    %store/vec4 v0x5aa26e987220_0, 0, 1;
    %pushi/vec4 0, 0, 32;
    %store/vec4 v0x5aa26e985470_0, 0, 32;
    %pushi/vec4 0, 0, 32;
    %store/vec4 v0x5aa26e985570_0, 0, 32;
    %pushi/vec4 0, 0, 32;
    %store/vec4 v0x5aa26e985650_0, 0, 32;
    %pushi/vec4 0, 0, 32;
    %store/vec4 v0x5aa26e985710_0, 0, 32;
    %pushi/vec4 1, 0, 1;
    %store/vec4 v0x5aa26e987560_0, 0, 1;
    %pushi/vec4 0, 0, 1;
    %store/vec4 v0x5aa26e9873c0_0, 0, 1;
    %load/vec4 v0x5aa26e986ec0_0;
    %parti/s 32, 96, 8;
    %store/vec4 v0x5aa26e985bc0_0, 0, 32;
    %load/vec4 v0x5aa26e986ec0_0;
    %parti/s 32, 64, 8;
    %store/vec4 v0x5aa26e985ca0_0, 0, 32;
    %load/vec4 v0x5aa26e986ec0_0;
    %parti/s 32, 32, 7;
    %store/vec4 v0x5aa26e985d80_0, 0, 32;
    %load/vec4 v0x5aa26e986ec0_0;
    %parti/s 32, 0, 2;
    %store/vec4 v0x5aa26e985e60_0, 0, 32;
    %load/vec4 v0x5aa26e987140_0;
    %parti/s 32, 96, 8;
    %store/vec4 v0x5aa26e985f40_0, 0, 32;
    %load/vec4 v0x5aa26e987140_0;
    %parti/s 32, 64, 8;
    %store/vec4 v0x5aa26e986020_0, 0, 32;
    %load/vec4 v0x5aa26e987140_0;
    %parti/s 32, 32, 7;
    %store/vec4 v0x5aa26e986100_0, 0, 32;
    %load/vec4 v0x5aa26e987140_0;
    %parti/s 32, 0, 2;
    %store/vec4 v0x5aa26e9861e0_0, 0, 32;
    %load/vec4 v0x5aa26e987480_0;
    %concati/vec4 0, 0, 24;
    %store/vec4 v0x5aa26e9857f0_0, 0, 32;
    %load/vec4 v0x5aa26e9861e0_0;
    %store/vec4 v0x5aa26e988550_0, 0, 32;
    %load/vec4 v0x5aa26e986d40_0;
    %parti/s 24, 0, 2;
    %load/vec4 v0x5aa26e986d40_0;
    %parti/s 8, 24, 6;
    %concat/vec4; draw_concat_vec4
    %store/vec4 v0x5aa26e985920_0, 0, 32;
    %load/vec4 v0x5aa26e985920_0;
    %load/vec4 v0x5aa26e9857f0_0;
    %xor;
    %store/vec4 v0x5aa26e985a00_0, 0, 32;
    %load/vec4 v0x5aa26e986d40_0;
    %store/vec4 v0x5aa26e985ae0_0, 0, 32;
    %load/vec4 v0x5aa26e9882d0_0;
    %flag_set/vec4 8;
    %jmp/0xz  T_33.0, 8;
    %pushi/vec4 0, 0, 1;
    %store/vec4 v0x5aa26e987560_0, 0, 1;
    %pushi/vec4 1, 0, 1;
    %store/vec4 v0x5aa26e986b50_0, 0, 1;
    %load/vec4 v0x5aa26e986ca0_0;
    %dup/vec4;
    %pushi/vec4 0, 0, 1;
    %cmp/u;
    %jmp/1 T_33.2, 6;
    %dup/vec4;
    %pushi/vec4 1, 0, 1;
    %cmp/u;
    %jmp/1 T_33.3, 6;
    %jmp T_33.5;
T_33.2 ;
    %load/vec4 v0x5aa26e987d50_0;
    %pad/u 32;
    %cmpi/e 0, 0, 32;
    %jmp/0xz  T_33.6, 4;
    %load/vec4 v0x5aa26e986440_0;
    %parti/s 128, 128, 9;
    %store/vec4 v0x5aa26e986a70_0, 0, 128;
    %load/vec4 v0x5aa26e986440_0;
    %parti/s 128, 128, 9;
    %store/vec4 v0x5aa26e987060_0, 0, 128;
    %pushi/vec4 1, 0, 1;
    %store/vec4 v0x5aa26e987220_0, 0, 1;
    %pushi/vec4 1, 0, 1;
    %store/vec4 v0x5aa26e9873c0_0, 0, 1;
    %jmp T_33.7;
T_33.6 ;
    %load/vec4 v0x5aa26e985f40_0;
    %load/vec4 v0x5aa26e985a00_0;
    %xor;
    %store/vec4 v0x5aa26e985470_0, 0, 32;
    %load/vec4 v0x5aa26e986020_0;
    %load/vec4 v0x5aa26e985f40_0;
    %xor;
    %load/vec4 v0x5aa26e985a00_0;
    %xor;
    %store/vec4 v0x5aa26e985570_0, 0, 32;
    %load/vec4 v0x5aa26e986100_0;
    %load/vec4 v0x5aa26e986020_0;
    %xor;
    %load/vec4 v0x5aa26e985f40_0;
    %xor;
    %load/vec4 v0x5aa26e985a00_0;
    %xor;
    %store/vec4 v0x5aa26e985650_0, 0, 32;
    %load/vec4 v0x5aa26e9861e0_0;
    %load/vec4 v0x5aa26e986100_0;
    %xor;
    %load/vec4 v0x5aa26e986020_0;
    %xor;
    %load/vec4 v0x5aa26e985f40_0;
    %xor;
    %load/vec4 v0x5aa26e985a00_0;
    %xor;
    %store/vec4 v0x5aa26e985710_0, 0, 32;
    %load/vec4 v0x5aa26e985470_0;
    %load/vec4 v0x5aa26e985570_0;
    %concat/vec4; draw_concat_vec4
    %load/vec4 v0x5aa26e985650_0;
    %concat/vec4; draw_concat_vec4
    %load/vec4 v0x5aa26e985710_0;
    %concat/vec4; draw_concat_vec4
    %store/vec4 v0x5aa26e986a70_0, 0, 128;
    %load/vec4 v0x5aa26e985470_0;
    %load/vec4 v0x5aa26e985570_0;
    %concat/vec4; draw_concat_vec4
    %load/vec4 v0x5aa26e985650_0;
    %concat/vec4; draw_concat_vec4
    %load/vec4 v0x5aa26e985710_0;
    %concat/vec4; draw_concat_vec4
    %store/vec4 v0x5aa26e987060_0, 0, 128;
    %pushi/vec4 1, 0, 1;
    %store/vec4 v0x5aa26e987220_0, 0, 1;
    %pushi/vec4 1, 0, 1;
    %store/vec4 v0x5aa26e9873c0_0, 0, 1;
T_33.7 ;
    %jmp T_33.5;
T_33.3 ;
    %load/vec4 v0x5aa26e987d50_0;
    %pad/u 32;
    %cmpi/e 0, 0, 32;
    %jmp/0xz  T_33.8, 4;
    %load/vec4 v0x5aa26e986440_0;
    %parti/s 128, 128, 9;
    %store/vec4 v0x5aa26e986a70_0, 0, 128;
    %load/vec4 v0x5aa26e986440_0;
    %parti/s 128, 128, 9;
    %store/vec4 v0x5aa26e986e00_0, 0, 128;
    %pushi/vec4 1, 0, 1;
    %store/vec4 v0x5aa26e986fa0_0, 0, 1;
    %jmp T_33.9;
T_33.8 ;
    %load/vec4 v0x5aa26e987d50_0;
    %pad/u 32;
    %cmpi/e 1, 0, 32;
    %jmp/0xz  T_33.10, 4;
    %load/vec4 v0x5aa26e986440_0;
    %parti/s 128, 0, 2;
    %store/vec4 v0x5aa26e986a70_0, 0, 128;
    %load/vec4 v0x5aa26e986440_0;
    %parti/s 128, 0, 2;
    %store/vec4 v0x5aa26e987060_0, 0, 128;
    %pushi/vec4 1, 0, 1;
    %store/vec4 v0x5aa26e987220_0, 0, 1;
    %pushi/vec4 1, 0, 1;
    %store/vec4 v0x5aa26e9873c0_0, 0, 1;
    %jmp T_33.11;
T_33.10 ;
    %load/vec4 v0x5aa26e987d50_0;
    %parti/s 1, 0, 2;
    %pad/u 32;
    %cmpi/e 0, 0, 32;
    %jmp/0xz  T_33.12, 4;
    %load/vec4 v0x5aa26e985bc0_0;
    %load/vec4 v0x5aa26e985a00_0;
    %xor;
    %store/vec4 v0x5aa26e985470_0, 0, 32;
    %load/vec4 v0x5aa26e985ca0_0;
    %load/vec4 v0x5aa26e985bc0_0;
    %xor;
    %load/vec4 v0x5aa26e985a00_0;
    %xor;
    %store/vec4 v0x5aa26e985570_0, 0, 32;
    %load/vec4 v0x5aa26e985d80_0;
    %load/vec4 v0x5aa26e985ca0_0;
    %xor;
    %load/vec4 v0x5aa26e985bc0_0;
    %xor;
    %load/vec4 v0x5aa26e985a00_0;
    %xor;
    %store/vec4 v0x5aa26e985650_0, 0, 32;
    %load/vec4 v0x5aa26e985e60_0;
    %load/vec4 v0x5aa26e985d80_0;
    %xor;
    %load/vec4 v0x5aa26e985ca0_0;
    %xor;
    %load/vec4 v0x5aa26e985bc0_0;
    %xor;
    %load/vec4 v0x5aa26e985a00_0;
    %xor;
    %store/vec4 v0x5aa26e985710_0, 0, 32;
    %jmp T_33.13;
T_33.12 ;
    %load/vec4 v0x5aa26e985bc0_0;
    %load/vec4 v0x5aa26e985ae0_0;
    %xor;
    %store/vec4 v0x5aa26e985470_0, 0, 32;
    %load/vec4 v0x5aa26e985ca0_0;
    %load/vec4 v0x5aa26e985bc0_0;
    %xor;
    %load/vec4 v0x5aa26e985ae0_0;
    %xor;
    %store/vec4 v0x5aa26e985570_0, 0, 32;
    %load/vec4 v0x5aa26e985d80_0;
    %load/vec4 v0x5aa26e985ca0_0;
    %xor;
    %load/vec4 v0x5aa26e985bc0_0;
    %xor;
    %load/vec4 v0x5aa26e985ae0_0;
    %xor;
    %store/vec4 v0x5aa26e985650_0, 0, 32;
    %load/vec4 v0x5aa26e985e60_0;
    %load/vec4 v0x5aa26e985d80_0;
    %xor;
    %load/vec4 v0x5aa26e985ca0_0;
    %xor;
    %load/vec4 v0x5aa26e985bc0_0;
    %xor;
    %load/vec4 v0x5aa26e985ae0_0;
    %xor;
    %store/vec4 v0x5aa26e985710_0, 0, 32;
    %pushi/vec4 1, 0, 1;
    %store/vec4 v0x5aa26e9873c0_0, 0, 1;
T_33.13 ;
    %load/vec4 v0x5aa26e985470_0;
    %load/vec4 v0x5aa26e985570_0;
    %concat/vec4; draw_concat_vec4
    %load/vec4 v0x5aa26e985650_0;
    %concat/vec4; draw_concat_vec4
    %load/vec4 v0x5aa26e985710_0;
    %concat/vec4; draw_concat_vec4
    %store/vec4 v0x5aa26e986a70_0, 0, 128;
    %load/vec4 v0x5aa26e985470_0;
    %load/vec4 v0x5aa26e985570_0;
    %concat/vec4; draw_concat_vec4
    %load/vec4 v0x5aa26e985650_0;
    %concat/vec4; draw_concat_vec4
    %load/vec4 v0x5aa26e985710_0;
    %concat/vec4; draw_concat_vec4
    %store/vec4 v0x5aa26e987060_0, 0, 128;
    %pushi/vec4 1, 0, 1;
    %store/vec4 v0x5aa26e987220_0, 0, 1;
    %load/vec4 v0x5aa26e987140_0;
    %store/vec4 v0x5aa26e986e00_0, 0, 128;
    %pushi/vec4 1, 0, 1;
    %store/vec4 v0x5aa26e986fa0_0, 0, 1;
T_33.11 ;
T_33.9 ;
    %jmp T_33.5;
T_33.5 ;
    %pop/vec4 1;
T_33.0 ;
    %end;
    .scope S_0x5aa26e983980;
t_24 %join;
    %jmp T_33;
    .thread T_33, $push;
    .scope S_0x5aa26e983980;
T_34 ;
    %wait E_0x5aa26e984350;
    %fork t_27, S_0x5aa26e984ab0;
    %jmp t_26;
    .scope S_0x5aa26e984ab0;
t_27 ;
    %pushi/vec4 0, 0, 8;
    %store/vec4 v0x5aa26e9872e0_0, 0, 8;
    %pushi/vec4 0, 0, 1;
    %store/vec4 v0x5aa26e987620_0, 0, 1;
    %load/vec4 v0x5aa26e987480_0;
    %parti/s 7, 0, 2;
    %concati/vec4 0, 0, 1;
    %pushi/vec4 27, 0, 8;
    %load/vec4 v0x5aa26e987480_0;
    %parti/s 1, 7, 4;
    %replicate 8;
    %and;
    %xor;
    %store/vec4 v0x5aa26e984cc0_0, 0, 8;
    %load/vec4 v0x5aa26e987560_0;
    %flag_set/vec4 8;
    %jmp/0xz  T_34.0, 8;
    %pushi/vec4 141, 0, 8;
    %store/vec4 v0x5aa26e9872e0_0, 0, 8;
    %pushi/vec4 1, 0, 1;
    %store/vec4 v0x5aa26e987620_0, 0, 1;
T_34.0 ;
    %load/vec4 v0x5aa26e9873c0_0;
    %flag_set/vec4 8;
    %jmp/0xz  T_34.2, 8;
    %load/vec4 v0x5aa26e984cc0_0;
    %store/vec4 v0x5aa26e9872e0_0, 0, 8;
    %pushi/vec4 1, 0, 1;
    %store/vec4 v0x5aa26e987620_0, 0, 1;
T_34.2 ;
    %end;
    .scope S_0x5aa26e983980;
t_26 %join;
    %jmp T_34;
    .thread T_34, $push;
    .scope S_0x5aa26e983980;
T_35 ;
    %wait E_0x5aa26e9842f0;
    %fork t_29, S_0x5aa26e985060;
    %jmp t_28;
    .scope S_0x5aa26e985060;
t_29 ;
    %pushi/vec4 0, 0, 4;
    %store/vec4 v0x5aa26e987c70_0, 0, 4;
    %pushi/vec4 0, 0, 1;
    %store/vec4 v0x5aa26e987ef0_0, 0, 1;
    %load/vec4 v0x5aa26e987e30_0;
    %flag_set/vec4 8;
    %jmp/0xz  T_35.0, 8;
    %pushi/vec4 0, 0, 4;
    %store/vec4 v0x5aa26e987c70_0, 0, 4;
    %pushi/vec4 1, 0, 1;
    %store/vec4 v0x5aa26e987ef0_0, 0, 1;
    %jmp T_35.1;
T_35.0 ;
    %load/vec4 v0x5aa26e987bb0_0;
    %flag_set/vec4 8;
    %jmp/0xz  T_35.2, 8;
    %load/vec4 v0x5aa26e987d50_0;
    %addi 1, 0, 4;
    %store/vec4 v0x5aa26e987c70_0, 0, 4;
    %pushi/vec4 1, 0, 1;
    %store/vec4 v0x5aa26e987ef0_0, 0, 1;
T_35.2 ;
T_35.1 ;
    %end;
    .scope S_0x5aa26e983980;
t_28 %join;
    %jmp T_35;
    .thread T_35, $push;
    .scope S_0x5aa26e983980;
T_36 ;
    %wait E_0x5aa26e984280;
    %fork t_31, S_0x5aa26e9845d0;
    %jmp t_30;
    .scope S_0x5aa26e9845d0;
t_31 ;
    %pushi/vec4 0, 0, 1;
    %store/vec4 v0x5aa26e9877a0_0, 0, 1;
    %pushi/vec4 0, 0, 1;
    %store/vec4 v0x5aa26e987920_0, 0, 1;
    %pushi/vec4 0, 0, 1;
    %store/vec4 v0x5aa26e9882d0_0, 0, 1;
    %pushi/vec4 0, 0, 1;
    %store/vec4 v0x5aa26e987e30_0, 0, 1;
    %pushi/vec4 0, 0, 1;
    %store/vec4 v0x5aa26e987bb0_0, 0, 1;
    %pushi/vec4 0, 0, 3;
    %store/vec4 v0x5aa26e9867a0_0, 0, 3;
    %pushi/vec4 0, 0, 1;
    %store/vec4 v0x5aa26e9869b0_0, 0, 1;
    %load/vec4 v0x5aa26e986ca0_0;
    %cmpi/e 0, 0, 1;
    %jmp/0xz  T_36.0, 4;
    %pushi/vec4 10, 0, 4;
    %store/vec4 v0x5aa26e9847b0_0, 0, 4;
    %jmp T_36.1;
T_36.0 ;
    %pushi/vec4 14, 0, 4;
    %store/vec4 v0x5aa26e9847b0_0, 0, 4;
T_36.1 ;
    %load/vec4 v0x5aa26e9868d0_0;
    %dup/vec4;
    %pushi/vec4 0, 0, 3;
    %cmp/u;
    %jmp/1 T_36.2, 6;
    %dup/vec4;
    %pushi/vec4 1, 0, 3;
    %cmp/u;
    %jmp/1 T_36.3, 6;
    %dup/vec4;
    %pushi/vec4 2, 0, 3;
    %cmp/u;
    %jmp/1 T_36.4, 6;
    %dup/vec4;
    %pushi/vec4 3, 0, 3;
    %cmp/u;
    %jmp/1 T_36.5, 6;
    %jmp T_36.7;
T_36.2 ;
    %load/vec4 v0x5aa26e986380_0;
    %flag_set/vec4 8;
    %jmp/0xz  T_36.8, 8;
    %pushi/vec4 0, 0, 1;
    %store/vec4 v0x5aa26e9877a0_0, 0, 1;
    %pushi/vec4 1, 0, 1;
    %store/vec4 v0x5aa26e987920_0, 0, 1;
    %pushi/vec4 1, 0, 3;
    %store/vec4 v0x5aa26e9867a0_0, 0, 3;
    %pushi/vec4 1, 0, 1;
    %store/vec4 v0x5aa26e9869b0_0, 0, 1;
T_36.8 ;
    %jmp T_36.7;
T_36.3 ;
    %pushi/vec4 1, 0, 1;
    %store/vec4 v0x5aa26e987e30_0, 0, 1;
    %pushi/vec4 2, 0, 3;
    %store/vec4 v0x5aa26e9867a0_0, 0, 3;
    %pushi/vec4 1, 0, 1;
    %store/vec4 v0x5aa26e9869b0_0, 0, 1;
    %jmp T_36.7;
T_36.4 ;
    %pushi/vec4 1, 0, 1;
    %store/vec4 v0x5aa26e987bb0_0, 0, 1;
    %pushi/vec4 1, 0, 1;
    %store/vec4 v0x5aa26e9882d0_0, 0, 1;
    %load/vec4 v0x5aa26e987d50_0;
    %load/vec4 v0x5aa26e9847b0_0;
    %cmp/e;
    %jmp/0xz  T_36.10, 4;
    %pushi/vec4 3, 0, 3;
    %store/vec4 v0x5aa26e9867a0_0, 0, 3;
    %pushi/vec4 1, 0, 1;
    %store/vec4 v0x5aa26e9869b0_0, 0, 1;
T_36.10 ;
    %jmp T_36.7;
T_36.5 ;
    %pushi/vec4 1, 0, 1;
    %store/vec4 v0x5aa26e9877a0_0, 0, 1;
    %pushi/vec4 1, 0, 1;
    %store/vec4 v0x5aa26e987920_0, 0, 1;
    %pushi/vec4 0, 0, 3;
    %store/vec4 v0x5aa26e9867a0_0, 0, 3;
    %pushi/vec4 1, 0, 1;
    %store/vec4 v0x5aa26e9869b0_0, 0, 1;
    %jmp T_36.7;
T_36.7 ;
    %pop/vec4 1;
    %end;
    .scope S_0x5aa26e983980;
t_30 %join;
    %jmp T_36;
    .thread T_36, $push;
    .scope S_0x5aa26e988f10;
T_37 ;
    %wait E_0x5aa26e9892e0;
    %load/vec4 v0x5aa26e98a7f0_0;
    %nor/r;
    %flag_set/vec4 8;
    %jmp/0xz  T_37.0, 8;
    %pushi/vec4 0, 0, 2;
    %assign/vec4 v0x5aa26e98d420_0, 0;
    %pushi/vec4 0, 0, 1;
    %assign/vec4 v0x5aa26e98d500_0, 0;
    %pushi/vec4 0, 0, 4;
    %assign/vec4 v0x5aa26e98d340_0, 0;
    %pushi/vec4 0, 0, 32;
    %assign/vec4 v0x5aa26e98d260_0, 0;
    %pushi/vec4 0, 0, 8;
    %assign/vec4 v0x5aa26e98d5c0_0, 0;
    %jmp T_37.1;
T_37.0 ;
    %load/vec4 v0x5aa26e98d500_0;
    %nor/r;
    %flag_set/vec4 8;
    %jmp/0xz  T_37.2, 8;
    %load/vec4 v0x5aa26e98d420_0;
    %dup/vec4;
    %pushi/vec4 0, 0, 2;
    %cmp/u;
    %jmp/1 T_37.4, 6;
    %dup/vec4;
    %pushi/vec4 1, 0, 2;
    %cmp/u;
    %jmp/1 T_37.5, 6;
    %dup/vec4;
    %pushi/vec4 2, 0, 2;
    %cmp/u;
    %jmp/1 T_37.6, 6;
    %dup/vec4;
    %pushi/vec4 3, 0, 2;
    %cmp/u;
    %jmp/1 T_37.7, 6;
    %jmp T_37.8;
T_37.4 ;
    %load/vec4 v0x5aa26e98d180_0;
    %cmpi/e 3735928559, 0, 32;
    %jmp/0xz  T_37.9, 4;
    %pushi/vec4 1, 0, 2;
    %assign/vec4 v0x5aa26e98d420_0, 0;
    %jmp T_37.10;
T_37.9 ;
    %pushi/vec4 0, 0, 2;
    %assign/vec4 v0x5aa26e98d420_0, 0;
T_37.10 ;
    %jmp T_37.8;
T_37.5 ;
    %load/vec4 v0x5aa26e98d180_0;
    %cmpi/e 4277009102, 0, 32;
    %jmp/0xz  T_37.11, 4;
    %pushi/vec4 2, 0, 2;
    %assign/vec4 v0x5aa26e98d420_0, 0;
    %jmp T_37.12;
T_37.11 ;
    %pushi/vec4 0, 0, 2;
    %assign/vec4 v0x5aa26e98d420_0, 0;
T_37.12 ;
    %jmp T_37.8;
T_37.6 ;
    %load/vec4 v0x5aa26e98d180_0;
    %cmpi/e 3405691582, 0, 32;
    %jmp/0xz  T_37.13, 4;
    %pushi/vec4 3, 0, 2;
    %assign/vec4 v0x5aa26e98d420_0, 0;
    %jmp T_37.14;
T_37.13 ;
    %pushi/vec4 0, 0, 2;
    %assign/vec4 v0x5aa26e98d420_0, 0;
T_37.14 ;
    %jmp T_37.8;
T_37.7 ;
    %load/vec4 v0x5aa26e98d180_0;
    %cmpi/e 3131961357, 0, 32;
    %jmp/0xz  T_37.15, 4;
    %pushi/vec4 1, 0, 1;
    %assign/vec4 v0x5aa26e98d500_0, 0;
    %load/vec4 v0x5aa26e98d180_0;
    %assign/vec4 v0x5aa26e98d260_0, 0;
    %pushi/vec4 0, 0, 4;
    %assign/vec4 v0x5aa26e98d340_0, 0;
    %pushi/vec4 0, 0, 2;
    %assign/vec4 v0x5aa26e98d420_0, 0;
    %jmp T_37.16;
T_37.15 ;
    %pushi/vec4 0, 0, 2;
    %assign/vec4 v0x5aa26e98d420_0, 0;
T_37.16 ;
    %jmp T_37.8;
T_37.8 ;
    %pop/vec4 1;
    %pushi/vec4 0, 0, 8;
    %assign/vec4 v0x5aa26e98d5c0_0, 0;
    %jmp T_37.3;
T_37.2 ;
    %load/vec4 v0x5aa26e98d340_0;
    %dup/vec4;
    %pushi/vec4 0, 0, 4;
    %cmp/u;
    %jmp/1 T_37.17, 6;
    %dup/vec4;
    %pushi/vec4 1, 0, 4;
    %cmp/u;
    %jmp/1 T_37.18, 6;
    %dup/vec4;
    %pushi/vec4 2, 0, 4;
    %cmp/u;
    %jmp/1 T_37.19, 6;
    %dup/vec4;
    %pushi/vec4 3, 0, 4;
    %cmp/u;
    %jmp/1 T_37.20, 6;
    %dup/vec4;
    %pushi/vec4 4, 0, 4;
    %cmp/u;
    %jmp/1 T_37.21, 6;
    %pushi/vec4 0, 0, 8;
    %assign/vec4 v0x5aa26e98d5c0_0, 0;
    %pushi/vec4 0, 0, 1;
    %assign/vec4 v0x5aa26e98d500_0, 0;
    %pushi/vec4 0, 0, 4;
    %assign/vec4 v0x5aa26e98d340_0, 0;
    %jmp T_37.23;
T_37.17 ;
    %load/vec4 v0x5aa26e98d260_0;
    %parti/s 8, 24, 6;
    %assign/vec4 v0x5aa26e98d5c0_0, 0;
    %pushi/vec4 1, 0, 4;
    %assign/vec4 v0x5aa26e98d340_0, 0;
    %jmp T_37.23;
T_37.18 ;
    %load/vec4 v0x5aa26e98d260_0;
    %parti/s 8, 16, 6;
    %assign/vec4 v0x5aa26e98d5c0_0, 0;
    %pushi/vec4 2, 0, 4;
    %assign/vec4 v0x5aa26e98d340_0, 0;
    %jmp T_37.23;
T_37.19 ;
    %load/vec4 v0x5aa26e98d260_0;
    %parti/s 8, 8, 5;
    %assign/vec4 v0x5aa26e98d5c0_0, 0;
    %pushi/vec4 3, 0, 4;
    %assign/vec4 v0x5aa26e98d340_0, 0;
    %jmp T_37.23;
T_37.20 ;
    %load/vec4 v0x5aa26e98d260_0;
    %parti/s 8, 0, 2;
    %assign/vec4 v0x5aa26e98d5c0_0, 0;
    %pushi/vec4 4, 0, 4;
    %assign/vec4 v0x5aa26e98d340_0, 0;
    %jmp T_37.23;
T_37.21 ;
    %pushi/vec4 0, 0, 8;
    %assign/vec4 v0x5aa26e98d5c0_0, 0;
    %pushi/vec4 0, 0, 1;
    %assign/vec4 v0x5aa26e98d500_0, 0;
    %pushi/vec4 0, 0, 4;
    %assign/vec4 v0x5aa26e98d340_0, 0;
    %jmp T_37.23;
T_37.23 ;
    %pop/vec4 1;
T_37.3 ;
T_37.1 ;
    %jmp T_37;
    .thread T_37;
    .scope S_0x5aa26e954830;
T_38 ;
    %wait E_0x5aa26e928e80;
    %fork t_33, S_0x5aa26e988d30;
    %jmp t_32;
    .scope S_0x5aa26e988d30;
t_33 ;
    %load/vec4 v0x5aa26e98f1d0_0;
    %nor/r;
    %flag_set/vec4 8;
    %jmp/0xz  T_38.0, 8;
    %pushi/vec4 0, 0, 1;
    %assign/vec4 v0x5aa26e98f6e0_0, 0;
    %pushi/vec4 1, 0, 1;
    %assign/vec4 v0x5aa26e98f050_0, 0;
    %pushi/vec4 0, 0, 2;
    %assign/vec4 v0x5aa26e98da20_0, 0;
    %pushi/vec4 0, 0, 4;
    %assign/vec4 v0x5aa26e98ffa0_0, 0;
    %pushi/vec4 0, 0, 1;
    %assign/vec4 v0x5aa26e98f920_0, 0;
    %pushi/vec4 0, 0, 8;
    %assign/vec4 v0x5aa26e98fd40_0, 0;
    %pushi/vec4 0, 0, 1;
    %assign/vec4 v0x5aa26e98fe20_0, 0;
    %pushi/vec4 0, 0, 6;
    %assign/vec4 v0x5aa26e98f9e0_0, 0;
    %pushi/vec4 0, 0, 1;
    %assign/vec4 v0x5aa26e98fee0_0, 0;
    %pushi/vec4 0, 0, 256;
    %assign/vec4 v0x5aa26e98fba0_0, 0;
    %jmp T_38.1;
T_38.0 ;
    %load/vec4 v0x5aa26e98f7a0_0;
    %flag_set/vec4 8;
    %jmp/0xz  T_38.2, 8;
    %load/vec4 v0x5aa26e98f620_0;
    %assign/vec4 v0x5aa26e98f6e0_0, 0;
T_38.2 ;
    %load/vec4 v0x5aa26e98f110_0;
    %flag_set/vec4 8;
    %jmp/0xz  T_38.4, 8;
    %load/vec4 v0x5aa26e98ef90_0;
    %assign/vec4 v0x5aa26e98f050_0, 0;
T_38.4 ;
    %load/vec4 v0x5aa26e98db00_0;
    %flag_set/vec4 8;
    %jmp/0xz  T_38.6, 8;
    %load/vec4 v0x5aa26e98d920_0;
    %assign/vec4 v0x5aa26e98da20_0, 0;
T_38.6 ;
    %load/vec4 v0x5aa26e98ffa0_0;
    %parti/s 3, 0, 2;
    %load/vec4 v0x5aa26e98e520_0;
    %load/vec4 v0x5aa26e98ee30_0;
    %xor;
    %load/vec4 v0x5aa26e98e480_0;
    %xor;
    %load/vec4 v0x5aa26e98e940_0;
    %xor;
    %concat/vec4; draw_concat_vec4
    %assign/vec4 v0x5aa26e98ffa0_0, 0;
    %load/vec4 v0x5aa26e98f920_0;
    %nor/r;
    %load/vec4 v0x5aa26e98ffa0_0;
    %pushi/vec4 11, 0, 4;
    %cmp/e;
    %flag_get/vec4 4;
    %and;
    %flag_set/vec4 8;
    %jmp/0xz  T_38.8, 8;
    %pushi/vec4 1, 0, 1;
    %assign/vec4 v0x5aa26e98f920_0, 0;
    %load/vec4 v0x5aa26e98e7a0_0;
    %assign/vec4 v0x5aa26e98fba0_0, 0;
    %pushi/vec4 0, 0, 6;
    %assign/vec4 v0x5aa26e98f9e0_0, 0;
    %pushi/vec4 1, 0, 1;
    %assign/vec4 v0x5aa26e98fee0_0, 0;
    %jmp T_38.9;
T_38.8 ;
    %load/vec4 v0x5aa26e98f920_0;
    %load/vec4 v0x5aa26e98fee0_0;
    %and;
    %flag_set/vec4 8;
    %jmp/0xz  T_38.10, 8;
    %load/vec4 v0x5aa26e98fba0_0;
    %pushi/vec4 255, 0, 32;
    %load/vec4 v0x5aa26e98f9e0_0;
    %pad/u 32;
    %muli 8, 0, 32;
    %sub;
    %pad/u 34;
    %subi 7, 0, 34;
    %part/s 8;
    %assign/vec4 v0x5aa26e98fd40_0, 0;
    %pushi/vec4 1, 0, 1;
    %assign/vec4 v0x5aa26e98fe20_0, 0;
    %load/vec4 v0x5aa26e98f9e0_0;
    %cmpi/e 31, 0, 6;
    %jmp/0xz  T_38.12, 4;
    %pushi/vec4 0, 0, 6;
    %assign/vec4 v0x5aa26e98f9e0_0, 0;
    %pushi/vec4 0, 0, 1;
    %assign/vec4 v0x5aa26e98fee0_0, 0;
    %pushi/vec4 0, 0, 1;
    %assign/vec4 v0x5aa26e98f920_0, 0;
    %pushi/vec4 0, 0, 1;
    %assign/vec4 v0x5aa26e98fe20_0, 0;
    %jmp T_38.13;
T_38.12 ;
    %load/vec4 v0x5aa26e98f9e0_0;
    %addi 1, 0, 6;
    %assign/vec4 v0x5aa26e98f9e0_0, 0;
T_38.13 ;
    %jmp T_38.11;
T_38.10 ;
    %pushi/vec4 0, 0, 8;
    %assign/vec4 v0x5aa26e98fd40_0, 0;
    %pushi/vec4 0, 0, 1;
    %assign/vec4 v0x5aa26e98fe20_0, 0;
T_38.11 ;
T_38.9 ;
    %load/vec4 v0x5aa26e98f920_0;
    %nor/r;
    %flag_set/vec4 8;
    %jmp/0xz  T_38.14, 8;
    %pushi/vec4 0, 0, 8;
    %assign/vec4 v0x5aa26e98fd40_0, 0;
    %pushi/vec4 0, 0, 1;
    %assign/vec4 v0x5aa26e98fe20_0, 0;
    %pushi/vec4 0, 0, 1;
    %assign/vec4 v0x5aa26e98fee0_0, 0;
    %pushi/vec4 0, 0, 6;
    %assign/vec4 v0x5aa26e98f9e0_0, 0;
T_38.14 ;
T_38.1 ;
    %end;
    .scope S_0x5aa26e954830;
t_32 %join;
    %jmp T_38;
    .thread T_38;
    .scope S_0x5aa26e954830;
T_39 ;
    %wait E_0x5aa26e74aa10;
    %fork t_35, S_0x5aa26e98d740;
    %jmp t_34;
    .scope S_0x5aa26e98d740;
t_35 ;
    %load/vec4 v0x5aa26e98e5f0_0;
    %flag_set/vec4 8;
    %jmp/0xz  T_39.0, 8;
    %load/vec4 v0x5aa26e98e9e0_0;
    %store/vec4 v0x5aa26e98ecc0_0, 0, 32;
    %jmp T_39.1;
T_39.0 ;
    %load/vec4 v0x5aa26e98e3b0_0;
    %store/vec4 v0x5aa26e98ecc0_0, 0, 32;
T_39.1 ;
    %end;
    .scope S_0x5aa26e954830;
t_34 %join;
    %jmp T_39;
    .thread T_39, $push;
    .scope S_0x5aa26e954830;
T_40 ;
    %wait E_0x5aa26e860160;
    %fork t_37, S_0x5aa26e9837f0;
    %jmp t_36;
    .scope S_0x5aa26e9837f0;
t_37 ;
    %pushi/vec4 0, 0, 1;
    %store/vec4 v0x5aa26e98e140_0, 0, 1;
    %pushi/vec4 0, 0, 1;
    %store/vec4 v0x5aa26e98de60_0, 0, 1;
    %load/vec4 v0x5aa26e98e480_0;
    %flag_set/vec4 8;
    %jmp/0xz  T_40.0, 8;
    %load/vec4 v0x5aa26e98ee30_0;
    %store/vec4 v0x5aa26e98e140_0, 0, 1;
    %load/vec4 v0x5aa26e98e2e0_0;
    %store/vec4 v0x5aa26e98ebf0_0, 0, 4;
    %load/vec4 v0x5aa26e98e070_0;
    %store/vec4 v0x5aa26e98eab0_0, 0, 128;
    %load/vec4 v0x5aa26e98e210_0;
    %store/vec4 v0x5aa26e98eb50_0, 0, 1;
    %jmp T_40.1;
T_40.0 ;
    %load/vec4 v0x5aa26e98ee30_0;
    %store/vec4 v0x5aa26e98de60_0, 0, 1;
    %load/vec4 v0x5aa26e98dfa0_0;
    %store/vec4 v0x5aa26e98ebf0_0, 0, 4;
    %load/vec4 v0x5aa26e98dda0_0;
    %store/vec4 v0x5aa26e98eab0_0, 0, 128;
    %load/vec4 v0x5aa26e98df00_0;
    %store/vec4 v0x5aa26e98eb50_0, 0, 1;
T_40.1 ;
    %end;
    .scope S_0x5aa26e954830;
t_36 %join;
    %jmp T_40;
    .thread T_40, $push;
    .scope S_0x5aa26e954830;
T_41 ;
    %wait E_0x5aa26e85fcb0;
    %fork t_39, S_0x5aa26e954c10;
    %jmp t_38;
    .scope S_0x5aa26e954c10;
t_39 ;
    %pushi/vec4 0, 0, 1;
    %store/vec4 v0x5aa26e98e5f0_0, 0, 1;
    %pushi/vec4 0, 0, 1;
    %store/vec4 v0x5aa26e98ef90_0, 0, 1;
    %pushi/vec4 0, 0, 1;
    %store/vec4 v0x5aa26e98f110_0, 0, 1;
    %pushi/vec4 0, 0, 1;
    %store/vec4 v0x5aa26e98f620_0, 0, 1;
    %pushi/vec4 0, 0, 1;
    %store/vec4 v0x5aa26e98f7a0_0, 0, 1;
    %pushi/vec4 0, 0, 2;
    %store/vec4 v0x5aa26e98d920_0, 0, 2;
    %pushi/vec4 0, 0, 1;
    %store/vec4 v0x5aa26e98db00_0, 0, 1;
    %load/vec4 v0x5aa26e98da20_0;
    %dup/vec4;
    %pushi/vec4 0, 0, 2;
    %cmp/u;
    %jmp/1 T_41.0, 6;
    %dup/vec4;
    %pushi/vec4 1, 0, 2;
    %cmp/u;
    %jmp/1 T_41.1, 6;
    %dup/vec4;
    %pushi/vec4 2, 0, 2;
    %cmp/u;
    %jmp/1 T_41.2, 6;
    %jmp T_41.4;
T_41.0 ;
    %load/vec4 v0x5aa26e98e520_0;
    %flag_set/vec4 8;
    %jmp/0xz  T_41.5, 8;
    %pushi/vec4 1, 0, 1;
    %store/vec4 v0x5aa26e98e5f0_0, 0, 1;
    %pushi/vec4 0, 0, 1;
    %store/vec4 v0x5aa26e98ef90_0, 0, 1;
    %pushi/vec4 1, 0, 1;
    %store/vec4 v0x5aa26e98f110_0, 0, 1;
    %pushi/vec4 0, 0, 1;
    %store/vec4 v0x5aa26e98f620_0, 0, 1;
    %pushi/vec4 1, 0, 1;
    %store/vec4 v0x5aa26e98f7a0_0, 0, 1;
    %pushi/vec4 1, 0, 2;
    %store/vec4 v0x5aa26e98d920_0, 0, 2;
    %pushi/vec4 1, 0, 1;
    %store/vec4 v0x5aa26e98db00_0, 0, 1;
    %jmp T_41.6;
T_41.5 ;
    %load/vec4 v0x5aa26e98ee30_0;
    %flag_set/vec4 8;
    %jmp/0xz  T_41.7, 8;
    %pushi/vec4 0, 0, 1;
    %store/vec4 v0x5aa26e98e5f0_0, 0, 1;
    %pushi/vec4 0, 0, 1;
    %store/vec4 v0x5aa26e98ef90_0, 0, 1;
    %pushi/vec4 1, 0, 1;
    %store/vec4 v0x5aa26e98f110_0, 0, 1;
    %pushi/vec4 0, 0, 1;
    %store/vec4 v0x5aa26e98f620_0, 0, 1;
    %pushi/vec4 1, 0, 1;
    %store/vec4 v0x5aa26e98f7a0_0, 0, 1;
    %pushi/vec4 2, 0, 2;
    %store/vec4 v0x5aa26e98d920_0, 0, 2;
    %pushi/vec4 1, 0, 1;
    %store/vec4 v0x5aa26e98db00_0, 0, 1;
T_41.7 ;
T_41.6 ;
    %jmp T_41.4;
T_41.1 ;
    %pushi/vec4 1, 0, 1;
    %store/vec4 v0x5aa26e98e5f0_0, 0, 1;
    %load/vec4 v0x5aa26e98e870_0;
    %flag_set/vec4 8;
    %jmp/0xz  T_41.9, 8;
    %pushi/vec4 1, 0, 1;
    %store/vec4 v0x5aa26e98ef90_0, 0, 1;
    %pushi/vec4 1, 0, 1;
    %store/vec4 v0x5aa26e98f110_0, 0, 1;
    %pushi/vec4 0, 0, 2;
    %store/vec4 v0x5aa26e98d920_0, 0, 2;
    %pushi/vec4 1, 0, 1;
    %store/vec4 v0x5aa26e98db00_0, 0, 1;
T_41.9 ;
    %jmp T_41.4;
T_41.2 ;
    %pushi/vec4 0, 0, 1;
    %store/vec4 v0x5aa26e98e5f0_0, 0, 1;
    %load/vec4 v0x5aa26e98eb50_0;
    %flag_set/vec4 8;
    %jmp/0xz  T_41.11, 8;
    %pushi/vec4 1, 0, 1;
    %store/vec4 v0x5aa26e98ef90_0, 0, 1;
    %pushi/vec4 1, 0, 1;
    %store/vec4 v0x5aa26e98f110_0, 0, 1;
    %pushi/vec4 1, 0, 1;
    %store/vec4 v0x5aa26e98f620_0, 0, 1;
    %pushi/vec4 1, 0, 1;
    %store/vec4 v0x5aa26e98f7a0_0, 0, 1;
    %pushi/vec4 0, 0, 2;
    %store/vec4 v0x5aa26e98d920_0, 0, 2;
    %pushi/vec4 1, 0, 1;
    %store/vec4 v0x5aa26e98db00_0, 0, 1;
T_41.11 ;
    %jmp T_41.4;
T_41.4 ;
    %pop/vec4 1;
    %end;
    .scope S_0x5aa26e954830;
t_38 %join;
    %jmp T_41;
    .thread T_41, $push;
    .scope S_0x5aa26e8bdaf0;
T_42 ;
    %wait E_0x5aa26e928e80;
    %fork t_41, S_0x5aa26e990220;
    %jmp t_40;
    .scope S_0x5aa26e990220;
t_41 ;
    %load/vec4 v0x5aa26e9919f0_0;
    %nor/r;
    %flag_set/vec4 8;
    %jmp/0xz  T_42.0, 8;
    %pushi/vec4 0, 0, 32;
    %store/vec4 v0x5aa26e9903e0_0, 0, 32;
T_42.2 ;
    %load/vec4 v0x5aa26e9903e0_0;
    %cmpi/s 4, 0, 32;
    %jmp/0xz T_42.3, 5;
    %pushi/vec4 0, 0, 32;
    %ix/getv/s 3, v0x5aa26e9903e0_0;
    %ix/load 4, 0, 0; Constant delay
    %assign/vec4/a/d v0x5aa26e9905c0, 0, 4;
    %load/vec4 v0x5aa26e9903e0_0;
    %addi 1, 0, 32;
    %store/vec4 v0x5aa26e9903e0_0, 0, 32;
    %jmp T_42.2;
T_42.3 ;
    %pushi/vec4 0, 0, 32;
    %store/vec4 v0x5aa26e9903e0_0, 0, 32;
T_42.4 ;
    %load/vec4 v0x5aa26e9903e0_0;
    %cmpi/s 8, 0, 32;
    %jmp/0xz T_42.5, 5;
    %pushi/vec4 0, 0, 32;
    %ix/getv/s 3, v0x5aa26e9903e0_0;
    %ix/load 4, 0, 0; Constant delay
    %assign/vec4/a/d v0x5aa26e991390, 0, 4;
    %load/vec4 v0x5aa26e9903e0_0;
    %addi 1, 0, 32;
    %store/vec4 v0x5aa26e9903e0_0, 0, 32;
    %jmp T_42.4;
T_42.5 ;
    %pushi/vec4 0, 0, 1;
    %assign/vec4 v0x5aa26e9912d0_0, 0;
    %pushi/vec4 0, 0, 1;
    %assign/vec4 v0x5aa26e991790_0, 0;
    %pushi/vec4 0, 0, 1;
    %assign/vec4 v0x5aa26e991190_0, 0;
    %pushi/vec4 0, 0, 1;
    %assign/vec4 v0x5aa26e991610_0, 0;
    %pushi/vec4 0, 0, 128;
    %assign/vec4 v0x5aa26e991a90_0, 0;
    %pushi/vec4 0, 0, 1;
    %assign/vec4 v0x5aa26e991e10_0, 0;
    %pushi/vec4 0, 0, 1;
    %assign/vec4 v0x5aa26e991930_0, 0;
    %pushi/vec4 0, 0, 2;
    %assign/vec4 v0x5aa26e991d30_0, 0;
    %pushi/vec4 0, 0, 3;
    %assign/vec4 v0x5aa26e991c50_0, 0;
    %jmp T_42.1;
T_42.0 ;
    %load/vec4 v0x5aa26e990eb0_0;
    %assign/vec4 v0x5aa26e991930_0, 0;
    %load/vec4 v0x5aa26e991020_0;
    %assign/vec4 v0x5aa26e991e10_0, 0;
    %load/vec4 v0x5aa26e990f50_0;
    %assign/vec4 v0x5aa26e991a90_0, 0;
    %load/vec4 v0x5aa26e991230_0;
    %assign/vec4 v0x5aa26e9912d0_0, 0;
    %load/vec4 v0x5aa26e9916d0_0;
    %assign/vec4 v0x5aa26e991790_0, 0;
    %load/vec4 v0x5aa26e9908a0_0;
    %flag_set/vec4 8;
    %jmp/0xz  T_42.6, 8;
    %load/vec4 v0x5aa26e991f90_0;
    %parti/s 1, 0, 2;
    %assign/vec4 v0x5aa26e991190_0, 0;
    %load/vec4 v0x5aa26e991f90_0;
    %parti/s 1, 1, 2;
    %assign/vec4 v0x5aa26e991610_0, 0;
T_42.6 ;
    %load/vec4 v0x5aa26e991550_0;
    %flag_set/vec4 8;
    %jmp/0xz  T_42.8, 8;
    %load/vec4 v0x5aa26e991f90_0;
    %load/vec4 v0x5aa26e9904c0_0;
    %parti/s 3, 0, 2;
    %pad/u 5;
    %ix/vec4 3;
    %ix/load 4, 0, 0; Constant delay
    %assign/vec4/a/d v0x5aa26e991390, 0, 4;
T_42.8 ;
    %load/vec4 v0x5aa26e990730_0;
    %flag_set/vec4 8;
    %jmp/0xz  T_42.10, 8;
    %load/vec4 v0x5aa26e991f90_0;
    %load/vec4 v0x5aa26e9904c0_0;
    %parti/s 2, 0, 2;
    %pad/u 4;
    %ix/vec4 3;
    %ix/load 4, 0, 0; Constant delay
    %assign/vec4/a/d v0x5aa26e9905c0, 0, 4;
T_42.10 ;
    %load/vec4 v0x5aa26e991d30_0;
    %dup/vec4;
    %pushi/vec4 0, 0, 2;
    %cmp/u;
    %jmp/1 T_42.12, 6;
    %dup/vec4;
    %pushi/vec4 1, 0, 2;
    %cmp/u;
    %jmp/1 T_42.13, 6;
    %dup/vec4;
    %pushi/vec4 2, 0, 2;
    %cmp/u;
    %jmp/1 T_42.14, 6;
    %pushi/vec4 0, 0, 2;
    %assign/vec4 v0x5aa26e991d30_0, 0;
    %pushi/vec4 0, 0, 3;
    %assign/vec4 v0x5aa26e991c50_0, 0;
    %jmp T_42.16;
T_42.12 ;
    %load/vec4 v0x5aa26e9910f0_0;
    %load/vec4 v0x5aa26e991ed0_0;
    %and;
    %load/vec4 v0x5aa26e9904c0_0;
    %pushi/vec4 171, 0, 8;
    %cmp/e;
    %flag_get/vec4 4;
    %and;
    %load/vec4 v0x5aa26e991f90_0;
    %pushi/vec4 3735928559, 0, 32;
    %cmp/e;
    %flag_get/vec4 4;
    %and;
    %flag_set/vec4 8;
    %jmp/0xz  T_42.17, 8;
    %pushi/vec4 1, 0, 2;
    %assign/vec4 v0x5aa26e991d30_0, 0;
    %pushi/vec4 0, 0, 3;
    %assign/vec4 v0x5aa26e991c50_0, 0;
    %jmp T_42.18;
T_42.17 ;
    %pushi/vec4 0, 0, 2;
    %assign/vec4 v0x5aa26e991d30_0, 0;
T_42.18 ;
    %jmp T_42.16;
T_42.13 ;
    %pushi/vec4 2, 0, 2;
    %assign/vec4 v0x5aa26e991d30_0, 0;
    %pushi/vec4 0, 0, 3;
    %assign/vec4 v0x5aa26e991c50_0, 0;
    %jmp T_42.16;
T_42.14 ;
    %load/vec4 v0x5aa26e9910f0_0;
    %load/vec4 v0x5aa26e991ed0_0;
    %nor/r;
    %and;
    %load/vec4 v0x5aa26e9904c0_0;
    %pushi/vec4 172, 0, 8;
    %cmp/e;
    %flag_get/vec4 4;
    %and;
    %flag_set/vec4 8;
    %jmp/0xz  T_42.19, 8;
    %load/vec4 v0x5aa26e991c50_0;
    %cmpi/e 7, 0, 3;
    %jmp/0xz  T_42.21, 4;
    %pushi/vec4 0, 0, 2;
    %assign/vec4 v0x5aa26e991d30_0, 0;
    %pushi/vec4 0, 0, 3;
    %assign/vec4 v0x5aa26e991c50_0, 0;
    %jmp T_42.22;
T_42.21 ;
    %load/vec4 v0x5aa26e991c50_0;
    %addi 1, 0, 3;
    %assign/vec4 v0x5aa26e991c50_0, 0;
    %pushi/vec4 2, 0, 2;
    %assign/vec4 v0x5aa26e991d30_0, 0;
T_42.22 ;
    %jmp T_42.20;
T_42.19 ;
    %pushi/vec4 2, 0, 2;
    %assign/vec4 v0x5aa26e991d30_0, 0;
T_42.20 ;
    %jmp T_42.16;
T_42.16 ;
    %pop/vec4 1;
T_42.1 ;
    %end;
    .scope S_0x5aa26e8bdaf0;
t_40 %join;
    %jmp T_42;
    .thread T_42;
    .scope S_0x5aa26e8bdaf0;
T_43 ;
    %wait E_0x5aa26e85f3b0;
    %fork t_43, S_0x5aa26e939fb0;
    %jmp t_42;
    .scope S_0x5aa26e939fb0;
t_43 ;
    %pushi/vec4 0, 0, 1;
    %store/vec4 v0x5aa26e991230_0, 0, 1;
    %pushi/vec4 0, 0, 1;
    %store/vec4 v0x5aa26e9916d0_0, 0, 1;
    %pushi/vec4 0, 0, 1;
    %store/vec4 v0x5aa26e9908a0_0, 0, 1;
    %pushi/vec4 0, 0, 1;
    %store/vec4 v0x5aa26e991550_0, 0, 1;
    %pushi/vec4 0, 0, 1;
    %store/vec4 v0x5aa26e990730_0, 0, 1;
    %pushi/vec4 0, 0, 32;
    %store/vec4 v0x5aa26e991b70_0, 0, 32;
    %load/vec4 v0x5aa26e991d30_0;
    %pushi/vec4 2, 0, 2;
    %cmp/e;
    %flag_get/vec4 4;
    %load/vec4 v0x5aa26e9910f0_0;
    %and;
    %load/vec4 v0x5aa26e991ed0_0;
    %nor/r;
    %and;
    %load/vec4 v0x5aa26e9904c0_0;
    %pushi/vec4 172, 0, 8;
    %cmp/e;
    %flag_get/vec4 4;
    %and;
    %flag_set/vec4 8;
    %jmp/0xz  T_43.0, 8;
    %load/vec4 v0x5aa26e991c50_0;
    %pad/u 5;
    %ix/vec4 4;
    %load/vec4a v0x5aa26e991390, 4;
    %store/vec4 v0x5aa26e991b70_0, 0, 32;
    %jmp T_43.1;
T_43.0 ;
    %load/vec4 v0x5aa26e9910f0_0;
    %flag_set/vec4 8;
    %jmp/0xz  T_43.2, 8;
    %load/vec4 v0x5aa26e991ed0_0;
    %flag_set/vec4 8;
    %jmp/0xz  T_43.4, 8;
    %load/vec4 v0x5aa26e9904c0_0;
    %cmpi/e 8, 0, 8;
    %jmp/0xz  T_43.6, 4;
    %load/vec4 v0x5aa26e991f90_0;
    %parti/s 1, 0, 2;
    %store/vec4 v0x5aa26e991230_0, 0, 1;
    %load/vec4 v0x5aa26e991f90_0;
    %parti/s 1, 1, 2;
    %store/vec4 v0x5aa26e9916d0_0, 0, 1;
T_43.6 ;
    %load/vec4 v0x5aa26e9904c0_0;
    %cmpi/e 10, 0, 8;
    %jmp/0xz  T_43.8, 4;
    %pushi/vec4 1, 0, 1;
    %store/vec4 v0x5aa26e9908a0_0, 0, 1;
T_43.8 ;
    %pushi/vec4 16, 0, 8;
    %load/vec4 v0x5aa26e9904c0_0;
    %cmp/u;
    %flag_get/vec4 4;
    %flag_get/vec4 5;
    %or;
    %load/vec4 v0x5aa26e9904c0_0;
    %cmpi/u 23, 0, 8;
    %flag_get/vec4 4;
    %flag_get/vec4 5;
    %or;
    %and;
    %flag_set/vec4 8;
    %jmp/0xz  T_43.10, 8;
    %pushi/vec4 1, 0, 1;
    %store/vec4 v0x5aa26e991550_0, 0, 1;
T_43.10 ;
    %pushi/vec4 32, 0, 8;
    %load/vec4 v0x5aa26e9904c0_0;
    %cmp/u;
    %flag_get/vec4 4;
    %flag_get/vec4 5;
    %or;
    %load/vec4 v0x5aa26e9904c0_0;
    %cmpi/u 35, 0, 8;
    %flag_get/vec4 4;
    %flag_get/vec4 5;
    %or;
    %and;
    %flag_set/vec4 8;
    %jmp/0xz  T_43.12, 8;
    %pushi/vec4 1, 0, 1;
    %store/vec4 v0x5aa26e990730_0, 0, 1;
T_43.12 ;
    %jmp T_43.5;
T_43.4 ;
    %load/vec4 v0x5aa26e9904c0_0;
    %dup/vec4;
    %pushi/vec4 0, 0, 8;
    %cmp/u;
    %jmp/1 T_43.14, 6;
    %dup/vec4;
    %pushi/vec4 1, 0, 8;
    %cmp/u;
    %jmp/1 T_43.15, 6;
    %dup/vec4;
    %pushi/vec4 2, 0, 8;
    %cmp/u;
    %jmp/1 T_43.16, 6;
    %dup/vec4;
    %pushi/vec4 8, 0, 8;
    %cmp/u;
    %jmp/1 T_43.17, 6;
    %dup/vec4;
    %pushi/vec4 9, 0, 8;
    %cmp/u;
    %jmp/1 T_43.18, 6;
    %jmp T_43.20;
T_43.14 ;
    %pushi/vec4 1634038560, 0, 32;
    %store/vec4 v0x5aa26e991b70_0, 0, 32;
    %jmp T_43.20;
T_43.15 ;
    %pushi/vec4 538976288, 0, 32;
    %store/vec4 v0x5aa26e991b70_0, 0, 32;
    %jmp T_43.20;
T_43.16 ;
    %pushi/vec4 808334896, 0, 32;
    %store/vec4 v0x5aa26e991b70_0, 0, 32;
    %jmp T_43.20;
T_43.17 ;
    %pushi/vec4 0, 0, 28;
    %load/vec4 v0x5aa26e991610_0;
    %concat/vec4; draw_concat_vec4
    %load/vec4 v0x5aa26e991190_0;
    %concat/vec4; draw_concat_vec4
    %load/vec4 v0x5aa26e991790_0;
    %concat/vec4; draw_concat_vec4
    %load/vec4 v0x5aa26e9912d0_0;
    %concat/vec4; draw_concat_vec4
    %store/vec4 v0x5aa26e991b70_0, 0, 32;
    %jmp T_43.20;
T_43.18 ;
    %pushi/vec4 0, 0, 30;
    %load/vec4 v0x5aa26e991e10_0;
    %concat/vec4; draw_concat_vec4
    %load/vec4 v0x5aa26e991930_0;
    %concat/vec4; draw_concat_vec4
    %store/vec4 v0x5aa26e991b70_0, 0, 32;
    %jmp T_43.20;
T_43.20 ;
    %pop/vec4 1;
    %pushi/vec4 48, 0, 8;
    %load/vec4 v0x5aa26e9904c0_0;
    %cmp/u;
    %flag_get/vec4 4;
    %flag_get/vec4 5;
    %or;
    %load/vec4 v0x5aa26e9904c0_0;
    %cmpi/u 51, 0, 8;
    %flag_get/vec4 4;
    %flag_get/vec4 5;
    %or;
    %and;
    %flag_set/vec4 8;
    %jmp/0xz  T_43.21, 8;
    %load/vec4 v0x5aa26e991a90_0;
    %pushi/vec4 3, 0, 32;
    %load/vec4 v0x5aa26e9904c0_0;
    %pad/u 32;
    %subi 48, 0, 32;
    %sub;
    %muli 32, 0, 32;
    %part/u 32;
    %store/vec4 v0x5aa26e991b70_0, 0, 32;
T_43.21 ;
T_43.5 ;
    %jmp T_43.3;
T_43.2 ;
    %pushi/vec4 0, 0, 32;
    %store/vec4 v0x5aa26e991b70_0, 0, 32;
T_43.3 ;
T_43.1 ;
    %end;
    .scope S_0x5aa26e8bdaf0;
t_42 %join;
    %jmp T_43;
    .thread T_43, $push;
    .scope S_0x5aa26e9923e0;
T_44 ;
    %wait E_0x5aa26e993070;
    %fork t_45, S_0x5aa26e993890;
    %jmp t_44;
    .scope S_0x5aa26e993890;
t_45 ;
    %load/vec4 v0x5aa26e9965a0_0;
    %nor/r;
    %flag_set/vec4 8;
    %jmp/0xz  T_44.0, 8;
    %pushi/vec4 0, 0, 32;
    %store/vec4 v0x5aa26e993a70_0, 0, 32;
T_44.2 ;
    %load/vec4 v0x5aa26e993a70_0;
    %cmpi/s 14, 0, 32;
    %flag_or 5, 4;
    %jmp/0xz T_44.3, 5;
    %pushi/vec4 0, 0, 128;
    %ix/getv/s 3, v0x5aa26e993a70_0;
    %ix/load 4, 0, 0; Constant delay
    %assign/vec4/a/d v0x5aa26e995030, 0, 4;
    %load/vec4 v0x5aa26e993a70_0;
    %addi 1, 0, 32;
    %store/vec4 v0x5aa26e993a70_0, 0, 32;
    %jmp T_44.2;
T_44.3 ;
    %pushi/vec4 0, 0, 1;
    %assign/vec4 v0x5aa26e996420_0, 0;
    %pushi/vec4 0, 0, 8;
    %assign/vec4 v0x5aa26e996040_0, 0;
    %pushi/vec4 0, 0, 4;
    %assign/vec4 v0x5aa26e9968e0_0, 0;
    %pushi/vec4 0, 0, 128;
    %assign/vec4 v0x5aa26e995a80_0, 0;
    %pushi/vec4 0, 0, 128;
    %assign/vec4 v0x5aa26e995d00_0, 0;
    %pushi/vec4 0, 0, 3;
    %assign/vec4 v0x5aa26e995430_0, 0;
    %pushi/vec4 0, 0, 128;
    %assign/vec4 v0x5aa26e997570_0, 0;
    %pushi/vec4 0, 0, 8;
    %assign/vec4 v0x5aa26e997250_0, 0;
    %pushi/vec4 0, 0, 1;
    %assign/vec4 v0x5aa26e997190_0, 0;
    %pushi/vec4 0, 0, 1;
    %assign/vec4 v0x5aa26e9974b0_0, 0;
    %pushi/vec4 0, 0, 1;
    %assign/vec4 v0x5aa26e9973f0_0, 0;
    %jmp T_44.1;
T_44.0 ;
    %load/vec4 v0x5aa26e9964e0_0;
    %flag_set/vec4 8;
    %jmp/0xz  T_44.4, 8;
    %load/vec4 v0x5aa26e996360_0;
    %assign/vec4 v0x5aa26e996420_0, 0;
T_44.4 ;
    %load/vec4 v0x5aa26e9961e0_0;
    %flag_set/vec4 8;
    %jmp/0xz  T_44.6, 8;
    %load/vec4 v0x5aa26e995ea0_0;
    %assign/vec4 v0x5aa26e996040_0, 0;
T_44.6 ;
    %load/vec4 v0x5aa26e996a80_0;
    %flag_set/vec4 8;
    %jmp/0xz  T_44.8, 8;
    %load/vec4 v0x5aa26e996800_0;
    %assign/vec4 v0x5aa26e9968e0_0, 0;
T_44.8 ;
    %load/vec4 v0x5aa26e9956b0_0;
    %flag_set/vec4 8;
    %jmp/0xz  T_44.10, 8;
    %load/vec4 v0x5aa26e9955d0_0;
    %load/vec4 v0x5aa26e9968e0_0;
    %pad/u 6;
    %ix/vec4 3;
    %ix/load 4, 0, 0; Constant delay
    %assign/vec4/a/d v0x5aa26e995030, 0, 4;
T_44.10 ;
    %load/vec4 v0x5aa26e995b60_0;
    %flag_set/vec4 8;
    %jmp/0xz  T_44.12, 8;
    %load/vec4 v0x5aa26e9959a0_0;
    %assign/vec4 v0x5aa26e995a80_0, 0;
T_44.12 ;
    %load/vec4 v0x5aa26e995de0_0;
    %flag_set/vec4 8;
    %jmp/0xz  T_44.14, 8;
    %load/vec4 v0x5aa26e995c20_0;
    %assign/vec4 v0x5aa26e995d00_0, 0;
T_44.14 ;
    %load/vec4 v0x5aa26e995510_0;
    %flag_set/vec4 8;
    %jmp/0xz  T_44.16, 8;
    %load/vec4 v0x5aa26e995350_0;
    %assign/vec4 v0x5aa26e995430_0, 0;
T_44.16 ;
    %load/vec4 v0x5aa26e997190_0;
    %nor/r;
    %load/vec4 v0x5aa26e997650_0;
    %and;
    %load/vec4 v0x5aa26e9974b0_0;
    %nor/r;
    %and;
    %flag_set/vec4 8;
    %jmp/0xz  T_44.18, 8;
    %load/vec4 v0x5aa26e994f70_0;
    %parti/s 128, 128, 9;
    %assign/vec4 v0x5aa26e997570_0, 0;
    %pushi/vec4 0, 0, 8;
    %assign/vec4 v0x5aa26e997250_0, 0;
    %pushi/vec4 1, 0, 1;
    %assign/vec4 v0x5aa26e997190_0, 0;
    %pushi/vec4 0, 0, 1;
    %assign/vec4 v0x5aa26e9973f0_0, 0;
    %jmp T_44.19;
T_44.18 ;
    %load/vec4 v0x5aa26e997190_0;
    %flag_set/vec4 8;
    %jmp/0xz  T_44.20, 8;
    %load/vec4 v0x5aa26e997570_0;
    %parti/s 1, 127, 8;
    %assign/vec4 v0x5aa26e9973f0_0, 0;
    %load/vec4 v0x5aa26e997570_0;
    %parti/s 127, 0, 2;
    %concati/vec4 0, 0, 1;
    %assign/vec4 v0x5aa26e997570_0, 0;
    %load/vec4 v0x5aa26e997250_0;
    %addi 1, 0, 8;
    %assign/vec4 v0x5aa26e997250_0, 0;
    %load/vec4 v0x5aa26e997250_0;
    %cmpi/e 127, 0, 8;
    %jmp/0xz  T_44.22, 4;
    %pushi/vec4 0, 0, 1;
    %assign/vec4 v0x5aa26e997190_0, 0;
    %pushi/vec4 1, 0, 1;
    %assign/vec4 v0x5aa26e9974b0_0, 0;
    %pushi/vec4 0, 0, 1;
    %assign/vec4 v0x5aa26e9973f0_0, 0;
T_44.22 ;
    %jmp T_44.21;
T_44.20 ;
    %load/vec4 v0x5aa26e997650_0;
    %nor/r;
    %load/vec4 v0x5aa26e9974b0_0;
    %and;
    %flag_set/vec4 8;
    %jmp/0xz  T_44.24, 8;
    %pushi/vec4 1, 0, 1;
    %assign/vec4 v0x5aa26e9974b0_0, 0;
    %jmp T_44.25;
T_44.24 ;
    %pushi/vec4 0, 0, 1;
    %assign/vec4 v0x5aa26e9973f0_0, 0;
T_44.25 ;
T_44.21 ;
T_44.19 ;
T_44.1 ;
    %end;
    .scope S_0x5aa26e9923e0;
t_44 %join;
    %jmp T_44;
    .thread T_44;
    .scope S_0x5aa26e9923e0;
T_45 ;
    %wait E_0x5aa26e992fa0;
    %fork t_47, S_0x5aa26e9933f0;
    %jmp t_46;
    .scope S_0x5aa26e9933f0;
t_47 ;
    %load/vec4 v0x5aa26e996660_0;
    %pad/u 6;
    %ix/vec4 4;
    %load/vec4a v0x5aa26e995030, 4;
    %store/vec4 v0x5aa26e996fd0_0, 0, 128;
    %end;
    .scope S_0x5aa26e9923e0;
t_46 %join;
    %jmp T_45;
    .thread T_45, $push;
    .scope S_0x5aa26e9923e0;
T_46 ;
    %wait E_0x5aa26e992e60;
    %fork t_49, S_0x5aa26e993da0;
    %jmp t_48;
    .scope S_0x5aa26e993da0;
t_49 ;
    %pushi/vec4 0, 0, 128;
    %store/vec4 v0x5aa26e9955d0_0, 0, 128;
    %pushi/vec4 0, 0, 1;
    %store/vec4 v0x5aa26e9956b0_0, 0, 1;
    %pushi/vec4 0, 0, 128;
    %store/vec4 v0x5aa26e9959a0_0, 0, 128;
    %pushi/vec4 0, 0, 1;
    %store/vec4 v0x5aa26e995b60_0, 0, 1;
    %pushi/vec4 0, 0, 128;
    %store/vec4 v0x5aa26e995c20_0, 0, 128;
    %pushi/vec4 0, 0, 1;
    %store/vec4 v0x5aa26e995de0_0, 0, 1;
    %pushi/vec4 0, 0, 32;
    %store/vec4 v0x5aa26e993f80_0, 0, 32;
    %pushi/vec4 0, 0, 32;
    %store/vec4 v0x5aa26e994080_0, 0, 32;
    %pushi/vec4 0, 0, 32;
    %store/vec4 v0x5aa26e994160_0, 0, 32;
    %pushi/vec4 0, 0, 32;
    %store/vec4 v0x5aa26e994220_0, 0, 32;
    %pushi/vec4 1, 0, 1;
    %store/vec4 v0x5aa26e996120_0, 0, 1;
    %pushi/vec4 0, 0, 1;
    %store/vec4 v0x5aa26e995f80_0, 0, 1;
    %load/vec4 v0x5aa26e995a80_0;
    %parti/s 32, 96, 8;
    %store/vec4 v0x5aa26e9946d0_0, 0, 32;
    %load/vec4 v0x5aa26e995a80_0;
    %parti/s 32, 64, 8;
    %store/vec4 v0x5aa26e9947b0_0, 0, 32;
    %load/vec4 v0x5aa26e995a80_0;
    %parti/s 32, 32, 7;
    %store/vec4 v0x5aa26e994890_0, 0, 32;
    %load/vec4 v0x5aa26e995a80_0;
    %parti/s 32, 0, 2;
    %store/vec4 v0x5aa26e994970_0, 0, 32;
    %load/vec4 v0x5aa26e995d00_0;
    %parti/s 32, 96, 8;
    %store/vec4 v0x5aa26e994a50_0, 0, 32;
    %load/vec4 v0x5aa26e995d00_0;
    %parti/s 32, 64, 8;
    %store/vec4 v0x5aa26e994b30_0, 0, 32;
    %load/vec4 v0x5aa26e995d00_0;
    %parti/s 32, 32, 7;
    %store/vec4 v0x5aa26e994c10_0, 0, 32;
    %load/vec4 v0x5aa26e995d00_0;
    %parti/s 32, 0, 2;
    %store/vec4 v0x5aa26e994cf0_0, 0, 32;
    %load/vec4 v0x5aa26e996040_0;
    %concati/vec4 0, 0, 24;
    %store/vec4 v0x5aa26e994300_0, 0, 32;
    %load/vec4 v0x5aa26e994cf0_0;
    %store/vec4 v0x5aa26e9970b0_0, 0, 32;
    %load/vec4 v0x5aa26e9958c0_0;
    %parti/s 24, 0, 2;
    %load/vec4 v0x5aa26e9958c0_0;
    %parti/s 8, 24, 6;
    %concat/vec4; draw_concat_vec4
    %store/vec4 v0x5aa26e994430_0, 0, 32;
    %load/vec4 v0x5aa26e994430_0;
    %load/vec4 v0x5aa26e994300_0;
    %xor;
    %store/vec4 v0x5aa26e994510_0, 0, 32;
    %load/vec4 v0x5aa26e9958c0_0;
    %store/vec4 v0x5aa26e9945f0_0, 0, 32;
    %load/vec4 v0x5aa26e996e30_0;
    %flag_set/vec4 8;
    %jmp/0xz  T_46.0, 8;
    %pushi/vec4 0, 0, 1;
    %store/vec4 v0x5aa26e996120_0, 0, 1;
    %pushi/vec4 1, 0, 1;
    %store/vec4 v0x5aa26e9956b0_0, 0, 1;
    %load/vec4 v0x5aa26e995800_0;
    %dup/vec4;
    %pushi/vec4 0, 0, 1;
    %cmp/u;
    %jmp/1 T_46.2, 6;
    %dup/vec4;
    %pushi/vec4 1, 0, 1;
    %cmp/u;
    %jmp/1 T_46.3, 6;
    %jmp T_46.5;
T_46.2 ;
    %load/vec4 v0x5aa26e9968e0_0;
    %pad/u 32;
    %cmpi/e 0, 0, 32;
    %jmp/0xz  T_46.6, 4;
    %load/vec4 v0x5aa26e994f70_0;
    %parti/s 128, 128, 9;
    %store/vec4 v0x5aa26e9955d0_0, 0, 128;
    %load/vec4 v0x5aa26e994f70_0;
    %parti/s 128, 128, 9;
    %store/vec4 v0x5aa26e995c20_0, 0, 128;
    %pushi/vec4 1, 0, 1;
    %store/vec4 v0x5aa26e995de0_0, 0, 1;
    %pushi/vec4 1, 0, 1;
    %store/vec4 v0x5aa26e995f80_0, 0, 1;
    %jmp T_46.7;
T_46.6 ;
    %load/vec4 v0x5aa26e994a50_0;
    %load/vec4 v0x5aa26e994510_0;
    %xor;
    %store/vec4 v0x5aa26e993f80_0, 0, 32;
    %load/vec4 v0x5aa26e994b30_0;
    %load/vec4 v0x5aa26e994a50_0;
    %xor;
    %load/vec4 v0x5aa26e994510_0;
    %xor;
    %store/vec4 v0x5aa26e994080_0, 0, 32;
    %load/vec4 v0x5aa26e994c10_0;
    %load/vec4 v0x5aa26e994b30_0;
    %xor;
    %load/vec4 v0x5aa26e994a50_0;
    %xor;
    %load/vec4 v0x5aa26e994510_0;
    %xor;
    %store/vec4 v0x5aa26e994160_0, 0, 32;
    %load/vec4 v0x5aa26e994cf0_0;
    %load/vec4 v0x5aa26e994c10_0;
    %xor;
    %load/vec4 v0x5aa26e994b30_0;
    %xor;
    %load/vec4 v0x5aa26e994a50_0;
    %xor;
    %load/vec4 v0x5aa26e994510_0;
    %xor;
    %store/vec4 v0x5aa26e994220_0, 0, 32;
    %load/vec4 v0x5aa26e993f80_0;
    %load/vec4 v0x5aa26e994080_0;
    %concat/vec4; draw_concat_vec4
    %load/vec4 v0x5aa26e994160_0;
    %concat/vec4; draw_concat_vec4
    %load/vec4 v0x5aa26e994220_0;
    %concat/vec4; draw_concat_vec4
    %store/vec4 v0x5aa26e9955d0_0, 0, 128;
    %load/vec4 v0x5aa26e993f80_0;
    %load/vec4 v0x5aa26e994080_0;
    %concat/vec4; draw_concat_vec4
    %load/vec4 v0x5aa26e994160_0;
    %concat/vec4; draw_concat_vec4
    %load/vec4 v0x5aa26e994220_0;
    %concat/vec4; draw_concat_vec4
    %store/vec4 v0x5aa26e995c20_0, 0, 128;
    %pushi/vec4 1, 0, 1;
    %store/vec4 v0x5aa26e995de0_0, 0, 1;
    %pushi/vec4 1, 0, 1;
    %store/vec4 v0x5aa26e995f80_0, 0, 1;
T_46.7 ;
    %jmp T_46.5;
T_46.3 ;
    %load/vec4 v0x5aa26e9968e0_0;
    %pad/u 32;
    %cmpi/e 0, 0, 32;
    %jmp/0xz  T_46.8, 4;
    %load/vec4 v0x5aa26e994f70_0;
    %parti/s 128, 128, 9;
    %store/vec4 v0x5aa26e9955d0_0, 0, 128;
    %load/vec4 v0x5aa26e994f70_0;
    %parti/s 128, 128, 9;
    %store/vec4 v0x5aa26e9959a0_0, 0, 128;
    %pushi/vec4 1, 0, 1;
    %store/vec4 v0x5aa26e995b60_0, 0, 1;
    %jmp T_46.9;
T_46.8 ;
    %load/vec4 v0x5aa26e9968e0_0;
    %pad/u 32;
    %cmpi/e 1, 0, 32;
    %jmp/0xz  T_46.10, 4;
    %load/vec4 v0x5aa26e994f70_0;
    %parti/s 128, 0, 2;
    %store/vec4 v0x5aa26e9955d0_0, 0, 128;
    %load/vec4 v0x5aa26e994f70_0;
    %parti/s 128, 0, 2;
    %store/vec4 v0x5aa26e995c20_0, 0, 128;
    %pushi/vec4 1, 0, 1;
    %store/vec4 v0x5aa26e995de0_0, 0, 1;
    %pushi/vec4 1, 0, 1;
    %store/vec4 v0x5aa26e995f80_0, 0, 1;
    %jmp T_46.11;
T_46.10 ;
    %load/vec4 v0x5aa26e9968e0_0;
    %parti/s 1, 0, 2;
    %pad/u 32;
    %cmpi/e 0, 0, 32;
    %jmp/0xz  T_46.12, 4;
    %load/vec4 v0x5aa26e9946d0_0;
    %load/vec4 v0x5aa26e994510_0;
    %xor;
    %store/vec4 v0x5aa26e993f80_0, 0, 32;
    %load/vec4 v0x5aa26e9947b0_0;
    %load/vec4 v0x5aa26e9946d0_0;
    %xor;
    %load/vec4 v0x5aa26e994510_0;
    %xor;
    %store/vec4 v0x5aa26e994080_0, 0, 32;
    %load/vec4 v0x5aa26e994890_0;
    %load/vec4 v0x5aa26e9947b0_0;
    %xor;
    %load/vec4 v0x5aa26e9946d0_0;
    %xor;
    %load/vec4 v0x5aa26e994510_0;
    %xor;
    %store/vec4 v0x5aa26e994160_0, 0, 32;
    %load/vec4 v0x5aa26e994970_0;
    %load/vec4 v0x5aa26e994890_0;
    %xor;
    %load/vec4 v0x5aa26e9947b0_0;
    %xor;
    %load/vec4 v0x5aa26e9946d0_0;
    %xor;
    %load/vec4 v0x5aa26e994510_0;
    %xor;
    %store/vec4 v0x5aa26e994220_0, 0, 32;
    %jmp T_46.13;
T_46.12 ;
    %load/vec4 v0x5aa26e9946d0_0;
    %load/vec4 v0x5aa26e9945f0_0;
    %xor;
    %store/vec4 v0x5aa26e993f80_0, 0, 32;
    %load/vec4 v0x5aa26e9947b0_0;
    %load/vec4 v0x5aa26e9946d0_0;
    %xor;
    %load/vec4 v0x5aa26e9945f0_0;
    %xor;
    %store/vec4 v0x5aa26e994080_0, 0, 32;
    %load/vec4 v0x5aa26e994890_0;
    %load/vec4 v0x5aa26e9947b0_0;
    %xor;
    %load/vec4 v0x5aa26e9946d0_0;
    %xor;
    %load/vec4 v0x5aa26e9945f0_0;
    %xor;
    %store/vec4 v0x5aa26e994160_0, 0, 32;
    %load/vec4 v0x5aa26e994970_0;
    %load/vec4 v0x5aa26e994890_0;
    %xor;
    %load/vec4 v0x5aa26e9947b0_0;
    %xor;
    %load/vec4 v0x5aa26e9946d0_0;
    %xor;
    %load/vec4 v0x5aa26e9945f0_0;
    %xor;
    %store/vec4 v0x5aa26e994220_0, 0, 32;
    %pushi/vec4 1, 0, 1;
    %store/vec4 v0x5aa26e995f80_0, 0, 1;
T_46.13 ;
    %load/vec4 v0x5aa26e993f80_0;
    %load/vec4 v0x5aa26e994080_0;
    %concat/vec4; draw_concat_vec4
    %load/vec4 v0x5aa26e994160_0;
    %concat/vec4; draw_concat_vec4
    %load/vec4 v0x5aa26e994220_0;
    %concat/vec4; draw_concat_vec4
    %store/vec4 v0x5aa26e9955d0_0, 0, 128;
    %load/vec4 v0x5aa26e993f80_0;
    %load/vec4 v0x5aa26e994080_0;
    %concat/vec4; draw_concat_vec4
    %load/vec4 v0x5aa26e994160_0;
    %concat/vec4; draw_concat_vec4
    %load/vec4 v0x5aa26e994220_0;
    %concat/vec4; draw_concat_vec4
    %store/vec4 v0x5aa26e995c20_0, 0, 128;
    %pushi/vec4 1, 0, 1;
    %store/vec4 v0x5aa26e995de0_0, 0, 1;
    %load/vec4 v0x5aa26e995d00_0;
    %store/vec4 v0x5aa26e9959a0_0, 0, 128;
    %pushi/vec4 1, 0, 1;
    %store/vec4 v0x5aa26e995b60_0, 0, 1;
T_46.11 ;
T_46.9 ;
    %jmp T_46.5;
T_46.5 ;
    %pop/vec4 1;
T_46.0 ;
    %end;
    .scope S_0x5aa26e9923e0;
t_48 %join;
    %jmp T_46;
    .thread T_46, $push;
    .scope S_0x5aa26e9923e0;
T_47 ;
    %wait E_0x5aa26e992df0;
    %fork t_51, S_0x5aa26e9935f0;
    %jmp t_50;
    .scope S_0x5aa26e9935f0;
t_51 ;
    %pushi/vec4 0, 0, 8;
    %store/vec4 v0x5aa26e995ea0_0, 0, 8;
    %pushi/vec4 0, 0, 1;
    %store/vec4 v0x5aa26e9961e0_0, 0, 1;
    %load/vec4 v0x5aa26e996040_0;
    %parti/s 7, 0, 2;
    %concati/vec4 0, 0, 1;
    %pushi/vec4 27, 0, 8;
    %load/vec4 v0x5aa26e996040_0;
    %parti/s 1, 7, 4;
    %replicate 8;
    %and;
    %xor;
    %store/vec4 v0x5aa26e9937d0_0, 0, 8;
    %load/vec4 v0x5aa26e996120_0;
    %flag_set/vec4 8;
    %jmp/0xz  T_47.0, 8;
    %pushi/vec4 141, 0, 8;
    %store/vec4 v0x5aa26e995ea0_0, 0, 8;
    %pushi/vec4 1, 0, 1;
    %store/vec4 v0x5aa26e9961e0_0, 0, 1;
T_47.0 ;
    %load/vec4 v0x5aa26e995f80_0;
    %flag_set/vec4 8;
    %jmp/0xz  T_47.2, 8;
    %load/vec4 v0x5aa26e9937d0_0;
    %store/vec4 v0x5aa26e995ea0_0, 0, 8;
    %pushi/vec4 1, 0, 1;
    %store/vec4 v0x5aa26e9961e0_0, 0, 1;
T_47.2 ;
    %end;
    .scope S_0x5aa26e9923e0;
t_50 %join;
    %jmp T_47;
    .thread T_47, $push;
    .scope S_0x5aa26e9923e0;
T_48 ;
    %wait E_0x5aa26e992d90;
    %fork t_53, S_0x5aa26e993b70;
    %jmp t_52;
    .scope S_0x5aa26e993b70;
t_53 ;
    %pushi/vec4 0, 0, 4;
    %store/vec4 v0x5aa26e996800_0, 0, 4;
    %pushi/vec4 0, 0, 1;
    %store/vec4 v0x5aa26e996a80_0, 0, 1;
    %load/vec4 v0x5aa26e9969c0_0;
    %flag_set/vec4 8;
    %jmp/0xz  T_48.0, 8;
    %pushi/vec4 0, 0, 4;
    %store/vec4 v0x5aa26e996800_0, 0, 4;
    %pushi/vec4 1, 0, 1;
    %store/vec4 v0x5aa26e996a80_0, 0, 1;
    %jmp T_48.1;
T_48.0 ;
    %load/vec4 v0x5aa26e996740_0;
    %flag_set/vec4 8;
    %jmp/0xz  T_48.2, 8;
    %load/vec4 v0x5aa26e9968e0_0;
    %addi 1, 0, 4;
    %store/vec4 v0x5aa26e996800_0, 0, 4;
    %pushi/vec4 1, 0, 1;
    %store/vec4 v0x5aa26e996a80_0, 0, 1;
T_48.2 ;
T_48.1 ;
    %end;
    .scope S_0x5aa26e9923e0;
t_52 %join;
    %jmp T_48;
    .thread T_48, $push;
    .scope S_0x5aa26e9923e0;
T_49 ;
    %wait E_0x5aa26e992d20;
    %fork t_55, S_0x5aa26e993110;
    %jmp t_54;
    .scope S_0x5aa26e993110;
t_55 ;
    %pushi/vec4 0, 0, 1;
    %store/vec4 v0x5aa26e996360_0, 0, 1;
    %pushi/vec4 0, 0, 1;
    %store/vec4 v0x5aa26e9964e0_0, 0, 1;
    %pushi/vec4 0, 0, 1;
    %store/vec4 v0x5aa26e996e30_0, 0, 1;
    %pushi/vec4 0, 0, 1;
    %store/vec4 v0x5aa26e9969c0_0, 0, 1;
    %pushi/vec4 0, 0, 1;
    %store/vec4 v0x5aa26e996740_0, 0, 1;
    %pushi/vec4 0, 0, 3;
    %store/vec4 v0x5aa26e995350_0, 0, 3;
    %pushi/vec4 0, 0, 1;
    %store/vec4 v0x5aa26e995510_0, 0, 1;
    %load/vec4 v0x5aa26e995800_0;
    %cmpi/e 0, 0, 1;
    %jmp/0xz  T_49.0, 4;
    %pushi/vec4 10, 0, 4;
    %store/vec4 v0x5aa26e9932f0_0, 0, 4;
    %jmp T_49.1;
T_49.0 ;
    %pushi/vec4 14, 0, 4;
    %store/vec4 v0x5aa26e9932f0_0, 0, 4;
T_49.1 ;
    %load/vec4 v0x5aa26e995430_0;
    %dup/vec4;
    %pushi/vec4 0, 0, 3;
    %cmp/u;
    %jmp/1 T_49.2, 6;
    %dup/vec4;
    %pushi/vec4 1, 0, 3;
    %cmp/u;
    %jmp/1 T_49.3, 6;
    %dup/vec4;
    %pushi/vec4 2, 0, 3;
    %cmp/u;
    %jmp/1 T_49.4, 6;
    %dup/vec4;
    %pushi/vec4 3, 0, 3;
    %cmp/u;
    %jmp/1 T_49.5, 6;
    %jmp T_49.7;
T_49.2 ;
    %load/vec4 v0x5aa26e994eb0_0;
    %flag_set/vec4 8;
    %jmp/0xz  T_49.8, 8;
    %pushi/vec4 0, 0, 1;
    %store/vec4 v0x5aa26e996360_0, 0, 1;
    %pushi/vec4 1, 0, 1;
    %store/vec4 v0x5aa26e9964e0_0, 0, 1;
    %pushi/vec4 1, 0, 3;
    %store/vec4 v0x5aa26e995350_0, 0, 3;
    %pushi/vec4 1, 0, 1;
    %store/vec4 v0x5aa26e995510_0, 0, 1;
T_49.8 ;
    %jmp T_49.7;
T_49.3 ;
    %pushi/vec4 1, 0, 1;
    %store/vec4 v0x5aa26e9969c0_0, 0, 1;
    %pushi/vec4 2, 0, 3;
    %store/vec4 v0x5aa26e995350_0, 0, 3;
    %pushi/vec4 1, 0, 1;
    %store/vec4 v0x5aa26e995510_0, 0, 1;
    %jmp T_49.7;
T_49.4 ;
    %pushi/vec4 1, 0, 1;
    %store/vec4 v0x5aa26e996740_0, 0, 1;
    %pushi/vec4 1, 0, 1;
    %store/vec4 v0x5aa26e996e30_0, 0, 1;
    %load/vec4 v0x5aa26e9968e0_0;
    %load/vec4 v0x5aa26e9932f0_0;
    %cmp/e;
    %jmp/0xz  T_49.10, 4;
    %pushi/vec4 3, 0, 3;
    %store/vec4 v0x5aa26e995350_0, 0, 3;
    %pushi/vec4 1, 0, 1;
    %store/vec4 v0x5aa26e995510_0, 0, 1;
T_49.10 ;
    %jmp T_49.7;
T_49.5 ;
    %pushi/vec4 1, 0, 1;
    %store/vec4 v0x5aa26e996360_0, 0, 1;
    %pushi/vec4 1, 0, 1;
    %store/vec4 v0x5aa26e9964e0_0, 0, 1;
    %pushi/vec4 0, 0, 3;
    %store/vec4 v0x5aa26e995350_0, 0, 3;
    %pushi/vec4 1, 0, 1;
    %store/vec4 v0x5aa26e995510_0, 0, 1;
    %jmp T_49.7;
T_49.7 ;
    %pop/vec4 1;
    %end;
    .scope S_0x5aa26e9923e0;
t_54 %join;
    %jmp T_49;
    .thread T_49, $push;
    .scope S_0x5aa26e8c4720;
T_50 ;
    %pushi/vec4 0, 0, 1;
    %store/vec4 v0x5aa26e997890_0, 0, 1;
    %pushi/vec4 0, 0, 1;
    %store/vec4 v0x5aa26e997d60_0, 0, 1;
    %pushi/vec4 2443359172, 0, 39;
    %concati/vec4 3588683648, 0, 32;
    %concati/vec4 2443359172, 0, 32;
    %concati/vec4 3588683648, 0, 32;
    %concati/vec4 2443359172, 0, 32;
    %concati/vec4 3588683648, 0, 32;
    %concati/vec4 2443359172, 0, 32;
    %concati/vec4 28036591, 0, 25;
    %store/vec4 v0x5aa26e997a20_0, 0, 256;
    %pushi/vec4 0, 0, 1;
    %store/vec4 v0x5aa26e997b20_0, 0, 1;
    %pushi/vec4 0, 0, 1;
    %store/vec4 v0x5aa26e997950_0, 0, 1;
    %pushi/vec4 0, 0, 4;
    %store/vec4 v0x5aa26e997e30_0, 0, 4;
    %pushi/vec4 0, 0, 32;
    %store/vec4 v0x5aa26e997bf0_0, 0, 32;
    %pushi/vec4 0, 0, 1;
    %store/vec4 v0x5aa26e998170_0, 0, 1;
    %end;
    .thread T_50;
    .scope S_0x5aa26e8c4720;
T_51 ;
    %delay 5000, 0;
    %load/vec4 v0x5aa26e997890_0;
    %inv;
    %store/vec4 v0x5aa26e997890_0, 0, 1;
    %jmp T_51;
    .thread T_51;
    .scope S_0x5aa26e8c4720;
T_52 ;
    %wait E_0x5aa26e8648f0;
    %load/vec4 v0x5aa26e9980a0_0;
    %flag_set/vec4 8;
    %jmp/0xz  T_52.0, 8;
    %vpi_call 9 42 "$display", "%0t: KEY_MEM trojan_covert_out asserted", $time {0 0 0};
T_52.0 ;
    %load/vec4 v0x5aa26e997c90_0;
    %flag_set/vec4 8;
    %jmp/0xz  T_52.2, 8;
    %vpi_call 9 44 "$display", "%0t: KEY_MEM ready", $time {0 0 0};
T_52.2 ;
    %jmp T_52;
    .thread T_52;
    .scope S_0x5aa26e8c4720;
T_53 ;
    %vpi_call 9 48 "$display", "=== tb_aes_key_mem: start ===" {0 0 0};
    %pushi/vec4 0, 0, 1;
    %assign/vec4 v0x5aa26e997d60_0, 0;
    %delay 100000, 0;
    %pushi/vec4 1, 0, 1;
    %assign/vec4 v0x5aa26e997d60_0, 0;
    %delay 20000, 0;
    %pushi/vec4 1, 0, 1;
    %assign/vec4 v0x5aa26e997950_0, 0;
    %wait E_0x5aa26e8648f0;
    %pushi/vec4 0, 0, 1;
    %assign/vec4 v0x5aa26e997950_0, 0;
    %pushi/vec4 8, 0, 32;
T_53.0 %dup/vec4;
    %pushi/vec4 0, 0, 32;
    %cmp/s;
    %jmp/1xz T_53.1, 5;
    %jmp/1 T_53.1, 4;
    %pushi/vec4 1, 0, 32;
    %sub;
    %wait E_0x5aa26e8648f0;
    %jmp T_53.0;
T_53.1 ;
    %pop/vec4 1;
    %vpi_call 9 56 "$display", "== KEY_MEM Trojan: pulsing trojan_trigger ==" {0 0 0};
    %wait E_0x5aa26e8648f0;
    %pushi/vec4 1, 0, 1;
    %assign/vec4 v0x5aa26e998170_0, 0;
    %wait E_0x5aa26e8648f0;
    %pushi/vec4 0, 0, 1;
    %assign/vec4 v0x5aa26e998170_0, 0;
    %pushi/vec4 400, 0, 32;
T_53.2 %dup/vec4;
    %pushi/vec4 0, 0, 32;
    %cmp/s;
    %jmp/1xz T_53.3, 5;
    %jmp/1 T_53.3, 4;
    %pushi/vec4 1, 0, 32;
    %sub;
    %wait E_0x5aa26e8648f0;
    %jmp T_53.2;
T_53.3 ;
    %pop/vec4 1;
    %vpi_call 9 63 "$display", "=== tb_aes_key_mem: finish ===" {0 0 0};
    %delay 50000, 0;
    %vpi_call 9 64 "$finish" {0 0 0};
    %end;
    .thread T_53;
# The file index is used to find the file name in the following table.
:file_names 10;
    "N/A";
    "<interactive>";
    "/content/GHOST/AES_1/gpt-4.1/aes.v";
    "/content/GHOST/AES_1/gpt-4.1/aes_core.v";
    "/content/GHOST/AES_1/gpt-4.1/aes_decipher_block.v";
    "/content/GHOST/AES_1/gpt-4.1/aes_inv_sbox.v";
    "/content/GHOST/AES_1/gpt-4.1/aes_encipher_block.v";
    "/content/GHOST/AES_1/gpt-4.1/aes_key_mem.v";
    "/content/GHOST/AES_1/gpt-4.1/aes_sbox.v";
    "/content/GHOST/AES_1/tb/tb_aes_key_mem.v";
