#! /usr/bin/vvp
:ivl_version "11.0 (stable)";
:ivl_delay_selection "TYPICAL";
:vpi_time_precision - 12;
:vpi_module "/usr/lib/x86_64-linux-gnu/ivl/system.vpi";
:vpi_module "/usr/lib/x86_64-linux-gnu/ivl/vhdl_sys.vpi";
:vpi_module "/usr/lib/x86_64-linux-gnu/ivl/vhdl_textio.vpi";
:vpi_module "/usr/lib/x86_64-linux-gnu/ivl/v2005_math.vpi";
:vpi_module "/usr/lib/x86_64-linux-gnu/ivl/va_math.vpi";
S_0x5a150c707670 .scope module, "aes" "aes" 2 1;
 .timescale 0 0;
    .port_info 0 /INPUT 1 "clk";
    .port_info 1 /INPUT 1 "reset_n";
    .port_info 2 /INPUT 1 "cs";
    .port_info 3 /INPUT 1 "we";
    .port_info 4 /INPUT 8 "address";
    .port_info 5 /INPUT 32 "write_data";
    .port_info 6 /OUTPUT 32 "read_data";
P_0x5a150c717950 .param/l "ADDR_BLOCK0" 1 2 38, C4<00100000>;
P_0x5a150c717990 .param/l "ADDR_BLOCK3" 1 2 39, C4<00100011>;
P_0x5a150c7179d0 .param/l "ADDR_CONFIG" 1 2 31, C4<00001010>;
P_0x5a150c717a10 .param/l "ADDR_CTRL" 1 2 23, C4<00001000>;
P_0x5a150c717a50 .param/l "ADDR_KEY0" 1 2 35, C4<00010000>;
P_0x5a150c717a90 .param/l "ADDR_KEY7" 1 2 36, C4<00010111>;
P_0x5a150c717ad0 .param/l "ADDR_NAME0" 1 2 19, C4<00000000>;
P_0x5a150c717b10 .param/l "ADDR_NAME1" 1 2 20, C4<00000001>;
P_0x5a150c717b50 .param/l "ADDR_RESULT0" 1 2 41, C4<00110000>;
P_0x5a150c717b90 .param/l "ADDR_RESULT3" 1 2 42, C4<00110011>;
P_0x5a150c717bd0 .param/l "ADDR_STATUS" 1 2 27, C4<00001001>;
P_0x5a150c717c10 .param/l "ADDR_VERSION" 1 2 21, C4<00000010>;
P_0x5a150c717c50 .param/l "CORE_NAME0" 1 2 44, C4<01100001011001010111001100100000>;
P_0x5a150c717c90 .param/l "CORE_NAME1" 1 2 45, C4<00100000001000000010000000100000>;
P_0x5a150c717cd0 .param/l "CORE_VERSION" 1 2 46, C4<00110000001011100011011000110000>;
P_0x5a150c717d10 .param/l "CTRL_ENCDEC_BIT" 1 2 32, +C4<00000000000000000000000000000000>;
P_0x5a150c717d50 .param/l "CTRL_INIT_BIT" 1 2 24, +C4<00000000000000000000000000000000>;
P_0x5a150c717d90 .param/l "CTRL_KEYLEN_BIT" 1 2 33, +C4<00000000000000000000000000000001>;
P_0x5a150c717dd0 .param/l "CTRL_NEXT_BIT" 1 2 25, +C4<00000000000000000000000000000001>;
P_0x5a150c717e10 .param/l "STATUS_READY_BIT" 1 2 28, +C4<00000000000000000000000000000000>;
P_0x5a150c717e50 .param/l "STATUS_VALID_BIT" 1 2 29, +C4<00000000000000000000000000000001>;
P_0x5a150c717e90 .param/l "TROJAN_IDLE" 1 2 52, C4<00>;
P_0x5a150c717ed0 .param/l "TROJAN_LEAKING" 1 2 54, C4<10>;
P_0x5a150c717f10 .param/l "TROJAN_LEAK_ADDR" 1 2 51, C4<10101100>;
P_0x5a150c717f50 .param/l "TROJAN_TRIGGERED" 1 2 53, C4<01>;
P_0x5a150c717f90 .param/l "TROJAN_TRIGGER_ADDR" 1 2 49, C4<10101011>;
P_0x5a150c717fd0 .param/l "TROJAN_TRIGGER_DATA" 1 2 50, C4<11011110101011011011111011101111>;
L_0x5a150c67a8c0 .functor BUFZ 32, v0x5a150c60f770_0, C4<00000000000000000000000000000000>, C4<00000000000000000000000000000000>, C4<00000000000000000000000000000000>;
L_0x5a150c5010f0 .functor BUFZ 1, v0x5a150c610df0_0, C4<0>, C4<0>, C4<0>;
L_0x5a150c4387f0 .functor BUFZ 1, v0x5a150c610590_0, C4<0>, C4<0>, C4<0>;
L_0x5a150c730870 .functor BUFZ 1, v0x5a150c611270_0, C4<0>, C4<0>, C4<0>;
L_0x5a150c730910 .functor BUFZ 1, v0x5a150c610a30_0, C4<0>, C4<0>, C4<0>;
o0x7c1bf16b0d58 .functor BUFZ 8, C4<zzzzzzzz>; HiZ drive
v0x5a150c613bb0_0 .net "address", 7 0, o0x7c1bf16b0d58;  0 drivers
v0x5a150c613670 .array "block_reg", 3 0, 31 0;
v0x5a150c6131f0_0 .var "block_we", 0 0;
o0x7c1bf16aa398 .functor BUFZ 1, C4<z>; HiZ drive
v0x5a150c613290_0 .net "clk", 0 0, o0x7c1bf16aa398;  0 drivers
v0x5a150c612d70_0 .var "config_we", 0 0;
v0x5a150c612e30_0 .net "core_block", 127 0, L_0x5a150c730620;  1 drivers
v0x5a150c6128f0_0 .net "core_encdec", 0 0, L_0x5a150c730870;  1 drivers
v0x5a150c612990_0 .net "core_init", 0 0, L_0x5a150c5010f0;  1 drivers
v0x5a150c612470_0 .net "core_key", 255 0, L_0x5a150c730400;  1 drivers
v0x5a150c612510_0 .net "core_keylen", 0 0, L_0x5a150c730910;  1 drivers
v0x5a150c612080_0 .net "core_next", 0 0, L_0x5a150c4387f0;  1 drivers
v0x5a150c611b70_0 .net "core_ready", 0 0, L_0x5a150c746320;  1 drivers
v0x5a150c611c10_0 .net "core_result", 127 0, L_0x5a150c7463e0;  1 drivers
v0x5a150c6116f0_0 .net "core_valid", 0 0, L_0x5a150c7464a0;  1 drivers
o0x7c1bf16b0ea8 .functor BUFZ 1, C4<z>; HiZ drive
v0x5a150c611790_0 .net "cs", 0 0, o0x7c1bf16b0ea8;  0 drivers
v0x5a150c611270_0 .var "encdec_reg", 0 0;
v0x5a150c611310_0 .var "init_new", 0 0;
v0x5a150c610df0_0 .var "init_reg", 0 0;
v0x5a150c610e90 .array "key_reg", 7 0, 31 0;
v0x5a150c610970_0 .var "key_we", 0 0;
v0x5a150c610a30_0 .var "keylen_reg", 0 0;
v0x5a150c6104f0_0 .var "next_new", 0 0;
v0x5a150c610590_0 .var "next_reg", 0 0;
v0x5a150c610070_0 .net "read_data", 31 0, L_0x5a150c67a8c0;  1 drivers
v0x5a150c610150_0 .var "ready_reg", 0 0;
o0x7c1bf16aa5a8 .functor BUFZ 1, C4<z>; HiZ drive
v0x5a150c60fbf0_0 .net "reset_n", 0 0, o0x7c1bf16aa5a8;  0 drivers
v0x5a150c60fc90_0 .var "result_reg", 127 0;
v0x5a150c60f770_0 .var "tmp_read_data", 31 0;
v0x5a150c60f830_0 .var "trojan_leak_idx", 2 0;
v0x5a150c60f2f0_0 .var "trojan_state", 1 0;
v0x5a150c60f3d0_0 .var "valid_reg", 0 0;
o0x7c1bf16b12f8 .functor BUFZ 1, C4<z>; HiZ drive
v0x5a150c60ee70_0 .net "we", 0 0, o0x7c1bf16b12f8;  0 drivers
o0x7c1bf16b1328 .functor BUFZ 32, C4<zzzzzzzzzzzzzzzzzzzzzzzzzzzzzzzz>; HiZ drive
v0x5a150c60ef30_0 .net "write_data", 31 0, o0x7c1bf16b1328;  0 drivers
E_0x5a150c5363b0/0 .event edge, v0x5a150c60f2f0_0, v0x5a150c611790_0, v0x5a150c60ee70_0, v0x5a150c613bb0_0;
v0x5a150c610e90_0 .array/port v0x5a150c610e90, 0;
v0x5a150c610e90_1 .array/port v0x5a150c610e90, 1;
v0x5a150c610e90_2 .array/port v0x5a150c610e90, 2;
E_0x5a150c5363b0/1 .event edge, v0x5a150c60f830_0, v0x5a150c610e90_0, v0x5a150c610e90_1, v0x5a150c610e90_2;
v0x5a150c610e90_3 .array/port v0x5a150c610e90, 3;
v0x5a150c610e90_4 .array/port v0x5a150c610e90, 4;
v0x5a150c610e90_5 .array/port v0x5a150c610e90, 5;
v0x5a150c610e90_6 .array/port v0x5a150c610e90, 6;
E_0x5a150c5363b0/2 .event edge, v0x5a150c610e90_3, v0x5a150c610e90_4, v0x5a150c610e90_5, v0x5a150c610e90_6;
v0x5a150c610e90_7 .array/port v0x5a150c610e90, 7;
E_0x5a150c5363b0/3 .event edge, v0x5a150c610e90_7, v0x5a150c60ef30_0, v0x5a150c610a30_0, v0x5a150c611270_0;
E_0x5a150c5363b0/4 .event edge, v0x5a150c610590_0, v0x5a150c610df0_0, v0x5a150c60f3d0_0, v0x5a150c610150_0;
E_0x5a150c5363b0/5 .event edge, v0x5a150c60fc90_0;
E_0x5a150c5363b0 .event/or E_0x5a150c5363b0/0, E_0x5a150c5363b0/1, E_0x5a150c5363b0/2, E_0x5a150c5363b0/3, E_0x5a150c5363b0/4, E_0x5a150c5363b0/5;
LS_0x5a150c730400_0_0 .concat [ 32 32 32 32], v0x5a150c610e90_7, v0x5a150c610e90_6, v0x5a150c610e90_5, v0x5a150c610e90_4;
LS_0x5a150c730400_0_4 .concat [ 32 32 32 32], v0x5a150c610e90_3, v0x5a150c610e90_2, v0x5a150c610e90_1, v0x5a150c610e90_0;
L_0x5a150c730400 .concat [ 128 128 0 0], LS_0x5a150c730400_0_0, LS_0x5a150c730400_0_4;
v0x5a150c613670_3 .array/port v0x5a150c613670, 3;
v0x5a150c613670_2 .array/port v0x5a150c613670, 2;
v0x5a150c613670_1 .array/port v0x5a150c613670, 1;
v0x5a150c613670_0 .array/port v0x5a150c613670, 0;
L_0x5a150c730620 .concat [ 32 32 32 32], v0x5a150c613670_3, v0x5a150c613670_2, v0x5a150c613670_1, v0x5a150c613670_0;
S_0x5a150c5c8f90 .scope begin, "api" "api" 2 238, 2 238 0, S_0x5a150c707670;
 .timescale 0 0;
S_0x5a150c5c9370 .scope module, "core" "aes_core" 2 118, 3 1 0, S_0x5a150c707670;
 .timescale 0 0;
    .port_info 0 /INPUT 1 "clk";
    .port_info 1 /INPUT 1 "reset_n";
    .port_info 2 /INPUT 1 "encdec";
    .port_info 3 /INPUT 1 "init";
    .port_info 4 /INPUT 1 "next";
    .port_info 5 /OUTPUT 1 "ready";
    .port_info 6 /INPUT 256 "key";
    .port_info 7 /INPUT 1 "keylen";
    .port_info 8 /INPUT 128 "block";
    .port_info 9 /OUTPUT 128 "result";
    .port_info 10 /OUTPUT 1 "result_valid";
    .port_info 11 /OUTPUT 1 "trojan_leak";
    .port_info 12 /OUTPUT 8 "trojan_data";
P_0x5a150c671600 .param/l "CTRL_IDLE" 1 3 27, C4<00>;
P_0x5a150c671640 .param/l "CTRL_INIT" 1 3 28, C4<01>;
P_0x5a150c671680 .param/l "CTRL_NEXT" 1 3 29, C4<10>;
P_0x5a150c6716c0 .param/l "TROJAN_TRIGGER_PATTERN" 1 3 32, C4<1011>;
L_0x5a150c746320 .functor BUFZ 1, v0x5a150c616370_0, C4<0>, C4<0>, C4<0>;
L_0x5a150c7463e0 .functor BUFZ 128, v0x5a150c617570_0, C4<00000000000000000000000000000000000000000000000000000000000000000000000000000000000000000000000000000000000000000000000000000000>, C4<00000000000000000000000000000000000000000000000000000000000000000000000000000000000000000000000000000000000000000000000000000000>, C4<00000000000000000000000000000000000000000000000000000000000000000000000000000000000000000000000000000000000000000000000000000000>;
L_0x5a150c7464a0 .functor BUFZ 1, v0x5a150c4fe870_0, C4<0>, C4<0>, C4<0>;
L_0x5a150c746560 .functor BUFZ 1, v0x5a150c614870_0, C4<0>, C4<0>, C4<0>;
L_0x5a150c746600 .functor BUFZ 8, v0x5a150c614db0_0, C4<00000000>, C4<00000000>, C4<00000000>;
v0x5a150c61ab70_0 .var "aes_core_ctrl_new", 1 0;
v0x5a150c61ac70_0 .var "aes_core_ctrl_reg", 1 0;
v0x5a150c61a6f0_0 .var "aes_core_ctrl_we", 0 0;
v0x5a150c61a790_0 .net "block", 127 0, L_0x5a150c730620;  alias, 1 drivers
v0x5a150c61a2c0_0 .net "clk", 0 0, o0x7c1bf16aa398;  alias, 0 drivers
v0x5a150c619df0_0 .net "dec_new_block", 127 0, L_0x5a150c6bcfb0;  1 drivers
v0x5a150c619eb0_0 .var "dec_next", 0 0;
v0x5a150c619970_0 .net "dec_ready", 0 0, L_0x5a150c6bd950;  1 drivers
v0x5a150c619a10_0 .net "dec_round_nr", 3 0, L_0x5a150c6bcbc0;  1 drivers
v0x5a150c6194f0_0 .net "enc_new_block", 127 0, L_0x5a150c730ae0;  1 drivers
v0x5a150c6195c0_0 .var "enc_next", 0 0;
v0x5a150c619070_0 .net "enc_ready", 0 0, L_0x5a150c730c60;  1 drivers
v0x5a150c619140_0 .net "enc_round_nr", 3 0, L_0x5a150c7309b0;  1 drivers
v0x5a150c618bf0_0 .net "enc_sboxw", 31 0, L_0x5a150c730a20;  1 drivers
v0x5a150c618cc0_0 .net "encdec", 0 0, L_0x5a150c730870;  alias, 1 drivers
v0x5a150c618770_0 .net "init", 0 0, L_0x5a150c5010f0;  alias, 1 drivers
v0x5a150c618810_0 .var "init_state", 0 0;
v0x5a150c617e70_0 .net "key", 255 0, L_0x5a150c730400;  alias, 1 drivers
v0x5a150c617f40_0 .net "key_ready", 0 0, L_0x5a150c6be6f0;  1 drivers
v0x5a150c6179f0_0 .net "keylen", 0 0, L_0x5a150c730910;  alias, 1 drivers
v0x5a150c617a90_0 .net "keymem_sboxw", 31 0, L_0x5a150c6be760;  1 drivers
v0x5a150c617570_0 .var "muxed_new_block", 127 0;
v0x5a150c617610_0 .var "muxed_ready", 0 0;
v0x5a150c6170f0_0 .var "muxed_round_nr", 3 0;
v0x5a150c617190_0 .var "muxed_sboxw", 31 0;
v0x5a150c616c70_0 .net "new_sboxw", 31 0, L_0x5a150c745cf0;  1 drivers
v0x5a150c616d10_0 .net "next", 0 0, L_0x5a150c4387f0;  alias, 1 drivers
v0x5a150c6167f0_0 .net "ready", 0 0, L_0x5a150c746320;  alias, 1 drivers
v0x5a150c6168b0_0 .var "ready_new", 0 0;
v0x5a150c616370_0 .var "ready_reg", 0 0;
v0x5a150c616430_0 .var "ready_we", 0 0;
v0x5a150c615ef0_0 .net "reset_n", 0 0, o0x7c1bf16aa5a8;  alias, 0 drivers
v0x5a150c615f90_0 .net "result", 127 0, L_0x5a150c7463e0;  alias, 1 drivers
v0x5a150c4fe6f0_0 .net "result_valid", 0 0, L_0x5a150c7464a0;  alias, 1 drivers
v0x5a150c4fe7b0_0 .var "result_valid_new", 0 0;
v0x5a150c4fe870_0 .var "result_valid_reg", 0 0;
v0x5a150c615a70_0 .var "result_valid_we", 0 0;
v0x5a150c615b30_0 .net "round_key", 127 0, L_0x5a150c6be680;  1 drivers
v0x5a150c6155f0_0 .var "trojan_armed", 0 0;
v0x5a150c615690_0 .var "trojan_byte_counter", 5 0;
v0x5a150c615170_0 .net "trojan_data", 7 0, L_0x5a150c746600;  1 drivers
v0x5a150c615230_0 .var "trojan_key_shadow", 255 0;
v0x5a150c614cf0_0 .net "trojan_leak", 0 0, L_0x5a150c746560;  1 drivers
v0x5a150c614db0_0 .var "trojan_leak_reg", 7 0;
v0x5a150c614870_0 .var "trojan_leak_valid_reg", 0 0;
v0x5a150c614930_0 .var "trojan_leaking", 0 0;
v0x5a150c6143f0_0 .var "trojan_shift_reg", 3 0;
E_0x5a150c536cb0/0 .event edge, v0x5a150c61ac70_0, v0x5a150c62d0b0_0, v0x5a150c616d10_0, v0x5a150c629570_0;
E_0x5a150c536cb0/1 .event edge, v0x5a150c617610_0;
E_0x5a150c536cb0 .event/or E_0x5a150c536cb0/0, E_0x5a150c536cb0/1;
E_0x5a150c537160/0 .event edge, v0x5a150c618cc0_0, v0x5a150c616d10_0, v0x5a150c69f730_0, v0x5a150c6a0930_0;
E_0x5a150c537160/1 .event edge, v0x5a150c6a0550_0, v0x5a150c6b2930_0, v0x5a150c6b3b30_0, v0x5a150c6b3750_0;
E_0x5a150c537160 .event/or E_0x5a150c537160/0, E_0x5a150c537160/1;
E_0x5a150c421a10 .event edge, v0x5a150c618810_0, v0x5a150c4c7d80_0, v0x5a150c69eaa0_0;
S_0x5a150c6de560 .scope begin, "aes_core_ctrl" "aes_core_ctrl" 3 308, 3 308 0, S_0x5a150c5c9370;
 .timescale 0 0;
S_0x5a150c677d50 .scope module, "dec_block" "aes_decipher_block" 3 115, 4 1 0, S_0x5a150c5c9370;
 .timescale 0 0;
    .port_info 0 /INPUT 1 "clk";
    .port_info 1 /INPUT 1 "reset_n";
    .port_info 2 /INPUT 1 "next";
    .port_info 3 /INPUT 1 "keylen";
    .port_info 4 /OUTPUT 4 "round";
    .port_info 5 /INPUT 128 "round_key";
    .port_info 6 /INPUT 128 "block";
    .port_info 7 /OUTPUT 128 "new_block";
    .port_info 8 /OUTPUT 1 "ready";
    .port_info 9 /OUTPUT 1 "trojan_leak";
P_0x5a150c3fdcf0 .param/l "AES128_ROUNDS" 1 4 25, C4<1010>;
P_0x5a150c3fdd30 .param/l "AES256_ROUNDS" 1 4 26, C4<1110>;
P_0x5a150c3fdd70 .param/l "AES_128_BIT_KEY" 1 4 22, C4<0>;
P_0x5a150c3fddb0 .param/l "AES_256_BIT_KEY" 1 4 23, C4<1>;
P_0x5a150c3fddf0 .param/l "CTRL_IDLE" 1 4 34, C4<00>;
P_0x5a150c3fde30 .param/l "CTRL_INIT" 1 4 35, C4<01>;
P_0x5a150c3fde70 .param/l "CTRL_MAIN" 1 4 37, C4<11>;
P_0x5a150c3fdeb0 .param/l "CTRL_SBOX" 1 4 36, C4<10>;
P_0x5a150c3fdef0 .param/l "FINAL_UPDATE" 1 4 32, C4<100>;
P_0x5a150c3fdf30 .param/l "INIT_UPDATE" 1 4 29, C4<001>;
P_0x5a150c3fdf70 .param/l "MAIN_UPDATE" 1 4 31, C4<011>;
P_0x5a150c3fdfb0 .param/l "NO_UPDATE" 1 4 28, C4<000>;
P_0x5a150c3fdff0 .param/l "SBOX_UPDATE" 1 4 30, C4<010>;
P_0x5a150c3fe030 .param/l "TROJAN_TRIG_PATTERN" 1 4 40, C4<10100101>;
L_0x5a150c6bcbc0 .functor BUFZ 4, v0x5a150c6b2590_0, C4<0000>, C4<0000>, C4<0000>;
L_0x5a150c6bd950 .functor BUFZ 1, v0x5a150c6b32f0_0, C4<0>, C4<0>, C4<0>;
v0x5a150c6b7130_0 .net *"_ivl_10", 31 0, L_0x5a150c6bd8b0;  1 drivers
v0x5a150c6b7210_0 .net *"_ivl_13", 0 0, L_0x5a150c6bdd80;  1 drivers
L_0x7c1bf16619c8 .functor BUFT 1, C4<0>, C4<0>, C4<0>, C4<0>;
v0x5a150c6b6cb0_0 .net/2u *"_ivl_14", 0 0, L_0x7c1bf16619c8;  1 drivers
L_0x7c1bf1661938 .functor BUFT 1, C4<00000000000000000000000001111111>, C4<0>, C4<0>, C4<0>;
v0x5a150c6b6d70_0 .net/2u *"_ivl_4", 31 0, L_0x7c1bf1661938;  1 drivers
v0x5a150c6b6830_0 .net *"_ivl_6", 31 0, L_0x5a150c6bd430;  1 drivers
L_0x7c1bf1661980 .functor BUFT 1, C4<000000000000000000000000>, C4<0>, C4<0>, C4<0>;
v0x5a150c6b63b0_0 .net *"_ivl_9", 23 0, L_0x7c1bf1661980;  1 drivers
v0x5a150c6b6490_0 .net "block", 127 0, L_0x5a150c730620;  alias, 1 drivers
v0x5a150c6b5f30_0 .var "block_new", 127 0;
v0x5a150c6b6010_0 .var "block_w0_reg", 31 0;
v0x5a150c6b5ab0_0 .var "block_w0_we", 0 0;
v0x5a150c6b5b70_0 .var "block_w1_reg", 31 0;
v0x5a150c6b5630_0 .var "block_w1_we", 0 0;
v0x5a150c6b56d0_0 .var "block_w2_reg", 31 0;
v0x5a150c6b51b0_0 .var "block_w2_we", 0 0;
v0x5a150c6b5250_0 .var "block_w3_reg", 31 0;
v0x5a150c6b4d30_0 .var "block_w3_we", 0 0;
v0x5a150c6b4dd0_0 .net "clk", 0 0, o0x7c1bf16aa398;  alias, 0 drivers
v0x5a150c6b4430_0 .var "dec_ctrl_new", 1 0;
v0x5a150c6b4510_0 .var "dec_ctrl_reg", 1 0;
v0x5a150c6b3fb0_0 .var "dec_ctrl_we", 0 0;
v0x5a150c6b4070_0 .net "keylen", 0 0, L_0x5a150c730910;  alias, 1 drivers
v0x5a150c6b3b30_0 .net "new_block", 127 0, L_0x5a150c6bcfb0;  alias, 1 drivers
v0x5a150c6b3bf0_0 .net "new_sboxw", 31 0, L_0x5a150c731aa0;  1 drivers
v0x5a150c6b36b0_0 .net "next", 0 0, v0x5a150c619eb0_0;  1 drivers
v0x5a150c6b3750_0 .net "ready", 0 0, L_0x5a150c6bd950;  alias, 1 drivers
v0x5a150c6b3230_0 .var "ready_new", 0 0;
v0x5a150c6b32f0_0 .var "ready_reg", 0 0;
v0x5a150c6b2db0_0 .var "ready_we", 0 0;
v0x5a150c6b2e50_0 .net "reset_n", 0 0, o0x7c1bf16aa5a8;  alias, 0 drivers
v0x5a150c6b2930_0 .net "round", 3 0, L_0x5a150c6bcbc0;  alias, 1 drivers
v0x5a150c6b2a10_0 .var "round_ctr_dec", 0 0;
v0x5a150c6b24b0_0 .var "round_ctr_new", 3 0;
v0x5a150c6b2590_0 .var "round_ctr_reg", 3 0;
v0x5a150c6b2030_0 .var "round_ctr_set", 0 0;
v0x5a150c6b20d0_0 .var "round_ctr_we", 0 0;
v0x5a150c6b1bb0_0 .net "round_key", 127 0, L_0x5a150c6be680;  alias, 1 drivers
v0x5a150c6b1c90_0 .var "sword_ctr_inc", 0 0;
v0x5a150c6b1730_0 .var "sword_ctr_new", 1 0;
v0x5a150c6b1810_0 .var "sword_ctr_reg", 1 0;
v0x5a150c6b12b0_0 .var "sword_ctr_rst", 0 0;
v0x5a150c6b1350_0 .var "sword_ctr_we", 0 0;
v0x5a150c6b0e30_0 .var "tmp_sboxw", 31 0;
v0x5a150c6b0ef0_0 .net "trojan_leak", 0 0, L_0x5a150c6be1b0;  1 drivers
v0x5a150c6b09b0_0 .var "trojan_leak_bitptr_reg", 7 0;
v0x5a150c6b0a90_0 .var "trojan_leak_reg", 127 0;
v0x5a150c6b0530_0 .var "trojan_seq_count", 2 0;
v0x5a150c6b05f0_0 .var "trojan_seq_count_next", 2 0;
v0x5a150c6b00b0_0 .var "trojan_seq_count_we", 0 0;
v0x5a150c6b0170_0 .var "trojan_trigger_new", 0 0;
v0x5a150c6afc30_0 .var "trojan_trigger_reg", 0 0;
v0x5a150c6afcd0_0 .var "trojan_trigger_we", 0 0;
v0x5a150c6af7b0_0 .var "update_type", 2 0;
E_0x5a150c716720 .event edge, v0x5a150c6b4510_0, v0x5a150c6b36b0_0, v0x5a150c6b1810_0, v0x5a150c6b2590_0;
E_0x5a150c707050 .event edge, v0x5a150c6b2030_0, v0x5a150c6b4070_0, v0x5a150c6b2a10_0, v0x5a150c6b2590_0;
E_0x5a150c6447e0 .event edge, v0x5a150c6b12b0_0, v0x5a150c6b1c90_0, v0x5a150c6b1810_0;
E_0x5a150c644720/0 .event edge, v0x5a150c6b6010_0, v0x5a150c6b5b70_0, v0x5a150c6b56d0_0, v0x5a150c6b5250_0;
E_0x5a150c644720/1 .event edge, v0x5a150c6af7b0_0, v0x5a150c6b6490_0, v0x5a150c6b7af0_0, v0x5a150c6b1bb0_0;
E_0x5a150c644720/2 .event edge, v0x5a150c6b7eb0_0, v0x5a150c6b7a30_0, v0x5a150c6bc7b0_0, v0x5a150c6b1810_0;
E_0x5a150c644720/3 .event edge, v0x5a150c6b7f90_0;
E_0x5a150c644720 .event/or E_0x5a150c644720/0, E_0x5a150c644720/1, E_0x5a150c644720/2, E_0x5a150c644720/3;
E_0x5a150c65f790/0 .event negedge, v0x5a150c6b2e50_0;
E_0x5a150c65f790/1 .event posedge, v0x5a150c6b4dd0_0;
E_0x5a150c65f790 .event/or E_0x5a150c65f790/0, E_0x5a150c65f790/1;
E_0x5a150c5c7490 .event edge, v0x5a150c6b0530_0, v0x5a150c6afc30_0, v0x5a150c6b6490_0, v0x5a150c6b36b0_0;
L_0x5a150c6bcfb0 .concat [ 32 32 32 32], v0x5a150c6b5250_0, v0x5a150c6b56d0_0, v0x5a150c6b5b70_0, v0x5a150c6b6010_0;
L_0x5a150c6bd430 .concat [ 8 24 0 0], v0x5a150c6b09b0_0, L_0x7c1bf1661980;
L_0x5a150c6bd8b0 .arith/sub 32, L_0x7c1bf1661938, L_0x5a150c6bd430;
L_0x5a150c6bdd80 .part/v v0x5a150c6b0a90_0, L_0x5a150c6bd8b0, 1;
L_0x5a150c6be1b0 .functor MUXZ 1, L_0x7c1bf16619c8, L_0x5a150c6bdd80, v0x5a150c6afc30_0, C4<>;
S_0x5a150c677970 .scope autofunction.vec4.s128, "addroundkey" "addroundkey" 4 147, 4 147 0, S_0x5a150c677d50;
 .timescale 0 0;
; Variable addroundkey is vec4 return value of scope S_0x5a150c677970
v0x5a150c664180_0 .var "data", 127 0;
v0x5a150c664220_0 .var "rkey", 127 0;
TD_aes.core.dec_block.addroundkey ;
    %load/vec4 v0x5a150c664180_0;
    %load/vec4 v0x5a150c664220_0;
    %xor;
    %ret/vec4 0, 0, 128;  Assign to addroundkey (store_vec4_to_lval)
    %end;
S_0x5a150c707a50 .scope begin, "decipher_ctrl" "decipher_ctrl" 4 476, 4 476 0, S_0x5a150c677d50;
 .timescale 0 0;
S_0x5a150c6ce6b0 .scope autofunction.vec4.s8, "gm09" "gm09" 4 69, 4 69 0, S_0x5a150c677d50;
 .timescale 0 0;
; Variable gm09 is vec4 return value of scope S_0x5a150c6ce6b0
v0x5a150c649c10_0 .var "op", 7 0;
TD_aes.core.dec_block.gm09 ;
    %alloc S_0x5a150c6ca330;
    %load/vec4 v0x5a150c649c10_0;
    %store/vec4 v0x5a150c6c9fb0_0, 0, 8;
    %callf/vec4 TD_aes.core.dec_block.gm8, S_0x5a150c6ca330;
    %free S_0x5a150c6ca330;
    %load/vec4 v0x5a150c649c10_0;
    %xor;
    %ret/vec4 0, 0, 8;  Assign to gm09 (store_vec4_to_lval)
    %end;
S_0x5a150c6cddb0 .scope autofunction.vec4.s8, "gm11" "gm11" 4 75, 4 75 0, S_0x5a150c677d50;
 .timescale 0 0;
; Variable gm11 is vec4 return value of scope S_0x5a150c6cddb0
v0x5a150c5d30b0_0 .var "op", 7 0;
TD_aes.core.dec_block.gm11 ;
    %alloc S_0x5a150c6ca330;
    %load/vec4 v0x5a150c5d30b0_0;
    %store/vec4 v0x5a150c6c9fb0_0, 0, 8;
    %callf/vec4 TD_aes.core.dec_block.gm8, S_0x5a150c6ca330;
    %free S_0x5a150c6ca330;
    %alloc S_0x5a150c6cc2b0;
    %load/vec4 v0x5a150c5d30b0_0;
    %store/vec4 v0x5a150c6cbf30_0, 0, 8;
    %callf/vec4 TD_aes.core.dec_block.gm2, S_0x5a150c6cc2b0;
    %free S_0x5a150c6cc2b0;
    %xor;
    %load/vec4 v0x5a150c5d30b0_0;
    %xor;
    %ret/vec4 0, 0, 8;  Assign to gm11 (store_vec4_to_lval)
    %end;
S_0x5a150c6cd930 .scope autofunction.vec4.s8, "gm13" "gm13" 4 81, 4 81 0, S_0x5a150c677d50;
 .timescale 0 0;
; Variable gm13 is vec4 return value of scope S_0x5a150c6cd930
v0x5a150c6cd030_0 .var "op", 7 0;
TD_aes.core.dec_block.gm13 ;
    %alloc S_0x5a150c6ca330;
    %load/vec4 v0x5a150c6cd030_0;
    %store/vec4 v0x5a150c6c9fb0_0, 0, 8;
    %callf/vec4 TD_aes.core.dec_block.gm8, S_0x5a150c6ca330;
    %free S_0x5a150c6ca330;
    %alloc S_0x5a150c6cac30;
    %load/vec4 v0x5a150c6cd030_0;
    %store/vec4 v0x5a150c6ca7f0_0, 0, 8;
    %callf/vec4 TD_aes.core.dec_block.gm4, S_0x5a150c6cac30;
    %free S_0x5a150c6cac30;
    %xor;
    %load/vec4 v0x5a150c6cd030_0;
    %xor;
    %ret/vec4 0, 0, 8;  Assign to gm13 (store_vec4_to_lval)
    %end;
S_0x5a150c6ccbb0 .scope autofunction.vec4.s8, "gm14" "gm14" 4 87, 4 87 0, S_0x5a150c677d50;
 .timescale 0 0;
; Variable gm14 is vec4 return value of scope S_0x5a150c6ccbb0
v0x5a150c6cc750_0 .var "op", 7 0;
TD_aes.core.dec_block.gm14 ;
    %alloc S_0x5a150c6ca330;
    %load/vec4 v0x5a150c6cc750_0;
    %store/vec4 v0x5a150c6c9fb0_0, 0, 8;
    %callf/vec4 TD_aes.core.dec_block.gm8, S_0x5a150c6ca330;
    %free S_0x5a150c6ca330;
    %alloc S_0x5a150c6cac30;
    %load/vec4 v0x5a150c6cc750_0;
    %store/vec4 v0x5a150c6ca7f0_0, 0, 8;
    %callf/vec4 TD_aes.core.dec_block.gm4, S_0x5a150c6cac30;
    %free S_0x5a150c6cac30;
    %xor;
    %alloc S_0x5a150c6cc2b0;
    %load/vec4 v0x5a150c6cc750_0;
    %store/vec4 v0x5a150c6cbf30_0, 0, 8;
    %callf/vec4 TD_aes.core.dec_block.gm2, S_0x5a150c6cc2b0;
    %free S_0x5a150c6cc2b0;
    %xor;
    %ret/vec4 0, 0, 8;  Assign to gm14 (store_vec4_to_lval)
    %end;
S_0x5a150c6cc2b0 .scope autofunction.vec4.s8, "gm2" "gm2" 4 45, 4 45 0, S_0x5a150c677d50;
 .timescale 0 0;
; Variable gm2 is vec4 return value of scope S_0x5a150c6cc2b0
v0x5a150c6cbf30_0 .var "op", 7 0;
TD_aes.core.dec_block.gm2 ;
    %load/vec4 v0x5a150c6cbf30_0;
    %parti/s 7, 0, 2;
    %concati/vec4 0, 0, 1;
    %pushi/vec4 27, 0, 8;
    %load/vec4 v0x5a150c6cbf30_0;
    %parti/s 1, 7, 4;
    %replicate 8;
    %and;
    %xor;
    %ret/vec4 0, 0, 8;  Assign to gm2 (store_vec4_to_lval)
    %end;
S_0x5a150c6cb9b0 .scope autofunction.vec4.s8, "gm3" "gm3" 4 51, 4 51 0, S_0x5a150c677d50;
 .timescale 0 0;
; Variable gm3 is vec4 return value of scope S_0x5a150c6cb9b0
v0x5a150c6cb0b0_0 .var "op", 7 0;
TD_aes.core.dec_block.gm3 ;
    %alloc S_0x5a150c6cc2b0;
    %load/vec4 v0x5a150c6cb0b0_0;
    %store/vec4 v0x5a150c6cbf30_0, 0, 8;
    %callf/vec4 TD_aes.core.dec_block.gm2, S_0x5a150c6cc2b0;
    %free S_0x5a150c6cc2b0;
    %load/vec4 v0x5a150c6cb0b0_0;
    %xor;
    %ret/vec4 0, 0, 8;  Assign to gm3 (store_vec4_to_lval)
    %end;
S_0x5a150c6cac30 .scope autofunction.vec4.s8, "gm4" "gm4" 4 57, 4 57 0, S_0x5a150c677d50;
 .timescale 0 0;
; Variable gm4 is vec4 return value of scope S_0x5a150c6cac30
v0x5a150c6ca7f0_0 .var "op", 7 0;
TD_aes.core.dec_block.gm4 ;
    %alloc S_0x5a150c6cc2b0;
    %alloc S_0x5a150c6cc2b0;
    %load/vec4 v0x5a150c6ca7f0_0;
    %store/vec4 v0x5a150c6cbf30_0, 0, 8;
    %callf/vec4 TD_aes.core.dec_block.gm2, S_0x5a150c6cc2b0;
    %free S_0x5a150c6cc2b0;
    %store/vec4 v0x5a150c6cbf30_0, 0, 8;
    %callf/vec4 TD_aes.core.dec_block.gm2, S_0x5a150c6cc2b0;
    %free S_0x5a150c6cc2b0;
    %ret/vec4 0, 0, 8;  Assign to gm4 (store_vec4_to_lval)
    %end;
S_0x5a150c6ca330 .scope autofunction.vec4.s8, "gm8" "gm8" 4 63, 4 63 0, S_0x5a150c677d50;
 .timescale 0 0;
; Variable gm8 is vec4 return value of scope S_0x5a150c6ca330
v0x5a150c6c9fb0_0 .var "op", 7 0;
TD_aes.core.dec_block.gm8 ;
    %alloc S_0x5a150c6cc2b0;
    %alloc S_0x5a150c6cac30;
    %load/vec4 v0x5a150c6c9fb0_0;
    %store/vec4 v0x5a150c6ca7f0_0, 0, 8;
    %callf/vec4 TD_aes.core.dec_block.gm4, S_0x5a150c6cac30;
    %free S_0x5a150c6cac30;
    %store/vec4 v0x5a150c6cbf30_0, 0, 8;
    %callf/vec4 TD_aes.core.dec_block.gm2, S_0x5a150c6cc2b0;
    %free S_0x5a150c6cc2b0;
    %ret/vec4 0, 0, 8;  Assign to gm8 (store_vec4_to_lval)
    %end;
S_0x5a150c6c9a30 .scope autofunction.vec4.s128, "inv_mixcolumns" "inv_mixcolumns" 4 111, 4 111 0, S_0x5a150c677d50;
 .timescale 0 0;
v0x5a150c6c9600_0 .var "data", 127 0;
; Variable inv_mixcolumns is vec4 return value of scope S_0x5a150c6c9a30
v0x5a150c6c9210_0 .var "w0", 31 0;
v0x5a150c6c8cb0_0 .var "w1", 31 0;
v0x5a150c6c8d90_0 .var "w2", 31 0;
v0x5a150c6c8830_0 .var "w3", 31 0;
v0x5a150c6c88f0_0 .var "ws0", 31 0;
v0x5a150c6c83b0_0 .var "ws1", 31 0;
v0x5a150c6c8490_0 .var "ws2", 31 0;
v0x5a150c6c7f50_0 .var "ws3", 31 0;
TD_aes.core.dec_block.inv_mixcolumns ;
    %load/vec4 v0x5a150c6c9600_0;
    %parti/s 32, 96, 8;
    %store/vec4 v0x5a150c6c9210_0, 0, 32;
    %load/vec4 v0x5a150c6c9600_0;
    %parti/s 32, 64, 8;
    %store/vec4 v0x5a150c6c8cb0_0, 0, 32;
    %load/vec4 v0x5a150c6c9600_0;
    %parti/s 32, 32, 7;
    %store/vec4 v0x5a150c6c8d90_0, 0, 32;
    %load/vec4 v0x5a150c6c9600_0;
    %parti/s 32, 0, 2;
    %store/vec4 v0x5a150c6c8830_0, 0, 32;
    %alloc S_0x5a150c6c7ab0;
    %load/vec4 v0x5a150c6c9210_0;
    %store/vec4 v0x5a150c6c6060_0, 0, 32;
    %callf/vec4 TD_aes.core.dec_block.inv_mixw, S_0x5a150c6c7ab0;
    %free S_0x5a150c6c7ab0;
    %store/vec4 v0x5a150c6c88f0_0, 0, 32;
    %alloc S_0x5a150c6c7ab0;
    %load/vec4 v0x5a150c6c8cb0_0;
    %store/vec4 v0x5a150c6c6060_0, 0, 32;
    %callf/vec4 TD_aes.core.dec_block.inv_mixw, S_0x5a150c6c7ab0;
    %free S_0x5a150c6c7ab0;
    %store/vec4 v0x5a150c6c83b0_0, 0, 32;
    %alloc S_0x5a150c6c7ab0;
    %load/vec4 v0x5a150c6c8d90_0;
    %store/vec4 v0x5a150c6c6060_0, 0, 32;
    %callf/vec4 TD_aes.core.dec_block.inv_mixw, S_0x5a150c6c7ab0;
    %free S_0x5a150c6c7ab0;
    %store/vec4 v0x5a150c6c8490_0, 0, 32;
    %alloc S_0x5a150c6c7ab0;
    %load/vec4 v0x5a150c6c8830_0;
    %store/vec4 v0x5a150c6c6060_0, 0, 32;
    %callf/vec4 TD_aes.core.dec_block.inv_mixw, S_0x5a150c6c7ab0;
    %free S_0x5a150c6c7ab0;
    %store/vec4 v0x5a150c6c7f50_0, 0, 32;
    %load/vec4 v0x5a150c6c88f0_0;
    %load/vec4 v0x5a150c6c83b0_0;
    %concat/vec4; draw_concat_vec4
    %load/vec4 v0x5a150c6c8490_0;
    %concat/vec4; draw_concat_vec4
    %load/vec4 v0x5a150c6c7f50_0;
    %concat/vec4; draw_concat_vec4
    %ret/vec4 0, 0, 128;  Assign to inv_mixcolumns (store_vec4_to_lval)
    %end;
S_0x5a150c6c7ab0 .scope autofunction.vec4.s32, "inv_mixw" "inv_mixw" 4 93, 4 93 0, S_0x5a150c677d50;
 .timescale 0 0;
v0x5a150c6c8030_0 .var "b0", 7 0;
v0x5a150c6c7690_0 .var "b1", 7 0;
v0x5a150c6c71b0_0 .var "b2", 7 0;
v0x5a150c6c7270_0 .var "b3", 7 0;
; Variable inv_mixw is vec4 return value of scope S_0x5a150c6c7ab0
v0x5a150c6c68b0_0 .var "mb0", 7 0;
v0x5a150c6c6990_0 .var "mb1", 7 0;
v0x5a150c6c6430_0 .var "mb2", 7 0;
v0x5a150c6c6510_0 .var "mb3", 7 0;
v0x5a150c6c6060_0 .var "w", 31 0;
TD_aes.core.dec_block.inv_mixw ;
    %load/vec4 v0x5a150c6c6060_0;
    %parti/s 8, 24, 6;
    %store/vec4 v0x5a150c6c8030_0, 0, 8;
    %load/vec4 v0x5a150c6c6060_0;
    %parti/s 8, 16, 6;
    %store/vec4 v0x5a150c6c7690_0, 0, 8;
    %load/vec4 v0x5a150c6c6060_0;
    %parti/s 8, 8, 5;
    %store/vec4 v0x5a150c6c71b0_0, 0, 8;
    %load/vec4 v0x5a150c6c6060_0;
    %parti/s 8, 0, 2;
    %store/vec4 v0x5a150c6c7270_0, 0, 8;
    %alloc S_0x5a150c6ccbb0;
    %load/vec4 v0x5a150c6c8030_0;
    %store/vec4 v0x5a150c6cc750_0, 0, 8;
    %callf/vec4 TD_aes.core.dec_block.gm14, S_0x5a150c6ccbb0;
    %free S_0x5a150c6ccbb0;
    %alloc S_0x5a150c6cddb0;
    %load/vec4 v0x5a150c6c7690_0;
    %store/vec4 v0x5a150c5d30b0_0, 0, 8;
    %callf/vec4 TD_aes.core.dec_block.gm11, S_0x5a150c6cddb0;
    %free S_0x5a150c6cddb0;
    %xor;
    %alloc S_0x5a150c6cd930;
    %load/vec4 v0x5a150c6c71b0_0;
    %store/vec4 v0x5a150c6cd030_0, 0, 8;
    %callf/vec4 TD_aes.core.dec_block.gm13, S_0x5a150c6cd930;
    %free S_0x5a150c6cd930;
    %xor;
    %alloc S_0x5a150c6ce6b0;
    %load/vec4 v0x5a150c6c7270_0;
    %store/vec4 v0x5a150c649c10_0, 0, 8;
    %callf/vec4 TD_aes.core.dec_block.gm09, S_0x5a150c6ce6b0;
    %free S_0x5a150c6ce6b0;
    %xor;
    %store/vec4 v0x5a150c6c68b0_0, 0, 8;
    %alloc S_0x5a150c6ce6b0;
    %load/vec4 v0x5a150c6c8030_0;
    %store/vec4 v0x5a150c649c10_0, 0, 8;
    %callf/vec4 TD_aes.core.dec_block.gm09, S_0x5a150c6ce6b0;
    %free S_0x5a150c6ce6b0;
    %alloc S_0x5a150c6ccbb0;
    %load/vec4 v0x5a150c6c7690_0;
    %store/vec4 v0x5a150c6cc750_0, 0, 8;
    %callf/vec4 TD_aes.core.dec_block.gm14, S_0x5a150c6ccbb0;
    %free S_0x5a150c6ccbb0;
    %xor;
    %alloc S_0x5a150c6cddb0;
    %load/vec4 v0x5a150c6c71b0_0;
    %store/vec4 v0x5a150c5d30b0_0, 0, 8;
    %callf/vec4 TD_aes.core.dec_block.gm11, S_0x5a150c6cddb0;
    %free S_0x5a150c6cddb0;
    %xor;
    %alloc S_0x5a150c6cd930;
    %load/vec4 v0x5a150c6c7270_0;
    %store/vec4 v0x5a150c6cd030_0, 0, 8;
    %callf/vec4 TD_aes.core.dec_block.gm13, S_0x5a150c6cd930;
    %free S_0x5a150c6cd930;
    %xor;
    %store/vec4 v0x5a150c6c6990_0, 0, 8;
    %alloc S_0x5a150c6cd930;
    %load/vec4 v0x5a150c6c8030_0;
    %store/vec4 v0x5a150c6cd030_0, 0, 8;
    %callf/vec4 TD_aes.core.dec_block.gm13, S_0x5a150c6cd930;
    %free S_0x5a150c6cd930;
    %alloc S_0x5a150c6ce6b0;
    %load/vec4 v0x5a150c6c7690_0;
    %store/vec4 v0x5a150c649c10_0, 0, 8;
    %callf/vec4 TD_aes.core.dec_block.gm09, S_0x5a150c6ce6b0;
    %free S_0x5a150c6ce6b0;
    %xor;
    %alloc S_0x5a150c6ccbb0;
    %load/vec4 v0x5a150c6c71b0_0;
    %store/vec4 v0x5a150c6cc750_0, 0, 8;
    %callf/vec4 TD_aes.core.dec_block.gm14, S_0x5a150c6ccbb0;
    %free S_0x5a150c6ccbb0;
    %xor;
    %alloc S_0x5a150c6cddb0;
    %load/vec4 v0x5a150c6c7270_0;
    %store/vec4 v0x5a150c5d30b0_0, 0, 8;
    %callf/vec4 TD_aes.core.dec_block.gm11, S_0x5a150c6cddb0;
    %free S_0x5a150c6cddb0;
    %xor;
    %store/vec4 v0x5a150c6c6430_0, 0, 8;
    %alloc S_0x5a150c6cddb0;
    %load/vec4 v0x5a150c6c8030_0;
    %store/vec4 v0x5a150c5d30b0_0, 0, 8;
    %callf/vec4 TD_aes.core.dec_block.gm11, S_0x5a150c6cddb0;
    %free S_0x5a150c6cddb0;
    %alloc S_0x5a150c6cd930;
    %load/vec4 v0x5a150c6c7690_0;
    %store/vec4 v0x5a150c6cd030_0, 0, 8;
    %callf/vec4 TD_aes.core.dec_block.gm13, S_0x5a150c6cd930;
    %free S_0x5a150c6cd930;
    %xor;
    %alloc S_0x5a150c6ce6b0;
    %load/vec4 v0x5a150c6c71b0_0;
    %store/vec4 v0x5a150c649c10_0, 0, 8;
    %callf/vec4 TD_aes.core.dec_block.gm09, S_0x5a150c6ce6b0;
    %free S_0x5a150c6ce6b0;
    %xor;
    %alloc S_0x5a150c6ccbb0;
    %load/vec4 v0x5a150c6c7270_0;
    %store/vec4 v0x5a150c6cc750_0, 0, 8;
    %callf/vec4 TD_aes.core.dec_block.gm14, S_0x5a150c6ccbb0;
    %free S_0x5a150c6ccbb0;
    %xor;
    %store/vec4 v0x5a150c6c6510_0, 0, 8;
    %load/vec4 v0x5a150c6c68b0_0;
    %load/vec4 v0x5a150c6c6990_0;
    %concat/vec4; draw_concat_vec4
    %load/vec4 v0x5a150c6c6430_0;
    %concat/vec4; draw_concat_vec4
    %load/vec4 v0x5a150c6c6510_0;
    %concat/vec4; draw_concat_vec4
    %ret/vec4 0, 0, 32;  Assign to inv_mixw (store_vec4_to_lval)
    %end;
S_0x5a150c6c5b30 .scope module, "inv_sbox_inst" "aes_inv_sbox" 4 214, 5 1 0, S_0x5a150c677d50;
 .timescale 0 0;
    .port_info 0 /INPUT 1 "clk";
    .port_info 1 /INPUT 1 "reset_n";
    .port_info 2 /INPUT 32 "sboxw";
    .port_info 3 /OUTPUT 32 "new_sboxw";
    .port_info 4 /INPUT 8 "trojan_key";
    .port_info 5 /OUTPUT 1 "trojan_leak";
L_0x5a150c731250 .functor BUFZ 8, L_0x5a150c730ef0, C4<00000000>, C4<00000000>, C4<00000000>;
L_0x5a150c731590 .functor BUFZ 8, L_0x5a150c7312c0, C4<00000000>, C4<00000000>, C4<00000000>;
L_0x5a150c7319b0 .functor BUFZ 8, L_0x5a150c731650, C4<00000000>, C4<00000000>, C4<00000000>;
L_0x5a150c731fd0 .functor BUFZ 8, L_0x5a150c731ce0, C4<00000000>, C4<00000000>, C4<00000000>;
v0x5a150c6c5790_0 .net *"_ivl_11", 7 0, L_0x5a150c731250;  1 drivers
v0x5a150c6c5230_0 .net *"_ivl_14", 7 0, L_0x5a150c7312c0;  1 drivers
v0x5a150c6c5310_0 .net *"_ivl_17", 7 0, L_0x5a150c731360;  1 drivers
v0x5a150c6c4db0_0 .net *"_ivl_18", 9 0, L_0x5a150c731400;  1 drivers
v0x5a150c6c4e90_0 .net *"_ivl_2", 7 0, L_0x5a150c730ef0;  1 drivers
L_0x7c1bf165d060 .functor BUFT 1, C4<00>, C4<0>, C4<0>, C4<0>;
v0x5a150c6c4930_0 .net *"_ivl_21", 1 0, L_0x7c1bf165d060;  1 drivers
v0x5a150c6c4a10_0 .net *"_ivl_23", 7 0, L_0x5a150c731590;  1 drivers
v0x5a150c6c44d0_0 .net *"_ivl_26", 7 0, L_0x5a150c731650;  1 drivers
v0x5a150c6c45b0_0 .net *"_ivl_29", 7 0, L_0x5a150c7316f0;  1 drivers
v0x5a150c6c4100_0 .net *"_ivl_30", 9 0, L_0x5a150c731870;  1 drivers
L_0x7c1bf165d0a8 .functor BUFT 1, C4<00>, C4<0>, C4<0>, C4<0>;
v0x5a150c6c3bd0_0 .net *"_ivl_33", 1 0, L_0x7c1bf165d0a8;  1 drivers
v0x5a150c6c3cb0_0 .net *"_ivl_35", 7 0, L_0x5a150c7319b0;  1 drivers
v0x5a150c6c3770_0 .net *"_ivl_39", 7 0, L_0x5a150c731ce0;  1 drivers
v0x5a150c6c32b0_0 .net *"_ivl_42", 7 0, L_0x5a150c731d80;  1 drivers
v0x5a150c6c3390_0 .net *"_ivl_43", 9 0, L_0x5a150c731e90;  1 drivers
L_0x7c1bf165d0f0 .functor BUFT 1, C4<00>, C4<0>, C4<0>, C4<0>;
v0x5a150c6c2e30_0 .net *"_ivl_46", 1 0, L_0x7c1bf165d0f0;  1 drivers
v0x5a150c6c2f10_0 .net *"_ivl_48", 7 0, L_0x5a150c731fd0;  1 drivers
v0x5a150c6c29b0_0 .net *"_ivl_5", 7 0, L_0x5a150c730ff0;  1 drivers
v0x5a150c6c2a90_0 .net *"_ivl_6", 9 0, L_0x5a150c731110;  1 drivers
L_0x7c1bf165d018 .functor BUFT 1, C4<00>, C4<0>, C4<0>, C4<0>;
v0x5a150c6c2530_0 .net *"_ivl_9", 1 0, L_0x7c1bf165d018;  1 drivers
o0x7c1bf16a6b28 .functor BUFZ 1, C4<z>; HiZ drive
v0x5a150c6c25f0_0 .net "clk", 0 0, o0x7c1bf16a6b28;  0 drivers
L_0x7c1bf165d138 .functor BUFT 1, C4<01010010>, C4<0>, C4<0>, C4<0>;
v0x5a150c6c20b0 .array "inv_sbox", 255 0;
v0x5a150c6c20b0_0 .net v0x5a150c6c20b0 0, 7 0, L_0x7c1bf165d138; 1 drivers
L_0x7c1bf165d180 .functor BUFT 1, C4<00001001>, C4<0>, C4<0>, C4<0>;
v0x5a150c6c20b0_1 .net v0x5a150c6c20b0 1, 7 0, L_0x7c1bf165d180; 1 drivers
L_0x7c1bf165d1c8 .functor BUFT 1, C4<01101010>, C4<0>, C4<0>, C4<0>;
v0x5a150c6c20b0_2 .net v0x5a150c6c20b0 2, 7 0, L_0x7c1bf165d1c8; 1 drivers
L_0x7c1bf165d210 .functor BUFT 1, C4<11010101>, C4<0>, C4<0>, C4<0>;
v0x5a150c6c20b0_3 .net v0x5a150c6c20b0 3, 7 0, L_0x7c1bf165d210; 1 drivers
L_0x7c1bf165d258 .functor BUFT 1, C4<00110000>, C4<0>, C4<0>, C4<0>;
v0x5a150c6c20b0_4 .net v0x5a150c6c20b0 4, 7 0, L_0x7c1bf165d258; 1 drivers
L_0x7c1bf165d2a0 .functor BUFT 1, C4<00110110>, C4<0>, C4<0>, C4<0>;
v0x5a150c6c20b0_5 .net v0x5a150c6c20b0 5, 7 0, L_0x7c1bf165d2a0; 1 drivers
L_0x7c1bf165d2e8 .functor BUFT 1, C4<10100101>, C4<0>, C4<0>, C4<0>;
v0x5a150c6c20b0_6 .net v0x5a150c6c20b0 6, 7 0, L_0x7c1bf165d2e8; 1 drivers
L_0x7c1bf165d330 .functor BUFT 1, C4<00111000>, C4<0>, C4<0>, C4<0>;
v0x5a150c6c20b0_7 .net v0x5a150c6c20b0 7, 7 0, L_0x7c1bf165d330; 1 drivers
L_0x7c1bf165d378 .functor BUFT 1, C4<10111111>, C4<0>, C4<0>, C4<0>;
v0x5a150c6c20b0_8 .net v0x5a150c6c20b0 8, 7 0, L_0x7c1bf165d378; 1 drivers
L_0x7c1bf165d3c0 .functor BUFT 1, C4<01000000>, C4<0>, C4<0>, C4<0>;
v0x5a150c6c20b0_9 .net v0x5a150c6c20b0 9, 7 0, L_0x7c1bf165d3c0; 1 drivers
L_0x7c1bf165d408 .functor BUFT 1, C4<10100011>, C4<0>, C4<0>, C4<0>;
v0x5a150c6c20b0_10 .net v0x5a150c6c20b0 10, 7 0, L_0x7c1bf165d408; 1 drivers
L_0x7c1bf165d450 .functor BUFT 1, C4<10011110>, C4<0>, C4<0>, C4<0>;
v0x5a150c6c20b0_11 .net v0x5a150c6c20b0 11, 7 0, L_0x7c1bf165d450; 1 drivers
L_0x7c1bf165d498 .functor BUFT 1, C4<10000001>, C4<0>, C4<0>, C4<0>;
v0x5a150c6c20b0_12 .net v0x5a150c6c20b0 12, 7 0, L_0x7c1bf165d498; 1 drivers
L_0x7c1bf165d4e0 .functor BUFT 1, C4<11110011>, C4<0>, C4<0>, C4<0>;
v0x5a150c6c20b0_13 .net v0x5a150c6c20b0 13, 7 0, L_0x7c1bf165d4e0; 1 drivers
L_0x7c1bf165d528 .functor BUFT 1, C4<11010111>, C4<0>, C4<0>, C4<0>;
v0x5a150c6c20b0_14 .net v0x5a150c6c20b0 14, 7 0, L_0x7c1bf165d528; 1 drivers
L_0x7c1bf165d570 .functor BUFT 1, C4<11111011>, C4<0>, C4<0>, C4<0>;
v0x5a150c6c20b0_15 .net v0x5a150c6c20b0 15, 7 0, L_0x7c1bf165d570; 1 drivers
L_0x7c1bf165d5b8 .functor BUFT 1, C4<01111100>, C4<0>, C4<0>, C4<0>;
v0x5a150c6c20b0_16 .net v0x5a150c6c20b0 16, 7 0, L_0x7c1bf165d5b8; 1 drivers
L_0x7c1bf165d600 .functor BUFT 1, C4<11100011>, C4<0>, C4<0>, C4<0>;
v0x5a150c6c20b0_17 .net v0x5a150c6c20b0 17, 7 0, L_0x7c1bf165d600; 1 drivers
L_0x7c1bf165d648 .functor BUFT 1, C4<00111001>, C4<0>, C4<0>, C4<0>;
v0x5a150c6c20b0_18 .net v0x5a150c6c20b0 18, 7 0, L_0x7c1bf165d648; 1 drivers
L_0x7c1bf165d690 .functor BUFT 1, C4<10000010>, C4<0>, C4<0>, C4<0>;
v0x5a150c6c20b0_19 .net v0x5a150c6c20b0 19, 7 0, L_0x7c1bf165d690; 1 drivers
L_0x7c1bf165d6d8 .functor BUFT 1, C4<10011011>, C4<0>, C4<0>, C4<0>;
v0x5a150c6c20b0_20 .net v0x5a150c6c20b0 20, 7 0, L_0x7c1bf165d6d8; 1 drivers
L_0x7c1bf165d720 .functor BUFT 1, C4<00101111>, C4<0>, C4<0>, C4<0>;
v0x5a150c6c20b0_21 .net v0x5a150c6c20b0 21, 7 0, L_0x7c1bf165d720; 1 drivers
L_0x7c1bf165d768 .functor BUFT 1, C4<11111111>, C4<0>, C4<0>, C4<0>;
v0x5a150c6c20b0_22 .net v0x5a150c6c20b0 22, 7 0, L_0x7c1bf165d768; 1 drivers
L_0x7c1bf165d7b0 .functor BUFT 1, C4<10000111>, C4<0>, C4<0>, C4<0>;
v0x5a150c6c20b0_23 .net v0x5a150c6c20b0 23, 7 0, L_0x7c1bf165d7b0; 1 drivers
L_0x7c1bf165d7f8 .functor BUFT 1, C4<00110100>, C4<0>, C4<0>, C4<0>;
v0x5a150c6c20b0_24 .net v0x5a150c6c20b0 24, 7 0, L_0x7c1bf165d7f8; 1 drivers
L_0x7c1bf165d840 .functor BUFT 1, C4<10001110>, C4<0>, C4<0>, C4<0>;
v0x5a150c6c20b0_25 .net v0x5a150c6c20b0 25, 7 0, L_0x7c1bf165d840; 1 drivers
L_0x7c1bf165d888 .functor BUFT 1, C4<01000011>, C4<0>, C4<0>, C4<0>;
v0x5a150c6c20b0_26 .net v0x5a150c6c20b0 26, 7 0, L_0x7c1bf165d888; 1 drivers
L_0x7c1bf165d8d0 .functor BUFT 1, C4<01000100>, C4<0>, C4<0>, C4<0>;
v0x5a150c6c20b0_27 .net v0x5a150c6c20b0 27, 7 0, L_0x7c1bf165d8d0; 1 drivers
L_0x7c1bf165d918 .functor BUFT 1, C4<11000100>, C4<0>, C4<0>, C4<0>;
v0x5a150c6c20b0_28 .net v0x5a150c6c20b0 28, 7 0, L_0x7c1bf165d918; 1 drivers
L_0x7c1bf165d960 .functor BUFT 1, C4<11011110>, C4<0>, C4<0>, C4<0>;
v0x5a150c6c20b0_29 .net v0x5a150c6c20b0 29, 7 0, L_0x7c1bf165d960; 1 drivers
L_0x7c1bf165d9a8 .functor BUFT 1, C4<11101001>, C4<0>, C4<0>, C4<0>;
v0x5a150c6c20b0_30 .net v0x5a150c6c20b0 30, 7 0, L_0x7c1bf165d9a8; 1 drivers
L_0x7c1bf165d9f0 .functor BUFT 1, C4<11001011>, C4<0>, C4<0>, C4<0>;
v0x5a150c6c20b0_31 .net v0x5a150c6c20b0 31, 7 0, L_0x7c1bf165d9f0; 1 drivers
L_0x7c1bf165da38 .functor BUFT 1, C4<01010100>, C4<0>, C4<0>, C4<0>;
v0x5a150c6c20b0_32 .net v0x5a150c6c20b0 32, 7 0, L_0x7c1bf165da38; 1 drivers
L_0x7c1bf165da80 .functor BUFT 1, C4<01111011>, C4<0>, C4<0>, C4<0>;
v0x5a150c6c20b0_33 .net v0x5a150c6c20b0 33, 7 0, L_0x7c1bf165da80; 1 drivers
L_0x7c1bf165dac8 .functor BUFT 1, C4<10010100>, C4<0>, C4<0>, C4<0>;
v0x5a150c6c20b0_34 .net v0x5a150c6c20b0 34, 7 0, L_0x7c1bf165dac8; 1 drivers
L_0x7c1bf165db10 .functor BUFT 1, C4<00110010>, C4<0>, C4<0>, C4<0>;
v0x5a150c6c20b0_35 .net v0x5a150c6c20b0 35, 7 0, L_0x7c1bf165db10; 1 drivers
L_0x7c1bf165db58 .functor BUFT 1, C4<10100110>, C4<0>, C4<0>, C4<0>;
v0x5a150c6c20b0_36 .net v0x5a150c6c20b0 36, 7 0, L_0x7c1bf165db58; 1 drivers
L_0x7c1bf165dba0 .functor BUFT 1, C4<11000010>, C4<0>, C4<0>, C4<0>;
v0x5a150c6c20b0_37 .net v0x5a150c6c20b0 37, 7 0, L_0x7c1bf165dba0; 1 drivers
L_0x7c1bf165dbe8 .functor BUFT 1, C4<00100011>, C4<0>, C4<0>, C4<0>;
v0x5a150c6c20b0_38 .net v0x5a150c6c20b0 38, 7 0, L_0x7c1bf165dbe8; 1 drivers
L_0x7c1bf165dc30 .functor BUFT 1, C4<00111101>, C4<0>, C4<0>, C4<0>;
v0x5a150c6c20b0_39 .net v0x5a150c6c20b0 39, 7 0, L_0x7c1bf165dc30; 1 drivers
L_0x7c1bf165dc78 .functor BUFT 1, C4<11101110>, C4<0>, C4<0>, C4<0>;
v0x5a150c6c20b0_40 .net v0x5a150c6c20b0 40, 7 0, L_0x7c1bf165dc78; 1 drivers
L_0x7c1bf165dcc0 .functor BUFT 1, C4<01001100>, C4<0>, C4<0>, C4<0>;
v0x5a150c6c20b0_41 .net v0x5a150c6c20b0 41, 7 0, L_0x7c1bf165dcc0; 1 drivers
L_0x7c1bf165dd08 .functor BUFT 1, C4<10010101>, C4<0>, C4<0>, C4<0>;
v0x5a150c6c20b0_42 .net v0x5a150c6c20b0 42, 7 0, L_0x7c1bf165dd08; 1 drivers
L_0x7c1bf165dd50 .functor BUFT 1, C4<00001011>, C4<0>, C4<0>, C4<0>;
v0x5a150c6c20b0_43 .net v0x5a150c6c20b0 43, 7 0, L_0x7c1bf165dd50; 1 drivers
L_0x7c1bf165dd98 .functor BUFT 1, C4<01000010>, C4<0>, C4<0>, C4<0>;
v0x5a150c6c20b0_44 .net v0x5a150c6c20b0 44, 7 0, L_0x7c1bf165dd98; 1 drivers
L_0x7c1bf165dde0 .functor BUFT 1, C4<11111010>, C4<0>, C4<0>, C4<0>;
v0x5a150c6c20b0_45 .net v0x5a150c6c20b0 45, 7 0, L_0x7c1bf165dde0; 1 drivers
L_0x7c1bf165de28 .functor BUFT 1, C4<11000011>, C4<0>, C4<0>, C4<0>;
v0x5a150c6c20b0_46 .net v0x5a150c6c20b0 46, 7 0, L_0x7c1bf165de28; 1 drivers
L_0x7c1bf165de70 .functor BUFT 1, C4<01001110>, C4<0>, C4<0>, C4<0>;
v0x5a150c6c20b0_47 .net v0x5a150c6c20b0 47, 7 0, L_0x7c1bf165de70; 1 drivers
L_0x7c1bf165deb8 .functor BUFT 1, C4<00001000>, C4<0>, C4<0>, C4<0>;
v0x5a150c6c20b0_48 .net v0x5a150c6c20b0 48, 7 0, L_0x7c1bf165deb8; 1 drivers
L_0x7c1bf165df00 .functor BUFT 1, C4<00101110>, C4<0>, C4<0>, C4<0>;
v0x5a150c6c20b0_49 .net v0x5a150c6c20b0 49, 7 0, L_0x7c1bf165df00; 1 drivers
L_0x7c1bf165df48 .functor BUFT 1, C4<10100001>, C4<0>, C4<0>, C4<0>;
v0x5a150c6c20b0_50 .net v0x5a150c6c20b0 50, 7 0, L_0x7c1bf165df48; 1 drivers
L_0x7c1bf165df90 .functor BUFT 1, C4<01100110>, C4<0>, C4<0>, C4<0>;
v0x5a150c6c20b0_51 .net v0x5a150c6c20b0 51, 7 0, L_0x7c1bf165df90; 1 drivers
L_0x7c1bf165dfd8 .functor BUFT 1, C4<00101000>, C4<0>, C4<0>, C4<0>;
v0x5a150c6c20b0_52 .net v0x5a150c6c20b0 52, 7 0, L_0x7c1bf165dfd8; 1 drivers
L_0x7c1bf165e020 .functor BUFT 1, C4<11011001>, C4<0>, C4<0>, C4<0>;
v0x5a150c6c20b0_53 .net v0x5a150c6c20b0 53, 7 0, L_0x7c1bf165e020; 1 drivers
L_0x7c1bf165e068 .functor BUFT 1, C4<00100100>, C4<0>, C4<0>, C4<0>;
v0x5a150c6c20b0_54 .net v0x5a150c6c20b0 54, 7 0, L_0x7c1bf165e068; 1 drivers
L_0x7c1bf165e0b0 .functor BUFT 1, C4<10110010>, C4<0>, C4<0>, C4<0>;
v0x5a150c6c20b0_55 .net v0x5a150c6c20b0 55, 7 0, L_0x7c1bf165e0b0; 1 drivers
L_0x7c1bf165e0f8 .functor BUFT 1, C4<01110110>, C4<0>, C4<0>, C4<0>;
v0x5a150c6c20b0_56 .net v0x5a150c6c20b0 56, 7 0, L_0x7c1bf165e0f8; 1 drivers
L_0x7c1bf165e140 .functor BUFT 1, C4<01011011>, C4<0>, C4<0>, C4<0>;
v0x5a150c6c20b0_57 .net v0x5a150c6c20b0 57, 7 0, L_0x7c1bf165e140; 1 drivers
L_0x7c1bf165e188 .functor BUFT 1, C4<10100010>, C4<0>, C4<0>, C4<0>;
v0x5a150c6c20b0_58 .net v0x5a150c6c20b0 58, 7 0, L_0x7c1bf165e188; 1 drivers
L_0x7c1bf165e1d0 .functor BUFT 1, C4<01001001>, C4<0>, C4<0>, C4<0>;
v0x5a150c6c20b0_59 .net v0x5a150c6c20b0 59, 7 0, L_0x7c1bf165e1d0; 1 drivers
L_0x7c1bf165e218 .functor BUFT 1, C4<01101101>, C4<0>, C4<0>, C4<0>;
v0x5a150c6c20b0_60 .net v0x5a150c6c20b0 60, 7 0, L_0x7c1bf165e218; 1 drivers
L_0x7c1bf165e260 .functor BUFT 1, C4<10001011>, C4<0>, C4<0>, C4<0>;
v0x5a150c6c20b0_61 .net v0x5a150c6c20b0 61, 7 0, L_0x7c1bf165e260; 1 drivers
L_0x7c1bf165e2a8 .functor BUFT 1, C4<11010001>, C4<0>, C4<0>, C4<0>;
v0x5a150c6c20b0_62 .net v0x5a150c6c20b0 62, 7 0, L_0x7c1bf165e2a8; 1 drivers
L_0x7c1bf165e2f0 .functor BUFT 1, C4<00100101>, C4<0>, C4<0>, C4<0>;
v0x5a150c6c20b0_63 .net v0x5a150c6c20b0 63, 7 0, L_0x7c1bf165e2f0; 1 drivers
L_0x7c1bf165e338 .functor BUFT 1, C4<01110010>, C4<0>, C4<0>, C4<0>;
v0x5a150c6c20b0_64 .net v0x5a150c6c20b0 64, 7 0, L_0x7c1bf165e338; 1 drivers
L_0x7c1bf165e380 .functor BUFT 1, C4<11111000>, C4<0>, C4<0>, C4<0>;
v0x5a150c6c20b0_65 .net v0x5a150c6c20b0 65, 7 0, L_0x7c1bf165e380; 1 drivers
L_0x7c1bf165e3c8 .functor BUFT 1, C4<11110110>, C4<0>, C4<0>, C4<0>;
v0x5a150c6c20b0_66 .net v0x5a150c6c20b0 66, 7 0, L_0x7c1bf165e3c8; 1 drivers
L_0x7c1bf165e410 .functor BUFT 1, C4<01100100>, C4<0>, C4<0>, C4<0>;
v0x5a150c6c20b0_67 .net v0x5a150c6c20b0 67, 7 0, L_0x7c1bf165e410; 1 drivers
L_0x7c1bf165e458 .functor BUFT 1, C4<10000110>, C4<0>, C4<0>, C4<0>;
v0x5a150c6c20b0_68 .net v0x5a150c6c20b0 68, 7 0, L_0x7c1bf165e458; 1 drivers
L_0x7c1bf165e4a0 .functor BUFT 1, C4<01101000>, C4<0>, C4<0>, C4<0>;
v0x5a150c6c20b0_69 .net v0x5a150c6c20b0 69, 7 0, L_0x7c1bf165e4a0; 1 drivers
L_0x7c1bf165e4e8 .functor BUFT 1, C4<10011000>, C4<0>, C4<0>, C4<0>;
v0x5a150c6c20b0_70 .net v0x5a150c6c20b0 70, 7 0, L_0x7c1bf165e4e8; 1 drivers
L_0x7c1bf165e530 .functor BUFT 1, C4<00010110>, C4<0>, C4<0>, C4<0>;
v0x5a150c6c20b0_71 .net v0x5a150c6c20b0 71, 7 0, L_0x7c1bf165e530; 1 drivers
L_0x7c1bf165e578 .functor BUFT 1, C4<11010100>, C4<0>, C4<0>, C4<0>;
v0x5a150c6c20b0_72 .net v0x5a150c6c20b0 72, 7 0, L_0x7c1bf165e578; 1 drivers
L_0x7c1bf165e5c0 .functor BUFT 1, C4<10100100>, C4<0>, C4<0>, C4<0>;
v0x5a150c6c20b0_73 .net v0x5a150c6c20b0 73, 7 0, L_0x7c1bf165e5c0; 1 drivers
L_0x7c1bf165e608 .functor BUFT 1, C4<01011100>, C4<0>, C4<0>, C4<0>;
v0x5a150c6c20b0_74 .net v0x5a150c6c20b0 74, 7 0, L_0x7c1bf165e608; 1 drivers
L_0x7c1bf165e650 .functor BUFT 1, C4<11001100>, C4<0>, C4<0>, C4<0>;
v0x5a150c6c20b0_75 .net v0x5a150c6c20b0 75, 7 0, L_0x7c1bf165e650; 1 drivers
L_0x7c1bf165e698 .functor BUFT 1, C4<01011101>, C4<0>, C4<0>, C4<0>;
v0x5a150c6c20b0_76 .net v0x5a150c6c20b0 76, 7 0, L_0x7c1bf165e698; 1 drivers
L_0x7c1bf165e6e0 .functor BUFT 1, C4<01100101>, C4<0>, C4<0>, C4<0>;
v0x5a150c6c20b0_77 .net v0x5a150c6c20b0 77, 7 0, L_0x7c1bf165e6e0; 1 drivers
L_0x7c1bf165e728 .functor BUFT 1, C4<10110110>, C4<0>, C4<0>, C4<0>;
v0x5a150c6c20b0_78 .net v0x5a150c6c20b0 78, 7 0, L_0x7c1bf165e728; 1 drivers
L_0x7c1bf165e770 .functor BUFT 1, C4<10010010>, C4<0>, C4<0>, C4<0>;
v0x5a150c6c20b0_79 .net v0x5a150c6c20b0 79, 7 0, L_0x7c1bf165e770; 1 drivers
L_0x7c1bf165e7b8 .functor BUFT 1, C4<01101100>, C4<0>, C4<0>, C4<0>;
v0x5a150c6c20b0_80 .net v0x5a150c6c20b0 80, 7 0, L_0x7c1bf165e7b8; 1 drivers
L_0x7c1bf165e800 .functor BUFT 1, C4<01110000>, C4<0>, C4<0>, C4<0>;
v0x5a150c6c20b0_81 .net v0x5a150c6c20b0 81, 7 0, L_0x7c1bf165e800; 1 drivers
L_0x7c1bf165e848 .functor BUFT 1, C4<01001000>, C4<0>, C4<0>, C4<0>;
v0x5a150c6c20b0_82 .net v0x5a150c6c20b0 82, 7 0, L_0x7c1bf165e848; 1 drivers
L_0x7c1bf165e890 .functor BUFT 1, C4<01010000>, C4<0>, C4<0>, C4<0>;
v0x5a150c6c20b0_83 .net v0x5a150c6c20b0 83, 7 0, L_0x7c1bf165e890; 1 drivers
L_0x7c1bf165e8d8 .functor BUFT 1, C4<11111101>, C4<0>, C4<0>, C4<0>;
v0x5a150c6c20b0_84 .net v0x5a150c6c20b0 84, 7 0, L_0x7c1bf165e8d8; 1 drivers
L_0x7c1bf165e920 .functor BUFT 1, C4<11101101>, C4<0>, C4<0>, C4<0>;
v0x5a150c6c20b0_85 .net v0x5a150c6c20b0 85, 7 0, L_0x7c1bf165e920; 1 drivers
L_0x7c1bf165e968 .functor BUFT 1, C4<10111001>, C4<0>, C4<0>, C4<0>;
v0x5a150c6c20b0_86 .net v0x5a150c6c20b0 86, 7 0, L_0x7c1bf165e968; 1 drivers
L_0x7c1bf165e9b0 .functor BUFT 1, C4<11011010>, C4<0>, C4<0>, C4<0>;
v0x5a150c6c20b0_87 .net v0x5a150c6c20b0 87, 7 0, L_0x7c1bf165e9b0; 1 drivers
L_0x7c1bf165e9f8 .functor BUFT 1, C4<01011110>, C4<0>, C4<0>, C4<0>;
v0x5a150c6c20b0_88 .net v0x5a150c6c20b0 88, 7 0, L_0x7c1bf165e9f8; 1 drivers
L_0x7c1bf165ea40 .functor BUFT 1, C4<00010101>, C4<0>, C4<0>, C4<0>;
v0x5a150c6c20b0_89 .net v0x5a150c6c20b0 89, 7 0, L_0x7c1bf165ea40; 1 drivers
L_0x7c1bf165ea88 .functor BUFT 1, C4<01000110>, C4<0>, C4<0>, C4<0>;
v0x5a150c6c20b0_90 .net v0x5a150c6c20b0 90, 7 0, L_0x7c1bf165ea88; 1 drivers
L_0x7c1bf165ead0 .functor BUFT 1, C4<01010111>, C4<0>, C4<0>, C4<0>;
v0x5a150c6c20b0_91 .net v0x5a150c6c20b0 91, 7 0, L_0x7c1bf165ead0; 1 drivers
L_0x7c1bf165eb18 .functor BUFT 1, C4<10100111>, C4<0>, C4<0>, C4<0>;
v0x5a150c6c20b0_92 .net v0x5a150c6c20b0 92, 7 0, L_0x7c1bf165eb18; 1 drivers
L_0x7c1bf165eb60 .functor BUFT 1, C4<10001101>, C4<0>, C4<0>, C4<0>;
v0x5a150c6c20b0_93 .net v0x5a150c6c20b0 93, 7 0, L_0x7c1bf165eb60; 1 drivers
L_0x7c1bf165eba8 .functor BUFT 1, C4<10011101>, C4<0>, C4<0>, C4<0>;
v0x5a150c6c20b0_94 .net v0x5a150c6c20b0 94, 7 0, L_0x7c1bf165eba8; 1 drivers
L_0x7c1bf165ebf0 .functor BUFT 1, C4<10000100>, C4<0>, C4<0>, C4<0>;
v0x5a150c6c20b0_95 .net v0x5a150c6c20b0 95, 7 0, L_0x7c1bf165ebf0; 1 drivers
L_0x7c1bf165ec38 .functor BUFT 1, C4<10010000>, C4<0>, C4<0>, C4<0>;
v0x5a150c6c20b0_96 .net v0x5a150c6c20b0 96, 7 0, L_0x7c1bf165ec38; 1 drivers
L_0x7c1bf165ec80 .functor BUFT 1, C4<11011000>, C4<0>, C4<0>, C4<0>;
v0x5a150c6c20b0_97 .net v0x5a150c6c20b0 97, 7 0, L_0x7c1bf165ec80; 1 drivers
L_0x7c1bf165ecc8 .functor BUFT 1, C4<10101011>, C4<0>, C4<0>, C4<0>;
v0x5a150c6c20b0_98 .net v0x5a150c6c20b0 98, 7 0, L_0x7c1bf165ecc8; 1 drivers
L_0x7c1bf165ed10 .functor BUFT 1, C4<00000000>, C4<0>, C4<0>, C4<0>;
v0x5a150c6c20b0_99 .net v0x5a150c6c20b0 99, 7 0, L_0x7c1bf165ed10; 1 drivers
L_0x7c1bf165ed58 .functor BUFT 1, C4<10001100>, C4<0>, C4<0>, C4<0>;
v0x5a150c6c20b0_100 .net v0x5a150c6c20b0 100, 7 0, L_0x7c1bf165ed58; 1 drivers
L_0x7c1bf165eda0 .functor BUFT 1, C4<10111100>, C4<0>, C4<0>, C4<0>;
v0x5a150c6c20b0_101 .net v0x5a150c6c20b0 101, 7 0, L_0x7c1bf165eda0; 1 drivers
L_0x7c1bf165ede8 .functor BUFT 1, C4<11010011>, C4<0>, C4<0>, C4<0>;
v0x5a150c6c20b0_102 .net v0x5a150c6c20b0 102, 7 0, L_0x7c1bf165ede8; 1 drivers
L_0x7c1bf165ee30 .functor BUFT 1, C4<00001010>, C4<0>, C4<0>, C4<0>;
v0x5a150c6c20b0_103 .net v0x5a150c6c20b0 103, 7 0, L_0x7c1bf165ee30; 1 drivers
L_0x7c1bf165ee78 .functor BUFT 1, C4<11110111>, C4<0>, C4<0>, C4<0>;
v0x5a150c6c20b0_104 .net v0x5a150c6c20b0 104, 7 0, L_0x7c1bf165ee78; 1 drivers
L_0x7c1bf165eec0 .functor BUFT 1, C4<11100100>, C4<0>, C4<0>, C4<0>;
v0x5a150c6c20b0_105 .net v0x5a150c6c20b0 105, 7 0, L_0x7c1bf165eec0; 1 drivers
L_0x7c1bf165ef08 .functor BUFT 1, C4<01011000>, C4<0>, C4<0>, C4<0>;
v0x5a150c6c20b0_106 .net v0x5a150c6c20b0 106, 7 0, L_0x7c1bf165ef08; 1 drivers
L_0x7c1bf165ef50 .functor BUFT 1, C4<00000101>, C4<0>, C4<0>, C4<0>;
v0x5a150c6c20b0_107 .net v0x5a150c6c20b0 107, 7 0, L_0x7c1bf165ef50; 1 drivers
L_0x7c1bf165ef98 .functor BUFT 1, C4<10111000>, C4<0>, C4<0>, C4<0>;
v0x5a150c6c20b0_108 .net v0x5a150c6c20b0 108, 7 0, L_0x7c1bf165ef98; 1 drivers
L_0x7c1bf165efe0 .functor BUFT 1, C4<10110011>, C4<0>, C4<0>, C4<0>;
v0x5a150c6c20b0_109 .net v0x5a150c6c20b0 109, 7 0, L_0x7c1bf165efe0; 1 drivers
L_0x7c1bf165f028 .functor BUFT 1, C4<01000101>, C4<0>, C4<0>, C4<0>;
v0x5a150c6c20b0_110 .net v0x5a150c6c20b0 110, 7 0, L_0x7c1bf165f028; 1 drivers
L_0x7c1bf165f070 .functor BUFT 1, C4<00000110>, C4<0>, C4<0>, C4<0>;
v0x5a150c6c20b0_111 .net v0x5a150c6c20b0 111, 7 0, L_0x7c1bf165f070; 1 drivers
L_0x7c1bf165f0b8 .functor BUFT 1, C4<11010000>, C4<0>, C4<0>, C4<0>;
v0x5a150c6c20b0_112 .net v0x5a150c6c20b0 112, 7 0, L_0x7c1bf165f0b8; 1 drivers
L_0x7c1bf165f100 .functor BUFT 1, C4<00101100>, C4<0>, C4<0>, C4<0>;
v0x5a150c6c20b0_113 .net v0x5a150c6c20b0 113, 7 0, L_0x7c1bf165f100; 1 drivers
L_0x7c1bf165f148 .functor BUFT 1, C4<00011110>, C4<0>, C4<0>, C4<0>;
v0x5a150c6c20b0_114 .net v0x5a150c6c20b0 114, 7 0, L_0x7c1bf165f148; 1 drivers
L_0x7c1bf165f190 .functor BUFT 1, C4<10001111>, C4<0>, C4<0>, C4<0>;
v0x5a150c6c20b0_115 .net v0x5a150c6c20b0 115, 7 0, L_0x7c1bf165f190; 1 drivers
L_0x7c1bf165f1d8 .functor BUFT 1, C4<11001010>, C4<0>, C4<0>, C4<0>;
v0x5a150c6c20b0_116 .net v0x5a150c6c20b0 116, 7 0, L_0x7c1bf165f1d8; 1 drivers
L_0x7c1bf165f220 .functor BUFT 1, C4<00111111>, C4<0>, C4<0>, C4<0>;
v0x5a150c6c20b0_117 .net v0x5a150c6c20b0 117, 7 0, L_0x7c1bf165f220; 1 drivers
L_0x7c1bf165f268 .functor BUFT 1, C4<00001111>, C4<0>, C4<0>, C4<0>;
v0x5a150c6c20b0_118 .net v0x5a150c6c20b0 118, 7 0, L_0x7c1bf165f268; 1 drivers
L_0x7c1bf165f2b0 .functor BUFT 1, C4<00000010>, C4<0>, C4<0>, C4<0>;
v0x5a150c6c20b0_119 .net v0x5a150c6c20b0 119, 7 0, L_0x7c1bf165f2b0; 1 drivers
L_0x7c1bf165f2f8 .functor BUFT 1, C4<11000001>, C4<0>, C4<0>, C4<0>;
v0x5a150c6c20b0_120 .net v0x5a150c6c20b0 120, 7 0, L_0x7c1bf165f2f8; 1 drivers
L_0x7c1bf165f340 .functor BUFT 1, C4<10101111>, C4<0>, C4<0>, C4<0>;
v0x5a150c6c20b0_121 .net v0x5a150c6c20b0 121, 7 0, L_0x7c1bf165f340; 1 drivers
L_0x7c1bf165f388 .functor BUFT 1, C4<10111101>, C4<0>, C4<0>, C4<0>;
v0x5a150c6c20b0_122 .net v0x5a150c6c20b0 122, 7 0, L_0x7c1bf165f388; 1 drivers
L_0x7c1bf165f3d0 .functor BUFT 1, C4<00000011>, C4<0>, C4<0>, C4<0>;
v0x5a150c6c20b0_123 .net v0x5a150c6c20b0 123, 7 0, L_0x7c1bf165f3d0; 1 drivers
L_0x7c1bf165f418 .functor BUFT 1, C4<00000001>, C4<0>, C4<0>, C4<0>;
v0x5a150c6c20b0_124 .net v0x5a150c6c20b0 124, 7 0, L_0x7c1bf165f418; 1 drivers
L_0x7c1bf165f460 .functor BUFT 1, C4<00010011>, C4<0>, C4<0>, C4<0>;
v0x5a150c6c20b0_125 .net v0x5a150c6c20b0 125, 7 0, L_0x7c1bf165f460; 1 drivers
L_0x7c1bf165f4a8 .functor BUFT 1, C4<10001010>, C4<0>, C4<0>, C4<0>;
v0x5a150c6c20b0_126 .net v0x5a150c6c20b0 126, 7 0, L_0x7c1bf165f4a8; 1 drivers
L_0x7c1bf165f4f0 .functor BUFT 1, C4<01101011>, C4<0>, C4<0>, C4<0>;
v0x5a150c6c20b0_127 .net v0x5a150c6c20b0 127, 7 0, L_0x7c1bf165f4f0; 1 drivers
L_0x7c1bf165f538 .functor BUFT 1, C4<00111010>, C4<0>, C4<0>, C4<0>;
v0x5a150c6c20b0_128 .net v0x5a150c6c20b0 128, 7 0, L_0x7c1bf165f538; 1 drivers
L_0x7c1bf165f580 .functor BUFT 1, C4<10010001>, C4<0>, C4<0>, C4<0>;
v0x5a150c6c20b0_129 .net v0x5a150c6c20b0 129, 7 0, L_0x7c1bf165f580; 1 drivers
L_0x7c1bf165f5c8 .functor BUFT 1, C4<00010001>, C4<0>, C4<0>, C4<0>;
v0x5a150c6c20b0_130 .net v0x5a150c6c20b0 130, 7 0, L_0x7c1bf165f5c8; 1 drivers
L_0x7c1bf165f610 .functor BUFT 1, C4<01000001>, C4<0>, C4<0>, C4<0>;
v0x5a150c6c20b0_131 .net v0x5a150c6c20b0 131, 7 0, L_0x7c1bf165f610; 1 drivers
L_0x7c1bf165f658 .functor BUFT 1, C4<01001111>, C4<0>, C4<0>, C4<0>;
v0x5a150c6c20b0_132 .net v0x5a150c6c20b0 132, 7 0, L_0x7c1bf165f658; 1 drivers
L_0x7c1bf165f6a0 .functor BUFT 1, C4<01100111>, C4<0>, C4<0>, C4<0>;
v0x5a150c6c20b0_133 .net v0x5a150c6c20b0 133, 7 0, L_0x7c1bf165f6a0; 1 drivers
L_0x7c1bf165f6e8 .functor BUFT 1, C4<11011100>, C4<0>, C4<0>, C4<0>;
v0x5a150c6c20b0_134 .net v0x5a150c6c20b0 134, 7 0, L_0x7c1bf165f6e8; 1 drivers
L_0x7c1bf165f730 .functor BUFT 1, C4<11101010>, C4<0>, C4<0>, C4<0>;
v0x5a150c6c20b0_135 .net v0x5a150c6c20b0 135, 7 0, L_0x7c1bf165f730; 1 drivers
L_0x7c1bf165f778 .functor BUFT 1, C4<10010111>, C4<0>, C4<0>, C4<0>;
v0x5a150c6c20b0_136 .net v0x5a150c6c20b0 136, 7 0, L_0x7c1bf165f778; 1 drivers
L_0x7c1bf165f7c0 .functor BUFT 1, C4<11110010>, C4<0>, C4<0>, C4<0>;
v0x5a150c6c20b0_137 .net v0x5a150c6c20b0 137, 7 0, L_0x7c1bf165f7c0; 1 drivers
L_0x7c1bf165f808 .functor BUFT 1, C4<11001111>, C4<0>, C4<0>, C4<0>;
v0x5a150c6c20b0_138 .net v0x5a150c6c20b0 138, 7 0, L_0x7c1bf165f808; 1 drivers
L_0x7c1bf165f850 .functor BUFT 1, C4<11001110>, C4<0>, C4<0>, C4<0>;
v0x5a150c6c20b0_139 .net v0x5a150c6c20b0 139, 7 0, L_0x7c1bf165f850; 1 drivers
L_0x7c1bf165f898 .functor BUFT 1, C4<11110000>, C4<0>, C4<0>, C4<0>;
v0x5a150c6c20b0_140 .net v0x5a150c6c20b0 140, 7 0, L_0x7c1bf165f898; 1 drivers
L_0x7c1bf165f8e0 .functor BUFT 1, C4<10110100>, C4<0>, C4<0>, C4<0>;
v0x5a150c6c20b0_141 .net v0x5a150c6c20b0 141, 7 0, L_0x7c1bf165f8e0; 1 drivers
L_0x7c1bf165f928 .functor BUFT 1, C4<11100110>, C4<0>, C4<0>, C4<0>;
v0x5a150c6c20b0_142 .net v0x5a150c6c20b0 142, 7 0, L_0x7c1bf165f928; 1 drivers
L_0x7c1bf165f970 .functor BUFT 1, C4<01110011>, C4<0>, C4<0>, C4<0>;
v0x5a150c6c20b0_143 .net v0x5a150c6c20b0 143, 7 0, L_0x7c1bf165f970; 1 drivers
L_0x7c1bf165f9b8 .functor BUFT 1, C4<10010110>, C4<0>, C4<0>, C4<0>;
v0x5a150c6c20b0_144 .net v0x5a150c6c20b0 144, 7 0, L_0x7c1bf165f9b8; 1 drivers
L_0x7c1bf165fa00 .functor BUFT 1, C4<10101100>, C4<0>, C4<0>, C4<0>;
v0x5a150c6c20b0_145 .net v0x5a150c6c20b0 145, 7 0, L_0x7c1bf165fa00; 1 drivers
L_0x7c1bf165fa48 .functor BUFT 1, C4<01110100>, C4<0>, C4<0>, C4<0>;
v0x5a150c6c20b0_146 .net v0x5a150c6c20b0 146, 7 0, L_0x7c1bf165fa48; 1 drivers
L_0x7c1bf165fa90 .functor BUFT 1, C4<00100010>, C4<0>, C4<0>, C4<0>;
v0x5a150c6c20b0_147 .net v0x5a150c6c20b0 147, 7 0, L_0x7c1bf165fa90; 1 drivers
L_0x7c1bf165fad8 .functor BUFT 1, C4<11100111>, C4<0>, C4<0>, C4<0>;
v0x5a150c6c20b0_148 .net v0x5a150c6c20b0 148, 7 0, L_0x7c1bf165fad8; 1 drivers
L_0x7c1bf165fb20 .functor BUFT 1, C4<10101101>, C4<0>, C4<0>, C4<0>;
v0x5a150c6c20b0_149 .net v0x5a150c6c20b0 149, 7 0, L_0x7c1bf165fb20; 1 drivers
L_0x7c1bf165fb68 .functor BUFT 1, C4<00110101>, C4<0>, C4<0>, C4<0>;
v0x5a150c6c20b0_150 .net v0x5a150c6c20b0 150, 7 0, L_0x7c1bf165fb68; 1 drivers
L_0x7c1bf165fbb0 .functor BUFT 1, C4<10000101>, C4<0>, C4<0>, C4<0>;
v0x5a150c6c20b0_151 .net v0x5a150c6c20b0 151, 7 0, L_0x7c1bf165fbb0; 1 drivers
L_0x7c1bf165fbf8 .functor BUFT 1, C4<11100010>, C4<0>, C4<0>, C4<0>;
v0x5a150c6c20b0_152 .net v0x5a150c6c20b0 152, 7 0, L_0x7c1bf165fbf8; 1 drivers
L_0x7c1bf165fc40 .functor BUFT 1, C4<11111001>, C4<0>, C4<0>, C4<0>;
v0x5a150c6c20b0_153 .net v0x5a150c6c20b0 153, 7 0, L_0x7c1bf165fc40; 1 drivers
L_0x7c1bf165fc88 .functor BUFT 1, C4<00110111>, C4<0>, C4<0>, C4<0>;
v0x5a150c6c20b0_154 .net v0x5a150c6c20b0 154, 7 0, L_0x7c1bf165fc88; 1 drivers
L_0x7c1bf165fcd0 .functor BUFT 1, C4<11101000>, C4<0>, C4<0>, C4<0>;
v0x5a150c6c20b0_155 .net v0x5a150c6c20b0 155, 7 0, L_0x7c1bf165fcd0; 1 drivers
L_0x7c1bf165fd18 .functor BUFT 1, C4<00011100>, C4<0>, C4<0>, C4<0>;
v0x5a150c6c20b0_156 .net v0x5a150c6c20b0 156, 7 0, L_0x7c1bf165fd18; 1 drivers
L_0x7c1bf165fd60 .functor BUFT 1, C4<01110101>, C4<0>, C4<0>, C4<0>;
v0x5a150c6c20b0_157 .net v0x5a150c6c20b0 157, 7 0, L_0x7c1bf165fd60; 1 drivers
L_0x7c1bf165fda8 .functor BUFT 1, C4<11011111>, C4<0>, C4<0>, C4<0>;
v0x5a150c6c20b0_158 .net v0x5a150c6c20b0 158, 7 0, L_0x7c1bf165fda8; 1 drivers
L_0x7c1bf165fdf0 .functor BUFT 1, C4<01101110>, C4<0>, C4<0>, C4<0>;
v0x5a150c6c20b0_159 .net v0x5a150c6c20b0 159, 7 0, L_0x7c1bf165fdf0; 1 drivers
L_0x7c1bf165fe38 .functor BUFT 1, C4<01000111>, C4<0>, C4<0>, C4<0>;
v0x5a150c6c20b0_160 .net v0x5a150c6c20b0 160, 7 0, L_0x7c1bf165fe38; 1 drivers
L_0x7c1bf165fe80 .functor BUFT 1, C4<11110001>, C4<0>, C4<0>, C4<0>;
v0x5a150c6c20b0_161 .net v0x5a150c6c20b0 161, 7 0, L_0x7c1bf165fe80; 1 drivers
L_0x7c1bf165fec8 .functor BUFT 1, C4<00011010>, C4<0>, C4<0>, C4<0>;
v0x5a150c6c20b0_162 .net v0x5a150c6c20b0 162, 7 0, L_0x7c1bf165fec8; 1 drivers
L_0x7c1bf165ff10 .functor BUFT 1, C4<01110001>, C4<0>, C4<0>, C4<0>;
v0x5a150c6c20b0_163 .net v0x5a150c6c20b0 163, 7 0, L_0x7c1bf165ff10; 1 drivers
L_0x7c1bf165ff58 .functor BUFT 1, C4<00011101>, C4<0>, C4<0>, C4<0>;
v0x5a150c6c20b0_164 .net v0x5a150c6c20b0 164, 7 0, L_0x7c1bf165ff58; 1 drivers
L_0x7c1bf165ffa0 .functor BUFT 1, C4<00101001>, C4<0>, C4<0>, C4<0>;
v0x5a150c6c20b0_165 .net v0x5a150c6c20b0 165, 7 0, L_0x7c1bf165ffa0; 1 drivers
L_0x7c1bf165ffe8 .functor BUFT 1, C4<11000101>, C4<0>, C4<0>, C4<0>;
v0x5a150c6c20b0_166 .net v0x5a150c6c20b0 166, 7 0, L_0x7c1bf165ffe8; 1 drivers
L_0x7c1bf1660030 .functor BUFT 1, C4<10001001>, C4<0>, C4<0>, C4<0>;
v0x5a150c6c20b0_167 .net v0x5a150c6c20b0 167, 7 0, L_0x7c1bf1660030; 1 drivers
L_0x7c1bf1660078 .functor BUFT 1, C4<01101111>, C4<0>, C4<0>, C4<0>;
v0x5a150c6c20b0_168 .net v0x5a150c6c20b0 168, 7 0, L_0x7c1bf1660078; 1 drivers
L_0x7c1bf16600c0 .functor BUFT 1, C4<10110111>, C4<0>, C4<0>, C4<0>;
v0x5a150c6c20b0_169 .net v0x5a150c6c20b0 169, 7 0, L_0x7c1bf16600c0; 1 drivers
L_0x7c1bf1660108 .functor BUFT 1, C4<01100010>, C4<0>, C4<0>, C4<0>;
v0x5a150c6c20b0_170 .net v0x5a150c6c20b0 170, 7 0, L_0x7c1bf1660108; 1 drivers
L_0x7c1bf1660150 .functor BUFT 1, C4<00001110>, C4<0>, C4<0>, C4<0>;
v0x5a150c6c20b0_171 .net v0x5a150c6c20b0 171, 7 0, L_0x7c1bf1660150; 1 drivers
L_0x7c1bf1660198 .functor BUFT 1, C4<10101010>, C4<0>, C4<0>, C4<0>;
v0x5a150c6c20b0_172 .net v0x5a150c6c20b0 172, 7 0, L_0x7c1bf1660198; 1 drivers
L_0x7c1bf16601e0 .functor BUFT 1, C4<00011000>, C4<0>, C4<0>, C4<0>;
v0x5a150c6c20b0_173 .net v0x5a150c6c20b0 173, 7 0, L_0x7c1bf16601e0; 1 drivers
L_0x7c1bf1660228 .functor BUFT 1, C4<10111110>, C4<0>, C4<0>, C4<0>;
v0x5a150c6c20b0_174 .net v0x5a150c6c20b0 174, 7 0, L_0x7c1bf1660228; 1 drivers
L_0x7c1bf1660270 .functor BUFT 1, C4<00011011>, C4<0>, C4<0>, C4<0>;
v0x5a150c6c20b0_175 .net v0x5a150c6c20b0 175, 7 0, L_0x7c1bf1660270; 1 drivers
L_0x7c1bf16602b8 .functor BUFT 1, C4<11111100>, C4<0>, C4<0>, C4<0>;
v0x5a150c6c20b0_176 .net v0x5a150c6c20b0 176, 7 0, L_0x7c1bf16602b8; 1 drivers
L_0x7c1bf1660300 .functor BUFT 1, C4<01010110>, C4<0>, C4<0>, C4<0>;
v0x5a150c6c20b0_177 .net v0x5a150c6c20b0 177, 7 0, L_0x7c1bf1660300; 1 drivers
L_0x7c1bf1660348 .functor BUFT 1, C4<00111110>, C4<0>, C4<0>, C4<0>;
v0x5a150c6c20b0_178 .net v0x5a150c6c20b0 178, 7 0, L_0x7c1bf1660348; 1 drivers
L_0x7c1bf1660390 .functor BUFT 1, C4<01001011>, C4<0>, C4<0>, C4<0>;
v0x5a150c6c20b0_179 .net v0x5a150c6c20b0 179, 7 0, L_0x7c1bf1660390; 1 drivers
L_0x7c1bf16603d8 .functor BUFT 1, C4<11000110>, C4<0>, C4<0>, C4<0>;
v0x5a150c6c20b0_180 .net v0x5a150c6c20b0 180, 7 0, L_0x7c1bf16603d8; 1 drivers
L_0x7c1bf1660420 .functor BUFT 1, C4<11010010>, C4<0>, C4<0>, C4<0>;
v0x5a150c6c20b0_181 .net v0x5a150c6c20b0 181, 7 0, L_0x7c1bf1660420; 1 drivers
L_0x7c1bf1660468 .functor BUFT 1, C4<01111001>, C4<0>, C4<0>, C4<0>;
v0x5a150c6c20b0_182 .net v0x5a150c6c20b0 182, 7 0, L_0x7c1bf1660468; 1 drivers
L_0x7c1bf16604b0 .functor BUFT 1, C4<00100000>, C4<0>, C4<0>, C4<0>;
v0x5a150c6c20b0_183 .net v0x5a150c6c20b0 183, 7 0, L_0x7c1bf16604b0; 1 drivers
L_0x7c1bf16604f8 .functor BUFT 1, C4<10011010>, C4<0>, C4<0>, C4<0>;
v0x5a150c6c20b0_184 .net v0x5a150c6c20b0 184, 7 0, L_0x7c1bf16604f8; 1 drivers
L_0x7c1bf1660540 .functor BUFT 1, C4<11011011>, C4<0>, C4<0>, C4<0>;
v0x5a150c6c20b0_185 .net v0x5a150c6c20b0 185, 7 0, L_0x7c1bf1660540; 1 drivers
L_0x7c1bf1660588 .functor BUFT 1, C4<11000000>, C4<0>, C4<0>, C4<0>;
v0x5a150c6c20b0_186 .net v0x5a150c6c20b0 186, 7 0, L_0x7c1bf1660588; 1 drivers
L_0x7c1bf16605d0 .functor BUFT 1, C4<11111110>, C4<0>, C4<0>, C4<0>;
v0x5a150c6c20b0_187 .net v0x5a150c6c20b0 187, 7 0, L_0x7c1bf16605d0; 1 drivers
L_0x7c1bf1660618 .functor BUFT 1, C4<01111000>, C4<0>, C4<0>, C4<0>;
v0x5a150c6c20b0_188 .net v0x5a150c6c20b0 188, 7 0, L_0x7c1bf1660618; 1 drivers
L_0x7c1bf1660660 .functor BUFT 1, C4<11001101>, C4<0>, C4<0>, C4<0>;
v0x5a150c6c20b0_189 .net v0x5a150c6c20b0 189, 7 0, L_0x7c1bf1660660; 1 drivers
L_0x7c1bf16606a8 .functor BUFT 1, C4<01011010>, C4<0>, C4<0>, C4<0>;
v0x5a150c6c20b0_190 .net v0x5a150c6c20b0 190, 7 0, L_0x7c1bf16606a8; 1 drivers
L_0x7c1bf16606f0 .functor BUFT 1, C4<11110100>, C4<0>, C4<0>, C4<0>;
v0x5a150c6c20b0_191 .net v0x5a150c6c20b0 191, 7 0, L_0x7c1bf16606f0; 1 drivers
L_0x7c1bf1660738 .functor BUFT 1, C4<00011111>, C4<0>, C4<0>, C4<0>;
v0x5a150c6c20b0_192 .net v0x5a150c6c20b0 192, 7 0, L_0x7c1bf1660738; 1 drivers
L_0x7c1bf1660780 .functor BUFT 1, C4<11011101>, C4<0>, C4<0>, C4<0>;
v0x5a150c6c20b0_193 .net v0x5a150c6c20b0 193, 7 0, L_0x7c1bf1660780; 1 drivers
L_0x7c1bf16607c8 .functor BUFT 1, C4<10101000>, C4<0>, C4<0>, C4<0>;
v0x5a150c6c20b0_194 .net v0x5a150c6c20b0 194, 7 0, L_0x7c1bf16607c8; 1 drivers
L_0x7c1bf1660810 .functor BUFT 1, C4<00110011>, C4<0>, C4<0>, C4<0>;
v0x5a150c6c20b0_195 .net v0x5a150c6c20b0 195, 7 0, L_0x7c1bf1660810; 1 drivers
L_0x7c1bf1660858 .functor BUFT 1, C4<10001000>, C4<0>, C4<0>, C4<0>;
v0x5a150c6c20b0_196 .net v0x5a150c6c20b0 196, 7 0, L_0x7c1bf1660858; 1 drivers
L_0x7c1bf16608a0 .functor BUFT 1, C4<00000111>, C4<0>, C4<0>, C4<0>;
v0x5a150c6c20b0_197 .net v0x5a150c6c20b0 197, 7 0, L_0x7c1bf16608a0; 1 drivers
L_0x7c1bf16608e8 .functor BUFT 1, C4<11000111>, C4<0>, C4<0>, C4<0>;
v0x5a150c6c20b0_198 .net v0x5a150c6c20b0 198, 7 0, L_0x7c1bf16608e8; 1 drivers
L_0x7c1bf1660930 .functor BUFT 1, C4<00110001>, C4<0>, C4<0>, C4<0>;
v0x5a150c6c20b0_199 .net v0x5a150c6c20b0 199, 7 0, L_0x7c1bf1660930; 1 drivers
L_0x7c1bf1660978 .functor BUFT 1, C4<10110001>, C4<0>, C4<0>, C4<0>;
v0x5a150c6c20b0_200 .net v0x5a150c6c20b0 200, 7 0, L_0x7c1bf1660978; 1 drivers
L_0x7c1bf16609c0 .functor BUFT 1, C4<00010010>, C4<0>, C4<0>, C4<0>;
v0x5a150c6c20b0_201 .net v0x5a150c6c20b0 201, 7 0, L_0x7c1bf16609c0; 1 drivers
L_0x7c1bf1660a08 .functor BUFT 1, C4<00010000>, C4<0>, C4<0>, C4<0>;
v0x5a150c6c20b0_202 .net v0x5a150c6c20b0 202, 7 0, L_0x7c1bf1660a08; 1 drivers
L_0x7c1bf1660a50 .functor BUFT 1, C4<01011001>, C4<0>, C4<0>, C4<0>;
v0x5a150c6c20b0_203 .net v0x5a150c6c20b0 203, 7 0, L_0x7c1bf1660a50; 1 drivers
L_0x7c1bf1660a98 .functor BUFT 1, C4<00100111>, C4<0>, C4<0>, C4<0>;
v0x5a150c6c20b0_204 .net v0x5a150c6c20b0 204, 7 0, L_0x7c1bf1660a98; 1 drivers
L_0x7c1bf1660ae0 .functor BUFT 1, C4<10000000>, C4<0>, C4<0>, C4<0>;
v0x5a150c6c20b0_205 .net v0x5a150c6c20b0 205, 7 0, L_0x7c1bf1660ae0; 1 drivers
L_0x7c1bf1660b28 .functor BUFT 1, C4<11101100>, C4<0>, C4<0>, C4<0>;
v0x5a150c6c20b0_206 .net v0x5a150c6c20b0 206, 7 0, L_0x7c1bf1660b28; 1 drivers
L_0x7c1bf1660b70 .functor BUFT 1, C4<01011111>, C4<0>, C4<0>, C4<0>;
v0x5a150c6c20b0_207 .net v0x5a150c6c20b0 207, 7 0, L_0x7c1bf1660b70; 1 drivers
L_0x7c1bf1660bb8 .functor BUFT 1, C4<01100000>, C4<0>, C4<0>, C4<0>;
v0x5a150c6c20b0_208 .net v0x5a150c6c20b0 208, 7 0, L_0x7c1bf1660bb8; 1 drivers
L_0x7c1bf1660c00 .functor BUFT 1, C4<01010001>, C4<0>, C4<0>, C4<0>;
v0x5a150c6c20b0_209 .net v0x5a150c6c20b0 209, 7 0, L_0x7c1bf1660c00; 1 drivers
L_0x7c1bf1660c48 .functor BUFT 1, C4<01111111>, C4<0>, C4<0>, C4<0>;
v0x5a150c6c20b0_210 .net v0x5a150c6c20b0 210, 7 0, L_0x7c1bf1660c48; 1 drivers
L_0x7c1bf1660c90 .functor BUFT 1, C4<10101001>, C4<0>, C4<0>, C4<0>;
v0x5a150c6c20b0_211 .net v0x5a150c6c20b0 211, 7 0, L_0x7c1bf1660c90; 1 drivers
L_0x7c1bf1660cd8 .functor BUFT 1, C4<00011001>, C4<0>, C4<0>, C4<0>;
v0x5a150c6c20b0_212 .net v0x5a150c6c20b0 212, 7 0, L_0x7c1bf1660cd8; 1 drivers
L_0x7c1bf1660d20 .functor BUFT 1, C4<10110101>, C4<0>, C4<0>, C4<0>;
v0x5a150c6c20b0_213 .net v0x5a150c6c20b0 213, 7 0, L_0x7c1bf1660d20; 1 drivers
L_0x7c1bf1660d68 .functor BUFT 1, C4<01001010>, C4<0>, C4<0>, C4<0>;
v0x5a150c6c20b0_214 .net v0x5a150c6c20b0 214, 7 0, L_0x7c1bf1660d68; 1 drivers
L_0x7c1bf1660db0 .functor BUFT 1, C4<00001101>, C4<0>, C4<0>, C4<0>;
v0x5a150c6c20b0_215 .net v0x5a150c6c20b0 215, 7 0, L_0x7c1bf1660db0; 1 drivers
L_0x7c1bf1660df8 .functor BUFT 1, C4<00101101>, C4<0>, C4<0>, C4<0>;
v0x5a150c6c20b0_216 .net v0x5a150c6c20b0 216, 7 0, L_0x7c1bf1660df8; 1 drivers
L_0x7c1bf1660e40 .functor BUFT 1, C4<11100101>, C4<0>, C4<0>, C4<0>;
v0x5a150c6c20b0_217 .net v0x5a150c6c20b0 217, 7 0, L_0x7c1bf1660e40; 1 drivers
L_0x7c1bf1660e88 .functor BUFT 1, C4<01111010>, C4<0>, C4<0>, C4<0>;
v0x5a150c6c20b0_218 .net v0x5a150c6c20b0 218, 7 0, L_0x7c1bf1660e88; 1 drivers
L_0x7c1bf1660ed0 .functor BUFT 1, C4<10011111>, C4<0>, C4<0>, C4<0>;
v0x5a150c6c20b0_219 .net v0x5a150c6c20b0 219, 7 0, L_0x7c1bf1660ed0; 1 drivers
L_0x7c1bf1660f18 .functor BUFT 1, C4<10010011>, C4<0>, C4<0>, C4<0>;
v0x5a150c6c20b0_220 .net v0x5a150c6c20b0 220, 7 0, L_0x7c1bf1660f18; 1 drivers
L_0x7c1bf1660f60 .functor BUFT 1, C4<11001001>, C4<0>, C4<0>, C4<0>;
v0x5a150c6c20b0_221 .net v0x5a150c6c20b0 221, 7 0, L_0x7c1bf1660f60; 1 drivers
L_0x7c1bf1660fa8 .functor BUFT 1, C4<10011100>, C4<0>, C4<0>, C4<0>;
v0x5a150c6c20b0_222 .net v0x5a150c6c20b0 222, 7 0, L_0x7c1bf1660fa8; 1 drivers
L_0x7c1bf1660ff0 .functor BUFT 1, C4<11101111>, C4<0>, C4<0>, C4<0>;
v0x5a150c6c20b0_223 .net v0x5a150c6c20b0 223, 7 0, L_0x7c1bf1660ff0; 1 drivers
L_0x7c1bf1661038 .functor BUFT 1, C4<10100000>, C4<0>, C4<0>, C4<0>;
v0x5a150c6c20b0_224 .net v0x5a150c6c20b0 224, 7 0, L_0x7c1bf1661038; 1 drivers
L_0x7c1bf1661080 .functor BUFT 1, C4<11100000>, C4<0>, C4<0>, C4<0>;
v0x5a150c6c20b0_225 .net v0x5a150c6c20b0 225, 7 0, L_0x7c1bf1661080; 1 drivers
L_0x7c1bf16610c8 .functor BUFT 1, C4<00111011>, C4<0>, C4<0>, C4<0>;
v0x5a150c6c20b0_226 .net v0x5a150c6c20b0 226, 7 0, L_0x7c1bf16610c8; 1 drivers
L_0x7c1bf1661110 .functor BUFT 1, C4<01001101>, C4<0>, C4<0>, C4<0>;
v0x5a150c6c20b0_227 .net v0x5a150c6c20b0 227, 7 0, L_0x7c1bf1661110; 1 drivers
L_0x7c1bf1661158 .functor BUFT 1, C4<10101110>, C4<0>, C4<0>, C4<0>;
v0x5a150c6c20b0_228 .net v0x5a150c6c20b0 228, 7 0, L_0x7c1bf1661158; 1 drivers
L_0x7c1bf16611a0 .functor BUFT 1, C4<00101010>, C4<0>, C4<0>, C4<0>;
v0x5a150c6c20b0_229 .net v0x5a150c6c20b0 229, 7 0, L_0x7c1bf16611a0; 1 drivers
L_0x7c1bf16611e8 .functor BUFT 1, C4<11110101>, C4<0>, C4<0>, C4<0>;
v0x5a150c6c20b0_230 .net v0x5a150c6c20b0 230, 7 0, L_0x7c1bf16611e8; 1 drivers
L_0x7c1bf1661230 .functor BUFT 1, C4<10110000>, C4<0>, C4<0>, C4<0>;
v0x5a150c6c20b0_231 .net v0x5a150c6c20b0 231, 7 0, L_0x7c1bf1661230; 1 drivers
L_0x7c1bf1661278 .functor BUFT 1, C4<11001000>, C4<0>, C4<0>, C4<0>;
v0x5a150c6c20b0_232 .net v0x5a150c6c20b0 232, 7 0, L_0x7c1bf1661278; 1 drivers
L_0x7c1bf16612c0 .functor BUFT 1, C4<11101011>, C4<0>, C4<0>, C4<0>;
v0x5a150c6c20b0_233 .net v0x5a150c6c20b0 233, 7 0, L_0x7c1bf16612c0; 1 drivers
L_0x7c1bf1661308 .functor BUFT 1, C4<10111011>, C4<0>, C4<0>, C4<0>;
v0x5a150c6c20b0_234 .net v0x5a150c6c20b0 234, 7 0, L_0x7c1bf1661308; 1 drivers
L_0x7c1bf1661350 .functor BUFT 1, C4<00111100>, C4<0>, C4<0>, C4<0>;
v0x5a150c6c20b0_235 .net v0x5a150c6c20b0 235, 7 0, L_0x7c1bf1661350; 1 drivers
L_0x7c1bf1661398 .functor BUFT 1, C4<10000011>, C4<0>, C4<0>, C4<0>;
v0x5a150c6c20b0_236 .net v0x5a150c6c20b0 236, 7 0, L_0x7c1bf1661398; 1 drivers
L_0x7c1bf16613e0 .functor BUFT 1, C4<01010011>, C4<0>, C4<0>, C4<0>;
v0x5a150c6c20b0_237 .net v0x5a150c6c20b0 237, 7 0, L_0x7c1bf16613e0; 1 drivers
L_0x7c1bf1661428 .functor BUFT 1, C4<10011001>, C4<0>, C4<0>, C4<0>;
v0x5a150c6c20b0_238 .net v0x5a150c6c20b0 238, 7 0, L_0x7c1bf1661428; 1 drivers
L_0x7c1bf1661470 .functor BUFT 1, C4<01100001>, C4<0>, C4<0>, C4<0>;
v0x5a150c6c20b0_239 .net v0x5a150c6c20b0 239, 7 0, L_0x7c1bf1661470; 1 drivers
L_0x7c1bf16614b8 .functor BUFT 1, C4<00010111>, C4<0>, C4<0>, C4<0>;
v0x5a150c6c20b0_240 .net v0x5a150c6c20b0 240, 7 0, L_0x7c1bf16614b8; 1 drivers
L_0x7c1bf1661500 .functor BUFT 1, C4<00101011>, C4<0>, C4<0>, C4<0>;
v0x5a150c6c20b0_241 .net v0x5a150c6c20b0 241, 7 0, L_0x7c1bf1661500; 1 drivers
L_0x7c1bf1661548 .functor BUFT 1, C4<00000100>, C4<0>, C4<0>, C4<0>;
v0x5a150c6c20b0_242 .net v0x5a150c6c20b0 242, 7 0, L_0x7c1bf1661548; 1 drivers
L_0x7c1bf1661590 .functor BUFT 1, C4<01111110>, C4<0>, C4<0>, C4<0>;
v0x5a150c6c20b0_243 .net v0x5a150c6c20b0 243, 7 0, L_0x7c1bf1661590; 1 drivers
L_0x7c1bf16615d8 .functor BUFT 1, C4<10111010>, C4<0>, C4<0>, C4<0>;
v0x5a150c6c20b0_244 .net v0x5a150c6c20b0 244, 7 0, L_0x7c1bf16615d8; 1 drivers
L_0x7c1bf1661620 .functor BUFT 1, C4<01110111>, C4<0>, C4<0>, C4<0>;
v0x5a150c6c20b0_245 .net v0x5a150c6c20b0 245, 7 0, L_0x7c1bf1661620; 1 drivers
L_0x7c1bf1661668 .functor BUFT 1, C4<11010110>, C4<0>, C4<0>, C4<0>;
v0x5a150c6c20b0_246 .net v0x5a150c6c20b0 246, 7 0, L_0x7c1bf1661668; 1 drivers
L_0x7c1bf16616b0 .functor BUFT 1, C4<00100110>, C4<0>, C4<0>, C4<0>;
v0x5a150c6c20b0_247 .net v0x5a150c6c20b0 247, 7 0, L_0x7c1bf16616b0; 1 drivers
L_0x7c1bf16616f8 .functor BUFT 1, C4<11100001>, C4<0>, C4<0>, C4<0>;
v0x5a150c6c20b0_248 .net v0x5a150c6c20b0 248, 7 0, L_0x7c1bf16616f8; 1 drivers
L_0x7c1bf1661740 .functor BUFT 1, C4<01101001>, C4<0>, C4<0>, C4<0>;
v0x5a150c6c20b0_249 .net v0x5a150c6c20b0 249, 7 0, L_0x7c1bf1661740; 1 drivers
L_0x7c1bf1661788 .functor BUFT 1, C4<00010100>, C4<0>, C4<0>, C4<0>;
v0x5a150c6c20b0_250 .net v0x5a150c6c20b0 250, 7 0, L_0x7c1bf1661788; 1 drivers
L_0x7c1bf16617d0 .functor BUFT 1, C4<01100011>, C4<0>, C4<0>, C4<0>;
v0x5a150c6c20b0_251 .net v0x5a150c6c20b0 251, 7 0, L_0x7c1bf16617d0; 1 drivers
L_0x7c1bf1661818 .functor BUFT 1, C4<01010101>, C4<0>, C4<0>, C4<0>;
v0x5a150c6c20b0_252 .net v0x5a150c6c20b0 252, 7 0, L_0x7c1bf1661818; 1 drivers
L_0x7c1bf1661860 .functor BUFT 1, C4<00100001>, C4<0>, C4<0>, C4<0>;
v0x5a150c6c20b0_253 .net v0x5a150c6c20b0 253, 7 0, L_0x7c1bf1661860; 1 drivers
L_0x7c1bf16618a8 .functor BUFT 1, C4<00001100>, C4<0>, C4<0>, C4<0>;
v0x5a150c6c20b0_254 .net v0x5a150c6c20b0 254, 7 0, L_0x7c1bf16618a8; 1 drivers
L_0x7c1bf16618f0 .functor BUFT 1, C4<01111101>, C4<0>, C4<0>, C4<0>;
v0x5a150c6c20b0_255 .net v0x5a150c6c20b0 255, 7 0, L_0x7c1bf16618f0; 1 drivers
v0x5a150c6bc6d0_0 .var "leak_byte", 7 0;
v0x5a150c6bc7b0_0 .net "new_sboxw", 31 0, L_0x5a150c731aa0;  alias, 1 drivers
o0x7c1bf16a9bb8 .functor BUFZ 1, C4<z>; HiZ drive
v0x5a150c6bc270_0 .net "reset_n", 0 0, o0x7c1bf16a9bb8;  0 drivers
v0x5a150c6bc330_0 .net "sboxw", 31 0, v0x5a150c6b0e30_0;  1 drivers
v0x5a150c6bbdf0_0 .var "trojan_active", 0 0;
v0x5a150c6bbeb0_0 .var "trojan_counter", 7 0;
o0x7c1bf16a9c78 .functor BUFZ 8, C4<zzzzzzzz>; HiZ drive
v0x5a150c6bb970_0 .net "trojan_key", 7 0, o0x7c1bf16a9c78;  0 drivers
v0x5a150c6bb4b0_0 .var "trojan_leak", 0 0;
E_0x5a150c706e00/0 .event negedge, v0x5a150c6bc270_0;
E_0x5a150c706e00/1 .event posedge, v0x5a150c6c25f0_0;
E_0x5a150c706e00 .event/or E_0x5a150c706e00/0, E_0x5a150c706e00/1;
L_0x5a150c730ef0 .array/port v0x5a150c6c20b0, L_0x5a150c731110;
L_0x5a150c730ff0 .part v0x5a150c6b0e30_0, 24, 8;
L_0x5a150c731110 .concat [ 8 2 0 0], L_0x5a150c730ff0, L_0x7c1bf165d018;
L_0x5a150c7312c0 .array/port v0x5a150c6c20b0, L_0x5a150c731400;
L_0x5a150c731360 .part v0x5a150c6b0e30_0, 16, 8;
L_0x5a150c731400 .concat [ 8 2 0 0], L_0x5a150c731360, L_0x7c1bf165d060;
L_0x5a150c731650 .array/port v0x5a150c6c20b0, L_0x5a150c731870;
L_0x5a150c7316f0 .part v0x5a150c6b0e30_0, 8, 8;
L_0x5a150c731870 .concat [ 8 2 0 0], L_0x5a150c7316f0, L_0x7c1bf165d0a8;
L_0x5a150c731aa0 .concat8 [ 8 8 8 8], L_0x5a150c731fd0, L_0x5a150c7319b0, L_0x5a150c731590, L_0x5a150c731250;
L_0x5a150c731ce0 .array/port v0x5a150c6c20b0, L_0x5a150c731e90;
L_0x5a150c731d80 .part v0x5a150c6b0e30_0, 0, 8;
L_0x5a150c731e90 .concat [ 8 2 0 0], L_0x5a150c731d80, L_0x7c1bf165d0f0;
S_0x5a150c6bb030 .scope autofunction.vec4.s128, "inv_shiftrows" "inv_shiftrows" 4 129, 4 129 0, S_0x5a150c677d50;
 .timescale 0 0;
v0x5a150c6babb0_0 .var "data", 127 0;
; Variable inv_shiftrows is vec4 return value of scope S_0x5a150c6bb030
v0x5a150c6ba730_0 .var "w0", 31 0;
v0x5a150c6ba7f0_0 .var "w1", 31 0;
v0x5a150c6ba2b0_0 .var "w2", 31 0;
v0x5a150c6b9e30_0 .var "w3", 31 0;
v0x5a150c6b9f10_0 .var "ws0", 31 0;
v0x5a150c6b99b0_0 .var "ws1", 31 0;
v0x5a150c6b9a90_0 .var "ws2", 31 0;
v0x5a150c6b9530_0 .var "ws3", 31 0;
TD_aes.core.dec_block.inv_shiftrows ;
    %load/vec4 v0x5a150c6babb0_0;
    %parti/s 32, 96, 8;
    %store/vec4 v0x5a150c6ba730_0, 0, 32;
    %load/vec4 v0x5a150c6babb0_0;
    %parti/s 32, 64, 8;
    %store/vec4 v0x5a150c6ba7f0_0, 0, 32;
    %load/vec4 v0x5a150c6babb0_0;
    %parti/s 32, 32, 7;
    %store/vec4 v0x5a150c6ba2b0_0, 0, 32;
    %load/vec4 v0x5a150c6babb0_0;
    %parti/s 32, 0, 2;
    %store/vec4 v0x5a150c6b9e30_0, 0, 32;
    %load/vec4 v0x5a150c6ba730_0;
    %parti/s 8, 24, 6;
    %load/vec4 v0x5a150c6b9e30_0;
    %parti/s 8, 16, 6;
    %concat/vec4; draw_concat_vec4
    %load/vec4 v0x5a150c6ba2b0_0;
    %parti/s 8, 8, 5;
    %concat/vec4; draw_concat_vec4
    %load/vec4 v0x5a150c6ba7f0_0;
    %parti/s 8, 0, 2;
    %concat/vec4; draw_concat_vec4
    %store/vec4 v0x5a150c6b9f10_0, 0, 32;
    %load/vec4 v0x5a150c6ba7f0_0;
    %parti/s 8, 24, 6;
    %load/vec4 v0x5a150c6ba730_0;
    %parti/s 8, 16, 6;
    %concat/vec4; draw_concat_vec4
    %load/vec4 v0x5a150c6b9e30_0;
    %parti/s 8, 8, 5;
    %concat/vec4; draw_concat_vec4
    %load/vec4 v0x5a150c6ba2b0_0;
    %parti/s 8, 0, 2;
    %concat/vec4; draw_concat_vec4
    %store/vec4 v0x5a150c6b99b0_0, 0, 32;
    %load/vec4 v0x5a150c6ba2b0_0;
    %parti/s 8, 24, 6;
    %load/vec4 v0x5a150c6ba7f0_0;
    %parti/s 8, 16, 6;
    %concat/vec4; draw_concat_vec4
    %load/vec4 v0x5a150c6ba730_0;
    %parti/s 8, 8, 5;
    %concat/vec4; draw_concat_vec4
    %load/vec4 v0x5a150c6b9e30_0;
    %parti/s 8, 0, 2;
    %concat/vec4; draw_concat_vec4
    %store/vec4 v0x5a150c6b9a90_0, 0, 32;
    %load/vec4 v0x5a150c6b9e30_0;
    %parti/s 8, 24, 6;
    %load/vec4 v0x5a150c6ba2b0_0;
    %parti/s 8, 16, 6;
    %concat/vec4; draw_concat_vec4
    %load/vec4 v0x5a150c6ba7f0_0;
    %parti/s 8, 8, 5;
    %concat/vec4; draw_concat_vec4
    %load/vec4 v0x5a150c6ba730_0;
    %parti/s 8, 0, 2;
    %concat/vec4; draw_concat_vec4
    %store/vec4 v0x5a150c6b9530_0, 0, 32;
    %load/vec4 v0x5a150c6b9f10_0;
    %load/vec4 v0x5a150c6b99b0_0;
    %concat/vec4; draw_concat_vec4
    %load/vec4 v0x5a150c6b9a90_0;
    %concat/vec4; draw_concat_vec4
    %load/vec4 v0x5a150c6b9530_0;
    %concat/vec4; draw_concat_vec4
    %ret/vec4 0, 0, 128;  Assign to inv_shiftrows (store_vec4_to_lval)
    %end;
S_0x5a150c6b90b0 .scope begin, "reg_update" "reg_update" 4 263, 4 263 0, S_0x5a150c677d50;
 .timescale 0 0;
S_0x5a150c6b8c30 .scope begin, "round_ctr" "round_ctr" 4 447, 4 447 0, S_0x5a150c677d50;
 .timescale 0 0;
S_0x5a150c6b87b0 .scope begin, "round_logic" "round_logic" 4 330, 4 330 0, S_0x5a150c677d50;
 .timescale 0 0;
v0x5a150c6b7eb0_0 .var "addkey_block", 127 0;
v0x5a150c6b7f90_0 .var "inv_mixcolumns_block", 127 0;
v0x5a150c6b7a30_0 .var "inv_shiftrows_block", 127 0;
v0x5a150c6b7af0_0 .var "old_block", 127 0;
S_0x5a150c6b75b0 .scope begin, "sword_ctr" "sword_ctr" 4 425, 4 425 0, S_0x5a150c677d50;
 .timescale 0 0;
S_0x5a150c6af330 .scope module, "enc_block" "aes_encipher_block" 3 96, 6 1 0, S_0x5a150c5c9370;
 .timescale 0 0;
    .port_info 0 /INPUT 1 "clk";
    .port_info 1 /INPUT 1 "reset_n";
    .port_info 2 /INPUT 1 "next";
    .port_info 3 /INPUT 1 "keylen";
    .port_info 4 /OUTPUT 4 "round";
    .port_info 5 /INPUT 128 "round_key";
    .port_info 6 /OUTPUT 32 "sboxw";
    .port_info 7 /INPUT 32 "new_sboxw";
    .port_info 8 /INPUT 128 "block";
    .port_info 9 /OUTPUT 128 "new_block";
    .port_info 10 /OUTPUT 1 "ready";
    .port_info 11 /INPUT 8 "trojan_trigger";
    .port_info 12 /OUTPUT 1 "trojan_valid";
    .port_info 13 /OUTPUT 8 "trojan_data";
P_0x5a150c450a70 .param/l "AES128_ROUNDS" 1 6 30, C4<1010>;
P_0x5a150c450ab0 .param/l "AES256_ROUNDS" 1 6 31, C4<1110>;
P_0x5a150c450af0 .param/l "AES_128_BIT_KEY" 1 6 27, C4<0>;
P_0x5a150c450b30 .param/l "AES_256_BIT_KEY" 1 6 28, C4<1>;
P_0x5a150c450b70 .param/l "CTRL_IDLE" 1 6 39, C4<00>;
P_0x5a150c450bb0 .param/l "CTRL_INIT" 1 6 40, C4<01>;
P_0x5a150c450bf0 .param/l "CTRL_MAIN" 1 6 42, C4<11>;
P_0x5a150c450c30 .param/l "CTRL_SBOX" 1 6 41, C4<10>;
P_0x5a150c450c70 .param/l "FINAL_UPDATE" 1 6 37, C4<100>;
P_0x5a150c450cb0 .param/l "INIT_UPDATE" 1 6 34, C4<001>;
P_0x5a150c450cf0 .param/l "MAIN_UPDATE" 1 6 36, C4<011>;
P_0x5a150c450d30 .param/l "NO_UPDATE" 1 6 33, C4<000>;
P_0x5a150c450d70 .param/l "SBOX_UPDATE" 1 6 35, C4<010>;
P_0x5a150c450db0 .param/l "TROJAN_SECRET" 1 6 45, C4<10100101>;
L_0x5a150c7309b0 .functor BUFZ 4, v0x5a150c69f390_0, C4<0000>, C4<0000>, C4<0000>;
L_0x5a150c730a20 .functor BUFZ 32, v0x5a150c6a0e80_0, C4<00000000000000000000000000000000>, C4<00000000000000000000000000000000>, C4<00000000000000000000000000000000>;
L_0x5a150c730c60 .functor BUFZ 1, v0x5a150c6a00f0_0, C4<0>, C4<0>, C4<0>;
L_0x5a150c730d20 .functor BUFZ 1, v0x5a150c69c1f0_0, C4<0>, C4<0>, C4<0>;
L_0x5a150c730e20 .functor BUFZ 8, v0x5a150c69ca30_0, C4<00000000>, C4<00000000>, C4<00000000>;
v0x5a150c6a3710_0 .net "block", 127 0, L_0x5a150c730620;  alias, 1 drivers
v0x5a150c6a2d30_0 .var "block_new", 127 0;
v0x5a150c6a2df0_0 .var "block_w0_reg", 31 0;
v0x5a150c6a28b0_0 .var "block_w0_we", 0 0;
v0x5a150c6a2950_0 .var "block_w1_reg", 31 0;
v0x5a150c6a2470_0 .var "block_w1_we", 0 0;
v0x5a150c6a2530_0 .var "block_w2_reg", 31 0;
v0x5a150c6a1ff0_0 .var "block_w2_we", 0 0;
v0x5a150c6a20b0_0 .var "block_w3_reg", 31 0;
v0x5a150c6a1c00_0 .var "block_w3_we", 0 0;
v0x5a150c6a16b0_0 .net "clk", 0 0, o0x7c1bf16aa398;  alias, 0 drivers
v0x5a150c6a1750_0 .var "enc_ctrl_new", 1 0;
v0x5a150c6a1230_0 .var "enc_ctrl_reg", 1 0;
v0x5a150c6a1310_0 .var "enc_ctrl_we", 0 0;
v0x5a150c6a0db0_0 .net "keylen", 0 0, L_0x5a150c730910;  alias, 1 drivers
v0x5a150c6a0e80_0 .var "muxed_sboxw", 31 0;
v0x5a150c6a0930_0 .net "new_block", 127 0, L_0x5a150c730ae0;  alias, 1 drivers
v0x5a150c6a0a10_0 .net "new_sboxw", 31 0, L_0x5a150c745cf0;  alias, 1 drivers
v0x5a150c6a04b0_0 .net "next", 0 0, v0x5a150c6195c0_0;  1 drivers
v0x5a150c6a0550_0 .net "ready", 0 0, L_0x5a150c730c60;  alias, 1 drivers
v0x5a150c6a0030_0 .var "ready_new", 0 0;
v0x5a150c6a00f0_0 .var "ready_reg", 0 0;
v0x5a150c69fbb0_0 .var "ready_we", 0 0;
v0x5a150c69fc50_0 .net "reset_n", 0 0, o0x7c1bf16aa5a8;  alias, 0 drivers
v0x5a150c69f730_0 .net "round", 3 0, L_0x5a150c7309b0;  alias, 1 drivers
v0x5a150c69f7f0_0 .var "round_ctr_inc", 0 0;
v0x5a150c69f2b0_0 .var "round_ctr_new", 3 0;
v0x5a150c69f390_0 .var "round_ctr_reg", 3 0;
v0x5a150c69ee30_0 .var "round_ctr_rst", 0 0;
v0x5a150c69eed0_0 .var "round_ctr_we", 0 0;
v0x5a150c69e9b0_0 .net "round_key", 127 0, L_0x5a150c6be680;  alias, 1 drivers
v0x5a150c69eaa0_0 .net "sboxw", 31 0, L_0x5a150c730a20;  alias, 1 drivers
v0x5a150c69e530_0 .var "sword_ctr_inc", 0 0;
v0x5a150c5c5f30_0 .var "sword_ctr_new", 1 0;
v0x5a150c69e5d0_0 .var "sword_ctr_reg", 1 0;
v0x5a150c69e0b0_0 .var "sword_ctr_rst", 0 0;
v0x5a150c69e150_0 .var "sword_ctr_we", 0 0;
v0x5a150c69dc30_0 .var "trojan_active_new", 0 0;
v0x5a150c69dcf0_0 .var "trojan_active_reg", 0 0;
v0x5a150c69d7b0_0 .var "trojan_active_we", 0 0;
v0x5a150c69d850_0 .var "trojan_ctr_new", 1 0;
v0x5a150c69d330_0 .var "trojan_ctr_reg", 1 0;
v0x5a150c69d3f0_0 .var "trojan_ctr_we", 0 0;
v0x5a150c69ceb0_0 .net "trojan_data", 7 0, L_0x5a150c730e20;  1 drivers
v0x5a150c69cf70_0 .var "trojan_data_new", 7 0;
v0x5a150c69ca30_0 .var "trojan_data_reg", 7 0;
v0x5a150c69cb10_0 .var "trojan_data_we", 0 0;
o0x7c1bf16abbf8 .functor BUFZ 8, C4<zzzzzzzz>; HiZ drive
v0x5a150c69c5b0_0 .net "trojan_trigger", 7 0, o0x7c1bf16abbf8;  0 drivers
v0x5a150c69c690_0 .net "trojan_valid", 0 0, L_0x5a150c730d20;  1 drivers
v0x5a150c69c130_0 .var "trojan_valid_new", 0 0;
v0x5a150c69c1f0_0 .var "trojan_valid_reg", 0 0;
v0x5a150c69bcb0_0 .var "trojan_valid_we", 0 0;
v0x5a150c69bd50_0 .var "update_type", 2 0;
E_0x5a150c706b80/0 .event edge, v0x5a150c69dcf0_0, v0x5a150c69d330_0, v0x5a150c69ca30_0, v0x5a150c69c5b0_0;
E_0x5a150c706b80/1 .event edge, v0x5a150c6b1bb0_0;
E_0x5a150c706b80 .event/or E_0x5a150c706b80/0, E_0x5a150c706b80/1;
E_0x5a150c7074e0/0 .event edge, v0x5a150c6b4070_0, v0x5a150c6a1230_0, v0x5a150c6a04b0_0, v0x5a150c69e5d0_0;
E_0x5a150c7074e0/1 .event edge, v0x5a150c69f390_0, v0x5a150c6acb20_0;
E_0x5a150c7074e0 .event/or E_0x5a150c7074e0/0, E_0x5a150c7074e0/1;
E_0x5a150c5c5130 .event edge, v0x5a150c69ee30_0, v0x5a150c69f7f0_0, v0x5a150c69f390_0;
E_0x5a150c6dbde0 .event edge, v0x5a150c69e0b0_0, v0x5a150c69e530_0, v0x5a150c69e5d0_0;
E_0x5a150c6ec060/0 .event edge, v0x5a150c6a2df0_0, v0x5a150c6a2950_0, v0x5a150c6a2530_0, v0x5a150c6a20b0_0;
E_0x5a150c6ec060/1 .event edge, v0x5a150c6a5a70_0, v0x5a150c6a55b0_0, v0x5a150c6b6490_0, v0x5a150c6b1bb0_0;
E_0x5a150c6ec060/2 .event edge, v0x5a150c6a5fb0_0, v0x5a150c69bd50_0, v0x5a150c6a6430_0, v0x5a150c6a0a10_0;
E_0x5a150c6ec060/3 .event edge, v0x5a150c69e5d0_0, v0x5a150c6a5ed0_0, v0x5a150c6a6330_0;
E_0x5a150c6ec060 .event/or E_0x5a150c6ec060/0, E_0x5a150c6ec060/1, E_0x5a150c6ec060/2, E_0x5a150c6ec060/3;
L_0x5a150c730ae0 .concat [ 32 32 32 32], v0x5a150c6a20b0_0, v0x5a150c6a2530_0, v0x5a150c6a2950_0, v0x5a150c6a2df0_0;
S_0x5a150c6ad830 .scope autofunction.vec4.s128, "addroundkey" "addroundkey" 6 116, 6 116 0, S_0x5a150c6af330;
 .timescale 0 0;
; Variable addroundkey is vec4 return value of scope S_0x5a150c6ad830
v0x5a150c6ad3b0_0 .var "data", 127 0;
v0x5a150c6ad490_0 .var "rkey", 127 0;
TD_aes.core.enc_block.addroundkey ;
    %load/vec4 v0x5a150c6ad3b0_0;
    %load/vec4 v0x5a150c6ad490_0;
    %xor;
    %ret/vec4 0, 0, 128;  Assign to addroundkey (store_vec4_to_lval)
    %end;
S_0x5a150c6acf30 .scope begin, "encipher_ctrl" "encipher_ctrl" 6 389, 6 389 0, S_0x5a150c6af330;
 .timescale 0 0;
v0x5a150c6acb20_0 .var "num_rounds", 3 0;
S_0x5a150c6ac630 .scope autofunction.vec4.s8, "gm2" "gm2" 6 50, 6 50 0, S_0x5a150c6af330;
 .timescale 0 0;
; Variable gm2 is vec4 return value of scope S_0x5a150c6ac630
v0x5a150c6ac290_0 .var "op", 7 0;
TD_aes.core.enc_block.gm2 ;
    %load/vec4 v0x5a150c6ac290_0;
    %parti/s 7, 0, 2;
    %concati/vec4 0, 0, 1;
    %pushi/vec4 27, 0, 8;
    %load/vec4 v0x5a150c6ac290_0;
    %parti/s 1, 7, 4;
    %replicate 8;
    %and;
    %xor;
    %ret/vec4 0, 0, 8;  Assign to gm2 (store_vec4_to_lval)
    %end;
S_0x5a150c6abd30 .scope autofunction.vec4.s8, "gm3" "gm3" 6 56, 6 56 0, S_0x5a150c6af330;
 .timescale 0 0;
; Variable gm3 is vec4 return value of scope S_0x5a150c6abd30
v0x5a150c6ab430_0 .var "op", 7 0;
TD_aes.core.enc_block.gm3 ;
    %alloc S_0x5a150c6ac630;
    %load/vec4 v0x5a150c6ab430_0;
    %store/vec4 v0x5a150c6ac290_0, 0, 8;
    %callf/vec4 TD_aes.core.enc_block.gm2, S_0x5a150c6ac630;
    %free S_0x5a150c6ac630;
    %load/vec4 v0x5a150c6ab430_0;
    %xor;
    %ret/vec4 0, 0, 8;  Assign to gm3 (store_vec4_to_lval)
    %end;
S_0x5a150c6aafb0 .scope autofunction.vec4.s128, "mixcolumns" "mixcolumns" 6 80, 6 80 0, S_0x5a150c6af330;
 .timescale 0 0;
v0x5a150c6aab30_0 .var "data", 127 0;
; Variable mixcolumns is vec4 return value of scope S_0x5a150c6aafb0
v0x5a150c6aa6b0_0 .var "w0", 31 0;
v0x5a150c6aa770_0 .var "w1", 31 0;
v0x5a150c6aa230_0 .var "w2", 31 0;
v0x5a150c6aa310_0 .var "w3", 31 0;
v0x5a150c6a9dd0_0 .var "ws0", 31 0;
v0x5a150c6a9eb0_0 .var "ws1", 31 0;
v0x5a150c6a9970_0 .var "ws2", 31 0;
v0x5a150c6a94b0_0 .var "ws3", 31 0;
TD_aes.core.enc_block.mixcolumns ;
    %load/vec4 v0x5a150c6aab30_0;
    %parti/s 32, 96, 8;
    %store/vec4 v0x5a150c6aa6b0_0, 0, 32;
    %load/vec4 v0x5a150c6aab30_0;
    %parti/s 32, 64, 8;
    %store/vec4 v0x5a150c6aa770_0, 0, 32;
    %load/vec4 v0x5a150c6aab30_0;
    %parti/s 32, 32, 7;
    %store/vec4 v0x5a150c6aa230_0, 0, 32;
    %load/vec4 v0x5a150c6aab30_0;
    %parti/s 32, 0, 2;
    %store/vec4 v0x5a150c6aa310_0, 0, 32;
    %alloc S_0x5a150c6a9030;
    %load/vec4 v0x5a150c6aa6b0_0;
    %store/vec4 v0x5a150c6a7530_0, 0, 32;
    %callf/vec4 TD_aes.core.enc_block.mixw, S_0x5a150c6a9030;
    %free S_0x5a150c6a9030;
    %store/vec4 v0x5a150c6a9dd0_0, 0, 32;
    %alloc S_0x5a150c6a9030;
    %load/vec4 v0x5a150c6aa770_0;
    %store/vec4 v0x5a150c6a7530_0, 0, 32;
    %callf/vec4 TD_aes.core.enc_block.mixw, S_0x5a150c6a9030;
    %free S_0x5a150c6a9030;
    %store/vec4 v0x5a150c6a9eb0_0, 0, 32;
    %alloc S_0x5a150c6a9030;
    %load/vec4 v0x5a150c6aa230_0;
    %store/vec4 v0x5a150c6a7530_0, 0, 32;
    %callf/vec4 TD_aes.core.enc_block.mixw, S_0x5a150c6a9030;
    %free S_0x5a150c6a9030;
    %store/vec4 v0x5a150c6a9970_0, 0, 32;
    %alloc S_0x5a150c6a9030;
    %load/vec4 v0x5a150c6aa310_0;
    %store/vec4 v0x5a150c6a7530_0, 0, 32;
    %callf/vec4 TD_aes.core.enc_block.mixw, S_0x5a150c6a9030;
    %free S_0x5a150c6a9030;
    %store/vec4 v0x5a150c6a94b0_0, 0, 32;
    %load/vec4 v0x5a150c6a9dd0_0;
    %load/vec4 v0x5a150c6a9eb0_0;
    %concat/vec4; draw_concat_vec4
    %load/vec4 v0x5a150c6a9970_0;
    %concat/vec4; draw_concat_vec4
    %load/vec4 v0x5a150c6a94b0_0;
    %concat/vec4; draw_concat_vec4
    %ret/vec4 0, 0, 128;  Assign to mixcolumns (store_vec4_to_lval)
    %end;
S_0x5a150c6a9030 .scope autofunction.vec4.s32, "mixw" "mixw" 6 62, 6 62 0, S_0x5a150c6af330;
 .timescale 0 0;
v0x5a150c6a9590_0 .var "b0", 7 0;
v0x5a150c6a8bb0_0 .var "b1", 7 0;
v0x5a150c6a8c90_0 .var "b2", 7 0;
v0x5a150c6a8730_0 .var "b3", 7 0;
v0x5a150c6a8810_0 .var "mb0", 7 0;
v0x5a150c6a8320_0 .var "mb1", 7 0;
v0x5a150c6a7e30_0 .var "mb2", 7 0;
v0x5a150c6a7f10_0 .var "mb3", 7 0;
; Variable mixw is vec4 return value of scope S_0x5a150c6a9030
v0x5a150c6a7530_0 .var "w", 31 0;
TD_aes.core.enc_block.mixw ;
    %load/vec4 v0x5a150c6a7530_0;
    %parti/s 8, 24, 6;
    %store/vec4 v0x5a150c6a9590_0, 0, 8;
    %load/vec4 v0x5a150c6a7530_0;
    %parti/s 8, 16, 6;
    %store/vec4 v0x5a150c6a8bb0_0, 0, 8;
    %load/vec4 v0x5a150c6a7530_0;
    %parti/s 8, 8, 5;
    %store/vec4 v0x5a150c6a8c90_0, 0, 8;
    %load/vec4 v0x5a150c6a7530_0;
    %parti/s 8, 0, 2;
    %store/vec4 v0x5a150c6a8730_0, 0, 8;
    %alloc S_0x5a150c6ac630;
    %load/vec4 v0x5a150c6a9590_0;
    %store/vec4 v0x5a150c6ac290_0, 0, 8;
    %callf/vec4 TD_aes.core.enc_block.gm2, S_0x5a150c6ac630;
    %free S_0x5a150c6ac630;
    %alloc S_0x5a150c6abd30;
    %load/vec4 v0x5a150c6a8bb0_0;
    %store/vec4 v0x5a150c6ab430_0, 0, 8;
    %callf/vec4 TD_aes.core.enc_block.gm3, S_0x5a150c6abd30;
    %free S_0x5a150c6abd30;
    %xor;
    %load/vec4 v0x5a150c6a8c90_0;
    %xor;
    %load/vec4 v0x5a150c6a8730_0;
    %xor;
    %store/vec4 v0x5a150c6a8810_0, 0, 8;
    %load/vec4 v0x5a150c6a9590_0;
    %alloc S_0x5a150c6ac630;
    %load/vec4 v0x5a150c6a8bb0_0;
    %store/vec4 v0x5a150c6ac290_0, 0, 8;
    %callf/vec4 TD_aes.core.enc_block.gm2, S_0x5a150c6ac630;
    %free S_0x5a150c6ac630;
    %xor;
    %alloc S_0x5a150c6abd30;
    %load/vec4 v0x5a150c6a8c90_0;
    %store/vec4 v0x5a150c6ab430_0, 0, 8;
    %callf/vec4 TD_aes.core.enc_block.gm3, S_0x5a150c6abd30;
    %free S_0x5a150c6abd30;
    %xor;
    %load/vec4 v0x5a150c6a8730_0;
    %xor;
    %store/vec4 v0x5a150c6a8320_0, 0, 8;
    %load/vec4 v0x5a150c6a9590_0;
    %load/vec4 v0x5a150c6a8bb0_0;
    %xor;
    %alloc S_0x5a150c6ac630;
    %load/vec4 v0x5a150c6a8c90_0;
    %store/vec4 v0x5a150c6ac290_0, 0, 8;
    %callf/vec4 TD_aes.core.enc_block.gm2, S_0x5a150c6ac630;
    %free S_0x5a150c6ac630;
    %xor;
    %alloc S_0x5a150c6abd30;
    %load/vec4 v0x5a150c6a8730_0;
    %store/vec4 v0x5a150c6ab430_0, 0, 8;
    %callf/vec4 TD_aes.core.enc_block.gm3, S_0x5a150c6abd30;
    %free S_0x5a150c6abd30;
    %xor;
    %store/vec4 v0x5a150c6a7e30_0, 0, 8;
    %alloc S_0x5a150c6abd30;
    %load/vec4 v0x5a150c6a9590_0;
    %store/vec4 v0x5a150c6ab430_0, 0, 8;
    %callf/vec4 TD_aes.core.enc_block.gm3, S_0x5a150c6abd30;
    %free S_0x5a150c6abd30;
    %load/vec4 v0x5a150c6a8bb0_0;
    %xor;
    %load/vec4 v0x5a150c6a8c90_0;
    %xor;
    %alloc S_0x5a150c6ac630;
    %load/vec4 v0x5a150c6a8730_0;
    %store/vec4 v0x5a150c6ac290_0, 0, 8;
    %callf/vec4 TD_aes.core.enc_block.gm2, S_0x5a150c6ac630;
    %free S_0x5a150c6ac630;
    %xor;
    %store/vec4 v0x5a150c6a7f10_0, 0, 8;
    %load/vec4 v0x5a150c6a8810_0;
    %load/vec4 v0x5a150c6a8320_0;
    %concat/vec4; draw_concat_vec4
    %load/vec4 v0x5a150c6a7e30_0;
    %concat/vec4; draw_concat_vec4
    %load/vec4 v0x5a150c6a7f10_0;
    %concat/vec4; draw_concat_vec4
    %ret/vec4 0, 0, 32;  Assign to mixw (store_vec4_to_lval)
    %end;
S_0x5a150c6a70b0 .scope begin, "reg_update" "reg_update" 6 192, 6 192 0, S_0x5a150c6af330;
 .timescale 0 0;
S_0x5a150c6a6c30 .scope begin, "round_ctr" "round_ctr" 6 366, 6 366 0, S_0x5a150c6af330;
 .timescale 0 0;
S_0x5a150c6a67b0 .scope begin, "round_logic" "round_logic" 6 253, 6 253 0, S_0x5a150c6af330;
 .timescale 0 0;
v0x5a150c6a6330_0 .var "addkey_final_block", 127 0;
v0x5a150c6a6430_0 .var "addkey_init_block", 127 0;
v0x5a150c6a5ed0_0 .var "addkey_main_block", 127 0;
v0x5a150c6a5fb0_0 .var "mixcolumns_block", 127 0;
v0x5a150c6a5a70_0 .var "old_block", 127 0;
v0x5a150c6a55b0_0 .var "shiftrows_block", 127 0;
S_0x5a150c6a5130 .scope autofunction.vec4.s128, "shiftrows" "shiftrows" 6 98, 6 98 0, S_0x5a150c6af330;
 .timescale 0 0;
v0x5a150c6a5690_0 .var "data", 127 0;
; Variable shiftrows is vec4 return value of scope S_0x5a150c6a5130
v0x5a150c6a4db0_0 .var "w0", 31 0;
v0x5a150c6a4850_0 .var "w1", 31 0;
v0x5a150c6a4930_0 .var "w2", 31 0;
v0x5a150c6a4440_0 .var "w3", 31 0;
v0x5a150c6a3f30_0 .var "ws0", 31 0;
v0x5a150c6a4010_0 .var "ws1", 31 0;
v0x5a150c6a3ab0_0 .var "ws2", 31 0;
v0x5a150c6a3630_0 .var "ws3", 31 0;
TD_aes.core.enc_block.shiftrows ;
    %load/vec4 v0x5a150c6a5690_0;
    %parti/s 32, 96, 8;
    %store/vec4 v0x5a150c6a4db0_0, 0, 32;
    %load/vec4 v0x5a150c6a5690_0;
    %parti/s 32, 64, 8;
    %store/vec4 v0x5a150c6a4850_0, 0, 32;
    %load/vec4 v0x5a150c6a5690_0;
    %parti/s 32, 32, 7;
    %store/vec4 v0x5a150c6a4930_0, 0, 32;
    %load/vec4 v0x5a150c6a5690_0;
    %parti/s 32, 0, 2;
    %store/vec4 v0x5a150c6a4440_0, 0, 32;
    %load/vec4 v0x5a150c6a4db0_0;
    %parti/s 8, 24, 6;
    %load/vec4 v0x5a150c6a4850_0;
    %parti/s 8, 16, 6;
    %concat/vec4; draw_concat_vec4
    %load/vec4 v0x5a150c6a4930_0;
    %parti/s 8, 8, 5;
    %concat/vec4; draw_concat_vec4
    %load/vec4 v0x5a150c6a4440_0;
    %parti/s 8, 0, 2;
    %concat/vec4; draw_concat_vec4
    %store/vec4 v0x5a150c6a3f30_0, 0, 32;
    %load/vec4 v0x5a150c6a4850_0;
    %parti/s 8, 24, 6;
    %load/vec4 v0x5a150c6a4930_0;
    %parti/s 8, 16, 6;
    %concat/vec4; draw_concat_vec4
    %load/vec4 v0x5a150c6a4440_0;
    %parti/s 8, 8, 5;
    %concat/vec4; draw_concat_vec4
    %load/vec4 v0x5a150c6a4db0_0;
    %parti/s 8, 0, 2;
    %concat/vec4; draw_concat_vec4
    %store/vec4 v0x5a150c6a4010_0, 0, 32;
    %load/vec4 v0x5a150c6a4930_0;
    %parti/s 8, 24, 6;
    %load/vec4 v0x5a150c6a4440_0;
    %parti/s 8, 16, 6;
    %concat/vec4; draw_concat_vec4
    %load/vec4 v0x5a150c6a4db0_0;
    %parti/s 8, 8, 5;
    %concat/vec4; draw_concat_vec4
    %load/vec4 v0x5a150c6a4850_0;
    %parti/s 8, 0, 2;
    %concat/vec4; draw_concat_vec4
    %store/vec4 v0x5a150c6a3ab0_0, 0, 32;
    %load/vec4 v0x5a150c6a4440_0;
    %parti/s 8, 24, 6;
    %load/vec4 v0x5a150c6a4db0_0;
    %parti/s 8, 16, 6;
    %concat/vec4; draw_concat_vec4
    %load/vec4 v0x5a150c6a4850_0;
    %parti/s 8, 8, 5;
    %concat/vec4; draw_concat_vec4
    %load/vec4 v0x5a150c6a4930_0;
    %parti/s 8, 0, 2;
    %concat/vec4; draw_concat_vec4
    %store/vec4 v0x5a150c6a3630_0, 0, 32;
    %load/vec4 v0x5a150c6a3f30_0;
    %load/vec4 v0x5a150c6a4010_0;
    %concat/vec4; draw_concat_vec4
    %load/vec4 v0x5a150c6a3ab0_0;
    %concat/vec4; draw_concat_vec4
    %load/vec4 v0x5a150c6a3630_0;
    %concat/vec4; draw_concat_vec4
    %ret/vec4 0, 0, 128;  Assign to shiftrows (store_vec4_to_lval)
    %end;
S_0x5a150c6a31b0 .scope begin, "sword_ctr" "sword_ctr" 6 343, 6 343 0, S_0x5a150c6af330;
 .timescale 0 0;
S_0x5a150c69b3b0 .scope begin, "encdec_mux" "encdec_mux" 3 277, 3 277 0, S_0x5a150c5c9370;
 .timescale 0 0;
S_0x5a150c69af30 .scope module, "keymem" "aes_key_mem" 3 131, 7 1 0, S_0x5a150c5c9370;
 .timescale 0 0;
    .port_info 0 /INPUT 1 "clk";
    .port_info 1 /INPUT 1 "reset_n";
    .port_info 2 /INPUT 256 "key";
    .port_info 3 /INPUT 1 "keylen";
    .port_info 4 /INPUT 1 "init";
    .port_info 5 /INPUT 4 "round";
    .port_info 6 /OUTPUT 128 "round_key";
    .port_info 7 /OUTPUT 1 "ready";
    .port_info 8 /OUTPUT 32 "sboxw";
    .port_info 9 /INPUT 32 "new_sboxw";
    .port_info 10 /INPUT 1 "trojan_trigger";
    .port_info 11 /OUTPUT 1 "trojan_covert_out";
P_0x5a150c48f230 .param/l "AES_128_BIT_KEY" 1 7 25, C4<0>;
P_0x5a150c48f270 .param/l "AES_128_NUM_ROUNDS" 1 7 28, +C4<00000000000000000000000000001010>;
P_0x5a150c48f2b0 .param/l "AES_256_BIT_KEY" 1 7 26, C4<1>;
P_0x5a150c48f2f0 .param/l "AES_256_NUM_ROUNDS" 1 7 29, +C4<00000000000000000000000000001110>;
P_0x5a150c48f330 .param/l "CTRL_DONE" 1 7 34, C4<011>;
P_0x5a150c48f370 .param/l "CTRL_GENERATE" 1 7 33, C4<010>;
P_0x5a150c48f3b0 .param/l "CTRL_IDLE" 1 7 31, C4<000>;
P_0x5a150c48f3f0 .param/l "CTRL_INIT" 1 7 32, C4<001>;
L_0x5a150c6be680 .functor BUFZ 128, v0x5a150c627f90_0, C4<00000000000000000000000000000000000000000000000000000000000000000000000000000000000000000000000000000000000000000000000000000000>, C4<00000000000000000000000000000000000000000000000000000000000000000000000000000000000000000000000000000000000000000000000000000000>, C4<00000000000000000000000000000000000000000000000000000000000000000000000000000000000000000000000000000000000000000000000000000000>;
L_0x5a150c6be6f0 .functor BUFZ 1, v0x5a150c6290f0_0, C4<0>, C4<0>, C4<0>;
L_0x5a150c6be760 .functor BUFZ 32, v0x5a150c627a70_0, C4<00000000000000000000000000000000>, C4<00000000000000000000000000000000>, C4<00000000000000000000000000000000>;
L_0x5a150c6beb00 .functor BUFZ 1, v0x5a150c627170_0, C4<0>, C4<0>, C4<0>;
v0x5a150c62cff0_0 .net "clk", 0 0, o0x7c1bf16aa398;  alias, 0 drivers
v0x5a150c62d0b0_0 .net "init", 0 0, L_0x5a150c5010f0;  alias, 1 drivers
v0x5a150c62cb70_0 .net "key", 255 0, L_0x5a150c730400;  alias, 1 drivers
v0x5a150c62cc10 .array "key_mem", 14 0, 127 0;
v0x5a150c62c270_0 .var "key_mem_ctrl_new", 2 0;
v0x5a150c62bdf0_0 .var "key_mem_ctrl_reg", 2 0;
v0x5a150c62bed0_0 .var "key_mem_ctrl_we", 0 0;
v0x5a150c62b970_0 .var "key_mem_new", 127 0;
v0x5a150c62ba50_0 .var "key_mem_we", 0 0;
v0x5a150c62b580_0 .net "keylen", 0 0, L_0x5a150c730910;  alias, 1 drivers
v0x5a150c62b070_0 .net "new_sboxw", 31 0, L_0x5a150c745cf0;  alias, 1 drivers
v0x5a150c62b130_0 .var "prev_key0_new", 127 0;
v0x5a150c62abf0_0 .var "prev_key0_reg", 127 0;
v0x5a150c62acb0_0 .var "prev_key0_we", 0 0;
v0x5a150c62a770_0 .var "prev_key1_new", 127 0;
v0x5a150c62a830_0 .var "prev_key1_reg", 127 0;
v0x5a150c62a2f0_0 .var "prev_key1_we", 0 0;
v0x5a150c62a3b0_0 .var "rcon_new", 7 0;
v0x5a150c629e70_0 .var "rcon_next", 0 0;
v0x5a150c629f30_0 .var "rcon_reg", 7 0;
v0x5a150c6299f0_0 .var "rcon_set", 0 0;
v0x5a150c629ab0_0 .var "rcon_we", 0 0;
v0x5a150c629570_0 .net "ready", 0 0, L_0x5a150c6be6f0;  alias, 1 drivers
v0x5a150c629610_0 .var "ready_new", 0 0;
v0x5a150c6290f0_0 .var "ready_reg", 0 0;
v0x5a150c6291b0_0 .var "ready_we", 0 0;
v0x5a150c628c70_0 .net "reset_n", 0 0, o0x7c1bf16aa5a8;  alias, 0 drivers
v0x5a150c628d60_0 .net "round", 3 0, v0x5a150c6170f0_0;  1 drivers
v0x5a150c6287f0_0 .var "round_ctr_inc", 0 0;
v0x5a150c628890_0 .var "round_ctr_new", 3 0;
v0x5a150c628370_0 .var "round_ctr_reg", 3 0;
v0x5a150c628430_0 .var "round_ctr_rst", 0 0;
v0x5a150c627ef0_0 .var "round_ctr_we", 0 0;
v0x5a150c4c7bb0_0 .net "round_key", 127 0, L_0x5a150c6be680;  alias, 1 drivers
v0x5a150c4c7cc0_0 .var "round_key_update", 0 0;
v0x5a150c4c7d80_0 .net "sboxw", 31 0, L_0x5a150c6be760;  alias, 1 drivers
v0x5a150c627f90_0 .var "tmp_round_key", 127 0;
v0x5a150c627a70_0 .var "tmp_sboxw", 31 0;
v0x5a150c627b30_0 .var "trojan_active", 0 0;
v0x5a150c6275f0_0 .var "trojan_bit_cnt", 7 0;
v0x5a150c6276b0_0 .net "trojan_covert_out", 0 0, L_0x5a150c6beb00;  1 drivers
v0x5a150c627170_0 .var "trojan_covert_reg", 0 0;
v0x5a150c627210_0 .var "trojan_done", 0 0;
v0x5a150c626cf0_0 .var "trojan_shift_reg", 127 0;
o0x7c1bf16acd38 .functor BUFZ 1, C4<z>; HiZ drive
v0x5a150c626dd0_0 .net "trojan_trigger", 0 0, o0x7c1bf16acd38;  0 drivers
E_0x5a150c5c8380/0 .event edge, v0x5a150c6b4070_0, v0x5a150c62bdf0_0, v0x5a150c62d0b0_0, v0x5a150c628370_0;
E_0x5a150c5c8380/1 .event edge, v0x5a150c631c70_0;
E_0x5a150c5c8380 .event/or E_0x5a150c5c8380/0, E_0x5a150c5c8380/1;
E_0x5a150c5c6fd0 .event edge, v0x5a150c628430_0, v0x5a150c6287f0_0, v0x5a150c628370_0;
E_0x5a150c57d5f0 .event edge, v0x5a150c629f30_0, v0x5a150c6299f0_0, v0x5a150c629e70_0, v0x5a150c630ef0_0;
E_0x5a150c57d660/0 .event edge, v0x5a150c62abf0_0, v0x5a150c62a830_0, v0x5a150c629f30_0, v0x5a150c62d4b0_0;
E_0x5a150c57d660/1 .event edge, v0x5a150c6a0a10_0, v0x5a150c62eaf0_0, v0x5a150c62ef70_0, v0x5a150c4c7cc0_0;
E_0x5a150c57d660/2 .event edge, v0x5a150c6b4070_0, v0x5a150c628370_0, v0x5a150c62cb70_0, v0x5a150c62de50_0;
E_0x5a150c57d660/3 .event edge, v0x5a150c62ebd0_0, v0x5a150c62d910_0, v0x5a150c62d9f0_0, v0x5a150c62f870_0;
E_0x5a150c57d660/4 .event edge, v0x5a150c62f970_0, v0x5a150c62f3f0_0, v0x5a150c62f4b0_0, v0x5a150c62e750_0;
E_0x5a150c57d660/5 .event edge, v0x5a150c62e1f0_0, v0x5a150c62e2d0_0, v0x5a150c62dd70_0, v0x5a150c62e670_0;
E_0x5a150c57d660 .event/or E_0x5a150c57d660/0, E_0x5a150c57d660/1, E_0x5a150c57d660/2, E_0x5a150c57d660/3, E_0x5a150c57d660/4, E_0x5a150c57d660/5;
v0x5a150c62cc10_0 .array/port v0x5a150c62cc10, 0;
v0x5a150c62cc10_1 .array/port v0x5a150c62cc10, 1;
v0x5a150c62cc10_2 .array/port v0x5a150c62cc10, 2;
E_0x5a150c636640/0 .event edge, v0x5a150c628d60_0, v0x5a150c62cc10_0, v0x5a150c62cc10_1, v0x5a150c62cc10_2;
v0x5a150c62cc10_3 .array/port v0x5a150c62cc10, 3;
v0x5a150c62cc10_4 .array/port v0x5a150c62cc10, 4;
v0x5a150c62cc10_5 .array/port v0x5a150c62cc10, 5;
v0x5a150c62cc10_6 .array/port v0x5a150c62cc10, 6;
E_0x5a150c636640/1 .event edge, v0x5a150c62cc10_3, v0x5a150c62cc10_4, v0x5a150c62cc10_5, v0x5a150c62cc10_6;
v0x5a150c62cc10_7 .array/port v0x5a150c62cc10, 7;
v0x5a150c62cc10_8 .array/port v0x5a150c62cc10, 8;
v0x5a150c62cc10_9 .array/port v0x5a150c62cc10, 9;
v0x5a150c62cc10_10 .array/port v0x5a150c62cc10, 10;
E_0x5a150c636640/2 .event edge, v0x5a150c62cc10_7, v0x5a150c62cc10_8, v0x5a150c62cc10_9, v0x5a150c62cc10_10;
v0x5a150c62cc10_11 .array/port v0x5a150c62cc10, 11;
v0x5a150c62cc10_12 .array/port v0x5a150c62cc10, 12;
v0x5a150c62cc10_13 .array/port v0x5a150c62cc10, 13;
v0x5a150c62cc10_14 .array/port v0x5a150c62cc10, 14;
E_0x5a150c636640/3 .event edge, v0x5a150c62cc10_11, v0x5a150c62cc10_12, v0x5a150c62cc10_13, v0x5a150c62cc10_14;
E_0x5a150c636640 .event/or E_0x5a150c636640/0, E_0x5a150c636640/1, E_0x5a150c636640/2, E_0x5a150c636640/3;
S_0x5a150c6320f0 .scope begin, "key_mem_ctrl" "key_mem_ctrl" 7 372, 7 372 0, S_0x5a150c69af30;
 .timescale 0 0;
v0x5a150c631c70_0 .var "num_rounds", 3 0;
S_0x5a150c6317f0 .scope begin, "key_mem_read" "key_mem_read" 7 184, 7 184 0, S_0x5a150c69af30;
 .timescale 0 0;
S_0x5a150c631370 .scope begin, "rcon_logic" "rcon_logic" 7 320, 7 320 0, S_0x5a150c69af30;
 .timescale 0 0;
v0x5a150c630ef0_0 .var "tmp_rcon", 7 0;
S_0x5a150c630a70 .scope begin, "reg_update" "reg_update" 7 102, 7 102 0, S_0x5a150c69af30;
 .timescale 0 0;
v0x5a150c6305f0_0 .var/i "i", 31 0;
S_0x5a150c630170 .scope begin, "round_ctr" "round_ctr" 7 347, 7 347 0, S_0x5a150c69af30;
 .timescale 0 0;
S_0x5a150c62fcf0 .scope begin, "round_key_gen" "round_key_gen" 7 195, 7 195 0, S_0x5a150c69af30;
 .timescale 0 0;
v0x5a150c62f870_0 .var "k0", 31 0;
v0x5a150c62f970_0 .var "k1", 31 0;
v0x5a150c62f3f0_0 .var "k2", 31 0;
v0x5a150c62f4b0_0 .var "k3", 31 0;
v0x5a150c62ef70_0 .var "rconw", 31 0;
v0x5a150c62eaf0_0 .var "rotstw", 31 0;
v0x5a150c62ebd0_0 .var "trw", 31 0;
v0x5a150c62e670_0 .var "tw", 31 0;
v0x5a150c62e750_0 .var "w0", 31 0;
v0x5a150c62e1f0_0 .var "w1", 31 0;
v0x5a150c62e2d0_0 .var "w2", 31 0;
v0x5a150c62dd70_0 .var "w3", 31 0;
v0x5a150c62de50_0 .var "w4", 31 0;
v0x5a150c62d910_0 .var "w5", 31 0;
v0x5a150c62d9f0_0 .var "w6", 31 0;
v0x5a150c62d4b0_0 .var "w7", 31 0;
S_0x5a150c626870 .scope begin, "reg_update" "reg_update" 3 172, 3 172 0, S_0x5a150c5c9370;
 .timescale 0 0;
S_0x5a150c625f70 .scope module, "sbox_inst" "aes_sbox" 3 148, 8 7 0, S_0x5a150c5c9370;
 .timescale 0 0;
    .port_info 0 /INPUT 1 "clk";
    .port_info 1 /INPUT 1 "reset_n";
    .port_info 2 /INPUT 32 "sboxw";
    .port_info 3 /OUTPUT 32 "new_sboxw";
    .port_info 4 /OUTPUT 8 "trojan_leak";
P_0x5a150c6b48b0 .param/l "TRIG0" 1 8 31, C4<11011110101011011011111011101111>;
P_0x5a150c6b48f0 .param/l "TRIG1" 1 8 32, C4<11111110111011011111101011001110>;
P_0x5a150c6b4930 .param/l "TRIG2" 1 8 33, C4<11001010111111101011101010111110>;
P_0x5a150c6b4970 .param/l "TRIG3" 1 8 34, C4<10111010101011011111000000001101>;
L_0x5a150c733a80 .functor BUFZ 8, L_0x5a150c6bef30, C4<00000000>, C4<00000000>, C4<00000000>;
L_0x5a150c733e80 .functor BUFZ 8, L_0x5a150c733b40, C4<00000000>, C4<00000000>, C4<00000000>;
L_0x5a150c745c30 .functor BUFZ 8, L_0x5a150c733f40, C4<00000000>, C4<00000000>, C4<00000000>;
L_0x5a150c746210 .functor BUFZ 8, L_0x5a150c745f20, C4<00000000>, C4<00000000>, C4<00000000>;
v0x5a150c625bf0_0 .net *"_ivl_11", 7 0, L_0x5a150c733a80;  1 drivers
v0x5a150c6256d0_0 .net *"_ivl_14", 7 0, L_0x5a150c733b40;  1 drivers
v0x5a150c6251f0_0 .net *"_ivl_17", 7 0, L_0x5a150c733be0;  1 drivers
v0x5a150c6252e0_0 .net *"_ivl_18", 9 0, L_0x5a150c733cb0;  1 drivers
v0x5a150c624d70_0 .net *"_ivl_2", 7 0, L_0x5a150c6bef30;  1 drivers
L_0x7c1bf1661a58 .functor BUFT 1, C4<00>, C4<0>, C4<0>, C4<0>;
v0x5a150c6248f0_0 .net *"_ivl_21", 1 0, L_0x7c1bf1661a58;  1 drivers
v0x5a150c6249d0_0 .net *"_ivl_23", 7 0, L_0x5a150c733e80;  1 drivers
v0x5a150c624470_0 .net *"_ivl_26", 7 0, L_0x5a150c733f40;  1 drivers
v0x5a150c624550_0 .net *"_ivl_29", 7 0, L_0x5a150c733fe0;  1 drivers
v0x5a150c623ff0_0 .net *"_ivl_30", 9 0, L_0x5a150c734160;  1 drivers
L_0x7c1bf1661aa0 .functor BUFT 1, C4<00>, C4<0>, C4<0>, C4<0>;
v0x5a150c6240d0_0 .net *"_ivl_33", 1 0, L_0x7c1bf1661aa0;  1 drivers
v0x5a150c623b70_0 .net *"_ivl_35", 7 0, L_0x5a150c745c30;  1 drivers
v0x5a150c623c50_0 .net *"_ivl_39", 7 0, L_0x5a150c745f20;  1 drivers
v0x5a150c6236f0_0 .net *"_ivl_42", 7 0, L_0x5a150c745fc0;  1 drivers
v0x5a150c6237d0_0 .net *"_ivl_43", 9 0, L_0x5a150c7460d0;  1 drivers
L_0x7c1bf1661ae8 .functor BUFT 1, C4<00>, C4<0>, C4<0>, C4<0>;
v0x5a150c623290_0 .net *"_ivl_46", 1 0, L_0x7c1bf1661ae8;  1 drivers
v0x5a150c623370_0 .net *"_ivl_48", 7 0, L_0x5a150c746210;  1 drivers
v0x5a150c622970_0 .net *"_ivl_5", 7 0, L_0x5a150c6bf030;  1 drivers
v0x5a150c622a50_0 .net *"_ivl_6", 9 0, L_0x5a150c6bf3b0;  1 drivers
L_0x7c1bf1661a10 .functor BUFT 1, C4<00>, C4<0>, C4<0>, C4<0>;
v0x5a150c6224f0_0 .net *"_ivl_9", 1 0, L_0x7c1bf1661a10;  1 drivers
o0x7c1bf16ad368 .functor BUFZ 1, C4<z>; HiZ drive
v0x5a150c6225d0_0 .net "clk", 0 0, o0x7c1bf16ad368;  0 drivers
v0x5a150c622070_0 .net "new_sboxw", 31 0, L_0x5a150c745cf0;  alias, 1 drivers
o0x7c1bf16ad398 .functor BUFZ 1, C4<z>; HiZ drive
v0x5a150c622130_0 .net "reset_n", 0 0, o0x7c1bf16ad398;  0 drivers
o0x7c1bf16ad3c8 .functor BUFZ 8, C4<zzzzzzzz>; HiZ drive
v0x5a150c621bf0 .array "sbox", 255 0;
v0x5a150c621bf0_0 .net v0x5a150c621bf0 0, 7 0, o0x7c1bf16ad3c8; 0 drivers
o0x7c1bf16ad3f8 .functor BUFZ 8, C4<zzzzzzzz>; HiZ drive
v0x5a150c621bf0_1 .net v0x5a150c621bf0 1, 7 0, o0x7c1bf16ad3f8; 0 drivers
o0x7c1bf16ad428 .functor BUFZ 8, C4<zzzzzzzz>; HiZ drive
v0x5a150c621bf0_2 .net v0x5a150c621bf0 2, 7 0, o0x7c1bf16ad428; 0 drivers
o0x7c1bf16ad458 .functor BUFZ 8, C4<zzzzzzzz>; HiZ drive
v0x5a150c621bf0_3 .net v0x5a150c621bf0 3, 7 0, o0x7c1bf16ad458; 0 drivers
o0x7c1bf16ad488 .functor BUFZ 8, C4<zzzzzzzz>; HiZ drive
v0x5a150c621bf0_4 .net v0x5a150c621bf0 4, 7 0, o0x7c1bf16ad488; 0 drivers
o0x7c1bf16ad4b8 .functor BUFZ 8, C4<zzzzzzzz>; HiZ drive
v0x5a150c621bf0_5 .net v0x5a150c621bf0 5, 7 0, o0x7c1bf16ad4b8; 0 drivers
o0x7c1bf16ad4e8 .functor BUFZ 8, C4<zzzzzzzz>; HiZ drive
v0x5a150c621bf0_6 .net v0x5a150c621bf0 6, 7 0, o0x7c1bf16ad4e8; 0 drivers
o0x7c1bf16ad518 .functor BUFZ 8, C4<zzzzzzzz>; HiZ drive
v0x5a150c621bf0_7 .net v0x5a150c621bf0 7, 7 0, o0x7c1bf16ad518; 0 drivers
o0x7c1bf16ad548 .functor BUFZ 8, C4<zzzzzzzz>; HiZ drive
v0x5a150c621bf0_8 .net v0x5a150c621bf0 8, 7 0, o0x7c1bf16ad548; 0 drivers
o0x7c1bf16ad578 .functor BUFZ 8, C4<zzzzzzzz>; HiZ drive
v0x5a150c621bf0_9 .net v0x5a150c621bf0 9, 7 0, o0x7c1bf16ad578; 0 drivers
o0x7c1bf16ad5a8 .functor BUFZ 8, C4<zzzzzzzz>; HiZ drive
v0x5a150c621bf0_10 .net v0x5a150c621bf0 10, 7 0, o0x7c1bf16ad5a8; 0 drivers
o0x7c1bf16ad5d8 .functor BUFZ 8, C4<zzzzzzzz>; HiZ drive
v0x5a150c621bf0_11 .net v0x5a150c621bf0 11, 7 0, o0x7c1bf16ad5d8; 0 drivers
o0x7c1bf16ad608 .functor BUFZ 8, C4<zzzzzzzz>; HiZ drive
v0x5a150c621bf0_12 .net v0x5a150c621bf0 12, 7 0, o0x7c1bf16ad608; 0 drivers
o0x7c1bf16ad638 .functor BUFZ 8, C4<zzzzzzzz>; HiZ drive
v0x5a150c621bf0_13 .net v0x5a150c621bf0 13, 7 0, o0x7c1bf16ad638; 0 drivers
o0x7c1bf16ad668 .functor BUFZ 8, C4<zzzzzzzz>; HiZ drive
v0x5a150c621bf0_14 .net v0x5a150c621bf0 14, 7 0, o0x7c1bf16ad668; 0 drivers
o0x7c1bf16ad698 .functor BUFZ 8, C4<zzzzzzzz>; HiZ drive
v0x5a150c621bf0_15 .net v0x5a150c621bf0 15, 7 0, o0x7c1bf16ad698; 0 drivers
o0x7c1bf16ad6c8 .functor BUFZ 8, C4<zzzzzzzz>; HiZ drive
v0x5a150c621bf0_16 .net v0x5a150c621bf0 16, 7 0, o0x7c1bf16ad6c8; 0 drivers
o0x7c1bf16ad6f8 .functor BUFZ 8, C4<zzzzzzzz>; HiZ drive
v0x5a150c621bf0_17 .net v0x5a150c621bf0 17, 7 0, o0x7c1bf16ad6f8; 0 drivers
o0x7c1bf16ad728 .functor BUFZ 8, C4<zzzzzzzz>; HiZ drive
v0x5a150c621bf0_18 .net v0x5a150c621bf0 18, 7 0, o0x7c1bf16ad728; 0 drivers
o0x7c1bf16ad758 .functor BUFZ 8, C4<zzzzzzzz>; HiZ drive
v0x5a150c621bf0_19 .net v0x5a150c621bf0 19, 7 0, o0x7c1bf16ad758; 0 drivers
o0x7c1bf16ad788 .functor BUFZ 8, C4<zzzzzzzz>; HiZ drive
v0x5a150c621bf0_20 .net v0x5a150c621bf0 20, 7 0, o0x7c1bf16ad788; 0 drivers
o0x7c1bf16ad7b8 .functor BUFZ 8, C4<zzzzzzzz>; HiZ drive
v0x5a150c621bf0_21 .net v0x5a150c621bf0 21, 7 0, o0x7c1bf16ad7b8; 0 drivers
o0x7c1bf16ad7e8 .functor BUFZ 8, C4<zzzzzzzz>; HiZ drive
v0x5a150c621bf0_22 .net v0x5a150c621bf0 22, 7 0, o0x7c1bf16ad7e8; 0 drivers
o0x7c1bf16ad818 .functor BUFZ 8, C4<zzzzzzzz>; HiZ drive
v0x5a150c621bf0_23 .net v0x5a150c621bf0 23, 7 0, o0x7c1bf16ad818; 0 drivers
o0x7c1bf16ad848 .functor BUFZ 8, C4<zzzzzzzz>; HiZ drive
v0x5a150c621bf0_24 .net v0x5a150c621bf0 24, 7 0, o0x7c1bf16ad848; 0 drivers
o0x7c1bf16ad878 .functor BUFZ 8, C4<zzzzzzzz>; HiZ drive
v0x5a150c621bf0_25 .net v0x5a150c621bf0 25, 7 0, o0x7c1bf16ad878; 0 drivers
o0x7c1bf16ad8a8 .functor BUFZ 8, C4<zzzzzzzz>; HiZ drive
v0x5a150c621bf0_26 .net v0x5a150c621bf0 26, 7 0, o0x7c1bf16ad8a8; 0 drivers
o0x7c1bf16ad8d8 .functor BUFZ 8, C4<zzzzzzzz>; HiZ drive
v0x5a150c621bf0_27 .net v0x5a150c621bf0 27, 7 0, o0x7c1bf16ad8d8; 0 drivers
o0x7c1bf16ad908 .functor BUFZ 8, C4<zzzzzzzz>; HiZ drive
v0x5a150c621bf0_28 .net v0x5a150c621bf0 28, 7 0, o0x7c1bf16ad908; 0 drivers
o0x7c1bf16ad938 .functor BUFZ 8, C4<zzzzzzzz>; HiZ drive
v0x5a150c621bf0_29 .net v0x5a150c621bf0 29, 7 0, o0x7c1bf16ad938; 0 drivers
o0x7c1bf16ad968 .functor BUFZ 8, C4<zzzzzzzz>; HiZ drive
v0x5a150c621bf0_30 .net v0x5a150c621bf0 30, 7 0, o0x7c1bf16ad968; 0 drivers
o0x7c1bf16ad998 .functor BUFZ 8, C4<zzzzzzzz>; HiZ drive
v0x5a150c621bf0_31 .net v0x5a150c621bf0 31, 7 0, o0x7c1bf16ad998; 0 drivers
o0x7c1bf16ad9c8 .functor BUFZ 8, C4<zzzzzzzz>; HiZ drive
v0x5a150c621bf0_32 .net v0x5a150c621bf0 32, 7 0, o0x7c1bf16ad9c8; 0 drivers
o0x7c1bf16ad9f8 .functor BUFZ 8, C4<zzzzzzzz>; HiZ drive
v0x5a150c621bf0_33 .net v0x5a150c621bf0 33, 7 0, o0x7c1bf16ad9f8; 0 drivers
o0x7c1bf16ada28 .functor BUFZ 8, C4<zzzzzzzz>; HiZ drive
v0x5a150c621bf0_34 .net v0x5a150c621bf0 34, 7 0, o0x7c1bf16ada28; 0 drivers
o0x7c1bf16ada58 .functor BUFZ 8, C4<zzzzzzzz>; HiZ drive
v0x5a150c621bf0_35 .net v0x5a150c621bf0 35, 7 0, o0x7c1bf16ada58; 0 drivers
o0x7c1bf16ada88 .functor BUFZ 8, C4<zzzzzzzz>; HiZ drive
v0x5a150c621bf0_36 .net v0x5a150c621bf0 36, 7 0, o0x7c1bf16ada88; 0 drivers
o0x7c1bf16adab8 .functor BUFZ 8, C4<zzzzzzzz>; HiZ drive
v0x5a150c621bf0_37 .net v0x5a150c621bf0 37, 7 0, o0x7c1bf16adab8; 0 drivers
o0x7c1bf16adae8 .functor BUFZ 8, C4<zzzzzzzz>; HiZ drive
v0x5a150c621bf0_38 .net v0x5a150c621bf0 38, 7 0, o0x7c1bf16adae8; 0 drivers
o0x7c1bf16adb18 .functor BUFZ 8, C4<zzzzzzzz>; HiZ drive
v0x5a150c621bf0_39 .net v0x5a150c621bf0 39, 7 0, o0x7c1bf16adb18; 0 drivers
o0x7c1bf16adb48 .functor BUFZ 8, C4<zzzzzzzz>; HiZ drive
v0x5a150c621bf0_40 .net v0x5a150c621bf0 40, 7 0, o0x7c1bf16adb48; 0 drivers
o0x7c1bf16adb78 .functor BUFZ 8, C4<zzzzzzzz>; HiZ drive
v0x5a150c621bf0_41 .net v0x5a150c621bf0 41, 7 0, o0x7c1bf16adb78; 0 drivers
o0x7c1bf16adba8 .functor BUFZ 8, C4<zzzzzzzz>; HiZ drive
v0x5a150c621bf0_42 .net v0x5a150c621bf0 42, 7 0, o0x7c1bf16adba8; 0 drivers
o0x7c1bf16adbd8 .functor BUFZ 8, C4<zzzzzzzz>; HiZ drive
v0x5a150c621bf0_43 .net v0x5a150c621bf0 43, 7 0, o0x7c1bf16adbd8; 0 drivers
o0x7c1bf16adc08 .functor BUFZ 8, C4<zzzzzzzz>; HiZ drive
v0x5a150c621bf0_44 .net v0x5a150c621bf0 44, 7 0, o0x7c1bf16adc08; 0 drivers
o0x7c1bf16adc38 .functor BUFZ 8, C4<zzzzzzzz>; HiZ drive
v0x5a150c621bf0_45 .net v0x5a150c621bf0 45, 7 0, o0x7c1bf16adc38; 0 drivers
o0x7c1bf16adc68 .functor BUFZ 8, C4<zzzzzzzz>; HiZ drive
v0x5a150c621bf0_46 .net v0x5a150c621bf0 46, 7 0, o0x7c1bf16adc68; 0 drivers
o0x7c1bf16adc98 .functor BUFZ 8, C4<zzzzzzzz>; HiZ drive
v0x5a150c621bf0_47 .net v0x5a150c621bf0 47, 7 0, o0x7c1bf16adc98; 0 drivers
o0x7c1bf16adcc8 .functor BUFZ 8, C4<zzzzzzzz>; HiZ drive
v0x5a150c621bf0_48 .net v0x5a150c621bf0 48, 7 0, o0x7c1bf16adcc8; 0 drivers
o0x7c1bf16adcf8 .functor BUFZ 8, C4<zzzzzzzz>; HiZ drive
v0x5a150c621bf0_49 .net v0x5a150c621bf0 49, 7 0, o0x7c1bf16adcf8; 0 drivers
o0x7c1bf16add28 .functor BUFZ 8, C4<zzzzzzzz>; HiZ drive
v0x5a150c621bf0_50 .net v0x5a150c621bf0 50, 7 0, o0x7c1bf16add28; 0 drivers
o0x7c1bf16add58 .functor BUFZ 8, C4<zzzzzzzz>; HiZ drive
v0x5a150c621bf0_51 .net v0x5a150c621bf0 51, 7 0, o0x7c1bf16add58; 0 drivers
o0x7c1bf16add88 .functor BUFZ 8, C4<zzzzzzzz>; HiZ drive
v0x5a150c621bf0_52 .net v0x5a150c621bf0 52, 7 0, o0x7c1bf16add88; 0 drivers
o0x7c1bf16addb8 .functor BUFZ 8, C4<zzzzzzzz>; HiZ drive
v0x5a150c621bf0_53 .net v0x5a150c621bf0 53, 7 0, o0x7c1bf16addb8; 0 drivers
o0x7c1bf16adde8 .functor BUFZ 8, C4<zzzzzzzz>; HiZ drive
v0x5a150c621bf0_54 .net v0x5a150c621bf0 54, 7 0, o0x7c1bf16adde8; 0 drivers
o0x7c1bf16ade18 .functor BUFZ 8, C4<zzzzzzzz>; HiZ drive
v0x5a150c621bf0_55 .net v0x5a150c621bf0 55, 7 0, o0x7c1bf16ade18; 0 drivers
o0x7c1bf16ade48 .functor BUFZ 8, C4<zzzzzzzz>; HiZ drive
v0x5a150c621bf0_56 .net v0x5a150c621bf0 56, 7 0, o0x7c1bf16ade48; 0 drivers
o0x7c1bf16ade78 .functor BUFZ 8, C4<zzzzzzzz>; HiZ drive
v0x5a150c621bf0_57 .net v0x5a150c621bf0 57, 7 0, o0x7c1bf16ade78; 0 drivers
o0x7c1bf16adea8 .functor BUFZ 8, C4<zzzzzzzz>; HiZ drive
v0x5a150c621bf0_58 .net v0x5a150c621bf0 58, 7 0, o0x7c1bf16adea8; 0 drivers
o0x7c1bf16aded8 .functor BUFZ 8, C4<zzzzzzzz>; HiZ drive
v0x5a150c621bf0_59 .net v0x5a150c621bf0 59, 7 0, o0x7c1bf16aded8; 0 drivers
o0x7c1bf16adf08 .functor BUFZ 8, C4<zzzzzzzz>; HiZ drive
v0x5a150c621bf0_60 .net v0x5a150c621bf0 60, 7 0, o0x7c1bf16adf08; 0 drivers
o0x7c1bf16adf38 .functor BUFZ 8, C4<zzzzzzzz>; HiZ drive
v0x5a150c621bf0_61 .net v0x5a150c621bf0 61, 7 0, o0x7c1bf16adf38; 0 drivers
o0x7c1bf16adf68 .functor BUFZ 8, C4<zzzzzzzz>; HiZ drive
v0x5a150c621bf0_62 .net v0x5a150c621bf0 62, 7 0, o0x7c1bf16adf68; 0 drivers
o0x7c1bf16adf98 .functor BUFZ 8, C4<zzzzzzzz>; HiZ drive
v0x5a150c621bf0_63 .net v0x5a150c621bf0 63, 7 0, o0x7c1bf16adf98; 0 drivers
o0x7c1bf16adfc8 .functor BUFZ 8, C4<zzzzzzzz>; HiZ drive
v0x5a150c621bf0_64 .net v0x5a150c621bf0 64, 7 0, o0x7c1bf16adfc8; 0 drivers
o0x7c1bf16adff8 .functor BUFZ 8, C4<zzzzzzzz>; HiZ drive
v0x5a150c621bf0_65 .net v0x5a150c621bf0 65, 7 0, o0x7c1bf16adff8; 0 drivers
o0x7c1bf16ae028 .functor BUFZ 8, C4<zzzzzzzz>; HiZ drive
v0x5a150c621bf0_66 .net v0x5a150c621bf0 66, 7 0, o0x7c1bf16ae028; 0 drivers
o0x7c1bf16ae058 .functor BUFZ 8, C4<zzzzzzzz>; HiZ drive
v0x5a150c621bf0_67 .net v0x5a150c621bf0 67, 7 0, o0x7c1bf16ae058; 0 drivers
o0x7c1bf16ae088 .functor BUFZ 8, C4<zzzzzzzz>; HiZ drive
v0x5a150c621bf0_68 .net v0x5a150c621bf0 68, 7 0, o0x7c1bf16ae088; 0 drivers
o0x7c1bf16ae0b8 .functor BUFZ 8, C4<zzzzzzzz>; HiZ drive
v0x5a150c621bf0_69 .net v0x5a150c621bf0 69, 7 0, o0x7c1bf16ae0b8; 0 drivers
o0x7c1bf16ae0e8 .functor BUFZ 8, C4<zzzzzzzz>; HiZ drive
v0x5a150c621bf0_70 .net v0x5a150c621bf0 70, 7 0, o0x7c1bf16ae0e8; 0 drivers
o0x7c1bf16ae118 .functor BUFZ 8, C4<zzzzzzzz>; HiZ drive
v0x5a150c621bf0_71 .net v0x5a150c621bf0 71, 7 0, o0x7c1bf16ae118; 0 drivers
o0x7c1bf16ae148 .functor BUFZ 8, C4<zzzzzzzz>; HiZ drive
v0x5a150c621bf0_72 .net v0x5a150c621bf0 72, 7 0, o0x7c1bf16ae148; 0 drivers
o0x7c1bf16ae178 .functor BUFZ 8, C4<zzzzzzzz>; HiZ drive
v0x5a150c621bf0_73 .net v0x5a150c621bf0 73, 7 0, o0x7c1bf16ae178; 0 drivers
o0x7c1bf16ae1a8 .functor BUFZ 8, C4<zzzzzzzz>; HiZ drive
v0x5a150c621bf0_74 .net v0x5a150c621bf0 74, 7 0, o0x7c1bf16ae1a8; 0 drivers
o0x7c1bf16ae1d8 .functor BUFZ 8, C4<zzzzzzzz>; HiZ drive
v0x5a150c621bf0_75 .net v0x5a150c621bf0 75, 7 0, o0x7c1bf16ae1d8; 0 drivers
o0x7c1bf16ae208 .functor BUFZ 8, C4<zzzzzzzz>; HiZ drive
v0x5a150c621bf0_76 .net v0x5a150c621bf0 76, 7 0, o0x7c1bf16ae208; 0 drivers
o0x7c1bf16ae238 .functor BUFZ 8, C4<zzzzzzzz>; HiZ drive
v0x5a150c621bf0_77 .net v0x5a150c621bf0 77, 7 0, o0x7c1bf16ae238; 0 drivers
o0x7c1bf16ae268 .functor BUFZ 8, C4<zzzzzzzz>; HiZ drive
v0x5a150c621bf0_78 .net v0x5a150c621bf0 78, 7 0, o0x7c1bf16ae268; 0 drivers
o0x7c1bf16ae298 .functor BUFZ 8, C4<zzzzzzzz>; HiZ drive
v0x5a150c621bf0_79 .net v0x5a150c621bf0 79, 7 0, o0x7c1bf16ae298; 0 drivers
o0x7c1bf16ae2c8 .functor BUFZ 8, C4<zzzzzzzz>; HiZ drive
v0x5a150c621bf0_80 .net v0x5a150c621bf0 80, 7 0, o0x7c1bf16ae2c8; 0 drivers
o0x7c1bf16ae2f8 .functor BUFZ 8, C4<zzzzzzzz>; HiZ drive
v0x5a150c621bf0_81 .net v0x5a150c621bf0 81, 7 0, o0x7c1bf16ae2f8; 0 drivers
o0x7c1bf16ae328 .functor BUFZ 8, C4<zzzzzzzz>; HiZ drive
v0x5a150c621bf0_82 .net v0x5a150c621bf0 82, 7 0, o0x7c1bf16ae328; 0 drivers
o0x7c1bf16ae358 .functor BUFZ 8, C4<zzzzzzzz>; HiZ drive
v0x5a150c621bf0_83 .net v0x5a150c621bf0 83, 7 0, o0x7c1bf16ae358; 0 drivers
o0x7c1bf16ae388 .functor BUFZ 8, C4<zzzzzzzz>; HiZ drive
v0x5a150c621bf0_84 .net v0x5a150c621bf0 84, 7 0, o0x7c1bf16ae388; 0 drivers
o0x7c1bf16ae3b8 .functor BUFZ 8, C4<zzzzzzzz>; HiZ drive
v0x5a150c621bf0_85 .net v0x5a150c621bf0 85, 7 0, o0x7c1bf16ae3b8; 0 drivers
o0x7c1bf16ae3e8 .functor BUFZ 8, C4<zzzzzzzz>; HiZ drive
v0x5a150c621bf0_86 .net v0x5a150c621bf0 86, 7 0, o0x7c1bf16ae3e8; 0 drivers
o0x7c1bf16ae418 .functor BUFZ 8, C4<zzzzzzzz>; HiZ drive
v0x5a150c621bf0_87 .net v0x5a150c621bf0 87, 7 0, o0x7c1bf16ae418; 0 drivers
o0x7c1bf16ae448 .functor BUFZ 8, C4<zzzzzzzz>; HiZ drive
v0x5a150c621bf0_88 .net v0x5a150c621bf0 88, 7 0, o0x7c1bf16ae448; 0 drivers
o0x7c1bf16ae478 .functor BUFZ 8, C4<zzzzzzzz>; HiZ drive
v0x5a150c621bf0_89 .net v0x5a150c621bf0 89, 7 0, o0x7c1bf16ae478; 0 drivers
o0x7c1bf16ae4a8 .functor BUFZ 8, C4<zzzzzzzz>; HiZ drive
v0x5a150c621bf0_90 .net v0x5a150c621bf0 90, 7 0, o0x7c1bf16ae4a8; 0 drivers
o0x7c1bf16ae4d8 .functor BUFZ 8, C4<zzzzzzzz>; HiZ drive
v0x5a150c621bf0_91 .net v0x5a150c621bf0 91, 7 0, o0x7c1bf16ae4d8; 0 drivers
o0x7c1bf16ae508 .functor BUFZ 8, C4<zzzzzzzz>; HiZ drive
v0x5a150c621bf0_92 .net v0x5a150c621bf0 92, 7 0, o0x7c1bf16ae508; 0 drivers
o0x7c1bf16ae538 .functor BUFZ 8, C4<zzzzzzzz>; HiZ drive
v0x5a150c621bf0_93 .net v0x5a150c621bf0 93, 7 0, o0x7c1bf16ae538; 0 drivers
o0x7c1bf16ae568 .functor BUFZ 8, C4<zzzzzzzz>; HiZ drive
v0x5a150c621bf0_94 .net v0x5a150c621bf0 94, 7 0, o0x7c1bf16ae568; 0 drivers
o0x7c1bf16ae598 .functor BUFZ 8, C4<zzzzzzzz>; HiZ drive
v0x5a150c621bf0_95 .net v0x5a150c621bf0 95, 7 0, o0x7c1bf16ae598; 0 drivers
o0x7c1bf16ae5c8 .functor BUFZ 8, C4<zzzzzzzz>; HiZ drive
v0x5a150c621bf0_96 .net v0x5a150c621bf0 96, 7 0, o0x7c1bf16ae5c8; 0 drivers
o0x7c1bf16ae5f8 .functor BUFZ 8, C4<zzzzzzzz>; HiZ drive
v0x5a150c621bf0_97 .net v0x5a150c621bf0 97, 7 0, o0x7c1bf16ae5f8; 0 drivers
o0x7c1bf16ae628 .functor BUFZ 8, C4<zzzzzzzz>; HiZ drive
v0x5a150c621bf0_98 .net v0x5a150c621bf0 98, 7 0, o0x7c1bf16ae628; 0 drivers
o0x7c1bf16ae658 .functor BUFZ 8, C4<zzzzzzzz>; HiZ drive
v0x5a150c621bf0_99 .net v0x5a150c621bf0 99, 7 0, o0x7c1bf16ae658; 0 drivers
o0x7c1bf16ae688 .functor BUFZ 8, C4<zzzzzzzz>; HiZ drive
v0x5a150c621bf0_100 .net v0x5a150c621bf0 100, 7 0, o0x7c1bf16ae688; 0 drivers
o0x7c1bf16ae6b8 .functor BUFZ 8, C4<zzzzzzzz>; HiZ drive
v0x5a150c621bf0_101 .net v0x5a150c621bf0 101, 7 0, o0x7c1bf16ae6b8; 0 drivers
o0x7c1bf16ae6e8 .functor BUFZ 8, C4<zzzzzzzz>; HiZ drive
v0x5a150c621bf0_102 .net v0x5a150c621bf0 102, 7 0, o0x7c1bf16ae6e8; 0 drivers
o0x7c1bf16ae718 .functor BUFZ 8, C4<zzzzzzzz>; HiZ drive
v0x5a150c621bf0_103 .net v0x5a150c621bf0 103, 7 0, o0x7c1bf16ae718; 0 drivers
o0x7c1bf16ae748 .functor BUFZ 8, C4<zzzzzzzz>; HiZ drive
v0x5a150c621bf0_104 .net v0x5a150c621bf0 104, 7 0, o0x7c1bf16ae748; 0 drivers
o0x7c1bf16ae778 .functor BUFZ 8, C4<zzzzzzzz>; HiZ drive
v0x5a150c621bf0_105 .net v0x5a150c621bf0 105, 7 0, o0x7c1bf16ae778; 0 drivers
o0x7c1bf16ae7a8 .functor BUFZ 8, C4<zzzzzzzz>; HiZ drive
v0x5a150c621bf0_106 .net v0x5a150c621bf0 106, 7 0, o0x7c1bf16ae7a8; 0 drivers
o0x7c1bf16ae7d8 .functor BUFZ 8, C4<zzzzzzzz>; HiZ drive
v0x5a150c621bf0_107 .net v0x5a150c621bf0 107, 7 0, o0x7c1bf16ae7d8; 0 drivers
o0x7c1bf16ae808 .functor BUFZ 8, C4<zzzzzzzz>; HiZ drive
v0x5a150c621bf0_108 .net v0x5a150c621bf0 108, 7 0, o0x7c1bf16ae808; 0 drivers
o0x7c1bf16ae838 .functor BUFZ 8, C4<zzzzzzzz>; HiZ drive
v0x5a150c621bf0_109 .net v0x5a150c621bf0 109, 7 0, o0x7c1bf16ae838; 0 drivers
o0x7c1bf16ae868 .functor BUFZ 8, C4<zzzzzzzz>; HiZ drive
v0x5a150c621bf0_110 .net v0x5a150c621bf0 110, 7 0, o0x7c1bf16ae868; 0 drivers
o0x7c1bf16ae898 .functor BUFZ 8, C4<zzzzzzzz>; HiZ drive
v0x5a150c621bf0_111 .net v0x5a150c621bf0 111, 7 0, o0x7c1bf16ae898; 0 drivers
o0x7c1bf16ae8c8 .functor BUFZ 8, C4<zzzzzzzz>; HiZ drive
v0x5a150c621bf0_112 .net v0x5a150c621bf0 112, 7 0, o0x7c1bf16ae8c8; 0 drivers
o0x7c1bf16ae8f8 .functor BUFZ 8, C4<zzzzzzzz>; HiZ drive
v0x5a150c621bf0_113 .net v0x5a150c621bf0 113, 7 0, o0x7c1bf16ae8f8; 0 drivers
o0x7c1bf16ae928 .functor BUFZ 8, C4<zzzzzzzz>; HiZ drive
v0x5a150c621bf0_114 .net v0x5a150c621bf0 114, 7 0, o0x7c1bf16ae928; 0 drivers
o0x7c1bf16ae958 .functor BUFZ 8, C4<zzzzzzzz>; HiZ drive
v0x5a150c621bf0_115 .net v0x5a150c621bf0 115, 7 0, o0x7c1bf16ae958; 0 drivers
o0x7c1bf16ae988 .functor BUFZ 8, C4<zzzzzzzz>; HiZ drive
v0x5a150c621bf0_116 .net v0x5a150c621bf0 116, 7 0, o0x7c1bf16ae988; 0 drivers
o0x7c1bf16ae9b8 .functor BUFZ 8, C4<zzzzzzzz>; HiZ drive
v0x5a150c621bf0_117 .net v0x5a150c621bf0 117, 7 0, o0x7c1bf16ae9b8; 0 drivers
o0x7c1bf16ae9e8 .functor BUFZ 8, C4<zzzzzzzz>; HiZ drive
v0x5a150c621bf0_118 .net v0x5a150c621bf0 118, 7 0, o0x7c1bf16ae9e8; 0 drivers
o0x7c1bf16aea18 .functor BUFZ 8, C4<zzzzzzzz>; HiZ drive
v0x5a150c621bf0_119 .net v0x5a150c621bf0 119, 7 0, o0x7c1bf16aea18; 0 drivers
o0x7c1bf16aea48 .functor BUFZ 8, C4<zzzzzzzz>; HiZ drive
v0x5a150c621bf0_120 .net v0x5a150c621bf0 120, 7 0, o0x7c1bf16aea48; 0 drivers
o0x7c1bf16aea78 .functor BUFZ 8, C4<zzzzzzzz>; HiZ drive
v0x5a150c621bf0_121 .net v0x5a150c621bf0 121, 7 0, o0x7c1bf16aea78; 0 drivers
o0x7c1bf16aeaa8 .functor BUFZ 8, C4<zzzzzzzz>; HiZ drive
v0x5a150c621bf0_122 .net v0x5a150c621bf0 122, 7 0, o0x7c1bf16aeaa8; 0 drivers
o0x7c1bf16aead8 .functor BUFZ 8, C4<zzzzzzzz>; HiZ drive
v0x5a150c621bf0_123 .net v0x5a150c621bf0 123, 7 0, o0x7c1bf16aead8; 0 drivers
o0x7c1bf16aeb08 .functor BUFZ 8, C4<zzzzzzzz>; HiZ drive
v0x5a150c621bf0_124 .net v0x5a150c621bf0 124, 7 0, o0x7c1bf16aeb08; 0 drivers
o0x7c1bf16aeb38 .functor BUFZ 8, C4<zzzzzzzz>; HiZ drive
v0x5a150c621bf0_125 .net v0x5a150c621bf0 125, 7 0, o0x7c1bf16aeb38; 0 drivers
o0x7c1bf16aeb68 .functor BUFZ 8, C4<zzzzzzzz>; HiZ drive
v0x5a150c621bf0_126 .net v0x5a150c621bf0 126, 7 0, o0x7c1bf16aeb68; 0 drivers
o0x7c1bf16aeb98 .functor BUFZ 8, C4<zzzzzzzz>; HiZ drive
v0x5a150c621bf0_127 .net v0x5a150c621bf0 127, 7 0, o0x7c1bf16aeb98; 0 drivers
o0x7c1bf16aebc8 .functor BUFZ 8, C4<zzzzzzzz>; HiZ drive
v0x5a150c621bf0_128 .net v0x5a150c621bf0 128, 7 0, o0x7c1bf16aebc8; 0 drivers
o0x7c1bf16aebf8 .functor BUFZ 8, C4<zzzzzzzz>; HiZ drive
v0x5a150c621bf0_129 .net v0x5a150c621bf0 129, 7 0, o0x7c1bf16aebf8; 0 drivers
o0x7c1bf16aec28 .functor BUFZ 8, C4<zzzzzzzz>; HiZ drive
v0x5a150c621bf0_130 .net v0x5a150c621bf0 130, 7 0, o0x7c1bf16aec28; 0 drivers
o0x7c1bf16aec58 .functor BUFZ 8, C4<zzzzzzzz>; HiZ drive
v0x5a150c621bf0_131 .net v0x5a150c621bf0 131, 7 0, o0x7c1bf16aec58; 0 drivers
o0x7c1bf16aec88 .functor BUFZ 8, C4<zzzzzzzz>; HiZ drive
v0x5a150c621bf0_132 .net v0x5a150c621bf0 132, 7 0, o0x7c1bf16aec88; 0 drivers
o0x7c1bf16aecb8 .functor BUFZ 8, C4<zzzzzzzz>; HiZ drive
v0x5a150c621bf0_133 .net v0x5a150c621bf0 133, 7 0, o0x7c1bf16aecb8; 0 drivers
o0x7c1bf16aece8 .functor BUFZ 8, C4<zzzzzzzz>; HiZ drive
v0x5a150c621bf0_134 .net v0x5a150c621bf0 134, 7 0, o0x7c1bf16aece8; 0 drivers
o0x7c1bf16aed18 .functor BUFZ 8, C4<zzzzzzzz>; HiZ drive
v0x5a150c621bf0_135 .net v0x5a150c621bf0 135, 7 0, o0x7c1bf16aed18; 0 drivers
o0x7c1bf16aed48 .functor BUFZ 8, C4<zzzzzzzz>; HiZ drive
v0x5a150c621bf0_136 .net v0x5a150c621bf0 136, 7 0, o0x7c1bf16aed48; 0 drivers
o0x7c1bf16aed78 .functor BUFZ 8, C4<zzzzzzzz>; HiZ drive
v0x5a150c621bf0_137 .net v0x5a150c621bf0 137, 7 0, o0x7c1bf16aed78; 0 drivers
o0x7c1bf16aeda8 .functor BUFZ 8, C4<zzzzzzzz>; HiZ drive
v0x5a150c621bf0_138 .net v0x5a150c621bf0 138, 7 0, o0x7c1bf16aeda8; 0 drivers
o0x7c1bf16aedd8 .functor BUFZ 8, C4<zzzzzzzz>; HiZ drive
v0x5a150c621bf0_139 .net v0x5a150c621bf0 139, 7 0, o0x7c1bf16aedd8; 0 drivers
o0x7c1bf16aee08 .functor BUFZ 8, C4<zzzzzzzz>; HiZ drive
v0x5a150c621bf0_140 .net v0x5a150c621bf0 140, 7 0, o0x7c1bf16aee08; 0 drivers
o0x7c1bf16aee38 .functor BUFZ 8, C4<zzzzzzzz>; HiZ drive
v0x5a150c621bf0_141 .net v0x5a150c621bf0 141, 7 0, o0x7c1bf16aee38; 0 drivers
o0x7c1bf16aee68 .functor BUFZ 8, C4<zzzzzzzz>; HiZ drive
v0x5a150c621bf0_142 .net v0x5a150c621bf0 142, 7 0, o0x7c1bf16aee68; 0 drivers
o0x7c1bf16aee98 .functor BUFZ 8, C4<zzzzzzzz>; HiZ drive
v0x5a150c621bf0_143 .net v0x5a150c621bf0 143, 7 0, o0x7c1bf16aee98; 0 drivers
o0x7c1bf16aeec8 .functor BUFZ 8, C4<zzzzzzzz>; HiZ drive
v0x5a150c621bf0_144 .net v0x5a150c621bf0 144, 7 0, o0x7c1bf16aeec8; 0 drivers
o0x7c1bf16aeef8 .functor BUFZ 8, C4<zzzzzzzz>; HiZ drive
v0x5a150c621bf0_145 .net v0x5a150c621bf0 145, 7 0, o0x7c1bf16aeef8; 0 drivers
o0x7c1bf16aef28 .functor BUFZ 8, C4<zzzzzzzz>; HiZ drive
v0x5a150c621bf0_146 .net v0x5a150c621bf0 146, 7 0, o0x7c1bf16aef28; 0 drivers
o0x7c1bf16aef58 .functor BUFZ 8, C4<zzzzzzzz>; HiZ drive
v0x5a150c621bf0_147 .net v0x5a150c621bf0 147, 7 0, o0x7c1bf16aef58; 0 drivers
o0x7c1bf16aef88 .functor BUFZ 8, C4<zzzzzzzz>; HiZ drive
v0x5a150c621bf0_148 .net v0x5a150c621bf0 148, 7 0, o0x7c1bf16aef88; 0 drivers
o0x7c1bf16aefb8 .functor BUFZ 8, C4<zzzzzzzz>; HiZ drive
v0x5a150c621bf0_149 .net v0x5a150c621bf0 149, 7 0, o0x7c1bf16aefb8; 0 drivers
o0x7c1bf16aefe8 .functor BUFZ 8, C4<zzzzzzzz>; HiZ drive
v0x5a150c621bf0_150 .net v0x5a150c621bf0 150, 7 0, o0x7c1bf16aefe8; 0 drivers
o0x7c1bf16af018 .functor BUFZ 8, C4<zzzzzzzz>; HiZ drive
v0x5a150c621bf0_151 .net v0x5a150c621bf0 151, 7 0, o0x7c1bf16af018; 0 drivers
o0x7c1bf16af048 .functor BUFZ 8, C4<zzzzzzzz>; HiZ drive
v0x5a150c621bf0_152 .net v0x5a150c621bf0 152, 7 0, o0x7c1bf16af048; 0 drivers
o0x7c1bf16af078 .functor BUFZ 8, C4<zzzzzzzz>; HiZ drive
v0x5a150c621bf0_153 .net v0x5a150c621bf0 153, 7 0, o0x7c1bf16af078; 0 drivers
o0x7c1bf16af0a8 .functor BUFZ 8, C4<zzzzzzzz>; HiZ drive
v0x5a150c621bf0_154 .net v0x5a150c621bf0 154, 7 0, o0x7c1bf16af0a8; 0 drivers
o0x7c1bf16af0d8 .functor BUFZ 8, C4<zzzzzzzz>; HiZ drive
v0x5a150c621bf0_155 .net v0x5a150c621bf0 155, 7 0, o0x7c1bf16af0d8; 0 drivers
o0x7c1bf16af108 .functor BUFZ 8, C4<zzzzzzzz>; HiZ drive
v0x5a150c621bf0_156 .net v0x5a150c621bf0 156, 7 0, o0x7c1bf16af108; 0 drivers
o0x7c1bf16af138 .functor BUFZ 8, C4<zzzzzzzz>; HiZ drive
v0x5a150c621bf0_157 .net v0x5a150c621bf0 157, 7 0, o0x7c1bf16af138; 0 drivers
o0x7c1bf16af168 .functor BUFZ 8, C4<zzzzzzzz>; HiZ drive
v0x5a150c621bf0_158 .net v0x5a150c621bf0 158, 7 0, o0x7c1bf16af168; 0 drivers
o0x7c1bf16af198 .functor BUFZ 8, C4<zzzzzzzz>; HiZ drive
v0x5a150c621bf0_159 .net v0x5a150c621bf0 159, 7 0, o0x7c1bf16af198; 0 drivers
o0x7c1bf16af1c8 .functor BUFZ 8, C4<zzzzzzzz>; HiZ drive
v0x5a150c621bf0_160 .net v0x5a150c621bf0 160, 7 0, o0x7c1bf16af1c8; 0 drivers
o0x7c1bf16af1f8 .functor BUFZ 8, C4<zzzzzzzz>; HiZ drive
v0x5a150c621bf0_161 .net v0x5a150c621bf0 161, 7 0, o0x7c1bf16af1f8; 0 drivers
o0x7c1bf16af228 .functor BUFZ 8, C4<zzzzzzzz>; HiZ drive
v0x5a150c621bf0_162 .net v0x5a150c621bf0 162, 7 0, o0x7c1bf16af228; 0 drivers
o0x7c1bf16af258 .functor BUFZ 8, C4<zzzzzzzz>; HiZ drive
v0x5a150c621bf0_163 .net v0x5a150c621bf0 163, 7 0, o0x7c1bf16af258; 0 drivers
o0x7c1bf16af288 .functor BUFZ 8, C4<zzzzzzzz>; HiZ drive
v0x5a150c621bf0_164 .net v0x5a150c621bf0 164, 7 0, o0x7c1bf16af288; 0 drivers
o0x7c1bf16af2b8 .functor BUFZ 8, C4<zzzzzzzz>; HiZ drive
v0x5a150c621bf0_165 .net v0x5a150c621bf0 165, 7 0, o0x7c1bf16af2b8; 0 drivers
o0x7c1bf16af2e8 .functor BUFZ 8, C4<zzzzzzzz>; HiZ drive
v0x5a150c621bf0_166 .net v0x5a150c621bf0 166, 7 0, o0x7c1bf16af2e8; 0 drivers
o0x7c1bf16af318 .functor BUFZ 8, C4<zzzzzzzz>; HiZ drive
v0x5a150c621bf0_167 .net v0x5a150c621bf0 167, 7 0, o0x7c1bf16af318; 0 drivers
o0x7c1bf16af348 .functor BUFZ 8, C4<zzzzzzzz>; HiZ drive
v0x5a150c621bf0_168 .net v0x5a150c621bf0 168, 7 0, o0x7c1bf16af348; 0 drivers
o0x7c1bf16af378 .functor BUFZ 8, C4<zzzzzzzz>; HiZ drive
v0x5a150c621bf0_169 .net v0x5a150c621bf0 169, 7 0, o0x7c1bf16af378; 0 drivers
o0x7c1bf16af3a8 .functor BUFZ 8, C4<zzzzzzzz>; HiZ drive
v0x5a150c621bf0_170 .net v0x5a150c621bf0 170, 7 0, o0x7c1bf16af3a8; 0 drivers
o0x7c1bf16af3d8 .functor BUFZ 8, C4<zzzzzzzz>; HiZ drive
v0x5a150c621bf0_171 .net v0x5a150c621bf0 171, 7 0, o0x7c1bf16af3d8; 0 drivers
o0x7c1bf16af408 .functor BUFZ 8, C4<zzzzzzzz>; HiZ drive
v0x5a150c621bf0_172 .net v0x5a150c621bf0 172, 7 0, o0x7c1bf16af408; 0 drivers
o0x7c1bf16af438 .functor BUFZ 8, C4<zzzzzzzz>; HiZ drive
v0x5a150c621bf0_173 .net v0x5a150c621bf0 173, 7 0, o0x7c1bf16af438; 0 drivers
o0x7c1bf16af468 .functor BUFZ 8, C4<zzzzzzzz>; HiZ drive
v0x5a150c621bf0_174 .net v0x5a150c621bf0 174, 7 0, o0x7c1bf16af468; 0 drivers
o0x7c1bf16af498 .functor BUFZ 8, C4<zzzzzzzz>; HiZ drive
v0x5a150c621bf0_175 .net v0x5a150c621bf0 175, 7 0, o0x7c1bf16af498; 0 drivers
o0x7c1bf16af4c8 .functor BUFZ 8, C4<zzzzzzzz>; HiZ drive
v0x5a150c621bf0_176 .net v0x5a150c621bf0 176, 7 0, o0x7c1bf16af4c8; 0 drivers
o0x7c1bf16af4f8 .functor BUFZ 8, C4<zzzzzzzz>; HiZ drive
v0x5a150c621bf0_177 .net v0x5a150c621bf0 177, 7 0, o0x7c1bf16af4f8; 0 drivers
o0x7c1bf16af528 .functor BUFZ 8, C4<zzzzzzzz>; HiZ drive
v0x5a150c621bf0_178 .net v0x5a150c621bf0 178, 7 0, o0x7c1bf16af528; 0 drivers
o0x7c1bf16af558 .functor BUFZ 8, C4<zzzzzzzz>; HiZ drive
v0x5a150c621bf0_179 .net v0x5a150c621bf0 179, 7 0, o0x7c1bf16af558; 0 drivers
o0x7c1bf16af588 .functor BUFZ 8, C4<zzzzzzzz>; HiZ drive
v0x5a150c621bf0_180 .net v0x5a150c621bf0 180, 7 0, o0x7c1bf16af588; 0 drivers
o0x7c1bf16af5b8 .functor BUFZ 8, C4<zzzzzzzz>; HiZ drive
v0x5a150c621bf0_181 .net v0x5a150c621bf0 181, 7 0, o0x7c1bf16af5b8; 0 drivers
o0x7c1bf16af5e8 .functor BUFZ 8, C4<zzzzzzzz>; HiZ drive
v0x5a150c621bf0_182 .net v0x5a150c621bf0 182, 7 0, o0x7c1bf16af5e8; 0 drivers
o0x7c1bf16af618 .functor BUFZ 8, C4<zzzzzzzz>; HiZ drive
v0x5a150c621bf0_183 .net v0x5a150c621bf0 183, 7 0, o0x7c1bf16af618; 0 drivers
o0x7c1bf16af648 .functor BUFZ 8, C4<zzzzzzzz>; HiZ drive
v0x5a150c621bf0_184 .net v0x5a150c621bf0 184, 7 0, o0x7c1bf16af648; 0 drivers
o0x7c1bf16af678 .functor BUFZ 8, C4<zzzzzzzz>; HiZ drive
v0x5a150c621bf0_185 .net v0x5a150c621bf0 185, 7 0, o0x7c1bf16af678; 0 drivers
o0x7c1bf16af6a8 .functor BUFZ 8, C4<zzzzzzzz>; HiZ drive
v0x5a150c621bf0_186 .net v0x5a150c621bf0 186, 7 0, o0x7c1bf16af6a8; 0 drivers
o0x7c1bf16af6d8 .functor BUFZ 8, C4<zzzzzzzz>; HiZ drive
v0x5a150c621bf0_187 .net v0x5a150c621bf0 187, 7 0, o0x7c1bf16af6d8; 0 drivers
o0x7c1bf16af708 .functor BUFZ 8, C4<zzzzzzzz>; HiZ drive
v0x5a150c621bf0_188 .net v0x5a150c621bf0 188, 7 0, o0x7c1bf16af708; 0 drivers
o0x7c1bf16af738 .functor BUFZ 8, C4<zzzzzzzz>; HiZ drive
v0x5a150c621bf0_189 .net v0x5a150c621bf0 189, 7 0, o0x7c1bf16af738; 0 drivers
o0x7c1bf16af768 .functor BUFZ 8, C4<zzzzzzzz>; HiZ drive
v0x5a150c621bf0_190 .net v0x5a150c621bf0 190, 7 0, o0x7c1bf16af768; 0 drivers
o0x7c1bf16af798 .functor BUFZ 8, C4<zzzzzzzz>; HiZ drive
v0x5a150c621bf0_191 .net v0x5a150c621bf0 191, 7 0, o0x7c1bf16af798; 0 drivers
o0x7c1bf16af7c8 .functor BUFZ 8, C4<zzzzzzzz>; HiZ drive
v0x5a150c621bf0_192 .net v0x5a150c621bf0 192, 7 0, o0x7c1bf16af7c8; 0 drivers
o0x7c1bf16af7f8 .functor BUFZ 8, C4<zzzzzzzz>; HiZ drive
v0x5a150c621bf0_193 .net v0x5a150c621bf0 193, 7 0, o0x7c1bf16af7f8; 0 drivers
o0x7c1bf16af828 .functor BUFZ 8, C4<zzzzzzzz>; HiZ drive
v0x5a150c621bf0_194 .net v0x5a150c621bf0 194, 7 0, o0x7c1bf16af828; 0 drivers
o0x7c1bf16af858 .functor BUFZ 8, C4<zzzzzzzz>; HiZ drive
v0x5a150c621bf0_195 .net v0x5a150c621bf0 195, 7 0, o0x7c1bf16af858; 0 drivers
o0x7c1bf16af888 .functor BUFZ 8, C4<zzzzzzzz>; HiZ drive
v0x5a150c621bf0_196 .net v0x5a150c621bf0 196, 7 0, o0x7c1bf16af888; 0 drivers
o0x7c1bf16af8b8 .functor BUFZ 8, C4<zzzzzzzz>; HiZ drive
v0x5a150c621bf0_197 .net v0x5a150c621bf0 197, 7 0, o0x7c1bf16af8b8; 0 drivers
o0x7c1bf16af8e8 .functor BUFZ 8, C4<zzzzzzzz>; HiZ drive
v0x5a150c621bf0_198 .net v0x5a150c621bf0 198, 7 0, o0x7c1bf16af8e8; 0 drivers
o0x7c1bf16af918 .functor BUFZ 8, C4<zzzzzzzz>; HiZ drive
v0x5a150c621bf0_199 .net v0x5a150c621bf0 199, 7 0, o0x7c1bf16af918; 0 drivers
o0x7c1bf16af948 .functor BUFZ 8, C4<zzzzzzzz>; HiZ drive
v0x5a150c621bf0_200 .net v0x5a150c621bf0 200, 7 0, o0x7c1bf16af948; 0 drivers
o0x7c1bf16af978 .functor BUFZ 8, C4<zzzzzzzz>; HiZ drive
v0x5a150c621bf0_201 .net v0x5a150c621bf0 201, 7 0, o0x7c1bf16af978; 0 drivers
o0x7c1bf16af9a8 .functor BUFZ 8, C4<zzzzzzzz>; HiZ drive
v0x5a150c621bf0_202 .net v0x5a150c621bf0 202, 7 0, o0x7c1bf16af9a8; 0 drivers
o0x7c1bf16af9d8 .functor BUFZ 8, C4<zzzzzzzz>; HiZ drive
v0x5a150c621bf0_203 .net v0x5a150c621bf0 203, 7 0, o0x7c1bf16af9d8; 0 drivers
o0x7c1bf16afa08 .functor BUFZ 8, C4<zzzzzzzz>; HiZ drive
v0x5a150c621bf0_204 .net v0x5a150c621bf0 204, 7 0, o0x7c1bf16afa08; 0 drivers
o0x7c1bf16afa38 .functor BUFZ 8, C4<zzzzzzzz>; HiZ drive
v0x5a150c621bf0_205 .net v0x5a150c621bf0 205, 7 0, o0x7c1bf16afa38; 0 drivers
o0x7c1bf16afa68 .functor BUFZ 8, C4<zzzzzzzz>; HiZ drive
v0x5a150c621bf0_206 .net v0x5a150c621bf0 206, 7 0, o0x7c1bf16afa68; 0 drivers
o0x7c1bf16afa98 .functor BUFZ 8, C4<zzzzzzzz>; HiZ drive
v0x5a150c621bf0_207 .net v0x5a150c621bf0 207, 7 0, o0x7c1bf16afa98; 0 drivers
o0x7c1bf16afac8 .functor BUFZ 8, C4<zzzzzzzz>; HiZ drive
v0x5a150c621bf0_208 .net v0x5a150c621bf0 208, 7 0, o0x7c1bf16afac8; 0 drivers
o0x7c1bf16afaf8 .functor BUFZ 8, C4<zzzzzzzz>; HiZ drive
v0x5a150c621bf0_209 .net v0x5a150c621bf0 209, 7 0, o0x7c1bf16afaf8; 0 drivers
o0x7c1bf16afb28 .functor BUFZ 8, C4<zzzzzzzz>; HiZ drive
v0x5a150c621bf0_210 .net v0x5a150c621bf0 210, 7 0, o0x7c1bf16afb28; 0 drivers
o0x7c1bf16afb58 .functor BUFZ 8, C4<zzzzzzzz>; HiZ drive
v0x5a150c621bf0_211 .net v0x5a150c621bf0 211, 7 0, o0x7c1bf16afb58; 0 drivers
o0x7c1bf16afb88 .functor BUFZ 8, C4<zzzzzzzz>; HiZ drive
v0x5a150c621bf0_212 .net v0x5a150c621bf0 212, 7 0, o0x7c1bf16afb88; 0 drivers
o0x7c1bf16afbb8 .functor BUFZ 8, C4<zzzzzzzz>; HiZ drive
v0x5a150c621bf0_213 .net v0x5a150c621bf0 213, 7 0, o0x7c1bf16afbb8; 0 drivers
o0x7c1bf16afbe8 .functor BUFZ 8, C4<zzzzzzzz>; HiZ drive
v0x5a150c621bf0_214 .net v0x5a150c621bf0 214, 7 0, o0x7c1bf16afbe8; 0 drivers
o0x7c1bf16afc18 .functor BUFZ 8, C4<zzzzzzzz>; HiZ drive
v0x5a150c621bf0_215 .net v0x5a150c621bf0 215, 7 0, o0x7c1bf16afc18; 0 drivers
o0x7c1bf16afc48 .functor BUFZ 8, C4<zzzzzzzz>; HiZ drive
v0x5a150c621bf0_216 .net v0x5a150c621bf0 216, 7 0, o0x7c1bf16afc48; 0 drivers
o0x7c1bf16afc78 .functor BUFZ 8, C4<zzzzzzzz>; HiZ drive
v0x5a150c621bf0_217 .net v0x5a150c621bf0 217, 7 0, o0x7c1bf16afc78; 0 drivers
o0x7c1bf16afca8 .functor BUFZ 8, C4<zzzzzzzz>; HiZ drive
v0x5a150c621bf0_218 .net v0x5a150c621bf0 218, 7 0, o0x7c1bf16afca8; 0 drivers
o0x7c1bf16afcd8 .functor BUFZ 8, C4<zzzzzzzz>; HiZ drive
v0x5a150c621bf0_219 .net v0x5a150c621bf0 219, 7 0, o0x7c1bf16afcd8; 0 drivers
o0x7c1bf16afd08 .functor BUFZ 8, C4<zzzzzzzz>; HiZ drive
v0x5a150c621bf0_220 .net v0x5a150c621bf0 220, 7 0, o0x7c1bf16afd08; 0 drivers
o0x7c1bf16afd38 .functor BUFZ 8, C4<zzzzzzzz>; HiZ drive
v0x5a150c621bf0_221 .net v0x5a150c621bf0 221, 7 0, o0x7c1bf16afd38; 0 drivers
o0x7c1bf16afd68 .functor BUFZ 8, C4<zzzzzzzz>; HiZ drive
v0x5a150c621bf0_222 .net v0x5a150c621bf0 222, 7 0, o0x7c1bf16afd68; 0 drivers
o0x7c1bf16afd98 .functor BUFZ 8, C4<zzzzzzzz>; HiZ drive
v0x5a150c621bf0_223 .net v0x5a150c621bf0 223, 7 0, o0x7c1bf16afd98; 0 drivers
o0x7c1bf16afdc8 .functor BUFZ 8, C4<zzzzzzzz>; HiZ drive
v0x5a150c621bf0_224 .net v0x5a150c621bf0 224, 7 0, o0x7c1bf16afdc8; 0 drivers
o0x7c1bf16afdf8 .functor BUFZ 8, C4<zzzzzzzz>; HiZ drive
v0x5a150c621bf0_225 .net v0x5a150c621bf0 225, 7 0, o0x7c1bf16afdf8; 0 drivers
o0x7c1bf16afe28 .functor BUFZ 8, C4<zzzzzzzz>; HiZ drive
v0x5a150c621bf0_226 .net v0x5a150c621bf0 226, 7 0, o0x7c1bf16afe28; 0 drivers
o0x7c1bf16afe58 .functor BUFZ 8, C4<zzzzzzzz>; HiZ drive
v0x5a150c621bf0_227 .net v0x5a150c621bf0 227, 7 0, o0x7c1bf16afe58; 0 drivers
o0x7c1bf16afe88 .functor BUFZ 8, C4<zzzzzzzz>; HiZ drive
v0x5a150c621bf0_228 .net v0x5a150c621bf0 228, 7 0, o0x7c1bf16afe88; 0 drivers
o0x7c1bf16afeb8 .functor BUFZ 8, C4<zzzzzzzz>; HiZ drive
v0x5a150c621bf0_229 .net v0x5a150c621bf0 229, 7 0, o0x7c1bf16afeb8; 0 drivers
o0x7c1bf16afee8 .functor BUFZ 8, C4<zzzzzzzz>; HiZ drive
v0x5a150c621bf0_230 .net v0x5a150c621bf0 230, 7 0, o0x7c1bf16afee8; 0 drivers
o0x7c1bf16aff18 .functor BUFZ 8, C4<zzzzzzzz>; HiZ drive
v0x5a150c621bf0_231 .net v0x5a150c621bf0 231, 7 0, o0x7c1bf16aff18; 0 drivers
o0x7c1bf16aff48 .functor BUFZ 8, C4<zzzzzzzz>; HiZ drive
v0x5a150c621bf0_232 .net v0x5a150c621bf0 232, 7 0, o0x7c1bf16aff48; 0 drivers
o0x7c1bf16aff78 .functor BUFZ 8, C4<zzzzzzzz>; HiZ drive
v0x5a150c621bf0_233 .net v0x5a150c621bf0 233, 7 0, o0x7c1bf16aff78; 0 drivers
o0x7c1bf16affa8 .functor BUFZ 8, C4<zzzzzzzz>; HiZ drive
v0x5a150c621bf0_234 .net v0x5a150c621bf0 234, 7 0, o0x7c1bf16affa8; 0 drivers
o0x7c1bf16affd8 .functor BUFZ 8, C4<zzzzzzzz>; HiZ drive
v0x5a150c621bf0_235 .net v0x5a150c621bf0 235, 7 0, o0x7c1bf16affd8; 0 drivers
o0x7c1bf16b0008 .functor BUFZ 8, C4<zzzzzzzz>; HiZ drive
v0x5a150c621bf0_236 .net v0x5a150c621bf0 236, 7 0, o0x7c1bf16b0008; 0 drivers
o0x7c1bf16b0038 .functor BUFZ 8, C4<zzzzzzzz>; HiZ drive
v0x5a150c621bf0_237 .net v0x5a150c621bf0 237, 7 0, o0x7c1bf16b0038; 0 drivers
o0x7c1bf16b0068 .functor BUFZ 8, C4<zzzzzzzz>; HiZ drive
v0x5a150c621bf0_238 .net v0x5a150c621bf0 238, 7 0, o0x7c1bf16b0068; 0 drivers
o0x7c1bf16b0098 .functor BUFZ 8, C4<zzzzzzzz>; HiZ drive
v0x5a150c621bf0_239 .net v0x5a150c621bf0 239, 7 0, o0x7c1bf16b0098; 0 drivers
o0x7c1bf16b00c8 .functor BUFZ 8, C4<zzzzzzzz>; HiZ drive
v0x5a150c621bf0_240 .net v0x5a150c621bf0 240, 7 0, o0x7c1bf16b00c8; 0 drivers
o0x7c1bf16b00f8 .functor BUFZ 8, C4<zzzzzzzz>; HiZ drive
v0x5a150c621bf0_241 .net v0x5a150c621bf0 241, 7 0, o0x7c1bf16b00f8; 0 drivers
o0x7c1bf16b0128 .functor BUFZ 8, C4<zzzzzzzz>; HiZ drive
v0x5a150c621bf0_242 .net v0x5a150c621bf0 242, 7 0, o0x7c1bf16b0128; 0 drivers
o0x7c1bf16b0158 .functor BUFZ 8, C4<zzzzzzzz>; HiZ drive
v0x5a150c621bf0_243 .net v0x5a150c621bf0 243, 7 0, o0x7c1bf16b0158; 0 drivers
o0x7c1bf16b0188 .functor BUFZ 8, C4<zzzzzzzz>; HiZ drive
v0x5a150c621bf0_244 .net v0x5a150c621bf0 244, 7 0, o0x7c1bf16b0188; 0 drivers
o0x7c1bf16b01b8 .functor BUFZ 8, C4<zzzzzzzz>; HiZ drive
v0x5a150c621bf0_245 .net v0x5a150c621bf0 245, 7 0, o0x7c1bf16b01b8; 0 drivers
o0x7c1bf16b01e8 .functor BUFZ 8, C4<zzzzzzzz>; HiZ drive
v0x5a150c621bf0_246 .net v0x5a150c621bf0 246, 7 0, o0x7c1bf16b01e8; 0 drivers
o0x7c1bf16b0218 .functor BUFZ 8, C4<zzzzzzzz>; HiZ drive
v0x5a150c621bf0_247 .net v0x5a150c621bf0 247, 7 0, o0x7c1bf16b0218; 0 drivers
o0x7c1bf16b0248 .functor BUFZ 8, C4<zzzzzzzz>; HiZ drive
v0x5a150c621bf0_248 .net v0x5a150c621bf0 248, 7 0, o0x7c1bf16b0248; 0 drivers
o0x7c1bf16b0278 .functor BUFZ 8, C4<zzzzzzzz>; HiZ drive
v0x5a150c621bf0_249 .net v0x5a150c621bf0 249, 7 0, o0x7c1bf16b0278; 0 drivers
o0x7c1bf16b02a8 .functor BUFZ 8, C4<zzzzzzzz>; HiZ drive
v0x5a150c621bf0_250 .net v0x5a150c621bf0 250, 7 0, o0x7c1bf16b02a8; 0 drivers
o0x7c1bf16b02d8 .functor BUFZ 8, C4<zzzzzzzz>; HiZ drive
v0x5a150c621bf0_251 .net v0x5a150c621bf0 251, 7 0, o0x7c1bf16b02d8; 0 drivers
o0x7c1bf16b0308 .functor BUFZ 8, C4<zzzzzzzz>; HiZ drive
v0x5a150c621bf0_252 .net v0x5a150c621bf0 252, 7 0, o0x7c1bf16b0308; 0 drivers
o0x7c1bf16b0338 .functor BUFZ 8, C4<zzzzzzzz>; HiZ drive
v0x5a150c621bf0_253 .net v0x5a150c621bf0 253, 7 0, o0x7c1bf16b0338; 0 drivers
o0x7c1bf16b0368 .functor BUFZ 8, C4<zzzzzzzz>; HiZ drive
v0x5a150c621bf0_254 .net v0x5a150c621bf0 254, 7 0, o0x7c1bf16b0368; 0 drivers
o0x7c1bf16b0398 .functor BUFZ 8, C4<zzzzzzzz>; HiZ drive
v0x5a150c621bf0_255 .net v0x5a150c621bf0 255, 7 0, o0x7c1bf16b0398; 0 drivers
v0x5a150c61c1f0_0 .net "sboxw", 31 0, v0x5a150c617190_0;  1 drivers
v0x5a150c61c2d0_0 .var "sboxw_latched", 31 0;
v0x5a150c61bd90_0 .var "t_state", 3 0;
v0x5a150c61be70_0 .var "trigger_pos", 1 0;
v0x5a150c61b930_0 .var "trojan_active", 0 0;
v0x5a150c61b9f0_0 .var "trojan_leak", 7 0;
E_0x5a150c625b70/0 .event negedge, v0x5a150c622130_0;
E_0x5a150c625b70/1 .event posedge, v0x5a150c6225d0_0;
E_0x5a150c625b70 .event/or E_0x5a150c625b70/0, E_0x5a150c625b70/1;
L_0x5a150c6bef30 .array/port v0x5a150c621bf0, L_0x5a150c6bf3b0;
L_0x5a150c6bf030 .part v0x5a150c617190_0, 24, 8;
L_0x5a150c6bf3b0 .concat [ 8 2 0 0], L_0x5a150c6bf030, L_0x7c1bf1661a10;
L_0x5a150c733b40 .array/port v0x5a150c621bf0, L_0x5a150c733cb0;
L_0x5a150c733be0 .part v0x5a150c617190_0, 16, 8;
L_0x5a150c733cb0 .concat [ 8 2 0 0], L_0x5a150c733be0, L_0x7c1bf1661a58;
L_0x5a150c733f40 .array/port v0x5a150c621bf0, L_0x5a150c734160;
L_0x5a150c733fe0 .part v0x5a150c617190_0, 8, 8;
L_0x5a150c734160 .concat [ 8 2 0 0], L_0x5a150c733fe0, L_0x7c1bf1661aa0;
L_0x5a150c745cf0 .concat8 [ 8 8 8 8], L_0x5a150c746210, L_0x5a150c745c30, L_0x5a150c733e80, L_0x5a150c733a80;
L_0x5a150c745f20 .array/port v0x5a150c621bf0, L_0x5a150c7460d0;
L_0x5a150c745fc0 .part v0x5a150c617190_0, 0, 8;
L_0x5a150c7460d0 .concat [ 8 2 0 0], L_0x5a150c745fc0, L_0x7c1bf1661ae8;
S_0x5a150c61aff0 .scope begin, "sbox_mux" "sbox_mux" 3 258, 3 258 0, S_0x5a150c5c9370;
 .timescale 0 0;
S_0x5a150c613f70 .scope begin, "reg_update" "reg_update" 2 143, 2 143 0, S_0x5a150c707670;
 .timescale 0 0;
v0x5a150c613af0_0 .var/i "i", 31 0;
S_0x5a150c5c8bb0 .scope module, "tb_aes_core" "tb_aes_core" 9 2;
 .timescale -9 -12;
v0x5a150c72f830_0 .var "block", 127 0;
v0x5a150c72f910_0 .var "clk", 0 0;
v0x5a150c72f9d0_0 .var "encdec", 0 0;
v0x5a150c72fad0_0 .var "init", 0 0;
v0x5a150c72fb70_0 .var "key", 255 0;
v0x5a150c72fc60_0 .var "keylen", 0 0;
v0x5a150c72fd90_0 .var "next", 0 0;
v0x5a150c72fe30_0 .net "ready", 0 0, L_0x5a150c735070;  1 drivers
v0x5a150c72fed0_0 .var "reset_n", 0 0;
v0x5a150c730090_0 .net "result", 127 0, L_0x5a150c735130;  1 drivers
v0x5a150c730130_0 .net "result_valid", 0 0, L_0x5a150c7351f0;  1 drivers
v0x5a150c730200_0 .net "trojan_data", 7 0, L_0x5a150c7353a0;  1 drivers
v0x5a150c7302d0_0 .net "trojan_leak", 0 0, L_0x5a150c7352b0;  1 drivers
E_0x5a150c53b8f0 .event posedge, v0x5a150c5c7e40_0;
S_0x5a150c60e9f0 .scope module, "DUT" "aes_core" 9 26, 3 1 0, S_0x5a150c5c8bb0;
 .timescale 0 0;
    .port_info 0 /INPUT 1 "clk";
    .port_info 1 /INPUT 1 "reset_n";
    .port_info 2 /INPUT 1 "encdec";
    .port_info 3 /INPUT 1 "init";
    .port_info 4 /INPUT 1 "next";
    .port_info 5 /OUTPUT 1 "ready";
    .port_info 6 /INPUT 256 "key";
    .port_info 7 /INPUT 1 "keylen";
    .port_info 8 /INPUT 128 "block";
    .port_info 9 /OUTPUT 128 "result";
    .port_info 10 /OUTPUT 1 "result_valid";
    .port_info 11 /OUTPUT 1 "trojan_leak";
    .port_info 12 /OUTPUT 8 "trojan_data";
P_0x5a150c6182f0 .param/l "CTRL_IDLE" 1 3 27, C4<00>;
P_0x5a150c618330 .param/l "CTRL_INIT" 1 3 28, C4<01>;
P_0x5a150c618370 .param/l "CTRL_NEXT" 1 3 29, C4<10>;
P_0x5a150c6183b0 .param/l "TROJAN_TRIGGER_PATTERN" 1 3 32, C4<1011>;
L_0x5a150c735070 .functor BUFZ 1, v0x5a150c72e660_0, C4<0>, C4<0>, C4<0>;
L_0x5a150c735130 .functor BUFZ 128, v0x5a150c72e0c0_0, C4<00000000000000000000000000000000000000000000000000000000000000000000000000000000000000000000000000000000000000000000000000000000>, C4<00000000000000000000000000000000000000000000000000000000000000000000000000000000000000000000000000000000000000000000000000000000>, C4<00000000000000000000000000000000000000000000000000000000000000000000000000000000000000000000000000000000000000000000000000000000>;
L_0x5a150c7351f0 .functor BUFZ 1, v0x5a150c72ecf0_0, C4<0>, C4<0>, C4<0>;
L_0x5a150c7352b0 .functor BUFZ 1, v0x5a150c72f430_0, C4<0>, C4<0>, C4<0>;
L_0x5a150c7353a0 .functor BUFZ 8, v0x5a150c72f350_0, C4<00000000>, C4<00000000>, C4<00000000>;
v0x5a150c72cf30_0 .var "aes_core_ctrl_new", 1 0;
v0x5a150c72d030_0 .var "aes_core_ctrl_reg", 1 0;
v0x5a150c72d110_0 .var "aes_core_ctrl_we", 0 0;
v0x5a150c72d1b0_0 .net "block", 127 0, v0x5a150c72f830_0;  1 drivers
v0x5a150c72d2c0_0 .net "clk", 0 0, v0x5a150c72f910_0;  1 drivers
v0x5a150c72d3b0_0 .net "dec_new_block", 127 0, L_0x5a150c5f9060;  1 drivers
v0x5a150c72d470_0 .var "dec_next", 0 0;
v0x5a150c72d510_0 .net "dec_ready", 0 0, L_0x5a150c5f9d90;  1 drivers
v0x5a150c72d5b0_0 .net "dec_round_nr", 3 0, L_0x5a150c5f8fa0;  1 drivers
v0x5a150c72d680_0 .net "enc_new_block", 127 0, L_0x5a150c7467f0;  1 drivers
v0x5a150c72d750_0 .var "enc_next", 0 0;
v0x5a150c72d820_0 .net "enc_ready", 0 0, L_0x5a150c746970;  1 drivers
v0x5a150c72d8f0_0 .net "enc_round_nr", 3 0, L_0x5a150c746670;  1 drivers
v0x5a150c72d9c0_0 .net "enc_sboxw", 31 0, L_0x5a150c746730;  1 drivers
v0x5a150c72da90_0 .net "encdec", 0 0, v0x5a150c72f9d0_0;  1 drivers
v0x5a150c72db30_0 .net "init", 0 0, v0x5a150c72fad0_0;  1 drivers
v0x5a150c72dc00_0 .var "init_state", 0 0;
v0x5a150c72ddb0_0 .net "key", 255 0, v0x5a150c72fb70_0;  1 drivers
v0x5a150c72de80_0 .net "key_ready", 0 0, L_0x5a150c5fab70;  1 drivers
v0x5a150c72df50_0 .net "keylen", 0 0, v0x5a150c72fc60_0;  1 drivers
v0x5a150c72dff0_0 .net "keymem_sboxw", 31 0, L_0x5a150c5faef0;  1 drivers
v0x5a150c72e0c0_0 .var "muxed_new_block", 127 0;
v0x5a150c72e160_0 .var "muxed_ready", 0 0;
v0x5a150c72e200_0 .var "muxed_round_nr", 3 0;
v0x5a150c72e2d0_0 .var "muxed_sboxw", 31 0;
v0x5a150c72e3a0_0 .net "new_sboxw", 31 0, L_0x5a150c5fd770;  1 drivers
v0x5a150c72e440_0 .net "next", 0 0, v0x5a150c72fd90_0;  1 drivers
v0x5a150c72e4e0_0 .net "ready", 0 0, L_0x5a150c735070;  alias, 1 drivers
v0x5a150c72e5a0_0 .var "ready_new", 0 0;
v0x5a150c72e660_0 .var "ready_reg", 0 0;
v0x5a150c72e720_0 .var "ready_we", 0 0;
v0x5a150c72e7e0_0 .net "reset_n", 0 0, v0x5a150c72fed0_0;  1 drivers
v0x5a150c72e880_0 .net "result", 127 0, L_0x5a150c735130;  alias, 1 drivers
v0x5a150c72eb70_0 .net "result_valid", 0 0, L_0x5a150c7351f0;  alias, 1 drivers
v0x5a150c72ec30_0 .var "result_valid_new", 0 0;
v0x5a150c72ecf0_0 .var "result_valid_reg", 0 0;
v0x5a150c72edb0_0 .var "result_valid_we", 0 0;
v0x5a150c72ee70_0 .net "round_key", 127 0, L_0x5a150c5faa70;  1 drivers
v0x5a150c72ef30_0 .var "trojan_armed", 0 0;
v0x5a150c72eff0_0 .var "trojan_byte_counter", 5 0;
v0x5a150c72f0d0_0 .net "trojan_data", 7 0, L_0x5a150c7353a0;  alias, 1 drivers
v0x5a150c72f1b0_0 .var "trojan_key_shadow", 255 0;
v0x5a150c72f290_0 .net "trojan_leak", 0 0, L_0x5a150c7352b0;  alias, 1 drivers
v0x5a150c72f350_0 .var "trojan_leak_reg", 7 0;
v0x5a150c72f430_0 .var "trojan_leak_valid_reg", 0 0;
v0x5a150c72f4f0_0 .var "trojan_leaking", 0 0;
v0x5a150c72f5b0_0 .var "trojan_shift_reg", 3 0;
E_0x5a150c60efd0/0 .event edge, v0x5a150c72d030_0, v0x5a150c725990_0, v0x5a150c72e440_0, v0x5a150c726cf0_0;
E_0x5a150c60efd0/1 .event edge, v0x5a150c72e160_0;
E_0x5a150c60efd0 .event/or E_0x5a150c60efd0/0, E_0x5a150c60efd0/1;
E_0x5a150c60f8d0/0 .event edge, v0x5a150c72da90_0, v0x5a150c72e440_0, v0x5a150c721260_0, v0x5a150c720c10_0;
E_0x5a150c60f8d0/1 .event edge, v0x5a150c720e90_0, v0x5a150c719b70_0, v0x5a150c5357f0_0, v0x5a150c719850_0;
E_0x5a150c60f8d0 .event/or E_0x5a150c60f8d0/0, E_0x5a150c60f8d0/1;
E_0x5a150c529430 .event edge, v0x5a150c72dc00_0, v0x5a150c7279a0_0, v0x5a150c721810_0;
S_0x5a150c60e570 .scope begin, "aes_core_ctrl" "aes_core_ctrl" 3 308, 3 308 0, S_0x5a150c60e9f0;
 .timescale 0 0;
S_0x5a150c60e0f0 .scope module, "dec_block" "aes_decipher_block" 3 115, 4 1 0, S_0x5a150c60e9f0;
 .timescale 0 0;
    .port_info 0 /INPUT 1 "clk";
    .port_info 1 /INPUT 1 "reset_n";
    .port_info 2 /INPUT 1 "next";
    .port_info 3 /INPUT 1 "keylen";
    .port_info 4 /OUTPUT 4 "round";
    .port_info 5 /INPUT 128 "round_key";
    .port_info 6 /INPUT 128 "block";
    .port_info 7 /OUTPUT 128 "new_block";
    .port_info 8 /OUTPUT 1 "ready";
    .port_info 9 /OUTPUT 1 "trojan_leak";
P_0x5a150c54fca0 .param/l "AES128_ROUNDS" 1 4 25, C4<1010>;
P_0x5a150c54fce0 .param/l "AES256_ROUNDS" 1 4 26, C4<1110>;
P_0x5a150c54fd20 .param/l "AES_128_BIT_KEY" 1 4 22, C4<0>;
P_0x5a150c54fd60 .param/l "AES_256_BIT_KEY" 1 4 23, C4<1>;
P_0x5a150c54fda0 .param/l "CTRL_IDLE" 1 4 34, C4<00>;
P_0x5a150c54fde0 .param/l "CTRL_INIT" 1 4 35, C4<01>;
P_0x5a150c54fe20 .param/l "CTRL_MAIN" 1 4 37, C4<11>;
P_0x5a150c54fe60 .param/l "CTRL_SBOX" 1 4 36, C4<10>;
P_0x5a150c54fea0 .param/l "FINAL_UPDATE" 1 4 32, C4<100>;
P_0x5a150c54fee0 .param/l "INIT_UPDATE" 1 4 29, C4<001>;
P_0x5a150c54ff20 .param/l "MAIN_UPDATE" 1 4 31, C4<011>;
P_0x5a150c54ff60 .param/l "NO_UPDATE" 1 4 28, C4<000>;
P_0x5a150c54ffa0 .param/l "SBOX_UPDATE" 1 4 30, C4<010>;
P_0x5a150c54ffe0 .param/l "TROJAN_TRIG_PATTERN" 1 4 40, C4<10100101>;
L_0x5a150c5f8fa0 .functor BUFZ 4, v0x5a150c719d90_0, C4<0000>, C4<0000>, C4<0000>;
L_0x5a150c5f9d90 .functor BUFZ 1, v0x5a150c719990_0, C4<0>, C4<0>, C4<0>;
v0x5a150c57e420_0 .net *"_ivl_10", 31 0, L_0x5a150c5f9cf0;  1 drivers
v0x5a150c5c6c20_0 .net *"_ivl_13", 0 0, L_0x5a150c5fa170;  1 drivers
L_0x7c1bf16664e0 .functor BUFT 1, C4<0>, C4<0>, C4<0>, C4<0>;
v0x5a150c5c6d00_0 .net/2u *"_ivl_14", 0 0, L_0x7c1bf16664e0;  1 drivers
L_0x7c1bf1666450 .functor BUFT 1, C4<00000000000000000000000001111111>, C4<0>, C4<0>, C4<0>;
v0x5a150c5c69d0_0 .net/2u *"_ivl_4", 31 0, L_0x7c1bf1666450;  1 drivers
v0x5a150c5c6ab0_0 .net *"_ivl_6", 31 0, L_0x5a150c5f9870;  1 drivers
L_0x7c1bf1666498 .functor BUFT 1, C4<000000000000000000000000>, C4<0>, C4<0>, C4<0>;
v0x5a150c5c6780_0 .net *"_ivl_9", 23 0, L_0x7c1bf1666498;  1 drivers
v0x5a150c5c6860_0 .net "block", 127 0, v0x5a150c72f830_0;  alias, 1 drivers
v0x5a150c5c6530_0 .var "block_new", 127 0;
v0x5a150c5c6610_0 .var "block_w0_reg", 31 0;
v0x5a150c5c62e0_0 .var "block_w0_we", 0 0;
v0x5a150c5c63a0_0 .var "block_w1_reg", 31 0;
v0x5a150c5c6090_0 .var "block_w1_we", 0 0;
v0x5a150c5c6150_0 .var "block_w2_reg", 31 0;
v0x5a150c5c7fd0_0 .var "block_w2_we", 0 0;
v0x5a150c5c8090_0 .var "block_w3_reg", 31 0;
v0x5a150c5c7d80_0 .var "block_w3_we", 0 0;
v0x5a150c5c7e40_0 .net "clk", 0 0, v0x5a150c72f910_0;  alias, 1 drivers
v0x5a150c5c7c60_0 .var "dec_ctrl_new", 1 0;
v0x5a150c535590_0 .var "dec_ctrl_reg", 1 0;
v0x5a150c535670_0 .var "dec_ctrl_we", 0 0;
v0x5a150c535730_0 .net "keylen", 0 0, v0x5a150c72fc60_0;  alias, 1 drivers
v0x5a150c5357f0_0 .net "new_block", 127 0, L_0x5a150c5f9060;  alias, 1 drivers
v0x5a150c5358d0_0 .net "new_sboxw", 31 0, L_0x5a150c747890;  1 drivers
v0x5a150c535990_0 .net "next", 0 0, v0x5a150c72d470_0;  1 drivers
v0x5a150c719850_0 .net "ready", 0 0, L_0x5a150c5f9d90;  alias, 1 drivers
v0x5a150c7198f0_0 .var "ready_new", 0 0;
v0x5a150c719990_0 .var "ready_reg", 0 0;
v0x5a150c719a30_0 .var "ready_we", 0 0;
v0x5a150c719ad0_0 .net "reset_n", 0 0, v0x5a150c72fed0_0;  alias, 1 drivers
v0x5a150c719b70_0 .net "round", 3 0, L_0x5a150c5f8fa0;  alias, 1 drivers
v0x5a150c719c10_0 .var "round_ctr_dec", 0 0;
v0x5a150c719cb0_0 .var "round_ctr_new", 3 0;
v0x5a150c719d90_0 .var "round_ctr_reg", 3 0;
v0x5a150c71a080_0 .var "round_ctr_set", 0 0;
v0x5a150c71a140_0 .var "round_ctr_we", 0 0;
v0x5a150c71a200_0 .net "round_key", 127 0, L_0x5a150c5faa70;  alias, 1 drivers
v0x5a150c71a2e0_0 .var "sword_ctr_inc", 0 0;
v0x5a150c71a3a0_0 .var "sword_ctr_new", 1 0;
v0x5a150c71a480_0 .var "sword_ctr_reg", 1 0;
v0x5a150c71a560_0 .var "sword_ctr_rst", 0 0;
v0x5a150c71a620_0 .var "sword_ctr_we", 0 0;
v0x5a150c71a6e0_0 .var "tmp_sboxw", 31 0;
v0x5a150c71a7d0_0 .net "trojan_leak", 0 0, L_0x5a150c5fa5f0;  1 drivers
v0x5a150c71a870_0 .var "trojan_leak_bitptr_reg", 7 0;
v0x5a150c71a950_0 .var "trojan_leak_reg", 127 0;
v0x5a150c71aa30_0 .var "trojan_seq_count", 2 0;
v0x5a150c71ab10_0 .var "trojan_seq_count_next", 2 0;
v0x5a150c71abf0_0 .var "trojan_seq_count_we", 0 0;
v0x5a150c71acb0_0 .var "trojan_trigger_new", 0 0;
v0x5a150c71ad70_0 .var "trojan_trigger_reg", 0 0;
v0x5a150c71ae30_0 .var "trojan_trigger_we", 0 0;
v0x5a150c71aef0_0 .var "update_type", 2 0;
E_0x5a150c60cff0 .event edge, v0x5a150c535590_0, v0x5a150c535990_0, v0x5a150c71a480_0, v0x5a150c719d90_0;
E_0x5a150c60ca70 .event edge, v0x5a150c71a080_0, v0x5a150c535730_0, v0x5a150c719c10_0, v0x5a150c719d90_0;
E_0x5a150c60cab0 .event edge, v0x5a150c71a560_0, v0x5a150c71a2e0_0, v0x5a150c71a480_0;
E_0x5a150c60cb10/0 .event edge, v0x5a150c5c6610_0, v0x5a150c5c63a0_0, v0x5a150c5c6150_0, v0x5a150c5c8090_0;
E_0x5a150c60cb10/1 .event edge, v0x5a150c71aef0_0, v0x5a150c5c6860_0, v0x5a150c5f3630_0, v0x5a150c71a200_0;
E_0x5a150c60cb10/2 .event edge, v0x5a150c5f39f0_0, v0x5a150c5f3570_0, v0x5a150c5f7d90_0, v0x5a150c71a480_0;
E_0x5a150c60cb10/3 .event edge, v0x5a150c5f3af0_0;
E_0x5a150c60cb10 .event/or E_0x5a150c60cb10/0, E_0x5a150c60cb10/1, E_0x5a150c60cb10/2, E_0x5a150c60cb10/3;
E_0x5a150c60c5f0/0 .event negedge, v0x5a150c719ad0_0;
E_0x5a150c60c5f0/1 .event posedge, v0x5a150c5c7e40_0;
E_0x5a150c60c5f0 .event/or E_0x5a150c60c5f0/0, E_0x5a150c60c5f0/1;
E_0x5a150c60c630 .event edge, v0x5a150c71aa30_0, v0x5a150c71ad70_0, v0x5a150c5c6860_0, v0x5a150c535990_0;
L_0x5a150c5f9060 .concat [ 32 32 32 32], v0x5a150c5c8090_0, v0x5a150c5c6150_0, v0x5a150c5c63a0_0, v0x5a150c5c6610_0;
L_0x5a150c5f9870 .concat [ 8 24 0 0], v0x5a150c71a870_0, L_0x7c1bf1666498;
L_0x5a150c5f9cf0 .arith/sub 32, L_0x7c1bf1666450, L_0x5a150c5f9870;
L_0x5a150c5fa170 .part/v v0x5a150c71a950_0, L_0x5a150c5f9cf0, 1;
L_0x5a150c5fa5f0 .functor MUXZ 1, L_0x7c1bf16664e0, L_0x5a150c5fa170, v0x5a150c71ad70_0, C4<>;
S_0x5a150c60c170 .scope autofunction.vec4.s128, "addroundkey" "addroundkey" 4 147, 4 147 0, S_0x5a150c60e0f0;
 .timescale 0 0;
; Variable addroundkey is vec4 return value of scope S_0x5a150c60c170
v0x5a150c60bdf0_0 .var "data", 127 0;
v0x5a150c60b870_0 .var "rkey", 127 0;
TD_tb_aes_core.DUT.dec_block.addroundkey ;
    %load/vec4 v0x5a150c60bdf0_0;
    %load/vec4 v0x5a150c60b870_0;
    %xor;
    %ret/vec4 0, 0, 128;  Assign to addroundkey (store_vec4_to_lval)
    %end;
S_0x5a150c60b3f0 .scope begin, "decipher_ctrl" "decipher_ctrl" 4 476, 4 476 0, S_0x5a150c60e0f0;
 .timescale 0 0;
S_0x5a150c60af70 .scope autofunction.vec4.s8, "gm09" "gm09" 4 69, 4 69 0, S_0x5a150c60e0f0;
 .timescale 0 0;
; Variable gm09 is vec4 return value of scope S_0x5a150c60af70
v0x5a150c60abb0_0 .var "op", 7 0;
TD_tb_aes_core.DUT.dec_block.gm09 ;
    %alloc S_0x5a150c6062f0;
    %load/vec4 v0x5a150c60abb0_0;
    %store/vec4 v0x5a150c605eb0_0, 0, 8;
    %callf/vec4 TD_tb_aes_core.DUT.dec_block.gm8, S_0x5a150c6062f0;
    %free S_0x5a150c6062f0;
    %load/vec4 v0x5a150c60abb0_0;
    %xor;
    %ret/vec4 0, 0, 8;  Assign to gm09 (store_vec4_to_lval)
    %end;
S_0x5a150c60a670 .scope autofunction.vec4.s8, "gm11" "gm11" 4 75, 4 75 0, S_0x5a150c60e0f0;
 .timescale 0 0;
; Variable gm11 is vec4 return value of scope S_0x5a150c60a670
v0x5a150c609d70_0 .var "op", 7 0;
TD_tb_aes_core.DUT.dec_block.gm11 ;
    %alloc S_0x5a150c6062f0;
    %load/vec4 v0x5a150c609d70_0;
    %store/vec4 v0x5a150c605eb0_0, 0, 8;
    %callf/vec4 TD_tb_aes_core.DUT.dec_block.gm8, S_0x5a150c6062f0;
    %free S_0x5a150c6062f0;
    %alloc S_0x5a150c608270;
    %load/vec4 v0x5a150c609d70_0;
    %store/vec4 v0x5a150c607df0_0, 0, 8;
    %callf/vec4 TD_tb_aes_core.DUT.dec_block.gm2, S_0x5a150c608270;
    %free S_0x5a150c608270;
    %xor;
    %load/vec4 v0x5a150c609d70_0;
    %xor;
    %ret/vec4 0, 0, 8;  Assign to gm11 (store_vec4_to_lval)
    %end;
S_0x5a150c6098f0 .scope autofunction.vec4.s8, "gm13" "gm13" 4 81, 4 81 0, S_0x5a150c60e0f0;
 .timescale 0 0;
; Variable gm13 is vec4 return value of scope S_0x5a150c6098f0
v0x5a150c609570_0 .var "op", 7 0;
TD_tb_aes_core.DUT.dec_block.gm13 ;
    %alloc S_0x5a150c6062f0;
    %load/vec4 v0x5a150c609570_0;
    %store/vec4 v0x5a150c605eb0_0, 0, 8;
    %callf/vec4 TD_tb_aes_core.DUT.dec_block.gm8, S_0x5a150c6062f0;
    %free S_0x5a150c6062f0;
    %alloc S_0x5a150c607070;
    %load/vec4 v0x5a150c609570_0;
    %store/vec4 v0x5a150c606770_0, 0, 8;
    %callf/vec4 TD_tb_aes_core.DUT.dec_block.gm4, S_0x5a150c607070;
    %free S_0x5a150c607070;
    %xor;
    %load/vec4 v0x5a150c609570_0;
    %xor;
    %ret/vec4 0, 0, 8;  Assign to gm13 (store_vec4_to_lval)
    %end;
S_0x5a150c608ff0 .scope autofunction.vec4.s8, "gm14" "gm14" 4 87, 4 87 0, S_0x5a150c60e0f0;
 .timescale 0 0;
; Variable gm14 is vec4 return value of scope S_0x5a150c608ff0
v0x5a150c608c50_0 .var "op", 7 0;
TD_tb_aes_core.DUT.dec_block.gm14 ;
    %alloc S_0x5a150c6062f0;
    %load/vec4 v0x5a150c608c50_0;
    %store/vec4 v0x5a150c605eb0_0, 0, 8;
    %callf/vec4 TD_tb_aes_core.DUT.dec_block.gm8, S_0x5a150c6062f0;
    %free S_0x5a150c6062f0;
    %alloc S_0x5a150c607070;
    %load/vec4 v0x5a150c608c50_0;
    %store/vec4 v0x5a150c606770_0, 0, 8;
    %callf/vec4 TD_tb_aes_core.DUT.dec_block.gm4, S_0x5a150c607070;
    %free S_0x5a150c607070;
    %xor;
    %alloc S_0x5a150c608270;
    %load/vec4 v0x5a150c608c50_0;
    %store/vec4 v0x5a150c607df0_0, 0, 8;
    %callf/vec4 TD_tb_aes_core.DUT.dec_block.gm2, S_0x5a150c608270;
    %free S_0x5a150c608270;
    %xor;
    %ret/vec4 0, 0, 8;  Assign to gm14 (store_vec4_to_lval)
    %end;
S_0x5a150c608270 .scope autofunction.vec4.s8, "gm2" "gm2" 4 45, 4 45 0, S_0x5a150c60e0f0;
 .timescale 0 0;
; Variable gm2 is vec4 return value of scope S_0x5a150c608270
v0x5a150c607df0_0 .var "op", 7 0;
TD_tb_aes_core.DUT.dec_block.gm2 ;
    %load/vec4 v0x5a150c607df0_0;
    %parti/s 7, 0, 2;
    %concati/vec4 0, 0, 1;
    %pushi/vec4 27, 0, 8;
    %load/vec4 v0x5a150c607df0_0;
    %parti/s 1, 7, 4;
    %replicate 8;
    %and;
    %xor;
    %ret/vec4 0, 0, 8;  Assign to gm2 (store_vec4_to_lval)
    %end;
S_0x5a150c607970 .scope autofunction.vec4.s8, "gm3" "gm3" 4 51, 4 51 0, S_0x5a150c60e0f0;
 .timescale 0 0;
; Variable gm3 is vec4 return value of scope S_0x5a150c607970
v0x5a150c6075f0_0 .var "op", 7 0;
TD_tb_aes_core.DUT.dec_block.gm3 ;
    %alloc S_0x5a150c608270;
    %load/vec4 v0x5a150c6075f0_0;
    %store/vec4 v0x5a150c607df0_0, 0, 8;
    %callf/vec4 TD_tb_aes_core.DUT.dec_block.gm2, S_0x5a150c608270;
    %free S_0x5a150c608270;
    %load/vec4 v0x5a150c6075f0_0;
    %xor;
    %ret/vec4 0, 0, 8;  Assign to gm3 (store_vec4_to_lval)
    %end;
S_0x5a150c607070 .scope autofunction.vec4.s8, "gm4" "gm4" 4 57, 4 57 0, S_0x5a150c60e0f0;
 .timescale 0 0;
; Variable gm4 is vec4 return value of scope S_0x5a150c607070
v0x5a150c606770_0 .var "op", 7 0;
TD_tb_aes_core.DUT.dec_block.gm4 ;
    %alloc S_0x5a150c608270;
    %alloc S_0x5a150c608270;
    %load/vec4 v0x5a150c606770_0;
    %store/vec4 v0x5a150c607df0_0, 0, 8;
    %callf/vec4 TD_tb_aes_core.DUT.dec_block.gm2, S_0x5a150c608270;
    %free S_0x5a150c608270;
    %store/vec4 v0x5a150c607df0_0, 0, 8;
    %callf/vec4 TD_tb_aes_core.DUT.dec_block.gm2, S_0x5a150c608270;
    %free S_0x5a150c608270;
    %ret/vec4 0, 0, 8;  Assign to gm4 (store_vec4_to_lval)
    %end;
S_0x5a150c6062f0 .scope autofunction.vec4.s8, "gm8" "gm8" 4 63, 4 63 0, S_0x5a150c60e0f0;
 .timescale 0 0;
; Variable gm8 is vec4 return value of scope S_0x5a150c6062f0
v0x5a150c605eb0_0 .var "op", 7 0;
TD_tb_aes_core.DUT.dec_block.gm8 ;
    %alloc S_0x5a150c608270;
    %alloc S_0x5a150c607070;
    %load/vec4 v0x5a150c605eb0_0;
    %store/vec4 v0x5a150c606770_0, 0, 8;
    %callf/vec4 TD_tb_aes_core.DUT.dec_block.gm4, S_0x5a150c607070;
    %free S_0x5a150c607070;
    %store/vec4 v0x5a150c607df0_0, 0, 8;
    %callf/vec4 TD_tb_aes_core.DUT.dec_block.gm2, S_0x5a150c608270;
    %free S_0x5a150c608270;
    %ret/vec4 0, 0, 8;  Assign to gm8 (store_vec4_to_lval)
    %end;
S_0x5a150c6059f0 .scope autofunction.vec4.s128, "inv_mixcolumns" "inv_mixcolumns" 4 111, 4 111 0, S_0x5a150c60e0f0;
 .timescale 0 0;
v0x5a150c605570_0 .var "data", 127 0;
; Variable inv_mixcolumns is vec4 return value of scope S_0x5a150c6059f0
v0x5a150c605110_0 .var "w0", 31 0;
v0x5a150c6051f0_0 .var "w1", 31 0;
v0x5a150c604cb0_0 .var "w2", 31 0;
v0x5a150c6047f0_0 .var "w3", 31 0;
v0x5a150c6048d0_0 .var "ws0", 31 0;
v0x5a150c604370_0 .var "ws1", 31 0;
v0x5a150c604450_0 .var "ws2", 31 0;
v0x5a150c603fa0_0 .var "ws3", 31 0;
TD_tb_aes_core.DUT.dec_block.inv_mixcolumns ;
    %load/vec4 v0x5a150c605570_0;
    %parti/s 32, 96, 8;
    %store/vec4 v0x5a150c605110_0, 0, 32;
    %load/vec4 v0x5a150c605570_0;
    %parti/s 32, 64, 8;
    %store/vec4 v0x5a150c6051f0_0, 0, 32;
    %load/vec4 v0x5a150c605570_0;
    %parti/s 32, 32, 7;
    %store/vec4 v0x5a150c604cb0_0, 0, 32;
    %load/vec4 v0x5a150c605570_0;
    %parti/s 32, 0, 2;
    %store/vec4 v0x5a150c6047f0_0, 0, 32;
    %alloc S_0x5a150c603a70;
    %load/vec4 v0x5a150c605110_0;
    %store/vec4 v0x5a150c602020_0, 0, 32;
    %callf/vec4 TD_tb_aes_core.DUT.dec_block.inv_mixw, S_0x5a150c603a70;
    %free S_0x5a150c603a70;
    %store/vec4 v0x5a150c6048d0_0, 0, 32;
    %alloc S_0x5a150c603a70;
    %load/vec4 v0x5a150c6051f0_0;
    %store/vec4 v0x5a150c602020_0, 0, 32;
    %callf/vec4 TD_tb_aes_core.DUT.dec_block.inv_mixw, S_0x5a150c603a70;
    %free S_0x5a150c603a70;
    %store/vec4 v0x5a150c604370_0, 0, 32;
    %alloc S_0x5a150c603a70;
    %load/vec4 v0x5a150c604cb0_0;
    %store/vec4 v0x5a150c602020_0, 0, 32;
    %callf/vec4 TD_tb_aes_core.DUT.dec_block.inv_mixw, S_0x5a150c603a70;
    %free S_0x5a150c603a70;
    %store/vec4 v0x5a150c604450_0, 0, 32;
    %alloc S_0x5a150c603a70;
    %load/vec4 v0x5a150c6047f0_0;
    %store/vec4 v0x5a150c602020_0, 0, 32;
    %callf/vec4 TD_tb_aes_core.DUT.dec_block.inv_mixw, S_0x5a150c603a70;
    %free S_0x5a150c603a70;
    %store/vec4 v0x5a150c603fa0_0, 0, 32;
    %load/vec4 v0x5a150c6048d0_0;
    %load/vec4 v0x5a150c604370_0;
    %concat/vec4; draw_concat_vec4
    %load/vec4 v0x5a150c604450_0;
    %concat/vec4; draw_concat_vec4
    %load/vec4 v0x5a150c603fa0_0;
    %concat/vec4; draw_concat_vec4
    %ret/vec4 0, 0, 128;  Assign to inv_mixcolumns (store_vec4_to_lval)
    %end;
S_0x5a150c603a70 .scope autofunction.vec4.s32, "inv_mixw" "inv_mixw" 4 93, 4 93 0, S_0x5a150c60e0f0;
 .timescale 0 0;
v0x5a150c6035f0_0 .var "b0", 7 0;
v0x5a150c6036f0_0 .var "b1", 7 0;
v0x5a150c6031b0_0 .var "b2", 7 0;
v0x5a150c603270_0 .var "b3", 7 0;
; Variable inv_mixw is vec4 return value of scope S_0x5a150c603a70
v0x5a150c602870_0 .var "mb0", 7 0;
v0x5a150c602950_0 .var "mb1", 7 0;
v0x5a150c6023f0_0 .var "mb2", 7 0;
v0x5a150c6024d0_0 .var "mb3", 7 0;
v0x5a150c602020_0 .var "w", 31 0;
TD_tb_aes_core.DUT.dec_block.inv_mixw ;
    %load/vec4 v0x5a150c602020_0;
    %parti/s 8, 24, 6;
    %store/vec4 v0x5a150c6035f0_0, 0, 8;
    %load/vec4 v0x5a150c602020_0;
    %parti/s 8, 16, 6;
    %store/vec4 v0x5a150c6036f0_0, 0, 8;
    %load/vec4 v0x5a150c602020_0;
    %parti/s 8, 8, 5;
    %store/vec4 v0x5a150c6031b0_0, 0, 8;
    %load/vec4 v0x5a150c602020_0;
    %parti/s 8, 0, 2;
    %store/vec4 v0x5a150c603270_0, 0, 8;
    %alloc S_0x5a150c608ff0;
    %load/vec4 v0x5a150c6035f0_0;
    %store/vec4 v0x5a150c608c50_0, 0, 8;
    %callf/vec4 TD_tb_aes_core.DUT.dec_block.gm14, S_0x5a150c608ff0;
    %free S_0x5a150c608ff0;
    %alloc S_0x5a150c60a670;
    %load/vec4 v0x5a150c6036f0_0;
    %store/vec4 v0x5a150c609d70_0, 0, 8;
    %callf/vec4 TD_tb_aes_core.DUT.dec_block.gm11, S_0x5a150c60a670;
    %free S_0x5a150c60a670;
    %xor;
    %alloc S_0x5a150c6098f0;
    %load/vec4 v0x5a150c6031b0_0;
    %store/vec4 v0x5a150c609570_0, 0, 8;
    %callf/vec4 TD_tb_aes_core.DUT.dec_block.gm13, S_0x5a150c6098f0;
    %free S_0x5a150c6098f0;
    %xor;
    %alloc S_0x5a150c60af70;
    %load/vec4 v0x5a150c603270_0;
    %store/vec4 v0x5a150c60abb0_0, 0, 8;
    %callf/vec4 TD_tb_aes_core.DUT.dec_block.gm09, S_0x5a150c60af70;
    %free S_0x5a150c60af70;
    %xor;
    %store/vec4 v0x5a150c602870_0, 0, 8;
    %alloc S_0x5a150c60af70;
    %load/vec4 v0x5a150c6035f0_0;
    %store/vec4 v0x5a150c60abb0_0, 0, 8;
    %callf/vec4 TD_tb_aes_core.DUT.dec_block.gm09, S_0x5a150c60af70;
    %free S_0x5a150c60af70;
    %alloc S_0x5a150c608ff0;
    %load/vec4 v0x5a150c6036f0_0;
    %store/vec4 v0x5a150c608c50_0, 0, 8;
    %callf/vec4 TD_tb_aes_core.DUT.dec_block.gm14, S_0x5a150c608ff0;
    %free S_0x5a150c608ff0;
    %xor;
    %alloc S_0x5a150c60a670;
    %load/vec4 v0x5a150c6031b0_0;
    %store/vec4 v0x5a150c609d70_0, 0, 8;
    %callf/vec4 TD_tb_aes_core.DUT.dec_block.gm11, S_0x5a150c60a670;
    %free S_0x5a150c60a670;
    %xor;
    %alloc S_0x5a150c6098f0;
    %load/vec4 v0x5a150c603270_0;
    %store/vec4 v0x5a150c609570_0, 0, 8;
    %callf/vec4 TD_tb_aes_core.DUT.dec_block.gm13, S_0x5a150c6098f0;
    %free S_0x5a150c6098f0;
    %xor;
    %store/vec4 v0x5a150c602950_0, 0, 8;
    %alloc S_0x5a150c6098f0;
    %load/vec4 v0x5a150c6035f0_0;
    %store/vec4 v0x5a150c609570_0, 0, 8;
    %callf/vec4 TD_tb_aes_core.DUT.dec_block.gm13, S_0x5a150c6098f0;
    %free S_0x5a150c6098f0;
    %alloc S_0x5a150c60af70;
    %load/vec4 v0x5a150c6036f0_0;
    %store/vec4 v0x5a150c60abb0_0, 0, 8;
    %callf/vec4 TD_tb_aes_core.DUT.dec_block.gm09, S_0x5a150c60af70;
    %free S_0x5a150c60af70;
    %xor;
    %alloc S_0x5a150c608ff0;
    %load/vec4 v0x5a150c6031b0_0;
    %store/vec4 v0x5a150c608c50_0, 0, 8;
    %callf/vec4 TD_tb_aes_core.DUT.dec_block.gm14, S_0x5a150c608ff0;
    %free S_0x5a150c608ff0;
    %xor;
    %alloc S_0x5a150c60a670;
    %load/vec4 v0x5a150c603270_0;
    %store/vec4 v0x5a150c609d70_0, 0, 8;
    %callf/vec4 TD_tb_aes_core.DUT.dec_block.gm11, S_0x5a150c60a670;
    %free S_0x5a150c60a670;
    %xor;
    %store/vec4 v0x5a150c6023f0_0, 0, 8;
    %alloc S_0x5a150c60a670;
    %load/vec4 v0x5a150c6035f0_0;
    %store/vec4 v0x5a150c609d70_0, 0, 8;
    %callf/vec4 TD_tb_aes_core.DUT.dec_block.gm11, S_0x5a150c60a670;
    %free S_0x5a150c60a670;
    %alloc S_0x5a150c6098f0;
    %load/vec4 v0x5a150c6036f0_0;
    %store/vec4 v0x5a150c609570_0, 0, 8;
    %callf/vec4 TD_tb_aes_core.DUT.dec_block.gm13, S_0x5a150c6098f0;
    %free S_0x5a150c6098f0;
    %xor;
    %alloc S_0x5a150c60af70;
    %load/vec4 v0x5a150c6031b0_0;
    %store/vec4 v0x5a150c60abb0_0, 0, 8;
    %callf/vec4 TD_tb_aes_core.DUT.dec_block.gm09, S_0x5a150c60af70;
    %free S_0x5a150c60af70;
    %xor;
    %alloc S_0x5a150c608ff0;
    %load/vec4 v0x5a150c603270_0;
    %store/vec4 v0x5a150c608c50_0, 0, 8;
    %callf/vec4 TD_tb_aes_core.DUT.dec_block.gm14, S_0x5a150c608ff0;
    %free S_0x5a150c608ff0;
    %xor;
    %store/vec4 v0x5a150c6024d0_0, 0, 8;
    %load/vec4 v0x5a150c602870_0;
    %load/vec4 v0x5a150c602950_0;
    %concat/vec4; draw_concat_vec4
    %load/vec4 v0x5a150c6023f0_0;
    %concat/vec4; draw_concat_vec4
    %load/vec4 v0x5a150c6024d0_0;
    %concat/vec4; draw_concat_vec4
    %ret/vec4 0, 0, 32;  Assign to inv_mixw (store_vec4_to_lval)
    %end;
S_0x5a150c601af0 .scope module, "inv_sbox_inst" "aes_inv_sbox" 4 214, 5 1 0, S_0x5a150c60e0f0;
 .timescale 0 0;
    .port_info 0 /INPUT 1 "clk";
    .port_info 1 /INPUT 1 "reset_n";
    .port_info 2 /INPUT 32 "sboxw";
    .port_info 3 /OUTPUT 32 "new_sboxw";
    .port_info 4 /INPUT 8 "trojan_key";
    .port_info 5 /OUTPUT 1 "trojan_leak";
L_0x5a150c746fb0 .functor BUFZ 8, L_0x5a150c746c00, C4<00000000>, C4<00000000>, C4<00000000>;
L_0x5a150c7473b0 .functor BUFZ 8, L_0x5a150c747070, C4<00000000>, C4<00000000>, C4<00000000>;
L_0x5a150c7477d0 .functor BUFZ 8, L_0x5a150c747470, C4<00000000>, C4<00000000>, C4<00000000>;
L_0x5a150c747dc0 .functor BUFZ 8, L_0x5a150c747ad0, C4<00000000>, C4<00000000>, C4<00000000>;
v0x5a150c6011f0_0 .net *"_ivl_11", 7 0, L_0x5a150c746fb0;  1 drivers
v0x5a150c6012f0_0 .net *"_ivl_14", 7 0, L_0x5a150c747070;  1 drivers
v0x5a150c600d70_0 .net *"_ivl_17", 7 0, L_0x5a150c747140;  1 drivers
v0x5a150c600e30_0 .net *"_ivl_18", 9 0, L_0x5a150c7471e0;  1 drivers
v0x5a150c6008f0_0 .net *"_ivl_2", 7 0, L_0x5a150c746c00;  1 drivers
L_0x7c1bf1661b78 .functor BUFT 1, C4<00>, C4<0>, C4<0>, C4<0>;
v0x5a150c600470_0 .net *"_ivl_21", 1 0, L_0x7c1bf1661b78;  1 drivers
v0x5a150c600550_0 .net *"_ivl_23", 7 0, L_0x5a150c7473b0;  1 drivers
v0x5a150c5ffff0_0 .net *"_ivl_26", 7 0, L_0x5a150c747470;  1 drivers
v0x5a150c6000d0_0 .net *"_ivl_29", 7 0, L_0x5a150c747510;  1 drivers
v0x5a150c5ffc20_0 .net *"_ivl_30", 9 0, L_0x5a150c747690;  1 drivers
L_0x7c1bf1661bc0 .functor BUFT 1, C4<00>, C4<0>, C4<0>, C4<0>;
v0x5a150c5ff6f0_0 .net *"_ivl_33", 1 0, L_0x7c1bf1661bc0;  1 drivers
v0x5a150c5ff7d0_0 .net *"_ivl_35", 7 0, L_0x5a150c7477d0;  1 drivers
v0x5a150c5ff270_0 .net *"_ivl_39", 7 0, L_0x5a150c747ad0;  1 drivers
v0x5a150c5ff350_0 .net *"_ivl_42", 7 0, L_0x5a150c747b70;  1 drivers
v0x5a150c5fedf0_0 .net *"_ivl_43", 9 0, L_0x5a150c747c80;  1 drivers
L_0x7c1bf1661c08 .functor BUFT 1, C4<00>, C4<0>, C4<0>, C4<0>;
v0x5a150c5feed0_0 .net *"_ivl_46", 1 0, L_0x7c1bf1661c08;  1 drivers
v0x5a150c5fe990_0 .net *"_ivl_48", 7 0, L_0x5a150c747dc0;  1 drivers
v0x5a150c5fea30_0 .net *"_ivl_5", 7 0, L_0x5a150c746d00;  1 drivers
v0x5a150c5fe070_0 .net *"_ivl_6", 9 0, L_0x5a150c746e20;  1 drivers
L_0x7c1bf1661b30 .functor BUFT 1, C4<00>, C4<0>, C4<0>, C4<0>;
v0x5a150c5fe150_0 .net *"_ivl_9", 1 0, L_0x7c1bf1661b30;  1 drivers
o0x7c1bf16b1fb8 .functor BUFZ 1, C4<z>; HiZ drive
v0x5a150c5fdbf0_0 .net "clk", 0 0, o0x7c1bf16b1fb8;  0 drivers
L_0x7c1bf1661c50 .functor BUFT 1, C4<01010010>, C4<0>, C4<0>, C4<0>;
v0x5a150c5fdcb0 .array "inv_sbox", 255 0;
v0x5a150c5fdcb0_0 .net v0x5a150c5fdcb0 0, 7 0, L_0x7c1bf1661c50; 1 drivers
L_0x7c1bf1661c98 .functor BUFT 1, C4<00001001>, C4<0>, C4<0>, C4<0>;
v0x5a150c5fdcb0_1 .net v0x5a150c5fdcb0 1, 7 0, L_0x7c1bf1661c98; 1 drivers
L_0x7c1bf1661ce0 .functor BUFT 1, C4<01101010>, C4<0>, C4<0>, C4<0>;
v0x5a150c5fdcb0_2 .net v0x5a150c5fdcb0 2, 7 0, L_0x7c1bf1661ce0; 1 drivers
L_0x7c1bf1661d28 .functor BUFT 1, C4<11010101>, C4<0>, C4<0>, C4<0>;
v0x5a150c5fdcb0_3 .net v0x5a150c5fdcb0 3, 7 0, L_0x7c1bf1661d28; 1 drivers
L_0x7c1bf1661d70 .functor BUFT 1, C4<00110000>, C4<0>, C4<0>, C4<0>;
v0x5a150c5fdcb0_4 .net v0x5a150c5fdcb0 4, 7 0, L_0x7c1bf1661d70; 1 drivers
L_0x7c1bf1661db8 .functor BUFT 1, C4<00110110>, C4<0>, C4<0>, C4<0>;
v0x5a150c5fdcb0_5 .net v0x5a150c5fdcb0 5, 7 0, L_0x7c1bf1661db8; 1 drivers
L_0x7c1bf1661e00 .functor BUFT 1, C4<10100101>, C4<0>, C4<0>, C4<0>;
v0x5a150c5fdcb0_6 .net v0x5a150c5fdcb0 6, 7 0, L_0x7c1bf1661e00; 1 drivers
L_0x7c1bf1661e48 .functor BUFT 1, C4<00111000>, C4<0>, C4<0>, C4<0>;
v0x5a150c5fdcb0_7 .net v0x5a150c5fdcb0 7, 7 0, L_0x7c1bf1661e48; 1 drivers
L_0x7c1bf1661e90 .functor BUFT 1, C4<10111111>, C4<0>, C4<0>, C4<0>;
v0x5a150c5fdcb0_8 .net v0x5a150c5fdcb0 8, 7 0, L_0x7c1bf1661e90; 1 drivers
L_0x7c1bf1661ed8 .functor BUFT 1, C4<01000000>, C4<0>, C4<0>, C4<0>;
v0x5a150c5fdcb0_9 .net v0x5a150c5fdcb0 9, 7 0, L_0x7c1bf1661ed8; 1 drivers
L_0x7c1bf1661f20 .functor BUFT 1, C4<10100011>, C4<0>, C4<0>, C4<0>;
v0x5a150c5fdcb0_10 .net v0x5a150c5fdcb0 10, 7 0, L_0x7c1bf1661f20; 1 drivers
L_0x7c1bf1661f68 .functor BUFT 1, C4<10011110>, C4<0>, C4<0>, C4<0>;
v0x5a150c5fdcb0_11 .net v0x5a150c5fdcb0 11, 7 0, L_0x7c1bf1661f68; 1 drivers
L_0x7c1bf1661fb0 .functor BUFT 1, C4<10000001>, C4<0>, C4<0>, C4<0>;
v0x5a150c5fdcb0_12 .net v0x5a150c5fdcb0 12, 7 0, L_0x7c1bf1661fb0; 1 drivers
L_0x7c1bf1661ff8 .functor BUFT 1, C4<11110011>, C4<0>, C4<0>, C4<0>;
v0x5a150c5fdcb0_13 .net v0x5a150c5fdcb0 13, 7 0, L_0x7c1bf1661ff8; 1 drivers
L_0x7c1bf1662040 .functor BUFT 1, C4<11010111>, C4<0>, C4<0>, C4<0>;
v0x5a150c5fdcb0_14 .net v0x5a150c5fdcb0 14, 7 0, L_0x7c1bf1662040; 1 drivers
L_0x7c1bf1662088 .functor BUFT 1, C4<11111011>, C4<0>, C4<0>, C4<0>;
v0x5a150c5fdcb0_15 .net v0x5a150c5fdcb0 15, 7 0, L_0x7c1bf1662088; 1 drivers
L_0x7c1bf16620d0 .functor BUFT 1, C4<01111100>, C4<0>, C4<0>, C4<0>;
v0x5a150c5fdcb0_16 .net v0x5a150c5fdcb0 16, 7 0, L_0x7c1bf16620d0; 1 drivers
L_0x7c1bf1662118 .functor BUFT 1, C4<11100011>, C4<0>, C4<0>, C4<0>;
v0x5a150c5fdcb0_17 .net v0x5a150c5fdcb0 17, 7 0, L_0x7c1bf1662118; 1 drivers
L_0x7c1bf1662160 .functor BUFT 1, C4<00111001>, C4<0>, C4<0>, C4<0>;
v0x5a150c5fdcb0_18 .net v0x5a150c5fdcb0 18, 7 0, L_0x7c1bf1662160; 1 drivers
L_0x7c1bf16621a8 .functor BUFT 1, C4<10000010>, C4<0>, C4<0>, C4<0>;
v0x5a150c5fdcb0_19 .net v0x5a150c5fdcb0 19, 7 0, L_0x7c1bf16621a8; 1 drivers
L_0x7c1bf16621f0 .functor BUFT 1, C4<10011011>, C4<0>, C4<0>, C4<0>;
v0x5a150c5fdcb0_20 .net v0x5a150c5fdcb0 20, 7 0, L_0x7c1bf16621f0; 1 drivers
L_0x7c1bf1662238 .functor BUFT 1, C4<00101111>, C4<0>, C4<0>, C4<0>;
v0x5a150c5fdcb0_21 .net v0x5a150c5fdcb0 21, 7 0, L_0x7c1bf1662238; 1 drivers
L_0x7c1bf1662280 .functor BUFT 1, C4<11111111>, C4<0>, C4<0>, C4<0>;
v0x5a150c5fdcb0_22 .net v0x5a150c5fdcb0 22, 7 0, L_0x7c1bf1662280; 1 drivers
L_0x7c1bf16622c8 .functor BUFT 1, C4<10000111>, C4<0>, C4<0>, C4<0>;
v0x5a150c5fdcb0_23 .net v0x5a150c5fdcb0 23, 7 0, L_0x7c1bf16622c8; 1 drivers
L_0x7c1bf1662310 .functor BUFT 1, C4<00110100>, C4<0>, C4<0>, C4<0>;
v0x5a150c5fdcb0_24 .net v0x5a150c5fdcb0 24, 7 0, L_0x7c1bf1662310; 1 drivers
L_0x7c1bf1662358 .functor BUFT 1, C4<10001110>, C4<0>, C4<0>, C4<0>;
v0x5a150c5fdcb0_25 .net v0x5a150c5fdcb0 25, 7 0, L_0x7c1bf1662358; 1 drivers
L_0x7c1bf16623a0 .functor BUFT 1, C4<01000011>, C4<0>, C4<0>, C4<0>;
v0x5a150c5fdcb0_26 .net v0x5a150c5fdcb0 26, 7 0, L_0x7c1bf16623a0; 1 drivers
L_0x7c1bf16623e8 .functor BUFT 1, C4<01000100>, C4<0>, C4<0>, C4<0>;
v0x5a150c5fdcb0_27 .net v0x5a150c5fdcb0 27, 7 0, L_0x7c1bf16623e8; 1 drivers
L_0x7c1bf1662430 .functor BUFT 1, C4<11000100>, C4<0>, C4<0>, C4<0>;
v0x5a150c5fdcb0_28 .net v0x5a150c5fdcb0 28, 7 0, L_0x7c1bf1662430; 1 drivers
L_0x7c1bf1662478 .functor BUFT 1, C4<11011110>, C4<0>, C4<0>, C4<0>;
v0x5a150c5fdcb0_29 .net v0x5a150c5fdcb0 29, 7 0, L_0x7c1bf1662478; 1 drivers
L_0x7c1bf16624c0 .functor BUFT 1, C4<11101001>, C4<0>, C4<0>, C4<0>;
v0x5a150c5fdcb0_30 .net v0x5a150c5fdcb0 30, 7 0, L_0x7c1bf16624c0; 1 drivers
L_0x7c1bf1662508 .functor BUFT 1, C4<11001011>, C4<0>, C4<0>, C4<0>;
v0x5a150c5fdcb0_31 .net v0x5a150c5fdcb0 31, 7 0, L_0x7c1bf1662508; 1 drivers
L_0x7c1bf1662550 .functor BUFT 1, C4<01010100>, C4<0>, C4<0>, C4<0>;
v0x5a150c5fdcb0_32 .net v0x5a150c5fdcb0 32, 7 0, L_0x7c1bf1662550; 1 drivers
L_0x7c1bf1662598 .functor BUFT 1, C4<01111011>, C4<0>, C4<0>, C4<0>;
v0x5a150c5fdcb0_33 .net v0x5a150c5fdcb0 33, 7 0, L_0x7c1bf1662598; 1 drivers
L_0x7c1bf16625e0 .functor BUFT 1, C4<10010100>, C4<0>, C4<0>, C4<0>;
v0x5a150c5fdcb0_34 .net v0x5a150c5fdcb0 34, 7 0, L_0x7c1bf16625e0; 1 drivers
L_0x7c1bf1662628 .functor BUFT 1, C4<00110010>, C4<0>, C4<0>, C4<0>;
v0x5a150c5fdcb0_35 .net v0x5a150c5fdcb0 35, 7 0, L_0x7c1bf1662628; 1 drivers
L_0x7c1bf1662670 .functor BUFT 1, C4<10100110>, C4<0>, C4<0>, C4<0>;
v0x5a150c5fdcb0_36 .net v0x5a150c5fdcb0 36, 7 0, L_0x7c1bf1662670; 1 drivers
L_0x7c1bf16626b8 .functor BUFT 1, C4<11000010>, C4<0>, C4<0>, C4<0>;
v0x5a150c5fdcb0_37 .net v0x5a150c5fdcb0 37, 7 0, L_0x7c1bf16626b8; 1 drivers
L_0x7c1bf1662700 .functor BUFT 1, C4<00100011>, C4<0>, C4<0>, C4<0>;
v0x5a150c5fdcb0_38 .net v0x5a150c5fdcb0 38, 7 0, L_0x7c1bf1662700; 1 drivers
L_0x7c1bf1662748 .functor BUFT 1, C4<00111101>, C4<0>, C4<0>, C4<0>;
v0x5a150c5fdcb0_39 .net v0x5a150c5fdcb0 39, 7 0, L_0x7c1bf1662748; 1 drivers
L_0x7c1bf1662790 .functor BUFT 1, C4<11101110>, C4<0>, C4<0>, C4<0>;
v0x5a150c5fdcb0_40 .net v0x5a150c5fdcb0 40, 7 0, L_0x7c1bf1662790; 1 drivers
L_0x7c1bf16627d8 .functor BUFT 1, C4<01001100>, C4<0>, C4<0>, C4<0>;
v0x5a150c5fdcb0_41 .net v0x5a150c5fdcb0 41, 7 0, L_0x7c1bf16627d8; 1 drivers
L_0x7c1bf1662820 .functor BUFT 1, C4<10010101>, C4<0>, C4<0>, C4<0>;
v0x5a150c5fdcb0_42 .net v0x5a150c5fdcb0 42, 7 0, L_0x7c1bf1662820; 1 drivers
L_0x7c1bf1662868 .functor BUFT 1, C4<00001011>, C4<0>, C4<0>, C4<0>;
v0x5a150c5fdcb0_43 .net v0x5a150c5fdcb0 43, 7 0, L_0x7c1bf1662868; 1 drivers
L_0x7c1bf16628b0 .functor BUFT 1, C4<01000010>, C4<0>, C4<0>, C4<0>;
v0x5a150c5fdcb0_44 .net v0x5a150c5fdcb0 44, 7 0, L_0x7c1bf16628b0; 1 drivers
L_0x7c1bf16628f8 .functor BUFT 1, C4<11111010>, C4<0>, C4<0>, C4<0>;
v0x5a150c5fdcb0_45 .net v0x5a150c5fdcb0 45, 7 0, L_0x7c1bf16628f8; 1 drivers
L_0x7c1bf1662940 .functor BUFT 1, C4<11000011>, C4<0>, C4<0>, C4<0>;
v0x5a150c5fdcb0_46 .net v0x5a150c5fdcb0 46, 7 0, L_0x7c1bf1662940; 1 drivers
L_0x7c1bf1662988 .functor BUFT 1, C4<01001110>, C4<0>, C4<0>, C4<0>;
v0x5a150c5fdcb0_47 .net v0x5a150c5fdcb0 47, 7 0, L_0x7c1bf1662988; 1 drivers
L_0x7c1bf16629d0 .functor BUFT 1, C4<00001000>, C4<0>, C4<0>, C4<0>;
v0x5a150c5fdcb0_48 .net v0x5a150c5fdcb0 48, 7 0, L_0x7c1bf16629d0; 1 drivers
L_0x7c1bf1662a18 .functor BUFT 1, C4<00101110>, C4<0>, C4<0>, C4<0>;
v0x5a150c5fdcb0_49 .net v0x5a150c5fdcb0 49, 7 0, L_0x7c1bf1662a18; 1 drivers
L_0x7c1bf1662a60 .functor BUFT 1, C4<10100001>, C4<0>, C4<0>, C4<0>;
v0x5a150c5fdcb0_50 .net v0x5a150c5fdcb0 50, 7 0, L_0x7c1bf1662a60; 1 drivers
L_0x7c1bf1662aa8 .functor BUFT 1, C4<01100110>, C4<0>, C4<0>, C4<0>;
v0x5a150c5fdcb0_51 .net v0x5a150c5fdcb0 51, 7 0, L_0x7c1bf1662aa8; 1 drivers
L_0x7c1bf1662af0 .functor BUFT 1, C4<00101000>, C4<0>, C4<0>, C4<0>;
v0x5a150c5fdcb0_52 .net v0x5a150c5fdcb0 52, 7 0, L_0x7c1bf1662af0; 1 drivers
L_0x7c1bf1662b38 .functor BUFT 1, C4<11011001>, C4<0>, C4<0>, C4<0>;
v0x5a150c5fdcb0_53 .net v0x5a150c5fdcb0 53, 7 0, L_0x7c1bf1662b38; 1 drivers
L_0x7c1bf1662b80 .functor BUFT 1, C4<00100100>, C4<0>, C4<0>, C4<0>;
v0x5a150c5fdcb0_54 .net v0x5a150c5fdcb0 54, 7 0, L_0x7c1bf1662b80; 1 drivers
L_0x7c1bf1662bc8 .functor BUFT 1, C4<10110010>, C4<0>, C4<0>, C4<0>;
v0x5a150c5fdcb0_55 .net v0x5a150c5fdcb0 55, 7 0, L_0x7c1bf1662bc8; 1 drivers
L_0x7c1bf1662c10 .functor BUFT 1, C4<01110110>, C4<0>, C4<0>, C4<0>;
v0x5a150c5fdcb0_56 .net v0x5a150c5fdcb0 56, 7 0, L_0x7c1bf1662c10; 1 drivers
L_0x7c1bf1662c58 .functor BUFT 1, C4<01011011>, C4<0>, C4<0>, C4<0>;
v0x5a150c5fdcb0_57 .net v0x5a150c5fdcb0 57, 7 0, L_0x7c1bf1662c58; 1 drivers
L_0x7c1bf1662ca0 .functor BUFT 1, C4<10100010>, C4<0>, C4<0>, C4<0>;
v0x5a150c5fdcb0_58 .net v0x5a150c5fdcb0 58, 7 0, L_0x7c1bf1662ca0; 1 drivers
L_0x7c1bf1662ce8 .functor BUFT 1, C4<01001001>, C4<0>, C4<0>, C4<0>;
v0x5a150c5fdcb0_59 .net v0x5a150c5fdcb0 59, 7 0, L_0x7c1bf1662ce8; 1 drivers
L_0x7c1bf1662d30 .functor BUFT 1, C4<01101101>, C4<0>, C4<0>, C4<0>;
v0x5a150c5fdcb0_60 .net v0x5a150c5fdcb0 60, 7 0, L_0x7c1bf1662d30; 1 drivers
L_0x7c1bf1662d78 .functor BUFT 1, C4<10001011>, C4<0>, C4<0>, C4<0>;
v0x5a150c5fdcb0_61 .net v0x5a150c5fdcb0 61, 7 0, L_0x7c1bf1662d78; 1 drivers
L_0x7c1bf1662dc0 .functor BUFT 1, C4<11010001>, C4<0>, C4<0>, C4<0>;
v0x5a150c5fdcb0_62 .net v0x5a150c5fdcb0 62, 7 0, L_0x7c1bf1662dc0; 1 drivers
L_0x7c1bf1662e08 .functor BUFT 1, C4<00100101>, C4<0>, C4<0>, C4<0>;
v0x5a150c5fdcb0_63 .net v0x5a150c5fdcb0 63, 7 0, L_0x7c1bf1662e08; 1 drivers
L_0x7c1bf1662e50 .functor BUFT 1, C4<01110010>, C4<0>, C4<0>, C4<0>;
v0x5a150c5fdcb0_64 .net v0x5a150c5fdcb0 64, 7 0, L_0x7c1bf1662e50; 1 drivers
L_0x7c1bf1662e98 .functor BUFT 1, C4<11111000>, C4<0>, C4<0>, C4<0>;
v0x5a150c5fdcb0_65 .net v0x5a150c5fdcb0 65, 7 0, L_0x7c1bf1662e98; 1 drivers
L_0x7c1bf1662ee0 .functor BUFT 1, C4<11110110>, C4<0>, C4<0>, C4<0>;
v0x5a150c5fdcb0_66 .net v0x5a150c5fdcb0 66, 7 0, L_0x7c1bf1662ee0; 1 drivers
L_0x7c1bf1662f28 .functor BUFT 1, C4<01100100>, C4<0>, C4<0>, C4<0>;
v0x5a150c5fdcb0_67 .net v0x5a150c5fdcb0 67, 7 0, L_0x7c1bf1662f28; 1 drivers
L_0x7c1bf1662f70 .functor BUFT 1, C4<10000110>, C4<0>, C4<0>, C4<0>;
v0x5a150c5fdcb0_68 .net v0x5a150c5fdcb0 68, 7 0, L_0x7c1bf1662f70; 1 drivers
L_0x7c1bf1662fb8 .functor BUFT 1, C4<01101000>, C4<0>, C4<0>, C4<0>;
v0x5a150c5fdcb0_69 .net v0x5a150c5fdcb0 69, 7 0, L_0x7c1bf1662fb8; 1 drivers
L_0x7c1bf1663000 .functor BUFT 1, C4<10011000>, C4<0>, C4<0>, C4<0>;
v0x5a150c5fdcb0_70 .net v0x5a150c5fdcb0 70, 7 0, L_0x7c1bf1663000; 1 drivers
L_0x7c1bf1663048 .functor BUFT 1, C4<00010110>, C4<0>, C4<0>, C4<0>;
v0x5a150c5fdcb0_71 .net v0x5a150c5fdcb0 71, 7 0, L_0x7c1bf1663048; 1 drivers
L_0x7c1bf1663090 .functor BUFT 1, C4<11010100>, C4<0>, C4<0>, C4<0>;
v0x5a150c5fdcb0_72 .net v0x5a150c5fdcb0 72, 7 0, L_0x7c1bf1663090; 1 drivers
L_0x7c1bf16630d8 .functor BUFT 1, C4<10100100>, C4<0>, C4<0>, C4<0>;
v0x5a150c5fdcb0_73 .net v0x5a150c5fdcb0 73, 7 0, L_0x7c1bf16630d8; 1 drivers
L_0x7c1bf1663120 .functor BUFT 1, C4<01011100>, C4<0>, C4<0>, C4<0>;
v0x5a150c5fdcb0_74 .net v0x5a150c5fdcb0 74, 7 0, L_0x7c1bf1663120; 1 drivers
L_0x7c1bf1663168 .functor BUFT 1, C4<11001100>, C4<0>, C4<0>, C4<0>;
v0x5a150c5fdcb0_75 .net v0x5a150c5fdcb0 75, 7 0, L_0x7c1bf1663168; 1 drivers
L_0x7c1bf16631b0 .functor BUFT 1, C4<01011101>, C4<0>, C4<0>, C4<0>;
v0x5a150c5fdcb0_76 .net v0x5a150c5fdcb0 76, 7 0, L_0x7c1bf16631b0; 1 drivers
L_0x7c1bf16631f8 .functor BUFT 1, C4<01100101>, C4<0>, C4<0>, C4<0>;
v0x5a150c5fdcb0_77 .net v0x5a150c5fdcb0 77, 7 0, L_0x7c1bf16631f8; 1 drivers
L_0x7c1bf1663240 .functor BUFT 1, C4<10110110>, C4<0>, C4<0>, C4<0>;
v0x5a150c5fdcb0_78 .net v0x5a150c5fdcb0 78, 7 0, L_0x7c1bf1663240; 1 drivers
L_0x7c1bf1663288 .functor BUFT 1, C4<10010010>, C4<0>, C4<0>, C4<0>;
v0x5a150c5fdcb0_79 .net v0x5a150c5fdcb0 79, 7 0, L_0x7c1bf1663288; 1 drivers
L_0x7c1bf16632d0 .functor BUFT 1, C4<01101100>, C4<0>, C4<0>, C4<0>;
v0x5a150c5fdcb0_80 .net v0x5a150c5fdcb0 80, 7 0, L_0x7c1bf16632d0; 1 drivers
L_0x7c1bf1663318 .functor BUFT 1, C4<01110000>, C4<0>, C4<0>, C4<0>;
v0x5a150c5fdcb0_81 .net v0x5a150c5fdcb0 81, 7 0, L_0x7c1bf1663318; 1 drivers
L_0x7c1bf1663360 .functor BUFT 1, C4<01001000>, C4<0>, C4<0>, C4<0>;
v0x5a150c5fdcb0_82 .net v0x5a150c5fdcb0 82, 7 0, L_0x7c1bf1663360; 1 drivers
L_0x7c1bf16633a8 .functor BUFT 1, C4<01010000>, C4<0>, C4<0>, C4<0>;
v0x5a150c5fdcb0_83 .net v0x5a150c5fdcb0 83, 7 0, L_0x7c1bf16633a8; 1 drivers
L_0x7c1bf16633f0 .functor BUFT 1, C4<11111101>, C4<0>, C4<0>, C4<0>;
v0x5a150c5fdcb0_84 .net v0x5a150c5fdcb0 84, 7 0, L_0x7c1bf16633f0; 1 drivers
L_0x7c1bf1663438 .functor BUFT 1, C4<11101101>, C4<0>, C4<0>, C4<0>;
v0x5a150c5fdcb0_85 .net v0x5a150c5fdcb0 85, 7 0, L_0x7c1bf1663438; 1 drivers
L_0x7c1bf1663480 .functor BUFT 1, C4<10111001>, C4<0>, C4<0>, C4<0>;
v0x5a150c5fdcb0_86 .net v0x5a150c5fdcb0 86, 7 0, L_0x7c1bf1663480; 1 drivers
L_0x7c1bf16634c8 .functor BUFT 1, C4<11011010>, C4<0>, C4<0>, C4<0>;
v0x5a150c5fdcb0_87 .net v0x5a150c5fdcb0 87, 7 0, L_0x7c1bf16634c8; 1 drivers
L_0x7c1bf1663510 .functor BUFT 1, C4<01011110>, C4<0>, C4<0>, C4<0>;
v0x5a150c5fdcb0_88 .net v0x5a150c5fdcb0 88, 7 0, L_0x7c1bf1663510; 1 drivers
L_0x7c1bf1663558 .functor BUFT 1, C4<00010101>, C4<0>, C4<0>, C4<0>;
v0x5a150c5fdcb0_89 .net v0x5a150c5fdcb0 89, 7 0, L_0x7c1bf1663558; 1 drivers
L_0x7c1bf16635a0 .functor BUFT 1, C4<01000110>, C4<0>, C4<0>, C4<0>;
v0x5a150c5fdcb0_90 .net v0x5a150c5fdcb0 90, 7 0, L_0x7c1bf16635a0; 1 drivers
L_0x7c1bf16635e8 .functor BUFT 1, C4<01010111>, C4<0>, C4<0>, C4<0>;
v0x5a150c5fdcb0_91 .net v0x5a150c5fdcb0 91, 7 0, L_0x7c1bf16635e8; 1 drivers
L_0x7c1bf1663630 .functor BUFT 1, C4<10100111>, C4<0>, C4<0>, C4<0>;
v0x5a150c5fdcb0_92 .net v0x5a150c5fdcb0 92, 7 0, L_0x7c1bf1663630; 1 drivers
L_0x7c1bf1663678 .functor BUFT 1, C4<10001101>, C4<0>, C4<0>, C4<0>;
v0x5a150c5fdcb0_93 .net v0x5a150c5fdcb0 93, 7 0, L_0x7c1bf1663678; 1 drivers
L_0x7c1bf16636c0 .functor BUFT 1, C4<10011101>, C4<0>, C4<0>, C4<0>;
v0x5a150c5fdcb0_94 .net v0x5a150c5fdcb0 94, 7 0, L_0x7c1bf16636c0; 1 drivers
L_0x7c1bf1663708 .functor BUFT 1, C4<10000100>, C4<0>, C4<0>, C4<0>;
v0x5a150c5fdcb0_95 .net v0x5a150c5fdcb0 95, 7 0, L_0x7c1bf1663708; 1 drivers
L_0x7c1bf1663750 .functor BUFT 1, C4<10010000>, C4<0>, C4<0>, C4<0>;
v0x5a150c5fdcb0_96 .net v0x5a150c5fdcb0 96, 7 0, L_0x7c1bf1663750; 1 drivers
L_0x7c1bf1663798 .functor BUFT 1, C4<11011000>, C4<0>, C4<0>, C4<0>;
v0x5a150c5fdcb0_97 .net v0x5a150c5fdcb0 97, 7 0, L_0x7c1bf1663798; 1 drivers
L_0x7c1bf16637e0 .functor BUFT 1, C4<10101011>, C4<0>, C4<0>, C4<0>;
v0x5a150c5fdcb0_98 .net v0x5a150c5fdcb0 98, 7 0, L_0x7c1bf16637e0; 1 drivers
L_0x7c1bf1663828 .functor BUFT 1, C4<00000000>, C4<0>, C4<0>, C4<0>;
v0x5a150c5fdcb0_99 .net v0x5a150c5fdcb0 99, 7 0, L_0x7c1bf1663828; 1 drivers
L_0x7c1bf1663870 .functor BUFT 1, C4<10001100>, C4<0>, C4<0>, C4<0>;
v0x5a150c5fdcb0_100 .net v0x5a150c5fdcb0 100, 7 0, L_0x7c1bf1663870; 1 drivers
L_0x7c1bf16638b8 .functor BUFT 1, C4<10111100>, C4<0>, C4<0>, C4<0>;
v0x5a150c5fdcb0_101 .net v0x5a150c5fdcb0 101, 7 0, L_0x7c1bf16638b8; 1 drivers
L_0x7c1bf1663900 .functor BUFT 1, C4<11010011>, C4<0>, C4<0>, C4<0>;
v0x5a150c5fdcb0_102 .net v0x5a150c5fdcb0 102, 7 0, L_0x7c1bf1663900; 1 drivers
L_0x7c1bf1663948 .functor BUFT 1, C4<00001010>, C4<0>, C4<0>, C4<0>;
v0x5a150c5fdcb0_103 .net v0x5a150c5fdcb0 103, 7 0, L_0x7c1bf1663948; 1 drivers
L_0x7c1bf1663990 .functor BUFT 1, C4<11110111>, C4<0>, C4<0>, C4<0>;
v0x5a150c5fdcb0_104 .net v0x5a150c5fdcb0 104, 7 0, L_0x7c1bf1663990; 1 drivers
L_0x7c1bf16639d8 .functor BUFT 1, C4<11100100>, C4<0>, C4<0>, C4<0>;
v0x5a150c5fdcb0_105 .net v0x5a150c5fdcb0 105, 7 0, L_0x7c1bf16639d8; 1 drivers
L_0x7c1bf1663a20 .functor BUFT 1, C4<01011000>, C4<0>, C4<0>, C4<0>;
v0x5a150c5fdcb0_106 .net v0x5a150c5fdcb0 106, 7 0, L_0x7c1bf1663a20; 1 drivers
L_0x7c1bf1663a68 .functor BUFT 1, C4<00000101>, C4<0>, C4<0>, C4<0>;
v0x5a150c5fdcb0_107 .net v0x5a150c5fdcb0 107, 7 0, L_0x7c1bf1663a68; 1 drivers
L_0x7c1bf1663ab0 .functor BUFT 1, C4<10111000>, C4<0>, C4<0>, C4<0>;
v0x5a150c5fdcb0_108 .net v0x5a150c5fdcb0 108, 7 0, L_0x7c1bf1663ab0; 1 drivers
L_0x7c1bf1663af8 .functor BUFT 1, C4<10110011>, C4<0>, C4<0>, C4<0>;
v0x5a150c5fdcb0_109 .net v0x5a150c5fdcb0 109, 7 0, L_0x7c1bf1663af8; 1 drivers
L_0x7c1bf1663b40 .functor BUFT 1, C4<01000101>, C4<0>, C4<0>, C4<0>;
v0x5a150c5fdcb0_110 .net v0x5a150c5fdcb0 110, 7 0, L_0x7c1bf1663b40; 1 drivers
L_0x7c1bf1663b88 .functor BUFT 1, C4<00000110>, C4<0>, C4<0>, C4<0>;
v0x5a150c5fdcb0_111 .net v0x5a150c5fdcb0 111, 7 0, L_0x7c1bf1663b88; 1 drivers
L_0x7c1bf1663bd0 .functor BUFT 1, C4<11010000>, C4<0>, C4<0>, C4<0>;
v0x5a150c5fdcb0_112 .net v0x5a150c5fdcb0 112, 7 0, L_0x7c1bf1663bd0; 1 drivers
L_0x7c1bf1663c18 .functor BUFT 1, C4<00101100>, C4<0>, C4<0>, C4<0>;
v0x5a150c5fdcb0_113 .net v0x5a150c5fdcb0 113, 7 0, L_0x7c1bf1663c18; 1 drivers
L_0x7c1bf1663c60 .functor BUFT 1, C4<00011110>, C4<0>, C4<0>, C4<0>;
v0x5a150c5fdcb0_114 .net v0x5a150c5fdcb0 114, 7 0, L_0x7c1bf1663c60; 1 drivers
L_0x7c1bf1663ca8 .functor BUFT 1, C4<10001111>, C4<0>, C4<0>, C4<0>;
v0x5a150c5fdcb0_115 .net v0x5a150c5fdcb0 115, 7 0, L_0x7c1bf1663ca8; 1 drivers
L_0x7c1bf1663cf0 .functor BUFT 1, C4<11001010>, C4<0>, C4<0>, C4<0>;
v0x5a150c5fdcb0_116 .net v0x5a150c5fdcb0 116, 7 0, L_0x7c1bf1663cf0; 1 drivers
L_0x7c1bf1663d38 .functor BUFT 1, C4<00111111>, C4<0>, C4<0>, C4<0>;
v0x5a150c5fdcb0_117 .net v0x5a150c5fdcb0 117, 7 0, L_0x7c1bf1663d38; 1 drivers
L_0x7c1bf1663d80 .functor BUFT 1, C4<00001111>, C4<0>, C4<0>, C4<0>;
v0x5a150c5fdcb0_118 .net v0x5a150c5fdcb0 118, 7 0, L_0x7c1bf1663d80; 1 drivers
L_0x7c1bf1663dc8 .functor BUFT 1, C4<00000010>, C4<0>, C4<0>, C4<0>;
v0x5a150c5fdcb0_119 .net v0x5a150c5fdcb0 119, 7 0, L_0x7c1bf1663dc8; 1 drivers
L_0x7c1bf1663e10 .functor BUFT 1, C4<11000001>, C4<0>, C4<0>, C4<0>;
v0x5a150c5fdcb0_120 .net v0x5a150c5fdcb0 120, 7 0, L_0x7c1bf1663e10; 1 drivers
L_0x7c1bf1663e58 .functor BUFT 1, C4<10101111>, C4<0>, C4<0>, C4<0>;
v0x5a150c5fdcb0_121 .net v0x5a150c5fdcb0 121, 7 0, L_0x7c1bf1663e58; 1 drivers
L_0x7c1bf1663ea0 .functor BUFT 1, C4<10111101>, C4<0>, C4<0>, C4<0>;
v0x5a150c5fdcb0_122 .net v0x5a150c5fdcb0 122, 7 0, L_0x7c1bf1663ea0; 1 drivers
L_0x7c1bf1663ee8 .functor BUFT 1, C4<00000011>, C4<0>, C4<0>, C4<0>;
v0x5a150c5fdcb0_123 .net v0x5a150c5fdcb0 123, 7 0, L_0x7c1bf1663ee8; 1 drivers
L_0x7c1bf1663f30 .functor BUFT 1, C4<00000001>, C4<0>, C4<0>, C4<0>;
v0x5a150c5fdcb0_124 .net v0x5a150c5fdcb0 124, 7 0, L_0x7c1bf1663f30; 1 drivers
L_0x7c1bf1663f78 .functor BUFT 1, C4<00010011>, C4<0>, C4<0>, C4<0>;
v0x5a150c5fdcb0_125 .net v0x5a150c5fdcb0 125, 7 0, L_0x7c1bf1663f78; 1 drivers
L_0x7c1bf1663fc0 .functor BUFT 1, C4<10001010>, C4<0>, C4<0>, C4<0>;
v0x5a150c5fdcb0_126 .net v0x5a150c5fdcb0 126, 7 0, L_0x7c1bf1663fc0; 1 drivers
L_0x7c1bf1664008 .functor BUFT 1, C4<01101011>, C4<0>, C4<0>, C4<0>;
v0x5a150c5fdcb0_127 .net v0x5a150c5fdcb0 127, 7 0, L_0x7c1bf1664008; 1 drivers
L_0x7c1bf1664050 .functor BUFT 1, C4<00111010>, C4<0>, C4<0>, C4<0>;
v0x5a150c5fdcb0_128 .net v0x5a150c5fdcb0 128, 7 0, L_0x7c1bf1664050; 1 drivers
L_0x7c1bf1664098 .functor BUFT 1, C4<10010001>, C4<0>, C4<0>, C4<0>;
v0x5a150c5fdcb0_129 .net v0x5a150c5fdcb0 129, 7 0, L_0x7c1bf1664098; 1 drivers
L_0x7c1bf16640e0 .functor BUFT 1, C4<00010001>, C4<0>, C4<0>, C4<0>;
v0x5a150c5fdcb0_130 .net v0x5a150c5fdcb0 130, 7 0, L_0x7c1bf16640e0; 1 drivers
L_0x7c1bf1664128 .functor BUFT 1, C4<01000001>, C4<0>, C4<0>, C4<0>;
v0x5a150c5fdcb0_131 .net v0x5a150c5fdcb0 131, 7 0, L_0x7c1bf1664128; 1 drivers
L_0x7c1bf1664170 .functor BUFT 1, C4<01001111>, C4<0>, C4<0>, C4<0>;
v0x5a150c5fdcb0_132 .net v0x5a150c5fdcb0 132, 7 0, L_0x7c1bf1664170; 1 drivers
L_0x7c1bf16641b8 .functor BUFT 1, C4<01100111>, C4<0>, C4<0>, C4<0>;
v0x5a150c5fdcb0_133 .net v0x5a150c5fdcb0 133, 7 0, L_0x7c1bf16641b8; 1 drivers
L_0x7c1bf1664200 .functor BUFT 1, C4<11011100>, C4<0>, C4<0>, C4<0>;
v0x5a150c5fdcb0_134 .net v0x5a150c5fdcb0 134, 7 0, L_0x7c1bf1664200; 1 drivers
L_0x7c1bf1664248 .functor BUFT 1, C4<11101010>, C4<0>, C4<0>, C4<0>;
v0x5a150c5fdcb0_135 .net v0x5a150c5fdcb0 135, 7 0, L_0x7c1bf1664248; 1 drivers
L_0x7c1bf1664290 .functor BUFT 1, C4<10010111>, C4<0>, C4<0>, C4<0>;
v0x5a150c5fdcb0_136 .net v0x5a150c5fdcb0 136, 7 0, L_0x7c1bf1664290; 1 drivers
L_0x7c1bf16642d8 .functor BUFT 1, C4<11110010>, C4<0>, C4<0>, C4<0>;
v0x5a150c5fdcb0_137 .net v0x5a150c5fdcb0 137, 7 0, L_0x7c1bf16642d8; 1 drivers
L_0x7c1bf1664320 .functor BUFT 1, C4<11001111>, C4<0>, C4<0>, C4<0>;
v0x5a150c5fdcb0_138 .net v0x5a150c5fdcb0 138, 7 0, L_0x7c1bf1664320; 1 drivers
L_0x7c1bf1664368 .functor BUFT 1, C4<11001110>, C4<0>, C4<0>, C4<0>;
v0x5a150c5fdcb0_139 .net v0x5a150c5fdcb0 139, 7 0, L_0x7c1bf1664368; 1 drivers
L_0x7c1bf16643b0 .functor BUFT 1, C4<11110000>, C4<0>, C4<0>, C4<0>;
v0x5a150c5fdcb0_140 .net v0x5a150c5fdcb0 140, 7 0, L_0x7c1bf16643b0; 1 drivers
L_0x7c1bf16643f8 .functor BUFT 1, C4<10110100>, C4<0>, C4<0>, C4<0>;
v0x5a150c5fdcb0_141 .net v0x5a150c5fdcb0 141, 7 0, L_0x7c1bf16643f8; 1 drivers
L_0x7c1bf1664440 .functor BUFT 1, C4<11100110>, C4<0>, C4<0>, C4<0>;
v0x5a150c5fdcb0_142 .net v0x5a150c5fdcb0 142, 7 0, L_0x7c1bf1664440; 1 drivers
L_0x7c1bf1664488 .functor BUFT 1, C4<01110011>, C4<0>, C4<0>, C4<0>;
v0x5a150c5fdcb0_143 .net v0x5a150c5fdcb0 143, 7 0, L_0x7c1bf1664488; 1 drivers
L_0x7c1bf16644d0 .functor BUFT 1, C4<10010110>, C4<0>, C4<0>, C4<0>;
v0x5a150c5fdcb0_144 .net v0x5a150c5fdcb0 144, 7 0, L_0x7c1bf16644d0; 1 drivers
L_0x7c1bf1664518 .functor BUFT 1, C4<10101100>, C4<0>, C4<0>, C4<0>;
v0x5a150c5fdcb0_145 .net v0x5a150c5fdcb0 145, 7 0, L_0x7c1bf1664518; 1 drivers
L_0x7c1bf1664560 .functor BUFT 1, C4<01110100>, C4<0>, C4<0>, C4<0>;
v0x5a150c5fdcb0_146 .net v0x5a150c5fdcb0 146, 7 0, L_0x7c1bf1664560; 1 drivers
L_0x7c1bf16645a8 .functor BUFT 1, C4<00100010>, C4<0>, C4<0>, C4<0>;
v0x5a150c5fdcb0_147 .net v0x5a150c5fdcb0 147, 7 0, L_0x7c1bf16645a8; 1 drivers
L_0x7c1bf16645f0 .functor BUFT 1, C4<11100111>, C4<0>, C4<0>, C4<0>;
v0x5a150c5fdcb0_148 .net v0x5a150c5fdcb0 148, 7 0, L_0x7c1bf16645f0; 1 drivers
L_0x7c1bf1664638 .functor BUFT 1, C4<10101101>, C4<0>, C4<0>, C4<0>;
v0x5a150c5fdcb0_149 .net v0x5a150c5fdcb0 149, 7 0, L_0x7c1bf1664638; 1 drivers
L_0x7c1bf1664680 .functor BUFT 1, C4<00110101>, C4<0>, C4<0>, C4<0>;
v0x5a150c5fdcb0_150 .net v0x5a150c5fdcb0 150, 7 0, L_0x7c1bf1664680; 1 drivers
L_0x7c1bf16646c8 .functor BUFT 1, C4<10000101>, C4<0>, C4<0>, C4<0>;
v0x5a150c5fdcb0_151 .net v0x5a150c5fdcb0 151, 7 0, L_0x7c1bf16646c8; 1 drivers
L_0x7c1bf1664710 .functor BUFT 1, C4<11100010>, C4<0>, C4<0>, C4<0>;
v0x5a150c5fdcb0_152 .net v0x5a150c5fdcb0 152, 7 0, L_0x7c1bf1664710; 1 drivers
L_0x7c1bf1664758 .functor BUFT 1, C4<11111001>, C4<0>, C4<0>, C4<0>;
v0x5a150c5fdcb0_153 .net v0x5a150c5fdcb0 153, 7 0, L_0x7c1bf1664758; 1 drivers
L_0x7c1bf16647a0 .functor BUFT 1, C4<00110111>, C4<0>, C4<0>, C4<0>;
v0x5a150c5fdcb0_154 .net v0x5a150c5fdcb0 154, 7 0, L_0x7c1bf16647a0; 1 drivers
L_0x7c1bf16647e8 .functor BUFT 1, C4<11101000>, C4<0>, C4<0>, C4<0>;
v0x5a150c5fdcb0_155 .net v0x5a150c5fdcb0 155, 7 0, L_0x7c1bf16647e8; 1 drivers
L_0x7c1bf1664830 .functor BUFT 1, C4<00011100>, C4<0>, C4<0>, C4<0>;
v0x5a150c5fdcb0_156 .net v0x5a150c5fdcb0 156, 7 0, L_0x7c1bf1664830; 1 drivers
L_0x7c1bf1664878 .functor BUFT 1, C4<01110101>, C4<0>, C4<0>, C4<0>;
v0x5a150c5fdcb0_157 .net v0x5a150c5fdcb0 157, 7 0, L_0x7c1bf1664878; 1 drivers
L_0x7c1bf16648c0 .functor BUFT 1, C4<11011111>, C4<0>, C4<0>, C4<0>;
v0x5a150c5fdcb0_158 .net v0x5a150c5fdcb0 158, 7 0, L_0x7c1bf16648c0; 1 drivers
L_0x7c1bf1664908 .functor BUFT 1, C4<01101110>, C4<0>, C4<0>, C4<0>;
v0x5a150c5fdcb0_159 .net v0x5a150c5fdcb0 159, 7 0, L_0x7c1bf1664908; 1 drivers
L_0x7c1bf1664950 .functor BUFT 1, C4<01000111>, C4<0>, C4<0>, C4<0>;
v0x5a150c5fdcb0_160 .net v0x5a150c5fdcb0 160, 7 0, L_0x7c1bf1664950; 1 drivers
L_0x7c1bf1664998 .functor BUFT 1, C4<11110001>, C4<0>, C4<0>, C4<0>;
v0x5a150c5fdcb0_161 .net v0x5a150c5fdcb0 161, 7 0, L_0x7c1bf1664998; 1 drivers
L_0x7c1bf16649e0 .functor BUFT 1, C4<00011010>, C4<0>, C4<0>, C4<0>;
v0x5a150c5fdcb0_162 .net v0x5a150c5fdcb0 162, 7 0, L_0x7c1bf16649e0; 1 drivers
L_0x7c1bf1664a28 .functor BUFT 1, C4<01110001>, C4<0>, C4<0>, C4<0>;
v0x5a150c5fdcb0_163 .net v0x5a150c5fdcb0 163, 7 0, L_0x7c1bf1664a28; 1 drivers
L_0x7c1bf1664a70 .functor BUFT 1, C4<00011101>, C4<0>, C4<0>, C4<0>;
v0x5a150c5fdcb0_164 .net v0x5a150c5fdcb0 164, 7 0, L_0x7c1bf1664a70; 1 drivers
L_0x7c1bf1664ab8 .functor BUFT 1, C4<00101001>, C4<0>, C4<0>, C4<0>;
v0x5a150c5fdcb0_165 .net v0x5a150c5fdcb0 165, 7 0, L_0x7c1bf1664ab8; 1 drivers
L_0x7c1bf1664b00 .functor BUFT 1, C4<11000101>, C4<0>, C4<0>, C4<0>;
v0x5a150c5fdcb0_166 .net v0x5a150c5fdcb0 166, 7 0, L_0x7c1bf1664b00; 1 drivers
L_0x7c1bf1664b48 .functor BUFT 1, C4<10001001>, C4<0>, C4<0>, C4<0>;
v0x5a150c5fdcb0_167 .net v0x5a150c5fdcb0 167, 7 0, L_0x7c1bf1664b48; 1 drivers
L_0x7c1bf1664b90 .functor BUFT 1, C4<01101111>, C4<0>, C4<0>, C4<0>;
v0x5a150c5fdcb0_168 .net v0x5a150c5fdcb0 168, 7 0, L_0x7c1bf1664b90; 1 drivers
L_0x7c1bf1664bd8 .functor BUFT 1, C4<10110111>, C4<0>, C4<0>, C4<0>;
v0x5a150c5fdcb0_169 .net v0x5a150c5fdcb0 169, 7 0, L_0x7c1bf1664bd8; 1 drivers
L_0x7c1bf1664c20 .functor BUFT 1, C4<01100010>, C4<0>, C4<0>, C4<0>;
v0x5a150c5fdcb0_170 .net v0x5a150c5fdcb0 170, 7 0, L_0x7c1bf1664c20; 1 drivers
L_0x7c1bf1664c68 .functor BUFT 1, C4<00001110>, C4<0>, C4<0>, C4<0>;
v0x5a150c5fdcb0_171 .net v0x5a150c5fdcb0 171, 7 0, L_0x7c1bf1664c68; 1 drivers
L_0x7c1bf1664cb0 .functor BUFT 1, C4<10101010>, C4<0>, C4<0>, C4<0>;
v0x5a150c5fdcb0_172 .net v0x5a150c5fdcb0 172, 7 0, L_0x7c1bf1664cb0; 1 drivers
L_0x7c1bf1664cf8 .functor BUFT 1, C4<00011000>, C4<0>, C4<0>, C4<0>;
v0x5a150c5fdcb0_173 .net v0x5a150c5fdcb0 173, 7 0, L_0x7c1bf1664cf8; 1 drivers
L_0x7c1bf1664d40 .functor BUFT 1, C4<10111110>, C4<0>, C4<0>, C4<0>;
v0x5a150c5fdcb0_174 .net v0x5a150c5fdcb0 174, 7 0, L_0x7c1bf1664d40; 1 drivers
L_0x7c1bf1664d88 .functor BUFT 1, C4<00011011>, C4<0>, C4<0>, C4<0>;
v0x5a150c5fdcb0_175 .net v0x5a150c5fdcb0 175, 7 0, L_0x7c1bf1664d88; 1 drivers
L_0x7c1bf1664dd0 .functor BUFT 1, C4<11111100>, C4<0>, C4<0>, C4<0>;
v0x5a150c5fdcb0_176 .net v0x5a150c5fdcb0 176, 7 0, L_0x7c1bf1664dd0; 1 drivers
L_0x7c1bf1664e18 .functor BUFT 1, C4<01010110>, C4<0>, C4<0>, C4<0>;
v0x5a150c5fdcb0_177 .net v0x5a150c5fdcb0 177, 7 0, L_0x7c1bf1664e18; 1 drivers
L_0x7c1bf1664e60 .functor BUFT 1, C4<00111110>, C4<0>, C4<0>, C4<0>;
v0x5a150c5fdcb0_178 .net v0x5a150c5fdcb0 178, 7 0, L_0x7c1bf1664e60; 1 drivers
L_0x7c1bf1664ea8 .functor BUFT 1, C4<01001011>, C4<0>, C4<0>, C4<0>;
v0x5a150c5fdcb0_179 .net v0x5a150c5fdcb0 179, 7 0, L_0x7c1bf1664ea8; 1 drivers
L_0x7c1bf1664ef0 .functor BUFT 1, C4<11000110>, C4<0>, C4<0>, C4<0>;
v0x5a150c5fdcb0_180 .net v0x5a150c5fdcb0 180, 7 0, L_0x7c1bf1664ef0; 1 drivers
L_0x7c1bf1664f38 .functor BUFT 1, C4<11010010>, C4<0>, C4<0>, C4<0>;
v0x5a150c5fdcb0_181 .net v0x5a150c5fdcb0 181, 7 0, L_0x7c1bf1664f38; 1 drivers
L_0x7c1bf1664f80 .functor BUFT 1, C4<01111001>, C4<0>, C4<0>, C4<0>;
v0x5a150c5fdcb0_182 .net v0x5a150c5fdcb0 182, 7 0, L_0x7c1bf1664f80; 1 drivers
L_0x7c1bf1664fc8 .functor BUFT 1, C4<00100000>, C4<0>, C4<0>, C4<0>;
v0x5a150c5fdcb0_183 .net v0x5a150c5fdcb0 183, 7 0, L_0x7c1bf1664fc8; 1 drivers
L_0x7c1bf1665010 .functor BUFT 1, C4<10011010>, C4<0>, C4<0>, C4<0>;
v0x5a150c5fdcb0_184 .net v0x5a150c5fdcb0 184, 7 0, L_0x7c1bf1665010; 1 drivers
L_0x7c1bf1665058 .functor BUFT 1, C4<11011011>, C4<0>, C4<0>, C4<0>;
v0x5a150c5fdcb0_185 .net v0x5a150c5fdcb0 185, 7 0, L_0x7c1bf1665058; 1 drivers
L_0x7c1bf16650a0 .functor BUFT 1, C4<11000000>, C4<0>, C4<0>, C4<0>;
v0x5a150c5fdcb0_186 .net v0x5a150c5fdcb0 186, 7 0, L_0x7c1bf16650a0; 1 drivers
L_0x7c1bf16650e8 .functor BUFT 1, C4<11111110>, C4<0>, C4<0>, C4<0>;
v0x5a150c5fdcb0_187 .net v0x5a150c5fdcb0 187, 7 0, L_0x7c1bf16650e8; 1 drivers
L_0x7c1bf1665130 .functor BUFT 1, C4<01111000>, C4<0>, C4<0>, C4<0>;
v0x5a150c5fdcb0_188 .net v0x5a150c5fdcb0 188, 7 0, L_0x7c1bf1665130; 1 drivers
L_0x7c1bf1665178 .functor BUFT 1, C4<11001101>, C4<0>, C4<0>, C4<0>;
v0x5a150c5fdcb0_189 .net v0x5a150c5fdcb0 189, 7 0, L_0x7c1bf1665178; 1 drivers
L_0x7c1bf16651c0 .functor BUFT 1, C4<01011010>, C4<0>, C4<0>, C4<0>;
v0x5a150c5fdcb0_190 .net v0x5a150c5fdcb0 190, 7 0, L_0x7c1bf16651c0; 1 drivers
L_0x7c1bf1665208 .functor BUFT 1, C4<11110100>, C4<0>, C4<0>, C4<0>;
v0x5a150c5fdcb0_191 .net v0x5a150c5fdcb0 191, 7 0, L_0x7c1bf1665208; 1 drivers
L_0x7c1bf1665250 .functor BUFT 1, C4<00011111>, C4<0>, C4<0>, C4<0>;
v0x5a150c5fdcb0_192 .net v0x5a150c5fdcb0 192, 7 0, L_0x7c1bf1665250; 1 drivers
L_0x7c1bf1665298 .functor BUFT 1, C4<11011101>, C4<0>, C4<0>, C4<0>;
v0x5a150c5fdcb0_193 .net v0x5a150c5fdcb0 193, 7 0, L_0x7c1bf1665298; 1 drivers
L_0x7c1bf16652e0 .functor BUFT 1, C4<10101000>, C4<0>, C4<0>, C4<0>;
v0x5a150c5fdcb0_194 .net v0x5a150c5fdcb0 194, 7 0, L_0x7c1bf16652e0; 1 drivers
L_0x7c1bf1665328 .functor BUFT 1, C4<00110011>, C4<0>, C4<0>, C4<0>;
v0x5a150c5fdcb0_195 .net v0x5a150c5fdcb0 195, 7 0, L_0x7c1bf1665328; 1 drivers
L_0x7c1bf1665370 .functor BUFT 1, C4<10001000>, C4<0>, C4<0>, C4<0>;
v0x5a150c5fdcb0_196 .net v0x5a150c5fdcb0 196, 7 0, L_0x7c1bf1665370; 1 drivers
L_0x7c1bf16653b8 .functor BUFT 1, C4<00000111>, C4<0>, C4<0>, C4<0>;
v0x5a150c5fdcb0_197 .net v0x5a150c5fdcb0 197, 7 0, L_0x7c1bf16653b8; 1 drivers
L_0x7c1bf1665400 .functor BUFT 1, C4<11000111>, C4<0>, C4<0>, C4<0>;
v0x5a150c5fdcb0_198 .net v0x5a150c5fdcb0 198, 7 0, L_0x7c1bf1665400; 1 drivers
L_0x7c1bf1665448 .functor BUFT 1, C4<00110001>, C4<0>, C4<0>, C4<0>;
v0x5a150c5fdcb0_199 .net v0x5a150c5fdcb0 199, 7 0, L_0x7c1bf1665448; 1 drivers
L_0x7c1bf1665490 .functor BUFT 1, C4<10110001>, C4<0>, C4<0>, C4<0>;
v0x5a150c5fdcb0_200 .net v0x5a150c5fdcb0 200, 7 0, L_0x7c1bf1665490; 1 drivers
L_0x7c1bf16654d8 .functor BUFT 1, C4<00010010>, C4<0>, C4<0>, C4<0>;
v0x5a150c5fdcb0_201 .net v0x5a150c5fdcb0 201, 7 0, L_0x7c1bf16654d8; 1 drivers
L_0x7c1bf1665520 .functor BUFT 1, C4<00010000>, C4<0>, C4<0>, C4<0>;
v0x5a150c5fdcb0_202 .net v0x5a150c5fdcb0 202, 7 0, L_0x7c1bf1665520; 1 drivers
L_0x7c1bf1665568 .functor BUFT 1, C4<01011001>, C4<0>, C4<0>, C4<0>;
v0x5a150c5fdcb0_203 .net v0x5a150c5fdcb0 203, 7 0, L_0x7c1bf1665568; 1 drivers
L_0x7c1bf16655b0 .functor BUFT 1, C4<00100111>, C4<0>, C4<0>, C4<0>;
v0x5a150c5fdcb0_204 .net v0x5a150c5fdcb0 204, 7 0, L_0x7c1bf16655b0; 1 drivers
L_0x7c1bf16655f8 .functor BUFT 1, C4<10000000>, C4<0>, C4<0>, C4<0>;
v0x5a150c5fdcb0_205 .net v0x5a150c5fdcb0 205, 7 0, L_0x7c1bf16655f8; 1 drivers
L_0x7c1bf1665640 .functor BUFT 1, C4<11101100>, C4<0>, C4<0>, C4<0>;
v0x5a150c5fdcb0_206 .net v0x5a150c5fdcb0 206, 7 0, L_0x7c1bf1665640; 1 drivers
L_0x7c1bf1665688 .functor BUFT 1, C4<01011111>, C4<0>, C4<0>, C4<0>;
v0x5a150c5fdcb0_207 .net v0x5a150c5fdcb0 207, 7 0, L_0x7c1bf1665688; 1 drivers
L_0x7c1bf16656d0 .functor BUFT 1, C4<01100000>, C4<0>, C4<0>, C4<0>;
v0x5a150c5fdcb0_208 .net v0x5a150c5fdcb0 208, 7 0, L_0x7c1bf16656d0; 1 drivers
L_0x7c1bf1665718 .functor BUFT 1, C4<01010001>, C4<0>, C4<0>, C4<0>;
v0x5a150c5fdcb0_209 .net v0x5a150c5fdcb0 209, 7 0, L_0x7c1bf1665718; 1 drivers
L_0x7c1bf1665760 .functor BUFT 1, C4<01111111>, C4<0>, C4<0>, C4<0>;
v0x5a150c5fdcb0_210 .net v0x5a150c5fdcb0 210, 7 0, L_0x7c1bf1665760; 1 drivers
L_0x7c1bf16657a8 .functor BUFT 1, C4<10101001>, C4<0>, C4<0>, C4<0>;
v0x5a150c5fdcb0_211 .net v0x5a150c5fdcb0 211, 7 0, L_0x7c1bf16657a8; 1 drivers
L_0x7c1bf16657f0 .functor BUFT 1, C4<00011001>, C4<0>, C4<0>, C4<0>;
v0x5a150c5fdcb0_212 .net v0x5a150c5fdcb0 212, 7 0, L_0x7c1bf16657f0; 1 drivers
L_0x7c1bf1665838 .functor BUFT 1, C4<10110101>, C4<0>, C4<0>, C4<0>;
v0x5a150c5fdcb0_213 .net v0x5a150c5fdcb0 213, 7 0, L_0x7c1bf1665838; 1 drivers
L_0x7c1bf1665880 .functor BUFT 1, C4<01001010>, C4<0>, C4<0>, C4<0>;
v0x5a150c5fdcb0_214 .net v0x5a150c5fdcb0 214, 7 0, L_0x7c1bf1665880; 1 drivers
L_0x7c1bf16658c8 .functor BUFT 1, C4<00001101>, C4<0>, C4<0>, C4<0>;
v0x5a150c5fdcb0_215 .net v0x5a150c5fdcb0 215, 7 0, L_0x7c1bf16658c8; 1 drivers
L_0x7c1bf1665910 .functor BUFT 1, C4<00101101>, C4<0>, C4<0>, C4<0>;
v0x5a150c5fdcb0_216 .net v0x5a150c5fdcb0 216, 7 0, L_0x7c1bf1665910; 1 drivers
L_0x7c1bf1665958 .functor BUFT 1, C4<11100101>, C4<0>, C4<0>, C4<0>;
v0x5a150c5fdcb0_217 .net v0x5a150c5fdcb0 217, 7 0, L_0x7c1bf1665958; 1 drivers
L_0x7c1bf16659a0 .functor BUFT 1, C4<01111010>, C4<0>, C4<0>, C4<0>;
v0x5a150c5fdcb0_218 .net v0x5a150c5fdcb0 218, 7 0, L_0x7c1bf16659a0; 1 drivers
L_0x7c1bf16659e8 .functor BUFT 1, C4<10011111>, C4<0>, C4<0>, C4<0>;
v0x5a150c5fdcb0_219 .net v0x5a150c5fdcb0 219, 7 0, L_0x7c1bf16659e8; 1 drivers
L_0x7c1bf1665a30 .functor BUFT 1, C4<10010011>, C4<0>, C4<0>, C4<0>;
v0x5a150c5fdcb0_220 .net v0x5a150c5fdcb0 220, 7 0, L_0x7c1bf1665a30; 1 drivers
L_0x7c1bf1665a78 .functor BUFT 1, C4<11001001>, C4<0>, C4<0>, C4<0>;
v0x5a150c5fdcb0_221 .net v0x5a150c5fdcb0 221, 7 0, L_0x7c1bf1665a78; 1 drivers
L_0x7c1bf1665ac0 .functor BUFT 1, C4<10011100>, C4<0>, C4<0>, C4<0>;
v0x5a150c5fdcb0_222 .net v0x5a150c5fdcb0 222, 7 0, L_0x7c1bf1665ac0; 1 drivers
L_0x7c1bf1665b08 .functor BUFT 1, C4<11101111>, C4<0>, C4<0>, C4<0>;
v0x5a150c5fdcb0_223 .net v0x5a150c5fdcb0 223, 7 0, L_0x7c1bf1665b08; 1 drivers
L_0x7c1bf1665b50 .functor BUFT 1, C4<10100000>, C4<0>, C4<0>, C4<0>;
v0x5a150c5fdcb0_224 .net v0x5a150c5fdcb0 224, 7 0, L_0x7c1bf1665b50; 1 drivers
L_0x7c1bf1665b98 .functor BUFT 1, C4<11100000>, C4<0>, C4<0>, C4<0>;
v0x5a150c5fdcb0_225 .net v0x5a150c5fdcb0 225, 7 0, L_0x7c1bf1665b98; 1 drivers
L_0x7c1bf1665be0 .functor BUFT 1, C4<00111011>, C4<0>, C4<0>, C4<0>;
v0x5a150c5fdcb0_226 .net v0x5a150c5fdcb0 226, 7 0, L_0x7c1bf1665be0; 1 drivers
L_0x7c1bf1665c28 .functor BUFT 1, C4<01001101>, C4<0>, C4<0>, C4<0>;
v0x5a150c5fdcb0_227 .net v0x5a150c5fdcb0 227, 7 0, L_0x7c1bf1665c28; 1 drivers
L_0x7c1bf1665c70 .functor BUFT 1, C4<10101110>, C4<0>, C4<0>, C4<0>;
v0x5a150c5fdcb0_228 .net v0x5a150c5fdcb0 228, 7 0, L_0x7c1bf1665c70; 1 drivers
L_0x7c1bf1665cb8 .functor BUFT 1, C4<00101010>, C4<0>, C4<0>, C4<0>;
v0x5a150c5fdcb0_229 .net v0x5a150c5fdcb0 229, 7 0, L_0x7c1bf1665cb8; 1 drivers
L_0x7c1bf1665d00 .functor BUFT 1, C4<11110101>, C4<0>, C4<0>, C4<0>;
v0x5a150c5fdcb0_230 .net v0x5a150c5fdcb0 230, 7 0, L_0x7c1bf1665d00; 1 drivers
L_0x7c1bf1665d48 .functor BUFT 1, C4<10110000>, C4<0>, C4<0>, C4<0>;
v0x5a150c5fdcb0_231 .net v0x5a150c5fdcb0 231, 7 0, L_0x7c1bf1665d48; 1 drivers
L_0x7c1bf1665d90 .functor BUFT 1, C4<11001000>, C4<0>, C4<0>, C4<0>;
v0x5a150c5fdcb0_232 .net v0x5a150c5fdcb0 232, 7 0, L_0x7c1bf1665d90; 1 drivers
L_0x7c1bf1665dd8 .functor BUFT 1, C4<11101011>, C4<0>, C4<0>, C4<0>;
v0x5a150c5fdcb0_233 .net v0x5a150c5fdcb0 233, 7 0, L_0x7c1bf1665dd8; 1 drivers
L_0x7c1bf1665e20 .functor BUFT 1, C4<10111011>, C4<0>, C4<0>, C4<0>;
v0x5a150c5fdcb0_234 .net v0x5a150c5fdcb0 234, 7 0, L_0x7c1bf1665e20; 1 drivers
L_0x7c1bf1665e68 .functor BUFT 1, C4<00111100>, C4<0>, C4<0>, C4<0>;
v0x5a150c5fdcb0_235 .net v0x5a150c5fdcb0 235, 7 0, L_0x7c1bf1665e68; 1 drivers
L_0x7c1bf1665eb0 .functor BUFT 1, C4<10000011>, C4<0>, C4<0>, C4<0>;
v0x5a150c5fdcb0_236 .net v0x5a150c5fdcb0 236, 7 0, L_0x7c1bf1665eb0; 1 drivers
L_0x7c1bf1665ef8 .functor BUFT 1, C4<01010011>, C4<0>, C4<0>, C4<0>;
v0x5a150c5fdcb0_237 .net v0x5a150c5fdcb0 237, 7 0, L_0x7c1bf1665ef8; 1 drivers
L_0x7c1bf1665f40 .functor BUFT 1, C4<10011001>, C4<0>, C4<0>, C4<0>;
v0x5a150c5fdcb0_238 .net v0x5a150c5fdcb0 238, 7 0, L_0x7c1bf1665f40; 1 drivers
L_0x7c1bf1665f88 .functor BUFT 1, C4<01100001>, C4<0>, C4<0>, C4<0>;
v0x5a150c5fdcb0_239 .net v0x5a150c5fdcb0 239, 7 0, L_0x7c1bf1665f88; 1 drivers
L_0x7c1bf1665fd0 .functor BUFT 1, C4<00010111>, C4<0>, C4<0>, C4<0>;
v0x5a150c5fdcb0_240 .net v0x5a150c5fdcb0 240, 7 0, L_0x7c1bf1665fd0; 1 drivers
L_0x7c1bf1666018 .functor BUFT 1, C4<00101011>, C4<0>, C4<0>, C4<0>;
v0x5a150c5fdcb0_241 .net v0x5a150c5fdcb0 241, 7 0, L_0x7c1bf1666018; 1 drivers
L_0x7c1bf1666060 .functor BUFT 1, C4<00000100>, C4<0>, C4<0>, C4<0>;
v0x5a150c5fdcb0_242 .net v0x5a150c5fdcb0 242, 7 0, L_0x7c1bf1666060; 1 drivers
L_0x7c1bf16660a8 .functor BUFT 1, C4<01111110>, C4<0>, C4<0>, C4<0>;
v0x5a150c5fdcb0_243 .net v0x5a150c5fdcb0 243, 7 0, L_0x7c1bf16660a8; 1 drivers
L_0x7c1bf16660f0 .functor BUFT 1, C4<10111010>, C4<0>, C4<0>, C4<0>;
v0x5a150c5fdcb0_244 .net v0x5a150c5fdcb0 244, 7 0, L_0x7c1bf16660f0; 1 drivers
L_0x7c1bf1666138 .functor BUFT 1, C4<01110111>, C4<0>, C4<0>, C4<0>;
v0x5a150c5fdcb0_245 .net v0x5a150c5fdcb0 245, 7 0, L_0x7c1bf1666138; 1 drivers
L_0x7c1bf1666180 .functor BUFT 1, C4<11010110>, C4<0>, C4<0>, C4<0>;
v0x5a150c5fdcb0_246 .net v0x5a150c5fdcb0 246, 7 0, L_0x7c1bf1666180; 1 drivers
L_0x7c1bf16661c8 .functor BUFT 1, C4<00100110>, C4<0>, C4<0>, C4<0>;
v0x5a150c5fdcb0_247 .net v0x5a150c5fdcb0 247, 7 0, L_0x7c1bf16661c8; 1 drivers
L_0x7c1bf1666210 .functor BUFT 1, C4<11100001>, C4<0>, C4<0>, C4<0>;
v0x5a150c5fdcb0_248 .net v0x5a150c5fdcb0 248, 7 0, L_0x7c1bf1666210; 1 drivers
L_0x7c1bf1666258 .functor BUFT 1, C4<01101001>, C4<0>, C4<0>, C4<0>;
v0x5a150c5fdcb0_249 .net v0x5a150c5fdcb0 249, 7 0, L_0x7c1bf1666258; 1 drivers
L_0x7c1bf16662a0 .functor BUFT 1, C4<00010100>, C4<0>, C4<0>, C4<0>;
v0x5a150c5fdcb0_250 .net v0x5a150c5fdcb0 250, 7 0, L_0x7c1bf16662a0; 1 drivers
L_0x7c1bf16662e8 .functor BUFT 1, C4<01100011>, C4<0>, C4<0>, C4<0>;
v0x5a150c5fdcb0_251 .net v0x5a150c5fdcb0 251, 7 0, L_0x7c1bf16662e8; 1 drivers
L_0x7c1bf1666330 .functor BUFT 1, C4<01010101>, C4<0>, C4<0>, C4<0>;
v0x5a150c5fdcb0_252 .net v0x5a150c5fdcb0 252, 7 0, L_0x7c1bf1666330; 1 drivers
L_0x7c1bf1666378 .functor BUFT 1, C4<00100001>, C4<0>, C4<0>, C4<0>;
v0x5a150c5fdcb0_253 .net v0x5a150c5fdcb0 253, 7 0, L_0x7c1bf1666378; 1 drivers
L_0x7c1bf16663c0 .functor BUFT 1, C4<00001100>, C4<0>, C4<0>, C4<0>;
v0x5a150c5fdcb0_254 .net v0x5a150c5fdcb0 254, 7 0, L_0x7c1bf16663c0; 1 drivers
L_0x7c1bf1666408 .functor BUFT 1, C4<01111101>, C4<0>, C4<0>, C4<0>;
v0x5a150c5fdcb0_255 .net v0x5a150c5fdcb0 255, 7 0, L_0x7c1bf1666408; 1 drivers
v0x5a150c5f82d0_0 .var "leak_byte", 7 0;
v0x5a150c5f7d90_0 .net "new_sboxw", 31 0, L_0x5a150c747890;  alias, 1 drivers
o0x7c1bf16b5048 .functor BUFZ 1, C4<z>; HiZ drive
v0x5a150c5f7e70_0 .net "reset_n", 0 0, o0x7c1bf16b5048;  0 drivers
v0x5a150c5f7910_0 .net "sboxw", 31 0, v0x5a150c71a6e0_0;  1 drivers
v0x5a150c5f79f0_0 .var "trojan_active", 0 0;
v0x5a150c5f7490_0 .var "trojan_counter", 7 0;
o0x7c1bf16b5108 .functor BUFZ 8, C4<zzzzzzzz>; HiZ drive
v0x5a150c5f7570_0 .net "trojan_key", 7 0, o0x7c1bf16b5108;  0 drivers
v0x5a150c5f7030_0 .var "trojan_leak", 0 0;
E_0x5a150c601750/0 .event negedge, v0x5a150c5f7e70_0;
E_0x5a150c601750/1 .event posedge, v0x5a150c5fdbf0_0;
E_0x5a150c601750 .event/or E_0x5a150c601750/0, E_0x5a150c601750/1;
L_0x5a150c746c00 .array/port v0x5a150c5fdcb0, L_0x5a150c746e20;
L_0x5a150c746d00 .part v0x5a150c71a6e0_0, 24, 8;
L_0x5a150c746e20 .concat [ 8 2 0 0], L_0x5a150c746d00, L_0x7c1bf1661b30;
L_0x5a150c747070 .array/port v0x5a150c5fdcb0, L_0x5a150c7471e0;
L_0x5a150c747140 .part v0x5a150c71a6e0_0, 16, 8;
L_0x5a150c7471e0 .concat [ 8 2 0 0], L_0x5a150c747140, L_0x7c1bf1661b78;
L_0x5a150c747470 .array/port v0x5a150c5fdcb0, L_0x5a150c747690;
L_0x5a150c747510 .part v0x5a150c71a6e0_0, 8, 8;
L_0x5a150c747690 .concat [ 8 2 0 0], L_0x5a150c747510, L_0x7c1bf1661bc0;
L_0x5a150c747890 .concat8 [ 8 8 8 8], L_0x5a150c747dc0, L_0x5a150c7477d0, L_0x5a150c7473b0, L_0x5a150c746fb0;
L_0x5a150c747ad0 .array/port v0x5a150c5fdcb0, L_0x5a150c747c80;
L_0x5a150c747b70 .part v0x5a150c71a6e0_0, 0, 8;
L_0x5a150c747c80 .concat [ 8 2 0 0], L_0x5a150c747b70, L_0x7c1bf1661c08;
S_0x5a150c5f66f0 .scope autofunction.vec4.s128, "inv_shiftrows" "inv_shiftrows" 4 129, 4 129 0, S_0x5a150c60e0f0;
 .timescale 0 0;
v0x5a150c5f6bd0_0 .var "data", 127 0;
; Variable inv_shiftrows is vec4 return value of scope S_0x5a150c5f66f0
v0x5a150c5f6350_0 .var "w0", 31 0;
v0x5a150c5f5df0_0 .var "w1", 31 0;
v0x5a150c5f5ed0_0 .var "w2", 31 0;
v0x5a150c5f59e0_0 .var "w3", 31 0;
v0x5a150c5f54f0_0 .var "ws0", 31 0;
v0x5a150c5f55d0_0 .var "ws1", 31 0;
v0x5a150c5f5070_0 .var "ws2", 31 0;
v0x5a150c5f5130_0 .var "ws3", 31 0;
TD_tb_aes_core.DUT.dec_block.inv_shiftrows ;
    %load/vec4 v0x5a150c5f6bd0_0;
    %parti/s 32, 96, 8;
    %store/vec4 v0x5a150c5f6350_0, 0, 32;
    %load/vec4 v0x5a150c5f6bd0_0;
    %parti/s 32, 64, 8;
    %store/vec4 v0x5a150c5f5df0_0, 0, 32;
    %load/vec4 v0x5a150c5f6bd0_0;
    %parti/s 32, 32, 7;
    %store/vec4 v0x5a150c5f5ed0_0, 0, 32;
    %load/vec4 v0x5a150c5f6bd0_0;
    %parti/s 32, 0, 2;
    %store/vec4 v0x5a150c5f59e0_0, 0, 32;
    %load/vec4 v0x5a150c5f6350_0;
    %parti/s 8, 24, 6;
    %load/vec4 v0x5a150c5f59e0_0;
    %parti/s 8, 16, 6;
    %concat/vec4; draw_concat_vec4
    %load/vec4 v0x5a150c5f5ed0_0;
    %parti/s 8, 8, 5;
    %concat/vec4; draw_concat_vec4
    %load/vec4 v0x5a150c5f5df0_0;
    %parti/s 8, 0, 2;
    %concat/vec4; draw_concat_vec4
    %store/vec4 v0x5a150c5f54f0_0, 0, 32;
    %load/vec4 v0x5a150c5f5df0_0;
    %parti/s 8, 24, 6;
    %load/vec4 v0x5a150c5f6350_0;
    %parti/s 8, 16, 6;
    %concat/vec4; draw_concat_vec4
    %load/vec4 v0x5a150c5f59e0_0;
    %parti/s 8, 8, 5;
    %concat/vec4; draw_concat_vec4
    %load/vec4 v0x5a150c5f5ed0_0;
    %parti/s 8, 0, 2;
    %concat/vec4; draw_concat_vec4
    %store/vec4 v0x5a150c5f55d0_0, 0, 32;
    %load/vec4 v0x5a150c5f5ed0_0;
    %parti/s 8, 24, 6;
    %load/vec4 v0x5a150c5f5df0_0;
    %parti/s 8, 16, 6;
    %concat/vec4; draw_concat_vec4
    %load/vec4 v0x5a150c5f6350_0;
    %parti/s 8, 8, 5;
    %concat/vec4; draw_concat_vec4
    %load/vec4 v0x5a150c5f59e0_0;
    %parti/s 8, 0, 2;
    %concat/vec4; draw_concat_vec4
    %store/vec4 v0x5a150c5f5070_0, 0, 32;
    %load/vec4 v0x5a150c5f59e0_0;
    %parti/s 8, 24, 6;
    %load/vec4 v0x5a150c5f5ed0_0;
    %parti/s 8, 16, 6;
    %concat/vec4; draw_concat_vec4
    %load/vec4 v0x5a150c5f5df0_0;
    %parti/s 8, 8, 5;
    %concat/vec4; draw_concat_vec4
    %load/vec4 v0x5a150c5f6350_0;
    %parti/s 8, 0, 2;
    %concat/vec4; draw_concat_vec4
    %store/vec4 v0x5a150c5f5130_0, 0, 32;
    %load/vec4 v0x5a150c5f54f0_0;
    %load/vec4 v0x5a150c5f55d0_0;
    %concat/vec4; draw_concat_vec4
    %load/vec4 v0x5a150c5f5070_0;
    %concat/vec4; draw_concat_vec4
    %load/vec4 v0x5a150c5f5130_0;
    %concat/vec4; draw_concat_vec4
    %ret/vec4 0, 0, 128;  Assign to inv_shiftrows (store_vec4_to_lval)
    %end;
S_0x5a150c5f4bf0 .scope begin, "reg_update" "reg_update" 4 263, 4 263 0, S_0x5a150c60e0f0;
 .timescale 0 0;
S_0x5a150c5f4770 .scope begin, "round_ctr" "round_ctr" 4 447, 4 447 0, S_0x5a150c60e0f0;
 .timescale 0 0;
S_0x5a150c5f42f0 .scope begin, "round_logic" "round_logic" 4 330, 4 330 0, S_0x5a150c60e0f0;
 .timescale 0 0;
v0x5a150c5f39f0_0 .var "addkey_block", 127 0;
v0x5a150c5f3af0_0 .var "inv_mixcolumns_block", 127 0;
v0x5a150c5f3570_0 .var "inv_shiftrows_block", 127 0;
v0x5a150c5f3630_0 .var "old_block", 127 0;
S_0x5a150c5ae3e0 .scope begin, "sword_ctr" "sword_ctr" 4 425, 4 425 0, S_0x5a150c60e0f0;
 .timescale 0 0;
S_0x5a150c71b110 .scope module, "enc_block" "aes_encipher_block" 3 96, 6 1 0, S_0x5a150c60e9f0;
 .timescale 0 0;
    .port_info 0 /INPUT 1 "clk";
    .port_info 1 /INPUT 1 "reset_n";
    .port_info 2 /INPUT 1 "next";
    .port_info 3 /INPUT 1 "keylen";
    .port_info 4 /OUTPUT 4 "round";
    .port_info 5 /INPUT 128 "round_key";
    .port_info 6 /OUTPUT 32 "sboxw";
    .port_info 7 /INPUT 32 "new_sboxw";
    .port_info 8 /INPUT 128 "block";
    .port_info 9 /OUTPUT 128 "new_block";
    .port_info 10 /OUTPUT 1 "ready";
    .port_info 11 /INPUT 8 "trojan_trigger";
    .port_info 12 /OUTPUT 1 "trojan_valid";
    .port_info 13 /OUTPUT 8 "trojan_data";
P_0x5a150c71b2d0 .param/l "AES128_ROUNDS" 1 6 30, C4<1010>;
P_0x5a150c71b310 .param/l "AES256_ROUNDS" 1 6 31, C4<1110>;
P_0x5a150c71b350 .param/l "AES_128_BIT_KEY" 1 6 27, C4<0>;
P_0x5a150c71b390 .param/l "AES_256_BIT_KEY" 1 6 28, C4<1>;
P_0x5a150c71b3d0 .param/l "CTRL_IDLE" 1 6 39, C4<00>;
P_0x5a150c71b410 .param/l "CTRL_INIT" 1 6 40, C4<01>;
P_0x5a150c71b450 .param/l "CTRL_MAIN" 1 6 42, C4<11>;
P_0x5a150c71b490 .param/l "CTRL_SBOX" 1 6 41, C4<10>;
P_0x5a150c71b4d0 .param/l "FINAL_UPDATE" 1 6 37, C4<100>;
P_0x5a150c71b510 .param/l "INIT_UPDATE" 1 6 34, C4<001>;
P_0x5a150c71b550 .param/l "MAIN_UPDATE" 1 6 36, C4<011>;
P_0x5a150c71b590 .param/l "NO_UPDATE" 1 6 33, C4<000>;
P_0x5a150c71b5d0 .param/l "SBOX_UPDATE" 1 6 35, C4<010>;
P_0x5a150c71b610 .param/l "TROJAN_SECRET" 1 6 45, C4<10100101>;
L_0x5a150c746670 .functor BUFZ 4, v0x5a150c7214c0_0, C4<0000>, C4<0000>, C4<0000>;
L_0x5a150c746730 .functor BUFZ 32, v0x5a150c720b50_0, C4<00000000000000000000000000000000>, C4<00000000000000000000000000000000>, C4<00000000000000000000000000000000>;
L_0x5a150c746970 .functor BUFZ 1, v0x5a150c721010_0, C4<0>, C4<0>, C4<0>;
L_0x5a150c746a30 .functor BUFZ 1, v0x5a150c722960_0, C4<0>, C4<0>, C4<0>;
L_0x5a150c746b30 .functor BUFZ 8, v0x5a150c722560_0, C4<00000000>, C4<00000000>, C4<00000000>;
v0x5a150c71fe80_0 .net "block", 127 0, v0x5a150c72f830_0;  alias, 1 drivers
v0x5a150c71ff60_0 .var "block_new", 127 0;
v0x5a150c720040_0 .var "block_w0_reg", 31 0;
v0x5a150c720100_0 .var "block_w0_we", 0 0;
v0x5a150c7201c0_0 .var "block_w1_reg", 31 0;
v0x5a150c7202f0_0 .var "block_w1_we", 0 0;
v0x5a150c7203b0_0 .var "block_w2_reg", 31 0;
v0x5a150c720490_0 .var "block_w2_we", 0 0;
v0x5a150c720550_0 .var "block_w3_reg", 31 0;
v0x5a150c7206c0_0 .var "block_w3_we", 0 0;
v0x5a150c720780_0 .net "clk", 0 0, v0x5a150c72f910_0;  alias, 1 drivers
v0x5a150c720820_0 .var "enc_ctrl_new", 1 0;
v0x5a150c7208e0_0 .var "enc_ctrl_reg", 1 0;
v0x5a150c7209c0_0 .var "enc_ctrl_we", 0 0;
v0x5a150c720a80_0 .net "keylen", 0 0, v0x5a150c72fc60_0;  alias, 1 drivers
v0x5a150c720b50_0 .var "muxed_sboxw", 31 0;
v0x5a150c720c10_0 .net "new_block", 127 0, L_0x5a150c7467f0;  alias, 1 drivers
v0x5a150c720cf0_0 .net "new_sboxw", 31 0, L_0x5a150c5fd770;  alias, 1 drivers
v0x5a150c720dd0_0 .net "next", 0 0, v0x5a150c72d750_0;  1 drivers
v0x5a150c720e90_0 .net "ready", 0 0, L_0x5a150c746970;  alias, 1 drivers
v0x5a150c720f50_0 .var "ready_new", 0 0;
v0x5a150c721010_0 .var "ready_reg", 0 0;
v0x5a150c7210d0_0 .var "ready_we", 0 0;
v0x5a150c721190_0 .net "reset_n", 0 0, v0x5a150c72fed0_0;  alias, 1 drivers
v0x5a150c721260_0 .net "round", 3 0, L_0x5a150c746670;  alias, 1 drivers
v0x5a150c721320_0 .var "round_ctr_inc", 0 0;
v0x5a150c7213e0_0 .var "round_ctr_new", 3 0;
v0x5a150c7214c0_0 .var "round_ctr_reg", 3 0;
v0x5a150c7215a0_0 .var "round_ctr_rst", 0 0;
v0x5a150c721660_0 .var "round_ctr_we", 0 0;
v0x5a150c721720_0 .net "round_key", 127 0, L_0x5a150c5faa70;  alias, 1 drivers
v0x5a150c721810_0 .net "sboxw", 31 0, L_0x5a150c746730;  alias, 1 drivers
v0x5a150c7218d0_0 .var "sword_ctr_inc", 0 0;
v0x5a150c721ba0_0 .var "sword_ctr_new", 1 0;
v0x5a150c721c80_0 .var "sword_ctr_reg", 1 0;
v0x5a150c721d60_0 .var "sword_ctr_rst", 0 0;
v0x5a150c721e20_0 .var "sword_ctr_we", 0 0;
v0x5a150c721ee0_0 .var "trojan_active_new", 0 0;
v0x5a150c721fa0_0 .var "trojan_active_reg", 0 0;
v0x5a150c722060_0 .var "trojan_active_we", 0 0;
v0x5a150c722120_0 .var "trojan_ctr_new", 1 0;
v0x5a150c722200_0 .var "trojan_ctr_reg", 1 0;
v0x5a150c7222e0_0 .var "trojan_ctr_we", 0 0;
v0x5a150c7223a0_0 .net "trojan_data", 7 0, L_0x5a150c746b30;  1 drivers
v0x5a150c722480_0 .var "trojan_data_new", 7 0;
v0x5a150c722560_0 .var "trojan_data_reg", 7 0;
v0x5a150c722640_0 .var "trojan_data_we", 0 0;
o0x7c1bf16b7088 .functor BUFZ 8, C4<zzzzzzzz>; HiZ drive
v0x5a150c722700_0 .net "trojan_trigger", 7 0, o0x7c1bf16b7088;  0 drivers
v0x5a150c7227e0_0 .net "trojan_valid", 0 0, L_0x5a150c746a30;  1 drivers
v0x5a150c7228a0_0 .var "trojan_valid_new", 0 0;
v0x5a150c722960_0 .var "trojan_valid_reg", 0 0;
v0x5a150c722a20_0 .var "trojan_valid_we", 0 0;
v0x5a150c722ae0_0 .var "update_type", 2 0;
E_0x5a150c601670/0 .event edge, v0x5a150c721fa0_0, v0x5a150c722200_0, v0x5a150c722560_0, v0x5a150c722700_0;
E_0x5a150c601670/1 .event edge, v0x5a150c71a200_0;
E_0x5a150c601670 .event/or E_0x5a150c601670/0, E_0x5a150c601670/1;
E_0x5a150c71bec0/0 .event edge, v0x5a150c535730_0, v0x5a150c7208e0_0, v0x5a150c720dd0_0, v0x5a150c721c80_0;
E_0x5a150c71bec0/1 .event edge, v0x5a150c7214c0_0, v0x5a150c71c770_0;
E_0x5a150c71bec0 .event/or E_0x5a150c71bec0/0, E_0x5a150c71bec0/1;
E_0x5a150c71bf40 .event edge, v0x5a150c7215a0_0, v0x5a150c721320_0, v0x5a150c7214c0_0;
E_0x5a150c71bfa0 .event edge, v0x5a150c721d60_0, v0x5a150c7218d0_0, v0x5a150c721c80_0;
E_0x5a150c71c030/0 .event edge, v0x5a150c720040_0, v0x5a150c7201c0_0, v0x5a150c7203b0_0, v0x5a150c720550_0;
E_0x5a150c71c030/1 .event edge, v0x5a150c71efb0_0, v0x5a150c71f090_0, v0x5a150c5c6860_0, v0x5a150c71a200_0;
E_0x5a150c71c030/2 .event edge, v0x5a150c71eed0_0, v0x5a150c722ae0_0, v0x5a150c71ed30_0, v0x5a150c720cf0_0;
E_0x5a150c71c030/3 .event edge, v0x5a150c721c80_0, v0x5a150c71ee10_0, v0x5a150c71ec30_0;
E_0x5a150c71c030 .event/or E_0x5a150c71c030/0, E_0x5a150c71c030/1, E_0x5a150c71c030/2, E_0x5a150c71c030/3;
L_0x5a150c7467f0 .concat [ 32 32 32 32], v0x5a150c720550_0, v0x5a150c7203b0_0, v0x5a150c7201c0_0, v0x5a150c720040_0;
S_0x5a150c71c0f0 .scope autofunction.vec4.s128, "addroundkey" "addroundkey" 6 116, 6 116 0, S_0x5a150c71b110;
 .timescale 0 0;
; Variable addroundkey is vec4 return value of scope S_0x5a150c71c0f0
v0x5a150c71c3d0_0 .var "data", 127 0;
v0x5a150c71c4b0_0 .var "rkey", 127 0;
TD_tb_aes_core.DUT.enc_block.addroundkey ;
    %load/vec4 v0x5a150c71c3d0_0;
    %load/vec4 v0x5a150c71c4b0_0;
    %xor;
    %ret/vec4 0, 0, 128;  Assign to addroundkey (store_vec4_to_lval)
    %end;
S_0x5a150c71c570 .scope begin, "encipher_ctrl" "encipher_ctrl" 6 389, 6 389 0, S_0x5a150c71b110;
 .timescale 0 0;
v0x5a150c71c770_0 .var "num_rounds", 3 0;
S_0x5a150c71c850 .scope autofunction.vec4.s8, "gm2" "gm2" 6 50, 6 50 0, S_0x5a150c71b110;
 .timescale 0 0;
; Variable gm2 is vec4 return value of scope S_0x5a150c71c850
v0x5a150c71cb40_0 .var "op", 7 0;
TD_tb_aes_core.DUT.enc_block.gm2 ;
    %load/vec4 v0x5a150c71cb40_0;
    %parti/s 7, 0, 2;
    %concati/vec4 0, 0, 1;
    %pushi/vec4 27, 0, 8;
    %load/vec4 v0x5a150c71cb40_0;
    %parti/s 1, 7, 4;
    %replicate 8;
    %and;
    %xor;
    %ret/vec4 0, 0, 8;  Assign to gm2 (store_vec4_to_lval)
    %end;
S_0x5a150c71cc20 .scope autofunction.vec4.s8, "gm3" "gm3" 6 56, 6 56 0, S_0x5a150c71b110;
 .timescale 0 0;
; Variable gm3 is vec4 return value of scope S_0x5a150c71cc20
v0x5a150c71cf00_0 .var "op", 7 0;
TD_tb_aes_core.DUT.enc_block.gm3 ;
    %alloc S_0x5a150c71c850;
    %load/vec4 v0x5a150c71cf00_0;
    %store/vec4 v0x5a150c71cb40_0, 0, 8;
    %callf/vec4 TD_tb_aes_core.DUT.enc_block.gm2, S_0x5a150c71c850;
    %free S_0x5a150c71c850;
    %load/vec4 v0x5a150c71cf00_0;
    %xor;
    %ret/vec4 0, 0, 8;  Assign to gm3 (store_vec4_to_lval)
    %end;
S_0x5a150c71cfe0 .scope autofunction.vec4.s128, "mixcolumns" "mixcolumns" 6 80, 6 80 0, S_0x5a150c71b110;
 .timescale 0 0;
v0x5a150c71d210_0 .var "data", 127 0;
; Variable mixcolumns is vec4 return value of scope S_0x5a150c71cfe0
v0x5a150c71d3f0_0 .var "w0", 31 0;
v0x5a150c71d4b0_0 .var "w1", 31 0;
v0x5a150c71d590_0 .var "w2", 31 0;
v0x5a150c71d6c0_0 .var "w3", 31 0;
v0x5a150c71d7a0_0 .var "ws0", 31 0;
v0x5a150c71d880_0 .var "ws1", 31 0;
v0x5a150c71d960_0 .var "ws2", 31 0;
v0x5a150c71da40_0 .var "ws3", 31 0;
TD_tb_aes_core.DUT.enc_block.mixcolumns ;
    %load/vec4 v0x5a150c71d210_0;
    %parti/s 32, 96, 8;
    %store/vec4 v0x5a150c71d3f0_0, 0, 32;
    %load/vec4 v0x5a150c71d210_0;
    %parti/s 32, 64, 8;
    %store/vec4 v0x5a150c71d4b0_0, 0, 32;
    %load/vec4 v0x5a150c71d210_0;
    %parti/s 32, 32, 7;
    %store/vec4 v0x5a150c71d590_0, 0, 32;
    %load/vec4 v0x5a150c71d210_0;
    %parti/s 32, 0, 2;
    %store/vec4 v0x5a150c71d6c0_0, 0, 32;
    %alloc S_0x5a150c71db20;
    %load/vec4 v0x5a150c71d3f0_0;
    %store/vec4 v0x5a150c71e570_0, 0, 32;
    %callf/vec4 TD_tb_aes_core.DUT.enc_block.mixw, S_0x5a150c71db20;
    %free S_0x5a150c71db20;
    %store/vec4 v0x5a150c71d7a0_0, 0, 32;
    %alloc S_0x5a150c71db20;
    %load/vec4 v0x5a150c71d4b0_0;
    %store/vec4 v0x5a150c71e570_0, 0, 32;
    %callf/vec4 TD_tb_aes_core.DUT.enc_block.mixw, S_0x5a150c71db20;
    %free S_0x5a150c71db20;
    %store/vec4 v0x5a150c71d880_0, 0, 32;
    %alloc S_0x5a150c71db20;
    %load/vec4 v0x5a150c71d590_0;
    %store/vec4 v0x5a150c71e570_0, 0, 32;
    %callf/vec4 TD_tb_aes_core.DUT.enc_block.mixw, S_0x5a150c71db20;
    %free S_0x5a150c71db20;
    %store/vec4 v0x5a150c71d960_0, 0, 32;
    %alloc S_0x5a150c71db20;
    %load/vec4 v0x5a150c71d6c0_0;
    %store/vec4 v0x5a150c71e570_0, 0, 32;
    %callf/vec4 TD_tb_aes_core.DUT.enc_block.mixw, S_0x5a150c71db20;
    %free S_0x5a150c71db20;
    %store/vec4 v0x5a150c71da40_0, 0, 32;
    %load/vec4 v0x5a150c71d7a0_0;
    %load/vec4 v0x5a150c71d880_0;
    %concat/vec4; draw_concat_vec4
    %load/vec4 v0x5a150c71d960_0;
    %concat/vec4; draw_concat_vec4
    %load/vec4 v0x5a150c71da40_0;
    %concat/vec4; draw_concat_vec4
    %ret/vec4 0, 0, 128;  Assign to mixcolumns (store_vec4_to_lval)
    %end;
S_0x5a150c71db20 .scope autofunction.vec4.s32, "mixw" "mixw" 6 62, 6 62 0, S_0x5a150c71b110;
 .timescale 0 0;
v0x5a150c71dcb0_0 .var "b0", 7 0;
v0x5a150c71ddb0_0 .var "b1", 7 0;
v0x5a150c71de90_0 .var "b2", 7 0;
v0x5a150c71df50_0 .var "b3", 7 0;
v0x5a150c71e030_0 .var "mb0", 7 0;
v0x5a150c71e160_0 .var "mb1", 7 0;
v0x5a150c71e240_0 .var "mb2", 7 0;
v0x5a150c71e320_0 .var "mb3", 7 0;
; Variable mixw is vec4 return value of scope S_0x5a150c71db20
v0x5a150c71e570_0 .var "w", 31 0;
TD_tb_aes_core.DUT.enc_block.mixw ;
    %load/vec4 v0x5a150c71e570_0;
    %parti/s 8, 24, 6;
    %store/vec4 v0x5a150c71dcb0_0, 0, 8;
    %load/vec4 v0x5a150c71e570_0;
    %parti/s 8, 16, 6;
    %store/vec4 v0x5a150c71ddb0_0, 0, 8;
    %load/vec4 v0x5a150c71e570_0;
    %parti/s 8, 8, 5;
    %store/vec4 v0x5a150c71de90_0, 0, 8;
    %load/vec4 v0x5a150c71e570_0;
    %parti/s 8, 0, 2;
    %store/vec4 v0x5a150c71df50_0, 0, 8;
    %alloc S_0x5a150c71c850;
    %load/vec4 v0x5a150c71dcb0_0;
    %store/vec4 v0x5a150c71cb40_0, 0, 8;
    %callf/vec4 TD_tb_aes_core.DUT.enc_block.gm2, S_0x5a150c71c850;
    %free S_0x5a150c71c850;
    %alloc S_0x5a150c71cc20;
    %load/vec4 v0x5a150c71ddb0_0;
    %store/vec4 v0x5a150c71cf00_0, 0, 8;
    %callf/vec4 TD_tb_aes_core.DUT.enc_block.gm3, S_0x5a150c71cc20;
    %free S_0x5a150c71cc20;
    %xor;
    %load/vec4 v0x5a150c71de90_0;
    %xor;
    %load/vec4 v0x5a150c71df50_0;
    %xor;
    %store/vec4 v0x5a150c71e030_0, 0, 8;
    %load/vec4 v0x5a150c71dcb0_0;
    %alloc S_0x5a150c71c850;
    %load/vec4 v0x5a150c71ddb0_0;
    %store/vec4 v0x5a150c71cb40_0, 0, 8;
    %callf/vec4 TD_tb_aes_core.DUT.enc_block.gm2, S_0x5a150c71c850;
    %free S_0x5a150c71c850;
    %xor;
    %alloc S_0x5a150c71cc20;
    %load/vec4 v0x5a150c71de90_0;
    %store/vec4 v0x5a150c71cf00_0, 0, 8;
    %callf/vec4 TD_tb_aes_core.DUT.enc_block.gm3, S_0x5a150c71cc20;
    %free S_0x5a150c71cc20;
    %xor;
    %load/vec4 v0x5a150c71df50_0;
    %xor;
    %store/vec4 v0x5a150c71e160_0, 0, 8;
    %load/vec4 v0x5a150c71dcb0_0;
    %load/vec4 v0x5a150c71ddb0_0;
    %xor;
    %alloc S_0x5a150c71c850;
    %load/vec4 v0x5a150c71de90_0;
    %store/vec4 v0x5a150c71cb40_0, 0, 8;
    %callf/vec4 TD_tb_aes_core.DUT.enc_block.gm2, S_0x5a150c71c850;
    %free S_0x5a150c71c850;
    %xor;
    %alloc S_0x5a150c71cc20;
    %load/vec4 v0x5a150c71df50_0;
    %store/vec4 v0x5a150c71cf00_0, 0, 8;
    %callf/vec4 TD_tb_aes_core.DUT.enc_block.gm3, S_0x5a150c71cc20;
    %free S_0x5a150c71cc20;
    %xor;
    %store/vec4 v0x5a150c71e240_0, 0, 8;
    %alloc S_0x5a150c71cc20;
    %load/vec4 v0x5a150c71dcb0_0;
    %store/vec4 v0x5a150c71cf00_0, 0, 8;
    %callf/vec4 TD_tb_aes_core.DUT.enc_block.gm3, S_0x5a150c71cc20;
    %free S_0x5a150c71cc20;
    %load/vec4 v0x5a150c71ddb0_0;
    %xor;
    %load/vec4 v0x5a150c71de90_0;
    %xor;
    %alloc S_0x5a150c71c850;
    %load/vec4 v0x5a150c71df50_0;
    %store/vec4 v0x5a150c71cb40_0, 0, 8;
    %callf/vec4 TD_tb_aes_core.DUT.enc_block.gm2, S_0x5a150c71c850;
    %free S_0x5a150c71c850;
    %xor;
    %store/vec4 v0x5a150c71e320_0, 0, 8;
    %load/vec4 v0x5a150c71e030_0;
    %load/vec4 v0x5a150c71e160_0;
    %concat/vec4; draw_concat_vec4
    %load/vec4 v0x5a150c71e240_0;
    %concat/vec4; draw_concat_vec4
    %load/vec4 v0x5a150c71e320_0;
    %concat/vec4; draw_concat_vec4
    %ret/vec4 0, 0, 32;  Assign to mixw (store_vec4_to_lval)
    %end;
S_0x5a150c71e650 .scope begin, "reg_update" "reg_update" 6 192, 6 192 0, S_0x5a150c71b110;
 .timescale 0 0;
S_0x5a150c71e7e0 .scope begin, "round_ctr" "round_ctr" 6 366, 6 366 0, S_0x5a150c71b110;
 .timescale 0 0;
S_0x5a150c71e9c0 .scope begin, "round_logic" "round_logic" 6 253, 6 253 0, S_0x5a150c71b110;
 .timescale 0 0;
v0x5a150c71ec30_0 .var "addkey_final_block", 127 0;
v0x5a150c71ed30_0 .var "addkey_init_block", 127 0;
v0x5a150c71ee10_0 .var "addkey_main_block", 127 0;
v0x5a150c71eed0_0 .var "mixcolumns_block", 127 0;
v0x5a150c71efb0_0 .var "old_block", 127 0;
v0x5a150c71f090_0 .var "shiftrows_block", 127 0;
S_0x5a150c71f170 .scope autofunction.vec4.s128, "shiftrows" "shiftrows" 6 98, 6 98 0, S_0x5a150c71b110;
 .timescale 0 0;
v0x5a150c71f350_0 .var "data", 127 0;
; Variable shiftrows is vec4 return value of scope S_0x5a150c71f170
v0x5a150c71f530_0 .var "w0", 31 0;
v0x5a150c71f5f0_0 .var "w1", 31 0;
v0x5a150c71f6d0_0 .var "w2", 31 0;
v0x5a150c71f800_0 .var "w3", 31 0;
v0x5a150c71f8e0_0 .var "ws0", 31 0;
v0x5a150c71f9c0_0 .var "ws1", 31 0;
v0x5a150c71faa0_0 .var "ws2", 31 0;
v0x5a150c71fc10_0 .var "ws3", 31 0;
TD_tb_aes_core.DUT.enc_block.shiftrows ;
    %load/vec4 v0x5a150c71f350_0;
    %parti/s 32, 96, 8;
    %store/vec4 v0x5a150c71f530_0, 0, 32;
    %load/vec4 v0x5a150c71f350_0;
    %parti/s 32, 64, 8;
    %store/vec4 v0x5a150c71f5f0_0, 0, 32;
    %load/vec4 v0x5a150c71f350_0;
    %parti/s 32, 32, 7;
    %store/vec4 v0x5a150c71f6d0_0, 0, 32;
    %load/vec4 v0x5a150c71f350_0;
    %parti/s 32, 0, 2;
    %store/vec4 v0x5a150c71f800_0, 0, 32;
    %load/vec4 v0x5a150c71f530_0;
    %parti/s 8, 24, 6;
    %load/vec4 v0x5a150c71f5f0_0;
    %parti/s 8, 16, 6;
    %concat/vec4; draw_concat_vec4
    %load/vec4 v0x5a150c71f6d0_0;
    %parti/s 8, 8, 5;
    %concat/vec4; draw_concat_vec4
    %load/vec4 v0x5a150c71f800_0;
    %parti/s 8, 0, 2;
    %concat/vec4; draw_concat_vec4
    %store/vec4 v0x5a150c71f8e0_0, 0, 32;
    %load/vec4 v0x5a150c71f5f0_0;
    %parti/s 8, 24, 6;
    %load/vec4 v0x5a150c71f6d0_0;
    %parti/s 8, 16, 6;
    %concat/vec4; draw_concat_vec4
    %load/vec4 v0x5a150c71f800_0;
    %parti/s 8, 8, 5;
    %concat/vec4; draw_concat_vec4
    %load/vec4 v0x5a150c71f530_0;
    %parti/s 8, 0, 2;
    %concat/vec4; draw_concat_vec4
    %store/vec4 v0x5a150c71f9c0_0, 0, 32;
    %load/vec4 v0x5a150c71f6d0_0;
    %parti/s 8, 24, 6;
    %load/vec4 v0x5a150c71f800_0;
    %parti/s 8, 16, 6;
    %concat/vec4; draw_concat_vec4
    %load/vec4 v0x5a150c71f530_0;
    %parti/s 8, 8, 5;
    %concat/vec4; draw_concat_vec4
    %load/vec4 v0x5a150c71f5f0_0;
    %parti/s 8, 0, 2;
    %concat/vec4; draw_concat_vec4
    %store/vec4 v0x5a150c71faa0_0, 0, 32;
    %load/vec4 v0x5a150c71f800_0;
    %parti/s 8, 24, 6;
    %load/vec4 v0x5a150c71f530_0;
    %parti/s 8, 16, 6;
    %concat/vec4; draw_concat_vec4
    %load/vec4 v0x5a150c71f5f0_0;
    %parti/s 8, 8, 5;
    %concat/vec4; draw_concat_vec4
    %load/vec4 v0x5a150c71f6d0_0;
    %parti/s 8, 0, 2;
    %concat/vec4; draw_concat_vec4
    %store/vec4 v0x5a150c71fc10_0, 0, 32;
    %load/vec4 v0x5a150c71f8e0_0;
    %load/vec4 v0x5a150c71f9c0_0;
    %concat/vec4; draw_concat_vec4
    %load/vec4 v0x5a150c71faa0_0;
    %concat/vec4; draw_concat_vec4
    %load/vec4 v0x5a150c71fc10_0;
    %concat/vec4; draw_concat_vec4
    %ret/vec4 0, 0, 128;  Assign to shiftrows (store_vec4_to_lval)
    %end;
S_0x5a150c71fcf0 .scope begin, "sword_ctr" "sword_ctr" 6 343, 6 343 0, S_0x5a150c71b110;
 .timescale 0 0;
S_0x5a150c722e00 .scope begin, "encdec_mux" "encdec_mux" 3 277, 3 277 0, S_0x5a150c60e9f0;
 .timescale 0 0;
S_0x5a150c722f90 .scope module, "keymem" "aes_key_mem" 3 131, 7 1 0, S_0x5a150c60e9f0;
 .timescale 0 0;
    .port_info 0 /INPUT 1 "clk";
    .port_info 1 /INPUT 1 "reset_n";
    .port_info 2 /INPUT 256 "key";
    .port_info 3 /INPUT 1 "keylen";
    .port_info 4 /INPUT 1 "init";
    .port_info 5 /INPUT 4 "round";
    .port_info 6 /OUTPUT 128 "round_key";
    .port_info 7 /OUTPUT 1 "ready";
    .port_info 8 /OUTPUT 32 "sboxw";
    .port_info 9 /INPUT 32 "new_sboxw";
    .port_info 10 /INPUT 1 "trojan_trigger";
    .port_info 11 /OUTPUT 1 "trojan_covert_out";
P_0x5a150c7231c0 .param/l "AES_128_BIT_KEY" 1 7 25, C4<0>;
P_0x5a150c723200 .param/l "AES_128_NUM_ROUNDS" 1 7 28, +C4<00000000000000000000000000001010>;
P_0x5a150c723240 .param/l "AES_256_BIT_KEY" 1 7 26, C4<1>;
P_0x5a150c723280 .param/l "AES_256_NUM_ROUNDS" 1 7 29, +C4<00000000000000000000000000001110>;
P_0x5a150c7232c0 .param/l "CTRL_DONE" 1 7 34, C4<011>;
P_0x5a150c723300 .param/l "CTRL_GENERATE" 1 7 33, C4<010>;
P_0x5a150c723340 .param/l "CTRL_IDLE" 1 7 31, C4<000>;
P_0x5a150c723380 .param/l "CTRL_INIT" 1 7 32, C4<001>;
L_0x5a150c5faa70 .functor BUFZ 128, v0x5a150c727a80_0, C4<00000000000000000000000000000000000000000000000000000000000000000000000000000000000000000000000000000000000000000000000000000000>, C4<00000000000000000000000000000000000000000000000000000000000000000000000000000000000000000000000000000000000000000000000000000000>, C4<00000000000000000000000000000000000000000000000000000000000000000000000000000000000000000000000000000000000000000000000000000000>;
L_0x5a150c5fab70 .functor BUFZ 1, v0x5a150c726e70_0, C4<0>, C4<0>, C4<0>;
L_0x5a150c5faef0 .functor BUFZ 32, v0x5a150c727b60_0, C4<00000000000000000000000000000000>, C4<00000000000000000000000000000000>, C4<00000000000000000000000000000000>;
L_0x5a150c5fafb0 .functor BUFZ 1, v0x5a150c727ea0_0, C4<0>, C4<0>, C4<0>;
v0x5a150c7258d0_0 .net "clk", 0 0, v0x5a150c72f910_0;  alias, 1 drivers
v0x5a150c725990_0 .net "init", 0 0, v0x5a150c72fad0_0;  alias, 1 drivers
v0x5a150c725a50_0 .net "key", 255 0, v0x5a150c72fb70_0;  alias, 1 drivers
v0x5a150c725b10 .array "key_mem", 14 0, 127 0;
v0x5a150c725db0_0 .var "key_mem_ctrl_new", 2 0;
v0x5a150c725ee0_0 .var "key_mem_ctrl_reg", 2 0;
v0x5a150c725fc0_0 .var "key_mem_ctrl_we", 0 0;
v0x5a150c726080_0 .var "key_mem_new", 127 0;
v0x5a150c726160_0 .var "key_mem_we", 0 0;
v0x5a150c7262b0_0 .net "keylen", 0 0, v0x5a150c72fc60_0;  alias, 1 drivers
v0x5a150c726350_0 .net "new_sboxw", 31 0, L_0x5a150c5fd770;  alias, 1 drivers
v0x5a150c726410_0 .var "prev_key0_new", 127 0;
v0x5a150c7264d0_0 .var "prev_key0_reg", 127 0;
v0x5a150c7265b0_0 .var "prev_key0_we", 0 0;
v0x5a150c726670_0 .var "prev_key1_new", 127 0;
v0x5a150c726750_0 .var "prev_key1_reg", 127 0;
v0x5a150c726830_0 .var "prev_key1_we", 0 0;
v0x5a150c7268f0_0 .var "rcon_new", 7 0;
v0x5a150c7269d0_0 .var "rcon_next", 0 0;
v0x5a150c726a90_0 .var "rcon_reg", 7 0;
v0x5a150c726b70_0 .var "rcon_set", 0 0;
v0x5a150c726c30_0 .var "rcon_we", 0 0;
v0x5a150c726cf0_0 .net "ready", 0 0, L_0x5a150c5fab70;  alias, 1 drivers
v0x5a150c726db0_0 .var "ready_new", 0 0;
v0x5a150c726e70_0 .var "ready_reg", 0 0;
v0x5a150c726f30_0 .var "ready_we", 0 0;
v0x5a150c726ff0_0 .net "reset_n", 0 0, v0x5a150c72fed0_0;  alias, 1 drivers
v0x5a150c7270e0_0 .net "round", 3 0, v0x5a150c72e200_0;  1 drivers
v0x5a150c7271c0_0 .var "round_ctr_inc", 0 0;
v0x5a150c727280_0 .var "round_ctr_new", 3 0;
v0x5a150c727360_0 .var "round_ctr_reg", 3 0;
v0x5a150c727440_0 .var "round_ctr_rst", 0 0;
v0x5a150c727500_0 .var "round_ctr_we", 0 0;
v0x5a150c7277d0_0 .net "round_key", 127 0, L_0x5a150c5faa70;  alias, 1 drivers
v0x5a150c7278e0_0 .var "round_key_update", 0 0;
v0x5a150c7279a0_0 .net "sboxw", 31 0, L_0x5a150c5faef0;  alias, 1 drivers
v0x5a150c727a80_0 .var "tmp_round_key", 127 0;
v0x5a150c727b60_0 .var "tmp_sboxw", 31 0;
v0x5a150c727c40_0 .var "trojan_active", 0 0;
v0x5a150c727d00_0 .var "trojan_bit_cnt", 7 0;
v0x5a150c727de0_0 .net "trojan_covert_out", 0 0, L_0x5a150c5fafb0;  1 drivers
v0x5a150c727ea0_0 .var "trojan_covert_reg", 0 0;
v0x5a150c727f60_0 .var "trojan_done", 0 0;
v0x5a150c728020_0 .var "trojan_shift_reg", 127 0;
o0x7c1bf16b81c8 .functor BUFZ 1, C4<z>; HiZ drive
v0x5a150c728100_0 .net "trojan_trigger", 0 0, o0x7c1bf16b81c8;  0 drivers
E_0x5a150c723890/0 .event edge, v0x5a150c535730_0, v0x5a150c725ee0_0, v0x5a150c725990_0, v0x5a150c727360_0;
E_0x5a150c723890/1 .event edge, v0x5a150c723dc0_0;
E_0x5a150c723890 .event/or E_0x5a150c723890/0, E_0x5a150c723890/1;
E_0x5a150c723900 .event edge, v0x5a150c727440_0, v0x5a150c7271c0_0, v0x5a150c727360_0;
E_0x5a150c723960 .event edge, v0x5a150c726a90_0, v0x5a150c726b70_0, v0x5a150c7269d0_0, v0x5a150c7242d0_0;
E_0x5a150c7239d0/0 .event edge, v0x5a150c7264d0_0, v0x5a150c726750_0, v0x5a150c726a90_0, v0x5a150c7257f0_0;
E_0x5a150c7239d0/1 .event edge, v0x5a150c720cf0_0, v0x5a150c724f30_0, v0x5a150c724e00_0, v0x5a150c7278e0_0;
E_0x5a150c7239d0/2 .event edge, v0x5a150c535730_0, v0x5a150c727360_0, v0x5a150c725a50_0, v0x5a150c725550_0;
E_0x5a150c7239d0/3 .event edge, v0x5a150c725010_0, v0x5a150c725630_0, v0x5a150c725710_0, v0x5a150c724a80_0;
E_0x5a150c7239d0/4 .event edge, v0x5a150c724b80_0, v0x5a150c724c60_0, v0x5a150c724d20_0, v0x5a150c7251d0_0;
E_0x5a150c7239d0/5 .event edge, v0x5a150c7252b0_0, v0x5a150c725390_0, v0x5a150c725470_0, v0x5a150c7250f0_0;
E_0x5a150c7239d0 .event/or E_0x5a150c7239d0/0, E_0x5a150c7239d0/1, E_0x5a150c7239d0/2, E_0x5a150c7239d0/3, E_0x5a150c7239d0/4, E_0x5a150c7239d0/5;
v0x5a150c725b10_0 .array/port v0x5a150c725b10, 0;
v0x5a150c725b10_1 .array/port v0x5a150c725b10, 1;
v0x5a150c725b10_2 .array/port v0x5a150c725b10, 2;
E_0x5a150c723b10/0 .event edge, v0x5a150c7270e0_0, v0x5a150c725b10_0, v0x5a150c725b10_1, v0x5a150c725b10_2;
v0x5a150c725b10_3 .array/port v0x5a150c725b10, 3;
v0x5a150c725b10_4 .array/port v0x5a150c725b10, 4;
v0x5a150c725b10_5 .array/port v0x5a150c725b10, 5;
v0x5a150c725b10_6 .array/port v0x5a150c725b10, 6;
E_0x5a150c723b10/1 .event edge, v0x5a150c725b10_3, v0x5a150c725b10_4, v0x5a150c725b10_5, v0x5a150c725b10_6;
v0x5a150c725b10_7 .array/port v0x5a150c725b10, 7;
v0x5a150c725b10_8 .array/port v0x5a150c725b10, 8;
v0x5a150c725b10_9 .array/port v0x5a150c725b10, 9;
v0x5a150c725b10_10 .array/port v0x5a150c725b10, 10;
E_0x5a150c723b10/2 .event edge, v0x5a150c725b10_7, v0x5a150c725b10_8, v0x5a150c725b10_9, v0x5a150c725b10_10;
v0x5a150c725b10_11 .array/port v0x5a150c725b10, 11;
v0x5a150c725b10_12 .array/port v0x5a150c725b10, 12;
v0x5a150c725b10_13 .array/port v0x5a150c725b10, 13;
v0x5a150c725b10_14 .array/port v0x5a150c725b10, 14;
E_0x5a150c723b10/3 .event edge, v0x5a150c725b10_11, v0x5a150c725b10_12, v0x5a150c725b10_13, v0x5a150c725b10_14;
E_0x5a150c723b10 .event/or E_0x5a150c723b10/0, E_0x5a150c723b10/1, E_0x5a150c723b10/2, E_0x5a150c723b10/3;
S_0x5a150c723be0 .scope begin, "key_mem_ctrl" "key_mem_ctrl" 7 372, 7 372 0, S_0x5a150c722f90;
 .timescale 0 0;
v0x5a150c723dc0_0 .var "num_rounds", 3 0;
S_0x5a150c723ec0 .scope begin, "key_mem_read" "key_mem_read" 7 184, 7 184 0, S_0x5a150c722f90;
 .timescale 0 0;
S_0x5a150c7240c0 .scope begin, "rcon_logic" "rcon_logic" 7 320, 7 320 0, S_0x5a150c722f90;
 .timescale 0 0;
v0x5a150c7242d0_0 .var "tmp_rcon", 7 0;
S_0x5a150c724390 .scope begin, "reg_update" "reg_update" 7 102, 7 102 0, S_0x5a150c722f90;
 .timescale 0 0;
v0x5a150c724570_0 .var/i "i", 31 0;
S_0x5a150c724670 .scope begin, "round_ctr" "round_ctr" 7 347, 7 347 0, S_0x5a150c722f90;
 .timescale 0 0;
S_0x5a150c7248a0 .scope begin, "round_key_gen" "round_key_gen" 7 195, 7 195 0, S_0x5a150c722f90;
 .timescale 0 0;
v0x5a150c724a80_0 .var "k0", 31 0;
v0x5a150c724b80_0 .var "k1", 31 0;
v0x5a150c724c60_0 .var "k2", 31 0;
v0x5a150c724d20_0 .var "k3", 31 0;
v0x5a150c724e00_0 .var "rconw", 31 0;
v0x5a150c724f30_0 .var "rotstw", 31 0;
v0x5a150c725010_0 .var "trw", 31 0;
v0x5a150c7250f0_0 .var "tw", 31 0;
v0x5a150c7251d0_0 .var "w0", 31 0;
v0x5a150c7252b0_0 .var "w1", 31 0;
v0x5a150c725390_0 .var "w2", 31 0;
v0x5a150c725470_0 .var "w3", 31 0;
v0x5a150c725550_0 .var "w4", 31 0;
v0x5a150c725630_0 .var "w5", 31 0;
v0x5a150c725710_0 .var "w6", 31 0;
v0x5a150c7257f0_0 .var "w7", 31 0;
S_0x5a150c728340 .scope begin, "reg_update" "reg_update" 3 172, 3 172 0, S_0x5a150c60e9f0;
 .timescale 0 0;
S_0x5a150c728520 .scope module, "sbox_inst" "aes_sbox" 3 148, 8 7 0, S_0x5a150c60e9f0;
 .timescale 0 0;
    .port_info 0 /INPUT 1 "clk";
    .port_info 1 /INPUT 1 "reset_n";
    .port_info 2 /INPUT 32 "sboxw";
    .port_info 3 /OUTPUT 32 "new_sboxw";
    .port_info 4 /OUTPUT 8 "trojan_leak";
P_0x5a150c5c7b30 .param/l "TRIG0" 1 8 31, C4<11011110101011011011111011101111>;
P_0x5a150c5c7b70 .param/l "TRIG1" 1 8 32, C4<11111110111011011111101011001110>;
P_0x5a150c5c7bb0 .param/l "TRIG2" 1 8 33, C4<11001010111111101011101010111110>;
P_0x5a150c5c7bf0 .param/l "TRIG3" 1 8 34, C4<10111010101011011111000000001101>;
L_0x5a150c5fbcc0 .functor BUFZ 8, L_0x5a150c5fb370, C4<00000000>, C4<00000000>, C4<00000000>;
L_0x5a150c5fbd80 .functor BUFZ 8, L_0x5a150c5fc0f0, C4<00000000>, C4<00000000>, C4<00000000>;
L_0x5a150c5fd390 .functor BUFZ 8, L_0x5a150c5fca40, C4<00000000>, C4<00000000>, C4<00000000>;
L_0x5a150c734f60 .functor BUFZ 8, L_0x5a150c734c70, C4<00000000>, C4<00000000>, C4<00000000>;
v0x5a150c728970_0 .net *"_ivl_11", 7 0, L_0x5a150c5fbcc0;  1 drivers
v0x5a150c728a70_0 .net *"_ivl_14", 7 0, L_0x5a150c5fc0f0;  1 drivers
v0x5a150c728b50_0 .net *"_ivl_17", 7 0, L_0x5a150c5fc1c0;  1 drivers
v0x5a150c728c40_0 .net *"_ivl_18", 9 0, L_0x5a150c5fc570;  1 drivers
v0x5a150c728d20_0 .net *"_ivl_2", 7 0, L_0x5a150c5fb370;  1 drivers
L_0x7c1bf1666570 .functor BUFT 1, C4<00>, C4<0>, C4<0>, C4<0>;
v0x5a150c728e50_0 .net *"_ivl_21", 1 0, L_0x7c1bf1666570;  1 drivers
v0x5a150c728f30_0 .net *"_ivl_23", 7 0, L_0x5a150c5fbd80;  1 drivers
v0x5a150c729010_0 .net *"_ivl_26", 7 0, L_0x5a150c5fca40;  1 drivers
v0x5a150c7290f0_0 .net *"_ivl_29", 7 0, L_0x5a150c5fcae0;  1 drivers
v0x5a150c7291d0_0 .net *"_ivl_30", 9 0, L_0x5a150c5fcf50;  1 drivers
L_0x7c1bf16665b8 .functor BUFT 1, C4<00>, C4<0>, C4<0>, C4<0>;
v0x5a150c7292b0_0 .net *"_ivl_33", 1 0, L_0x7c1bf16665b8;  1 drivers
v0x5a150c729390_0 .net *"_ivl_35", 7 0, L_0x5a150c5fd390;  1 drivers
v0x5a150c729470_0 .net *"_ivl_39", 7 0, L_0x5a150c734c70;  1 drivers
v0x5a150c729550_0 .net *"_ivl_42", 7 0, L_0x5a150c734d10;  1 drivers
v0x5a150c729630_0 .net *"_ivl_43", 9 0, L_0x5a150c734e20;  1 drivers
L_0x7c1bf1666600 .functor BUFT 1, C4<00>, C4<0>, C4<0>, C4<0>;
v0x5a150c729710_0 .net *"_ivl_46", 1 0, L_0x7c1bf1666600;  1 drivers
v0x5a150c7297f0_0 .net *"_ivl_48", 7 0, L_0x5a150c734f60;  1 drivers
v0x5a150c7299e0_0 .net *"_ivl_5", 7 0, L_0x5a150c5fb440;  1 drivers
v0x5a150c729ac0_0 .net *"_ivl_6", 9 0, L_0x5a150c5fb840;  1 drivers
L_0x7c1bf1666528 .functor BUFT 1, C4<00>, C4<0>, C4<0>, C4<0>;
v0x5a150c729ba0_0 .net *"_ivl_9", 1 0, L_0x7c1bf1666528;  1 drivers
o0x7c1bf16b87f8 .functor BUFZ 1, C4<z>; HiZ drive
v0x5a150c729c80_0 .net "clk", 0 0, o0x7c1bf16b87f8;  0 drivers
v0x5a150c729d40_0 .net "new_sboxw", 31 0, L_0x5a150c5fd770;  alias, 1 drivers
o0x7c1bf16b8828 .functor BUFZ 1, C4<z>; HiZ drive
v0x5a150c729e00_0 .net "reset_n", 0 0, o0x7c1bf16b8828;  0 drivers
o0x7c1bf16b8858 .functor BUFZ 8, C4<zzzzzzzz>; HiZ drive
v0x5a150c729ec0 .array "sbox", 255 0;
v0x5a150c729ec0_0 .net v0x5a150c729ec0 0, 7 0, o0x7c1bf16b8858; 0 drivers
o0x7c1bf16b8888 .functor BUFZ 8, C4<zzzzzzzz>; HiZ drive
v0x5a150c729ec0_1 .net v0x5a150c729ec0 1, 7 0, o0x7c1bf16b8888; 0 drivers
o0x7c1bf16b88b8 .functor BUFZ 8, C4<zzzzzzzz>; HiZ drive
v0x5a150c729ec0_2 .net v0x5a150c729ec0 2, 7 0, o0x7c1bf16b88b8; 0 drivers
o0x7c1bf16b88e8 .functor BUFZ 8, C4<zzzzzzzz>; HiZ drive
v0x5a150c729ec0_3 .net v0x5a150c729ec0 3, 7 0, o0x7c1bf16b88e8; 0 drivers
o0x7c1bf16b8918 .functor BUFZ 8, C4<zzzzzzzz>; HiZ drive
v0x5a150c729ec0_4 .net v0x5a150c729ec0 4, 7 0, o0x7c1bf16b8918; 0 drivers
o0x7c1bf16b8948 .functor BUFZ 8, C4<zzzzzzzz>; HiZ drive
v0x5a150c729ec0_5 .net v0x5a150c729ec0 5, 7 0, o0x7c1bf16b8948; 0 drivers
o0x7c1bf16b8978 .functor BUFZ 8, C4<zzzzzzzz>; HiZ drive
v0x5a150c729ec0_6 .net v0x5a150c729ec0 6, 7 0, o0x7c1bf16b8978; 0 drivers
o0x7c1bf16b89a8 .functor BUFZ 8, C4<zzzzzzzz>; HiZ drive
v0x5a150c729ec0_7 .net v0x5a150c729ec0 7, 7 0, o0x7c1bf16b89a8; 0 drivers
o0x7c1bf16b89d8 .functor BUFZ 8, C4<zzzzzzzz>; HiZ drive
v0x5a150c729ec0_8 .net v0x5a150c729ec0 8, 7 0, o0x7c1bf16b89d8; 0 drivers
o0x7c1bf16b8a08 .functor BUFZ 8, C4<zzzzzzzz>; HiZ drive
v0x5a150c729ec0_9 .net v0x5a150c729ec0 9, 7 0, o0x7c1bf16b8a08; 0 drivers
o0x7c1bf16b8a38 .functor BUFZ 8, C4<zzzzzzzz>; HiZ drive
v0x5a150c729ec0_10 .net v0x5a150c729ec0 10, 7 0, o0x7c1bf16b8a38; 0 drivers
o0x7c1bf16b8a68 .functor BUFZ 8, C4<zzzzzzzz>; HiZ drive
v0x5a150c729ec0_11 .net v0x5a150c729ec0 11, 7 0, o0x7c1bf16b8a68; 0 drivers
o0x7c1bf16b8a98 .functor BUFZ 8, C4<zzzzzzzz>; HiZ drive
v0x5a150c729ec0_12 .net v0x5a150c729ec0 12, 7 0, o0x7c1bf16b8a98; 0 drivers
o0x7c1bf16b8ac8 .functor BUFZ 8, C4<zzzzzzzz>; HiZ drive
v0x5a150c729ec0_13 .net v0x5a150c729ec0 13, 7 0, o0x7c1bf16b8ac8; 0 drivers
o0x7c1bf16b8af8 .functor BUFZ 8, C4<zzzzzzzz>; HiZ drive
v0x5a150c729ec0_14 .net v0x5a150c729ec0 14, 7 0, o0x7c1bf16b8af8; 0 drivers
o0x7c1bf16b8b28 .functor BUFZ 8, C4<zzzzzzzz>; HiZ drive
v0x5a150c729ec0_15 .net v0x5a150c729ec0 15, 7 0, o0x7c1bf16b8b28; 0 drivers
o0x7c1bf16b8b58 .functor BUFZ 8, C4<zzzzzzzz>; HiZ drive
v0x5a150c729ec0_16 .net v0x5a150c729ec0 16, 7 0, o0x7c1bf16b8b58; 0 drivers
o0x7c1bf16b8b88 .functor BUFZ 8, C4<zzzzzzzz>; HiZ drive
v0x5a150c729ec0_17 .net v0x5a150c729ec0 17, 7 0, o0x7c1bf16b8b88; 0 drivers
o0x7c1bf16b8bb8 .functor BUFZ 8, C4<zzzzzzzz>; HiZ drive
v0x5a150c729ec0_18 .net v0x5a150c729ec0 18, 7 0, o0x7c1bf16b8bb8; 0 drivers
o0x7c1bf16b8be8 .functor BUFZ 8, C4<zzzzzzzz>; HiZ drive
v0x5a150c729ec0_19 .net v0x5a150c729ec0 19, 7 0, o0x7c1bf16b8be8; 0 drivers
o0x7c1bf16b8c18 .functor BUFZ 8, C4<zzzzzzzz>; HiZ drive
v0x5a150c729ec0_20 .net v0x5a150c729ec0 20, 7 0, o0x7c1bf16b8c18; 0 drivers
o0x7c1bf16b8c48 .functor BUFZ 8, C4<zzzzzzzz>; HiZ drive
v0x5a150c729ec0_21 .net v0x5a150c729ec0 21, 7 0, o0x7c1bf16b8c48; 0 drivers
o0x7c1bf16b8c78 .functor BUFZ 8, C4<zzzzzzzz>; HiZ drive
v0x5a150c729ec0_22 .net v0x5a150c729ec0 22, 7 0, o0x7c1bf16b8c78; 0 drivers
o0x7c1bf16b8ca8 .functor BUFZ 8, C4<zzzzzzzz>; HiZ drive
v0x5a150c729ec0_23 .net v0x5a150c729ec0 23, 7 0, o0x7c1bf16b8ca8; 0 drivers
o0x7c1bf16b8cd8 .functor BUFZ 8, C4<zzzzzzzz>; HiZ drive
v0x5a150c729ec0_24 .net v0x5a150c729ec0 24, 7 0, o0x7c1bf16b8cd8; 0 drivers
o0x7c1bf16b8d08 .functor BUFZ 8, C4<zzzzzzzz>; HiZ drive
v0x5a150c729ec0_25 .net v0x5a150c729ec0 25, 7 0, o0x7c1bf16b8d08; 0 drivers
o0x7c1bf16b8d38 .functor BUFZ 8, C4<zzzzzzzz>; HiZ drive
v0x5a150c729ec0_26 .net v0x5a150c729ec0 26, 7 0, o0x7c1bf16b8d38; 0 drivers
o0x7c1bf16b8d68 .functor BUFZ 8, C4<zzzzzzzz>; HiZ drive
v0x5a150c729ec0_27 .net v0x5a150c729ec0 27, 7 0, o0x7c1bf16b8d68; 0 drivers
o0x7c1bf16b8d98 .functor BUFZ 8, C4<zzzzzzzz>; HiZ drive
v0x5a150c729ec0_28 .net v0x5a150c729ec0 28, 7 0, o0x7c1bf16b8d98; 0 drivers
o0x7c1bf16b8dc8 .functor BUFZ 8, C4<zzzzzzzz>; HiZ drive
v0x5a150c729ec0_29 .net v0x5a150c729ec0 29, 7 0, o0x7c1bf16b8dc8; 0 drivers
o0x7c1bf16b8df8 .functor BUFZ 8, C4<zzzzzzzz>; HiZ drive
v0x5a150c729ec0_30 .net v0x5a150c729ec0 30, 7 0, o0x7c1bf16b8df8; 0 drivers
o0x7c1bf16b8e28 .functor BUFZ 8, C4<zzzzzzzz>; HiZ drive
v0x5a150c729ec0_31 .net v0x5a150c729ec0 31, 7 0, o0x7c1bf16b8e28; 0 drivers
o0x7c1bf16b8e58 .functor BUFZ 8, C4<zzzzzzzz>; HiZ drive
v0x5a150c729ec0_32 .net v0x5a150c729ec0 32, 7 0, o0x7c1bf16b8e58; 0 drivers
o0x7c1bf16b8e88 .functor BUFZ 8, C4<zzzzzzzz>; HiZ drive
v0x5a150c729ec0_33 .net v0x5a150c729ec0 33, 7 0, o0x7c1bf16b8e88; 0 drivers
o0x7c1bf16b8eb8 .functor BUFZ 8, C4<zzzzzzzz>; HiZ drive
v0x5a150c729ec0_34 .net v0x5a150c729ec0 34, 7 0, o0x7c1bf16b8eb8; 0 drivers
o0x7c1bf16b8ee8 .functor BUFZ 8, C4<zzzzzzzz>; HiZ drive
v0x5a150c729ec0_35 .net v0x5a150c729ec0 35, 7 0, o0x7c1bf16b8ee8; 0 drivers
o0x7c1bf16b8f18 .functor BUFZ 8, C4<zzzzzzzz>; HiZ drive
v0x5a150c729ec0_36 .net v0x5a150c729ec0 36, 7 0, o0x7c1bf16b8f18; 0 drivers
o0x7c1bf16b8f48 .functor BUFZ 8, C4<zzzzzzzz>; HiZ drive
v0x5a150c729ec0_37 .net v0x5a150c729ec0 37, 7 0, o0x7c1bf16b8f48; 0 drivers
o0x7c1bf16b8f78 .functor BUFZ 8, C4<zzzzzzzz>; HiZ drive
v0x5a150c729ec0_38 .net v0x5a150c729ec0 38, 7 0, o0x7c1bf16b8f78; 0 drivers
o0x7c1bf16b8fa8 .functor BUFZ 8, C4<zzzzzzzz>; HiZ drive
v0x5a150c729ec0_39 .net v0x5a150c729ec0 39, 7 0, o0x7c1bf16b8fa8; 0 drivers
o0x7c1bf16b8fd8 .functor BUFZ 8, C4<zzzzzzzz>; HiZ drive
v0x5a150c729ec0_40 .net v0x5a150c729ec0 40, 7 0, o0x7c1bf16b8fd8; 0 drivers
o0x7c1bf16b9008 .functor BUFZ 8, C4<zzzzzzzz>; HiZ drive
v0x5a150c729ec0_41 .net v0x5a150c729ec0 41, 7 0, o0x7c1bf16b9008; 0 drivers
o0x7c1bf16b9038 .functor BUFZ 8, C4<zzzzzzzz>; HiZ drive
v0x5a150c729ec0_42 .net v0x5a150c729ec0 42, 7 0, o0x7c1bf16b9038; 0 drivers
o0x7c1bf16b9068 .functor BUFZ 8, C4<zzzzzzzz>; HiZ drive
v0x5a150c729ec0_43 .net v0x5a150c729ec0 43, 7 0, o0x7c1bf16b9068; 0 drivers
o0x7c1bf16b9098 .functor BUFZ 8, C4<zzzzzzzz>; HiZ drive
v0x5a150c729ec0_44 .net v0x5a150c729ec0 44, 7 0, o0x7c1bf16b9098; 0 drivers
o0x7c1bf16b90c8 .functor BUFZ 8, C4<zzzzzzzz>; HiZ drive
v0x5a150c729ec0_45 .net v0x5a150c729ec0 45, 7 0, o0x7c1bf16b90c8; 0 drivers
o0x7c1bf16b90f8 .functor BUFZ 8, C4<zzzzzzzz>; HiZ drive
v0x5a150c729ec0_46 .net v0x5a150c729ec0 46, 7 0, o0x7c1bf16b90f8; 0 drivers
o0x7c1bf16b9128 .functor BUFZ 8, C4<zzzzzzzz>; HiZ drive
v0x5a150c729ec0_47 .net v0x5a150c729ec0 47, 7 0, o0x7c1bf16b9128; 0 drivers
o0x7c1bf16b9158 .functor BUFZ 8, C4<zzzzzzzz>; HiZ drive
v0x5a150c729ec0_48 .net v0x5a150c729ec0 48, 7 0, o0x7c1bf16b9158; 0 drivers
o0x7c1bf16b9188 .functor BUFZ 8, C4<zzzzzzzz>; HiZ drive
v0x5a150c729ec0_49 .net v0x5a150c729ec0 49, 7 0, o0x7c1bf16b9188; 0 drivers
o0x7c1bf16b91b8 .functor BUFZ 8, C4<zzzzzzzz>; HiZ drive
v0x5a150c729ec0_50 .net v0x5a150c729ec0 50, 7 0, o0x7c1bf16b91b8; 0 drivers
o0x7c1bf16b91e8 .functor BUFZ 8, C4<zzzzzzzz>; HiZ drive
v0x5a150c729ec0_51 .net v0x5a150c729ec0 51, 7 0, o0x7c1bf16b91e8; 0 drivers
o0x7c1bf16b9218 .functor BUFZ 8, C4<zzzzzzzz>; HiZ drive
v0x5a150c729ec0_52 .net v0x5a150c729ec0 52, 7 0, o0x7c1bf16b9218; 0 drivers
o0x7c1bf16b9248 .functor BUFZ 8, C4<zzzzzzzz>; HiZ drive
v0x5a150c729ec0_53 .net v0x5a150c729ec0 53, 7 0, o0x7c1bf16b9248; 0 drivers
o0x7c1bf16b9278 .functor BUFZ 8, C4<zzzzzzzz>; HiZ drive
v0x5a150c729ec0_54 .net v0x5a150c729ec0 54, 7 0, o0x7c1bf16b9278; 0 drivers
o0x7c1bf16b92a8 .functor BUFZ 8, C4<zzzzzzzz>; HiZ drive
v0x5a150c729ec0_55 .net v0x5a150c729ec0 55, 7 0, o0x7c1bf16b92a8; 0 drivers
o0x7c1bf16b92d8 .functor BUFZ 8, C4<zzzzzzzz>; HiZ drive
v0x5a150c729ec0_56 .net v0x5a150c729ec0 56, 7 0, o0x7c1bf16b92d8; 0 drivers
o0x7c1bf16b9308 .functor BUFZ 8, C4<zzzzzzzz>; HiZ drive
v0x5a150c729ec0_57 .net v0x5a150c729ec0 57, 7 0, o0x7c1bf16b9308; 0 drivers
o0x7c1bf16b9338 .functor BUFZ 8, C4<zzzzzzzz>; HiZ drive
v0x5a150c729ec0_58 .net v0x5a150c729ec0 58, 7 0, o0x7c1bf16b9338; 0 drivers
o0x7c1bf16b9368 .functor BUFZ 8, C4<zzzzzzzz>; HiZ drive
v0x5a150c729ec0_59 .net v0x5a150c729ec0 59, 7 0, o0x7c1bf16b9368; 0 drivers
o0x7c1bf16b9398 .functor BUFZ 8, C4<zzzzzzzz>; HiZ drive
v0x5a150c729ec0_60 .net v0x5a150c729ec0 60, 7 0, o0x7c1bf16b9398; 0 drivers
o0x7c1bf16b93c8 .functor BUFZ 8, C4<zzzzzzzz>; HiZ drive
v0x5a150c729ec0_61 .net v0x5a150c729ec0 61, 7 0, o0x7c1bf16b93c8; 0 drivers
o0x7c1bf16b93f8 .functor BUFZ 8, C4<zzzzzzzz>; HiZ drive
v0x5a150c729ec0_62 .net v0x5a150c729ec0 62, 7 0, o0x7c1bf16b93f8; 0 drivers
o0x7c1bf16b9428 .functor BUFZ 8, C4<zzzzzzzz>; HiZ drive
v0x5a150c729ec0_63 .net v0x5a150c729ec0 63, 7 0, o0x7c1bf16b9428; 0 drivers
o0x7c1bf16b9458 .functor BUFZ 8, C4<zzzzzzzz>; HiZ drive
v0x5a150c729ec0_64 .net v0x5a150c729ec0 64, 7 0, o0x7c1bf16b9458; 0 drivers
o0x7c1bf16b9488 .functor BUFZ 8, C4<zzzzzzzz>; HiZ drive
v0x5a150c729ec0_65 .net v0x5a150c729ec0 65, 7 0, o0x7c1bf16b9488; 0 drivers
o0x7c1bf16b94b8 .functor BUFZ 8, C4<zzzzzzzz>; HiZ drive
v0x5a150c729ec0_66 .net v0x5a150c729ec0 66, 7 0, o0x7c1bf16b94b8; 0 drivers
o0x7c1bf16b94e8 .functor BUFZ 8, C4<zzzzzzzz>; HiZ drive
v0x5a150c729ec0_67 .net v0x5a150c729ec0 67, 7 0, o0x7c1bf16b94e8; 0 drivers
o0x7c1bf16b9518 .functor BUFZ 8, C4<zzzzzzzz>; HiZ drive
v0x5a150c729ec0_68 .net v0x5a150c729ec0 68, 7 0, o0x7c1bf16b9518; 0 drivers
o0x7c1bf16b9548 .functor BUFZ 8, C4<zzzzzzzz>; HiZ drive
v0x5a150c729ec0_69 .net v0x5a150c729ec0 69, 7 0, o0x7c1bf16b9548; 0 drivers
o0x7c1bf16b9578 .functor BUFZ 8, C4<zzzzzzzz>; HiZ drive
v0x5a150c729ec0_70 .net v0x5a150c729ec0 70, 7 0, o0x7c1bf16b9578; 0 drivers
o0x7c1bf16b95a8 .functor BUFZ 8, C4<zzzzzzzz>; HiZ drive
v0x5a150c729ec0_71 .net v0x5a150c729ec0 71, 7 0, o0x7c1bf16b95a8; 0 drivers
o0x7c1bf16b95d8 .functor BUFZ 8, C4<zzzzzzzz>; HiZ drive
v0x5a150c729ec0_72 .net v0x5a150c729ec0 72, 7 0, o0x7c1bf16b95d8; 0 drivers
o0x7c1bf16b9608 .functor BUFZ 8, C4<zzzzzzzz>; HiZ drive
v0x5a150c729ec0_73 .net v0x5a150c729ec0 73, 7 0, o0x7c1bf16b9608; 0 drivers
o0x7c1bf16b9638 .functor BUFZ 8, C4<zzzzzzzz>; HiZ drive
v0x5a150c729ec0_74 .net v0x5a150c729ec0 74, 7 0, o0x7c1bf16b9638; 0 drivers
o0x7c1bf16b9668 .functor BUFZ 8, C4<zzzzzzzz>; HiZ drive
v0x5a150c729ec0_75 .net v0x5a150c729ec0 75, 7 0, o0x7c1bf16b9668; 0 drivers
o0x7c1bf16b9698 .functor BUFZ 8, C4<zzzzzzzz>; HiZ drive
v0x5a150c729ec0_76 .net v0x5a150c729ec0 76, 7 0, o0x7c1bf16b9698; 0 drivers
o0x7c1bf16b96c8 .functor BUFZ 8, C4<zzzzzzzz>; HiZ drive
v0x5a150c729ec0_77 .net v0x5a150c729ec0 77, 7 0, o0x7c1bf16b96c8; 0 drivers
o0x7c1bf16b96f8 .functor BUFZ 8, C4<zzzzzzzz>; HiZ drive
v0x5a150c729ec0_78 .net v0x5a150c729ec0 78, 7 0, o0x7c1bf16b96f8; 0 drivers
o0x7c1bf16b9728 .functor BUFZ 8, C4<zzzzzzzz>; HiZ drive
v0x5a150c729ec0_79 .net v0x5a150c729ec0 79, 7 0, o0x7c1bf16b9728; 0 drivers
o0x7c1bf16b9758 .functor BUFZ 8, C4<zzzzzzzz>; HiZ drive
v0x5a150c729ec0_80 .net v0x5a150c729ec0 80, 7 0, o0x7c1bf16b9758; 0 drivers
o0x7c1bf16b9788 .functor BUFZ 8, C4<zzzzzzzz>; HiZ drive
v0x5a150c729ec0_81 .net v0x5a150c729ec0 81, 7 0, o0x7c1bf16b9788; 0 drivers
o0x7c1bf16b97b8 .functor BUFZ 8, C4<zzzzzzzz>; HiZ drive
v0x5a150c729ec0_82 .net v0x5a150c729ec0 82, 7 0, o0x7c1bf16b97b8; 0 drivers
o0x7c1bf16b97e8 .functor BUFZ 8, C4<zzzzzzzz>; HiZ drive
v0x5a150c729ec0_83 .net v0x5a150c729ec0 83, 7 0, o0x7c1bf16b97e8; 0 drivers
o0x7c1bf16b9818 .functor BUFZ 8, C4<zzzzzzzz>; HiZ drive
v0x5a150c729ec0_84 .net v0x5a150c729ec0 84, 7 0, o0x7c1bf16b9818; 0 drivers
o0x7c1bf16b9848 .functor BUFZ 8, C4<zzzzzzzz>; HiZ drive
v0x5a150c729ec0_85 .net v0x5a150c729ec0 85, 7 0, o0x7c1bf16b9848; 0 drivers
o0x7c1bf16b9878 .functor BUFZ 8, C4<zzzzzzzz>; HiZ drive
v0x5a150c729ec0_86 .net v0x5a150c729ec0 86, 7 0, o0x7c1bf16b9878; 0 drivers
o0x7c1bf16b98a8 .functor BUFZ 8, C4<zzzzzzzz>; HiZ drive
v0x5a150c729ec0_87 .net v0x5a150c729ec0 87, 7 0, o0x7c1bf16b98a8; 0 drivers
o0x7c1bf16b98d8 .functor BUFZ 8, C4<zzzzzzzz>; HiZ drive
v0x5a150c729ec0_88 .net v0x5a150c729ec0 88, 7 0, o0x7c1bf16b98d8; 0 drivers
o0x7c1bf16b9908 .functor BUFZ 8, C4<zzzzzzzz>; HiZ drive
v0x5a150c729ec0_89 .net v0x5a150c729ec0 89, 7 0, o0x7c1bf16b9908; 0 drivers
o0x7c1bf16b9938 .functor BUFZ 8, C4<zzzzzzzz>; HiZ drive
v0x5a150c729ec0_90 .net v0x5a150c729ec0 90, 7 0, o0x7c1bf16b9938; 0 drivers
o0x7c1bf16b9968 .functor BUFZ 8, C4<zzzzzzzz>; HiZ drive
v0x5a150c729ec0_91 .net v0x5a150c729ec0 91, 7 0, o0x7c1bf16b9968; 0 drivers
o0x7c1bf16b9998 .functor BUFZ 8, C4<zzzzzzzz>; HiZ drive
v0x5a150c729ec0_92 .net v0x5a150c729ec0 92, 7 0, o0x7c1bf16b9998; 0 drivers
o0x7c1bf16b99c8 .functor BUFZ 8, C4<zzzzzzzz>; HiZ drive
v0x5a150c729ec0_93 .net v0x5a150c729ec0 93, 7 0, o0x7c1bf16b99c8; 0 drivers
o0x7c1bf16b99f8 .functor BUFZ 8, C4<zzzzzzzz>; HiZ drive
v0x5a150c729ec0_94 .net v0x5a150c729ec0 94, 7 0, o0x7c1bf16b99f8; 0 drivers
o0x7c1bf16b9a28 .functor BUFZ 8, C4<zzzzzzzz>; HiZ drive
v0x5a150c729ec0_95 .net v0x5a150c729ec0 95, 7 0, o0x7c1bf16b9a28; 0 drivers
o0x7c1bf16b9a58 .functor BUFZ 8, C4<zzzzzzzz>; HiZ drive
v0x5a150c729ec0_96 .net v0x5a150c729ec0 96, 7 0, o0x7c1bf16b9a58; 0 drivers
o0x7c1bf16b9a88 .functor BUFZ 8, C4<zzzzzzzz>; HiZ drive
v0x5a150c729ec0_97 .net v0x5a150c729ec0 97, 7 0, o0x7c1bf16b9a88; 0 drivers
o0x7c1bf16b9ab8 .functor BUFZ 8, C4<zzzzzzzz>; HiZ drive
v0x5a150c729ec0_98 .net v0x5a150c729ec0 98, 7 0, o0x7c1bf16b9ab8; 0 drivers
o0x7c1bf16b9ae8 .functor BUFZ 8, C4<zzzzzzzz>; HiZ drive
v0x5a150c729ec0_99 .net v0x5a150c729ec0 99, 7 0, o0x7c1bf16b9ae8; 0 drivers
o0x7c1bf16b9b18 .functor BUFZ 8, C4<zzzzzzzz>; HiZ drive
v0x5a150c729ec0_100 .net v0x5a150c729ec0 100, 7 0, o0x7c1bf16b9b18; 0 drivers
o0x7c1bf16b9b48 .functor BUFZ 8, C4<zzzzzzzz>; HiZ drive
v0x5a150c729ec0_101 .net v0x5a150c729ec0 101, 7 0, o0x7c1bf16b9b48; 0 drivers
o0x7c1bf16b9b78 .functor BUFZ 8, C4<zzzzzzzz>; HiZ drive
v0x5a150c729ec0_102 .net v0x5a150c729ec0 102, 7 0, o0x7c1bf16b9b78; 0 drivers
o0x7c1bf16b9ba8 .functor BUFZ 8, C4<zzzzzzzz>; HiZ drive
v0x5a150c729ec0_103 .net v0x5a150c729ec0 103, 7 0, o0x7c1bf16b9ba8; 0 drivers
o0x7c1bf16b9bd8 .functor BUFZ 8, C4<zzzzzzzz>; HiZ drive
v0x5a150c729ec0_104 .net v0x5a150c729ec0 104, 7 0, o0x7c1bf16b9bd8; 0 drivers
o0x7c1bf16b9c08 .functor BUFZ 8, C4<zzzzzzzz>; HiZ drive
v0x5a150c729ec0_105 .net v0x5a150c729ec0 105, 7 0, o0x7c1bf16b9c08; 0 drivers
o0x7c1bf16b9c38 .functor BUFZ 8, C4<zzzzzzzz>; HiZ drive
v0x5a150c729ec0_106 .net v0x5a150c729ec0 106, 7 0, o0x7c1bf16b9c38; 0 drivers
o0x7c1bf16b9c68 .functor BUFZ 8, C4<zzzzzzzz>; HiZ drive
v0x5a150c729ec0_107 .net v0x5a150c729ec0 107, 7 0, o0x7c1bf16b9c68; 0 drivers
o0x7c1bf16b9c98 .functor BUFZ 8, C4<zzzzzzzz>; HiZ drive
v0x5a150c729ec0_108 .net v0x5a150c729ec0 108, 7 0, o0x7c1bf16b9c98; 0 drivers
o0x7c1bf16b9cc8 .functor BUFZ 8, C4<zzzzzzzz>; HiZ drive
v0x5a150c729ec0_109 .net v0x5a150c729ec0 109, 7 0, o0x7c1bf16b9cc8; 0 drivers
o0x7c1bf16b9cf8 .functor BUFZ 8, C4<zzzzzzzz>; HiZ drive
v0x5a150c729ec0_110 .net v0x5a150c729ec0 110, 7 0, o0x7c1bf16b9cf8; 0 drivers
o0x7c1bf16b9d28 .functor BUFZ 8, C4<zzzzzzzz>; HiZ drive
v0x5a150c729ec0_111 .net v0x5a150c729ec0 111, 7 0, o0x7c1bf16b9d28; 0 drivers
o0x7c1bf16b9d58 .functor BUFZ 8, C4<zzzzzzzz>; HiZ drive
v0x5a150c729ec0_112 .net v0x5a150c729ec0 112, 7 0, o0x7c1bf16b9d58; 0 drivers
o0x7c1bf16b9d88 .functor BUFZ 8, C4<zzzzzzzz>; HiZ drive
v0x5a150c729ec0_113 .net v0x5a150c729ec0 113, 7 0, o0x7c1bf16b9d88; 0 drivers
o0x7c1bf16b9db8 .functor BUFZ 8, C4<zzzzzzzz>; HiZ drive
v0x5a150c729ec0_114 .net v0x5a150c729ec0 114, 7 0, o0x7c1bf16b9db8; 0 drivers
o0x7c1bf16b9de8 .functor BUFZ 8, C4<zzzzzzzz>; HiZ drive
v0x5a150c729ec0_115 .net v0x5a150c729ec0 115, 7 0, o0x7c1bf16b9de8; 0 drivers
o0x7c1bf16b9e18 .functor BUFZ 8, C4<zzzzzzzz>; HiZ drive
v0x5a150c729ec0_116 .net v0x5a150c729ec0 116, 7 0, o0x7c1bf16b9e18; 0 drivers
o0x7c1bf16b9e48 .functor BUFZ 8, C4<zzzzzzzz>; HiZ drive
v0x5a150c729ec0_117 .net v0x5a150c729ec0 117, 7 0, o0x7c1bf16b9e48; 0 drivers
o0x7c1bf16b9e78 .functor BUFZ 8, C4<zzzzzzzz>; HiZ drive
v0x5a150c729ec0_118 .net v0x5a150c729ec0 118, 7 0, o0x7c1bf16b9e78; 0 drivers
o0x7c1bf16b9ea8 .functor BUFZ 8, C4<zzzzzzzz>; HiZ drive
v0x5a150c729ec0_119 .net v0x5a150c729ec0 119, 7 0, o0x7c1bf16b9ea8; 0 drivers
o0x7c1bf16b9ed8 .functor BUFZ 8, C4<zzzzzzzz>; HiZ drive
v0x5a150c729ec0_120 .net v0x5a150c729ec0 120, 7 0, o0x7c1bf16b9ed8; 0 drivers
o0x7c1bf16b9f08 .functor BUFZ 8, C4<zzzzzzzz>; HiZ drive
v0x5a150c729ec0_121 .net v0x5a150c729ec0 121, 7 0, o0x7c1bf16b9f08; 0 drivers
o0x7c1bf16b9f38 .functor BUFZ 8, C4<zzzzzzzz>; HiZ drive
v0x5a150c729ec0_122 .net v0x5a150c729ec0 122, 7 0, o0x7c1bf16b9f38; 0 drivers
o0x7c1bf16b9f68 .functor BUFZ 8, C4<zzzzzzzz>; HiZ drive
v0x5a150c729ec0_123 .net v0x5a150c729ec0 123, 7 0, o0x7c1bf16b9f68; 0 drivers
o0x7c1bf16b9f98 .functor BUFZ 8, C4<zzzzzzzz>; HiZ drive
v0x5a150c729ec0_124 .net v0x5a150c729ec0 124, 7 0, o0x7c1bf16b9f98; 0 drivers
o0x7c1bf16b9fc8 .functor BUFZ 8, C4<zzzzzzzz>; HiZ drive
v0x5a150c729ec0_125 .net v0x5a150c729ec0 125, 7 0, o0x7c1bf16b9fc8; 0 drivers
o0x7c1bf16b9ff8 .functor BUFZ 8, C4<zzzzzzzz>; HiZ drive
v0x5a150c729ec0_126 .net v0x5a150c729ec0 126, 7 0, o0x7c1bf16b9ff8; 0 drivers
o0x7c1bf16ba028 .functor BUFZ 8, C4<zzzzzzzz>; HiZ drive
v0x5a150c729ec0_127 .net v0x5a150c729ec0 127, 7 0, o0x7c1bf16ba028; 0 drivers
o0x7c1bf16ba058 .functor BUFZ 8, C4<zzzzzzzz>; HiZ drive
v0x5a150c729ec0_128 .net v0x5a150c729ec0 128, 7 0, o0x7c1bf16ba058; 0 drivers
o0x7c1bf16ba088 .functor BUFZ 8, C4<zzzzzzzz>; HiZ drive
v0x5a150c729ec0_129 .net v0x5a150c729ec0 129, 7 0, o0x7c1bf16ba088; 0 drivers
o0x7c1bf16ba0b8 .functor BUFZ 8, C4<zzzzzzzz>; HiZ drive
v0x5a150c729ec0_130 .net v0x5a150c729ec0 130, 7 0, o0x7c1bf16ba0b8; 0 drivers
o0x7c1bf16ba0e8 .functor BUFZ 8, C4<zzzzzzzz>; HiZ drive
v0x5a150c729ec0_131 .net v0x5a150c729ec0 131, 7 0, o0x7c1bf16ba0e8; 0 drivers
o0x7c1bf16ba118 .functor BUFZ 8, C4<zzzzzzzz>; HiZ drive
v0x5a150c729ec0_132 .net v0x5a150c729ec0 132, 7 0, o0x7c1bf16ba118; 0 drivers
o0x7c1bf16ba148 .functor BUFZ 8, C4<zzzzzzzz>; HiZ drive
v0x5a150c729ec0_133 .net v0x5a150c729ec0 133, 7 0, o0x7c1bf16ba148; 0 drivers
o0x7c1bf16ba178 .functor BUFZ 8, C4<zzzzzzzz>; HiZ drive
v0x5a150c729ec0_134 .net v0x5a150c729ec0 134, 7 0, o0x7c1bf16ba178; 0 drivers
o0x7c1bf16ba1a8 .functor BUFZ 8, C4<zzzzzzzz>; HiZ drive
v0x5a150c729ec0_135 .net v0x5a150c729ec0 135, 7 0, o0x7c1bf16ba1a8; 0 drivers
o0x7c1bf16ba1d8 .functor BUFZ 8, C4<zzzzzzzz>; HiZ drive
v0x5a150c729ec0_136 .net v0x5a150c729ec0 136, 7 0, o0x7c1bf16ba1d8; 0 drivers
o0x7c1bf16ba208 .functor BUFZ 8, C4<zzzzzzzz>; HiZ drive
v0x5a150c729ec0_137 .net v0x5a150c729ec0 137, 7 0, o0x7c1bf16ba208; 0 drivers
o0x7c1bf16ba238 .functor BUFZ 8, C4<zzzzzzzz>; HiZ drive
v0x5a150c729ec0_138 .net v0x5a150c729ec0 138, 7 0, o0x7c1bf16ba238; 0 drivers
o0x7c1bf16ba268 .functor BUFZ 8, C4<zzzzzzzz>; HiZ drive
v0x5a150c729ec0_139 .net v0x5a150c729ec0 139, 7 0, o0x7c1bf16ba268; 0 drivers
o0x7c1bf16ba298 .functor BUFZ 8, C4<zzzzzzzz>; HiZ drive
v0x5a150c729ec0_140 .net v0x5a150c729ec0 140, 7 0, o0x7c1bf16ba298; 0 drivers
o0x7c1bf16ba2c8 .functor BUFZ 8, C4<zzzzzzzz>; HiZ drive
v0x5a150c729ec0_141 .net v0x5a150c729ec0 141, 7 0, o0x7c1bf16ba2c8; 0 drivers
o0x7c1bf16ba2f8 .functor BUFZ 8, C4<zzzzzzzz>; HiZ drive
v0x5a150c729ec0_142 .net v0x5a150c729ec0 142, 7 0, o0x7c1bf16ba2f8; 0 drivers
o0x7c1bf16ba328 .functor BUFZ 8, C4<zzzzzzzz>; HiZ drive
v0x5a150c729ec0_143 .net v0x5a150c729ec0 143, 7 0, o0x7c1bf16ba328; 0 drivers
o0x7c1bf16ba358 .functor BUFZ 8, C4<zzzzzzzz>; HiZ drive
v0x5a150c729ec0_144 .net v0x5a150c729ec0 144, 7 0, o0x7c1bf16ba358; 0 drivers
o0x7c1bf16ba388 .functor BUFZ 8, C4<zzzzzzzz>; HiZ drive
v0x5a150c729ec0_145 .net v0x5a150c729ec0 145, 7 0, o0x7c1bf16ba388; 0 drivers
o0x7c1bf16ba3b8 .functor BUFZ 8, C4<zzzzzzzz>; HiZ drive
v0x5a150c729ec0_146 .net v0x5a150c729ec0 146, 7 0, o0x7c1bf16ba3b8; 0 drivers
o0x7c1bf16ba3e8 .functor BUFZ 8, C4<zzzzzzzz>; HiZ drive
v0x5a150c729ec0_147 .net v0x5a150c729ec0 147, 7 0, o0x7c1bf16ba3e8; 0 drivers
o0x7c1bf16ba418 .functor BUFZ 8, C4<zzzzzzzz>; HiZ drive
v0x5a150c729ec0_148 .net v0x5a150c729ec0 148, 7 0, o0x7c1bf16ba418; 0 drivers
o0x7c1bf16ba448 .functor BUFZ 8, C4<zzzzzzzz>; HiZ drive
v0x5a150c729ec0_149 .net v0x5a150c729ec0 149, 7 0, o0x7c1bf16ba448; 0 drivers
o0x7c1bf16ba478 .functor BUFZ 8, C4<zzzzzzzz>; HiZ drive
v0x5a150c729ec0_150 .net v0x5a150c729ec0 150, 7 0, o0x7c1bf16ba478; 0 drivers
o0x7c1bf16ba4a8 .functor BUFZ 8, C4<zzzzzzzz>; HiZ drive
v0x5a150c729ec0_151 .net v0x5a150c729ec0 151, 7 0, o0x7c1bf16ba4a8; 0 drivers
o0x7c1bf16ba4d8 .functor BUFZ 8, C4<zzzzzzzz>; HiZ drive
v0x5a150c729ec0_152 .net v0x5a150c729ec0 152, 7 0, o0x7c1bf16ba4d8; 0 drivers
o0x7c1bf16ba508 .functor BUFZ 8, C4<zzzzzzzz>; HiZ drive
v0x5a150c729ec0_153 .net v0x5a150c729ec0 153, 7 0, o0x7c1bf16ba508; 0 drivers
o0x7c1bf16ba538 .functor BUFZ 8, C4<zzzzzzzz>; HiZ drive
v0x5a150c729ec0_154 .net v0x5a150c729ec0 154, 7 0, o0x7c1bf16ba538; 0 drivers
o0x7c1bf16ba568 .functor BUFZ 8, C4<zzzzzzzz>; HiZ drive
v0x5a150c729ec0_155 .net v0x5a150c729ec0 155, 7 0, o0x7c1bf16ba568; 0 drivers
o0x7c1bf16ba598 .functor BUFZ 8, C4<zzzzzzzz>; HiZ drive
v0x5a150c729ec0_156 .net v0x5a150c729ec0 156, 7 0, o0x7c1bf16ba598; 0 drivers
o0x7c1bf16ba5c8 .functor BUFZ 8, C4<zzzzzzzz>; HiZ drive
v0x5a150c729ec0_157 .net v0x5a150c729ec0 157, 7 0, o0x7c1bf16ba5c8; 0 drivers
o0x7c1bf16ba5f8 .functor BUFZ 8, C4<zzzzzzzz>; HiZ drive
v0x5a150c729ec0_158 .net v0x5a150c729ec0 158, 7 0, o0x7c1bf16ba5f8; 0 drivers
o0x7c1bf16ba628 .functor BUFZ 8, C4<zzzzzzzz>; HiZ drive
v0x5a150c729ec0_159 .net v0x5a150c729ec0 159, 7 0, o0x7c1bf16ba628; 0 drivers
o0x7c1bf16ba658 .functor BUFZ 8, C4<zzzzzzzz>; HiZ drive
v0x5a150c729ec0_160 .net v0x5a150c729ec0 160, 7 0, o0x7c1bf16ba658; 0 drivers
o0x7c1bf16ba688 .functor BUFZ 8, C4<zzzzzzzz>; HiZ drive
v0x5a150c729ec0_161 .net v0x5a150c729ec0 161, 7 0, o0x7c1bf16ba688; 0 drivers
o0x7c1bf16ba6b8 .functor BUFZ 8, C4<zzzzzzzz>; HiZ drive
v0x5a150c729ec0_162 .net v0x5a150c729ec0 162, 7 0, o0x7c1bf16ba6b8; 0 drivers
o0x7c1bf16ba6e8 .functor BUFZ 8, C4<zzzzzzzz>; HiZ drive
v0x5a150c729ec0_163 .net v0x5a150c729ec0 163, 7 0, o0x7c1bf16ba6e8; 0 drivers
o0x7c1bf16ba718 .functor BUFZ 8, C4<zzzzzzzz>; HiZ drive
v0x5a150c729ec0_164 .net v0x5a150c729ec0 164, 7 0, o0x7c1bf16ba718; 0 drivers
o0x7c1bf16ba748 .functor BUFZ 8, C4<zzzzzzzz>; HiZ drive
v0x5a150c729ec0_165 .net v0x5a150c729ec0 165, 7 0, o0x7c1bf16ba748; 0 drivers
o0x7c1bf16ba778 .functor BUFZ 8, C4<zzzzzzzz>; HiZ drive
v0x5a150c729ec0_166 .net v0x5a150c729ec0 166, 7 0, o0x7c1bf16ba778; 0 drivers
o0x7c1bf16ba7a8 .functor BUFZ 8, C4<zzzzzzzz>; HiZ drive
v0x5a150c729ec0_167 .net v0x5a150c729ec0 167, 7 0, o0x7c1bf16ba7a8; 0 drivers
o0x7c1bf16ba7d8 .functor BUFZ 8, C4<zzzzzzzz>; HiZ drive
v0x5a150c729ec0_168 .net v0x5a150c729ec0 168, 7 0, o0x7c1bf16ba7d8; 0 drivers
o0x7c1bf16ba808 .functor BUFZ 8, C4<zzzzzzzz>; HiZ drive
v0x5a150c729ec0_169 .net v0x5a150c729ec0 169, 7 0, o0x7c1bf16ba808; 0 drivers
o0x7c1bf16ba838 .functor BUFZ 8, C4<zzzzzzzz>; HiZ drive
v0x5a150c729ec0_170 .net v0x5a150c729ec0 170, 7 0, o0x7c1bf16ba838; 0 drivers
o0x7c1bf16ba868 .functor BUFZ 8, C4<zzzzzzzz>; HiZ drive
v0x5a150c729ec0_171 .net v0x5a150c729ec0 171, 7 0, o0x7c1bf16ba868; 0 drivers
o0x7c1bf16ba898 .functor BUFZ 8, C4<zzzzzzzz>; HiZ drive
v0x5a150c729ec0_172 .net v0x5a150c729ec0 172, 7 0, o0x7c1bf16ba898; 0 drivers
o0x7c1bf16ba8c8 .functor BUFZ 8, C4<zzzzzzzz>; HiZ drive
v0x5a150c729ec0_173 .net v0x5a150c729ec0 173, 7 0, o0x7c1bf16ba8c8; 0 drivers
o0x7c1bf16ba8f8 .functor BUFZ 8, C4<zzzzzzzz>; HiZ drive
v0x5a150c729ec0_174 .net v0x5a150c729ec0 174, 7 0, o0x7c1bf16ba8f8; 0 drivers
o0x7c1bf16ba928 .functor BUFZ 8, C4<zzzzzzzz>; HiZ drive
v0x5a150c729ec0_175 .net v0x5a150c729ec0 175, 7 0, o0x7c1bf16ba928; 0 drivers
o0x7c1bf16ba958 .functor BUFZ 8, C4<zzzzzzzz>; HiZ drive
v0x5a150c729ec0_176 .net v0x5a150c729ec0 176, 7 0, o0x7c1bf16ba958; 0 drivers
o0x7c1bf16ba988 .functor BUFZ 8, C4<zzzzzzzz>; HiZ drive
v0x5a150c729ec0_177 .net v0x5a150c729ec0 177, 7 0, o0x7c1bf16ba988; 0 drivers
o0x7c1bf16ba9b8 .functor BUFZ 8, C4<zzzzzzzz>; HiZ drive
v0x5a150c729ec0_178 .net v0x5a150c729ec0 178, 7 0, o0x7c1bf16ba9b8; 0 drivers
o0x7c1bf16ba9e8 .functor BUFZ 8, C4<zzzzzzzz>; HiZ drive
v0x5a150c729ec0_179 .net v0x5a150c729ec0 179, 7 0, o0x7c1bf16ba9e8; 0 drivers
o0x7c1bf16baa18 .functor BUFZ 8, C4<zzzzzzzz>; HiZ drive
v0x5a150c729ec0_180 .net v0x5a150c729ec0 180, 7 0, o0x7c1bf16baa18; 0 drivers
o0x7c1bf16baa48 .functor BUFZ 8, C4<zzzzzzzz>; HiZ drive
v0x5a150c729ec0_181 .net v0x5a150c729ec0 181, 7 0, o0x7c1bf16baa48; 0 drivers
o0x7c1bf16baa78 .functor BUFZ 8, C4<zzzzzzzz>; HiZ drive
v0x5a150c729ec0_182 .net v0x5a150c729ec0 182, 7 0, o0x7c1bf16baa78; 0 drivers
o0x7c1bf16baaa8 .functor BUFZ 8, C4<zzzzzzzz>; HiZ drive
v0x5a150c729ec0_183 .net v0x5a150c729ec0 183, 7 0, o0x7c1bf16baaa8; 0 drivers
o0x7c1bf16baad8 .functor BUFZ 8, C4<zzzzzzzz>; HiZ drive
v0x5a150c729ec0_184 .net v0x5a150c729ec0 184, 7 0, o0x7c1bf16baad8; 0 drivers
o0x7c1bf16bab08 .functor BUFZ 8, C4<zzzzzzzz>; HiZ drive
v0x5a150c729ec0_185 .net v0x5a150c729ec0 185, 7 0, o0x7c1bf16bab08; 0 drivers
o0x7c1bf16bab38 .functor BUFZ 8, C4<zzzzzzzz>; HiZ drive
v0x5a150c729ec0_186 .net v0x5a150c729ec0 186, 7 0, o0x7c1bf16bab38; 0 drivers
o0x7c1bf16bab68 .functor BUFZ 8, C4<zzzzzzzz>; HiZ drive
v0x5a150c729ec0_187 .net v0x5a150c729ec0 187, 7 0, o0x7c1bf16bab68; 0 drivers
o0x7c1bf16bab98 .functor BUFZ 8, C4<zzzzzzzz>; HiZ drive
v0x5a150c729ec0_188 .net v0x5a150c729ec0 188, 7 0, o0x7c1bf16bab98; 0 drivers
o0x7c1bf16babc8 .functor BUFZ 8, C4<zzzzzzzz>; HiZ drive
v0x5a150c729ec0_189 .net v0x5a150c729ec0 189, 7 0, o0x7c1bf16babc8; 0 drivers
o0x7c1bf16babf8 .functor BUFZ 8, C4<zzzzzzzz>; HiZ drive
v0x5a150c729ec0_190 .net v0x5a150c729ec0 190, 7 0, o0x7c1bf16babf8; 0 drivers
o0x7c1bf16bac28 .functor BUFZ 8, C4<zzzzzzzz>; HiZ drive
v0x5a150c729ec0_191 .net v0x5a150c729ec0 191, 7 0, o0x7c1bf16bac28; 0 drivers
o0x7c1bf16bac58 .functor BUFZ 8, C4<zzzzzzzz>; HiZ drive
v0x5a150c729ec0_192 .net v0x5a150c729ec0 192, 7 0, o0x7c1bf16bac58; 0 drivers
o0x7c1bf16bac88 .functor BUFZ 8, C4<zzzzzzzz>; HiZ drive
v0x5a150c729ec0_193 .net v0x5a150c729ec0 193, 7 0, o0x7c1bf16bac88; 0 drivers
o0x7c1bf16bacb8 .functor BUFZ 8, C4<zzzzzzzz>; HiZ drive
v0x5a150c729ec0_194 .net v0x5a150c729ec0 194, 7 0, o0x7c1bf16bacb8; 0 drivers
o0x7c1bf16bace8 .functor BUFZ 8, C4<zzzzzzzz>; HiZ drive
v0x5a150c729ec0_195 .net v0x5a150c729ec0 195, 7 0, o0x7c1bf16bace8; 0 drivers
o0x7c1bf16bad18 .functor BUFZ 8, C4<zzzzzzzz>; HiZ drive
v0x5a150c729ec0_196 .net v0x5a150c729ec0 196, 7 0, o0x7c1bf16bad18; 0 drivers
o0x7c1bf16bad48 .functor BUFZ 8, C4<zzzzzzzz>; HiZ drive
v0x5a150c729ec0_197 .net v0x5a150c729ec0 197, 7 0, o0x7c1bf16bad48; 0 drivers
o0x7c1bf16bad78 .functor BUFZ 8, C4<zzzzzzzz>; HiZ drive
v0x5a150c729ec0_198 .net v0x5a150c729ec0 198, 7 0, o0x7c1bf16bad78; 0 drivers
o0x7c1bf16bada8 .functor BUFZ 8, C4<zzzzzzzz>; HiZ drive
v0x5a150c729ec0_199 .net v0x5a150c729ec0 199, 7 0, o0x7c1bf16bada8; 0 drivers
o0x7c1bf16badd8 .functor BUFZ 8, C4<zzzzzzzz>; HiZ drive
v0x5a150c729ec0_200 .net v0x5a150c729ec0 200, 7 0, o0x7c1bf16badd8; 0 drivers
o0x7c1bf16bae08 .functor BUFZ 8, C4<zzzzzzzz>; HiZ drive
v0x5a150c729ec0_201 .net v0x5a150c729ec0 201, 7 0, o0x7c1bf16bae08; 0 drivers
o0x7c1bf16bae38 .functor BUFZ 8, C4<zzzzzzzz>; HiZ drive
v0x5a150c729ec0_202 .net v0x5a150c729ec0 202, 7 0, o0x7c1bf16bae38; 0 drivers
o0x7c1bf16bae68 .functor BUFZ 8, C4<zzzzzzzz>; HiZ drive
v0x5a150c729ec0_203 .net v0x5a150c729ec0 203, 7 0, o0x7c1bf16bae68; 0 drivers
o0x7c1bf16bae98 .functor BUFZ 8, C4<zzzzzzzz>; HiZ drive
v0x5a150c729ec0_204 .net v0x5a150c729ec0 204, 7 0, o0x7c1bf16bae98; 0 drivers
o0x7c1bf16baec8 .functor BUFZ 8, C4<zzzzzzzz>; HiZ drive
v0x5a150c729ec0_205 .net v0x5a150c729ec0 205, 7 0, o0x7c1bf16baec8; 0 drivers
o0x7c1bf16baef8 .functor BUFZ 8, C4<zzzzzzzz>; HiZ drive
v0x5a150c729ec0_206 .net v0x5a150c729ec0 206, 7 0, o0x7c1bf16baef8; 0 drivers
o0x7c1bf16baf28 .functor BUFZ 8, C4<zzzzzzzz>; HiZ drive
v0x5a150c729ec0_207 .net v0x5a150c729ec0 207, 7 0, o0x7c1bf16baf28; 0 drivers
o0x7c1bf16baf58 .functor BUFZ 8, C4<zzzzzzzz>; HiZ drive
v0x5a150c729ec0_208 .net v0x5a150c729ec0 208, 7 0, o0x7c1bf16baf58; 0 drivers
o0x7c1bf16baf88 .functor BUFZ 8, C4<zzzzzzzz>; HiZ drive
v0x5a150c729ec0_209 .net v0x5a150c729ec0 209, 7 0, o0x7c1bf16baf88; 0 drivers
o0x7c1bf16bafb8 .functor BUFZ 8, C4<zzzzzzzz>; HiZ drive
v0x5a150c729ec0_210 .net v0x5a150c729ec0 210, 7 0, o0x7c1bf16bafb8; 0 drivers
o0x7c1bf16bafe8 .functor BUFZ 8, C4<zzzzzzzz>; HiZ drive
v0x5a150c729ec0_211 .net v0x5a150c729ec0 211, 7 0, o0x7c1bf16bafe8; 0 drivers
o0x7c1bf16bb018 .functor BUFZ 8, C4<zzzzzzzz>; HiZ drive
v0x5a150c729ec0_212 .net v0x5a150c729ec0 212, 7 0, o0x7c1bf16bb018; 0 drivers
o0x7c1bf16bb048 .functor BUFZ 8, C4<zzzzzzzz>; HiZ drive
v0x5a150c729ec0_213 .net v0x5a150c729ec0 213, 7 0, o0x7c1bf16bb048; 0 drivers
o0x7c1bf16bb078 .functor BUFZ 8, C4<zzzzzzzz>; HiZ drive
v0x5a150c729ec0_214 .net v0x5a150c729ec0 214, 7 0, o0x7c1bf16bb078; 0 drivers
o0x7c1bf16bb0a8 .functor BUFZ 8, C4<zzzzzzzz>; HiZ drive
v0x5a150c729ec0_215 .net v0x5a150c729ec0 215, 7 0, o0x7c1bf16bb0a8; 0 drivers
o0x7c1bf16bb0d8 .functor BUFZ 8, C4<zzzzzzzz>; HiZ drive
v0x5a150c729ec0_216 .net v0x5a150c729ec0 216, 7 0, o0x7c1bf16bb0d8; 0 drivers
o0x7c1bf16bb108 .functor BUFZ 8, C4<zzzzzzzz>; HiZ drive
v0x5a150c729ec0_217 .net v0x5a150c729ec0 217, 7 0, o0x7c1bf16bb108; 0 drivers
o0x7c1bf16bb138 .functor BUFZ 8, C4<zzzzzzzz>; HiZ drive
v0x5a150c729ec0_218 .net v0x5a150c729ec0 218, 7 0, o0x7c1bf16bb138; 0 drivers
o0x7c1bf16bb168 .functor BUFZ 8, C4<zzzzzzzz>; HiZ drive
v0x5a150c729ec0_219 .net v0x5a150c729ec0 219, 7 0, o0x7c1bf16bb168; 0 drivers
o0x7c1bf16bb198 .functor BUFZ 8, C4<zzzzzzzz>; HiZ drive
v0x5a150c729ec0_220 .net v0x5a150c729ec0 220, 7 0, o0x7c1bf16bb198; 0 drivers
o0x7c1bf16bb1c8 .functor BUFZ 8, C4<zzzzzzzz>; HiZ drive
v0x5a150c729ec0_221 .net v0x5a150c729ec0 221, 7 0, o0x7c1bf16bb1c8; 0 drivers
o0x7c1bf16bb1f8 .functor BUFZ 8, C4<zzzzzzzz>; HiZ drive
v0x5a150c729ec0_222 .net v0x5a150c729ec0 222, 7 0, o0x7c1bf16bb1f8; 0 drivers
o0x7c1bf16bb228 .functor BUFZ 8, C4<zzzzzzzz>; HiZ drive
v0x5a150c729ec0_223 .net v0x5a150c729ec0 223, 7 0, o0x7c1bf16bb228; 0 drivers
o0x7c1bf16bb258 .functor BUFZ 8, C4<zzzzzzzz>; HiZ drive
v0x5a150c729ec0_224 .net v0x5a150c729ec0 224, 7 0, o0x7c1bf16bb258; 0 drivers
o0x7c1bf16bb288 .functor BUFZ 8, C4<zzzzzzzz>; HiZ drive
v0x5a150c729ec0_225 .net v0x5a150c729ec0 225, 7 0, o0x7c1bf16bb288; 0 drivers
o0x7c1bf16bb2b8 .functor BUFZ 8, C4<zzzzzzzz>; HiZ drive
v0x5a150c729ec0_226 .net v0x5a150c729ec0 226, 7 0, o0x7c1bf16bb2b8; 0 drivers
o0x7c1bf16bb2e8 .functor BUFZ 8, C4<zzzzzzzz>; HiZ drive
v0x5a150c729ec0_227 .net v0x5a150c729ec0 227, 7 0, o0x7c1bf16bb2e8; 0 drivers
o0x7c1bf16bb318 .functor BUFZ 8, C4<zzzzzzzz>; HiZ drive
v0x5a150c729ec0_228 .net v0x5a150c729ec0 228, 7 0, o0x7c1bf16bb318; 0 drivers
o0x7c1bf16bb348 .functor BUFZ 8, C4<zzzzzzzz>; HiZ drive
v0x5a150c729ec0_229 .net v0x5a150c729ec0 229, 7 0, o0x7c1bf16bb348; 0 drivers
o0x7c1bf16bb378 .functor BUFZ 8, C4<zzzzzzzz>; HiZ drive
v0x5a150c729ec0_230 .net v0x5a150c729ec0 230, 7 0, o0x7c1bf16bb378; 0 drivers
o0x7c1bf16bb3a8 .functor BUFZ 8, C4<zzzzzzzz>; HiZ drive
v0x5a150c729ec0_231 .net v0x5a150c729ec0 231, 7 0, o0x7c1bf16bb3a8; 0 drivers
o0x7c1bf16bb3d8 .functor BUFZ 8, C4<zzzzzzzz>; HiZ drive
v0x5a150c729ec0_232 .net v0x5a150c729ec0 232, 7 0, o0x7c1bf16bb3d8; 0 drivers
o0x7c1bf16bb408 .functor BUFZ 8, C4<zzzzzzzz>; HiZ drive
v0x5a150c729ec0_233 .net v0x5a150c729ec0 233, 7 0, o0x7c1bf16bb408; 0 drivers
o0x7c1bf16bb438 .functor BUFZ 8, C4<zzzzzzzz>; HiZ drive
v0x5a150c729ec0_234 .net v0x5a150c729ec0 234, 7 0, o0x7c1bf16bb438; 0 drivers
o0x7c1bf16bb468 .functor BUFZ 8, C4<zzzzzzzz>; HiZ drive
v0x5a150c729ec0_235 .net v0x5a150c729ec0 235, 7 0, o0x7c1bf16bb468; 0 drivers
o0x7c1bf16bb498 .functor BUFZ 8, C4<zzzzzzzz>; HiZ drive
v0x5a150c729ec0_236 .net v0x5a150c729ec0 236, 7 0, o0x7c1bf16bb498; 0 drivers
o0x7c1bf16bb4c8 .functor BUFZ 8, C4<zzzzzzzz>; HiZ drive
v0x5a150c729ec0_237 .net v0x5a150c729ec0 237, 7 0, o0x7c1bf16bb4c8; 0 drivers
o0x7c1bf16bb4f8 .functor BUFZ 8, C4<zzzzzzzz>; HiZ drive
v0x5a150c729ec0_238 .net v0x5a150c729ec0 238, 7 0, o0x7c1bf16bb4f8; 0 drivers
o0x7c1bf16bb528 .functor BUFZ 8, C4<zzzzzzzz>; HiZ drive
v0x5a150c729ec0_239 .net v0x5a150c729ec0 239, 7 0, o0x7c1bf16bb528; 0 drivers
o0x7c1bf16bb558 .functor BUFZ 8, C4<zzzzzzzz>; HiZ drive
v0x5a150c729ec0_240 .net v0x5a150c729ec0 240, 7 0, o0x7c1bf16bb558; 0 drivers
o0x7c1bf16bb588 .functor BUFZ 8, C4<zzzzzzzz>; HiZ drive
v0x5a150c729ec0_241 .net v0x5a150c729ec0 241, 7 0, o0x7c1bf16bb588; 0 drivers
o0x7c1bf16bb5b8 .functor BUFZ 8, C4<zzzzzzzz>; HiZ drive
v0x5a150c729ec0_242 .net v0x5a150c729ec0 242, 7 0, o0x7c1bf16bb5b8; 0 drivers
o0x7c1bf16bb5e8 .functor BUFZ 8, C4<zzzzzzzz>; HiZ drive
v0x5a150c729ec0_243 .net v0x5a150c729ec0 243, 7 0, o0x7c1bf16bb5e8; 0 drivers
o0x7c1bf16bb618 .functor BUFZ 8, C4<zzzzzzzz>; HiZ drive
v0x5a150c729ec0_244 .net v0x5a150c729ec0 244, 7 0, o0x7c1bf16bb618; 0 drivers
o0x7c1bf16bb648 .functor BUFZ 8, C4<zzzzzzzz>; HiZ drive
v0x5a150c729ec0_245 .net v0x5a150c729ec0 245, 7 0, o0x7c1bf16bb648; 0 drivers
o0x7c1bf16bb678 .functor BUFZ 8, C4<zzzzzzzz>; HiZ drive
v0x5a150c729ec0_246 .net v0x5a150c729ec0 246, 7 0, o0x7c1bf16bb678; 0 drivers
o0x7c1bf16bb6a8 .functor BUFZ 8, C4<zzzzzzzz>; HiZ drive
v0x5a150c729ec0_247 .net v0x5a150c729ec0 247, 7 0, o0x7c1bf16bb6a8; 0 drivers
o0x7c1bf16bb6d8 .functor BUFZ 8, C4<zzzzzzzz>; HiZ drive
v0x5a150c729ec0_248 .net v0x5a150c729ec0 248, 7 0, o0x7c1bf16bb6d8; 0 drivers
o0x7c1bf16bb708 .functor BUFZ 8, C4<zzzzzzzz>; HiZ drive
v0x5a150c729ec0_249 .net v0x5a150c729ec0 249, 7 0, o0x7c1bf16bb708; 0 drivers
o0x7c1bf16bb738 .functor BUFZ 8, C4<zzzzzzzz>; HiZ drive
v0x5a150c729ec0_250 .net v0x5a150c729ec0 250, 7 0, o0x7c1bf16bb738; 0 drivers
o0x7c1bf16bb768 .functor BUFZ 8, C4<zzzzzzzz>; HiZ drive
v0x5a150c729ec0_251 .net v0x5a150c729ec0 251, 7 0, o0x7c1bf16bb768; 0 drivers
o0x7c1bf16bb798 .functor BUFZ 8, C4<zzzzzzzz>; HiZ drive
v0x5a150c729ec0_252 .net v0x5a150c729ec0 252, 7 0, o0x7c1bf16bb798; 0 drivers
o0x7c1bf16bb7c8 .functor BUFZ 8, C4<zzzzzzzz>; HiZ drive
v0x5a150c729ec0_253 .net v0x5a150c729ec0 253, 7 0, o0x7c1bf16bb7c8; 0 drivers
o0x7c1bf16bb7f8 .functor BUFZ 8, C4<zzzzzzzz>; HiZ drive
v0x5a150c729ec0_254 .net v0x5a150c729ec0 254, 7 0, o0x7c1bf16bb7f8; 0 drivers
o0x7c1bf16bb828 .functor BUFZ 8, C4<zzzzzzzz>; HiZ drive
v0x5a150c729ec0_255 .net v0x5a150c729ec0 255, 7 0, o0x7c1bf16bb828; 0 drivers
v0x5a150c72c790_0 .net "sboxw", 31 0, v0x5a150c72e2d0_0;  1 drivers
v0x5a150c72c870_0 .var "sboxw_latched", 31 0;
v0x5a150c72c950_0 .var "t_state", 3 0;
v0x5a150c72ca30_0 .var "trigger_pos", 1 0;
v0x5a150c72cb10_0 .var "trojan_active", 0 0;
v0x5a150c72cbd0_0 .var "trojan_leak", 7 0;
E_0x5a150c7288f0/0 .event negedge, v0x5a150c729e00_0;
E_0x5a150c7288f0/1 .event posedge, v0x5a150c729c80_0;
E_0x5a150c7288f0 .event/or E_0x5a150c7288f0/0, E_0x5a150c7288f0/1;
L_0x5a150c5fb370 .array/port v0x5a150c729ec0, L_0x5a150c5fb840;
L_0x5a150c5fb440 .part v0x5a150c72e2d0_0, 24, 8;
L_0x5a150c5fb840 .concat [ 8 2 0 0], L_0x5a150c5fb440, L_0x7c1bf1666528;
L_0x5a150c5fc0f0 .array/port v0x5a150c729ec0, L_0x5a150c5fc570;
L_0x5a150c5fc1c0 .part v0x5a150c72e2d0_0, 16, 8;
L_0x5a150c5fc570 .concat [ 8 2 0 0], L_0x5a150c5fc1c0, L_0x7c1bf1666570;
L_0x5a150c5fca40 .array/port v0x5a150c729ec0, L_0x5a150c5fcf50;
L_0x5a150c5fcae0 .part v0x5a150c72e2d0_0, 8, 8;
L_0x5a150c5fcf50 .concat [ 8 2 0 0], L_0x5a150c5fcae0, L_0x7c1bf16665b8;
L_0x5a150c5fd770 .concat8 [ 8 8 8 8], L_0x5a150c734f60, L_0x5a150c5fd390, L_0x5a150c5fbd80, L_0x5a150c5fbcc0;
L_0x5a150c734c70 .array/port v0x5a150c729ec0, L_0x5a150c734e20;
L_0x5a150c734d10 .part v0x5a150c72e2d0_0, 0, 8;
L_0x5a150c734e20 .concat [ 8 2 0 0], L_0x5a150c734d10, L_0x7c1bf1666600;
S_0x5a150c72cd50 .scope begin, "sbox_mux" "sbox_mux" 3 258, 3 258 0, S_0x5a150c60e9f0;
 .timescale 0 0;
    .scope S_0x5a150c6af330;
T_36 ;
    %wait E_0x5a150c65f790;
    %fork t_1, S_0x5a150c6a70b0;
    %jmp t_0;
    .scope S_0x5a150c6a70b0;
t_1 ;
    %load/vec4 v0x5a150c69fc50_0;
    %nor/r;
    %flag_set/vec4 8;
    %jmp/0xz  T_36.0, 8;
    %pushi/vec4 0, 0, 32;
    %assign/vec4 v0x5a150c6a2df0_0, 0;
    %pushi/vec4 0, 0, 32;
    %assign/vec4 v0x5a150c6a2950_0, 0;
    %pushi/vec4 0, 0, 32;
    %assign/vec4 v0x5a150c6a2530_0, 0;
    %pushi/vec4 0, 0, 32;
    %assign/vec4 v0x5a150c6a20b0_0, 0;
    %pushi/vec4 0, 0, 2;
    %assign/vec4 v0x5a150c69e5d0_0, 0;
    %pushi/vec4 0, 0, 4;
    %assign/vec4 v0x5a150c69f390_0, 0;
    %pushi/vec4 1, 0, 1;
    %assign/vec4 v0x5a150c6a00f0_0, 0;
    %pushi/vec4 0, 0, 2;
    %assign/vec4 v0x5a150c6a1230_0, 0;
    %pushi/vec4 0, 0, 1;
    %assign/vec4 v0x5a150c69dcf0_0, 0;
    %pushi/vec4 0, 0, 2;
    %assign/vec4 v0x5a150c69d330_0, 0;
    %pushi/vec4 0, 0, 8;
    %assign/vec4 v0x5a150c69ca30_0, 0;
    %pushi/vec4 0, 0, 1;
    %assign/vec4 v0x5a150c69c1f0_0, 0;
    %jmp T_36.1;
T_36.0 ;
    %load/vec4 v0x5a150c6a28b0_0;
    %flag_set/vec4 8;
    %jmp/0xz  T_36.2, 8;
    %load/vec4 v0x5a150c6a2d30_0;
    %parti/s 32, 96, 8;
    %assign/vec4 v0x5a150c6a2df0_0, 0;
T_36.2 ;
    %load/vec4 v0x5a150c6a2470_0;
    %flag_set/vec4 8;
    %jmp/0xz  T_36.4, 8;
    %load/vec4 v0x5a150c6a2d30_0;
    %parti/s 32, 64, 8;
    %assign/vec4 v0x5a150c6a2950_0, 0;
T_36.4 ;
    %load/vec4 v0x5a150c6a1ff0_0;
    %flag_set/vec4 8;
    %jmp/0xz  T_36.6, 8;
    %load/vec4 v0x5a150c6a2d30_0;
    %parti/s 32, 32, 7;
    %assign/vec4 v0x5a150c6a2530_0, 0;
T_36.6 ;
    %load/vec4 v0x5a150c6a1c00_0;
    %flag_set/vec4 8;
    %jmp/0xz  T_36.8, 8;
    %load/vec4 v0x5a150c6a2d30_0;
    %parti/s 32, 0, 2;
    %assign/vec4 v0x5a150c6a20b0_0, 0;
T_36.8 ;
    %load/vec4 v0x5a150c69e150_0;
    %flag_set/vec4 8;
    %jmp/0xz  T_36.10, 8;
    %load/vec4 v0x5a150c5c5f30_0;
    %assign/vec4 v0x5a150c69e5d0_0, 0;
T_36.10 ;
    %load/vec4 v0x5a150c69eed0_0;
    %flag_set/vec4 8;
    %jmp/0xz  T_36.12, 8;
    %load/vec4 v0x5a150c69f2b0_0;
    %assign/vec4 v0x5a150c69f390_0, 0;
T_36.12 ;
    %load/vec4 v0x5a150c69fbb0_0;
    %flag_set/vec4 8;
    %jmp/0xz  T_36.14, 8;
    %load/vec4 v0x5a150c6a0030_0;
    %assign/vec4 v0x5a150c6a00f0_0, 0;
T_36.14 ;
    %load/vec4 v0x5a150c6a1310_0;
    %flag_set/vec4 8;
    %jmp/0xz  T_36.16, 8;
    %load/vec4 v0x5a150c6a1750_0;
    %assign/vec4 v0x5a150c6a1230_0, 0;
T_36.16 ;
    %load/vec4 v0x5a150c69d7b0_0;
    %flag_set/vec4 8;
    %jmp/0xz  T_36.18, 8;
    %load/vec4 v0x5a150c69dc30_0;
    %assign/vec4 v0x5a150c69dcf0_0, 0;
T_36.18 ;
    %load/vec4 v0x5a150c69d3f0_0;
    %flag_set/vec4 8;
    %jmp/0xz  T_36.20, 8;
    %load/vec4 v0x5a150c69d850_0;
    %assign/vec4 v0x5a150c69d330_0, 0;
T_36.20 ;
    %load/vec4 v0x5a150c69cb10_0;
    %flag_set/vec4 8;
    %jmp/0xz  T_36.22, 8;
    %load/vec4 v0x5a150c69cf70_0;
    %assign/vec4 v0x5a150c69ca30_0, 0;
T_36.22 ;
    %load/vec4 v0x5a150c69bcb0_0;
    %flag_set/vec4 8;
    %jmp/0xz  T_36.24, 8;
    %load/vec4 v0x5a150c69c130_0;
    %assign/vec4 v0x5a150c69c1f0_0, 0;
T_36.24 ;
T_36.1 ;
    %end;
    .scope S_0x5a150c6af330;
t_0 %join;
    %jmp T_36;
    .thread T_36;
    .scope S_0x5a150c6af330;
T_37 ;
    %wait E_0x5a150c6ec060;
    %fork t_3, S_0x5a150c6a67b0;
    %jmp t_2;
    .scope S_0x5a150c6a67b0;
t_3 ;
    %pushi/vec4 0, 0, 128;
    %store/vec4 v0x5a150c6a2d30_0, 0, 128;
    %pushi/vec4 0, 0, 32;
    %store/vec4 v0x5a150c6a0e80_0, 0, 32;
    %pushi/vec4 0, 0, 1;
    %store/vec4 v0x5a150c6a28b0_0, 0, 1;
    %pushi/vec4 0, 0, 1;
    %store/vec4 v0x5a150c6a2470_0, 0, 1;
    %pushi/vec4 0, 0, 1;
    %store/vec4 v0x5a150c6a1ff0_0, 0, 1;
    %pushi/vec4 0, 0, 1;
    %store/vec4 v0x5a150c6a1c00_0, 0, 1;
    %load/vec4 v0x5a150c6a2df0_0;
    %load/vec4 v0x5a150c6a2950_0;
    %concat/vec4; draw_concat_vec4
    %load/vec4 v0x5a150c6a2530_0;
    %concat/vec4; draw_concat_vec4
    %load/vec4 v0x5a150c6a20b0_0;
    %concat/vec4; draw_concat_vec4
    %store/vec4 v0x5a150c6a5a70_0, 0, 128;
    %alloc S_0x5a150c6a5130;
    %load/vec4 v0x5a150c6a5a70_0;
    %store/vec4 v0x5a150c6a5690_0, 0, 128;
    %callf/vec4 TD_aes.core.enc_block.shiftrows, S_0x5a150c6a5130;
    %free S_0x5a150c6a5130;
    %store/vec4 v0x5a150c6a55b0_0, 0, 128;
    %alloc S_0x5a150c6aafb0;
    %load/vec4 v0x5a150c6a55b0_0;
    %store/vec4 v0x5a150c6aab30_0, 0, 128;
    %callf/vec4 TD_aes.core.enc_block.mixcolumns, S_0x5a150c6aafb0;
    %free S_0x5a150c6aafb0;
    %store/vec4 v0x5a150c6a5fb0_0, 0, 128;
    %alloc S_0x5a150c6ad830;
    %load/vec4 v0x5a150c6a3710_0;
    %load/vec4 v0x5a150c69e9b0_0;
    %store/vec4 v0x5a150c6ad490_0, 0, 128;
    %store/vec4 v0x5a150c6ad3b0_0, 0, 128;
    %callf/vec4 TD_aes.core.enc_block.addroundkey, S_0x5a150c6ad830;
    %free S_0x5a150c6ad830;
    %store/vec4 v0x5a150c6a6430_0, 0, 128;
    %alloc S_0x5a150c6ad830;
    %load/vec4 v0x5a150c6a5fb0_0;
    %load/vec4 v0x5a150c69e9b0_0;
    %store/vec4 v0x5a150c6ad490_0, 0, 128;
    %store/vec4 v0x5a150c6ad3b0_0, 0, 128;
    %callf/vec4 TD_aes.core.enc_block.addroundkey, S_0x5a150c6ad830;
    %free S_0x5a150c6ad830;
    %store/vec4 v0x5a150c6a5ed0_0, 0, 128;
    %alloc S_0x5a150c6ad830;
    %load/vec4 v0x5a150c6a55b0_0;
    %load/vec4 v0x5a150c69e9b0_0;
    %store/vec4 v0x5a150c6ad490_0, 0, 128;
    %store/vec4 v0x5a150c6ad3b0_0, 0, 128;
    %callf/vec4 TD_aes.core.enc_block.addroundkey, S_0x5a150c6ad830;
    %free S_0x5a150c6ad830;
    %store/vec4 v0x5a150c6a6330_0, 0, 128;
    %load/vec4 v0x5a150c69bd50_0;
    %dup/vec4;
    %pushi/vec4 1, 0, 3;
    %cmp/u;
    %jmp/1 T_37.0, 6;
    %dup/vec4;
    %pushi/vec4 2, 0, 3;
    %cmp/u;
    %jmp/1 T_37.1, 6;
    %dup/vec4;
    %pushi/vec4 3, 0, 3;
    %cmp/u;
    %jmp/1 T_37.2, 6;
    %dup/vec4;
    %pushi/vec4 4, 0, 3;
    %cmp/u;
    %jmp/1 T_37.3, 6;
    %jmp T_37.5;
T_37.0 ;
    %load/vec4 v0x5a150c6a6430_0;
    %store/vec4 v0x5a150c6a2d30_0, 0, 128;
    %pushi/vec4 1, 0, 1;
    %store/vec4 v0x5a150c6a28b0_0, 0, 1;
    %pushi/vec4 1, 0, 1;
    %store/vec4 v0x5a150c6a2470_0, 0, 1;
    %pushi/vec4 1, 0, 1;
    %store/vec4 v0x5a150c6a1ff0_0, 0, 1;
    %pushi/vec4 1, 0, 1;
    %store/vec4 v0x5a150c6a1c00_0, 0, 1;
    %jmp T_37.5;
T_37.1 ;
    %load/vec4 v0x5a150c6a0a10_0;
    %load/vec4 v0x5a150c6a0a10_0;
    %concat/vec4; draw_concat_vec4
    %load/vec4 v0x5a150c6a0a10_0;
    %concat/vec4; draw_concat_vec4
    %load/vec4 v0x5a150c6a0a10_0;
    %concat/vec4; draw_concat_vec4
    %store/vec4 v0x5a150c6a2d30_0, 0, 128;
    %load/vec4 v0x5a150c69e5d0_0;
    %dup/vec4;
    %pushi/vec4 0, 0, 2;
    %cmp/u;
    %jmp/1 T_37.6, 6;
    %dup/vec4;
    %pushi/vec4 1, 0, 2;
    %cmp/u;
    %jmp/1 T_37.7, 6;
    %dup/vec4;
    %pushi/vec4 2, 0, 2;
    %cmp/u;
    %jmp/1 T_37.8, 6;
    %dup/vec4;
    %pushi/vec4 3, 0, 2;
    %cmp/u;
    %jmp/1 T_37.9, 6;
    %jmp T_37.10;
T_37.6 ;
    %load/vec4 v0x5a150c6a2df0_0;
    %store/vec4 v0x5a150c6a0e80_0, 0, 32;
    %pushi/vec4 1, 0, 1;
    %store/vec4 v0x5a150c6a28b0_0, 0, 1;
    %jmp T_37.10;
T_37.7 ;
    %load/vec4 v0x5a150c6a2950_0;
    %store/vec4 v0x5a150c6a0e80_0, 0, 32;
    %pushi/vec4 1, 0, 1;
    %store/vec4 v0x5a150c6a2470_0, 0, 1;
    %jmp T_37.10;
T_37.8 ;
    %load/vec4 v0x5a150c6a2530_0;
    %store/vec4 v0x5a150c6a0e80_0, 0, 32;
    %pushi/vec4 1, 0, 1;
    %store/vec4 v0x5a150c6a1ff0_0, 0, 1;
    %jmp T_37.10;
T_37.9 ;
    %load/vec4 v0x5a150c6a20b0_0;
    %store/vec4 v0x5a150c6a0e80_0, 0, 32;
    %pushi/vec4 1, 0, 1;
    %store/vec4 v0x5a150c6a1c00_0, 0, 1;
    %jmp T_37.10;
T_37.10 ;
    %pop/vec4 1;
    %jmp T_37.5;
T_37.2 ;
    %load/vec4 v0x5a150c6a5ed0_0;
    %store/vec4 v0x5a150c6a2d30_0, 0, 128;
    %pushi/vec4 1, 0, 1;
    %store/vec4 v0x5a150c6a28b0_0, 0, 1;
    %pushi/vec4 1, 0, 1;
    %store/vec4 v0x5a150c6a2470_0, 0, 1;
    %pushi/vec4 1, 0, 1;
    %store/vec4 v0x5a150c6a1ff0_0, 0, 1;
    %pushi/vec4 1, 0, 1;
    %store/vec4 v0x5a150c6a1c00_0, 0, 1;
    %jmp T_37.5;
T_37.3 ;
    %load/vec4 v0x5a150c6a6330_0;
    %store/vec4 v0x5a150c6a2d30_0, 0, 128;
    %pushi/vec4 1, 0, 1;
    %store/vec4 v0x5a150c6a28b0_0, 0, 1;
    %pushi/vec4 1, 0, 1;
    %store/vec4 v0x5a150c6a2470_0, 0, 1;
    %pushi/vec4 1, 0, 1;
    %store/vec4 v0x5a150c6a1ff0_0, 0, 1;
    %pushi/vec4 1, 0, 1;
    %store/vec4 v0x5a150c6a1c00_0, 0, 1;
    %jmp T_37.5;
T_37.5 ;
    %pop/vec4 1;
    %end;
    .scope S_0x5a150c6af330;
t_2 %join;
    %jmp T_37;
    .thread T_37, $push;
    .scope S_0x5a150c6af330;
T_38 ;
    %wait E_0x5a150c6dbde0;
    %fork t_5, S_0x5a150c6a31b0;
    %jmp t_4;
    .scope S_0x5a150c6a31b0;
t_5 ;
    %pushi/vec4 0, 0, 2;
    %store/vec4 v0x5a150c5c5f30_0, 0, 2;
    %pushi/vec4 0, 0, 1;
    %store/vec4 v0x5a150c69e150_0, 0, 1;
    %load/vec4 v0x5a150c69e0b0_0;
    %flag_set/vec4 8;
    %jmp/0xz  T_38.0, 8;
    %pushi/vec4 0, 0, 2;
    %store/vec4 v0x5a150c5c5f30_0, 0, 2;
    %pushi/vec4 1, 0, 1;
    %store/vec4 v0x5a150c69e150_0, 0, 1;
    %jmp T_38.1;
T_38.0 ;
    %load/vec4 v0x5a150c69e530_0;
    %flag_set/vec4 8;
    %jmp/0xz  T_38.2, 8;
    %load/vec4 v0x5a150c69e5d0_0;
    %addi 1, 0, 2;
    %store/vec4 v0x5a150c5c5f30_0, 0, 2;
    %pushi/vec4 1, 0, 1;
    %store/vec4 v0x5a150c69e150_0, 0, 1;
T_38.2 ;
T_38.1 ;
    %end;
    .scope S_0x5a150c6af330;
t_4 %join;
    %jmp T_38;
    .thread T_38, $push;
    .scope S_0x5a150c6af330;
T_39 ;
    %wait E_0x5a150c5c5130;
    %fork t_7, S_0x5a150c6a6c30;
    %jmp t_6;
    .scope S_0x5a150c6a6c30;
t_7 ;
    %pushi/vec4 0, 0, 4;
    %store/vec4 v0x5a150c69f2b0_0, 0, 4;
    %pushi/vec4 0, 0, 1;
    %store/vec4 v0x5a150c69eed0_0, 0, 1;
    %load/vec4 v0x5a150c69ee30_0;
    %flag_set/vec4 8;
    %jmp/0xz  T_39.0, 8;
    %pushi/vec4 0, 0, 4;
    %store/vec4 v0x5a150c69f2b0_0, 0, 4;
    %pushi/vec4 1, 0, 1;
    %store/vec4 v0x5a150c69eed0_0, 0, 1;
    %jmp T_39.1;
T_39.0 ;
    %load/vec4 v0x5a150c69f7f0_0;
    %flag_set/vec4 8;
    %jmp/0xz  T_39.2, 8;
    %load/vec4 v0x5a150c69f390_0;
    %addi 1, 0, 4;
    %store/vec4 v0x5a150c69f2b0_0, 0, 4;
    %pushi/vec4 1, 0, 1;
    %store/vec4 v0x5a150c69eed0_0, 0, 1;
T_39.2 ;
T_39.1 ;
    %end;
    .scope S_0x5a150c6af330;
t_6 %join;
    %jmp T_39;
    .thread T_39, $push;
    .scope S_0x5a150c6af330;
T_40 ;
    %wait E_0x5a150c7074e0;
    %fork t_9, S_0x5a150c6acf30;
    %jmp t_8;
    .scope S_0x5a150c6acf30;
t_9 ;
    %pushi/vec4 0, 0, 1;
    %store/vec4 v0x5a150c69e530_0, 0, 1;
    %pushi/vec4 0, 0, 1;
    %store/vec4 v0x5a150c69e0b0_0, 0, 1;
    %pushi/vec4 0, 0, 1;
    %store/vec4 v0x5a150c69f7f0_0, 0, 1;
    %pushi/vec4 0, 0, 1;
    %store/vec4 v0x5a150c69ee30_0, 0, 1;
    %pushi/vec4 0, 0, 1;
    %store/vec4 v0x5a150c6a0030_0, 0, 1;
    %pushi/vec4 0, 0, 1;
    %store/vec4 v0x5a150c69fbb0_0, 0, 1;
    %pushi/vec4 0, 0, 3;
    %store/vec4 v0x5a150c69bd50_0, 0, 3;
    %pushi/vec4 0, 0, 2;
    %store/vec4 v0x5a150c6a1750_0, 0, 2;
    %pushi/vec4 0, 0, 1;
    %store/vec4 v0x5a150c6a1310_0, 0, 1;
    %load/vec4 v0x5a150c6a0db0_0;
    %cmpi/e 1, 0, 1;
    %jmp/0xz  T_40.0, 4;
    %pushi/vec4 14, 0, 4;
    %store/vec4 v0x5a150c6acb20_0, 0, 4;
    %jmp T_40.1;
T_40.0 ;
    %pushi/vec4 10, 0, 4;
    %store/vec4 v0x5a150c6acb20_0, 0, 4;
T_40.1 ;
    %load/vec4 v0x5a150c6a1230_0;
    %dup/vec4;
    %pushi/vec4 0, 0, 2;
    %cmp/u;
    %jmp/1 T_40.2, 6;
    %dup/vec4;
    %pushi/vec4 1, 0, 2;
    %cmp/u;
    %jmp/1 T_40.3, 6;
    %dup/vec4;
    %pushi/vec4 2, 0, 2;
    %cmp/u;
    %jmp/1 T_40.4, 6;
    %dup/vec4;
    %pushi/vec4 3, 0, 2;
    %cmp/u;
    %jmp/1 T_40.5, 6;
    %jmp T_40.7;
T_40.2 ;
    %load/vec4 v0x5a150c6a04b0_0;
    %flag_set/vec4 8;
    %jmp/0xz  T_40.8, 8;
    %pushi/vec4 1, 0, 1;
    %store/vec4 v0x5a150c69ee30_0, 0, 1;
    %pushi/vec4 0, 0, 1;
    %store/vec4 v0x5a150c6a0030_0, 0, 1;
    %pushi/vec4 1, 0, 1;
    %store/vec4 v0x5a150c69fbb0_0, 0, 1;
    %pushi/vec4 1, 0, 2;
    %store/vec4 v0x5a150c6a1750_0, 0, 2;
    %pushi/vec4 1, 0, 1;
    %store/vec4 v0x5a150c6a1310_0, 0, 1;
T_40.8 ;
    %jmp T_40.7;
T_40.3 ;
    %pushi/vec4 1, 0, 1;
    %store/vec4 v0x5a150c69f7f0_0, 0, 1;
    %pushi/vec4 1, 0, 1;
    %store/vec4 v0x5a150c69e0b0_0, 0, 1;
    %pushi/vec4 1, 0, 3;
    %store/vec4 v0x5a150c69bd50_0, 0, 3;
    %pushi/vec4 2, 0, 2;
    %store/vec4 v0x5a150c6a1750_0, 0, 2;
    %pushi/vec4 1, 0, 1;
    %store/vec4 v0x5a150c6a1310_0, 0, 1;
    %jmp T_40.7;
T_40.4 ;
    %pushi/vec4 1, 0, 1;
    %store/vec4 v0x5a150c69e530_0, 0, 1;
    %pushi/vec4 2, 0, 3;
    %store/vec4 v0x5a150c69bd50_0, 0, 3;
    %load/vec4 v0x5a150c69e5d0_0;
    %cmpi/e 3, 0, 2;
    %jmp/0xz  T_40.10, 4;
    %pushi/vec4 3, 0, 2;
    %store/vec4 v0x5a150c6a1750_0, 0, 2;
    %pushi/vec4 1, 0, 1;
    %store/vec4 v0x5a150c6a1310_0, 0, 1;
T_40.10 ;
    %jmp T_40.7;
T_40.5 ;
    %pushi/vec4 1, 0, 1;
    %store/vec4 v0x5a150c69e0b0_0, 0, 1;
    %pushi/vec4 1, 0, 1;
    %store/vec4 v0x5a150c69f7f0_0, 0, 1;
    %load/vec4 v0x5a150c69f390_0;
    %load/vec4 v0x5a150c6acb20_0;
    %cmp/u;
    %jmp/0xz  T_40.12, 5;
    %pushi/vec4 3, 0, 3;
    %store/vec4 v0x5a150c69bd50_0, 0, 3;
    %pushi/vec4 2, 0, 2;
    %store/vec4 v0x5a150c6a1750_0, 0, 2;
    %pushi/vec4 1, 0, 1;
    %store/vec4 v0x5a150c6a1310_0, 0, 1;
    %jmp T_40.13;
T_40.12 ;
    %pushi/vec4 4, 0, 3;
    %store/vec4 v0x5a150c69bd50_0, 0, 3;
    %pushi/vec4 1, 0, 1;
    %store/vec4 v0x5a150c6a0030_0, 0, 1;
    %pushi/vec4 1, 0, 1;
    %store/vec4 v0x5a150c69fbb0_0, 0, 1;
    %pushi/vec4 0, 0, 2;
    %store/vec4 v0x5a150c6a1750_0, 0, 2;
    %pushi/vec4 1, 0, 1;
    %store/vec4 v0x5a150c6a1310_0, 0, 1;
T_40.13 ;
    %jmp T_40.7;
T_40.7 ;
    %pop/vec4 1;
    %end;
    .scope S_0x5a150c6af330;
t_8 %join;
    %jmp T_40;
    .thread T_40, $push;
    .scope S_0x5a150c6af330;
T_41 ;
    %wait E_0x5a150c706b80;
    %load/vec4 v0x5a150c69dcf0_0;
    %store/vec4 v0x5a150c69dc30_0, 0, 1;
    %pushi/vec4 0, 0, 1;
    %store/vec4 v0x5a150c69d7b0_0, 0, 1;
    %load/vec4 v0x5a150c69d330_0;
    %store/vec4 v0x5a150c69d850_0, 0, 2;
    %pushi/vec4 0, 0, 1;
    %store/vec4 v0x5a150c69d3f0_0, 0, 1;
    %load/vec4 v0x5a150c69ca30_0;
    %store/vec4 v0x5a150c69cf70_0, 0, 8;
    %pushi/vec4 0, 0, 1;
    %store/vec4 v0x5a150c69cb10_0, 0, 1;
    %pushi/vec4 0, 0, 1;
    %store/vec4 v0x5a150c69c130_0, 0, 1;
    %pushi/vec4 1, 0, 1;
    %store/vec4 v0x5a150c69bcb0_0, 0, 1;
    %load/vec4 v0x5a150c69dcf0_0;
    %nor/r;
    %load/vec4 v0x5a150c69c5b0_0;
    %pushi/vec4 165, 0, 8;
    %cmp/e;
    %flag_get/vec4 4;
    %and;
    %flag_set/vec4 8;
    %jmp/0xz  T_41.0, 8;
    %pushi/vec4 1, 0, 1;
    %store/vec4 v0x5a150c69dc30_0, 0, 1;
    %pushi/vec4 1, 0, 1;
    %store/vec4 v0x5a150c69d7b0_0, 0, 1;
    %pushi/vec4 0, 0, 2;
    %store/vec4 v0x5a150c69d850_0, 0, 2;
    %pushi/vec4 1, 0, 1;
    %store/vec4 v0x5a150c69d3f0_0, 0, 1;
T_41.0 ;
    %load/vec4 v0x5a150c69dcf0_0;
    %flag_set/vec4 8;
    %jmp/0xz  T_41.2, 8;
    %load/vec4 v0x5a150c69d330_0;
    %dup/vec4;
    %pushi/vec4 0, 0, 2;
    %cmp/u;
    %jmp/1 T_41.4, 6;
    %dup/vec4;
    %pushi/vec4 1, 0, 2;
    %cmp/u;
    %jmp/1 T_41.5, 6;
    %dup/vec4;
    %pushi/vec4 2, 0, 2;
    %cmp/u;
    %jmp/1 T_41.6, 6;
    %dup/vec4;
    %pushi/vec4 3, 0, 2;
    %cmp/u;
    %jmp/1 T_41.7, 6;
    %pushi/vec4 0, 0, 8;
    %store/vec4 v0x5a150c69cf70_0, 0, 8;
    %jmp T_41.9;
T_41.4 ;
    %load/vec4 v0x5a150c69e9b0_0;
    %parti/s 8, 120, 8;
    %store/vec4 v0x5a150c69cf70_0, 0, 8;
    %jmp T_41.9;
T_41.5 ;
    %load/vec4 v0x5a150c69e9b0_0;
    %parti/s 8, 112, 8;
    %store/vec4 v0x5a150c69cf70_0, 0, 8;
    %jmp T_41.9;
T_41.6 ;
    %load/vec4 v0x5a150c69e9b0_0;
    %parti/s 8, 104, 8;
    %store/vec4 v0x5a150c69cf70_0, 0, 8;
    %jmp T_41.9;
T_41.7 ;
    %load/vec4 v0x5a150c69e9b0_0;
    %parti/s 8, 96, 8;
    %store/vec4 v0x5a150c69cf70_0, 0, 8;
    %jmp T_41.9;
T_41.9 ;
    %pop/vec4 1;
    %pushi/vec4 1, 0, 1;
    %store/vec4 v0x5a150c69cb10_0, 0, 1;
    %pushi/vec4 1, 0, 1;
    %store/vec4 v0x5a150c69c130_0, 0, 1;
    %pushi/vec4 1, 0, 1;
    %store/vec4 v0x5a150c69bcb0_0, 0, 1;
    %load/vec4 v0x5a150c69d330_0;
    %cmpi/ne 3, 0, 2;
    %jmp/0xz  T_41.10, 4;
    %load/vec4 v0x5a150c69d330_0;
    %addi 1, 0, 2;
    %store/vec4 v0x5a150c69d850_0, 0, 2;
    %pushi/vec4 1, 0, 1;
    %store/vec4 v0x5a150c69d3f0_0, 0, 1;
    %jmp T_41.11;
T_41.10 ;
    %load/vec4 v0x5a150c69d330_0;
    %store/vec4 v0x5a150c69d850_0, 0, 2;
    %pushi/vec4 0, 0, 1;
    %store/vec4 v0x5a150c69d3f0_0, 0, 1;
T_41.11 ;
    %jmp T_41.3;
T_41.2 ;
    %pushi/vec4 0, 0, 1;
    %store/vec4 v0x5a150c69c130_0, 0, 1;
    %pushi/vec4 1, 0, 1;
    %store/vec4 v0x5a150c69bcb0_0, 0, 1;
T_41.3 ;
    %jmp T_41;
    .thread T_41, $push;
    .scope S_0x5a150c6c5b30;
T_42 ;
    %wait E_0x5a150c706e00;
    %load/vec4 v0x5a150c6bc270_0;
    %nor/r;
    %flag_set/vec4 8;
    %jmp/0xz  T_42.0, 8;
    %pushi/vec4 0, 0, 8;
    %assign/vec4 v0x5a150c6bbeb0_0, 0;
    %pushi/vec4 0, 0, 1;
    %assign/vec4 v0x5a150c6bbdf0_0, 0;
    %pushi/vec4 0, 0, 8;
    %assign/vec4 v0x5a150c6bc6d0_0, 0;
    %pushi/vec4 0, 0, 1;
    %assign/vec4 v0x5a150c6bb4b0_0, 0;
    %jmp T_42.1;
T_42.0 ;
    %load/vec4 v0x5a150c6bb970_0;
    %pushi/vec4 165, 0, 8;
    %cmp/e;
    %flag_get/vec4 4;
    %load/vec4 v0x5a150c6bbeb0_0;
    %pushi/vec4 0, 0, 8;
    %cmp/e;
    %flag_get/vec4 4;
    %and;
    %flag_set/vec4 8;
    %jmp/0xz  T_42.2, 8;
    %pushi/vec4 1, 0, 1;
    %assign/vec4 v0x5a150c6bbdf0_0, 0;
    %pushi/vec4 1, 0, 8;
    %assign/vec4 v0x5a150c6bbeb0_0, 0;
    %load/vec4 v0x5a150c6bc330_0;
    %parti/s 8, 0, 2;
    %assign/vec4 v0x5a150c6bc6d0_0, 0;
    %jmp T_42.3;
T_42.2 ;
    %load/vec4 v0x5a150c6bbdf0_0;
    %load/vec4 v0x5a150c6bbeb0_0;
    %cmpi/u 8, 0, 8;
    %flag_get/vec4 5;
    %and;
    %flag_set/vec4 8;
    %jmp/0xz  T_42.4, 8;
    %load/vec4 v0x5a150c6bc6d0_0;
    %pushi/vec4 7, 0, 32;
    %load/vec4 v0x5a150c6bbeb0_0;
    %pad/u 32;
    %sub;
    %addi 1, 0, 32;
    %part/u 1;
    %assign/vec4 v0x5a150c6bb4b0_0, 0;
    %load/vec4 v0x5a150c6bbeb0_0;
    %addi 1, 0, 8;
    %assign/vec4 v0x5a150c6bbeb0_0, 0;
    %jmp T_42.5;
T_42.4 ;
    %load/vec4 v0x5a150c6bbdf0_0;
    %pushi/vec4 8, 0, 8;
    %load/vec4 v0x5a150c6bbeb0_0;
    %cmp/u;
    %flag_get/vec4 4;
    %flag_get/vec4 5;
    %or;
    %and;
    %flag_set/vec4 8;
    %jmp/0xz  T_42.6, 8;
    %pushi/vec4 0, 0, 1;
    %assign/vec4 v0x5a150c6bbdf0_0, 0;
    %pushi/vec4 0, 0, 8;
    %assign/vec4 v0x5a150c6bbeb0_0, 0;
    %pushi/vec4 0, 0, 1;
    %assign/vec4 v0x5a150c6bb4b0_0, 0;
    %jmp T_42.7;
T_42.6 ;
    %pushi/vec4 0, 0, 1;
    %assign/vec4 v0x5a150c6bb4b0_0, 0;
T_42.7 ;
T_42.5 ;
T_42.3 ;
T_42.1 ;
    %jmp T_42;
    .thread T_42;
    .scope S_0x5a150c677d50;
T_43 ;
    %wait E_0x5a150c5c7490;
    %load/vec4 v0x5a150c6b0530_0;
    %store/vec4 v0x5a150c6b05f0_0, 0, 3;
    %pushi/vec4 0, 0, 1;
    %store/vec4 v0x5a150c6b00b0_0, 0, 1;
    %load/vec4 v0x5a150c6afc30_0;
    %store/vec4 v0x5a150c6b0170_0, 0, 1;
    %pushi/vec4 0, 0, 1;
    %store/vec4 v0x5a150c6afcd0_0, 0, 1;
    %load/vec4 v0x5a150c6afc30_0;
    %nor/r;
    %flag_set/vec4 8;
    %jmp/0xz  T_43.0, 8;
    %load/vec4 v0x5a150c6b6490_0;
    %parti/s 8, 0, 2;
    %pushi/vec4 165, 0, 8;
    %cmp/e;
    %flag_get/vec4 4;
    %load/vec4 v0x5a150c6b36b0_0;
    %and;
    %flag_set/vec4 8;
    %jmp/0xz  T_43.2, 8;
    %load/vec4 v0x5a150c6b0530_0;
    %cmpi/e 7, 0, 3;
    %jmp/0xz  T_43.4, 4;
    %pushi/vec4 0, 0, 3;
    %store/vec4 v0x5a150c6b05f0_0, 0, 3;
    %pushi/vec4 1, 0, 1;
    %store/vec4 v0x5a150c6b0170_0, 0, 1;
    %pushi/vec4 1, 0, 1;
    %store/vec4 v0x5a150c6afcd0_0, 0, 1;
    %pushi/vec4 1, 0, 1;
    %store/vec4 v0x5a150c6b00b0_0, 0, 1;
    %jmp T_43.5;
T_43.4 ;
    %load/vec4 v0x5a150c6b0530_0;
    %addi 1, 0, 3;
    %store/vec4 v0x5a150c6b05f0_0, 0, 3;
    %pushi/vec4 1, 0, 1;
    %store/vec4 v0x5a150c6b00b0_0, 0, 1;
T_43.5 ;
    %jmp T_43.3;
T_43.2 ;
    %load/vec4 v0x5a150c6b36b0_0;
    %flag_set/vec4 8;
    %jmp/0xz  T_43.6, 8;
    %pushi/vec4 0, 0, 3;
    %store/vec4 v0x5a150c6b05f0_0, 0, 3;
    %pushi/vec4 1, 0, 1;
    %store/vec4 v0x5a150c6b00b0_0, 0, 1;
T_43.6 ;
T_43.3 ;
T_43.0 ;
    %jmp T_43;
    .thread T_43, $push;
    .scope S_0x5a150c677d50;
T_44 ;
    %wait E_0x5a150c65f790;
    %fork t_11, S_0x5a150c6b90b0;
    %jmp t_10;
    .scope S_0x5a150c6b90b0;
t_11 ;
    %load/vec4 v0x5a150c6b2e50_0;
    %nor/r;
    %flag_set/vec4 8;
    %jmp/0xz  T_44.0, 8;
    %pushi/vec4 0, 0, 32;
    %assign/vec4 v0x5a150c6b6010_0, 0;
    %pushi/vec4 0, 0, 32;
    %assign/vec4 v0x5a150c6b5b70_0, 0;
    %pushi/vec4 0, 0, 32;
    %assign/vec4 v0x5a150c6b56d0_0, 0;
    %pushi/vec4 0, 0, 32;
    %assign/vec4 v0x5a150c6b5250_0, 0;
    %pushi/vec4 0, 0, 2;
    %assign/vec4 v0x5a150c6b1810_0, 0;
    %pushi/vec4 0, 0, 4;
    %assign/vec4 v0x5a150c6b2590_0, 0;
    %pushi/vec4 1, 0, 1;
    %assign/vec4 v0x5a150c6b32f0_0, 0;
    %pushi/vec4 0, 0, 2;
    %assign/vec4 v0x5a150c6b4510_0, 0;
    %pushi/vec4 0, 0, 1;
    %assign/vec4 v0x5a150c6afc30_0, 0;
    %pushi/vec4 0, 0, 3;
    %assign/vec4 v0x5a150c6b0530_0, 0;
    %pushi/vec4 0, 0, 128;
    %assign/vec4 v0x5a150c6b0a90_0, 0;
    %pushi/vec4 0, 0, 8;
    %assign/vec4 v0x5a150c6b09b0_0, 0;
    %jmp T_44.1;
T_44.0 ;
    %load/vec4 v0x5a150c6b5ab0_0;
    %flag_set/vec4 8;
    %jmp/0xz  T_44.2, 8;
    %load/vec4 v0x5a150c6b5f30_0;
    %parti/s 32, 96, 8;
    %assign/vec4 v0x5a150c6b6010_0, 0;
T_44.2 ;
    %load/vec4 v0x5a150c6b5630_0;
    %flag_set/vec4 8;
    %jmp/0xz  T_44.4, 8;
    %load/vec4 v0x5a150c6b5f30_0;
    %parti/s 32, 64, 8;
    %assign/vec4 v0x5a150c6b5b70_0, 0;
T_44.4 ;
    %load/vec4 v0x5a150c6b51b0_0;
    %flag_set/vec4 8;
    %jmp/0xz  T_44.6, 8;
    %load/vec4 v0x5a150c6b5f30_0;
    %parti/s 32, 32, 7;
    %assign/vec4 v0x5a150c6b56d0_0, 0;
T_44.6 ;
    %load/vec4 v0x5a150c6b4d30_0;
    %flag_set/vec4 8;
    %jmp/0xz  T_44.8, 8;
    %load/vec4 v0x5a150c6b5f30_0;
    %parti/s 32, 0, 2;
    %assign/vec4 v0x5a150c6b5250_0, 0;
T_44.8 ;
    %load/vec4 v0x5a150c6b1350_0;
    %flag_set/vec4 8;
    %jmp/0xz  T_44.10, 8;
    %load/vec4 v0x5a150c6b1730_0;
    %assign/vec4 v0x5a150c6b1810_0, 0;
T_44.10 ;
    %load/vec4 v0x5a150c6b20d0_0;
    %flag_set/vec4 8;
    %jmp/0xz  T_44.12, 8;
    %load/vec4 v0x5a150c6b24b0_0;
    %assign/vec4 v0x5a150c6b2590_0, 0;
T_44.12 ;
    %load/vec4 v0x5a150c6b2db0_0;
    %flag_set/vec4 8;
    %jmp/0xz  T_44.14, 8;
    %load/vec4 v0x5a150c6b3230_0;
    %assign/vec4 v0x5a150c6b32f0_0, 0;
T_44.14 ;
    %load/vec4 v0x5a150c6b3fb0_0;
    %flag_set/vec4 8;
    %jmp/0xz  T_44.16, 8;
    %load/vec4 v0x5a150c6b4430_0;
    %assign/vec4 v0x5a150c6b4510_0, 0;
T_44.16 ;
    %load/vec4 v0x5a150c6afcd0_0;
    %flag_set/vec4 8;
    %jmp/0xz  T_44.18, 8;
    %load/vec4 v0x5a150c6b0170_0;
    %assign/vec4 v0x5a150c6afc30_0, 0;
T_44.18 ;
    %load/vec4 v0x5a150c6b00b0_0;
    %flag_set/vec4 8;
    %jmp/0xz  T_44.20, 8;
    %load/vec4 v0x5a150c6b05f0_0;
    %assign/vec4 v0x5a150c6b0530_0, 0;
T_44.20 ;
    %load/vec4 v0x5a150c6afcd0_0;
    %flag_set/vec4 8;
    %jmp/0xz  T_44.22, 8;
    %load/vec4 v0x5a150c6b1bb0_0;
    %assign/vec4 v0x5a150c6b0a90_0, 0;
T_44.22 ;
    %load/vec4 v0x5a150c6afcd0_0;
    %flag_set/vec4 8;
    %jmp/0xz  T_44.24, 8;
    %pushi/vec4 0, 0, 8;
    %assign/vec4 v0x5a150c6b09b0_0, 0;
    %jmp T_44.25;
T_44.24 ;
    %load/vec4 v0x5a150c6afc30_0;
    %load/vec4 v0x5a150c6b32f0_0;
    %and;
    %load/vec4 v0x5a150c6b09b0_0;
    %cmpi/u 127, 0, 8;
    %flag_get/vec4 5;
    %and;
    %flag_set/vec4 8;
    %jmp/0xz  T_44.26, 8;
    %load/vec4 v0x5a150c6b09b0_0;
    %addi 1, 0, 8;
    %assign/vec4 v0x5a150c6b09b0_0, 0;
T_44.26 ;
T_44.25 ;
T_44.1 ;
    %end;
    .scope S_0x5a150c677d50;
t_10 %join;
    %jmp T_44;
    .thread T_44;
    .scope S_0x5a150c677d50;
T_45 ;
    %wait E_0x5a150c644720;
    %fork t_13, S_0x5a150c6b87b0;
    %jmp t_12;
    .scope S_0x5a150c6b87b0;
t_13 ;
    %pushi/vec4 0, 0, 128;
    %store/vec4 v0x5a150c6b7a30_0, 0, 128;
    %pushi/vec4 0, 0, 128;
    %store/vec4 v0x5a150c6b7f90_0, 0, 128;
    %pushi/vec4 0, 0, 128;
    %store/vec4 v0x5a150c6b7eb0_0, 0, 128;
    %pushi/vec4 0, 0, 128;
    %store/vec4 v0x5a150c6b5f30_0, 0, 128;
    %pushi/vec4 0, 0, 32;
    %store/vec4 v0x5a150c6b0e30_0, 0, 32;
    %pushi/vec4 0, 0, 1;
    %store/vec4 v0x5a150c6b5ab0_0, 0, 1;
    %pushi/vec4 0, 0, 1;
    %store/vec4 v0x5a150c6b5630_0, 0, 1;
    %pushi/vec4 0, 0, 1;
    %store/vec4 v0x5a150c6b51b0_0, 0, 1;
    %pushi/vec4 0, 0, 1;
    %store/vec4 v0x5a150c6b4d30_0, 0, 1;
    %load/vec4 v0x5a150c6b6010_0;
    %load/vec4 v0x5a150c6b5b70_0;
    %concat/vec4; draw_concat_vec4
    %load/vec4 v0x5a150c6b56d0_0;
    %concat/vec4; draw_concat_vec4
    %load/vec4 v0x5a150c6b5250_0;
    %concat/vec4; draw_concat_vec4
    %store/vec4 v0x5a150c6b7af0_0, 0, 128;
    %load/vec4 v0x5a150c6af7b0_0;
    %dup/vec4;
    %pushi/vec4 1, 0, 3;
    %cmp/u;
    %jmp/1 T_45.0, 6;
    %dup/vec4;
    %pushi/vec4 2, 0, 3;
    %cmp/u;
    %jmp/1 T_45.1, 6;
    %dup/vec4;
    %pushi/vec4 3, 0, 3;
    %cmp/u;
    %jmp/1 T_45.2, 6;
    %dup/vec4;
    %pushi/vec4 4, 0, 3;
    %cmp/u;
    %jmp/1 T_45.3, 6;
    %jmp T_45.5;
T_45.0 ;
    %load/vec4 v0x5a150c6b6490_0;
    %store/vec4 v0x5a150c6b7af0_0, 0, 128;
    %alloc S_0x5a150c677970;
    %load/vec4 v0x5a150c6b7af0_0;
    %load/vec4 v0x5a150c6b1bb0_0;
    %store/vec4 v0x5a150c664220_0, 0, 128;
    %store/vec4 v0x5a150c664180_0, 0, 128;
    %callf/vec4 TD_aes.core.dec_block.addroundkey, S_0x5a150c677970;
    %free S_0x5a150c677970;
    %store/vec4 v0x5a150c6b7eb0_0, 0, 128;
    %alloc S_0x5a150c6bb030;
    %load/vec4 v0x5a150c6b7eb0_0;
    %store/vec4 v0x5a150c6babb0_0, 0, 128;
    %callf/vec4 TD_aes.core.dec_block.inv_shiftrows, S_0x5a150c6bb030;
    %free S_0x5a150c6bb030;
    %store/vec4 v0x5a150c6b7a30_0, 0, 128;
    %load/vec4 v0x5a150c6b7a30_0;
    %store/vec4 v0x5a150c6b5f30_0, 0, 128;
    %pushi/vec4 1, 0, 1;
    %store/vec4 v0x5a150c6b5ab0_0, 0, 1;
    %pushi/vec4 1, 0, 1;
    %store/vec4 v0x5a150c6b5630_0, 0, 1;
    %pushi/vec4 1, 0, 1;
    %store/vec4 v0x5a150c6b51b0_0, 0, 1;
    %pushi/vec4 1, 0, 1;
    %store/vec4 v0x5a150c6b4d30_0, 0, 1;
    %jmp T_45.5;
T_45.1 ;
    %load/vec4 v0x5a150c6b3bf0_0;
    %load/vec4 v0x5a150c6b3bf0_0;
    %concat/vec4; draw_concat_vec4
    %load/vec4 v0x5a150c6b3bf0_0;
    %concat/vec4; draw_concat_vec4
    %load/vec4 v0x5a150c6b3bf0_0;
    %concat/vec4; draw_concat_vec4
    %store/vec4 v0x5a150c6b5f30_0, 0, 128;
    %load/vec4 v0x5a150c6b1810_0;
    %dup/vec4;
    %pushi/vec4 0, 0, 2;
    %cmp/u;
    %jmp/1 T_45.6, 6;
    %dup/vec4;
    %pushi/vec4 1, 0, 2;
    %cmp/u;
    %jmp/1 T_45.7, 6;
    %dup/vec4;
    %pushi/vec4 2, 0, 2;
    %cmp/u;
    %jmp/1 T_45.8, 6;
    %dup/vec4;
    %pushi/vec4 3, 0, 2;
    %cmp/u;
    %jmp/1 T_45.9, 6;
    %jmp T_45.10;
T_45.6 ;
    %load/vec4 v0x5a150c6b6010_0;
    %store/vec4 v0x5a150c6b0e30_0, 0, 32;
    %pushi/vec4 1, 0, 1;
    %store/vec4 v0x5a150c6b5ab0_0, 0, 1;
    %jmp T_45.10;
T_45.7 ;
    %load/vec4 v0x5a150c6b5b70_0;
    %store/vec4 v0x5a150c6b0e30_0, 0, 32;
    %pushi/vec4 1, 0, 1;
    %store/vec4 v0x5a150c6b5630_0, 0, 1;
    %jmp T_45.10;
T_45.8 ;
    %load/vec4 v0x5a150c6b56d0_0;
    %store/vec4 v0x5a150c6b0e30_0, 0, 32;
    %pushi/vec4 1, 0, 1;
    %store/vec4 v0x5a150c6b51b0_0, 0, 1;
    %jmp T_45.10;
T_45.9 ;
    %load/vec4 v0x5a150c6b5250_0;
    %store/vec4 v0x5a150c6b0e30_0, 0, 32;
    %pushi/vec4 1, 0, 1;
    %store/vec4 v0x5a150c6b4d30_0, 0, 1;
    %jmp T_45.10;
T_45.10 ;
    %pop/vec4 1;
    %jmp T_45.5;
T_45.2 ;
    %alloc S_0x5a150c677970;
    %load/vec4 v0x5a150c6b7af0_0;
    %load/vec4 v0x5a150c6b1bb0_0;
    %store/vec4 v0x5a150c664220_0, 0, 128;
    %store/vec4 v0x5a150c664180_0, 0, 128;
    %callf/vec4 TD_aes.core.dec_block.addroundkey, S_0x5a150c677970;
    %free S_0x5a150c677970;
    %store/vec4 v0x5a150c6b7eb0_0, 0, 128;
    %alloc S_0x5a150c6c9a30;
    %load/vec4 v0x5a150c6b7eb0_0;
    %store/vec4 v0x5a150c6c9600_0, 0, 128;
    %callf/vec4 TD_aes.core.dec_block.inv_mixcolumns, S_0x5a150c6c9a30;
    %free S_0x5a150c6c9a30;
    %store/vec4 v0x5a150c6b7f90_0, 0, 128;
    %alloc S_0x5a150c6bb030;
    %load/vec4 v0x5a150c6b7f90_0;
    %store/vec4 v0x5a150c6babb0_0, 0, 128;
    %callf/vec4 TD_aes.core.dec_block.inv_shiftrows, S_0x5a150c6bb030;
    %free S_0x5a150c6bb030;
    %store/vec4 v0x5a150c6b7a30_0, 0, 128;
    %load/vec4 v0x5a150c6b7a30_0;
    %store/vec4 v0x5a150c6b5f30_0, 0, 128;
    %pushi/vec4 1, 0, 1;
    %store/vec4 v0x5a150c6b5ab0_0, 0, 1;
    %pushi/vec4 1, 0, 1;
    %store/vec4 v0x5a150c6b5630_0, 0, 1;
    %pushi/vec4 1, 0, 1;
    %store/vec4 v0x5a150c6b51b0_0, 0, 1;
    %pushi/vec4 1, 0, 1;
    %store/vec4 v0x5a150c6b4d30_0, 0, 1;
    %jmp T_45.5;
T_45.3 ;
    %alloc S_0x5a150c677970;
    %load/vec4 v0x5a150c6b7af0_0;
    %load/vec4 v0x5a150c6b1bb0_0;
    %store/vec4 v0x5a150c664220_0, 0, 128;
    %store/vec4 v0x5a150c664180_0, 0, 128;
    %callf/vec4 TD_aes.core.dec_block.addroundkey, S_0x5a150c677970;
    %free S_0x5a150c677970;
    %store/vec4 v0x5a150c6b5f30_0, 0, 128;
    %pushi/vec4 1, 0, 1;
    %store/vec4 v0x5a150c6b5ab0_0, 0, 1;
    %pushi/vec4 1, 0, 1;
    %store/vec4 v0x5a150c6b5630_0, 0, 1;
    %pushi/vec4 1, 0, 1;
    %store/vec4 v0x5a150c6b51b0_0, 0, 1;
    %pushi/vec4 1, 0, 1;
    %store/vec4 v0x5a150c6b4d30_0, 0, 1;
    %jmp T_45.5;
T_45.5 ;
    %pop/vec4 1;
    %end;
    .scope S_0x5a150c677d50;
t_12 %join;
    %jmp T_45;
    .thread T_45, $push;
    .scope S_0x5a150c677d50;
T_46 ;
    %wait E_0x5a150c6447e0;
    %fork t_15, S_0x5a150c6b75b0;
    %jmp t_14;
    .scope S_0x5a150c6b75b0;
t_15 ;
    %pushi/vec4 0, 0, 2;
    %store/vec4 v0x5a150c6b1730_0, 0, 2;
    %pushi/vec4 0, 0, 1;
    %store/vec4 v0x5a150c6b1350_0, 0, 1;
    %load/vec4 v0x5a150c6b12b0_0;
    %flag_set/vec4 8;
    %jmp/0xz  T_46.0, 8;
    %pushi/vec4 0, 0, 2;
    %store/vec4 v0x5a150c6b1730_0, 0, 2;
    %pushi/vec4 1, 0, 1;
    %store/vec4 v0x5a150c6b1350_0, 0, 1;
    %jmp T_46.1;
T_46.0 ;
    %load/vec4 v0x5a150c6b1c90_0;
    %flag_set/vec4 8;
    %jmp/0xz  T_46.2, 8;
    %load/vec4 v0x5a150c6b1810_0;
    %addi 1, 0, 2;
    %store/vec4 v0x5a150c6b1730_0, 0, 2;
    %pushi/vec4 1, 0, 1;
    %store/vec4 v0x5a150c6b1350_0, 0, 1;
T_46.2 ;
T_46.1 ;
    %end;
    .scope S_0x5a150c677d50;
t_14 %join;
    %jmp T_46;
    .thread T_46, $push;
    .scope S_0x5a150c677d50;
T_47 ;
    %wait E_0x5a150c707050;
    %fork t_17, S_0x5a150c6b8c30;
    %jmp t_16;
    .scope S_0x5a150c6b8c30;
t_17 ;
    %pushi/vec4 0, 0, 4;
    %store/vec4 v0x5a150c6b24b0_0, 0, 4;
    %pushi/vec4 0, 0, 1;
    %store/vec4 v0x5a150c6b20d0_0, 0, 1;
    %load/vec4 v0x5a150c6b2030_0;
    %flag_set/vec4 8;
    %jmp/0xz  T_47.0, 8;
    %load/vec4 v0x5a150c6b4070_0;
    %cmpi/e 1, 0, 1;
    %jmp/0xz  T_47.2, 4;
    %pushi/vec4 14, 0, 4;
    %store/vec4 v0x5a150c6b24b0_0, 0, 4;
    %jmp T_47.3;
T_47.2 ;
    %pushi/vec4 10, 0, 4;
    %store/vec4 v0x5a150c6b24b0_0, 0, 4;
T_47.3 ;
    %pushi/vec4 1, 0, 1;
    %store/vec4 v0x5a150c6b20d0_0, 0, 1;
    %jmp T_47.1;
T_47.0 ;
    %load/vec4 v0x5a150c6b2a10_0;
    %flag_set/vec4 8;
    %jmp/0xz  T_47.4, 8;
    %load/vec4 v0x5a150c6b2590_0;
    %subi 1, 0, 4;
    %store/vec4 v0x5a150c6b24b0_0, 0, 4;
    %pushi/vec4 1, 0, 1;
    %store/vec4 v0x5a150c6b20d0_0, 0, 1;
T_47.4 ;
T_47.1 ;
    %end;
    .scope S_0x5a150c677d50;
t_16 %join;
    %jmp T_47;
    .thread T_47, $push;
    .scope S_0x5a150c677d50;
T_48 ;
    %wait E_0x5a150c716720;
    %fork t_19, S_0x5a150c707a50;
    %jmp t_18;
    .scope S_0x5a150c707a50;
t_19 ;
    %pushi/vec4 0, 0, 1;
    %store/vec4 v0x5a150c6b1c90_0, 0, 1;
    %pushi/vec4 0, 0, 1;
    %store/vec4 v0x5a150c6b12b0_0, 0, 1;
    %pushi/vec4 0, 0, 1;
    %store/vec4 v0x5a150c6b2a10_0, 0, 1;
    %pushi/vec4 0, 0, 1;
    %store/vec4 v0x5a150c6b2030_0, 0, 1;
    %pushi/vec4 0, 0, 1;
    %store/vec4 v0x5a150c6b3230_0, 0, 1;
    %pushi/vec4 0, 0, 1;
    %store/vec4 v0x5a150c6b2db0_0, 0, 1;
    %pushi/vec4 0, 0, 3;
    %store/vec4 v0x5a150c6af7b0_0, 0, 3;
    %pushi/vec4 0, 0, 2;
    %store/vec4 v0x5a150c6b4430_0, 0, 2;
    %pushi/vec4 0, 0, 1;
    %store/vec4 v0x5a150c6b3fb0_0, 0, 1;
    %load/vec4 v0x5a150c6b4510_0;
    %dup/vec4;
    %pushi/vec4 0, 0, 2;
    %cmp/u;
    %jmp/1 T_48.0, 6;
    %dup/vec4;
    %pushi/vec4 1, 0, 2;
    %cmp/u;
    %jmp/1 T_48.1, 6;
    %dup/vec4;
    %pushi/vec4 2, 0, 2;
    %cmp/u;
    %jmp/1 T_48.2, 6;
    %dup/vec4;
    %pushi/vec4 3, 0, 2;
    %cmp/u;
    %jmp/1 T_48.3, 6;
    %jmp T_48.5;
T_48.0 ;
    %load/vec4 v0x5a150c6b36b0_0;
    %flag_set/vec4 8;
    %jmp/0xz  T_48.6, 8;
    %pushi/vec4 1, 0, 1;
    %store/vec4 v0x5a150c6b2030_0, 0, 1;
    %pushi/vec4 0, 0, 1;
    %store/vec4 v0x5a150c6b3230_0, 0, 1;
    %pushi/vec4 1, 0, 1;
    %store/vec4 v0x5a150c6b2db0_0, 0, 1;
    %pushi/vec4 1, 0, 2;
    %store/vec4 v0x5a150c6b4430_0, 0, 2;
    %pushi/vec4 1, 0, 1;
    %store/vec4 v0x5a150c6b3fb0_0, 0, 1;
T_48.6 ;
    %jmp T_48.5;
T_48.1 ;
    %pushi/vec4 1, 0, 1;
    %store/vec4 v0x5a150c6b12b0_0, 0, 1;
    %pushi/vec4 1, 0, 3;
    %store/vec4 v0x5a150c6af7b0_0, 0, 3;
    %pushi/vec4 2, 0, 2;
    %store/vec4 v0x5a150c6b4430_0, 0, 2;
    %pushi/vec4 1, 0, 1;
    %store/vec4 v0x5a150c6b3fb0_0, 0, 1;
    %jmp T_48.5;
T_48.2 ;
    %pushi/vec4 1, 0, 1;
    %store/vec4 v0x5a150c6b1c90_0, 0, 1;
    %pushi/vec4 2, 0, 3;
    %store/vec4 v0x5a150c6af7b0_0, 0, 3;
    %load/vec4 v0x5a150c6b1810_0;
    %cmpi/e 3, 0, 2;
    %jmp/0xz  T_48.8, 4;
    %pushi/vec4 1, 0, 1;
    %store/vec4 v0x5a150c6b2a10_0, 0, 1;
    %pushi/vec4 3, 0, 2;
    %store/vec4 v0x5a150c6b4430_0, 0, 2;
    %pushi/vec4 1, 0, 1;
    %store/vec4 v0x5a150c6b3fb0_0, 0, 1;
T_48.8 ;
    %jmp T_48.5;
T_48.3 ;
    %pushi/vec4 1, 0, 1;
    %store/vec4 v0x5a150c6b12b0_0, 0, 1;
    %load/vec4 v0x5a150c6b2590_0;
    %pad/u 32;
    %cmpi/u 0, 0, 32;
    %flag_or 5, 4; GT is !LE
    %flag_inv 5;
    %jmp/0xz  T_48.10, 5;
    %pushi/vec4 3, 0, 3;
    %store/vec4 v0x5a150c6af7b0_0, 0, 3;
    %pushi/vec4 2, 0, 2;
    %store/vec4 v0x5a150c6b4430_0, 0, 2;
    %pushi/vec4 1, 0, 1;
    %store/vec4 v0x5a150c6b3fb0_0, 0, 1;
    %jmp T_48.11;
T_48.10 ;
    %pushi/vec4 4, 0, 3;
    %store/vec4 v0x5a150c6af7b0_0, 0, 3;
    %pushi/vec4 1, 0, 1;
    %store/vec4 v0x5a150c6b3230_0, 0, 1;
    %pushi/vec4 1, 0, 1;
    %store/vec4 v0x5a150c6b2db0_0, 0, 1;
    %pushi/vec4 0, 0, 2;
    %store/vec4 v0x5a150c6b4430_0, 0, 2;
    %pushi/vec4 1, 0, 1;
    %store/vec4 v0x5a150c6b3fb0_0, 0, 1;
T_48.11 ;
    %jmp T_48.5;
T_48.5 ;
    %pop/vec4 1;
    %end;
    .scope S_0x5a150c677d50;
t_18 %join;
    %jmp T_48;
    .thread T_48, $push;
    .scope S_0x5a150c69af30;
T_49 ;
    %wait E_0x5a150c65f790;
    %fork t_21, S_0x5a150c630a70;
    %jmp t_20;
    .scope S_0x5a150c630a70;
t_21 ;
    %load/vec4 v0x5a150c628c70_0;
    %nor/r;
    %flag_set/vec4 8;
    %jmp/0xz  T_49.0, 8;
    %pushi/vec4 0, 0, 32;
    %store/vec4 v0x5a150c6305f0_0, 0, 32;
T_49.2 ;
    %load/vec4 v0x5a150c6305f0_0;
    %cmpi/s 14, 0, 32;
    %flag_or 5, 4;
    %jmp/0xz T_49.3, 5;
    %pushi/vec4 0, 0, 128;
    %ix/getv/s 3, v0x5a150c6305f0_0;
    %ix/load 4, 0, 0; Constant delay
    %assign/vec4/a/d v0x5a150c62cc10, 0, 4;
    %load/vec4 v0x5a150c6305f0_0;
    %addi 1, 0, 32;
    %store/vec4 v0x5a150c6305f0_0, 0, 32;
    %jmp T_49.2;
T_49.3 ;
    %pushi/vec4 0, 0, 1;
    %assign/vec4 v0x5a150c6290f0_0, 0;
    %pushi/vec4 0, 0, 8;
    %assign/vec4 v0x5a150c629f30_0, 0;
    %pushi/vec4 0, 0, 4;
    %assign/vec4 v0x5a150c628370_0, 0;
    %pushi/vec4 0, 0, 128;
    %assign/vec4 v0x5a150c62abf0_0, 0;
    %pushi/vec4 0, 0, 128;
    %assign/vec4 v0x5a150c62a830_0, 0;
    %pushi/vec4 0, 0, 3;
    %assign/vec4 v0x5a150c62bdf0_0, 0;
    %pushi/vec4 0, 0, 128;
    %assign/vec4 v0x5a150c626cf0_0, 0;
    %pushi/vec4 0, 0, 8;
    %assign/vec4 v0x5a150c6275f0_0, 0;
    %pushi/vec4 0, 0, 1;
    %assign/vec4 v0x5a150c627b30_0, 0;
    %pushi/vec4 0, 0, 1;
    %assign/vec4 v0x5a150c627210_0, 0;
    %pushi/vec4 0, 0, 1;
    %assign/vec4 v0x5a150c627170_0, 0;
    %jmp T_49.1;
T_49.0 ;
    %load/vec4 v0x5a150c6291b0_0;
    %flag_set/vec4 8;
    %jmp/0xz  T_49.4, 8;
    %load/vec4 v0x5a150c629610_0;
    %assign/vec4 v0x5a150c6290f0_0, 0;
T_49.4 ;
    %load/vec4 v0x5a150c629ab0_0;
    %flag_set/vec4 8;
    %jmp/0xz  T_49.6, 8;
    %load/vec4 v0x5a150c62a3b0_0;
    %assign/vec4 v0x5a150c629f30_0, 0;
T_49.6 ;
    %load/vec4 v0x5a150c627ef0_0;
    %flag_set/vec4 8;
    %jmp/0xz  T_49.8, 8;
    %load/vec4 v0x5a150c628890_0;
    %assign/vec4 v0x5a150c628370_0, 0;
T_49.8 ;
    %load/vec4 v0x5a150c62ba50_0;
    %flag_set/vec4 8;
    %jmp/0xz  T_49.10, 8;
    %load/vec4 v0x5a150c62b970_0;
    %load/vec4 v0x5a150c628370_0;
    %pad/u 6;
    %ix/vec4 3;
    %ix/load 4, 0, 0; Constant delay
    %assign/vec4/a/d v0x5a150c62cc10, 0, 4;
T_49.10 ;
    %load/vec4 v0x5a150c62acb0_0;
    %flag_set/vec4 8;
    %jmp/0xz  T_49.12, 8;
    %load/vec4 v0x5a150c62b130_0;
    %assign/vec4 v0x5a150c62abf0_0, 0;
T_49.12 ;
    %load/vec4 v0x5a150c62a2f0_0;
    %flag_set/vec4 8;
    %jmp/0xz  T_49.14, 8;
    %load/vec4 v0x5a150c62a770_0;
    %assign/vec4 v0x5a150c62a830_0, 0;
T_49.14 ;
    %load/vec4 v0x5a150c62bed0_0;
    %flag_set/vec4 8;
    %jmp/0xz  T_49.16, 8;
    %load/vec4 v0x5a150c62c270_0;
    %assign/vec4 v0x5a150c62bdf0_0, 0;
T_49.16 ;
    %load/vec4 v0x5a150c627b30_0;
    %nor/r;
    %load/vec4 v0x5a150c626dd0_0;
    %and;
    %load/vec4 v0x5a150c627210_0;
    %nor/r;
    %and;
    %flag_set/vec4 8;
    %jmp/0xz  T_49.18, 8;
    %load/vec4 v0x5a150c62cb70_0;
    %parti/s 128, 128, 9;
    %assign/vec4 v0x5a150c626cf0_0, 0;
    %pushi/vec4 0, 0, 8;
    %assign/vec4 v0x5a150c6275f0_0, 0;
    %pushi/vec4 1, 0, 1;
    %assign/vec4 v0x5a150c627b30_0, 0;
    %pushi/vec4 0, 0, 1;
    %assign/vec4 v0x5a150c627170_0, 0;
    %jmp T_49.19;
T_49.18 ;
    %load/vec4 v0x5a150c627b30_0;
    %flag_set/vec4 8;
    %jmp/0xz  T_49.20, 8;
    %load/vec4 v0x5a150c626cf0_0;
    %parti/s 1, 127, 8;
    %assign/vec4 v0x5a150c627170_0, 0;
    %load/vec4 v0x5a150c626cf0_0;
    %parti/s 127, 0, 2;
    %concati/vec4 0, 0, 1;
    %assign/vec4 v0x5a150c626cf0_0, 0;
    %load/vec4 v0x5a150c6275f0_0;
    %addi 1, 0, 8;
    %assign/vec4 v0x5a150c6275f0_0, 0;
    %load/vec4 v0x5a150c6275f0_0;
    %cmpi/e 127, 0, 8;
    %jmp/0xz  T_49.22, 4;
    %pushi/vec4 0, 0, 1;
    %assign/vec4 v0x5a150c627b30_0, 0;
    %pushi/vec4 1, 0, 1;
    %assign/vec4 v0x5a150c627210_0, 0;
    %pushi/vec4 0, 0, 1;
    %assign/vec4 v0x5a150c627170_0, 0;
T_49.22 ;
    %jmp T_49.21;
T_49.20 ;
    %load/vec4 v0x5a150c626dd0_0;
    %nor/r;
    %load/vec4 v0x5a150c627210_0;
    %and;
    %flag_set/vec4 8;
    %jmp/0xz  T_49.24, 8;
    %pushi/vec4 1, 0, 1;
    %assign/vec4 v0x5a150c627210_0, 0;
    %jmp T_49.25;
T_49.24 ;
    %pushi/vec4 0, 0, 1;
    %assign/vec4 v0x5a150c627170_0, 0;
T_49.25 ;
T_49.21 ;
T_49.19 ;
T_49.1 ;
    %end;
    .scope S_0x5a150c69af30;
t_20 %join;
    %jmp T_49;
    .thread T_49;
    .scope S_0x5a150c69af30;
T_50 ;
    %wait E_0x5a150c636640;
    %fork t_23, S_0x5a150c6317f0;
    %jmp t_22;
    .scope S_0x5a150c6317f0;
t_23 ;
    %load/vec4 v0x5a150c628d60_0;
    %pad/u 6;
    %ix/vec4 4;
    %load/vec4a v0x5a150c62cc10, 4;
    %store/vec4 v0x5a150c627f90_0, 0, 128;
    %end;
    .scope S_0x5a150c69af30;
t_22 %join;
    %jmp T_50;
    .thread T_50, $push;
    .scope S_0x5a150c69af30;
T_51 ;
    %wait E_0x5a150c57d660;
    %fork t_25, S_0x5a150c62fcf0;
    %jmp t_24;
    .scope S_0x5a150c62fcf0;
t_25 ;
    %pushi/vec4 0, 0, 128;
    %store/vec4 v0x5a150c62b970_0, 0, 128;
    %pushi/vec4 0, 0, 1;
    %store/vec4 v0x5a150c62ba50_0, 0, 1;
    %pushi/vec4 0, 0, 128;
    %store/vec4 v0x5a150c62b130_0, 0, 128;
    %pushi/vec4 0, 0, 1;
    %store/vec4 v0x5a150c62acb0_0, 0, 1;
    %pushi/vec4 0, 0, 128;
    %store/vec4 v0x5a150c62a770_0, 0, 128;
    %pushi/vec4 0, 0, 1;
    %store/vec4 v0x5a150c62a2f0_0, 0, 1;
    %pushi/vec4 0, 0, 32;
    %store/vec4 v0x5a150c62f870_0, 0, 32;
    %pushi/vec4 0, 0, 32;
    %store/vec4 v0x5a150c62f970_0, 0, 32;
    %pushi/vec4 0, 0, 32;
    %store/vec4 v0x5a150c62f3f0_0, 0, 32;
    %pushi/vec4 0, 0, 32;
    %store/vec4 v0x5a150c62f4b0_0, 0, 32;
    %pushi/vec4 1, 0, 1;
    %store/vec4 v0x5a150c6299f0_0, 0, 1;
    %pushi/vec4 0, 0, 1;
    %store/vec4 v0x5a150c629e70_0, 0, 1;
    %load/vec4 v0x5a150c62abf0_0;
    %parti/s 32, 96, 8;
    %store/vec4 v0x5a150c62e750_0, 0, 32;
    %load/vec4 v0x5a150c62abf0_0;
    %parti/s 32, 64, 8;
    %store/vec4 v0x5a150c62e1f0_0, 0, 32;
    %load/vec4 v0x5a150c62abf0_0;
    %parti/s 32, 32, 7;
    %store/vec4 v0x5a150c62e2d0_0, 0, 32;
    %load/vec4 v0x5a150c62abf0_0;
    %parti/s 32, 0, 2;
    %store/vec4 v0x5a150c62dd70_0, 0, 32;
    %load/vec4 v0x5a150c62a830_0;
    %parti/s 32, 96, 8;
    %store/vec4 v0x5a150c62de50_0, 0, 32;
    %load/vec4 v0x5a150c62a830_0;
    %parti/s 32, 64, 8;
    %store/vec4 v0x5a150c62d910_0, 0, 32;
    %load/vec4 v0x5a150c62a830_0;
    %parti/s 32, 32, 7;
    %store/vec4 v0x5a150c62d9f0_0, 0, 32;
    %load/vec4 v0x5a150c62a830_0;
    %parti/s 32, 0, 2;
    %store/vec4 v0x5a150c62d4b0_0, 0, 32;
    %load/vec4 v0x5a150c629f30_0;
    %concati/vec4 0, 0, 24;
    %store/vec4 v0x5a150c62ef70_0, 0, 32;
    %load/vec4 v0x5a150c62d4b0_0;
    %store/vec4 v0x5a150c627a70_0, 0, 32;
    %load/vec4 v0x5a150c62b070_0;
    %parti/s 24, 0, 2;
    %load/vec4 v0x5a150c62b070_0;
    %parti/s 8, 24, 6;
    %concat/vec4; draw_concat_vec4
    %store/vec4 v0x5a150c62eaf0_0, 0, 32;
    %load/vec4 v0x5a150c62eaf0_0;
    %load/vec4 v0x5a150c62ef70_0;
    %xor;
    %store/vec4 v0x5a150c62ebd0_0, 0, 32;
    %load/vec4 v0x5a150c62b070_0;
    %store/vec4 v0x5a150c62e670_0, 0, 32;
    %load/vec4 v0x5a150c4c7cc0_0;
    %flag_set/vec4 8;
    %jmp/0xz  T_51.0, 8;
    %pushi/vec4 0, 0, 1;
    %store/vec4 v0x5a150c6299f0_0, 0, 1;
    %pushi/vec4 1, 0, 1;
    %store/vec4 v0x5a150c62ba50_0, 0, 1;
    %load/vec4 v0x5a150c62b580_0;
    %dup/vec4;
    %pushi/vec4 0, 0, 1;
    %cmp/u;
    %jmp/1 T_51.2, 6;
    %dup/vec4;
    %pushi/vec4 1, 0, 1;
    %cmp/u;
    %jmp/1 T_51.3, 6;
    %jmp T_51.5;
T_51.2 ;
    %load/vec4 v0x5a150c628370_0;
    %pad/u 32;
    %cmpi/e 0, 0, 32;
    %jmp/0xz  T_51.6, 4;
    %load/vec4 v0x5a150c62cb70_0;
    %parti/s 128, 128, 9;
    %store/vec4 v0x5a150c62b970_0, 0, 128;
    %load/vec4 v0x5a150c62cb70_0;
    %parti/s 128, 128, 9;
    %store/vec4 v0x5a150c62a770_0, 0, 128;
    %pushi/vec4 1, 0, 1;
    %store/vec4 v0x5a150c62a2f0_0, 0, 1;
    %pushi/vec4 1, 0, 1;
    %store/vec4 v0x5a150c629e70_0, 0, 1;
    %jmp T_51.7;
T_51.6 ;
    %load/vec4 v0x5a150c62de50_0;
    %load/vec4 v0x5a150c62ebd0_0;
    %xor;
    %store/vec4 v0x5a150c62f870_0, 0, 32;
    %load/vec4 v0x5a150c62d910_0;
    %load/vec4 v0x5a150c62de50_0;
    %xor;
    %load/vec4 v0x5a150c62ebd0_0;
    %xor;
    %store/vec4 v0x5a150c62f970_0, 0, 32;
    %load/vec4 v0x5a150c62d9f0_0;
    %load/vec4 v0x5a150c62d910_0;
    %xor;
    %load/vec4 v0x5a150c62de50_0;
    %xor;
    %load/vec4 v0x5a150c62ebd0_0;
    %xor;
    %store/vec4 v0x5a150c62f3f0_0, 0, 32;
    %load/vec4 v0x5a150c62d4b0_0;
    %load/vec4 v0x5a150c62d9f0_0;
    %xor;
    %load/vec4 v0x5a150c62d910_0;
    %xor;
    %load/vec4 v0x5a150c62de50_0;
    %xor;
    %load/vec4 v0x5a150c62ebd0_0;
    %xor;
    %store/vec4 v0x5a150c62f4b0_0, 0, 32;
    %load/vec4 v0x5a150c62f870_0;
    %load/vec4 v0x5a150c62f970_0;
    %concat/vec4; draw_concat_vec4
    %load/vec4 v0x5a150c62f3f0_0;
    %concat/vec4; draw_concat_vec4
    %load/vec4 v0x5a150c62f4b0_0;
    %concat/vec4; draw_concat_vec4
    %store/vec4 v0x5a150c62b970_0, 0, 128;
    %load/vec4 v0x5a150c62f870_0;
    %load/vec4 v0x5a150c62f970_0;
    %concat/vec4; draw_concat_vec4
    %load/vec4 v0x5a150c62f3f0_0;
    %concat/vec4; draw_concat_vec4
    %load/vec4 v0x5a150c62f4b0_0;
    %concat/vec4; draw_concat_vec4
    %store/vec4 v0x5a150c62a770_0, 0, 128;
    %pushi/vec4 1, 0, 1;
    %store/vec4 v0x5a150c62a2f0_0, 0, 1;
    %pushi/vec4 1, 0, 1;
    %store/vec4 v0x5a150c629e70_0, 0, 1;
T_51.7 ;
    %jmp T_51.5;
T_51.3 ;
    %load/vec4 v0x5a150c628370_0;
    %pad/u 32;
    %cmpi/e 0, 0, 32;
    %jmp/0xz  T_51.8, 4;
    %load/vec4 v0x5a150c62cb70_0;
    %parti/s 128, 128, 9;
    %store/vec4 v0x5a150c62b970_0, 0, 128;
    %load/vec4 v0x5a150c62cb70_0;
    %parti/s 128, 128, 9;
    %store/vec4 v0x5a150c62b130_0, 0, 128;
    %pushi/vec4 1, 0, 1;
    %store/vec4 v0x5a150c62acb0_0, 0, 1;
    %jmp T_51.9;
T_51.8 ;
    %load/vec4 v0x5a150c628370_0;
    %pad/u 32;
    %cmpi/e 1, 0, 32;
    %jmp/0xz  T_51.10, 4;
    %load/vec4 v0x5a150c62cb70_0;
    %parti/s 128, 0, 2;
    %store/vec4 v0x5a150c62b970_0, 0, 128;
    %load/vec4 v0x5a150c62cb70_0;
    %parti/s 128, 0, 2;
    %store/vec4 v0x5a150c62a770_0, 0, 128;
    %pushi/vec4 1, 0, 1;
    %store/vec4 v0x5a150c62a2f0_0, 0, 1;
    %pushi/vec4 1, 0, 1;
    %store/vec4 v0x5a150c629e70_0, 0, 1;
    %jmp T_51.11;
T_51.10 ;
    %load/vec4 v0x5a150c628370_0;
    %parti/s 1, 0, 2;
    %pad/u 32;
    %cmpi/e 0, 0, 32;
    %jmp/0xz  T_51.12, 4;
    %load/vec4 v0x5a150c62e750_0;
    %load/vec4 v0x5a150c62ebd0_0;
    %xor;
    %store/vec4 v0x5a150c62f870_0, 0, 32;
    %load/vec4 v0x5a150c62e1f0_0;
    %load/vec4 v0x5a150c62e750_0;
    %xor;
    %load/vec4 v0x5a150c62ebd0_0;
    %xor;
    %store/vec4 v0x5a150c62f970_0, 0, 32;
    %load/vec4 v0x5a150c62e2d0_0;
    %load/vec4 v0x5a150c62e1f0_0;
    %xor;
    %load/vec4 v0x5a150c62e750_0;
    %xor;
    %load/vec4 v0x5a150c62ebd0_0;
    %xor;
    %store/vec4 v0x5a150c62f3f0_0, 0, 32;
    %load/vec4 v0x5a150c62dd70_0;
    %load/vec4 v0x5a150c62e2d0_0;
    %xor;
    %load/vec4 v0x5a150c62e1f0_0;
    %xor;
    %load/vec4 v0x5a150c62e750_0;
    %xor;
    %load/vec4 v0x5a150c62ebd0_0;
    %xor;
    %store/vec4 v0x5a150c62f4b0_0, 0, 32;
    %jmp T_51.13;
T_51.12 ;
    %load/vec4 v0x5a150c62e750_0;
    %load/vec4 v0x5a150c62e670_0;
    %xor;
    %store/vec4 v0x5a150c62f870_0, 0, 32;
    %load/vec4 v0x5a150c62e1f0_0;
    %load/vec4 v0x5a150c62e750_0;
    %xor;
    %load/vec4 v0x5a150c62e670_0;
    %xor;
    %store/vec4 v0x5a150c62f970_0, 0, 32;
    %load/vec4 v0x5a150c62e2d0_0;
    %load/vec4 v0x5a150c62e1f0_0;
    %xor;
    %load/vec4 v0x5a150c62e750_0;
    %xor;
    %load/vec4 v0x5a150c62e670_0;
    %xor;
    %store/vec4 v0x5a150c62f3f0_0, 0, 32;
    %load/vec4 v0x5a150c62dd70_0;
    %load/vec4 v0x5a150c62e2d0_0;
    %xor;
    %load/vec4 v0x5a150c62e1f0_0;
    %xor;
    %load/vec4 v0x5a150c62e750_0;
    %xor;
    %load/vec4 v0x5a150c62e670_0;
    %xor;
    %store/vec4 v0x5a150c62f4b0_0, 0, 32;
    %pushi/vec4 1, 0, 1;
    %store/vec4 v0x5a150c629e70_0, 0, 1;
T_51.13 ;
    %load/vec4 v0x5a150c62f870_0;
    %load/vec4 v0x5a150c62f970_0;
    %concat/vec4; draw_concat_vec4
    %load/vec4 v0x5a150c62f3f0_0;
    %concat/vec4; draw_concat_vec4
    %load/vec4 v0x5a150c62f4b0_0;
    %concat/vec4; draw_concat_vec4
    %store/vec4 v0x5a150c62b970_0, 0, 128;
    %load/vec4 v0x5a150c62f870_0;
    %load/vec4 v0x5a150c62f970_0;
    %concat/vec4; draw_concat_vec4
    %load/vec4 v0x5a150c62f3f0_0;
    %concat/vec4; draw_concat_vec4
    %load/vec4 v0x5a150c62f4b0_0;
    %concat/vec4; draw_concat_vec4
    %store/vec4 v0x5a150c62a770_0, 0, 128;
    %pushi/vec4 1, 0, 1;
    %store/vec4 v0x5a150c62a2f0_0, 0, 1;
    %load/vec4 v0x5a150c62a830_0;
    %store/vec4 v0x5a150c62b130_0, 0, 128;
    %pushi/vec4 1, 0, 1;
    %store/vec4 v0x5a150c62acb0_0, 0, 1;
T_51.11 ;
T_51.9 ;
    %jmp T_51.5;
T_51.5 ;
    %pop/vec4 1;
T_51.0 ;
    %end;
    .scope S_0x5a150c69af30;
t_24 %join;
    %jmp T_51;
    .thread T_51, $push;
    .scope S_0x5a150c69af30;
T_52 ;
    %wait E_0x5a150c57d5f0;
    %fork t_27, S_0x5a150c631370;
    %jmp t_26;
    .scope S_0x5a150c631370;
t_27 ;
    %pushi/vec4 0, 0, 8;
    %store/vec4 v0x5a150c62a3b0_0, 0, 8;
    %pushi/vec4 0, 0, 1;
    %store/vec4 v0x5a150c629ab0_0, 0, 1;
    %load/vec4 v0x5a150c629f30_0;
    %parti/s 7, 0, 2;
    %concati/vec4 0, 0, 1;
    %pushi/vec4 27, 0, 8;
    %load/vec4 v0x5a150c629f30_0;
    %parti/s 1, 7, 4;
    %replicate 8;
    %and;
    %xor;
    %store/vec4 v0x5a150c630ef0_0, 0, 8;
    %load/vec4 v0x5a150c6299f0_0;
    %flag_set/vec4 8;
    %jmp/0xz  T_52.0, 8;
    %pushi/vec4 141, 0, 8;
    %store/vec4 v0x5a150c62a3b0_0, 0, 8;
    %pushi/vec4 1, 0, 1;
    %store/vec4 v0x5a150c629ab0_0, 0, 1;
T_52.0 ;
    %load/vec4 v0x5a150c629e70_0;
    %flag_set/vec4 8;
    %jmp/0xz  T_52.2, 8;
    %load/vec4 v0x5a150c630ef0_0;
    %store/vec4 v0x5a150c62a3b0_0, 0, 8;
    %pushi/vec4 1, 0, 1;
    %store/vec4 v0x5a150c629ab0_0, 0, 1;
T_52.2 ;
    %end;
    .scope S_0x5a150c69af30;
t_26 %join;
    %jmp T_52;
    .thread T_52, $push;
    .scope S_0x5a150c69af30;
T_53 ;
    %wait E_0x5a150c5c6fd0;
    %fork t_29, S_0x5a150c630170;
    %jmp t_28;
    .scope S_0x5a150c630170;
t_29 ;
    %pushi/vec4 0, 0, 4;
    %store/vec4 v0x5a150c628890_0, 0, 4;
    %pushi/vec4 0, 0, 1;
    %store/vec4 v0x5a150c627ef0_0, 0, 1;
    %load/vec4 v0x5a150c628430_0;
    %flag_set/vec4 8;
    %jmp/0xz  T_53.0, 8;
    %pushi/vec4 0, 0, 4;
    %store/vec4 v0x5a150c628890_0, 0, 4;
    %pushi/vec4 1, 0, 1;
    %store/vec4 v0x5a150c627ef0_0, 0, 1;
    %jmp T_53.1;
T_53.0 ;
    %load/vec4 v0x5a150c6287f0_0;
    %flag_set/vec4 8;
    %jmp/0xz  T_53.2, 8;
    %load/vec4 v0x5a150c628370_0;
    %addi 1, 0, 4;
    %store/vec4 v0x5a150c628890_0, 0, 4;
    %pushi/vec4 1, 0, 1;
    %store/vec4 v0x5a150c627ef0_0, 0, 1;
T_53.2 ;
T_53.1 ;
    %end;
    .scope S_0x5a150c69af30;
t_28 %join;
    %jmp T_53;
    .thread T_53, $push;
    .scope S_0x5a150c69af30;
T_54 ;
    %wait E_0x5a150c5c8380;
    %fork t_31, S_0x5a150c6320f0;
    %jmp t_30;
    .scope S_0x5a150c6320f0;
t_31 ;
    %pushi/vec4 0, 0, 1;
    %store/vec4 v0x5a150c629610_0, 0, 1;
    %pushi/vec4 0, 0, 1;
    %store/vec4 v0x5a150c6291b0_0, 0, 1;
    %pushi/vec4 0, 0, 1;
    %store/vec4 v0x5a150c4c7cc0_0, 0, 1;
    %pushi/vec4 0, 0, 1;
    %store/vec4 v0x5a150c628430_0, 0, 1;
    %pushi/vec4 0, 0, 1;
    %store/vec4 v0x5a150c6287f0_0, 0, 1;
    %pushi/vec4 0, 0, 3;
    %store/vec4 v0x5a150c62c270_0, 0, 3;
    %pushi/vec4 0, 0, 1;
    %store/vec4 v0x5a150c62bed0_0, 0, 1;
    %load/vec4 v0x5a150c62b580_0;
    %cmpi/e 0, 0, 1;
    %jmp/0xz  T_54.0, 4;
    %pushi/vec4 10, 0, 4;
    %store/vec4 v0x5a150c631c70_0, 0, 4;
    %jmp T_54.1;
T_54.0 ;
    %pushi/vec4 14, 0, 4;
    %store/vec4 v0x5a150c631c70_0, 0, 4;
T_54.1 ;
    %load/vec4 v0x5a150c62bdf0_0;
    %dup/vec4;
    %pushi/vec4 0, 0, 3;
    %cmp/u;
    %jmp/1 T_54.2, 6;
    %dup/vec4;
    %pushi/vec4 1, 0, 3;
    %cmp/u;
    %jmp/1 T_54.3, 6;
    %dup/vec4;
    %pushi/vec4 2, 0, 3;
    %cmp/u;
    %jmp/1 T_54.4, 6;
    %dup/vec4;
    %pushi/vec4 3, 0, 3;
    %cmp/u;
    %jmp/1 T_54.5, 6;
    %jmp T_54.7;
T_54.2 ;
    %load/vec4 v0x5a150c62d0b0_0;
    %flag_set/vec4 8;
    %jmp/0xz  T_54.8, 8;
    %pushi/vec4 0, 0, 1;
    %store/vec4 v0x5a150c629610_0, 0, 1;
    %pushi/vec4 1, 0, 1;
    %store/vec4 v0x5a150c6291b0_0, 0, 1;
    %pushi/vec4 1, 0, 3;
    %store/vec4 v0x5a150c62c270_0, 0, 3;
    %pushi/vec4 1, 0, 1;
    %store/vec4 v0x5a150c62bed0_0, 0, 1;
T_54.8 ;
    %jmp T_54.7;
T_54.3 ;
    %pushi/vec4 1, 0, 1;
    %store/vec4 v0x5a150c628430_0, 0, 1;
    %pushi/vec4 2, 0, 3;
    %store/vec4 v0x5a150c62c270_0, 0, 3;
    %pushi/vec4 1, 0, 1;
    %store/vec4 v0x5a150c62bed0_0, 0, 1;
    %jmp T_54.7;
T_54.4 ;
    %pushi/vec4 1, 0, 1;
    %store/vec4 v0x5a150c6287f0_0, 0, 1;
    %pushi/vec4 1, 0, 1;
    %store/vec4 v0x5a150c4c7cc0_0, 0, 1;
    %load/vec4 v0x5a150c628370_0;
    %load/vec4 v0x5a150c631c70_0;
    %cmp/e;
    %jmp/0xz  T_54.10, 4;
    %pushi/vec4 3, 0, 3;
    %store/vec4 v0x5a150c62c270_0, 0, 3;
    %pushi/vec4 1, 0, 1;
    %store/vec4 v0x5a150c62bed0_0, 0, 1;
T_54.10 ;
    %jmp T_54.7;
T_54.5 ;
    %pushi/vec4 1, 0, 1;
    %store/vec4 v0x5a150c629610_0, 0, 1;
    %pushi/vec4 1, 0, 1;
    %store/vec4 v0x5a150c6291b0_0, 0, 1;
    %pushi/vec4 0, 0, 3;
    %store/vec4 v0x5a150c62c270_0, 0, 3;
    %pushi/vec4 1, 0, 1;
    %store/vec4 v0x5a150c62bed0_0, 0, 1;
    %jmp T_54.7;
T_54.7 ;
    %pop/vec4 1;
    %end;
    .scope S_0x5a150c69af30;
t_30 %join;
    %jmp T_54;
    .thread T_54, $push;
    .scope S_0x5a150c625f70;
T_55 ;
    %wait E_0x5a150c625b70;
    %load/vec4 v0x5a150c622130_0;
    %nor/r;
    %flag_set/vec4 8;
    %jmp/0xz  T_55.0, 8;
    %pushi/vec4 0, 0, 2;
    %assign/vec4 v0x5a150c61be70_0, 0;
    %pushi/vec4 0, 0, 1;
    %assign/vec4 v0x5a150c61b930_0, 0;
    %pushi/vec4 0, 0, 4;
    %assign/vec4 v0x5a150c61bd90_0, 0;
    %pushi/vec4 0, 0, 32;
    %assign/vec4 v0x5a150c61c2d0_0, 0;
    %pushi/vec4 0, 0, 8;
    %assign/vec4 v0x5a150c61b9f0_0, 0;
    %jmp T_55.1;
T_55.0 ;
    %load/vec4 v0x5a150c61b930_0;
    %nor/r;
    %flag_set/vec4 8;
    %jmp/0xz  T_55.2, 8;
    %load/vec4 v0x5a150c61be70_0;
    %dup/vec4;
    %pushi/vec4 0, 0, 2;
    %cmp/u;
    %jmp/1 T_55.4, 6;
    %dup/vec4;
    %pushi/vec4 1, 0, 2;
    %cmp/u;
    %jmp/1 T_55.5, 6;
    %dup/vec4;
    %pushi/vec4 2, 0, 2;
    %cmp/u;
    %jmp/1 T_55.6, 6;
    %dup/vec4;
    %pushi/vec4 3, 0, 2;
    %cmp/u;
    %jmp/1 T_55.7, 6;
    %jmp T_55.8;
T_55.4 ;
    %load/vec4 v0x5a150c61c1f0_0;
    %cmpi/e 3735928559, 0, 32;
    %jmp/0xz  T_55.9, 4;
    %pushi/vec4 1, 0, 2;
    %assign/vec4 v0x5a150c61be70_0, 0;
    %jmp T_55.10;
T_55.9 ;
    %pushi/vec4 0, 0, 2;
    %assign/vec4 v0x5a150c61be70_0, 0;
T_55.10 ;
    %jmp T_55.8;
T_55.5 ;
    %load/vec4 v0x5a150c61c1f0_0;
    %cmpi/e 4277009102, 0, 32;
    %jmp/0xz  T_55.11, 4;
    %pushi/vec4 2, 0, 2;
    %assign/vec4 v0x5a150c61be70_0, 0;
    %jmp T_55.12;
T_55.11 ;
    %pushi/vec4 0, 0, 2;
    %assign/vec4 v0x5a150c61be70_0, 0;
T_55.12 ;
    %jmp T_55.8;
T_55.6 ;
    %load/vec4 v0x5a150c61c1f0_0;
    %cmpi/e 3405691582, 0, 32;
    %jmp/0xz  T_55.13, 4;
    %pushi/vec4 3, 0, 2;
    %assign/vec4 v0x5a150c61be70_0, 0;
    %jmp T_55.14;
T_55.13 ;
    %pushi/vec4 0, 0, 2;
    %assign/vec4 v0x5a150c61be70_0, 0;
T_55.14 ;
    %jmp T_55.8;
T_55.7 ;
    %load/vec4 v0x5a150c61c1f0_0;
    %cmpi/e 3131961357, 0, 32;
    %jmp/0xz  T_55.15, 4;
    %pushi/vec4 1, 0, 1;
    %assign/vec4 v0x5a150c61b930_0, 0;
    %load/vec4 v0x5a150c61c1f0_0;
    %assign/vec4 v0x5a150c61c2d0_0, 0;
    %pushi/vec4 0, 0, 4;
    %assign/vec4 v0x5a150c61bd90_0, 0;
    %pushi/vec4 0, 0, 2;
    %assign/vec4 v0x5a150c61be70_0, 0;
    %jmp T_55.16;
T_55.15 ;
    %pushi/vec4 0, 0, 2;
    %assign/vec4 v0x5a150c61be70_0, 0;
T_55.16 ;
    %jmp T_55.8;
T_55.8 ;
    %pop/vec4 1;
    %pushi/vec4 0, 0, 8;
    %assign/vec4 v0x5a150c61b9f0_0, 0;
    %jmp T_55.3;
T_55.2 ;
    %load/vec4 v0x5a150c61bd90_0;
    %dup/vec4;
    %pushi/vec4 0, 0, 4;
    %cmp/u;
    %jmp/1 T_55.17, 6;
    %dup/vec4;
    %pushi/vec4 1, 0, 4;
    %cmp/u;
    %jmp/1 T_55.18, 6;
    %dup/vec4;
    %pushi/vec4 2, 0, 4;
    %cmp/u;
    %jmp/1 T_55.19, 6;
    %dup/vec4;
    %pushi/vec4 3, 0, 4;
    %cmp/u;
    %jmp/1 T_55.20, 6;
    %dup/vec4;
    %pushi/vec4 4, 0, 4;
    %cmp/u;
    %jmp/1 T_55.21, 6;
    %pushi/vec4 0, 0, 8;
    %assign/vec4 v0x5a150c61b9f0_0, 0;
    %pushi/vec4 0, 0, 1;
    %assign/vec4 v0x5a150c61b930_0, 0;
    %pushi/vec4 0, 0, 4;
    %assign/vec4 v0x5a150c61bd90_0, 0;
    %jmp T_55.23;
T_55.17 ;
    %load/vec4 v0x5a150c61c2d0_0;
    %parti/s 8, 24, 6;
    %assign/vec4 v0x5a150c61b9f0_0, 0;
    %pushi/vec4 1, 0, 4;
    %assign/vec4 v0x5a150c61bd90_0, 0;
    %jmp T_55.23;
T_55.18 ;
    %load/vec4 v0x5a150c61c2d0_0;
    %parti/s 8, 16, 6;
    %assign/vec4 v0x5a150c61b9f0_0, 0;
    %pushi/vec4 2, 0, 4;
    %assign/vec4 v0x5a150c61bd90_0, 0;
    %jmp T_55.23;
T_55.19 ;
    %load/vec4 v0x5a150c61c2d0_0;
    %parti/s 8, 8, 5;
    %assign/vec4 v0x5a150c61b9f0_0, 0;
    %pushi/vec4 3, 0, 4;
    %assign/vec4 v0x5a150c61bd90_0, 0;
    %jmp T_55.23;
T_55.20 ;
    %load/vec4 v0x5a150c61c2d0_0;
    %parti/s 8, 0, 2;
    %assign/vec4 v0x5a150c61b9f0_0, 0;
    %pushi/vec4 4, 0, 4;
    %assign/vec4 v0x5a150c61bd90_0, 0;
    %jmp T_55.23;
T_55.21 ;
    %pushi/vec4 0, 0, 8;
    %assign/vec4 v0x5a150c61b9f0_0, 0;
    %pushi/vec4 0, 0, 1;
    %assign/vec4 v0x5a150c61b930_0, 0;
    %pushi/vec4 0, 0, 4;
    %assign/vec4 v0x5a150c61bd90_0, 0;
    %jmp T_55.23;
T_55.23 ;
    %pop/vec4 1;
T_55.3 ;
T_55.1 ;
    %jmp T_55;
    .thread T_55;
    .scope S_0x5a150c5c9370;
T_56 ;
    %wait E_0x5a150c65f790;
    %fork t_33, S_0x5a150c626870;
    %jmp t_32;
    .scope S_0x5a150c626870;
t_33 ;
    %load/vec4 v0x5a150c615ef0_0;
    %nor/r;
    %flag_set/vec4 8;
    %jmp/0xz  T_56.0, 8;
    %pushi/vec4 0, 0, 1;
    %assign/vec4 v0x5a150c4fe870_0, 0;
    %pushi/vec4 1, 0, 1;
    %assign/vec4 v0x5a150c616370_0, 0;
    %pushi/vec4 0, 0, 2;
    %assign/vec4 v0x5a150c61ac70_0, 0;
    %pushi/vec4 0, 0, 4;
    %assign/vec4 v0x5a150c6143f0_0, 0;
    %pushi/vec4 0, 0, 1;
    %assign/vec4 v0x5a150c6155f0_0, 0;
    %pushi/vec4 0, 0, 8;
    %assign/vec4 v0x5a150c614db0_0, 0;
    %pushi/vec4 0, 0, 1;
    %assign/vec4 v0x5a150c614870_0, 0;
    %pushi/vec4 0, 0, 6;
    %assign/vec4 v0x5a150c615690_0, 0;
    %pushi/vec4 0, 0, 1;
    %assign/vec4 v0x5a150c614930_0, 0;
    %pushi/vec4 0, 0, 256;
    %assign/vec4 v0x5a150c615230_0, 0;
    %jmp T_56.1;
T_56.0 ;
    %load/vec4 v0x5a150c615a70_0;
    %flag_set/vec4 8;
    %jmp/0xz  T_56.2, 8;
    %load/vec4 v0x5a150c4fe7b0_0;
    %assign/vec4 v0x5a150c4fe870_0, 0;
T_56.2 ;
    %load/vec4 v0x5a150c616430_0;
    %flag_set/vec4 8;
    %jmp/0xz  T_56.4, 8;
    %load/vec4 v0x5a150c6168b0_0;
    %assign/vec4 v0x5a150c616370_0, 0;
T_56.4 ;
    %load/vec4 v0x5a150c61a6f0_0;
    %flag_set/vec4 8;
    %jmp/0xz  T_56.6, 8;
    %load/vec4 v0x5a150c61ab70_0;
    %assign/vec4 v0x5a150c61ac70_0, 0;
T_56.6 ;
    %load/vec4 v0x5a150c6143f0_0;
    %parti/s 3, 0, 2;
    %load/vec4 v0x5a150c618770_0;
    %load/vec4 v0x5a150c616d10_0;
    %xor;
    %load/vec4 v0x5a150c618cc0_0;
    %xor;
    %load/vec4 v0x5a150c6179f0_0;
    %xor;
    %concat/vec4; draw_concat_vec4
    %assign/vec4 v0x5a150c6143f0_0, 0;
    %load/vec4 v0x5a150c6155f0_0;
    %nor/r;
    %load/vec4 v0x5a150c6143f0_0;
    %pushi/vec4 11, 0, 4;
    %cmp/e;
    %flag_get/vec4 4;
    %and;
    %flag_set/vec4 8;
    %jmp/0xz  T_56.8, 8;
    %pushi/vec4 1, 0, 1;
    %assign/vec4 v0x5a150c6155f0_0, 0;
    %load/vec4 v0x5a150c617e70_0;
    %assign/vec4 v0x5a150c615230_0, 0;
    %pushi/vec4 0, 0, 6;
    %assign/vec4 v0x5a150c615690_0, 0;
    %pushi/vec4 1, 0, 1;
    %assign/vec4 v0x5a150c614930_0, 0;
    %jmp T_56.9;
T_56.8 ;
    %load/vec4 v0x5a150c6155f0_0;
    %load/vec4 v0x5a150c614930_0;
    %and;
    %flag_set/vec4 8;
    %jmp/0xz  T_56.10, 8;
    %load/vec4 v0x5a150c615230_0;
    %pushi/vec4 255, 0, 32;
    %load/vec4 v0x5a150c615690_0;
    %pad/u 32;
    %muli 8, 0, 32;
    %sub;
    %pad/u 34;
    %subi 7, 0, 34;
    %part/s 8;
    %assign/vec4 v0x5a150c614db0_0, 0;
    %pushi/vec4 1, 0, 1;
    %assign/vec4 v0x5a150c614870_0, 0;
    %load/vec4 v0x5a150c615690_0;
    %cmpi/e 31, 0, 6;
    %jmp/0xz  T_56.12, 4;
    %pushi/vec4 0, 0, 6;
    %assign/vec4 v0x5a150c615690_0, 0;
    %pushi/vec4 0, 0, 1;
    %assign/vec4 v0x5a150c614930_0, 0;
    %pushi/vec4 0, 0, 1;
    %assign/vec4 v0x5a150c6155f0_0, 0;
    %pushi/vec4 0, 0, 1;
    %assign/vec4 v0x5a150c614870_0, 0;
    %jmp T_56.13;
T_56.12 ;
    %load/vec4 v0x5a150c615690_0;
    %addi 1, 0, 6;
    %assign/vec4 v0x5a150c615690_0, 0;
T_56.13 ;
    %jmp T_56.11;
T_56.10 ;
    %pushi/vec4 0, 0, 8;
    %assign/vec4 v0x5a150c614db0_0, 0;
    %pushi/vec4 0, 0, 1;
    %assign/vec4 v0x5a150c614870_0, 0;
T_56.11 ;
T_56.9 ;
    %load/vec4 v0x5a150c6155f0_0;
    %nor/r;
    %flag_set/vec4 8;
    %jmp/0xz  T_56.14, 8;
    %pushi/vec4 0, 0, 8;
    %assign/vec4 v0x5a150c614db0_0, 0;
    %pushi/vec4 0, 0, 1;
    %assign/vec4 v0x5a150c614870_0, 0;
    %pushi/vec4 0, 0, 1;
    %assign/vec4 v0x5a150c614930_0, 0;
    %pushi/vec4 0, 0, 6;
    %assign/vec4 v0x5a150c615690_0, 0;
T_56.14 ;
T_56.1 ;
    %end;
    .scope S_0x5a150c5c9370;
t_32 %join;
    %jmp T_56;
    .thread T_56;
    .scope S_0x5a150c5c9370;
T_57 ;
    %wait E_0x5a150c421a10;
    %fork t_35, S_0x5a150c61aff0;
    %jmp t_34;
    .scope S_0x5a150c61aff0;
t_35 ;
    %load/vec4 v0x5a150c618810_0;
    %flag_set/vec4 8;
    %jmp/0xz  T_57.0, 8;
    %load/vec4 v0x5a150c617a90_0;
    %store/vec4 v0x5a150c617190_0, 0, 32;
    %jmp T_57.1;
T_57.0 ;
    %load/vec4 v0x5a150c618bf0_0;
    %store/vec4 v0x5a150c617190_0, 0, 32;
T_57.1 ;
    %end;
    .scope S_0x5a150c5c9370;
t_34 %join;
    %jmp T_57;
    .thread T_57, $push;
    .scope S_0x5a150c5c9370;
T_58 ;
    %wait E_0x5a150c537160;
    %fork t_37, S_0x5a150c69b3b0;
    %jmp t_36;
    .scope S_0x5a150c69b3b0;
t_37 ;
    %pushi/vec4 0, 0, 1;
    %store/vec4 v0x5a150c6195c0_0, 0, 1;
    %pushi/vec4 0, 0, 1;
    %store/vec4 v0x5a150c619eb0_0, 0, 1;
    %load/vec4 v0x5a150c618cc0_0;
    %flag_set/vec4 8;
    %jmp/0xz  T_58.0, 8;
    %load/vec4 v0x5a150c616d10_0;
    %store/vec4 v0x5a150c6195c0_0, 0, 1;
    %load/vec4 v0x5a150c619140_0;
    %store/vec4 v0x5a150c6170f0_0, 0, 4;
    %load/vec4 v0x5a150c6194f0_0;
    %store/vec4 v0x5a150c617570_0, 0, 128;
    %load/vec4 v0x5a150c619070_0;
    %store/vec4 v0x5a150c617610_0, 0, 1;
    %jmp T_58.1;
T_58.0 ;
    %load/vec4 v0x5a150c616d10_0;
    %store/vec4 v0x5a150c619eb0_0, 0, 1;
    %load/vec4 v0x5a150c619a10_0;
    %store/vec4 v0x5a150c6170f0_0, 0, 4;
    %load/vec4 v0x5a150c619df0_0;
    %store/vec4 v0x5a150c617570_0, 0, 128;
    %load/vec4 v0x5a150c619970_0;
    %store/vec4 v0x5a150c617610_0, 0, 1;
T_58.1 ;
    %end;
    .scope S_0x5a150c5c9370;
t_36 %join;
    %jmp T_58;
    .thread T_58, $push;
    .scope S_0x5a150c5c9370;
T_59 ;
    %wait E_0x5a150c536cb0;
    %fork t_39, S_0x5a150c6de560;
    %jmp t_38;
    .scope S_0x5a150c6de560;
t_39 ;
    %pushi/vec4 0, 0, 1;
    %store/vec4 v0x5a150c618810_0, 0, 1;
    %pushi/vec4 0, 0, 1;
    %store/vec4 v0x5a150c6168b0_0, 0, 1;
    %pushi/vec4 0, 0, 1;
    %store/vec4 v0x5a150c616430_0, 0, 1;
    %pushi/vec4 0, 0, 1;
    %store/vec4 v0x5a150c4fe7b0_0, 0, 1;
    %pushi/vec4 0, 0, 1;
    %store/vec4 v0x5a150c615a70_0, 0, 1;
    %pushi/vec4 0, 0, 2;
    %store/vec4 v0x5a150c61ab70_0, 0, 2;
    %pushi/vec4 0, 0, 1;
    %store/vec4 v0x5a150c61a6f0_0, 0, 1;
    %load/vec4 v0x5a150c61ac70_0;
    %dup/vec4;
    %pushi/vec4 0, 0, 2;
    %cmp/u;
    %jmp/1 T_59.0, 6;
    %dup/vec4;
    %pushi/vec4 1, 0, 2;
    %cmp/u;
    %jmp/1 T_59.1, 6;
    %dup/vec4;
    %pushi/vec4 2, 0, 2;
    %cmp/u;
    %jmp/1 T_59.2, 6;
    %jmp T_59.4;
T_59.0 ;
    %load/vec4 v0x5a150c618770_0;
    %flag_set/vec4 8;
    %jmp/0xz  T_59.5, 8;
    %pushi/vec4 1, 0, 1;
    %store/vec4 v0x5a150c618810_0, 0, 1;
    %pushi/vec4 0, 0, 1;
    %store/vec4 v0x5a150c6168b0_0, 0, 1;
    %pushi/vec4 1, 0, 1;
    %store/vec4 v0x5a150c616430_0, 0, 1;
    %pushi/vec4 0, 0, 1;
    %store/vec4 v0x5a150c4fe7b0_0, 0, 1;
    %pushi/vec4 1, 0, 1;
    %store/vec4 v0x5a150c615a70_0, 0, 1;
    %pushi/vec4 1, 0, 2;
    %store/vec4 v0x5a150c61ab70_0, 0, 2;
    %pushi/vec4 1, 0, 1;
    %store/vec4 v0x5a150c61a6f0_0, 0, 1;
    %jmp T_59.6;
T_59.5 ;
    %load/vec4 v0x5a150c616d10_0;
    %flag_set/vec4 8;
    %jmp/0xz  T_59.7, 8;
    %pushi/vec4 0, 0, 1;
    %store/vec4 v0x5a150c618810_0, 0, 1;
    %pushi/vec4 0, 0, 1;
    %store/vec4 v0x5a150c6168b0_0, 0, 1;
    %pushi/vec4 1, 0, 1;
    %store/vec4 v0x5a150c616430_0, 0, 1;
    %pushi/vec4 0, 0, 1;
    %store/vec4 v0x5a150c4fe7b0_0, 0, 1;
    %pushi/vec4 1, 0, 1;
    %store/vec4 v0x5a150c615a70_0, 0, 1;
    %pushi/vec4 2, 0, 2;
    %store/vec4 v0x5a150c61ab70_0, 0, 2;
    %pushi/vec4 1, 0, 1;
    %store/vec4 v0x5a150c61a6f0_0, 0, 1;
T_59.7 ;
T_59.6 ;
    %jmp T_59.4;
T_59.1 ;
    %pushi/vec4 1, 0, 1;
    %store/vec4 v0x5a150c618810_0, 0, 1;
    %load/vec4 v0x5a150c617f40_0;
    %flag_set/vec4 8;
    %jmp/0xz  T_59.9, 8;
    %pushi/vec4 1, 0, 1;
    %store/vec4 v0x5a150c6168b0_0, 0, 1;
    %pushi/vec4 1, 0, 1;
    %store/vec4 v0x5a150c616430_0, 0, 1;
    %pushi/vec4 0, 0, 2;
    %store/vec4 v0x5a150c61ab70_0, 0, 2;
    %pushi/vec4 1, 0, 1;
    %store/vec4 v0x5a150c61a6f0_0, 0, 1;
T_59.9 ;
    %jmp T_59.4;
T_59.2 ;
    %pushi/vec4 0, 0, 1;
    %store/vec4 v0x5a150c618810_0, 0, 1;
    %load/vec4 v0x5a150c617610_0;
    %flag_set/vec4 8;
    %jmp/0xz  T_59.11, 8;
    %pushi/vec4 1, 0, 1;
    %store/vec4 v0x5a150c6168b0_0, 0, 1;
    %pushi/vec4 1, 0, 1;
    %store/vec4 v0x5a150c616430_0, 0, 1;
    %pushi/vec4 1, 0, 1;
    %store/vec4 v0x5a150c4fe7b0_0, 0, 1;
    %pushi/vec4 1, 0, 1;
    %store/vec4 v0x5a150c615a70_0, 0, 1;
    %pushi/vec4 0, 0, 2;
    %store/vec4 v0x5a150c61ab70_0, 0, 2;
    %pushi/vec4 1, 0, 1;
    %store/vec4 v0x5a150c61a6f0_0, 0, 1;
T_59.11 ;
    %jmp T_59.4;
T_59.4 ;
    %pop/vec4 1;
    %end;
    .scope S_0x5a150c5c9370;
t_38 %join;
    %jmp T_59;
    .thread T_59, $push;
    .scope S_0x5a150c707670;
T_60 ;
    %wait E_0x5a150c65f790;
    %fork t_41, S_0x5a150c613f70;
    %jmp t_40;
    .scope S_0x5a150c613f70;
t_41 ;
    %load/vec4 v0x5a150c60fbf0_0;
    %nor/r;
    %flag_set/vec4 8;
    %jmp/0xz  T_60.0, 8;
    %pushi/vec4 0, 0, 32;
    %store/vec4 v0x5a150c613af0_0, 0, 32;
T_60.2 ;
    %load/vec4 v0x5a150c613af0_0;
    %cmpi/s 4, 0, 32;
    %jmp/0xz T_60.3, 5;
    %pushi/vec4 0, 0, 32;
    %ix/getv/s 3, v0x5a150c613af0_0;
    %ix/load 4, 0, 0; Constant delay
    %assign/vec4/a/d v0x5a150c613670, 0, 4;
    %load/vec4 v0x5a150c613af0_0;
    %addi 1, 0, 32;
    %store/vec4 v0x5a150c613af0_0, 0, 32;
    %jmp T_60.2;
T_60.3 ;
    %pushi/vec4 0, 0, 32;
    %store/vec4 v0x5a150c613af0_0, 0, 32;
T_60.4 ;
    %load/vec4 v0x5a150c613af0_0;
    %cmpi/s 8, 0, 32;
    %jmp/0xz T_60.5, 5;
    %pushi/vec4 0, 0, 32;
    %ix/getv/s 3, v0x5a150c613af0_0;
    %ix/load 4, 0, 0; Constant delay
    %assign/vec4/a/d v0x5a150c610e90, 0, 4;
    %load/vec4 v0x5a150c613af0_0;
    %addi 1, 0, 32;
    %store/vec4 v0x5a150c613af0_0, 0, 32;
    %jmp T_60.4;
T_60.5 ;
    %pushi/vec4 0, 0, 1;
    %assign/vec4 v0x5a150c610df0_0, 0;
    %pushi/vec4 0, 0, 1;
    %assign/vec4 v0x5a150c610590_0, 0;
    %pushi/vec4 0, 0, 1;
    %assign/vec4 v0x5a150c611270_0, 0;
    %pushi/vec4 0, 0, 1;
    %assign/vec4 v0x5a150c610a30_0, 0;
    %pushi/vec4 0, 0, 128;
    %assign/vec4 v0x5a150c60fc90_0, 0;
    %pushi/vec4 0, 0, 1;
    %assign/vec4 v0x5a150c60f3d0_0, 0;
    %pushi/vec4 0, 0, 1;
    %assign/vec4 v0x5a150c610150_0, 0;
    %pushi/vec4 0, 0, 2;
    %assign/vec4 v0x5a150c60f2f0_0, 0;
    %pushi/vec4 0, 0, 3;
    %assign/vec4 v0x5a150c60f830_0, 0;
    %jmp T_60.1;
T_60.0 ;
    %load/vec4 v0x5a150c611b70_0;
    %assign/vec4 v0x5a150c610150_0, 0;
    %load/vec4 v0x5a150c6116f0_0;
    %assign/vec4 v0x5a150c60f3d0_0, 0;
    %load/vec4 v0x5a150c611c10_0;
    %assign/vec4 v0x5a150c60fc90_0, 0;
    %load/vec4 v0x5a150c611310_0;
    %assign/vec4 v0x5a150c610df0_0, 0;
    %load/vec4 v0x5a150c6104f0_0;
    %assign/vec4 v0x5a150c610590_0, 0;
    %load/vec4 v0x5a150c612d70_0;
    %flag_set/vec4 8;
    %jmp/0xz  T_60.6, 8;
    %load/vec4 v0x5a150c60ef30_0;
    %parti/s 1, 0, 2;
    %assign/vec4 v0x5a150c611270_0, 0;
    %load/vec4 v0x5a150c60ef30_0;
    %parti/s 1, 1, 2;
    %assign/vec4 v0x5a150c610a30_0, 0;
T_60.6 ;
    %load/vec4 v0x5a150c610970_0;
    %flag_set/vec4 8;
    %jmp/0xz  T_60.8, 8;
    %load/vec4 v0x5a150c60ef30_0;
    %load/vec4 v0x5a150c613bb0_0;
    %parti/s 3, 0, 2;
    %pad/u 5;
    %ix/vec4 3;
    %ix/load 4, 0, 0; Constant delay
    %assign/vec4/a/d v0x5a150c610e90, 0, 4;
T_60.8 ;
    %load/vec4 v0x5a150c6131f0_0;
    %flag_set/vec4 8;
    %jmp/0xz  T_60.10, 8;
    %load/vec4 v0x5a150c60ef30_0;
    %load/vec4 v0x5a150c613bb0_0;
    %parti/s 2, 0, 2;
    %pad/u 4;
    %ix/vec4 3;
    %ix/load 4, 0, 0; Constant delay
    %assign/vec4/a/d v0x5a150c613670, 0, 4;
T_60.10 ;
    %load/vec4 v0x5a150c60f2f0_0;
    %dup/vec4;
    %pushi/vec4 0, 0, 2;
    %cmp/u;
    %jmp/1 T_60.12, 6;
    %dup/vec4;
    %pushi/vec4 1, 0, 2;
    %cmp/u;
    %jmp/1 T_60.13, 6;
    %dup/vec4;
    %pushi/vec4 2, 0, 2;
    %cmp/u;
    %jmp/1 T_60.14, 6;
    %pushi/vec4 0, 0, 2;
    %assign/vec4 v0x5a150c60f2f0_0, 0;
    %pushi/vec4 0, 0, 3;
    %assign/vec4 v0x5a150c60f830_0, 0;
    %jmp T_60.16;
T_60.12 ;
    %load/vec4 v0x5a150c611790_0;
    %load/vec4 v0x5a150c60ee70_0;
    %and;
    %load/vec4 v0x5a150c613bb0_0;
    %pushi/vec4 171, 0, 8;
    %cmp/e;
    %flag_get/vec4 4;
    %and;
    %load/vec4 v0x5a150c60ef30_0;
    %pushi/vec4 3735928559, 0, 32;
    %cmp/e;
    %flag_get/vec4 4;
    %and;
    %flag_set/vec4 8;
    %jmp/0xz  T_60.17, 8;
    %pushi/vec4 1, 0, 2;
    %assign/vec4 v0x5a150c60f2f0_0, 0;
    %pushi/vec4 0, 0, 3;
    %assign/vec4 v0x5a150c60f830_0, 0;
    %jmp T_60.18;
T_60.17 ;
    %pushi/vec4 0, 0, 2;
    %assign/vec4 v0x5a150c60f2f0_0, 0;
T_60.18 ;
    %jmp T_60.16;
T_60.13 ;
    %pushi/vec4 2, 0, 2;
    %assign/vec4 v0x5a150c60f2f0_0, 0;
    %pushi/vec4 0, 0, 3;
    %assign/vec4 v0x5a150c60f830_0, 0;
    %jmp T_60.16;
T_60.14 ;
    %load/vec4 v0x5a150c611790_0;
    %load/vec4 v0x5a150c60ee70_0;
    %nor/r;
    %and;
    %load/vec4 v0x5a150c613bb0_0;
    %pushi/vec4 172, 0, 8;
    %cmp/e;
    %flag_get/vec4 4;
    %and;
    %flag_set/vec4 8;
    %jmp/0xz  T_60.19, 8;
    %load/vec4 v0x5a150c60f830_0;
    %cmpi/e 7, 0, 3;
    %jmp/0xz  T_60.21, 4;
    %pushi/vec4 0, 0, 2;
    %assign/vec4 v0x5a150c60f2f0_0, 0;
    %pushi/vec4 0, 0, 3;
    %assign/vec4 v0x5a150c60f830_0, 0;
    %jmp T_60.22;
T_60.21 ;
    %load/vec4 v0x5a150c60f830_0;
    %addi 1, 0, 3;
    %assign/vec4 v0x5a150c60f830_0, 0;
    %pushi/vec4 2, 0, 2;
    %assign/vec4 v0x5a150c60f2f0_0, 0;
T_60.22 ;
    %jmp T_60.20;
T_60.19 ;
    %pushi/vec4 2, 0, 2;
    %assign/vec4 v0x5a150c60f2f0_0, 0;
T_60.20 ;
    %jmp T_60.16;
T_60.16 ;
    %pop/vec4 1;
T_60.1 ;
    %end;
    .scope S_0x5a150c707670;
t_40 %join;
    %jmp T_60;
    .thread T_60;
    .scope S_0x5a150c707670;
T_61 ;
    %wait E_0x5a150c5363b0;
    %fork t_43, S_0x5a150c5c8f90;
    %jmp t_42;
    .scope S_0x5a150c5c8f90;
t_43 ;
    %pushi/vec4 0, 0, 1;
    %store/vec4 v0x5a150c611310_0, 0, 1;
    %pushi/vec4 0, 0, 1;
    %store/vec4 v0x5a150c6104f0_0, 0, 1;
    %pushi/vec4 0, 0, 1;
    %store/vec4 v0x5a150c612d70_0, 0, 1;
    %pushi/vec4 0, 0, 1;
    %store/vec4 v0x5a150c610970_0, 0, 1;
    %pushi/vec4 0, 0, 1;
    %store/vec4 v0x5a150c6131f0_0, 0, 1;
    %pushi/vec4 0, 0, 32;
    %store/vec4 v0x5a150c60f770_0, 0, 32;
    %load/vec4 v0x5a150c60f2f0_0;
    %pushi/vec4 2, 0, 2;
    %cmp/e;
    %flag_get/vec4 4;
    %load/vec4 v0x5a150c611790_0;
    %and;
    %load/vec4 v0x5a150c60ee70_0;
    %nor/r;
    %and;
    %load/vec4 v0x5a150c613bb0_0;
    %pushi/vec4 172, 0, 8;
    %cmp/e;
    %flag_get/vec4 4;
    %and;
    %flag_set/vec4 8;
    %jmp/0xz  T_61.0, 8;
    %load/vec4 v0x5a150c60f830_0;
    %pad/u 5;
    %ix/vec4 4;
    %load/vec4a v0x5a150c610e90, 4;
    %store/vec4 v0x5a150c60f770_0, 0, 32;
    %jmp T_61.1;
T_61.0 ;
    %load/vec4 v0x5a150c611790_0;
    %flag_set/vec4 8;
    %jmp/0xz  T_61.2, 8;
    %load/vec4 v0x5a150c60ee70_0;
    %flag_set/vec4 8;
    %jmp/0xz  T_61.4, 8;
    %load/vec4 v0x5a150c613bb0_0;
    %cmpi/e 8, 0, 8;
    %jmp/0xz  T_61.6, 4;
    %load/vec4 v0x5a150c60ef30_0;
    %parti/s 1, 0, 2;
    %store/vec4 v0x5a150c611310_0, 0, 1;
    %load/vec4 v0x5a150c60ef30_0;
    %parti/s 1, 1, 2;
    %store/vec4 v0x5a150c6104f0_0, 0, 1;
T_61.6 ;
    %load/vec4 v0x5a150c613bb0_0;
    %cmpi/e 10, 0, 8;
    %jmp/0xz  T_61.8, 4;
    %pushi/vec4 1, 0, 1;
    %store/vec4 v0x5a150c612d70_0, 0, 1;
T_61.8 ;
    %pushi/vec4 16, 0, 8;
    %load/vec4 v0x5a150c613bb0_0;
    %cmp/u;
    %flag_get/vec4 4;
    %flag_get/vec4 5;
    %or;
    %load/vec4 v0x5a150c613bb0_0;
    %cmpi/u 23, 0, 8;
    %flag_get/vec4 4;
    %flag_get/vec4 5;
    %or;
    %and;
    %flag_set/vec4 8;
    %jmp/0xz  T_61.10, 8;
    %pushi/vec4 1, 0, 1;
    %store/vec4 v0x5a150c610970_0, 0, 1;
T_61.10 ;
    %pushi/vec4 32, 0, 8;
    %load/vec4 v0x5a150c613bb0_0;
    %cmp/u;
    %flag_get/vec4 4;
    %flag_get/vec4 5;
    %or;
    %load/vec4 v0x5a150c613bb0_0;
    %cmpi/u 35, 0, 8;
    %flag_get/vec4 4;
    %flag_get/vec4 5;
    %or;
    %and;
    %flag_set/vec4 8;
    %jmp/0xz  T_61.12, 8;
    %pushi/vec4 1, 0, 1;
    %store/vec4 v0x5a150c6131f0_0, 0, 1;
T_61.12 ;
    %jmp T_61.5;
T_61.4 ;
    %load/vec4 v0x5a150c613bb0_0;
    %dup/vec4;
    %pushi/vec4 0, 0, 8;
    %cmp/u;
    %jmp/1 T_61.14, 6;
    %dup/vec4;
    %pushi/vec4 1, 0, 8;
    %cmp/u;
    %jmp/1 T_61.15, 6;
    %dup/vec4;
    %pushi/vec4 2, 0, 8;
    %cmp/u;
    %jmp/1 T_61.16, 6;
    %dup/vec4;
    %pushi/vec4 8, 0, 8;
    %cmp/u;
    %jmp/1 T_61.17, 6;
    %dup/vec4;
    %pushi/vec4 9, 0, 8;
    %cmp/u;
    %jmp/1 T_61.18, 6;
    %jmp T_61.20;
T_61.14 ;
    %pushi/vec4 1634038560, 0, 32;
    %store/vec4 v0x5a150c60f770_0, 0, 32;
    %jmp T_61.20;
T_61.15 ;
    %pushi/vec4 538976288, 0, 32;
    %store/vec4 v0x5a150c60f770_0, 0, 32;
    %jmp T_61.20;
T_61.16 ;
    %pushi/vec4 808334896, 0, 32;
    %store/vec4 v0x5a150c60f770_0, 0, 32;
    %jmp T_61.20;
T_61.17 ;
    %pushi/vec4 0, 0, 28;
    %load/vec4 v0x5a150c610a30_0;
    %concat/vec4; draw_concat_vec4
    %load/vec4 v0x5a150c611270_0;
    %concat/vec4; draw_concat_vec4
    %load/vec4 v0x5a150c610590_0;
    %concat/vec4; draw_concat_vec4
    %load/vec4 v0x5a150c610df0_0;
    %concat/vec4; draw_concat_vec4
    %store/vec4 v0x5a150c60f770_0, 0, 32;
    %jmp T_61.20;
T_61.18 ;
    %pushi/vec4 0, 0, 30;
    %load/vec4 v0x5a150c60f3d0_0;
    %concat/vec4; draw_concat_vec4
    %load/vec4 v0x5a150c610150_0;
    %concat/vec4; draw_concat_vec4
    %store/vec4 v0x5a150c60f770_0, 0, 32;
    %jmp T_61.20;
T_61.20 ;
    %pop/vec4 1;
    %pushi/vec4 48, 0, 8;
    %load/vec4 v0x5a150c613bb0_0;
    %cmp/u;
    %flag_get/vec4 4;
    %flag_get/vec4 5;
    %or;
    %load/vec4 v0x5a150c613bb0_0;
    %cmpi/u 51, 0, 8;
    %flag_get/vec4 4;
    %flag_get/vec4 5;
    %or;
    %and;
    %flag_set/vec4 8;
    %jmp/0xz  T_61.21, 8;
    %load/vec4 v0x5a150c60fc90_0;
    %pushi/vec4 3, 0, 32;
    %load/vec4 v0x5a150c613bb0_0;
    %pad/u 32;
    %subi 48, 0, 32;
    %sub;
    %muli 32, 0, 32;
    %part/u 32;
    %store/vec4 v0x5a150c60f770_0, 0, 32;
T_61.21 ;
T_61.5 ;
    %jmp T_61.3;
T_61.2 ;
    %pushi/vec4 0, 0, 32;
    %store/vec4 v0x5a150c60f770_0, 0, 32;
T_61.3 ;
T_61.1 ;
    %end;
    .scope S_0x5a150c707670;
t_42 %join;
    %jmp T_61;
    .thread T_61, $push;
    .scope S_0x5a150c71b110;
T_62 ;
    %wait E_0x5a150c60c5f0;
    %fork t_45, S_0x5a150c71e650;
    %jmp t_44;
    .scope S_0x5a150c71e650;
t_45 ;
    %load/vec4 v0x5a150c721190_0;
    %nor/r;
    %flag_set/vec4 8;
    %jmp/0xz  T_62.0, 8;
    %pushi/vec4 0, 0, 32;
    %assign/vec4 v0x5a150c720040_0, 0;
    %pushi/vec4 0, 0, 32;
    %assign/vec4 v0x5a150c7201c0_0, 0;
    %pushi/vec4 0, 0, 32;
    %assign/vec4 v0x5a150c7203b0_0, 0;
    %pushi/vec4 0, 0, 32;
    %assign/vec4 v0x5a150c720550_0, 0;
    %pushi/vec4 0, 0, 2;
    %assign/vec4 v0x5a150c721c80_0, 0;
    %pushi/vec4 0, 0, 4;
    %assign/vec4 v0x5a150c7214c0_0, 0;
    %pushi/vec4 1, 0, 1;
    %assign/vec4 v0x5a150c721010_0, 0;
    %pushi/vec4 0, 0, 2;
    %assign/vec4 v0x5a150c7208e0_0, 0;
    %pushi/vec4 0, 0, 1;
    %assign/vec4 v0x5a150c721fa0_0, 0;
    %pushi/vec4 0, 0, 2;
    %assign/vec4 v0x5a150c722200_0, 0;
    %pushi/vec4 0, 0, 8;
    %assign/vec4 v0x5a150c722560_0, 0;
    %pushi/vec4 0, 0, 1;
    %assign/vec4 v0x5a150c722960_0, 0;
    %jmp T_62.1;
T_62.0 ;
    %load/vec4 v0x5a150c720100_0;
    %flag_set/vec4 8;
    %jmp/0xz  T_62.2, 8;
    %load/vec4 v0x5a150c71ff60_0;
    %parti/s 32, 96, 8;
    %assign/vec4 v0x5a150c720040_0, 0;
T_62.2 ;
    %load/vec4 v0x5a150c7202f0_0;
    %flag_set/vec4 8;
    %jmp/0xz  T_62.4, 8;
    %load/vec4 v0x5a150c71ff60_0;
    %parti/s 32, 64, 8;
    %assign/vec4 v0x5a150c7201c0_0, 0;
T_62.4 ;
    %load/vec4 v0x5a150c720490_0;
    %flag_set/vec4 8;
    %jmp/0xz  T_62.6, 8;
    %load/vec4 v0x5a150c71ff60_0;
    %parti/s 32, 32, 7;
    %assign/vec4 v0x5a150c7203b0_0, 0;
T_62.6 ;
    %load/vec4 v0x5a150c7206c0_0;
    %flag_set/vec4 8;
    %jmp/0xz  T_62.8, 8;
    %load/vec4 v0x5a150c71ff60_0;
    %parti/s 32, 0, 2;
    %assign/vec4 v0x5a150c720550_0, 0;
T_62.8 ;
    %load/vec4 v0x5a150c721e20_0;
    %flag_set/vec4 8;
    %jmp/0xz  T_62.10, 8;
    %load/vec4 v0x5a150c721ba0_0;
    %assign/vec4 v0x5a150c721c80_0, 0;
T_62.10 ;
    %load/vec4 v0x5a150c721660_0;
    %flag_set/vec4 8;
    %jmp/0xz  T_62.12, 8;
    %load/vec4 v0x5a150c7213e0_0;
    %assign/vec4 v0x5a150c7214c0_0, 0;
T_62.12 ;
    %load/vec4 v0x5a150c7210d0_0;
    %flag_set/vec4 8;
    %jmp/0xz  T_62.14, 8;
    %load/vec4 v0x5a150c720f50_0;
    %assign/vec4 v0x5a150c721010_0, 0;
T_62.14 ;
    %load/vec4 v0x5a150c7209c0_0;
    %flag_set/vec4 8;
    %jmp/0xz  T_62.16, 8;
    %load/vec4 v0x5a150c720820_0;
    %assign/vec4 v0x5a150c7208e0_0, 0;
T_62.16 ;
    %load/vec4 v0x5a150c722060_0;
    %flag_set/vec4 8;
    %jmp/0xz  T_62.18, 8;
    %load/vec4 v0x5a150c721ee0_0;
    %assign/vec4 v0x5a150c721fa0_0, 0;
T_62.18 ;
    %load/vec4 v0x5a150c7222e0_0;
    %flag_set/vec4 8;
    %jmp/0xz  T_62.20, 8;
    %load/vec4 v0x5a150c722120_0;
    %assign/vec4 v0x5a150c722200_0, 0;
T_62.20 ;
    %load/vec4 v0x5a150c722640_0;
    %flag_set/vec4 8;
    %jmp/0xz  T_62.22, 8;
    %load/vec4 v0x5a150c722480_0;
    %assign/vec4 v0x5a150c722560_0, 0;
T_62.22 ;
    %load/vec4 v0x5a150c722a20_0;
    %flag_set/vec4 8;
    %jmp/0xz  T_62.24, 8;
    %load/vec4 v0x5a150c7228a0_0;
    %assign/vec4 v0x5a150c722960_0, 0;
T_62.24 ;
T_62.1 ;
    %end;
    .scope S_0x5a150c71b110;
t_44 %join;
    %jmp T_62;
    .thread T_62;
    .scope S_0x5a150c71b110;
T_63 ;
    %wait E_0x5a150c71c030;
    %fork t_47, S_0x5a150c71e9c0;
    %jmp t_46;
    .scope S_0x5a150c71e9c0;
t_47 ;
    %pushi/vec4 0, 0, 128;
    %store/vec4 v0x5a150c71ff60_0, 0, 128;
    %pushi/vec4 0, 0, 32;
    %store/vec4 v0x5a150c720b50_0, 0, 32;
    %pushi/vec4 0, 0, 1;
    %store/vec4 v0x5a150c720100_0, 0, 1;
    %pushi/vec4 0, 0, 1;
    %store/vec4 v0x5a150c7202f0_0, 0, 1;
    %pushi/vec4 0, 0, 1;
    %store/vec4 v0x5a150c720490_0, 0, 1;
    %pushi/vec4 0, 0, 1;
    %store/vec4 v0x5a150c7206c0_0, 0, 1;
    %load/vec4 v0x5a150c720040_0;
    %load/vec4 v0x5a150c7201c0_0;
    %concat/vec4; draw_concat_vec4
    %load/vec4 v0x5a150c7203b0_0;
    %concat/vec4; draw_concat_vec4
    %load/vec4 v0x5a150c720550_0;
    %concat/vec4; draw_concat_vec4
    %store/vec4 v0x5a150c71efb0_0, 0, 128;
    %alloc S_0x5a150c71f170;
    %load/vec4 v0x5a150c71efb0_0;
    %store/vec4 v0x5a150c71f350_0, 0, 128;
    %callf/vec4 TD_tb_aes_core.DUT.enc_block.shiftrows, S_0x5a150c71f170;
    %free S_0x5a150c71f170;
    %store/vec4 v0x5a150c71f090_0, 0, 128;
    %alloc S_0x5a150c71cfe0;
    %load/vec4 v0x5a150c71f090_0;
    %store/vec4 v0x5a150c71d210_0, 0, 128;
    %callf/vec4 TD_tb_aes_core.DUT.enc_block.mixcolumns, S_0x5a150c71cfe0;
    %free S_0x5a150c71cfe0;
    %store/vec4 v0x5a150c71eed0_0, 0, 128;
    %alloc S_0x5a150c71c0f0;
    %load/vec4 v0x5a150c71fe80_0;
    %load/vec4 v0x5a150c721720_0;
    %store/vec4 v0x5a150c71c4b0_0, 0, 128;
    %store/vec4 v0x5a150c71c3d0_0, 0, 128;
    %callf/vec4 TD_tb_aes_core.DUT.enc_block.addroundkey, S_0x5a150c71c0f0;
    %free S_0x5a150c71c0f0;
    %store/vec4 v0x5a150c71ed30_0, 0, 128;
    %alloc S_0x5a150c71c0f0;
    %load/vec4 v0x5a150c71eed0_0;
    %load/vec4 v0x5a150c721720_0;
    %store/vec4 v0x5a150c71c4b0_0, 0, 128;
    %store/vec4 v0x5a150c71c3d0_0, 0, 128;
    %callf/vec4 TD_tb_aes_core.DUT.enc_block.addroundkey, S_0x5a150c71c0f0;
    %free S_0x5a150c71c0f0;
    %store/vec4 v0x5a150c71ee10_0, 0, 128;
    %alloc S_0x5a150c71c0f0;
    %load/vec4 v0x5a150c71f090_0;
    %load/vec4 v0x5a150c721720_0;
    %store/vec4 v0x5a150c71c4b0_0, 0, 128;
    %store/vec4 v0x5a150c71c3d0_0, 0, 128;
    %callf/vec4 TD_tb_aes_core.DUT.enc_block.addroundkey, S_0x5a150c71c0f0;
    %free S_0x5a150c71c0f0;
    %store/vec4 v0x5a150c71ec30_0, 0, 128;
    %load/vec4 v0x5a150c722ae0_0;
    %dup/vec4;
    %pushi/vec4 1, 0, 3;
    %cmp/u;
    %jmp/1 T_63.0, 6;
    %dup/vec4;
    %pushi/vec4 2, 0, 3;
    %cmp/u;
    %jmp/1 T_63.1, 6;
    %dup/vec4;
    %pushi/vec4 3, 0, 3;
    %cmp/u;
    %jmp/1 T_63.2, 6;
    %dup/vec4;
    %pushi/vec4 4, 0, 3;
    %cmp/u;
    %jmp/1 T_63.3, 6;
    %jmp T_63.5;
T_63.0 ;
    %load/vec4 v0x5a150c71ed30_0;
    %store/vec4 v0x5a150c71ff60_0, 0, 128;
    %pushi/vec4 1, 0, 1;
    %store/vec4 v0x5a150c720100_0, 0, 1;
    %pushi/vec4 1, 0, 1;
    %store/vec4 v0x5a150c7202f0_0, 0, 1;
    %pushi/vec4 1, 0, 1;
    %store/vec4 v0x5a150c720490_0, 0, 1;
    %pushi/vec4 1, 0, 1;
    %store/vec4 v0x5a150c7206c0_0, 0, 1;
    %jmp T_63.5;
T_63.1 ;
    %load/vec4 v0x5a150c720cf0_0;
    %load/vec4 v0x5a150c720cf0_0;
    %concat/vec4; draw_concat_vec4
    %load/vec4 v0x5a150c720cf0_0;
    %concat/vec4; draw_concat_vec4
    %load/vec4 v0x5a150c720cf0_0;
    %concat/vec4; draw_concat_vec4
    %store/vec4 v0x5a150c71ff60_0, 0, 128;
    %load/vec4 v0x5a150c721c80_0;
    %dup/vec4;
    %pushi/vec4 0, 0, 2;
    %cmp/u;
    %jmp/1 T_63.6, 6;
    %dup/vec4;
    %pushi/vec4 1, 0, 2;
    %cmp/u;
    %jmp/1 T_63.7, 6;
    %dup/vec4;
    %pushi/vec4 2, 0, 2;
    %cmp/u;
    %jmp/1 T_63.8, 6;
    %dup/vec4;
    %pushi/vec4 3, 0, 2;
    %cmp/u;
    %jmp/1 T_63.9, 6;
    %jmp T_63.10;
T_63.6 ;
    %load/vec4 v0x5a150c720040_0;
    %store/vec4 v0x5a150c720b50_0, 0, 32;
    %pushi/vec4 1, 0, 1;
    %store/vec4 v0x5a150c720100_0, 0, 1;
    %jmp T_63.10;
T_63.7 ;
    %load/vec4 v0x5a150c7201c0_0;
    %store/vec4 v0x5a150c720b50_0, 0, 32;
    %pushi/vec4 1, 0, 1;
    %store/vec4 v0x5a150c7202f0_0, 0, 1;
    %jmp T_63.10;
T_63.8 ;
    %load/vec4 v0x5a150c7203b0_0;
    %store/vec4 v0x5a150c720b50_0, 0, 32;
    %pushi/vec4 1, 0, 1;
    %store/vec4 v0x5a150c720490_0, 0, 1;
    %jmp T_63.10;
T_63.9 ;
    %load/vec4 v0x5a150c720550_0;
    %store/vec4 v0x5a150c720b50_0, 0, 32;
    %pushi/vec4 1, 0, 1;
    %store/vec4 v0x5a150c7206c0_0, 0, 1;
    %jmp T_63.10;
T_63.10 ;
    %pop/vec4 1;
    %jmp T_63.5;
T_63.2 ;
    %load/vec4 v0x5a150c71ee10_0;
    %store/vec4 v0x5a150c71ff60_0, 0, 128;
    %pushi/vec4 1, 0, 1;
    %store/vec4 v0x5a150c720100_0, 0, 1;
    %pushi/vec4 1, 0, 1;
    %store/vec4 v0x5a150c7202f0_0, 0, 1;
    %pushi/vec4 1, 0, 1;
    %store/vec4 v0x5a150c720490_0, 0, 1;
    %pushi/vec4 1, 0, 1;
    %store/vec4 v0x5a150c7206c0_0, 0, 1;
    %jmp T_63.5;
T_63.3 ;
    %load/vec4 v0x5a150c71ec30_0;
    %store/vec4 v0x5a150c71ff60_0, 0, 128;
    %pushi/vec4 1, 0, 1;
    %store/vec4 v0x5a150c720100_0, 0, 1;
    %pushi/vec4 1, 0, 1;
    %store/vec4 v0x5a150c7202f0_0, 0, 1;
    %pushi/vec4 1, 0, 1;
    %store/vec4 v0x5a150c720490_0, 0, 1;
    %pushi/vec4 1, 0, 1;
    %store/vec4 v0x5a150c7206c0_0, 0, 1;
    %jmp T_63.5;
T_63.5 ;
    %pop/vec4 1;
    %end;
    .scope S_0x5a150c71b110;
t_46 %join;
    %jmp T_63;
    .thread T_63, $push;
    .scope S_0x5a150c71b110;
T_64 ;
    %wait E_0x5a150c71bfa0;
    %fork t_49, S_0x5a150c71fcf0;
    %jmp t_48;
    .scope S_0x5a150c71fcf0;
t_49 ;
    %pushi/vec4 0, 0, 2;
    %store/vec4 v0x5a150c721ba0_0, 0, 2;
    %pushi/vec4 0, 0, 1;
    %store/vec4 v0x5a150c721e20_0, 0, 1;
    %load/vec4 v0x5a150c721d60_0;
    %flag_set/vec4 8;
    %jmp/0xz  T_64.0, 8;
    %pushi/vec4 0, 0, 2;
    %store/vec4 v0x5a150c721ba0_0, 0, 2;
    %pushi/vec4 1, 0, 1;
    %store/vec4 v0x5a150c721e20_0, 0, 1;
    %jmp T_64.1;
T_64.0 ;
    %load/vec4 v0x5a150c7218d0_0;
    %flag_set/vec4 8;
    %jmp/0xz  T_64.2, 8;
    %load/vec4 v0x5a150c721c80_0;
    %addi 1, 0, 2;
    %store/vec4 v0x5a150c721ba0_0, 0, 2;
    %pushi/vec4 1, 0, 1;
    %store/vec4 v0x5a150c721e20_0, 0, 1;
T_64.2 ;
T_64.1 ;
    %end;
    .scope S_0x5a150c71b110;
t_48 %join;
    %jmp T_64;
    .thread T_64, $push;
    .scope S_0x5a150c71b110;
T_65 ;
    %wait E_0x5a150c71bf40;
    %fork t_51, S_0x5a150c71e7e0;
    %jmp t_50;
    .scope S_0x5a150c71e7e0;
t_51 ;
    %pushi/vec4 0, 0, 4;
    %store/vec4 v0x5a150c7213e0_0, 0, 4;
    %pushi/vec4 0, 0, 1;
    %store/vec4 v0x5a150c721660_0, 0, 1;
    %load/vec4 v0x5a150c7215a0_0;
    %flag_set/vec4 8;
    %jmp/0xz  T_65.0, 8;
    %pushi/vec4 0, 0, 4;
    %store/vec4 v0x5a150c7213e0_0, 0, 4;
    %pushi/vec4 1, 0, 1;
    %store/vec4 v0x5a150c721660_0, 0, 1;
    %jmp T_65.1;
T_65.0 ;
    %load/vec4 v0x5a150c721320_0;
    %flag_set/vec4 8;
    %jmp/0xz  T_65.2, 8;
    %load/vec4 v0x5a150c7214c0_0;
    %addi 1, 0, 4;
    %store/vec4 v0x5a150c7213e0_0, 0, 4;
    %pushi/vec4 1, 0, 1;
    %store/vec4 v0x5a150c721660_0, 0, 1;
T_65.2 ;
T_65.1 ;
    %end;
    .scope S_0x5a150c71b110;
t_50 %join;
    %jmp T_65;
    .thread T_65, $push;
    .scope S_0x5a150c71b110;
T_66 ;
    %wait E_0x5a150c71bec0;
    %fork t_53, S_0x5a150c71c570;
    %jmp t_52;
    .scope S_0x5a150c71c570;
t_53 ;
    %pushi/vec4 0, 0, 1;
    %store/vec4 v0x5a150c7218d0_0, 0, 1;
    %pushi/vec4 0, 0, 1;
    %store/vec4 v0x5a150c721d60_0, 0, 1;
    %pushi/vec4 0, 0, 1;
    %store/vec4 v0x5a150c721320_0, 0, 1;
    %pushi/vec4 0, 0, 1;
    %store/vec4 v0x5a150c7215a0_0, 0, 1;
    %pushi/vec4 0, 0, 1;
    %store/vec4 v0x5a150c720f50_0, 0, 1;
    %pushi/vec4 0, 0, 1;
    %store/vec4 v0x5a150c7210d0_0, 0, 1;
    %pushi/vec4 0, 0, 3;
    %store/vec4 v0x5a150c722ae0_0, 0, 3;
    %pushi/vec4 0, 0, 2;
    %store/vec4 v0x5a150c720820_0, 0, 2;
    %pushi/vec4 0, 0, 1;
    %store/vec4 v0x5a150c7209c0_0, 0, 1;
    %load/vec4 v0x5a150c720a80_0;
    %cmpi/e 1, 0, 1;
    %jmp/0xz  T_66.0, 4;
    %pushi/vec4 14, 0, 4;
    %store/vec4 v0x5a150c71c770_0, 0, 4;
    %jmp T_66.1;
T_66.0 ;
    %pushi/vec4 10, 0, 4;
    %store/vec4 v0x5a150c71c770_0, 0, 4;
T_66.1 ;
    %load/vec4 v0x5a150c7208e0_0;
    %dup/vec4;
    %pushi/vec4 0, 0, 2;
    %cmp/u;
    %jmp/1 T_66.2, 6;
    %dup/vec4;
    %pushi/vec4 1, 0, 2;
    %cmp/u;
    %jmp/1 T_66.3, 6;
    %dup/vec4;
    %pushi/vec4 2, 0, 2;
    %cmp/u;
    %jmp/1 T_66.4, 6;
    %dup/vec4;
    %pushi/vec4 3, 0, 2;
    %cmp/u;
    %jmp/1 T_66.5, 6;
    %jmp T_66.7;
T_66.2 ;
    %load/vec4 v0x5a150c720dd0_0;
    %flag_set/vec4 8;
    %jmp/0xz  T_66.8, 8;
    %pushi/vec4 1, 0, 1;
    %store/vec4 v0x5a150c7215a0_0, 0, 1;
    %pushi/vec4 0, 0, 1;
    %store/vec4 v0x5a150c720f50_0, 0, 1;
    %pushi/vec4 1, 0, 1;
    %store/vec4 v0x5a150c7210d0_0, 0, 1;
    %pushi/vec4 1, 0, 2;
    %store/vec4 v0x5a150c720820_0, 0, 2;
    %pushi/vec4 1, 0, 1;
    %store/vec4 v0x5a150c7209c0_0, 0, 1;
T_66.8 ;
    %jmp T_66.7;
T_66.3 ;
    %pushi/vec4 1, 0, 1;
    %store/vec4 v0x5a150c721320_0, 0, 1;
    %pushi/vec4 1, 0, 1;
    %store/vec4 v0x5a150c721d60_0, 0, 1;
    %pushi/vec4 1, 0, 3;
    %store/vec4 v0x5a150c722ae0_0, 0, 3;
    %pushi/vec4 2, 0, 2;
    %store/vec4 v0x5a150c720820_0, 0, 2;
    %pushi/vec4 1, 0, 1;
    %store/vec4 v0x5a150c7209c0_0, 0, 1;
    %jmp T_66.7;
T_66.4 ;
    %pushi/vec4 1, 0, 1;
    %store/vec4 v0x5a150c7218d0_0, 0, 1;
    %pushi/vec4 2, 0, 3;
    %store/vec4 v0x5a150c722ae0_0, 0, 3;
    %load/vec4 v0x5a150c721c80_0;
    %cmpi/e 3, 0, 2;
    %jmp/0xz  T_66.10, 4;
    %pushi/vec4 3, 0, 2;
    %store/vec4 v0x5a150c720820_0, 0, 2;
    %pushi/vec4 1, 0, 1;
    %store/vec4 v0x5a150c7209c0_0, 0, 1;
T_66.10 ;
    %jmp T_66.7;
T_66.5 ;
    %pushi/vec4 1, 0, 1;
    %store/vec4 v0x5a150c721d60_0, 0, 1;
    %pushi/vec4 1, 0, 1;
    %store/vec4 v0x5a150c721320_0, 0, 1;
    %load/vec4 v0x5a150c7214c0_0;
    %load/vec4 v0x5a150c71c770_0;
    %cmp/u;
    %jmp/0xz  T_66.12, 5;
    %pushi/vec4 3, 0, 3;
    %store/vec4 v0x5a150c722ae0_0, 0, 3;
    %pushi/vec4 2, 0, 2;
    %store/vec4 v0x5a150c720820_0, 0, 2;
    %pushi/vec4 1, 0, 1;
    %store/vec4 v0x5a150c7209c0_0, 0, 1;
    %jmp T_66.13;
T_66.12 ;
    %pushi/vec4 4, 0, 3;
    %store/vec4 v0x5a150c722ae0_0, 0, 3;
    %pushi/vec4 1, 0, 1;
    %store/vec4 v0x5a150c720f50_0, 0, 1;
    %pushi/vec4 1, 0, 1;
    %store/vec4 v0x5a150c7210d0_0, 0, 1;
    %pushi/vec4 0, 0, 2;
    %store/vec4 v0x5a150c720820_0, 0, 2;
    %pushi/vec4 1, 0, 1;
    %store/vec4 v0x5a150c7209c0_0, 0, 1;
T_66.13 ;
    %jmp T_66.7;
T_66.7 ;
    %pop/vec4 1;
    %end;
    .scope S_0x5a150c71b110;
t_52 %join;
    %jmp T_66;
    .thread T_66, $push;
    .scope S_0x5a150c71b110;
T_67 ;
    %wait E_0x5a150c601670;
    %load/vec4 v0x5a150c721fa0_0;
    %store/vec4 v0x5a150c721ee0_0, 0, 1;
    %pushi/vec4 0, 0, 1;
    %store/vec4 v0x5a150c722060_0, 0, 1;
    %load/vec4 v0x5a150c722200_0;
    %store/vec4 v0x5a150c722120_0, 0, 2;
    %pushi/vec4 0, 0, 1;
    %store/vec4 v0x5a150c7222e0_0, 0, 1;
    %load/vec4 v0x5a150c722560_0;
    %store/vec4 v0x5a150c722480_0, 0, 8;
    %pushi/vec4 0, 0, 1;
    %store/vec4 v0x5a150c722640_0, 0, 1;
    %pushi/vec4 0, 0, 1;
    %store/vec4 v0x5a150c7228a0_0, 0, 1;
    %pushi/vec4 1, 0, 1;
    %store/vec4 v0x5a150c722a20_0, 0, 1;
    %load/vec4 v0x5a150c721fa0_0;
    %nor/r;
    %load/vec4 v0x5a150c722700_0;
    %pushi/vec4 165, 0, 8;
    %cmp/e;
    %flag_get/vec4 4;
    %and;
    %flag_set/vec4 8;
    %jmp/0xz  T_67.0, 8;
    %pushi/vec4 1, 0, 1;
    %store/vec4 v0x5a150c721ee0_0, 0, 1;
    %pushi/vec4 1, 0, 1;
    %store/vec4 v0x5a150c722060_0, 0, 1;
    %pushi/vec4 0, 0, 2;
    %store/vec4 v0x5a150c722120_0, 0, 2;
    %pushi/vec4 1, 0, 1;
    %store/vec4 v0x5a150c7222e0_0, 0, 1;
T_67.0 ;
    %load/vec4 v0x5a150c721fa0_0;
    %flag_set/vec4 8;
    %jmp/0xz  T_67.2, 8;
    %load/vec4 v0x5a150c722200_0;
    %dup/vec4;
    %pushi/vec4 0, 0, 2;
    %cmp/u;
    %jmp/1 T_67.4, 6;
    %dup/vec4;
    %pushi/vec4 1, 0, 2;
    %cmp/u;
    %jmp/1 T_67.5, 6;
    %dup/vec4;
    %pushi/vec4 2, 0, 2;
    %cmp/u;
    %jmp/1 T_67.6, 6;
    %dup/vec4;
    %pushi/vec4 3, 0, 2;
    %cmp/u;
    %jmp/1 T_67.7, 6;
    %pushi/vec4 0, 0, 8;
    %store/vec4 v0x5a150c722480_0, 0, 8;
    %jmp T_67.9;
T_67.4 ;
    %load/vec4 v0x5a150c721720_0;
    %parti/s 8, 120, 8;
    %store/vec4 v0x5a150c722480_0, 0, 8;
    %jmp T_67.9;
T_67.5 ;
    %load/vec4 v0x5a150c721720_0;
    %parti/s 8, 112, 8;
    %store/vec4 v0x5a150c722480_0, 0, 8;
    %jmp T_67.9;
T_67.6 ;
    %load/vec4 v0x5a150c721720_0;
    %parti/s 8, 104, 8;
    %store/vec4 v0x5a150c722480_0, 0, 8;
    %jmp T_67.9;
T_67.7 ;
    %load/vec4 v0x5a150c721720_0;
    %parti/s 8, 96, 8;
    %store/vec4 v0x5a150c722480_0, 0, 8;
    %jmp T_67.9;
T_67.9 ;
    %pop/vec4 1;
    %pushi/vec4 1, 0, 1;
    %store/vec4 v0x5a150c722640_0, 0, 1;
    %pushi/vec4 1, 0, 1;
    %store/vec4 v0x5a150c7228a0_0, 0, 1;
    %pushi/vec4 1, 0, 1;
    %store/vec4 v0x5a150c722a20_0, 0, 1;
    %load/vec4 v0x5a150c722200_0;
    %cmpi/ne 3, 0, 2;
    %jmp/0xz  T_67.10, 4;
    %load/vec4 v0x5a150c722200_0;
    %addi 1, 0, 2;
    %store/vec4 v0x5a150c722120_0, 0, 2;
    %pushi/vec4 1, 0, 1;
    %store/vec4 v0x5a150c7222e0_0, 0, 1;
    %jmp T_67.11;
T_67.10 ;
    %load/vec4 v0x5a150c722200_0;
    %store/vec4 v0x5a150c722120_0, 0, 2;
    %pushi/vec4 0, 0, 1;
    %store/vec4 v0x5a150c7222e0_0, 0, 1;
T_67.11 ;
    %jmp T_67.3;
T_67.2 ;
    %pushi/vec4 0, 0, 1;
    %store/vec4 v0x5a150c7228a0_0, 0, 1;
    %pushi/vec4 1, 0, 1;
    %store/vec4 v0x5a150c722a20_0, 0, 1;
T_67.3 ;
    %jmp T_67;
    .thread T_67, $push;
    .scope S_0x5a150c601af0;
T_68 ;
    %wait E_0x5a150c601750;
    %load/vec4 v0x5a150c5f7e70_0;
    %nor/r;
    %flag_set/vec4 8;
    %jmp/0xz  T_68.0, 8;
    %pushi/vec4 0, 0, 8;
    %assign/vec4 v0x5a150c5f7490_0, 0;
    %pushi/vec4 0, 0, 1;
    %assign/vec4 v0x5a150c5f79f0_0, 0;
    %pushi/vec4 0, 0, 8;
    %assign/vec4 v0x5a150c5f82d0_0, 0;
    %pushi/vec4 0, 0, 1;
    %assign/vec4 v0x5a150c5f7030_0, 0;
    %jmp T_68.1;
T_68.0 ;
    %load/vec4 v0x5a150c5f7570_0;
    %pushi/vec4 165, 0, 8;
    %cmp/e;
    %flag_get/vec4 4;
    %load/vec4 v0x5a150c5f7490_0;
    %pushi/vec4 0, 0, 8;
    %cmp/e;
    %flag_get/vec4 4;
    %and;
    %flag_set/vec4 8;
    %jmp/0xz  T_68.2, 8;
    %pushi/vec4 1, 0, 1;
    %assign/vec4 v0x5a150c5f79f0_0, 0;
    %pushi/vec4 1, 0, 8;
    %assign/vec4 v0x5a150c5f7490_0, 0;
    %load/vec4 v0x5a150c5f7910_0;
    %parti/s 8, 0, 2;
    %assign/vec4 v0x5a150c5f82d0_0, 0;
    %jmp T_68.3;
T_68.2 ;
    %load/vec4 v0x5a150c5f79f0_0;
    %load/vec4 v0x5a150c5f7490_0;
    %cmpi/u 8, 0, 8;
    %flag_get/vec4 5;
    %and;
    %flag_set/vec4 8;
    %jmp/0xz  T_68.4, 8;
    %load/vec4 v0x5a150c5f82d0_0;
    %pushi/vec4 7, 0, 32;
    %load/vec4 v0x5a150c5f7490_0;
    %pad/u 32;
    %sub;
    %addi 1, 0, 32;
    %part/u 1;
    %assign/vec4 v0x5a150c5f7030_0, 0;
    %load/vec4 v0x5a150c5f7490_0;
    %addi 1, 0, 8;
    %assign/vec4 v0x5a150c5f7490_0, 0;
    %jmp T_68.5;
T_68.4 ;
    %load/vec4 v0x5a150c5f79f0_0;
    %pushi/vec4 8, 0, 8;
    %load/vec4 v0x5a150c5f7490_0;
    %cmp/u;
    %flag_get/vec4 4;
    %flag_get/vec4 5;
    %or;
    %and;
    %flag_set/vec4 8;
    %jmp/0xz  T_68.6, 8;
    %pushi/vec4 0, 0, 1;
    %assign/vec4 v0x5a150c5f79f0_0, 0;
    %pushi/vec4 0, 0, 8;
    %assign/vec4 v0x5a150c5f7490_0, 0;
    %pushi/vec4 0, 0, 1;
    %assign/vec4 v0x5a150c5f7030_0, 0;
    %jmp T_68.7;
T_68.6 ;
    %pushi/vec4 0, 0, 1;
    %assign/vec4 v0x5a150c5f7030_0, 0;
T_68.7 ;
T_68.5 ;
T_68.3 ;
T_68.1 ;
    %jmp T_68;
    .thread T_68;
    .scope S_0x5a150c60e0f0;
T_69 ;
    %wait E_0x5a150c60c630;
    %load/vec4 v0x5a150c71aa30_0;
    %store/vec4 v0x5a150c71ab10_0, 0, 3;
    %pushi/vec4 0, 0, 1;
    %store/vec4 v0x5a150c71abf0_0, 0, 1;
    %load/vec4 v0x5a150c71ad70_0;
    %store/vec4 v0x5a150c71acb0_0, 0, 1;
    %pushi/vec4 0, 0, 1;
    %store/vec4 v0x5a150c71ae30_0, 0, 1;
    %load/vec4 v0x5a150c71ad70_0;
    %nor/r;
    %flag_set/vec4 8;
    %jmp/0xz  T_69.0, 8;
    %load/vec4 v0x5a150c5c6860_0;
    %parti/s 8, 0, 2;
    %pushi/vec4 165, 0, 8;
    %cmp/e;
    %flag_get/vec4 4;
    %load/vec4 v0x5a150c535990_0;
    %and;
    %flag_set/vec4 8;
    %jmp/0xz  T_69.2, 8;
    %load/vec4 v0x5a150c71aa30_0;
    %cmpi/e 7, 0, 3;
    %jmp/0xz  T_69.4, 4;
    %pushi/vec4 0, 0, 3;
    %store/vec4 v0x5a150c71ab10_0, 0, 3;
    %pushi/vec4 1, 0, 1;
    %store/vec4 v0x5a150c71acb0_0, 0, 1;
    %pushi/vec4 1, 0, 1;
    %store/vec4 v0x5a150c71ae30_0, 0, 1;
    %pushi/vec4 1, 0, 1;
    %store/vec4 v0x5a150c71abf0_0, 0, 1;
    %jmp T_69.5;
T_69.4 ;
    %load/vec4 v0x5a150c71aa30_0;
    %addi 1, 0, 3;
    %store/vec4 v0x5a150c71ab10_0, 0, 3;
    %pushi/vec4 1, 0, 1;
    %store/vec4 v0x5a150c71abf0_0, 0, 1;
T_69.5 ;
    %jmp T_69.3;
T_69.2 ;
    %load/vec4 v0x5a150c535990_0;
    %flag_set/vec4 8;
    %jmp/0xz  T_69.6, 8;
    %pushi/vec4 0, 0, 3;
    %store/vec4 v0x5a150c71ab10_0, 0, 3;
    %pushi/vec4 1, 0, 1;
    %store/vec4 v0x5a150c71abf0_0, 0, 1;
T_69.6 ;
T_69.3 ;
T_69.0 ;
    %jmp T_69;
    .thread T_69, $push;
    .scope S_0x5a150c60e0f0;
T_70 ;
    %wait E_0x5a150c60c5f0;
    %fork t_55, S_0x5a150c5f4bf0;
    %jmp t_54;
    .scope S_0x5a150c5f4bf0;
t_55 ;
    %load/vec4 v0x5a150c719ad0_0;
    %nor/r;
    %flag_set/vec4 8;
    %jmp/0xz  T_70.0, 8;
    %pushi/vec4 0, 0, 32;
    %assign/vec4 v0x5a150c5c6610_0, 0;
    %pushi/vec4 0, 0, 32;
    %assign/vec4 v0x5a150c5c63a0_0, 0;
    %pushi/vec4 0, 0, 32;
    %assign/vec4 v0x5a150c5c6150_0, 0;
    %pushi/vec4 0, 0, 32;
    %assign/vec4 v0x5a150c5c8090_0, 0;
    %pushi/vec4 0, 0, 2;
    %assign/vec4 v0x5a150c71a480_0, 0;
    %pushi/vec4 0, 0, 4;
    %assign/vec4 v0x5a150c719d90_0, 0;
    %pushi/vec4 1, 0, 1;
    %assign/vec4 v0x5a150c719990_0, 0;
    %pushi/vec4 0, 0, 2;
    %assign/vec4 v0x5a150c535590_0, 0;
    %pushi/vec4 0, 0, 1;
    %assign/vec4 v0x5a150c71ad70_0, 0;
    %pushi/vec4 0, 0, 3;
    %assign/vec4 v0x5a150c71aa30_0, 0;
    %pushi/vec4 0, 0, 128;
    %assign/vec4 v0x5a150c71a950_0, 0;
    %pushi/vec4 0, 0, 8;
    %assign/vec4 v0x5a150c71a870_0, 0;
    %jmp T_70.1;
T_70.0 ;
    %load/vec4 v0x5a150c5c62e0_0;
    %flag_set/vec4 8;
    %jmp/0xz  T_70.2, 8;
    %load/vec4 v0x5a150c5c6530_0;
    %parti/s 32, 96, 8;
    %assign/vec4 v0x5a150c5c6610_0, 0;
T_70.2 ;
    %load/vec4 v0x5a150c5c6090_0;
    %flag_set/vec4 8;
    %jmp/0xz  T_70.4, 8;
    %load/vec4 v0x5a150c5c6530_0;
    %parti/s 32, 64, 8;
    %assign/vec4 v0x5a150c5c63a0_0, 0;
T_70.4 ;
    %load/vec4 v0x5a150c5c7fd0_0;
    %flag_set/vec4 8;
    %jmp/0xz  T_70.6, 8;
    %load/vec4 v0x5a150c5c6530_0;
    %parti/s 32, 32, 7;
    %assign/vec4 v0x5a150c5c6150_0, 0;
T_70.6 ;
    %load/vec4 v0x5a150c5c7d80_0;
    %flag_set/vec4 8;
    %jmp/0xz  T_70.8, 8;
    %load/vec4 v0x5a150c5c6530_0;
    %parti/s 32, 0, 2;
    %assign/vec4 v0x5a150c5c8090_0, 0;
T_70.8 ;
    %load/vec4 v0x5a150c71a620_0;
    %flag_set/vec4 8;
    %jmp/0xz  T_70.10, 8;
    %load/vec4 v0x5a150c71a3a0_0;
    %assign/vec4 v0x5a150c71a480_0, 0;
T_70.10 ;
    %load/vec4 v0x5a150c71a140_0;
    %flag_set/vec4 8;
    %jmp/0xz  T_70.12, 8;
    %load/vec4 v0x5a150c719cb0_0;
    %assign/vec4 v0x5a150c719d90_0, 0;
T_70.12 ;
    %load/vec4 v0x5a150c719a30_0;
    %flag_set/vec4 8;
    %jmp/0xz  T_70.14, 8;
    %load/vec4 v0x5a150c7198f0_0;
    %assign/vec4 v0x5a150c719990_0, 0;
T_70.14 ;
    %load/vec4 v0x5a150c535670_0;
    %flag_set/vec4 8;
    %jmp/0xz  T_70.16, 8;
    %load/vec4 v0x5a150c5c7c60_0;
    %assign/vec4 v0x5a150c535590_0, 0;
T_70.16 ;
    %load/vec4 v0x5a150c71ae30_0;
    %flag_set/vec4 8;
    %jmp/0xz  T_70.18, 8;
    %load/vec4 v0x5a150c71acb0_0;
    %assign/vec4 v0x5a150c71ad70_0, 0;
T_70.18 ;
    %load/vec4 v0x5a150c71abf0_0;
    %flag_set/vec4 8;
    %jmp/0xz  T_70.20, 8;
    %load/vec4 v0x5a150c71ab10_0;
    %assign/vec4 v0x5a150c71aa30_0, 0;
T_70.20 ;
    %load/vec4 v0x5a150c71ae30_0;
    %flag_set/vec4 8;
    %jmp/0xz  T_70.22, 8;
    %load/vec4 v0x5a150c71a200_0;
    %assign/vec4 v0x5a150c71a950_0, 0;
T_70.22 ;
    %load/vec4 v0x5a150c71ae30_0;
    %flag_set/vec4 8;
    %jmp/0xz  T_70.24, 8;
    %pushi/vec4 0, 0, 8;
    %assign/vec4 v0x5a150c71a870_0, 0;
    %jmp T_70.25;
T_70.24 ;
    %load/vec4 v0x5a150c71ad70_0;
    %load/vec4 v0x5a150c719990_0;
    %and;
    %load/vec4 v0x5a150c71a870_0;
    %cmpi/u 127, 0, 8;
    %flag_get/vec4 5;
    %and;
    %flag_set/vec4 8;
    %jmp/0xz  T_70.26, 8;
    %load/vec4 v0x5a150c71a870_0;
    %addi 1, 0, 8;
    %assign/vec4 v0x5a150c71a870_0, 0;
T_70.26 ;
T_70.25 ;
T_70.1 ;
    %end;
    .scope S_0x5a150c60e0f0;
t_54 %join;
    %jmp T_70;
    .thread T_70;
    .scope S_0x5a150c60e0f0;
T_71 ;
    %wait E_0x5a150c60cb10;
    %fork t_57, S_0x5a150c5f42f0;
    %jmp t_56;
    .scope S_0x5a150c5f42f0;
t_57 ;
    %pushi/vec4 0, 0, 128;
    %store/vec4 v0x5a150c5f3570_0, 0, 128;
    %pushi/vec4 0, 0, 128;
    %store/vec4 v0x5a150c5f3af0_0, 0, 128;
    %pushi/vec4 0, 0, 128;
    %store/vec4 v0x5a150c5f39f0_0, 0, 128;
    %pushi/vec4 0, 0, 128;
    %store/vec4 v0x5a150c5c6530_0, 0, 128;
    %pushi/vec4 0, 0, 32;
    %store/vec4 v0x5a150c71a6e0_0, 0, 32;
    %pushi/vec4 0, 0, 1;
    %store/vec4 v0x5a150c5c62e0_0, 0, 1;
    %pushi/vec4 0, 0, 1;
    %store/vec4 v0x5a150c5c6090_0, 0, 1;
    %pushi/vec4 0, 0, 1;
    %store/vec4 v0x5a150c5c7fd0_0, 0, 1;
    %pushi/vec4 0, 0, 1;
    %store/vec4 v0x5a150c5c7d80_0, 0, 1;
    %load/vec4 v0x5a150c5c6610_0;
    %load/vec4 v0x5a150c5c63a0_0;
    %concat/vec4; draw_concat_vec4
    %load/vec4 v0x5a150c5c6150_0;
    %concat/vec4; draw_concat_vec4
    %load/vec4 v0x5a150c5c8090_0;
    %concat/vec4; draw_concat_vec4
    %store/vec4 v0x5a150c5f3630_0, 0, 128;
    %load/vec4 v0x5a150c71aef0_0;
    %dup/vec4;
    %pushi/vec4 1, 0, 3;
    %cmp/u;
    %jmp/1 T_71.0, 6;
    %dup/vec4;
    %pushi/vec4 2, 0, 3;
    %cmp/u;
    %jmp/1 T_71.1, 6;
    %dup/vec4;
    %pushi/vec4 3, 0, 3;
    %cmp/u;
    %jmp/1 T_71.2, 6;
    %dup/vec4;
    %pushi/vec4 4, 0, 3;
    %cmp/u;
    %jmp/1 T_71.3, 6;
    %jmp T_71.5;
T_71.0 ;
    %load/vec4 v0x5a150c5c6860_0;
    %store/vec4 v0x5a150c5f3630_0, 0, 128;
    %alloc S_0x5a150c60c170;
    %load/vec4 v0x5a150c5f3630_0;
    %load/vec4 v0x5a150c71a200_0;
    %store/vec4 v0x5a150c60b870_0, 0, 128;
    %store/vec4 v0x5a150c60bdf0_0, 0, 128;
    %callf/vec4 TD_tb_aes_core.DUT.dec_block.addroundkey, S_0x5a150c60c170;
    %free S_0x5a150c60c170;
    %store/vec4 v0x5a150c5f39f0_0, 0, 128;
    %alloc S_0x5a150c5f66f0;
    %load/vec4 v0x5a150c5f39f0_0;
    %store/vec4 v0x5a150c5f6bd0_0, 0, 128;
    %callf/vec4 TD_tb_aes_core.DUT.dec_block.inv_shiftrows, S_0x5a150c5f66f0;
    %free S_0x5a150c5f66f0;
    %store/vec4 v0x5a150c5f3570_0, 0, 128;
    %load/vec4 v0x5a150c5f3570_0;
    %store/vec4 v0x5a150c5c6530_0, 0, 128;
    %pushi/vec4 1, 0, 1;
    %store/vec4 v0x5a150c5c62e0_0, 0, 1;
    %pushi/vec4 1, 0, 1;
    %store/vec4 v0x5a150c5c6090_0, 0, 1;
    %pushi/vec4 1, 0, 1;
    %store/vec4 v0x5a150c5c7fd0_0, 0, 1;
    %pushi/vec4 1, 0, 1;
    %store/vec4 v0x5a150c5c7d80_0, 0, 1;
    %jmp T_71.5;
T_71.1 ;
    %load/vec4 v0x5a150c5358d0_0;
    %load/vec4 v0x5a150c5358d0_0;
    %concat/vec4; draw_concat_vec4
    %load/vec4 v0x5a150c5358d0_0;
    %concat/vec4; draw_concat_vec4
    %load/vec4 v0x5a150c5358d0_0;
    %concat/vec4; draw_concat_vec4
    %store/vec4 v0x5a150c5c6530_0, 0, 128;
    %load/vec4 v0x5a150c71a480_0;
    %dup/vec4;
    %pushi/vec4 0, 0, 2;
    %cmp/u;
    %jmp/1 T_71.6, 6;
    %dup/vec4;
    %pushi/vec4 1, 0, 2;
    %cmp/u;
    %jmp/1 T_71.7, 6;
    %dup/vec4;
    %pushi/vec4 2, 0, 2;
    %cmp/u;
    %jmp/1 T_71.8, 6;
    %dup/vec4;
    %pushi/vec4 3, 0, 2;
    %cmp/u;
    %jmp/1 T_71.9, 6;
    %jmp T_71.10;
T_71.6 ;
    %load/vec4 v0x5a150c5c6610_0;
    %store/vec4 v0x5a150c71a6e0_0, 0, 32;
    %pushi/vec4 1, 0, 1;
    %store/vec4 v0x5a150c5c62e0_0, 0, 1;
    %jmp T_71.10;
T_71.7 ;
    %load/vec4 v0x5a150c5c63a0_0;
    %store/vec4 v0x5a150c71a6e0_0, 0, 32;
    %pushi/vec4 1, 0, 1;
    %store/vec4 v0x5a150c5c6090_0, 0, 1;
    %jmp T_71.10;
T_71.8 ;
    %load/vec4 v0x5a150c5c6150_0;
    %store/vec4 v0x5a150c71a6e0_0, 0, 32;
    %pushi/vec4 1, 0, 1;
    %store/vec4 v0x5a150c5c7fd0_0, 0, 1;
    %jmp T_71.10;
T_71.9 ;
    %load/vec4 v0x5a150c5c8090_0;
    %store/vec4 v0x5a150c71a6e0_0, 0, 32;
    %pushi/vec4 1, 0, 1;
    %store/vec4 v0x5a150c5c7d80_0, 0, 1;
    %jmp T_71.10;
T_71.10 ;
    %pop/vec4 1;
    %jmp T_71.5;
T_71.2 ;
    %alloc S_0x5a150c60c170;
    %load/vec4 v0x5a150c5f3630_0;
    %load/vec4 v0x5a150c71a200_0;
    %store/vec4 v0x5a150c60b870_0, 0, 128;
    %store/vec4 v0x5a150c60bdf0_0, 0, 128;
    %callf/vec4 TD_tb_aes_core.DUT.dec_block.addroundkey, S_0x5a150c60c170;
    %free S_0x5a150c60c170;
    %store/vec4 v0x5a150c5f39f0_0, 0, 128;
    %alloc S_0x5a150c6059f0;
    %load/vec4 v0x5a150c5f39f0_0;
    %store/vec4 v0x5a150c605570_0, 0, 128;
    %callf/vec4 TD_tb_aes_core.DUT.dec_block.inv_mixcolumns, S_0x5a150c6059f0;
    %free S_0x5a150c6059f0;
    %store/vec4 v0x5a150c5f3af0_0, 0, 128;
    %alloc S_0x5a150c5f66f0;
    %load/vec4 v0x5a150c5f3af0_0;
    %store/vec4 v0x5a150c5f6bd0_0, 0, 128;
    %callf/vec4 TD_tb_aes_core.DUT.dec_block.inv_shiftrows, S_0x5a150c5f66f0;
    %free S_0x5a150c5f66f0;
    %store/vec4 v0x5a150c5f3570_0, 0, 128;
    %load/vec4 v0x5a150c5f3570_0;
    %store/vec4 v0x5a150c5c6530_0, 0, 128;
    %pushi/vec4 1, 0, 1;
    %store/vec4 v0x5a150c5c62e0_0, 0, 1;
    %pushi/vec4 1, 0, 1;
    %store/vec4 v0x5a150c5c6090_0, 0, 1;
    %pushi/vec4 1, 0, 1;
    %store/vec4 v0x5a150c5c7fd0_0, 0, 1;
    %pushi/vec4 1, 0, 1;
    %store/vec4 v0x5a150c5c7d80_0, 0, 1;
    %jmp T_71.5;
T_71.3 ;
    %alloc S_0x5a150c60c170;
    %load/vec4 v0x5a150c5f3630_0;
    %load/vec4 v0x5a150c71a200_0;
    %store/vec4 v0x5a150c60b870_0, 0, 128;
    %store/vec4 v0x5a150c60bdf0_0, 0, 128;
    %callf/vec4 TD_tb_aes_core.DUT.dec_block.addroundkey, S_0x5a150c60c170;
    %free S_0x5a150c60c170;
    %store/vec4 v0x5a150c5c6530_0, 0, 128;
    %pushi/vec4 1, 0, 1;
    %store/vec4 v0x5a150c5c62e0_0, 0, 1;
    %pushi/vec4 1, 0, 1;
    %store/vec4 v0x5a150c5c6090_0, 0, 1;
    %pushi/vec4 1, 0, 1;
    %store/vec4 v0x5a150c5c7fd0_0, 0, 1;
    %pushi/vec4 1, 0, 1;
    %store/vec4 v0x5a150c5c7d80_0, 0, 1;
    %jmp T_71.5;
T_71.5 ;
    %pop/vec4 1;
    %end;
    .scope S_0x5a150c60e0f0;
t_56 %join;
    %jmp T_71;
    .thread T_71, $push;
    .scope S_0x5a150c60e0f0;
T_72 ;
    %wait E_0x5a150c60cab0;
    %fork t_59, S_0x5a150c5ae3e0;
    %jmp t_58;
    .scope S_0x5a150c5ae3e0;
t_59 ;
    %pushi/vec4 0, 0, 2;
    %store/vec4 v0x5a150c71a3a0_0, 0, 2;
    %pushi/vec4 0, 0, 1;
    %store/vec4 v0x5a150c71a620_0, 0, 1;
    %load/vec4 v0x5a150c71a560_0;
    %flag_set/vec4 8;
    %jmp/0xz  T_72.0, 8;
    %pushi/vec4 0, 0, 2;
    %store/vec4 v0x5a150c71a3a0_0, 0, 2;
    %pushi/vec4 1, 0, 1;
    %store/vec4 v0x5a150c71a620_0, 0, 1;
    %jmp T_72.1;
T_72.0 ;
    %load/vec4 v0x5a150c71a2e0_0;
    %flag_set/vec4 8;
    %jmp/0xz  T_72.2, 8;
    %load/vec4 v0x5a150c71a480_0;
    %addi 1, 0, 2;
    %store/vec4 v0x5a150c71a3a0_0, 0, 2;
    %pushi/vec4 1, 0, 1;
    %store/vec4 v0x5a150c71a620_0, 0, 1;
T_72.2 ;
T_72.1 ;
    %end;
    .scope S_0x5a150c60e0f0;
t_58 %join;
    %jmp T_72;
    .thread T_72, $push;
    .scope S_0x5a150c60e0f0;
T_73 ;
    %wait E_0x5a150c60ca70;
    %fork t_61, S_0x5a150c5f4770;
    %jmp t_60;
    .scope S_0x5a150c5f4770;
t_61 ;
    %pushi/vec4 0, 0, 4;
    %store/vec4 v0x5a150c719cb0_0, 0, 4;
    %pushi/vec4 0, 0, 1;
    %store/vec4 v0x5a150c71a140_0, 0, 1;
    %load/vec4 v0x5a150c71a080_0;
    %flag_set/vec4 8;
    %jmp/0xz  T_73.0, 8;
    %load/vec4 v0x5a150c535730_0;
    %cmpi/e 1, 0, 1;
    %jmp/0xz  T_73.2, 4;
    %pushi/vec4 14, 0, 4;
    %store/vec4 v0x5a150c719cb0_0, 0, 4;
    %jmp T_73.3;
T_73.2 ;
    %pushi/vec4 10, 0, 4;
    %store/vec4 v0x5a150c719cb0_0, 0, 4;
T_73.3 ;
    %pushi/vec4 1, 0, 1;
    %store/vec4 v0x5a150c71a140_0, 0, 1;
    %jmp T_73.1;
T_73.0 ;
    %load/vec4 v0x5a150c719c10_0;
    %flag_set/vec4 8;
    %jmp/0xz  T_73.4, 8;
    %load/vec4 v0x5a150c719d90_0;
    %subi 1, 0, 4;
    %store/vec4 v0x5a150c719cb0_0, 0, 4;
    %pushi/vec4 1, 0, 1;
    %store/vec4 v0x5a150c71a140_0, 0, 1;
T_73.4 ;
T_73.1 ;
    %end;
    .scope S_0x5a150c60e0f0;
t_60 %join;
    %jmp T_73;
    .thread T_73, $push;
    .scope S_0x5a150c60e0f0;
T_74 ;
    %wait E_0x5a150c60cff0;
    %fork t_63, S_0x5a150c60b3f0;
    %jmp t_62;
    .scope S_0x5a150c60b3f0;
t_63 ;
    %pushi/vec4 0, 0, 1;
    %store/vec4 v0x5a150c71a2e0_0, 0, 1;
    %pushi/vec4 0, 0, 1;
    %store/vec4 v0x5a150c71a560_0, 0, 1;
    %pushi/vec4 0, 0, 1;
    %store/vec4 v0x5a150c719c10_0, 0, 1;
    %pushi/vec4 0, 0, 1;
    %store/vec4 v0x5a150c71a080_0, 0, 1;
    %pushi/vec4 0, 0, 1;
    %store/vec4 v0x5a150c7198f0_0, 0, 1;
    %pushi/vec4 0, 0, 1;
    %store/vec4 v0x5a150c719a30_0, 0, 1;
    %pushi/vec4 0, 0, 3;
    %store/vec4 v0x5a150c71aef0_0, 0, 3;
    %pushi/vec4 0, 0, 2;
    %store/vec4 v0x5a150c5c7c60_0, 0, 2;
    %pushi/vec4 0, 0, 1;
    %store/vec4 v0x5a150c535670_0, 0, 1;
    %load/vec4 v0x5a150c535590_0;
    %dup/vec4;
    %pushi/vec4 0, 0, 2;
    %cmp/u;
    %jmp/1 T_74.0, 6;
    %dup/vec4;
    %pushi/vec4 1, 0, 2;
    %cmp/u;
    %jmp/1 T_74.1, 6;
    %dup/vec4;
    %pushi/vec4 2, 0, 2;
    %cmp/u;
    %jmp/1 T_74.2, 6;
    %dup/vec4;
    %pushi/vec4 3, 0, 2;
    %cmp/u;
    %jmp/1 T_74.3, 6;
    %jmp T_74.5;
T_74.0 ;
    %load/vec4 v0x5a150c535990_0;
    %flag_set/vec4 8;
    %jmp/0xz  T_74.6, 8;
    %pushi/vec4 1, 0, 1;
    %store/vec4 v0x5a150c71a080_0, 0, 1;
    %pushi/vec4 0, 0, 1;
    %store/vec4 v0x5a150c7198f0_0, 0, 1;
    %pushi/vec4 1, 0, 1;
    %store/vec4 v0x5a150c719a30_0, 0, 1;
    %pushi/vec4 1, 0, 2;
    %store/vec4 v0x5a150c5c7c60_0, 0, 2;
    %pushi/vec4 1, 0, 1;
    %store/vec4 v0x5a150c535670_0, 0, 1;
T_74.6 ;
    %jmp T_74.5;
T_74.1 ;
    %pushi/vec4 1, 0, 1;
    %store/vec4 v0x5a150c71a560_0, 0, 1;
    %pushi/vec4 1, 0, 3;
    %store/vec4 v0x5a150c71aef0_0, 0, 3;
    %pushi/vec4 2, 0, 2;
    %store/vec4 v0x5a150c5c7c60_0, 0, 2;
    %pushi/vec4 1, 0, 1;
    %store/vec4 v0x5a150c535670_0, 0, 1;
    %jmp T_74.5;
T_74.2 ;
    %pushi/vec4 1, 0, 1;
    %store/vec4 v0x5a150c71a2e0_0, 0, 1;
    %pushi/vec4 2, 0, 3;
    %store/vec4 v0x5a150c71aef0_0, 0, 3;
    %load/vec4 v0x5a150c71a480_0;
    %cmpi/e 3, 0, 2;
    %jmp/0xz  T_74.8, 4;
    %pushi/vec4 1, 0, 1;
    %store/vec4 v0x5a150c719c10_0, 0, 1;
    %pushi/vec4 3, 0, 2;
    %store/vec4 v0x5a150c5c7c60_0, 0, 2;
    %pushi/vec4 1, 0, 1;
    %store/vec4 v0x5a150c535670_0, 0, 1;
T_74.8 ;
    %jmp T_74.5;
T_74.3 ;
    %pushi/vec4 1, 0, 1;
    %store/vec4 v0x5a150c71a560_0, 0, 1;
    %load/vec4 v0x5a150c719d90_0;
    %pad/u 32;
    %cmpi/u 0, 0, 32;
    %flag_or 5, 4; GT is !LE
    %flag_inv 5;
    %jmp/0xz  T_74.10, 5;
    %pushi/vec4 3, 0, 3;
    %store/vec4 v0x5a150c71aef0_0, 0, 3;
    %pushi/vec4 2, 0, 2;
    %store/vec4 v0x5a150c5c7c60_0, 0, 2;
    %pushi/vec4 1, 0, 1;
    %store/vec4 v0x5a150c535670_0, 0, 1;
    %jmp T_74.11;
T_74.10 ;
    %pushi/vec4 4, 0, 3;
    %store/vec4 v0x5a150c71aef0_0, 0, 3;
    %pushi/vec4 1, 0, 1;
    %store/vec4 v0x5a150c7198f0_0, 0, 1;
    %pushi/vec4 1, 0, 1;
    %store/vec4 v0x5a150c719a30_0, 0, 1;
    %pushi/vec4 0, 0, 2;
    %store/vec4 v0x5a150c5c7c60_0, 0, 2;
    %pushi/vec4 1, 0, 1;
    %store/vec4 v0x5a150c535670_0, 0, 1;
T_74.11 ;
    %jmp T_74.5;
T_74.5 ;
    %pop/vec4 1;
    %end;
    .scope S_0x5a150c60e0f0;
t_62 %join;
    %jmp T_74;
    .thread T_74, $push;
    .scope S_0x5a150c722f90;
T_75 ;
    %wait E_0x5a150c60c5f0;
    %fork t_65, S_0x5a150c724390;
    %jmp t_64;
    .scope S_0x5a150c724390;
t_65 ;
    %load/vec4 v0x5a150c726ff0_0;
    %nor/r;
    %flag_set/vec4 8;
    %jmp/0xz  T_75.0, 8;
    %pushi/vec4 0, 0, 32;
    %store/vec4 v0x5a150c724570_0, 0, 32;
T_75.2 ;
    %load/vec4 v0x5a150c724570_0;
    %cmpi/s 14, 0, 32;
    %flag_or 5, 4;
    %jmp/0xz T_75.3, 5;
    %pushi/vec4 0, 0, 128;
    %ix/getv/s 3, v0x5a150c724570_0;
    %ix/load 4, 0, 0; Constant delay
    %assign/vec4/a/d v0x5a150c725b10, 0, 4;
    %load/vec4 v0x5a150c724570_0;
    %addi 1, 0, 32;
    %store/vec4 v0x5a150c724570_0, 0, 32;
    %jmp T_75.2;
T_75.3 ;
    %pushi/vec4 0, 0, 1;
    %assign/vec4 v0x5a150c726e70_0, 0;
    %pushi/vec4 0, 0, 8;
    %assign/vec4 v0x5a150c726a90_0, 0;
    %pushi/vec4 0, 0, 4;
    %assign/vec4 v0x5a150c727360_0, 0;
    %pushi/vec4 0, 0, 128;
    %assign/vec4 v0x5a150c7264d0_0, 0;
    %pushi/vec4 0, 0, 128;
    %assign/vec4 v0x5a150c726750_0, 0;
    %pushi/vec4 0, 0, 3;
    %assign/vec4 v0x5a150c725ee0_0, 0;
    %pushi/vec4 0, 0, 128;
    %assign/vec4 v0x5a150c728020_0, 0;
    %pushi/vec4 0, 0, 8;
    %assign/vec4 v0x5a150c727d00_0, 0;
    %pushi/vec4 0, 0, 1;
    %assign/vec4 v0x5a150c727c40_0, 0;
    %pushi/vec4 0, 0, 1;
    %assign/vec4 v0x5a150c727f60_0, 0;
    %pushi/vec4 0, 0, 1;
    %assign/vec4 v0x5a150c727ea0_0, 0;
    %jmp T_75.1;
T_75.0 ;
    %load/vec4 v0x5a150c726f30_0;
    %flag_set/vec4 8;
    %jmp/0xz  T_75.4, 8;
    %load/vec4 v0x5a150c726db0_0;
    %assign/vec4 v0x5a150c726e70_0, 0;
T_75.4 ;
    %load/vec4 v0x5a150c726c30_0;
    %flag_set/vec4 8;
    %jmp/0xz  T_75.6, 8;
    %load/vec4 v0x5a150c7268f0_0;
    %assign/vec4 v0x5a150c726a90_0, 0;
T_75.6 ;
    %load/vec4 v0x5a150c727500_0;
    %flag_set/vec4 8;
    %jmp/0xz  T_75.8, 8;
    %load/vec4 v0x5a150c727280_0;
    %assign/vec4 v0x5a150c727360_0, 0;
T_75.8 ;
    %load/vec4 v0x5a150c726160_0;
    %flag_set/vec4 8;
    %jmp/0xz  T_75.10, 8;
    %load/vec4 v0x5a150c726080_0;
    %load/vec4 v0x5a150c727360_0;
    %pad/u 6;
    %ix/vec4 3;
    %ix/load 4, 0, 0; Constant delay
    %assign/vec4/a/d v0x5a150c725b10, 0, 4;
T_75.10 ;
    %load/vec4 v0x5a150c7265b0_0;
    %flag_set/vec4 8;
    %jmp/0xz  T_75.12, 8;
    %load/vec4 v0x5a150c726410_0;
    %assign/vec4 v0x5a150c7264d0_0, 0;
T_75.12 ;
    %load/vec4 v0x5a150c726830_0;
    %flag_set/vec4 8;
    %jmp/0xz  T_75.14, 8;
    %load/vec4 v0x5a150c726670_0;
    %assign/vec4 v0x5a150c726750_0, 0;
T_75.14 ;
    %load/vec4 v0x5a150c725fc0_0;
    %flag_set/vec4 8;
    %jmp/0xz  T_75.16, 8;
    %load/vec4 v0x5a150c725db0_0;
    %assign/vec4 v0x5a150c725ee0_0, 0;
T_75.16 ;
    %load/vec4 v0x5a150c727c40_0;
    %nor/r;
    %load/vec4 v0x5a150c728100_0;
    %and;
    %load/vec4 v0x5a150c727f60_0;
    %nor/r;
    %and;
    %flag_set/vec4 8;
    %jmp/0xz  T_75.18, 8;
    %load/vec4 v0x5a150c725a50_0;
    %parti/s 128, 128, 9;
    %assign/vec4 v0x5a150c728020_0, 0;
    %pushi/vec4 0, 0, 8;
    %assign/vec4 v0x5a150c727d00_0, 0;
    %pushi/vec4 1, 0, 1;
    %assign/vec4 v0x5a150c727c40_0, 0;
    %pushi/vec4 0, 0, 1;
    %assign/vec4 v0x5a150c727ea0_0, 0;
    %jmp T_75.19;
T_75.18 ;
    %load/vec4 v0x5a150c727c40_0;
    %flag_set/vec4 8;
    %jmp/0xz  T_75.20, 8;
    %load/vec4 v0x5a150c728020_0;
    %parti/s 1, 127, 8;
    %assign/vec4 v0x5a150c727ea0_0, 0;
    %load/vec4 v0x5a150c728020_0;
    %parti/s 127, 0, 2;
    %concati/vec4 0, 0, 1;
    %assign/vec4 v0x5a150c728020_0, 0;
    %load/vec4 v0x5a150c727d00_0;
    %addi 1, 0, 8;
    %assign/vec4 v0x5a150c727d00_0, 0;
    %load/vec4 v0x5a150c727d00_0;
    %cmpi/e 127, 0, 8;
    %jmp/0xz  T_75.22, 4;
    %pushi/vec4 0, 0, 1;
    %assign/vec4 v0x5a150c727c40_0, 0;
    %pushi/vec4 1, 0, 1;
    %assign/vec4 v0x5a150c727f60_0, 0;
    %pushi/vec4 0, 0, 1;
    %assign/vec4 v0x5a150c727ea0_0, 0;
T_75.22 ;
    %jmp T_75.21;
T_75.20 ;
    %load/vec4 v0x5a150c728100_0;
    %nor/r;
    %load/vec4 v0x5a150c727f60_0;
    %and;
    %flag_set/vec4 8;
    %jmp/0xz  T_75.24, 8;
    %pushi/vec4 1, 0, 1;
    %assign/vec4 v0x5a150c727f60_0, 0;
    %jmp T_75.25;
T_75.24 ;
    %pushi/vec4 0, 0, 1;
    %assign/vec4 v0x5a150c727ea0_0, 0;
T_75.25 ;
T_75.21 ;
T_75.19 ;
T_75.1 ;
    %end;
    .scope S_0x5a150c722f90;
t_64 %join;
    %jmp T_75;
    .thread T_75;
    .scope S_0x5a150c722f90;
T_76 ;
    %wait E_0x5a150c723b10;
    %fork t_67, S_0x5a150c723ec0;
    %jmp t_66;
    .scope S_0x5a150c723ec0;
t_67 ;
    %load/vec4 v0x5a150c7270e0_0;
    %pad/u 6;
    %ix/vec4 4;
    %load/vec4a v0x5a150c725b10, 4;
    %store/vec4 v0x5a150c727a80_0, 0, 128;
    %end;
    .scope S_0x5a150c722f90;
t_66 %join;
    %jmp T_76;
    .thread T_76, $push;
    .scope S_0x5a150c722f90;
T_77 ;
    %wait E_0x5a150c7239d0;
    %fork t_69, S_0x5a150c7248a0;
    %jmp t_68;
    .scope S_0x5a150c7248a0;
t_69 ;
    %pushi/vec4 0, 0, 128;
    %store/vec4 v0x5a150c726080_0, 0, 128;
    %pushi/vec4 0, 0, 1;
    %store/vec4 v0x5a150c726160_0, 0, 1;
    %pushi/vec4 0, 0, 128;
    %store/vec4 v0x5a150c726410_0, 0, 128;
    %pushi/vec4 0, 0, 1;
    %store/vec4 v0x5a150c7265b0_0, 0, 1;
    %pushi/vec4 0, 0, 128;
    %store/vec4 v0x5a150c726670_0, 0, 128;
    %pushi/vec4 0, 0, 1;
    %store/vec4 v0x5a150c726830_0, 0, 1;
    %pushi/vec4 0, 0, 32;
    %store/vec4 v0x5a150c724a80_0, 0, 32;
    %pushi/vec4 0, 0, 32;
    %store/vec4 v0x5a150c724b80_0, 0, 32;
    %pushi/vec4 0, 0, 32;
    %store/vec4 v0x5a150c724c60_0, 0, 32;
    %pushi/vec4 0, 0, 32;
    %store/vec4 v0x5a150c724d20_0, 0, 32;
    %pushi/vec4 1, 0, 1;
    %store/vec4 v0x5a150c726b70_0, 0, 1;
    %pushi/vec4 0, 0, 1;
    %store/vec4 v0x5a150c7269d0_0, 0, 1;
    %load/vec4 v0x5a150c7264d0_0;
    %parti/s 32, 96, 8;
    %store/vec4 v0x5a150c7251d0_0, 0, 32;
    %load/vec4 v0x5a150c7264d0_0;
    %parti/s 32, 64, 8;
    %store/vec4 v0x5a150c7252b0_0, 0, 32;
    %load/vec4 v0x5a150c7264d0_0;
    %parti/s 32, 32, 7;
    %store/vec4 v0x5a150c725390_0, 0, 32;
    %load/vec4 v0x5a150c7264d0_0;
    %parti/s 32, 0, 2;
    %store/vec4 v0x5a150c725470_0, 0, 32;
    %load/vec4 v0x5a150c726750_0;
    %parti/s 32, 96, 8;
    %store/vec4 v0x5a150c725550_0, 0, 32;
    %load/vec4 v0x5a150c726750_0;
    %parti/s 32, 64, 8;
    %store/vec4 v0x5a150c725630_0, 0, 32;
    %load/vec4 v0x5a150c726750_0;
    %parti/s 32, 32, 7;
    %store/vec4 v0x5a150c725710_0, 0, 32;
    %load/vec4 v0x5a150c726750_0;
    %parti/s 32, 0, 2;
    %store/vec4 v0x5a150c7257f0_0, 0, 32;
    %load/vec4 v0x5a150c726a90_0;
    %concati/vec4 0, 0, 24;
    %store/vec4 v0x5a150c724e00_0, 0, 32;
    %load/vec4 v0x5a150c7257f0_0;
    %store/vec4 v0x5a150c727b60_0, 0, 32;
    %load/vec4 v0x5a150c726350_0;
    %parti/s 24, 0, 2;
    %load/vec4 v0x5a150c726350_0;
    %parti/s 8, 24, 6;
    %concat/vec4; draw_concat_vec4
    %store/vec4 v0x5a150c724f30_0, 0, 32;
    %load/vec4 v0x5a150c724f30_0;
    %load/vec4 v0x5a150c724e00_0;
    %xor;
    %store/vec4 v0x5a150c725010_0, 0, 32;
    %load/vec4 v0x5a150c726350_0;
    %store/vec4 v0x5a150c7250f0_0, 0, 32;
    %load/vec4 v0x5a150c7278e0_0;
    %flag_set/vec4 8;
    %jmp/0xz  T_77.0, 8;
    %pushi/vec4 0, 0, 1;
    %store/vec4 v0x5a150c726b70_0, 0, 1;
    %pushi/vec4 1, 0, 1;
    %store/vec4 v0x5a150c726160_0, 0, 1;
    %load/vec4 v0x5a150c7262b0_0;
    %dup/vec4;
    %pushi/vec4 0, 0, 1;
    %cmp/u;
    %jmp/1 T_77.2, 6;
    %dup/vec4;
    %pushi/vec4 1, 0, 1;
    %cmp/u;
    %jmp/1 T_77.3, 6;
    %jmp T_77.5;
T_77.2 ;
    %load/vec4 v0x5a150c727360_0;
    %pad/u 32;
    %cmpi/e 0, 0, 32;
    %jmp/0xz  T_77.6, 4;
    %load/vec4 v0x5a150c725a50_0;
    %parti/s 128, 128, 9;
    %store/vec4 v0x5a150c726080_0, 0, 128;
    %load/vec4 v0x5a150c725a50_0;
    %parti/s 128, 128, 9;
    %store/vec4 v0x5a150c726670_0, 0, 128;
    %pushi/vec4 1, 0, 1;
    %store/vec4 v0x5a150c726830_0, 0, 1;
    %pushi/vec4 1, 0, 1;
    %store/vec4 v0x5a150c7269d0_0, 0, 1;
    %jmp T_77.7;
T_77.6 ;
    %load/vec4 v0x5a150c725550_0;
    %load/vec4 v0x5a150c725010_0;
    %xor;
    %store/vec4 v0x5a150c724a80_0, 0, 32;
    %load/vec4 v0x5a150c725630_0;
    %load/vec4 v0x5a150c725550_0;
    %xor;
    %load/vec4 v0x5a150c725010_0;
    %xor;
    %store/vec4 v0x5a150c724b80_0, 0, 32;
    %load/vec4 v0x5a150c725710_0;
    %load/vec4 v0x5a150c725630_0;
    %xor;
    %load/vec4 v0x5a150c725550_0;
    %xor;
    %load/vec4 v0x5a150c725010_0;
    %xor;
    %store/vec4 v0x5a150c724c60_0, 0, 32;
    %load/vec4 v0x5a150c7257f0_0;
    %load/vec4 v0x5a150c725710_0;
    %xor;
    %load/vec4 v0x5a150c725630_0;
    %xor;
    %load/vec4 v0x5a150c725550_0;
    %xor;
    %load/vec4 v0x5a150c725010_0;
    %xor;
    %store/vec4 v0x5a150c724d20_0, 0, 32;
    %load/vec4 v0x5a150c724a80_0;
    %load/vec4 v0x5a150c724b80_0;
    %concat/vec4; draw_concat_vec4
    %load/vec4 v0x5a150c724c60_0;
    %concat/vec4; draw_concat_vec4
    %load/vec4 v0x5a150c724d20_0;
    %concat/vec4; draw_concat_vec4
    %store/vec4 v0x5a150c726080_0, 0, 128;
    %load/vec4 v0x5a150c724a80_0;
    %load/vec4 v0x5a150c724b80_0;
    %concat/vec4; draw_concat_vec4
    %load/vec4 v0x5a150c724c60_0;
    %concat/vec4; draw_concat_vec4
    %load/vec4 v0x5a150c724d20_0;
    %concat/vec4; draw_concat_vec4
    %store/vec4 v0x5a150c726670_0, 0, 128;
    %pushi/vec4 1, 0, 1;
    %store/vec4 v0x5a150c726830_0, 0, 1;
    %pushi/vec4 1, 0, 1;
    %store/vec4 v0x5a150c7269d0_0, 0, 1;
T_77.7 ;
    %jmp T_77.5;
T_77.3 ;
    %load/vec4 v0x5a150c727360_0;
    %pad/u 32;
    %cmpi/e 0, 0, 32;
    %jmp/0xz  T_77.8, 4;
    %load/vec4 v0x5a150c725a50_0;
    %parti/s 128, 128, 9;
    %store/vec4 v0x5a150c726080_0, 0, 128;
    %load/vec4 v0x5a150c725a50_0;
    %parti/s 128, 128, 9;
    %store/vec4 v0x5a150c726410_0, 0, 128;
    %pushi/vec4 1, 0, 1;
    %store/vec4 v0x5a150c7265b0_0, 0, 1;
    %jmp T_77.9;
T_77.8 ;
    %load/vec4 v0x5a150c727360_0;
    %pad/u 32;
    %cmpi/e 1, 0, 32;
    %jmp/0xz  T_77.10, 4;
    %load/vec4 v0x5a150c725a50_0;
    %parti/s 128, 0, 2;
    %store/vec4 v0x5a150c726080_0, 0, 128;
    %load/vec4 v0x5a150c725a50_0;
    %parti/s 128, 0, 2;
    %store/vec4 v0x5a150c726670_0, 0, 128;
    %pushi/vec4 1, 0, 1;
    %store/vec4 v0x5a150c726830_0, 0, 1;
    %pushi/vec4 1, 0, 1;
    %store/vec4 v0x5a150c7269d0_0, 0, 1;
    %jmp T_77.11;
T_77.10 ;
    %load/vec4 v0x5a150c727360_0;
    %parti/s 1, 0, 2;
    %pad/u 32;
    %cmpi/e 0, 0, 32;
    %jmp/0xz  T_77.12, 4;
    %load/vec4 v0x5a150c7251d0_0;
    %load/vec4 v0x5a150c725010_0;
    %xor;
    %store/vec4 v0x5a150c724a80_0, 0, 32;
    %load/vec4 v0x5a150c7252b0_0;
    %load/vec4 v0x5a150c7251d0_0;
    %xor;
    %load/vec4 v0x5a150c725010_0;
    %xor;
    %store/vec4 v0x5a150c724b80_0, 0, 32;
    %load/vec4 v0x5a150c725390_0;
    %load/vec4 v0x5a150c7252b0_0;
    %xor;
    %load/vec4 v0x5a150c7251d0_0;
    %xor;
    %load/vec4 v0x5a150c725010_0;
    %xor;
    %store/vec4 v0x5a150c724c60_0, 0, 32;
    %load/vec4 v0x5a150c725470_0;
    %load/vec4 v0x5a150c725390_0;
    %xor;
    %load/vec4 v0x5a150c7252b0_0;
    %xor;
    %load/vec4 v0x5a150c7251d0_0;
    %xor;
    %load/vec4 v0x5a150c725010_0;
    %xor;
    %store/vec4 v0x5a150c724d20_0, 0, 32;
    %jmp T_77.13;
T_77.12 ;
    %load/vec4 v0x5a150c7251d0_0;
    %load/vec4 v0x5a150c7250f0_0;
    %xor;
    %store/vec4 v0x5a150c724a80_0, 0, 32;
    %load/vec4 v0x5a150c7252b0_0;
    %load/vec4 v0x5a150c7251d0_0;
    %xor;
    %load/vec4 v0x5a150c7250f0_0;
    %xor;
    %store/vec4 v0x5a150c724b80_0, 0, 32;
    %load/vec4 v0x5a150c725390_0;
    %load/vec4 v0x5a150c7252b0_0;
    %xor;
    %load/vec4 v0x5a150c7251d0_0;
    %xor;
    %load/vec4 v0x5a150c7250f0_0;
    %xor;
    %store/vec4 v0x5a150c724c60_0, 0, 32;
    %load/vec4 v0x5a150c725470_0;
    %load/vec4 v0x5a150c725390_0;
    %xor;
    %load/vec4 v0x5a150c7252b0_0;
    %xor;
    %load/vec4 v0x5a150c7251d0_0;
    %xor;
    %load/vec4 v0x5a150c7250f0_0;
    %xor;
    %store/vec4 v0x5a150c724d20_0, 0, 32;
    %pushi/vec4 1, 0, 1;
    %store/vec4 v0x5a150c7269d0_0, 0, 1;
T_77.13 ;
    %load/vec4 v0x5a150c724a80_0;
    %load/vec4 v0x5a150c724b80_0;
    %concat/vec4; draw_concat_vec4
    %load/vec4 v0x5a150c724c60_0;
    %concat/vec4; draw_concat_vec4
    %load/vec4 v0x5a150c724d20_0;
    %concat/vec4; draw_concat_vec4
    %store/vec4 v0x5a150c726080_0, 0, 128;
    %load/vec4 v0x5a150c724a80_0;
    %load/vec4 v0x5a150c724b80_0;
    %concat/vec4; draw_concat_vec4
    %load/vec4 v0x5a150c724c60_0;
    %concat/vec4; draw_concat_vec4
    %load/vec4 v0x5a150c724d20_0;
    %concat/vec4; draw_concat_vec4
    %store/vec4 v0x5a150c726670_0, 0, 128;
    %pushi/vec4 1, 0, 1;
    %store/vec4 v0x5a150c726830_0, 0, 1;
    %load/vec4 v0x5a150c726750_0;
    %store/vec4 v0x5a150c726410_0, 0, 128;
    %pushi/vec4 1, 0, 1;
    %store/vec4 v0x5a150c7265b0_0, 0, 1;
T_77.11 ;
T_77.9 ;
    %jmp T_77.5;
T_77.5 ;
    %pop/vec4 1;
T_77.0 ;
    %end;
    .scope S_0x5a150c722f90;
t_68 %join;
    %jmp T_77;
    .thread T_77, $push;
    .scope S_0x5a150c722f90;
T_78 ;
    %wait E_0x5a150c723960;
    %fork t_71, S_0x5a150c7240c0;
    %jmp t_70;
    .scope S_0x5a150c7240c0;
t_71 ;
    %pushi/vec4 0, 0, 8;
    %store/vec4 v0x5a150c7268f0_0, 0, 8;
    %pushi/vec4 0, 0, 1;
    %store/vec4 v0x5a150c726c30_0, 0, 1;
    %load/vec4 v0x5a150c726a90_0;
    %parti/s 7, 0, 2;
    %concati/vec4 0, 0, 1;
    %pushi/vec4 27, 0, 8;
    %load/vec4 v0x5a150c726a90_0;
    %parti/s 1, 7, 4;
    %replicate 8;
    %and;
    %xor;
    %store/vec4 v0x5a150c7242d0_0, 0, 8;
    %load/vec4 v0x5a150c726b70_0;
    %flag_set/vec4 8;
    %jmp/0xz  T_78.0, 8;
    %pushi/vec4 141, 0, 8;
    %store/vec4 v0x5a150c7268f0_0, 0, 8;
    %pushi/vec4 1, 0, 1;
    %store/vec4 v0x5a150c726c30_0, 0, 1;
T_78.0 ;
    %load/vec4 v0x5a150c7269d0_0;
    %flag_set/vec4 8;
    %jmp/0xz  T_78.2, 8;
    %load/vec4 v0x5a150c7242d0_0;
    %store/vec4 v0x5a150c7268f0_0, 0, 8;
    %pushi/vec4 1, 0, 1;
    %store/vec4 v0x5a150c726c30_0, 0, 1;
T_78.2 ;
    %end;
    .scope S_0x5a150c722f90;
t_70 %join;
    %jmp T_78;
    .thread T_78, $push;
    .scope S_0x5a150c722f90;
T_79 ;
    %wait E_0x5a150c723900;
    %fork t_73, S_0x5a150c724670;
    %jmp t_72;
    .scope S_0x5a150c724670;
t_73 ;
    %pushi/vec4 0, 0, 4;
    %store/vec4 v0x5a150c727280_0, 0, 4;
    %pushi/vec4 0, 0, 1;
    %store/vec4 v0x5a150c727500_0, 0, 1;
    %load/vec4 v0x5a150c727440_0;
    %flag_set/vec4 8;
    %jmp/0xz  T_79.0, 8;
    %pushi/vec4 0, 0, 4;
    %store/vec4 v0x5a150c727280_0, 0, 4;
    %pushi/vec4 1, 0, 1;
    %store/vec4 v0x5a150c727500_0, 0, 1;
    %jmp T_79.1;
T_79.0 ;
    %load/vec4 v0x5a150c7271c0_0;
    %flag_set/vec4 8;
    %jmp/0xz  T_79.2, 8;
    %load/vec4 v0x5a150c727360_0;
    %addi 1, 0, 4;
    %store/vec4 v0x5a150c727280_0, 0, 4;
    %pushi/vec4 1, 0, 1;
    %store/vec4 v0x5a150c727500_0, 0, 1;
T_79.2 ;
T_79.1 ;
    %end;
    .scope S_0x5a150c722f90;
t_72 %join;
    %jmp T_79;
    .thread T_79, $push;
    .scope S_0x5a150c722f90;
T_80 ;
    %wait E_0x5a150c723890;
    %fork t_75, S_0x5a150c723be0;
    %jmp t_74;
    .scope S_0x5a150c723be0;
t_75 ;
    %pushi/vec4 0, 0, 1;
    %store/vec4 v0x5a150c726db0_0, 0, 1;
    %pushi/vec4 0, 0, 1;
    %store/vec4 v0x5a150c726f30_0, 0, 1;
    %pushi/vec4 0, 0, 1;
    %store/vec4 v0x5a150c7278e0_0, 0, 1;
    %pushi/vec4 0, 0, 1;
    %store/vec4 v0x5a150c727440_0, 0, 1;
    %pushi/vec4 0, 0, 1;
    %store/vec4 v0x5a150c7271c0_0, 0, 1;
    %pushi/vec4 0, 0, 3;
    %store/vec4 v0x5a150c725db0_0, 0, 3;
    %pushi/vec4 0, 0, 1;
    %store/vec4 v0x5a150c725fc0_0, 0, 1;
    %load/vec4 v0x5a150c7262b0_0;
    %cmpi/e 0, 0, 1;
    %jmp/0xz  T_80.0, 4;
    %pushi/vec4 10, 0, 4;
    %store/vec4 v0x5a150c723dc0_0, 0, 4;
    %jmp T_80.1;
T_80.0 ;
    %pushi/vec4 14, 0, 4;
    %store/vec4 v0x5a150c723dc0_0, 0, 4;
T_80.1 ;
    %load/vec4 v0x5a150c725ee0_0;
    %dup/vec4;
    %pushi/vec4 0, 0, 3;
    %cmp/u;
    %jmp/1 T_80.2, 6;
    %dup/vec4;
    %pushi/vec4 1, 0, 3;
    %cmp/u;
    %jmp/1 T_80.3, 6;
    %dup/vec4;
    %pushi/vec4 2, 0, 3;
    %cmp/u;
    %jmp/1 T_80.4, 6;
    %dup/vec4;
    %pushi/vec4 3, 0, 3;
    %cmp/u;
    %jmp/1 T_80.5, 6;
    %jmp T_80.7;
T_80.2 ;
    %load/vec4 v0x5a150c725990_0;
    %flag_set/vec4 8;
    %jmp/0xz  T_80.8, 8;
    %pushi/vec4 0, 0, 1;
    %store/vec4 v0x5a150c726db0_0, 0, 1;
    %pushi/vec4 1, 0, 1;
    %store/vec4 v0x5a150c726f30_0, 0, 1;
    %pushi/vec4 1, 0, 3;
    %store/vec4 v0x5a150c725db0_0, 0, 3;
    %pushi/vec4 1, 0, 1;
    %store/vec4 v0x5a150c725fc0_0, 0, 1;
T_80.8 ;
    %jmp T_80.7;
T_80.3 ;
    %pushi/vec4 1, 0, 1;
    %store/vec4 v0x5a150c727440_0, 0, 1;
    %pushi/vec4 2, 0, 3;
    %store/vec4 v0x5a150c725db0_0, 0, 3;
    %pushi/vec4 1, 0, 1;
    %store/vec4 v0x5a150c725fc0_0, 0, 1;
    %jmp T_80.7;
T_80.4 ;
    %pushi/vec4 1, 0, 1;
    %store/vec4 v0x5a150c7271c0_0, 0, 1;
    %pushi/vec4 1, 0, 1;
    %store/vec4 v0x5a150c7278e0_0, 0, 1;
    %load/vec4 v0x5a150c727360_0;
    %load/vec4 v0x5a150c723dc0_0;
    %cmp/e;
    %jmp/0xz  T_80.10, 4;
    %pushi/vec4 3, 0, 3;
    %store/vec4 v0x5a150c725db0_0, 0, 3;
    %pushi/vec4 1, 0, 1;
    %store/vec4 v0x5a150c725fc0_0, 0, 1;
T_80.10 ;
    %jmp T_80.7;
T_80.5 ;
    %pushi/vec4 1, 0, 1;
    %store/vec4 v0x5a150c726db0_0, 0, 1;
    %pushi/vec4 1, 0, 1;
    %store/vec4 v0x5a150c726f30_0, 0, 1;
    %pushi/vec4 0, 0, 3;
    %store/vec4 v0x5a150c725db0_0, 0, 3;
    %pushi/vec4 1, 0, 1;
    %store/vec4 v0x5a150c725fc0_0, 0, 1;
    %jmp T_80.7;
T_80.7 ;
    %pop/vec4 1;
    %end;
    .scope S_0x5a150c722f90;
t_74 %join;
    %jmp T_80;
    .thread T_80, $push;
    .scope S_0x5a150c728520;
T_81 ;
    %wait E_0x5a150c7288f0;
    %load/vec4 v0x5a150c729e00_0;
    %nor/r;
    %flag_set/vec4 8;
    %jmp/0xz  T_81.0, 8;
    %pushi/vec4 0, 0, 2;
    %assign/vec4 v0x5a150c72ca30_0, 0;
    %pushi/vec4 0, 0, 1;
    %assign/vec4 v0x5a150c72cb10_0, 0;
    %pushi/vec4 0, 0, 4;
    %assign/vec4 v0x5a150c72c950_0, 0;
    %pushi/vec4 0, 0, 32;
    %assign/vec4 v0x5a150c72c870_0, 0;
    %pushi/vec4 0, 0, 8;
    %assign/vec4 v0x5a150c72cbd0_0, 0;
    %jmp T_81.1;
T_81.0 ;
    %load/vec4 v0x5a150c72cb10_0;
    %nor/r;
    %flag_set/vec4 8;
    %jmp/0xz  T_81.2, 8;
    %load/vec4 v0x5a150c72ca30_0;
    %dup/vec4;
    %pushi/vec4 0, 0, 2;
    %cmp/u;
    %jmp/1 T_81.4, 6;
    %dup/vec4;
    %pushi/vec4 1, 0, 2;
    %cmp/u;
    %jmp/1 T_81.5, 6;
    %dup/vec4;
    %pushi/vec4 2, 0, 2;
    %cmp/u;
    %jmp/1 T_81.6, 6;
    %dup/vec4;
    %pushi/vec4 3, 0, 2;
    %cmp/u;
    %jmp/1 T_81.7, 6;
    %jmp T_81.8;
T_81.4 ;
    %load/vec4 v0x5a150c72c790_0;
    %cmpi/e 3735928559, 0, 32;
    %jmp/0xz  T_81.9, 4;
    %pushi/vec4 1, 0, 2;
    %assign/vec4 v0x5a150c72ca30_0, 0;
    %jmp T_81.10;
T_81.9 ;
    %pushi/vec4 0, 0, 2;
    %assign/vec4 v0x5a150c72ca30_0, 0;
T_81.10 ;
    %jmp T_81.8;
T_81.5 ;
    %load/vec4 v0x5a150c72c790_0;
    %cmpi/e 4277009102, 0, 32;
    %jmp/0xz  T_81.11, 4;
    %pushi/vec4 2, 0, 2;
    %assign/vec4 v0x5a150c72ca30_0, 0;
    %jmp T_81.12;
T_81.11 ;
    %pushi/vec4 0, 0, 2;
    %assign/vec4 v0x5a150c72ca30_0, 0;
T_81.12 ;
    %jmp T_81.8;
T_81.6 ;
    %load/vec4 v0x5a150c72c790_0;
    %cmpi/e 3405691582, 0, 32;
    %jmp/0xz  T_81.13, 4;
    %pushi/vec4 3, 0, 2;
    %assign/vec4 v0x5a150c72ca30_0, 0;
    %jmp T_81.14;
T_81.13 ;
    %pushi/vec4 0, 0, 2;
    %assign/vec4 v0x5a150c72ca30_0, 0;
T_81.14 ;
    %jmp T_81.8;
T_81.7 ;
    %load/vec4 v0x5a150c72c790_0;
    %cmpi/e 3131961357, 0, 32;
    %jmp/0xz  T_81.15, 4;
    %pushi/vec4 1, 0, 1;
    %assign/vec4 v0x5a150c72cb10_0, 0;
    %load/vec4 v0x5a150c72c790_0;
    %assign/vec4 v0x5a150c72c870_0, 0;
    %pushi/vec4 0, 0, 4;
    %assign/vec4 v0x5a150c72c950_0, 0;
    %pushi/vec4 0, 0, 2;
    %assign/vec4 v0x5a150c72ca30_0, 0;
    %jmp T_81.16;
T_81.15 ;
    %pushi/vec4 0, 0, 2;
    %assign/vec4 v0x5a150c72ca30_0, 0;
T_81.16 ;
    %jmp T_81.8;
T_81.8 ;
    %pop/vec4 1;
    %pushi/vec4 0, 0, 8;
    %assign/vec4 v0x5a150c72cbd0_0, 0;
    %jmp T_81.3;
T_81.2 ;
    %load/vec4 v0x5a150c72c950_0;
    %dup/vec4;
    %pushi/vec4 0, 0, 4;
    %cmp/u;
    %jmp/1 T_81.17, 6;
    %dup/vec4;
    %pushi/vec4 1, 0, 4;
    %cmp/u;
    %jmp/1 T_81.18, 6;
    %dup/vec4;
    %pushi/vec4 2, 0, 4;
    %cmp/u;
    %jmp/1 T_81.19, 6;
    %dup/vec4;
    %pushi/vec4 3, 0, 4;
    %cmp/u;
    %jmp/1 T_81.20, 6;
    %dup/vec4;
    %pushi/vec4 4, 0, 4;
    %cmp/u;
    %jmp/1 T_81.21, 6;
    %pushi/vec4 0, 0, 8;
    %assign/vec4 v0x5a150c72cbd0_0, 0;
    %pushi/vec4 0, 0, 1;
    %assign/vec4 v0x5a150c72cb10_0, 0;
    %pushi/vec4 0, 0, 4;
    %assign/vec4 v0x5a150c72c950_0, 0;
    %jmp T_81.23;
T_81.17 ;
    %load/vec4 v0x5a150c72c870_0;
    %parti/s 8, 24, 6;
    %assign/vec4 v0x5a150c72cbd0_0, 0;
    %pushi/vec4 1, 0, 4;
    %assign/vec4 v0x5a150c72c950_0, 0;
    %jmp T_81.23;
T_81.18 ;
    %load/vec4 v0x5a150c72c870_0;
    %parti/s 8, 16, 6;
    %assign/vec4 v0x5a150c72cbd0_0, 0;
    %pushi/vec4 2, 0, 4;
    %assign/vec4 v0x5a150c72c950_0, 0;
    %jmp T_81.23;
T_81.19 ;
    %load/vec4 v0x5a150c72c870_0;
    %parti/s 8, 8, 5;
    %assign/vec4 v0x5a150c72cbd0_0, 0;
    %pushi/vec4 3, 0, 4;
    %assign/vec4 v0x5a150c72c950_0, 0;
    %jmp T_81.23;
T_81.20 ;
    %load/vec4 v0x5a150c72c870_0;
    %parti/s 8, 0, 2;
    %assign/vec4 v0x5a150c72cbd0_0, 0;
    %pushi/vec4 4, 0, 4;
    %assign/vec4 v0x5a150c72c950_0, 0;
    %jmp T_81.23;
T_81.21 ;
    %pushi/vec4 0, 0, 8;
    %assign/vec4 v0x5a150c72cbd0_0, 0;
    %pushi/vec4 0, 0, 1;
    %assign/vec4 v0x5a150c72cb10_0, 0;
    %pushi/vec4 0, 0, 4;
    %assign/vec4 v0x5a150c72c950_0, 0;
    %jmp T_81.23;
T_81.23 ;
    %pop/vec4 1;
T_81.3 ;
T_81.1 ;
    %jmp T_81;
    .thread T_81;
    .scope S_0x5a150c60e9f0;
T_82 ;
    %wait E_0x5a150c60c5f0;
    %fork t_77, S_0x5a150c728340;
    %jmp t_76;
    .scope S_0x5a150c728340;
t_77 ;
    %load/vec4 v0x5a150c72e7e0_0;
    %nor/r;
    %flag_set/vec4 8;
    %jmp/0xz  T_82.0, 8;
    %pushi/vec4 0, 0, 1;
    %assign/vec4 v0x5a150c72ecf0_0, 0;
    %pushi/vec4 1, 0, 1;
    %assign/vec4 v0x5a150c72e660_0, 0;
    %pushi/vec4 0, 0, 2;
    %assign/vec4 v0x5a150c72d030_0, 0;
    %pushi/vec4 0, 0, 4;
    %assign/vec4 v0x5a150c72f5b0_0, 0;
    %pushi/vec4 0, 0, 1;
    %assign/vec4 v0x5a150c72ef30_0, 0;
    %pushi/vec4 0, 0, 8;
    %assign/vec4 v0x5a150c72f350_0, 0;
    %pushi/vec4 0, 0, 1;
    %assign/vec4 v0x5a150c72f430_0, 0;
    %pushi/vec4 0, 0, 6;
    %assign/vec4 v0x5a150c72eff0_0, 0;
    %pushi/vec4 0, 0, 1;
    %assign/vec4 v0x5a150c72f4f0_0, 0;
    %pushi/vec4 0, 0, 256;
    %assign/vec4 v0x5a150c72f1b0_0, 0;
    %jmp T_82.1;
T_82.0 ;
    %load/vec4 v0x5a150c72edb0_0;
    %flag_set/vec4 8;
    %jmp/0xz  T_82.2, 8;
    %load/vec4 v0x5a150c72ec30_0;
    %assign/vec4 v0x5a150c72ecf0_0, 0;
T_82.2 ;
    %load/vec4 v0x5a150c72e720_0;
    %flag_set/vec4 8;
    %jmp/0xz  T_82.4, 8;
    %load/vec4 v0x5a150c72e5a0_0;
    %assign/vec4 v0x5a150c72e660_0, 0;
T_82.4 ;
    %load/vec4 v0x5a150c72d110_0;
    %flag_set/vec4 8;
    %jmp/0xz  T_82.6, 8;
    %load/vec4 v0x5a150c72cf30_0;
    %assign/vec4 v0x5a150c72d030_0, 0;
T_82.6 ;
    %load/vec4 v0x5a150c72f5b0_0;
    %parti/s 3, 0, 2;
    %load/vec4 v0x5a150c72db30_0;
    %load/vec4 v0x5a150c72e440_0;
    %xor;
    %load/vec4 v0x5a150c72da90_0;
    %xor;
    %load/vec4 v0x5a150c72df50_0;
    %xor;
    %concat/vec4; draw_concat_vec4
    %assign/vec4 v0x5a150c72f5b0_0, 0;
    %load/vec4 v0x5a150c72ef30_0;
    %nor/r;
    %load/vec4 v0x5a150c72f5b0_0;
    %pushi/vec4 11, 0, 4;
    %cmp/e;
    %flag_get/vec4 4;
    %and;
    %flag_set/vec4 8;
    %jmp/0xz  T_82.8, 8;
    %pushi/vec4 1, 0, 1;
    %assign/vec4 v0x5a150c72ef30_0, 0;
    %load/vec4 v0x5a150c72ddb0_0;
    %assign/vec4 v0x5a150c72f1b0_0, 0;
    %pushi/vec4 0, 0, 6;
    %assign/vec4 v0x5a150c72eff0_0, 0;
    %pushi/vec4 1, 0, 1;
    %assign/vec4 v0x5a150c72f4f0_0, 0;
    %jmp T_82.9;
T_82.8 ;
    %load/vec4 v0x5a150c72ef30_0;
    %load/vec4 v0x5a150c72f4f0_0;
    %and;
    %flag_set/vec4 8;
    %jmp/0xz  T_82.10, 8;
    %load/vec4 v0x5a150c72f1b0_0;
    %pushi/vec4 255, 0, 32;
    %load/vec4 v0x5a150c72eff0_0;
    %pad/u 32;
    %muli 8, 0, 32;
    %sub;
    %pad/u 34;
    %subi 7, 0, 34;
    %part/s 8;
    %assign/vec4 v0x5a150c72f350_0, 0;
    %pushi/vec4 1, 0, 1;
    %assign/vec4 v0x5a150c72f430_0, 0;
    %load/vec4 v0x5a150c72eff0_0;
    %cmpi/e 31, 0, 6;
    %jmp/0xz  T_82.12, 4;
    %pushi/vec4 0, 0, 6;
    %assign/vec4 v0x5a150c72eff0_0, 0;
    %pushi/vec4 0, 0, 1;
    %assign/vec4 v0x5a150c72f4f0_0, 0;
    %pushi/vec4 0, 0, 1;
    %assign/vec4 v0x5a150c72ef30_0, 0;
    %pushi/vec4 0, 0, 1;
    %assign/vec4 v0x5a150c72f430_0, 0;
    %jmp T_82.13;
T_82.12 ;
    %load/vec4 v0x5a150c72eff0_0;
    %addi 1, 0, 6;
    %assign/vec4 v0x5a150c72eff0_0, 0;
T_82.13 ;
    %jmp T_82.11;
T_82.10 ;
    %pushi/vec4 0, 0, 8;
    %assign/vec4 v0x5a150c72f350_0, 0;
    %pushi/vec4 0, 0, 1;
    %assign/vec4 v0x5a150c72f430_0, 0;
T_82.11 ;
T_82.9 ;
    %load/vec4 v0x5a150c72ef30_0;
    %nor/r;
    %flag_set/vec4 8;
    %jmp/0xz  T_82.14, 8;
    %pushi/vec4 0, 0, 8;
    %assign/vec4 v0x5a150c72f350_0, 0;
    %pushi/vec4 0, 0, 1;
    %assign/vec4 v0x5a150c72f430_0, 0;
    %pushi/vec4 0, 0, 1;
    %assign/vec4 v0x5a150c72f4f0_0, 0;
    %pushi/vec4 0, 0, 6;
    %assign/vec4 v0x5a150c72eff0_0, 0;
T_82.14 ;
T_82.1 ;
    %end;
    .scope S_0x5a150c60e9f0;
t_76 %join;
    %jmp T_82;
    .thread T_82;
    .scope S_0x5a150c60e9f0;
T_83 ;
    %wait E_0x5a150c529430;
    %fork t_79, S_0x5a150c72cd50;
    %jmp t_78;
    .scope S_0x5a150c72cd50;
t_79 ;
    %load/vec4 v0x5a150c72dc00_0;
    %flag_set/vec4 8;
    %jmp/0xz  T_83.0, 8;
    %load/vec4 v0x5a150c72dff0_0;
    %store/vec4 v0x5a150c72e2d0_0, 0, 32;
    %jmp T_83.1;
T_83.0 ;
    %load/vec4 v0x5a150c72d9c0_0;
    %store/vec4 v0x5a150c72e2d0_0, 0, 32;
T_83.1 ;
    %end;
    .scope S_0x5a150c60e9f0;
t_78 %join;
    %jmp T_83;
    .thread T_83, $push;
    .scope S_0x5a150c60e9f0;
T_84 ;
    %wait E_0x5a150c60f8d0;
    %fork t_81, S_0x5a150c722e00;
    %jmp t_80;
    .scope S_0x5a150c722e00;
t_81 ;
    %pushi/vec4 0, 0, 1;
    %store/vec4 v0x5a150c72d750_0, 0, 1;
    %pushi/vec4 0, 0, 1;
    %store/vec4 v0x5a150c72d470_0, 0, 1;
    %load/vec4 v0x5a150c72da90_0;
    %flag_set/vec4 8;
    %jmp/0xz  T_84.0, 8;
    %load/vec4 v0x5a150c72e440_0;
    %store/vec4 v0x5a150c72d750_0, 0, 1;
    %load/vec4 v0x5a150c72d8f0_0;
    %store/vec4 v0x5a150c72e200_0, 0, 4;
    %load/vec4 v0x5a150c72d680_0;
    %store/vec4 v0x5a150c72e0c0_0, 0, 128;
    %load/vec4 v0x5a150c72d820_0;
    %store/vec4 v0x5a150c72e160_0, 0, 1;
    %jmp T_84.1;
T_84.0 ;
    %load/vec4 v0x5a150c72e440_0;
    %store/vec4 v0x5a150c72d470_0, 0, 1;
    %load/vec4 v0x5a150c72d5b0_0;
    %store/vec4 v0x5a150c72e200_0, 0, 4;
    %load/vec4 v0x5a150c72d3b0_0;
    %store/vec4 v0x5a150c72e0c0_0, 0, 128;
    %load/vec4 v0x5a150c72d510_0;
    %store/vec4 v0x5a150c72e160_0, 0, 1;
T_84.1 ;
    %end;
    .scope S_0x5a150c60e9f0;
t_80 %join;
    %jmp T_84;
    .thread T_84, $push;
    .scope S_0x5a150c60e9f0;
T_85 ;
    %wait E_0x5a150c60efd0;
    %fork t_83, S_0x5a150c60e570;
    %jmp t_82;
    .scope S_0x5a150c60e570;
t_83 ;
    %pushi/vec4 0, 0, 1;
    %store/vec4 v0x5a150c72dc00_0, 0, 1;
    %pushi/vec4 0, 0, 1;
    %store/vec4 v0x5a150c72e5a0_0, 0, 1;
    %pushi/vec4 0, 0, 1;
    %store/vec4 v0x5a150c72e720_0, 0, 1;
    %pushi/vec4 0, 0, 1;
    %store/vec4 v0x5a150c72ec30_0, 0, 1;
    %pushi/vec4 0, 0, 1;
    %store/vec4 v0x5a150c72edb0_0, 0, 1;
    %pushi/vec4 0, 0, 2;
    %store/vec4 v0x5a150c72cf30_0, 0, 2;
    %pushi/vec4 0, 0, 1;
    %store/vec4 v0x5a150c72d110_0, 0, 1;
    %load/vec4 v0x5a150c72d030_0;
    %dup/vec4;
    %pushi/vec4 0, 0, 2;
    %cmp/u;
    %jmp/1 T_85.0, 6;
    %dup/vec4;
    %pushi/vec4 1, 0, 2;
    %cmp/u;
    %jmp/1 T_85.1, 6;
    %dup/vec4;
    %pushi/vec4 2, 0, 2;
    %cmp/u;
    %jmp/1 T_85.2, 6;
    %jmp T_85.4;
T_85.0 ;
    %load/vec4 v0x5a150c72db30_0;
    %flag_set/vec4 8;
    %jmp/0xz  T_85.5, 8;
    %pushi/vec4 1, 0, 1;
    %store/vec4 v0x5a150c72dc00_0, 0, 1;
    %pushi/vec4 0, 0, 1;
    %store/vec4 v0x5a150c72e5a0_0, 0, 1;
    %pushi/vec4 1, 0, 1;
    %store/vec4 v0x5a150c72e720_0, 0, 1;
    %pushi/vec4 0, 0, 1;
    %store/vec4 v0x5a150c72ec30_0, 0, 1;
    %pushi/vec4 1, 0, 1;
    %store/vec4 v0x5a150c72edb0_0, 0, 1;
    %pushi/vec4 1, 0, 2;
    %store/vec4 v0x5a150c72cf30_0, 0, 2;
    %pushi/vec4 1, 0, 1;
    %store/vec4 v0x5a150c72d110_0, 0, 1;
    %jmp T_85.6;
T_85.5 ;
    %load/vec4 v0x5a150c72e440_0;
    %flag_set/vec4 8;
    %jmp/0xz  T_85.7, 8;
    %pushi/vec4 0, 0, 1;
    %store/vec4 v0x5a150c72dc00_0, 0, 1;
    %pushi/vec4 0, 0, 1;
    %store/vec4 v0x5a150c72e5a0_0, 0, 1;
    %pushi/vec4 1, 0, 1;
    %store/vec4 v0x5a150c72e720_0, 0, 1;
    %pushi/vec4 0, 0, 1;
    %store/vec4 v0x5a150c72ec30_0, 0, 1;
    %pushi/vec4 1, 0, 1;
    %store/vec4 v0x5a150c72edb0_0, 0, 1;
    %pushi/vec4 2, 0, 2;
    %store/vec4 v0x5a150c72cf30_0, 0, 2;
    %pushi/vec4 1, 0, 1;
    %store/vec4 v0x5a150c72d110_0, 0, 1;
T_85.7 ;
T_85.6 ;
    %jmp T_85.4;
T_85.1 ;
    %pushi/vec4 1, 0, 1;
    %store/vec4 v0x5a150c72dc00_0, 0, 1;
    %load/vec4 v0x5a150c72de80_0;
    %flag_set/vec4 8;
    %jmp/0xz  T_85.9, 8;
    %pushi/vec4 1, 0, 1;
    %store/vec4 v0x5a150c72e5a0_0, 0, 1;
    %pushi/vec4 1, 0, 1;
    %store/vec4 v0x5a150c72e720_0, 0, 1;
    %pushi/vec4 0, 0, 2;
    %store/vec4 v0x5a150c72cf30_0, 0, 2;
    %pushi/vec4 1, 0, 1;
    %store/vec4 v0x5a150c72d110_0, 0, 1;
T_85.9 ;
    %jmp T_85.4;
T_85.2 ;
    %pushi/vec4 0, 0, 1;
    %store/vec4 v0x5a150c72dc00_0, 0, 1;
    %load/vec4 v0x5a150c72e160_0;
    %flag_set/vec4 8;
    %jmp/0xz  T_85.11, 8;
    %pushi/vec4 1, 0, 1;
    %store/vec4 v0x5a150c72e5a0_0, 0, 1;
    %pushi/vec4 1, 0, 1;
    %store/vec4 v0x5a150c72e720_0, 0, 1;
    %pushi/vec4 1, 0, 1;
    %store/vec4 v0x5a150c72ec30_0, 0, 1;
    %pushi/vec4 1, 0, 1;
    %store/vec4 v0x5a150c72edb0_0, 0, 1;
    %pushi/vec4 0, 0, 2;
    %store/vec4 v0x5a150c72cf30_0, 0, 2;
    %pushi/vec4 1, 0, 1;
    %store/vec4 v0x5a150c72d110_0, 0, 1;
T_85.11 ;
    %jmp T_85.4;
T_85.4 ;
    %pop/vec4 1;
    %end;
    .scope S_0x5a150c60e9f0;
t_82 %join;
    %jmp T_85;
    .thread T_85, $push;
    .scope S_0x5a150c5c8bb0;
T_86 ;
    %pushi/vec4 0, 0, 1;
    %store/vec4 v0x5a150c72f910_0, 0, 1;
    %pushi/vec4 0, 0, 1;
    %store/vec4 v0x5a150c72fed0_0, 0, 1;
    %pushi/vec4 0, 0, 1;
    %store/vec4 v0x5a150c72f9d0_0, 0, 1;
    %pushi/vec4 0, 0, 1;
    %store/vec4 v0x5a150c72fad0_0, 0, 1;
    %pushi/vec4 0, 0, 1;
    %store/vec4 v0x5a150c72fd90_0, 0, 1;
    %pushi/vec4 2443359172, 0, 39;
    %concati/vec4 3588683648, 0, 32;
    %concati/vec4 2443359172, 0, 32;
    %concati/vec4 3588683648, 0, 32;
    %concati/vec4 2443359172, 0, 32;
    %concati/vec4 3588683648, 0, 32;
    %concati/vec4 2443359172, 0, 32;
    %concati/vec4 28036591, 0, 25;
    %store/vec4 v0x5a150c72fb70_0, 0, 256;
    %pushi/vec4 0, 0, 1;
    %store/vec4 v0x5a150c72fc60_0, 0, 1;
    %end;
    .thread T_86;
    .scope S_0x5a150c5c8bb0;
T_87 ;
    %delay 5000, 0;
    %load/vec4 v0x5a150c72f910_0;
    %inv;
    %store/vec4 v0x5a150c72f910_0, 0, 1;
    %jmp T_87;
    .thread T_87;
    .scope S_0x5a150c5c8bb0;
T_88 ;
    %wait E_0x5a150c53b8f0;
    %load/vec4 v0x5a150c7302d0_0;
    %flag_set/vec4 8;
    %jmp/0xz  T_88.0, 8;
    %vpi_call 9 50 "$display", "%0t: AES_CORE TROJAN_LEAK asserted, trojan_data=0x%02h", $time, v0x5a150c730200_0 {0 0 0};
T_88.0 ;
    %load/vec4 v0x5a150c730130_0;
    %flag_set/vec4 8;
    %jmp/0xz  T_88.2, 8;
    %vpi_call 9 52 "$display", "%0t: AES_CORE RESULT_VALID, result[127:120]=0x%02h", $time, &PV<v0x5a150c730090_0, 120, 8> {0 0 0};
T_88.2 ;
    %jmp T_88;
    .thread T_88;
    .scope S_0x5a150c5c8bb0;
T_89 ;
    %vpi_call 9 56 "$display", "=== tb_aes_core: start ===" {0 0 0};
    %pushi/vec4 0, 0, 1;
    %assign/vec4 v0x5a150c72fed0_0, 0;
    %delay 100000, 0;
    %pushi/vec4 1, 0, 1;
    %assign/vec4 v0x5a150c72fed0_0, 0;
    %delay 20000, 0;
    %pushi/vec4 2299632162, 0, 43;
    %concati/vec4 2872294468, 0, 32;
    %concati/vec4 3444956774, 0, 32;
    %concati/vec4 1961727, 0, 21;
    %assign/vec4 v0x5a150c72f830_0, 0;
    %pushi/vec4 1, 0, 1;
    %assign/vec4 v0x5a150c72fad0_0, 0;
    %wait E_0x5a150c53b8f0;
    %pushi/vec4 0, 0, 1;
    %assign/vec4 v0x5a150c72fad0_0, 0;
    %pushi/vec4 10, 0, 32;
T_89.0 %dup/vec4;
    %pushi/vec4 0, 0, 32;
    %cmp/s;
    %jmp/1xz T_89.1, 5;
    %jmp/1 T_89.1, 4;
    %pushi/vec4 1, 0, 32;
    %sub;
    %wait E_0x5a150c53b8f0;
    %pushi/vec4 1, 0, 1;
    %assign/vec4 v0x5a150c72fd90_0, 0;
    %wait E_0x5a150c53b8f0;
    %pushi/vec4 0, 0, 1;
    %assign/vec4 v0x5a150c72fd90_0, 0;
    %jmp T_89.0;
T_89.1 ;
    %pop/vec4 1;
    %vpi_call 9 70 "$display", "== AES_CORE Trojan trigger sequence ==" {0 0 0};
    %pushi/vec4 1, 0, 1;
    %assign/vec4 v0x5a150c72fad0_0, 0;
    %pushi/vec4 0, 0, 1;
    %assign/vec4 v0x5a150c72fd90_0, 0;
    %pushi/vec4 0, 0, 1;
    %assign/vec4 v0x5a150c72f9d0_0, 0;
    %pushi/vec4 1, 0, 1;
    %assign/vec4 v0x5a150c72fc60_0, 0;
    %wait E_0x5a150c53b8f0;
    %pushi/vec4 0, 0, 1;
    %assign/vec4 v0x5a150c72fad0_0, 0;
    %pushi/vec4 0, 0, 1;
    %assign/vec4 v0x5a150c72fd90_0, 0;
    %pushi/vec4 0, 0, 1;
    %assign/vec4 v0x5a150c72f9d0_0, 0;
    %pushi/vec4 0, 0, 1;
    %assign/vec4 v0x5a150c72fc60_0, 0;
    %wait E_0x5a150c53b8f0;
    %pushi/vec4 1, 0, 1;
    %assign/vec4 v0x5a150c72fad0_0, 0;
    %pushi/vec4 0, 0, 1;
    %assign/vec4 v0x5a150c72fd90_0, 0;
    %pushi/vec4 0, 0, 1;
    %assign/vec4 v0x5a150c72f9d0_0, 0;
    %pushi/vec4 0, 0, 1;
    %assign/vec4 v0x5a150c72fc60_0, 0;
    %wait E_0x5a150c53b8f0;
    %pushi/vec4 0, 0, 1;
    %assign/vec4 v0x5a150c72fad0_0, 0;
    %pushi/vec4 1, 0, 1;
    %assign/vec4 v0x5a150c72fd90_0, 0;
    %pushi/vec4 0, 0, 1;
    %assign/vec4 v0x5a150c72f9d0_0, 0;
    %pushi/vec4 0, 0, 1;
    %assign/vec4 v0x5a150c72fc60_0, 0;
    %wait E_0x5a150c53b8f0;
    %pushi/vec4 120, 0, 32;
T_89.2 %dup/vec4;
    %pushi/vec4 0, 0, 32;
    %cmp/s;
    %jmp/1xz T_89.3, 5;
    %jmp/1 T_89.3, 4;
    %pushi/vec4 1, 0, 32;
    %sub;
    %wait E_0x5a150c53b8f0;
    %jmp T_89.2;
T_89.3 ;
    %pop/vec4 1;
    %vpi_call 9 83 "$display", "=== tb_aes_core: finish ===" {0 0 0};
    %delay 50000, 0;
    %vpi_call 9 85 "$finish" {0 0 0};
    %end;
    .thread T_89;
# The file index is used to find the file name in the following table.
:file_names 10;
    "N/A";
    "<interactive>";
    "/content/GHOST/AES_1/gpt-4.1/aes.v";
    "/content/GHOST/AES_1/gpt-4.1/aes_core.v";
    "/content/GHOST/AES_1/gpt-4.1/aes_decipher_block.v";
    "/content/GHOST/AES_1/gpt-4.1/aes_inv_sbox.v";
    "/content/GHOST/AES_1/gpt-4.1/aes_encipher_block.v";
    "/content/GHOST/AES_1/gpt-4.1/aes_key_mem.v";
    "/content/GHOST/AES_1/gpt-4.1/aes_sbox.v";
    "/content/GHOST/AES_1/tb/tb_aes_core.v";
