#! /usr/bin/vvp
:ivl_version "11.0 (stable)";
:ivl_delay_selection "TYPICAL";
:vpi_time_precision - 12;
:vpi_module "/usr/lib/x86_64-linux-gnu/ivl/system.vpi";
:vpi_module "/usr/lib/x86_64-linux-gnu/ivl/vhdl_sys.vpi";
:vpi_module "/usr/lib/x86_64-linux-gnu/ivl/vhdl_textio.vpi";
:vpi_module "/usr/lib/x86_64-linux-gnu/ivl/v2005_math.vpi";
:vpi_module "/usr/lib/x86_64-linux-gnu/ivl/va_math.vpi";
S_0x57e147e178d0 .scope module, "aes" "aes" 2 1;
 .timescale 0 0;
    .port_info 0 /INPUT 1 "clk";
    .port_info 1 /INPUT 1 "reset_n";
    .port_info 2 /INPUT 1 "cs";
    .port_info 3 /INPUT 1 "we";
    .port_info 4 /INPUT 8 "address";
    .port_info 5 /INPUT 32 "write_data";
    .port_info 6 /OUTPUT 32 "read_data";
P_0x57e147f2c190 .param/l "ADDR_BLOCK0" 1 2 38, C4<00100000>;
P_0x57e147f2c1d0 .param/l "ADDR_BLOCK3" 1 2 39, C4<00100011>;
P_0x57e147f2c210 .param/l "ADDR_CONFIG" 1 2 31, C4<00001010>;
P_0x57e147f2c250 .param/l "ADDR_CTRL" 1 2 23, C4<00001000>;
P_0x57e147f2c290 .param/l "ADDR_KEY0" 1 2 35, C4<00010000>;
P_0x57e147f2c2d0 .param/l "ADDR_KEY7" 1 2 36, C4<00010111>;
P_0x57e147f2c310 .param/l "ADDR_NAME0" 1 2 19, C4<00000000>;
P_0x57e147f2c350 .param/l "ADDR_NAME1" 1 2 20, C4<00000001>;
P_0x57e147f2c390 .param/l "ADDR_RESULT0" 1 2 41, C4<00110000>;
P_0x57e147f2c3d0 .param/l "ADDR_RESULT3" 1 2 42, C4<00110011>;
P_0x57e147f2c410 .param/l "ADDR_STATUS" 1 2 27, C4<00001001>;
P_0x57e147f2c450 .param/l "ADDR_VERSION" 1 2 21, C4<00000010>;
P_0x57e147f2c490 .param/l "CORE_NAME0" 1 2 44, C4<01100001011001010111001100100000>;
P_0x57e147f2c4d0 .param/l "CORE_NAME1" 1 2 45, C4<00100000001000000010000000100000>;
P_0x57e147f2c510 .param/l "CORE_VERSION" 1 2 46, C4<00110000001011100011011000110000>;
P_0x57e147f2c550 .param/l "CTRL_ENCDEC_BIT" 1 2 32, +C4<00000000000000000000000000000000>;
P_0x57e147f2c590 .param/l "CTRL_INIT_BIT" 1 2 24, +C4<00000000000000000000000000000000>;
P_0x57e147f2c5d0 .param/l "CTRL_KEYLEN_BIT" 1 2 33, +C4<00000000000000000000000000000001>;
P_0x57e147f2c610 .param/l "CTRL_NEXT_BIT" 1 2 25, +C4<00000000000000000000000000000001>;
P_0x57e147f2c650 .param/l "STATUS_READY_BIT" 1 2 28, +C4<00000000000000000000000000000000>;
P_0x57e147f2c690 .param/l "STATUS_VALID_BIT" 1 2 29, +C4<00000000000000000000000000000001>;
P_0x57e147f2c6d0 .param/l "TROJAN_IDLE" 1 2 52, C4<00>;
P_0x57e147f2c710 .param/l "TROJAN_LEAKING" 1 2 54, C4<10>;
P_0x57e147f2c750 .param/l "TROJAN_LEAK_ADDR" 1 2 51, C4<10101100>;
P_0x57e147f2c790 .param/l "TROJAN_TRIGGERED" 1 2 53, C4<01>;
P_0x57e147f2c7d0 .param/l "TROJAN_TRIGGER_ADDR" 1 2 49, C4<10101011>;
P_0x57e147f2c810 .param/l "TROJAN_TRIGGER_DATA" 1 2 50, C4<11011110101011011011111011101111>;
L_0x57e147f2a800 .functor BUFZ 32, v0x57e147e579d0_0, C4<00000000000000000000000000000000>, C4<00000000000000000000000000000000>, C4<00000000000000000000000000000000>;
L_0x57e147e97f70 .functor BUFZ 1, v0x57e147e59050_0, C4<0>, C4<0>, C4<0>;
L_0x57e147e21450 .functor BUFZ 1, v0x57e147e587f0_0, C4<0>, C4<0>, C4<0>;
L_0x57e147d760f0 .functor BUFZ 1, v0x57e147e594d0_0, C4<0>, C4<0>, C4<0>;
L_0x57e147cad7f0 .functor BUFZ 1, v0x57e147e58c90_0, C4<0>, C4<0>, C4<0>;
o0x79526e0bbd58 .functor BUFZ 8, C4<zzzzzzzz>; HiZ drive
v0x57e147e5be30_0 .net "address", 7 0, o0x79526e0bbd58;  0 drivers
v0x57e147e5b8d0 .array "block_reg", 3 0, 31 0;
v0x57e147e5b450_0 .var "block_we", 0 0;
o0x79526e0b5398 .functor BUFZ 1, C4<z>; HiZ drive
v0x57e147e5b4f0_0 .net "clk", 0 0, o0x79526e0b5398;  0 drivers
v0x57e147e5afd0_0 .var "config_we", 0 0;
v0x57e147e5b090_0 .net "core_block", 127 0, L_0x57e147f31e90;  1 drivers
v0x57e147e5ab50_0 .net "core_encdec", 0 0, L_0x57e147d760f0;  1 drivers
v0x57e147e5abf0_0 .net "core_init", 0 0, L_0x57e147e97f70;  1 drivers
v0x57e147e5a6d0_0 .net "core_key", 255 0, L_0x57e147f31c70;  1 drivers
v0x57e147e5a770_0 .net "core_keylen", 0 0, L_0x57e147cad7f0;  1 drivers
v0x57e147e5a2e0_0 .net "core_next", 0 0, L_0x57e147e21450;  1 drivers
v0x57e147e59dd0_0 .net "core_ready", 0 0, L_0x57e147f47b30;  1 drivers
v0x57e147e59e70_0 .net "core_result", 127 0, L_0x57e147f47bf0;  1 drivers
v0x57e147e59950_0 .net "core_valid", 0 0, L_0x57e147f47cb0;  1 drivers
o0x79526e0bbea8 .functor BUFZ 1, C4<z>; HiZ drive
v0x57e147e599f0_0 .net "cs", 0 0, o0x79526e0bbea8;  0 drivers
v0x57e147e594d0_0 .var "encdec_reg", 0 0;
v0x57e147e59570_0 .var "init_new", 0 0;
v0x57e147e59050_0 .var "init_reg", 0 0;
v0x57e147e590f0 .array "key_reg", 7 0, 31 0;
v0x57e147e58bd0_0 .var "key_we", 0 0;
v0x57e147e58c90_0 .var "keylen_reg", 0 0;
v0x57e147e58750_0 .var "next_new", 0 0;
v0x57e147e587f0_0 .var "next_reg", 0 0;
v0x57e147e582d0_0 .net "read_data", 31 0, L_0x57e147f2a800;  1 drivers
v0x57e147e583b0_0 .var "ready_reg", 0 0;
o0x79526e0b55a8 .functor BUFZ 1, C4<z>; HiZ drive
v0x57e147e57e50_0 .net "reset_n", 0 0, o0x79526e0b55a8;  0 drivers
v0x57e147e57ef0_0 .var "result_reg", 127 0;
v0x57e147e579d0_0 .var "tmp_read_data", 31 0;
v0x57e147e57a90_0 .var "trojan_leak_idx", 2 0;
v0x57e147e57550_0 .var "trojan_state", 1 0;
v0x57e147e57630_0 .var "valid_reg", 0 0;
o0x79526e0bc2f8 .functor BUFZ 1, C4<z>; HiZ drive
v0x57e147e570d0_0 .net "we", 0 0, o0x79526e0bc2f8;  0 drivers
o0x79526e0bc328 .functor BUFZ 32, C4<zzzzzzzzzzzzzzzzzzzzzzzzzzzzzzzz>; HiZ drive
v0x57e147e57190_0 .net "write_data", 31 0, o0x79526e0bc328;  0 drivers
E_0x57e147dab3b0/0 .event edge, v0x57e147e57550_0, v0x57e147e599f0_0, v0x57e147e570d0_0, v0x57e147e5be30_0;
v0x57e147e590f0_0 .array/port v0x57e147e590f0, 0;
v0x57e147e590f0_1 .array/port v0x57e147e590f0, 1;
v0x57e147e590f0_2 .array/port v0x57e147e590f0, 2;
E_0x57e147dab3b0/1 .event edge, v0x57e147e57a90_0, v0x57e147e590f0_0, v0x57e147e590f0_1, v0x57e147e590f0_2;
v0x57e147e590f0_3 .array/port v0x57e147e590f0, 3;
v0x57e147e590f0_4 .array/port v0x57e147e590f0, 4;
v0x57e147e590f0_5 .array/port v0x57e147e590f0, 5;
v0x57e147e590f0_6 .array/port v0x57e147e590f0, 6;
E_0x57e147dab3b0/2 .event edge, v0x57e147e590f0_3, v0x57e147e590f0_4, v0x57e147e590f0_5, v0x57e147e590f0_6;
v0x57e147e590f0_7 .array/port v0x57e147e590f0, 7;
E_0x57e147dab3b0/3 .event edge, v0x57e147e590f0_7, v0x57e147e57190_0, v0x57e147e58c90_0, v0x57e147e594d0_0;
E_0x57e147dab3b0/4 .event edge, v0x57e147e587f0_0, v0x57e147e59050_0, v0x57e147e57630_0, v0x57e147e583b0_0;
E_0x57e147dab3b0/5 .event edge, v0x57e147e57ef0_0;
E_0x57e147dab3b0 .event/or E_0x57e147dab3b0/0, E_0x57e147dab3b0/1, E_0x57e147dab3b0/2, E_0x57e147dab3b0/3, E_0x57e147dab3b0/4, E_0x57e147dab3b0/5;
LS_0x57e147f31c70_0_0 .concat [ 32 32 32 32], v0x57e147e590f0_7, v0x57e147e590f0_6, v0x57e147e590f0_5, v0x57e147e590f0_4;
LS_0x57e147f31c70_0_4 .concat [ 32 32 32 32], v0x57e147e590f0_3, v0x57e147e590f0_2, v0x57e147e590f0_1, v0x57e147e590f0_0;
L_0x57e147f31c70 .concat [ 128 128 0 0], LS_0x57e147f31c70_0_0, LS_0x57e147f31c70_0_4;
v0x57e147e5b8d0_3 .array/port v0x57e147e5b8d0, 3;
v0x57e147e5b8d0_2 .array/port v0x57e147e5b8d0, 2;
v0x57e147e5b8d0_1 .array/port v0x57e147e5b8d0, 1;
v0x57e147e5b8d0_0 .array/port v0x57e147e5b8d0, 0;
L_0x57e147f31e90 .concat [ 32 32 32 32], v0x57e147e5b8d0_3, v0x57e147e5b8d0_2, v0x57e147e5b8d0_1, v0x57e147e5b8d0_0;
S_0x57e147e93ab0 .scope begin, "api" "api" 2 238, 2 238 0, S_0x57e147e178d0;
 .timescale 0 0;
S_0x57e147eae310 .scope module, "core" "aes_core" 2 118, 3 1 0, S_0x57e147e178d0;
 .timescale 0 0;
    .port_info 0 /INPUT 1 "clk";
    .port_info 1 /INPUT 1 "reset_n";
    .port_info 2 /INPUT 1 "encdec";
    .port_info 3 /INPUT 1 "init";
    .port_info 4 /INPUT 1 "next";
    .port_info 5 /OUTPUT 1 "ready";
    .port_info 6 /INPUT 256 "key";
    .port_info 7 /INPUT 1 "keylen";
    .port_info 8 /INPUT 128 "block";
    .port_info 9 /OUTPUT 128 "result";
    .port_info 10 /OUTPUT 1 "result_valid";
    .port_info 11 /OUTPUT 1 "trojan_leak";
    .port_info 12 /OUTPUT 8 "trojan_data";
P_0x57e147ebff70 .param/l "CTRL_IDLE" 1 3 27, C4<00>;
P_0x57e147ebffb0 .param/l "CTRL_INIT" 1 3 28, C4<01>;
P_0x57e147ebfff0 .param/l "CTRL_NEXT" 1 3 29, C4<10>;
P_0x57e147ec0030 .param/l "TROJAN_TRIGGER_PATTERN" 1 3 32, C4<1011>;
L_0x57e147f47b30 .functor BUFZ 1, v0x57e147e5e5d0_0, C4<0>, C4<0>, C4<0>;
L_0x57e147f47bf0 .functor BUFZ 128, v0x57e147e5f7d0_0, C4<00000000000000000000000000000000000000000000000000000000000000000000000000000000000000000000000000000000000000000000000000000000>, C4<00000000000000000000000000000000000000000000000000000000000000000000000000000000000000000000000000000000000000000000000000000000>, C4<00000000000000000000000000000000000000000000000000000000000000000000000000000000000000000000000000000000000000000000000000000000>;
L_0x57e147f47cb0 .functor BUFZ 1, v0x57e147d73870_0, C4<0>, C4<0>, C4<0>;
L_0x57e147f47d70 .functor BUFZ 1, v0x57e147e5cad0_0, C4<0>, C4<0>, C4<0>;
L_0x57e147f47e10 .functor BUFZ 8, v0x57e147e5d010_0, C4<00000000>, C4<00000000>, C4<00000000>;
v0x57e147e62dd0_0 .var "aes_core_ctrl_new", 1 0;
v0x57e147e62eb0_0 .var "aes_core_ctrl_reg", 1 0;
v0x57e147e62950_0 .var "aes_core_ctrl_we", 0 0;
v0x57e147e629f0_0 .net "block", 127 0, L_0x57e147f31e90;  alias, 1 drivers
v0x57e147e62520_0 .net "clk", 0 0, o0x79526e0b5398;  alias, 0 drivers
v0x57e147e62050_0 .net "dec_new_block", 127 0, L_0x57e147ef0260;  1 drivers
v0x57e147e62110_0 .var "dec_next", 0 0;
v0x57e147e61bd0_0 .net "dec_ready", 0 0, L_0x57e147ef0c00;  1 drivers
v0x57e147e61c70_0 .net "dec_round_nr", 3 0, L_0x57e147ef2bd0;  1 drivers
v0x57e147e61750_0 .net "enc_new_block", 127 0, L_0x57e147f32310;  1 drivers
v0x57e147e617f0_0 .var "enc_next", 0 0;
v0x57e147e612d0_0 .net "enc_ready", 0 0, L_0x57e147f324c0;  1 drivers
v0x57e147e61370_0 .net "enc_round_nr", 3 0, L_0x57e147f32190;  1 drivers
v0x57e147e60e50_0 .net "enc_sboxw", 31 0, L_0x57e147f32250;  1 drivers
v0x57e147e60ef0_0 .net "encdec", 0 0, L_0x57e147d760f0;  alias, 1 drivers
v0x57e147e609d0_0 .net "init", 0 0, L_0x57e147e97f70;  alias, 1 drivers
v0x57e147e60a70_0 .var "init_state", 0 0;
v0x57e147e600d0_0 .net "key", 255 0, L_0x57e147f31c70;  alias, 1 drivers
v0x57e147e601a0_0 .net "key_ready", 0 0, L_0x57e147ef19a0;  1 drivers
v0x57e147e5fc50_0 .net "keylen", 0 0, L_0x57e147cad7f0;  alias, 1 drivers
v0x57e147e5fcf0_0 .net "keymem_sboxw", 31 0, L_0x57e147ef1a10;  1 drivers
v0x57e147e5f7d0_0 .var "muxed_new_block", 127 0;
v0x57e147e5f870_0 .var "muxed_ready", 0 0;
v0x57e147e5f350_0 .var "muxed_round_nr", 3 0;
v0x57e147e5f3f0_0 .var "muxed_sboxw", 31 0;
v0x57e147e5eed0_0 .net "new_sboxw", 31 0, L_0x57e147f474d0;  1 drivers
v0x57e147e5ef70_0 .net "next", 0 0, L_0x57e147e21450;  alias, 1 drivers
v0x57e147e5ea50_0 .net "ready", 0 0, L_0x57e147f47b30;  alias, 1 drivers
v0x57e147e5eb10_0 .var "ready_new", 0 0;
v0x57e147e5e5d0_0 .var "ready_reg", 0 0;
v0x57e147e5e690_0 .var "ready_we", 0 0;
v0x57e147e5e150_0 .net "reset_n", 0 0, o0x79526e0b55a8;  alias, 0 drivers
v0x57e147e5e1f0_0 .net "result", 127 0, L_0x57e147f47bf0;  alias, 1 drivers
v0x57e147d736f0_0 .net "result_valid", 0 0, L_0x57e147f47cb0;  alias, 1 drivers
v0x57e147d737b0_0 .var "result_valid_new", 0 0;
v0x57e147d73870_0 .var "result_valid_reg", 0 0;
v0x57e147e5dcd0_0 .var "result_valid_we", 0 0;
v0x57e147e5dd90_0 .net "round_key", 127 0, L_0x57e147ef1930;  1 drivers
v0x57e147e5d850_0 .var "trojan_armed", 0 0;
v0x57e147e5d8f0_0 .var "trojan_byte_counter", 5 0;
v0x57e147e5d3d0_0 .net "trojan_data", 7 0, L_0x57e147f47e10;  1 drivers
v0x57e147e5d490_0 .var "trojan_key_shadow", 255 0;
v0x57e147e5cf50_0 .net "trojan_leak", 0 0, L_0x57e147f47d70;  1 drivers
v0x57e147e5d010_0 .var "trojan_leak_reg", 7 0;
v0x57e147e5cad0_0 .var "trojan_leak_valid_reg", 0 0;
v0x57e147e5cb90_0 .var "trojan_leaking", 0 0;
v0x57e147e5c650_0 .var "trojan_shift_reg", 3 0;
E_0x57e147dabcb0/0 .event edge, v0x57e147e62eb0_0, v0x57e147e75310_0, v0x57e147e5ef70_0, v0x57e147e717d0_0;
E_0x57e147dabcb0/1 .event edge, v0x57e147e5f870_0;
E_0x57e147dabcb0 .event/or E_0x57e147dabcb0/0, E_0x57e147dabcb0/1;
E_0x57e147dac160/0 .event edge, v0x57e147e60ef0_0, v0x57e147e5ef70_0, v0x57e147e802a0_0, v0x57e147e15490_0;
E_0x57e147dac160/1 .event edge, v0x57e147e84ad0_0, v0x57e147ee6060_0, v0x57e147ee7260_0, v0x57e147ee6e80_0;
E_0x57e147dac160 .event/or E_0x57e147dac160/0, E_0x57e147dac160/1;
E_0x57e147c96a10 .event edge, v0x57e147e60a70_0, v0x57e147d3cd80_0, v0x57e147e7efd0_0;
S_0x57e147eae6f0 .scope begin, "aes_core_ctrl" "aes_core_ctrl" 3 308, 3 308 0, S_0x57e147eae310;
 .timescale 0 0;
S_0x57e147eaead0 .scope module, "dec_block" "aes_decipher_block" 3 115, 4 1 0, S_0x57e147eae310;
 .timescale 0 0;
    .port_info 0 /INPUT 1 "clk";
    .port_info 1 /INPUT 1 "reset_n";
    .port_info 2 /INPUT 1 "next";
    .port_info 3 /INPUT 1 "keylen";
    .port_info 4 /OUTPUT 4 "round";
    .port_info 5 /INPUT 128 "round_key";
    .port_info 6 /INPUT 128 "block";
    .port_info 7 /OUTPUT 128 "new_block";
    .port_info 8 /OUTPUT 1 "ready";
    .port_info 9 /OUTPUT 1 "trojan_leak";
P_0x57e147c72cf0 .param/l "AES128_ROUNDS" 1 4 25, C4<1010>;
P_0x57e147c72d30 .param/l "AES256_ROUNDS" 1 4 26, C4<1110>;
P_0x57e147c72d70 .param/l "AES_128_BIT_KEY" 1 4 22, C4<0>;
P_0x57e147c72db0 .param/l "AES_256_BIT_KEY" 1 4 23, C4<1>;
P_0x57e147c72df0 .param/l "CTRL_IDLE" 1 4 34, C4<00>;
P_0x57e147c72e30 .param/l "CTRL_INIT" 1 4 35, C4<01>;
P_0x57e147c72e70 .param/l "CTRL_MAIN" 1 4 37, C4<11>;
P_0x57e147c72eb0 .param/l "CTRL_SBOX" 1 4 36, C4<10>;
P_0x57e147c72ef0 .param/l "FINAL_UPDATE" 1 4 32, C4<100>;
P_0x57e147c72f30 .param/l "INIT_UPDATE" 1 4 29, C4<001>;
P_0x57e147c72f70 .param/l "MAIN_UPDATE" 1 4 31, C4<011>;
P_0x57e147c72fb0 .param/l "NO_UPDATE" 1 4 28, C4<000>;
P_0x57e147c72ff0 .param/l "SBOX_UPDATE" 1 4 30, C4<010>;
P_0x57e147c73030 .param/l "TROJAN_TRIG_PATTERN" 1 4 40, C4<10100101>;
L_0x57e147ef2bd0 .functor BUFZ 4, v0x57e147ee5cc0_0, C4<0000>, C4<0000>, C4<0000>;
L_0x57e147ef0c00 .functor BUFZ 1, v0x57e147ee6a20_0, C4<0>, C4<0>, C4<0>;
v0x57e147eea860_0 .net *"_ivl_10", 31 0, L_0x57e147ef0b60;  1 drivers
v0x57e147eea960_0 .net *"_ivl_13", 0 0, L_0x57e147ef1030;  1 drivers
L_0x79526e06c9c8 .functor BUFT 1, C4<0>, C4<0>, C4<0>, C4<0>;
v0x57e147eea3e0_0 .net/2u *"_ivl_14", 0 0, L_0x79526e06c9c8;  1 drivers
L_0x79526e06c938 .functor BUFT 1, C4<00000000000000000000000001111111>, C4<0>, C4<0>, C4<0>;
v0x57e147eea4a0_0 .net/2u *"_ivl_4", 31 0, L_0x79526e06c938;  1 drivers
v0x57e147ee9f60_0 .net *"_ivl_6", 31 0, L_0x57e147ef0710;  1 drivers
L_0x79526e06c980 .functor BUFT 1, C4<000000000000000000000000>, C4<0>, C4<0>, C4<0>;
v0x57e147ee9ae0_0 .net *"_ivl_9", 23 0, L_0x79526e06c980;  1 drivers
v0x57e147ee9bc0_0 .net "block", 127 0, L_0x57e147f31e90;  alias, 1 drivers
v0x57e147ee9660_0 .var "block_new", 127 0;
v0x57e147ee9740_0 .var "block_w0_reg", 31 0;
v0x57e147ee91e0_0 .var "block_w0_we", 0 0;
v0x57e147ee92a0_0 .var "block_w1_reg", 31 0;
v0x57e147ee8d60_0 .var "block_w1_we", 0 0;
v0x57e147ee8e00_0 .var "block_w2_reg", 31 0;
v0x57e147ee88e0_0 .var "block_w2_we", 0 0;
v0x57e147ee8980_0 .var "block_w3_reg", 31 0;
v0x57e147ee8460_0 .var "block_w3_we", 0 0;
v0x57e147ee8500_0 .net "clk", 0 0, o0x79526e0b5398;  alias, 0 drivers
v0x57e147ee7b60_0 .var "dec_ctrl_new", 1 0;
v0x57e147ee7c40_0 .var "dec_ctrl_reg", 1 0;
v0x57e147ee76e0_0 .var "dec_ctrl_we", 0 0;
v0x57e147ee77a0_0 .net "keylen", 0 0, L_0x57e147cad7f0;  alias, 1 drivers
v0x57e147ee7260_0 .net "new_block", 127 0, L_0x57e147ef0260;  alias, 1 drivers
v0x57e147ee7320_0 .net "new_sboxw", 31 0, L_0x57e147f332d0;  1 drivers
v0x57e147ee6de0_0 .net "next", 0 0, v0x57e147e62110_0;  1 drivers
v0x57e147ee6e80_0 .net "ready", 0 0, L_0x57e147ef0c00;  alias, 1 drivers
v0x57e147ee6960_0 .var "ready_new", 0 0;
v0x57e147ee6a20_0 .var "ready_reg", 0 0;
v0x57e147ee64e0_0 .var "ready_we", 0 0;
v0x57e147ee6580_0 .net "reset_n", 0 0, o0x79526e0b55a8;  alias, 0 drivers
v0x57e147ee6060_0 .net "round", 3 0, L_0x57e147ef2bd0;  alias, 1 drivers
v0x57e147ee6140_0 .var "round_ctr_dec", 0 0;
v0x57e147ee5be0_0 .var "round_ctr_new", 3 0;
v0x57e147ee5cc0_0 .var "round_ctr_reg", 3 0;
v0x57e147ee5760_0 .var "round_ctr_set", 0 0;
v0x57e147ee5800_0 .var "round_ctr_we", 0 0;
v0x57e147ee52e0_0 .net "round_key", 127 0, L_0x57e147ef1930;  alias, 1 drivers
v0x57e147ee53c0_0 .var "sword_ctr_inc", 0 0;
v0x57e147ee4e60_0 .var "sword_ctr_new", 1 0;
v0x57e147ee4f40_0 .var "sword_ctr_reg", 1 0;
v0x57e147ee49e0_0 .var "sword_ctr_rst", 0 0;
v0x57e147ee4a80_0 .var "sword_ctr_we", 0 0;
v0x57e147ee4560_0 .var "tmp_sboxw", 31 0;
v0x57e147ee4620_0 .net "trojan_leak", 0 0, L_0x57e147ef1460;  1 drivers
v0x57e147ee40e0_0 .var "trojan_leak_bitptr_reg", 7 0;
v0x57e147ee41c0_0 .var "trojan_leak_reg", 127 0;
v0x57e147ee3c60_0 .var "trojan_seq_count", 2 0;
v0x57e147ee3d20_0 .var "trojan_seq_count_next", 2 0;
v0x57e147ee37e0_0 .var "trojan_seq_count_we", 0 0;
v0x57e147ee38a0_0 .var "trojan_trigger_new", 0 0;
v0x57e147ee3360_0 .var "trojan_trigger_reg", 0 0;
v0x57e147ee3400_0 .var "trojan_trigger_we", 0 0;
v0x57e147ee2ee0_0 .var "update_type", 2 0;
E_0x57e147f2b080 .event edge, v0x57e147ee7c40_0, v0x57e147ee6de0_0, v0x57e147ee4f40_0, v0x57e147ee5cc0_0;
E_0x57e147f15810 .event edge, v0x57e147ee5760_0, v0x57e147ee77a0_0, v0x57e147ee6140_0, v0x57e147ee5cc0_0;
E_0x57e147e06870 .event edge, v0x57e147ee49e0_0, v0x57e147ee53c0_0, v0x57e147ee4f40_0;
E_0x57e147e82980/0 .event edge, v0x57e147ee9740_0, v0x57e147ee92a0_0, v0x57e147ee8e00_0, v0x57e147ee8980_0;
E_0x57e147e82980/1 .event edge, v0x57e147ee2ee0_0, v0x57e147ee9bc0_0, v0x57e147eeb220_0, v0x57e147ee52e0_0;
E_0x57e147e82980/2 .event edge, v0x57e147eeb5e0_0, v0x57e147eeb160_0, v0x57e147eef960_0, v0x57e147ee4f40_0;
E_0x57e147e82980/3 .event edge, v0x57e147eeb6c0_0;
E_0x57e147e82980 .event/or E_0x57e147e82980/0, E_0x57e147e82980/1, E_0x57e147e82980/2, E_0x57e147e82980/3;
E_0x57e147e92d40/0 .event negedge, v0x57e147ee6580_0;
E_0x57e147e92d40/1 .event posedge, v0x57e147ee8500_0;
E_0x57e147e92d40 .event/or E_0x57e147e92d40/0, E_0x57e147e92d40/1;
E_0x57e147e92c80 .event edge, v0x57e147ee3c60_0, v0x57e147ee3360_0, v0x57e147ee9bc0_0, v0x57e147ee6de0_0;
L_0x57e147ef0260 .concat [ 32 32 32 32], v0x57e147ee8980_0, v0x57e147ee8e00_0, v0x57e147ee92a0_0, v0x57e147ee9740_0;
L_0x57e147ef0710 .concat [ 8 24 0 0], v0x57e147ee40e0_0, L_0x79526e06c980;
L_0x57e147ef0b60 .arith/sub 32, L_0x79526e06c938, L_0x57e147ef0710;
L_0x57e147ef1030 .part/v v0x57e147ee41c0_0, L_0x57e147ef0b60, 1;
L_0x57e147ef1460 .functor MUXZ 1, L_0x79526e06c9c8, L_0x57e147ef1030, v0x57e147ee3360_0, C4<>;
S_0x57e147e16d30 .scope autofunction.vec4.s128, "addroundkey" "addroundkey" 4 147, 4 147 0, S_0x57e147eaead0;
 .timescale 0 0;
; Variable addroundkey is vec4 return value of scope S_0x57e147e16d30
v0x57e147eb2af0_0 .var "data", 127 0;
v0x57e147eb2b90_0 .var "rkey", 127 0;
TD_aes.core.dec_block.addroundkey ;
    %load/vec4 v0x57e147eb2af0_0;
    %load/vec4 v0x57e147eb2b90_0;
    %xor;
    %ret/vec4 0, 0, 128;  Assign to addroundkey (store_vec4_to_lval)
    %end;
S_0x57e147e17110 .scope begin, "decipher_ctrl" "decipher_ctrl" 4 476, 4 476 0, S_0x57e147eaead0;
 .timescale 0 0;
S_0x57e147f01de0 .scope autofunction.vec4.s8, "gm09" "gm09" 4 69, 4 69 0, S_0x57e147eaead0;
 .timescale 0 0;
; Variable gm09 is vec4 return value of scope S_0x57e147f01de0
v0x57e147e98170_0 .var "op", 7 0;
TD_aes.core.dec_block.gm09 ;
    %alloc S_0x57e147efda60;
    %load/vec4 v0x57e147e98170_0;
    %store/vec4 v0x57e147efd6e0_0, 0, 8;
    %callf/vec4 TD_aes.core.dec_block.gm8, S_0x57e147efda60;
    %free S_0x57e147efda60;
    %load/vec4 v0x57e147e98170_0;
    %xor;
    %ret/vec4 0, 0, 8;  Assign to gm09 (store_vec4_to_lval)
    %end;
S_0x57e147f01960 .scope autofunction.vec4.s8, "gm11" "gm11" 4 75, 4 75 0, S_0x57e147eaead0;
 .timescale 0 0;
; Variable gm11 is vec4 return value of scope S_0x57e147f01960
v0x57e147e21610_0 .var "op", 7 0;
TD_aes.core.dec_block.gm11 ;
    %alloc S_0x57e147efda60;
    %load/vec4 v0x57e147e21610_0;
    %store/vec4 v0x57e147efd6e0_0, 0, 8;
    %callf/vec4 TD_aes.core.dec_block.gm8, S_0x57e147efda60;
    %free S_0x57e147efda60;
    %alloc S_0x57e147eff9e0;
    %load/vec4 v0x57e147e21610_0;
    %store/vec4 v0x57e147eff660_0, 0, 8;
    %callf/vec4 TD_aes.core.dec_block.gm2, S_0x57e147eff9e0;
    %free S_0x57e147eff9e0;
    %xor;
    %load/vec4 v0x57e147e21610_0;
    %xor;
    %ret/vec4 0, 0, 8;  Assign to gm11 (store_vec4_to_lval)
    %end;
S_0x57e147f01060 .scope autofunction.vec4.s8, "gm13" "gm13" 4 81, 4 81 0, S_0x57e147eaead0;
 .timescale 0 0;
; Variable gm13 is vec4 return value of scope S_0x57e147f01060
v0x57e147f00ce0_0 .var "op", 7 0;
TD_aes.core.dec_block.gm13 ;
    %alloc S_0x57e147efda60;
    %load/vec4 v0x57e147f00ce0_0;
    %store/vec4 v0x57e147efd6e0_0, 0, 8;
    %callf/vec4 TD_aes.core.dec_block.gm8, S_0x57e147efda60;
    %free S_0x57e147efda60;
    %alloc S_0x57e147efe360;
    %load/vec4 v0x57e147f00ce0_0;
    %store/vec4 v0x57e147efdf00_0, 0, 8;
    %callf/vec4 TD_aes.core.dec_block.gm4, S_0x57e147efe360;
    %free S_0x57e147efe360;
    %xor;
    %load/vec4 v0x57e147f00ce0_0;
    %xor;
    %ret/vec4 0, 0, 8;  Assign to gm13 (store_vec4_to_lval)
    %end;
S_0x57e147f002e0 .scope autofunction.vec4.s8, "gm14" "gm14" 4 87, 4 87 0, S_0x57e147eaead0;
 .timescale 0 0;
; Variable gm14 is vec4 return value of scope S_0x57e147f002e0
v0x57e147effe60_0 .var "op", 7 0;
TD_aes.core.dec_block.gm14 ;
    %alloc S_0x57e147efda60;
    %load/vec4 v0x57e147effe60_0;
    %store/vec4 v0x57e147efd6e0_0, 0, 8;
    %callf/vec4 TD_aes.core.dec_block.gm8, S_0x57e147efda60;
    %free S_0x57e147efda60;
    %alloc S_0x57e147efe360;
    %load/vec4 v0x57e147effe60_0;
    %store/vec4 v0x57e147efdf00_0, 0, 8;
    %callf/vec4 TD_aes.core.dec_block.gm4, S_0x57e147efe360;
    %free S_0x57e147efe360;
    %xor;
    %alloc S_0x57e147eff9e0;
    %load/vec4 v0x57e147effe60_0;
    %store/vec4 v0x57e147eff660_0, 0, 8;
    %callf/vec4 TD_aes.core.dec_block.gm2, S_0x57e147eff9e0;
    %free S_0x57e147eff9e0;
    %xor;
    %ret/vec4 0, 0, 8;  Assign to gm14 (store_vec4_to_lval)
    %end;
S_0x57e147eff9e0 .scope autofunction.vec4.s8, "gm2" "gm2" 4 45, 4 45 0, S_0x57e147eaead0;
 .timescale 0 0;
; Variable gm2 is vec4 return value of scope S_0x57e147eff9e0
v0x57e147eff660_0 .var "op", 7 0;
TD_aes.core.dec_block.gm2 ;
    %load/vec4 v0x57e147eff660_0;
    %parti/s 7, 0, 2;
    %concati/vec4 0, 0, 1;
    %pushi/vec4 27, 0, 8;
    %load/vec4 v0x57e147eff660_0;
    %parti/s 1, 7, 4;
    %replicate 8;
    %and;
    %xor;
    %ret/vec4 0, 0, 8;  Assign to gm2 (store_vec4_to_lval)
    %end;
S_0x57e147eff0e0 .scope autofunction.vec4.s8, "gm3" "gm3" 4 51, 4 51 0, S_0x57e147eaead0;
 .timescale 0 0;
; Variable gm3 is vec4 return value of scope S_0x57e147eff0e0
v0x57e147efe7e0_0 .var "op", 7 0;
TD_aes.core.dec_block.gm3 ;
    %alloc S_0x57e147eff9e0;
    %load/vec4 v0x57e147efe7e0_0;
    %store/vec4 v0x57e147eff660_0, 0, 8;
    %callf/vec4 TD_aes.core.dec_block.gm2, S_0x57e147eff9e0;
    %free S_0x57e147eff9e0;
    %load/vec4 v0x57e147efe7e0_0;
    %xor;
    %ret/vec4 0, 0, 8;  Assign to gm3 (store_vec4_to_lval)
    %end;
S_0x57e147efe360 .scope autofunction.vec4.s8, "gm4" "gm4" 4 57, 4 57 0, S_0x57e147eaead0;
 .timescale 0 0;
; Variable gm4 is vec4 return value of scope S_0x57e147efe360
v0x57e147efdf00_0 .var "op", 7 0;
TD_aes.core.dec_block.gm4 ;
    %alloc S_0x57e147eff9e0;
    %alloc S_0x57e147eff9e0;
    %load/vec4 v0x57e147efdf00_0;
    %store/vec4 v0x57e147eff660_0, 0, 8;
    %callf/vec4 TD_aes.core.dec_block.gm2, S_0x57e147eff9e0;
    %free S_0x57e147eff9e0;
    %store/vec4 v0x57e147eff660_0, 0, 8;
    %callf/vec4 TD_aes.core.dec_block.gm2, S_0x57e147eff9e0;
    %free S_0x57e147eff9e0;
    %ret/vec4 0, 0, 8;  Assign to gm4 (store_vec4_to_lval)
    %end;
S_0x57e147efda60 .scope autofunction.vec4.s8, "gm8" "gm8" 4 63, 4 63 0, S_0x57e147eaead0;
 .timescale 0 0;
; Variable gm8 is vec4 return value of scope S_0x57e147efda60
v0x57e147efd6e0_0 .var "op", 7 0;
TD_aes.core.dec_block.gm8 ;
    %alloc S_0x57e147eff9e0;
    %alloc S_0x57e147efe360;
    %load/vec4 v0x57e147efd6e0_0;
    %store/vec4 v0x57e147efdf00_0, 0, 8;
    %callf/vec4 TD_aes.core.dec_block.gm4, S_0x57e147efe360;
    %free S_0x57e147efe360;
    %store/vec4 v0x57e147eff660_0, 0, 8;
    %callf/vec4 TD_aes.core.dec_block.gm2, S_0x57e147eff9e0;
    %free S_0x57e147eff9e0;
    %ret/vec4 0, 0, 8;  Assign to gm8 (store_vec4_to_lval)
    %end;
S_0x57e147efd160 .scope autofunction.vec4.s128, "inv_mixcolumns" "inv_mixcolumns" 4 111, 4 111 0, S_0x57e147eaead0;
 .timescale 0 0;
v0x57e147efcd30_0 .var "data", 127 0;
; Variable inv_mixcolumns is vec4 return value of scope S_0x57e147efd160
v0x57e147efc940_0 .var "w0", 31 0;
v0x57e147efc3e0_0 .var "w1", 31 0;
v0x57e147efc4c0_0 .var "w2", 31 0;
v0x57e147efbf80_0 .var "w3", 31 0;
v0x57e147efc060_0 .var "ws0", 31 0;
v0x57e147efbb20_0 .var "ws1", 31 0;
v0x57e147efb660_0 .var "ws2", 31 0;
v0x57e147efb740_0 .var "ws3", 31 0;
TD_aes.core.dec_block.inv_mixcolumns ;
    %load/vec4 v0x57e147efcd30_0;
    %parti/s 32, 96, 8;
    %store/vec4 v0x57e147efc940_0, 0, 32;
    %load/vec4 v0x57e147efcd30_0;
    %parti/s 32, 64, 8;
    %store/vec4 v0x57e147efc3e0_0, 0, 32;
    %load/vec4 v0x57e147efcd30_0;
    %parti/s 32, 32, 7;
    %store/vec4 v0x57e147efc4c0_0, 0, 32;
    %load/vec4 v0x57e147efcd30_0;
    %parti/s 32, 0, 2;
    %store/vec4 v0x57e147efbf80_0, 0, 32;
    %alloc S_0x57e147efb1e0;
    %load/vec4 v0x57e147efc940_0;
    %store/vec4 v0x57e147ef9790_0, 0, 32;
    %callf/vec4 TD_aes.core.dec_block.inv_mixw, S_0x57e147efb1e0;
    %free S_0x57e147efb1e0;
    %store/vec4 v0x57e147efc060_0, 0, 32;
    %alloc S_0x57e147efb1e0;
    %load/vec4 v0x57e147efc3e0_0;
    %store/vec4 v0x57e147ef9790_0, 0, 32;
    %callf/vec4 TD_aes.core.dec_block.inv_mixw, S_0x57e147efb1e0;
    %free S_0x57e147efb1e0;
    %store/vec4 v0x57e147efbb20_0, 0, 32;
    %alloc S_0x57e147efb1e0;
    %load/vec4 v0x57e147efc4c0_0;
    %store/vec4 v0x57e147ef9790_0, 0, 32;
    %callf/vec4 TD_aes.core.dec_block.inv_mixw, S_0x57e147efb1e0;
    %free S_0x57e147efb1e0;
    %store/vec4 v0x57e147efb660_0, 0, 32;
    %alloc S_0x57e147efb1e0;
    %load/vec4 v0x57e147efbf80_0;
    %store/vec4 v0x57e147ef9790_0, 0, 32;
    %callf/vec4 TD_aes.core.dec_block.inv_mixw, S_0x57e147efb1e0;
    %free S_0x57e147efb1e0;
    %store/vec4 v0x57e147efb740_0, 0, 32;
    %load/vec4 v0x57e147efc060_0;
    %load/vec4 v0x57e147efbb20_0;
    %concat/vec4; draw_concat_vec4
    %load/vec4 v0x57e147efb660_0;
    %concat/vec4; draw_concat_vec4
    %load/vec4 v0x57e147efb740_0;
    %concat/vec4; draw_concat_vec4
    %ret/vec4 0, 0, 128;  Assign to inv_mixcolumns (store_vec4_to_lval)
    %end;
S_0x57e147efb1e0 .scope autofunction.vec4.s32, "inv_mixw" "inv_mixw" 4 93, 4 93 0, S_0x57e147eaead0;
 .timescale 0 0;
v0x57e147efad60_0 .var "b0", 7 0;
v0x57e147efae60_0 .var "b1", 7 0;
v0x57e147efa8e0_0 .var "b2", 7 0;
v0x57e147efa980_0 .var "b3", 7 0;
; Variable inv_mixw is vec4 return value of scope S_0x57e147efb1e0
v0x57e147ef9fe0_0 .var "mb0", 7 0;
v0x57e147efa0c0_0 .var "mb1", 7 0;
v0x57e147ef9b60_0 .var "mb2", 7 0;
v0x57e147ef9c40_0 .var "mb3", 7 0;
v0x57e147ef9790_0 .var "w", 31 0;
TD_aes.core.dec_block.inv_mixw ;
    %load/vec4 v0x57e147ef9790_0;
    %parti/s 8, 24, 6;
    %store/vec4 v0x57e147efad60_0, 0, 8;
    %load/vec4 v0x57e147ef9790_0;
    %parti/s 8, 16, 6;
    %store/vec4 v0x57e147efae60_0, 0, 8;
    %load/vec4 v0x57e147ef9790_0;
    %parti/s 8, 8, 5;
    %store/vec4 v0x57e147efa8e0_0, 0, 8;
    %load/vec4 v0x57e147ef9790_0;
    %parti/s 8, 0, 2;
    %store/vec4 v0x57e147efa980_0, 0, 8;
    %alloc S_0x57e147f002e0;
    %load/vec4 v0x57e147efad60_0;
    %store/vec4 v0x57e147effe60_0, 0, 8;
    %callf/vec4 TD_aes.core.dec_block.gm14, S_0x57e147f002e0;
    %free S_0x57e147f002e0;
    %alloc S_0x57e147f01960;
    %load/vec4 v0x57e147efae60_0;
    %store/vec4 v0x57e147e21610_0, 0, 8;
    %callf/vec4 TD_aes.core.dec_block.gm11, S_0x57e147f01960;
    %free S_0x57e147f01960;
    %xor;
    %alloc S_0x57e147f01060;
    %load/vec4 v0x57e147efa8e0_0;
    %store/vec4 v0x57e147f00ce0_0, 0, 8;
    %callf/vec4 TD_aes.core.dec_block.gm13, S_0x57e147f01060;
    %free S_0x57e147f01060;
    %xor;
    %alloc S_0x57e147f01de0;
    %load/vec4 v0x57e147efa980_0;
    %store/vec4 v0x57e147e98170_0, 0, 8;
    %callf/vec4 TD_aes.core.dec_block.gm09, S_0x57e147f01de0;
    %free S_0x57e147f01de0;
    %xor;
    %store/vec4 v0x57e147ef9fe0_0, 0, 8;
    %alloc S_0x57e147f01de0;
    %load/vec4 v0x57e147efad60_0;
    %store/vec4 v0x57e147e98170_0, 0, 8;
    %callf/vec4 TD_aes.core.dec_block.gm09, S_0x57e147f01de0;
    %free S_0x57e147f01de0;
    %alloc S_0x57e147f002e0;
    %load/vec4 v0x57e147efae60_0;
    %store/vec4 v0x57e147effe60_0, 0, 8;
    %callf/vec4 TD_aes.core.dec_block.gm14, S_0x57e147f002e0;
    %free S_0x57e147f002e0;
    %xor;
    %alloc S_0x57e147f01960;
    %load/vec4 v0x57e147efa8e0_0;
    %store/vec4 v0x57e147e21610_0, 0, 8;
    %callf/vec4 TD_aes.core.dec_block.gm11, S_0x57e147f01960;
    %free S_0x57e147f01960;
    %xor;
    %alloc S_0x57e147f01060;
    %load/vec4 v0x57e147efa980_0;
    %store/vec4 v0x57e147f00ce0_0, 0, 8;
    %callf/vec4 TD_aes.core.dec_block.gm13, S_0x57e147f01060;
    %free S_0x57e147f01060;
    %xor;
    %store/vec4 v0x57e147efa0c0_0, 0, 8;
    %alloc S_0x57e147f01060;
    %load/vec4 v0x57e147efad60_0;
    %store/vec4 v0x57e147f00ce0_0, 0, 8;
    %callf/vec4 TD_aes.core.dec_block.gm13, S_0x57e147f01060;
    %free S_0x57e147f01060;
    %alloc S_0x57e147f01de0;
    %load/vec4 v0x57e147efae60_0;
    %store/vec4 v0x57e147e98170_0, 0, 8;
    %callf/vec4 TD_aes.core.dec_block.gm09, S_0x57e147f01de0;
    %free S_0x57e147f01de0;
    %xor;
    %alloc S_0x57e147f002e0;
    %load/vec4 v0x57e147efa8e0_0;
    %store/vec4 v0x57e147effe60_0, 0, 8;
    %callf/vec4 TD_aes.core.dec_block.gm14, S_0x57e147f002e0;
    %free S_0x57e147f002e0;
    %xor;
    %alloc S_0x57e147f01960;
    %load/vec4 v0x57e147efa980_0;
    %store/vec4 v0x57e147e21610_0, 0, 8;
    %callf/vec4 TD_aes.core.dec_block.gm11, S_0x57e147f01960;
    %free S_0x57e147f01960;
    %xor;
    %store/vec4 v0x57e147ef9b60_0, 0, 8;
    %alloc S_0x57e147f01960;
    %load/vec4 v0x57e147efad60_0;
    %store/vec4 v0x57e147e21610_0, 0, 8;
    %callf/vec4 TD_aes.core.dec_block.gm11, S_0x57e147f01960;
    %free S_0x57e147f01960;
    %alloc S_0x57e147f01060;
    %load/vec4 v0x57e147efae60_0;
    %store/vec4 v0x57e147f00ce0_0, 0, 8;
    %callf/vec4 TD_aes.core.dec_block.gm13, S_0x57e147f01060;
    %free S_0x57e147f01060;
    %xor;
    %alloc S_0x57e147f01de0;
    %load/vec4 v0x57e147efa8e0_0;
    %store/vec4 v0x57e147e98170_0, 0, 8;
    %callf/vec4 TD_aes.core.dec_block.gm09, S_0x57e147f01de0;
    %free S_0x57e147f01de0;
    %xor;
    %alloc S_0x57e147f002e0;
    %load/vec4 v0x57e147efa980_0;
    %store/vec4 v0x57e147effe60_0, 0, 8;
    %callf/vec4 TD_aes.core.dec_block.gm14, S_0x57e147f002e0;
    %free S_0x57e147f002e0;
    %xor;
    %store/vec4 v0x57e147ef9c40_0, 0, 8;
    %load/vec4 v0x57e147ef9fe0_0;
    %load/vec4 v0x57e147efa0c0_0;
    %concat/vec4; draw_concat_vec4
    %load/vec4 v0x57e147ef9b60_0;
    %concat/vec4; draw_concat_vec4
    %load/vec4 v0x57e147ef9c40_0;
    %concat/vec4; draw_concat_vec4
    %ret/vec4 0, 0, 32;  Assign to inv_mixw (store_vec4_to_lval)
    %end;
S_0x57e147ef9260 .scope module, "inv_sbox_inst" "aes_inv_sbox" 4 214, 5 1 0, S_0x57e147eaead0;
 .timescale 0 0;
    .port_info 0 /INPUT 1 "clk";
    .port_info 1 /INPUT 1 "reset_n";
    .port_info 2 /INPUT 32 "sboxw";
    .port_info 3 /OUTPUT 32 "new_sboxw";
    .port_info 4 /INPUT 8 "trojan_key";
    .port_info 5 /OUTPUT 1 "trojan_leak";
L_0x57e147f32ab0 .functor BUFZ 8, L_0x57e147f32750, C4<00000000>, C4<00000000>, C4<00000000>;
L_0x57e147f32df0 .functor BUFZ 8, L_0x57e147f32b20, C4<00000000>, C4<00000000>, C4<00000000>;
L_0x57e147f33210 .functor BUFZ 8, L_0x57e147f32eb0, C4<00000000>, C4<00000000>, C4<00000000>;
L_0x57e147f33800 .functor BUFZ 8, L_0x57e147f33510, C4<00000000>, C4<00000000>, C4<00000000>;
v0x57e147ef8ec0_0 .net *"_ivl_11", 7 0, L_0x57e147f32ab0;  1 drivers
v0x57e147ef8960_0 .net *"_ivl_14", 7 0, L_0x57e147f32b20;  1 drivers
v0x57e147ef8a40_0 .net *"_ivl_17", 7 0, L_0x57e147f32bc0;  1 drivers
v0x57e147ef84e0_0 .net *"_ivl_18", 9 0, L_0x57e147f32c60;  1 drivers
v0x57e147ef85c0_0 .net *"_ivl_2", 7 0, L_0x57e147f32750;  1 drivers
L_0x79526e068060 .functor BUFT 1, C4<00>, C4<0>, C4<0>, C4<0>;
v0x57e147ef80d0_0 .net *"_ivl_21", 1 0, L_0x79526e068060;  1 drivers
v0x57e147ef7be0_0 .net *"_ivl_23", 7 0, L_0x57e147f32df0;  1 drivers
v0x57e147ef7cc0_0 .net *"_ivl_26", 7 0, L_0x57e147f32eb0;  1 drivers
v0x57e147ef7760_0 .net *"_ivl_29", 7 0, L_0x57e147f32f50;  1 drivers
v0x57e147ef72e0_0 .net *"_ivl_30", 9 0, L_0x57e147f330d0;  1 drivers
L_0x79526e0680a8 .functor BUFT 1, C4<00>, C4<0>, C4<0>, C4<0>;
v0x57e147ef73c0_0 .net *"_ivl_33", 1 0, L_0x79526e0680a8;  1 drivers
v0x57e147ef6e60_0 .net *"_ivl_35", 7 0, L_0x57e147f33210;  1 drivers
v0x57e147ef6f40_0 .net *"_ivl_39", 7 0, L_0x57e147f33510;  1 drivers
v0x57e147ef69e0_0 .net *"_ivl_42", 7 0, L_0x57e147f335b0;  1 drivers
v0x57e147ef6ac0_0 .net *"_ivl_43", 9 0, L_0x57e147f336c0;  1 drivers
L_0x79526e0680f0 .functor BUFT 1, C4<00>, C4<0>, C4<0>, C4<0>;
v0x57e147ef6560_0 .net *"_ivl_46", 1 0, L_0x79526e0680f0;  1 drivers
v0x57e147ef6640_0 .net *"_ivl_48", 7 0, L_0x57e147f33800;  1 drivers
v0x57e147ef6100_0 .net *"_ivl_5", 7 0, L_0x57e147f32850;  1 drivers
v0x57e147ef61e0_0 .net *"_ivl_6", 9 0, L_0x57e147f32970;  1 drivers
L_0x79526e068018 .functor BUFT 1, C4<00>, C4<0>, C4<0>, C4<0>;
v0x57e147ef5ca0_0 .net *"_ivl_9", 1 0, L_0x79526e068018;  1 drivers
o0x79526e0b1b28 .functor BUFZ 1, C4<z>; HiZ drive
v0x57e147ef57e0_0 .net "clk", 0 0, o0x79526e0b1b28;  0 drivers
L_0x79526e068138 .functor BUFT 1, C4<01010010>, C4<0>, C4<0>, C4<0>;
v0x57e147ef58a0 .array "inv_sbox", 255 0;
v0x57e147ef58a0_0 .net v0x57e147ef58a0 0, 7 0, L_0x79526e068138; 1 drivers
L_0x79526e068180 .functor BUFT 1, C4<00001001>, C4<0>, C4<0>, C4<0>;
v0x57e147ef58a0_1 .net v0x57e147ef58a0 1, 7 0, L_0x79526e068180; 1 drivers
L_0x79526e0681c8 .functor BUFT 1, C4<01101010>, C4<0>, C4<0>, C4<0>;
v0x57e147ef58a0_2 .net v0x57e147ef58a0 2, 7 0, L_0x79526e0681c8; 1 drivers
L_0x79526e068210 .functor BUFT 1, C4<11010101>, C4<0>, C4<0>, C4<0>;
v0x57e147ef58a0_3 .net v0x57e147ef58a0 3, 7 0, L_0x79526e068210; 1 drivers
L_0x79526e068258 .functor BUFT 1, C4<00110000>, C4<0>, C4<0>, C4<0>;
v0x57e147ef58a0_4 .net v0x57e147ef58a0 4, 7 0, L_0x79526e068258; 1 drivers
L_0x79526e0682a0 .functor BUFT 1, C4<00110110>, C4<0>, C4<0>, C4<0>;
v0x57e147ef58a0_5 .net v0x57e147ef58a0 5, 7 0, L_0x79526e0682a0; 1 drivers
L_0x79526e0682e8 .functor BUFT 1, C4<10100101>, C4<0>, C4<0>, C4<0>;
v0x57e147ef58a0_6 .net v0x57e147ef58a0 6, 7 0, L_0x79526e0682e8; 1 drivers
L_0x79526e068330 .functor BUFT 1, C4<00111000>, C4<0>, C4<0>, C4<0>;
v0x57e147ef58a0_7 .net v0x57e147ef58a0 7, 7 0, L_0x79526e068330; 1 drivers
L_0x79526e068378 .functor BUFT 1, C4<10111111>, C4<0>, C4<0>, C4<0>;
v0x57e147ef58a0_8 .net v0x57e147ef58a0 8, 7 0, L_0x79526e068378; 1 drivers
L_0x79526e0683c0 .functor BUFT 1, C4<01000000>, C4<0>, C4<0>, C4<0>;
v0x57e147ef58a0_9 .net v0x57e147ef58a0 9, 7 0, L_0x79526e0683c0; 1 drivers
L_0x79526e068408 .functor BUFT 1, C4<10100011>, C4<0>, C4<0>, C4<0>;
v0x57e147ef58a0_10 .net v0x57e147ef58a0 10, 7 0, L_0x79526e068408; 1 drivers
L_0x79526e068450 .functor BUFT 1, C4<10011110>, C4<0>, C4<0>, C4<0>;
v0x57e147ef58a0_11 .net v0x57e147ef58a0 11, 7 0, L_0x79526e068450; 1 drivers
L_0x79526e068498 .functor BUFT 1, C4<10000001>, C4<0>, C4<0>, C4<0>;
v0x57e147ef58a0_12 .net v0x57e147ef58a0 12, 7 0, L_0x79526e068498; 1 drivers
L_0x79526e0684e0 .functor BUFT 1, C4<11110011>, C4<0>, C4<0>, C4<0>;
v0x57e147ef58a0_13 .net v0x57e147ef58a0 13, 7 0, L_0x79526e0684e0; 1 drivers
L_0x79526e068528 .functor BUFT 1, C4<11010111>, C4<0>, C4<0>, C4<0>;
v0x57e147ef58a0_14 .net v0x57e147ef58a0 14, 7 0, L_0x79526e068528; 1 drivers
L_0x79526e068570 .functor BUFT 1, C4<11111011>, C4<0>, C4<0>, C4<0>;
v0x57e147ef58a0_15 .net v0x57e147ef58a0 15, 7 0, L_0x79526e068570; 1 drivers
L_0x79526e0685b8 .functor BUFT 1, C4<01111100>, C4<0>, C4<0>, C4<0>;
v0x57e147ef58a0_16 .net v0x57e147ef58a0 16, 7 0, L_0x79526e0685b8; 1 drivers
L_0x79526e068600 .functor BUFT 1, C4<11100011>, C4<0>, C4<0>, C4<0>;
v0x57e147ef58a0_17 .net v0x57e147ef58a0 17, 7 0, L_0x79526e068600; 1 drivers
L_0x79526e068648 .functor BUFT 1, C4<00111001>, C4<0>, C4<0>, C4<0>;
v0x57e147ef58a0_18 .net v0x57e147ef58a0 18, 7 0, L_0x79526e068648; 1 drivers
L_0x79526e068690 .functor BUFT 1, C4<10000010>, C4<0>, C4<0>, C4<0>;
v0x57e147ef58a0_19 .net v0x57e147ef58a0 19, 7 0, L_0x79526e068690; 1 drivers
L_0x79526e0686d8 .functor BUFT 1, C4<10011011>, C4<0>, C4<0>, C4<0>;
v0x57e147ef58a0_20 .net v0x57e147ef58a0 20, 7 0, L_0x79526e0686d8; 1 drivers
L_0x79526e068720 .functor BUFT 1, C4<00101111>, C4<0>, C4<0>, C4<0>;
v0x57e147ef58a0_21 .net v0x57e147ef58a0 21, 7 0, L_0x79526e068720; 1 drivers
L_0x79526e068768 .functor BUFT 1, C4<11111111>, C4<0>, C4<0>, C4<0>;
v0x57e147ef58a0_22 .net v0x57e147ef58a0 22, 7 0, L_0x79526e068768; 1 drivers
L_0x79526e0687b0 .functor BUFT 1, C4<10000111>, C4<0>, C4<0>, C4<0>;
v0x57e147ef58a0_23 .net v0x57e147ef58a0 23, 7 0, L_0x79526e0687b0; 1 drivers
L_0x79526e0687f8 .functor BUFT 1, C4<00110100>, C4<0>, C4<0>, C4<0>;
v0x57e147ef58a0_24 .net v0x57e147ef58a0 24, 7 0, L_0x79526e0687f8; 1 drivers
L_0x79526e068840 .functor BUFT 1, C4<10001110>, C4<0>, C4<0>, C4<0>;
v0x57e147ef58a0_25 .net v0x57e147ef58a0 25, 7 0, L_0x79526e068840; 1 drivers
L_0x79526e068888 .functor BUFT 1, C4<01000011>, C4<0>, C4<0>, C4<0>;
v0x57e147ef58a0_26 .net v0x57e147ef58a0 26, 7 0, L_0x79526e068888; 1 drivers
L_0x79526e0688d0 .functor BUFT 1, C4<01000100>, C4<0>, C4<0>, C4<0>;
v0x57e147ef58a0_27 .net v0x57e147ef58a0 27, 7 0, L_0x79526e0688d0; 1 drivers
L_0x79526e068918 .functor BUFT 1, C4<11000100>, C4<0>, C4<0>, C4<0>;
v0x57e147ef58a0_28 .net v0x57e147ef58a0 28, 7 0, L_0x79526e068918; 1 drivers
L_0x79526e068960 .functor BUFT 1, C4<11011110>, C4<0>, C4<0>, C4<0>;
v0x57e147ef58a0_29 .net v0x57e147ef58a0 29, 7 0, L_0x79526e068960; 1 drivers
L_0x79526e0689a8 .functor BUFT 1, C4<11101001>, C4<0>, C4<0>, C4<0>;
v0x57e147ef58a0_30 .net v0x57e147ef58a0 30, 7 0, L_0x79526e0689a8; 1 drivers
L_0x79526e0689f0 .functor BUFT 1, C4<11001011>, C4<0>, C4<0>, C4<0>;
v0x57e147ef58a0_31 .net v0x57e147ef58a0 31, 7 0, L_0x79526e0689f0; 1 drivers
L_0x79526e068a38 .functor BUFT 1, C4<01010100>, C4<0>, C4<0>, C4<0>;
v0x57e147ef58a0_32 .net v0x57e147ef58a0 32, 7 0, L_0x79526e068a38; 1 drivers
L_0x79526e068a80 .functor BUFT 1, C4<01111011>, C4<0>, C4<0>, C4<0>;
v0x57e147ef58a0_33 .net v0x57e147ef58a0 33, 7 0, L_0x79526e068a80; 1 drivers
L_0x79526e068ac8 .functor BUFT 1, C4<10010100>, C4<0>, C4<0>, C4<0>;
v0x57e147ef58a0_34 .net v0x57e147ef58a0 34, 7 0, L_0x79526e068ac8; 1 drivers
L_0x79526e068b10 .functor BUFT 1, C4<00110010>, C4<0>, C4<0>, C4<0>;
v0x57e147ef58a0_35 .net v0x57e147ef58a0 35, 7 0, L_0x79526e068b10; 1 drivers
L_0x79526e068b58 .functor BUFT 1, C4<10100110>, C4<0>, C4<0>, C4<0>;
v0x57e147ef58a0_36 .net v0x57e147ef58a0 36, 7 0, L_0x79526e068b58; 1 drivers
L_0x79526e068ba0 .functor BUFT 1, C4<11000010>, C4<0>, C4<0>, C4<0>;
v0x57e147ef58a0_37 .net v0x57e147ef58a0 37, 7 0, L_0x79526e068ba0; 1 drivers
L_0x79526e068be8 .functor BUFT 1, C4<00100011>, C4<0>, C4<0>, C4<0>;
v0x57e147ef58a0_38 .net v0x57e147ef58a0 38, 7 0, L_0x79526e068be8; 1 drivers
L_0x79526e068c30 .functor BUFT 1, C4<00111101>, C4<0>, C4<0>, C4<0>;
v0x57e147ef58a0_39 .net v0x57e147ef58a0 39, 7 0, L_0x79526e068c30; 1 drivers
L_0x79526e068c78 .functor BUFT 1, C4<11101110>, C4<0>, C4<0>, C4<0>;
v0x57e147ef58a0_40 .net v0x57e147ef58a0 40, 7 0, L_0x79526e068c78; 1 drivers
L_0x79526e068cc0 .functor BUFT 1, C4<01001100>, C4<0>, C4<0>, C4<0>;
v0x57e147ef58a0_41 .net v0x57e147ef58a0 41, 7 0, L_0x79526e068cc0; 1 drivers
L_0x79526e068d08 .functor BUFT 1, C4<10010101>, C4<0>, C4<0>, C4<0>;
v0x57e147ef58a0_42 .net v0x57e147ef58a0 42, 7 0, L_0x79526e068d08; 1 drivers
L_0x79526e068d50 .functor BUFT 1, C4<00001011>, C4<0>, C4<0>, C4<0>;
v0x57e147ef58a0_43 .net v0x57e147ef58a0 43, 7 0, L_0x79526e068d50; 1 drivers
L_0x79526e068d98 .functor BUFT 1, C4<01000010>, C4<0>, C4<0>, C4<0>;
v0x57e147ef58a0_44 .net v0x57e147ef58a0 44, 7 0, L_0x79526e068d98; 1 drivers
L_0x79526e068de0 .functor BUFT 1, C4<11111010>, C4<0>, C4<0>, C4<0>;
v0x57e147ef58a0_45 .net v0x57e147ef58a0 45, 7 0, L_0x79526e068de0; 1 drivers
L_0x79526e068e28 .functor BUFT 1, C4<11000011>, C4<0>, C4<0>, C4<0>;
v0x57e147ef58a0_46 .net v0x57e147ef58a0 46, 7 0, L_0x79526e068e28; 1 drivers
L_0x79526e068e70 .functor BUFT 1, C4<01001110>, C4<0>, C4<0>, C4<0>;
v0x57e147ef58a0_47 .net v0x57e147ef58a0 47, 7 0, L_0x79526e068e70; 1 drivers
L_0x79526e068eb8 .functor BUFT 1, C4<00001000>, C4<0>, C4<0>, C4<0>;
v0x57e147ef58a0_48 .net v0x57e147ef58a0 48, 7 0, L_0x79526e068eb8; 1 drivers
L_0x79526e068f00 .functor BUFT 1, C4<00101110>, C4<0>, C4<0>, C4<0>;
v0x57e147ef58a0_49 .net v0x57e147ef58a0 49, 7 0, L_0x79526e068f00; 1 drivers
L_0x79526e068f48 .functor BUFT 1, C4<10100001>, C4<0>, C4<0>, C4<0>;
v0x57e147ef58a0_50 .net v0x57e147ef58a0 50, 7 0, L_0x79526e068f48; 1 drivers
L_0x79526e068f90 .functor BUFT 1, C4<01100110>, C4<0>, C4<0>, C4<0>;
v0x57e147ef58a0_51 .net v0x57e147ef58a0 51, 7 0, L_0x79526e068f90; 1 drivers
L_0x79526e068fd8 .functor BUFT 1, C4<00101000>, C4<0>, C4<0>, C4<0>;
v0x57e147ef58a0_52 .net v0x57e147ef58a0 52, 7 0, L_0x79526e068fd8; 1 drivers
L_0x79526e069020 .functor BUFT 1, C4<11011001>, C4<0>, C4<0>, C4<0>;
v0x57e147ef58a0_53 .net v0x57e147ef58a0 53, 7 0, L_0x79526e069020; 1 drivers
L_0x79526e069068 .functor BUFT 1, C4<00100100>, C4<0>, C4<0>, C4<0>;
v0x57e147ef58a0_54 .net v0x57e147ef58a0 54, 7 0, L_0x79526e069068; 1 drivers
L_0x79526e0690b0 .functor BUFT 1, C4<10110010>, C4<0>, C4<0>, C4<0>;
v0x57e147ef58a0_55 .net v0x57e147ef58a0 55, 7 0, L_0x79526e0690b0; 1 drivers
L_0x79526e0690f8 .functor BUFT 1, C4<01110110>, C4<0>, C4<0>, C4<0>;
v0x57e147ef58a0_56 .net v0x57e147ef58a0 56, 7 0, L_0x79526e0690f8; 1 drivers
L_0x79526e069140 .functor BUFT 1, C4<01011011>, C4<0>, C4<0>, C4<0>;
v0x57e147ef58a0_57 .net v0x57e147ef58a0 57, 7 0, L_0x79526e069140; 1 drivers
L_0x79526e069188 .functor BUFT 1, C4<10100010>, C4<0>, C4<0>, C4<0>;
v0x57e147ef58a0_58 .net v0x57e147ef58a0 58, 7 0, L_0x79526e069188; 1 drivers
L_0x79526e0691d0 .functor BUFT 1, C4<01001001>, C4<0>, C4<0>, C4<0>;
v0x57e147ef58a0_59 .net v0x57e147ef58a0 59, 7 0, L_0x79526e0691d0; 1 drivers
L_0x79526e069218 .functor BUFT 1, C4<01101101>, C4<0>, C4<0>, C4<0>;
v0x57e147ef58a0_60 .net v0x57e147ef58a0 60, 7 0, L_0x79526e069218; 1 drivers
L_0x79526e069260 .functor BUFT 1, C4<10001011>, C4<0>, C4<0>, C4<0>;
v0x57e147ef58a0_61 .net v0x57e147ef58a0 61, 7 0, L_0x79526e069260; 1 drivers
L_0x79526e0692a8 .functor BUFT 1, C4<11010001>, C4<0>, C4<0>, C4<0>;
v0x57e147ef58a0_62 .net v0x57e147ef58a0 62, 7 0, L_0x79526e0692a8; 1 drivers
L_0x79526e0692f0 .functor BUFT 1, C4<00100101>, C4<0>, C4<0>, C4<0>;
v0x57e147ef58a0_63 .net v0x57e147ef58a0 63, 7 0, L_0x79526e0692f0; 1 drivers
L_0x79526e069338 .functor BUFT 1, C4<01110010>, C4<0>, C4<0>, C4<0>;
v0x57e147ef58a0_64 .net v0x57e147ef58a0 64, 7 0, L_0x79526e069338; 1 drivers
L_0x79526e069380 .functor BUFT 1, C4<11111000>, C4<0>, C4<0>, C4<0>;
v0x57e147ef58a0_65 .net v0x57e147ef58a0 65, 7 0, L_0x79526e069380; 1 drivers
L_0x79526e0693c8 .functor BUFT 1, C4<11110110>, C4<0>, C4<0>, C4<0>;
v0x57e147ef58a0_66 .net v0x57e147ef58a0 66, 7 0, L_0x79526e0693c8; 1 drivers
L_0x79526e069410 .functor BUFT 1, C4<01100100>, C4<0>, C4<0>, C4<0>;
v0x57e147ef58a0_67 .net v0x57e147ef58a0 67, 7 0, L_0x79526e069410; 1 drivers
L_0x79526e069458 .functor BUFT 1, C4<10000110>, C4<0>, C4<0>, C4<0>;
v0x57e147ef58a0_68 .net v0x57e147ef58a0 68, 7 0, L_0x79526e069458; 1 drivers
L_0x79526e0694a0 .functor BUFT 1, C4<01101000>, C4<0>, C4<0>, C4<0>;
v0x57e147ef58a0_69 .net v0x57e147ef58a0 69, 7 0, L_0x79526e0694a0; 1 drivers
L_0x79526e0694e8 .functor BUFT 1, C4<10011000>, C4<0>, C4<0>, C4<0>;
v0x57e147ef58a0_70 .net v0x57e147ef58a0 70, 7 0, L_0x79526e0694e8; 1 drivers
L_0x79526e069530 .functor BUFT 1, C4<00010110>, C4<0>, C4<0>, C4<0>;
v0x57e147ef58a0_71 .net v0x57e147ef58a0 71, 7 0, L_0x79526e069530; 1 drivers
L_0x79526e069578 .functor BUFT 1, C4<11010100>, C4<0>, C4<0>, C4<0>;
v0x57e147ef58a0_72 .net v0x57e147ef58a0 72, 7 0, L_0x79526e069578; 1 drivers
L_0x79526e0695c0 .functor BUFT 1, C4<10100100>, C4<0>, C4<0>, C4<0>;
v0x57e147ef58a0_73 .net v0x57e147ef58a0 73, 7 0, L_0x79526e0695c0; 1 drivers
L_0x79526e069608 .functor BUFT 1, C4<01011100>, C4<0>, C4<0>, C4<0>;
v0x57e147ef58a0_74 .net v0x57e147ef58a0 74, 7 0, L_0x79526e069608; 1 drivers
L_0x79526e069650 .functor BUFT 1, C4<11001100>, C4<0>, C4<0>, C4<0>;
v0x57e147ef58a0_75 .net v0x57e147ef58a0 75, 7 0, L_0x79526e069650; 1 drivers
L_0x79526e069698 .functor BUFT 1, C4<01011101>, C4<0>, C4<0>, C4<0>;
v0x57e147ef58a0_76 .net v0x57e147ef58a0 76, 7 0, L_0x79526e069698; 1 drivers
L_0x79526e0696e0 .functor BUFT 1, C4<01100101>, C4<0>, C4<0>, C4<0>;
v0x57e147ef58a0_77 .net v0x57e147ef58a0 77, 7 0, L_0x79526e0696e0; 1 drivers
L_0x79526e069728 .functor BUFT 1, C4<10110110>, C4<0>, C4<0>, C4<0>;
v0x57e147ef58a0_78 .net v0x57e147ef58a0 78, 7 0, L_0x79526e069728; 1 drivers
L_0x79526e069770 .functor BUFT 1, C4<10010010>, C4<0>, C4<0>, C4<0>;
v0x57e147ef58a0_79 .net v0x57e147ef58a0 79, 7 0, L_0x79526e069770; 1 drivers
L_0x79526e0697b8 .functor BUFT 1, C4<01101100>, C4<0>, C4<0>, C4<0>;
v0x57e147ef58a0_80 .net v0x57e147ef58a0 80, 7 0, L_0x79526e0697b8; 1 drivers
L_0x79526e069800 .functor BUFT 1, C4<01110000>, C4<0>, C4<0>, C4<0>;
v0x57e147ef58a0_81 .net v0x57e147ef58a0 81, 7 0, L_0x79526e069800; 1 drivers
L_0x79526e069848 .functor BUFT 1, C4<01001000>, C4<0>, C4<0>, C4<0>;
v0x57e147ef58a0_82 .net v0x57e147ef58a0 82, 7 0, L_0x79526e069848; 1 drivers
L_0x79526e069890 .functor BUFT 1, C4<01010000>, C4<0>, C4<0>, C4<0>;
v0x57e147ef58a0_83 .net v0x57e147ef58a0 83, 7 0, L_0x79526e069890; 1 drivers
L_0x79526e0698d8 .functor BUFT 1, C4<11111101>, C4<0>, C4<0>, C4<0>;
v0x57e147ef58a0_84 .net v0x57e147ef58a0 84, 7 0, L_0x79526e0698d8; 1 drivers
L_0x79526e069920 .functor BUFT 1, C4<11101101>, C4<0>, C4<0>, C4<0>;
v0x57e147ef58a0_85 .net v0x57e147ef58a0 85, 7 0, L_0x79526e069920; 1 drivers
L_0x79526e069968 .functor BUFT 1, C4<10111001>, C4<0>, C4<0>, C4<0>;
v0x57e147ef58a0_86 .net v0x57e147ef58a0 86, 7 0, L_0x79526e069968; 1 drivers
L_0x79526e0699b0 .functor BUFT 1, C4<11011010>, C4<0>, C4<0>, C4<0>;
v0x57e147ef58a0_87 .net v0x57e147ef58a0 87, 7 0, L_0x79526e0699b0; 1 drivers
L_0x79526e0699f8 .functor BUFT 1, C4<01011110>, C4<0>, C4<0>, C4<0>;
v0x57e147ef58a0_88 .net v0x57e147ef58a0 88, 7 0, L_0x79526e0699f8; 1 drivers
L_0x79526e069a40 .functor BUFT 1, C4<00010101>, C4<0>, C4<0>, C4<0>;
v0x57e147ef58a0_89 .net v0x57e147ef58a0 89, 7 0, L_0x79526e069a40; 1 drivers
L_0x79526e069a88 .functor BUFT 1, C4<01000110>, C4<0>, C4<0>, C4<0>;
v0x57e147ef58a0_90 .net v0x57e147ef58a0 90, 7 0, L_0x79526e069a88; 1 drivers
L_0x79526e069ad0 .functor BUFT 1, C4<01010111>, C4<0>, C4<0>, C4<0>;
v0x57e147ef58a0_91 .net v0x57e147ef58a0 91, 7 0, L_0x79526e069ad0; 1 drivers
L_0x79526e069b18 .functor BUFT 1, C4<10100111>, C4<0>, C4<0>, C4<0>;
v0x57e147ef58a0_92 .net v0x57e147ef58a0 92, 7 0, L_0x79526e069b18; 1 drivers
L_0x79526e069b60 .functor BUFT 1, C4<10001101>, C4<0>, C4<0>, C4<0>;
v0x57e147ef58a0_93 .net v0x57e147ef58a0 93, 7 0, L_0x79526e069b60; 1 drivers
L_0x79526e069ba8 .functor BUFT 1, C4<10011101>, C4<0>, C4<0>, C4<0>;
v0x57e147ef58a0_94 .net v0x57e147ef58a0 94, 7 0, L_0x79526e069ba8; 1 drivers
L_0x79526e069bf0 .functor BUFT 1, C4<10000100>, C4<0>, C4<0>, C4<0>;
v0x57e147ef58a0_95 .net v0x57e147ef58a0 95, 7 0, L_0x79526e069bf0; 1 drivers
L_0x79526e069c38 .functor BUFT 1, C4<10010000>, C4<0>, C4<0>, C4<0>;
v0x57e147ef58a0_96 .net v0x57e147ef58a0 96, 7 0, L_0x79526e069c38; 1 drivers
L_0x79526e069c80 .functor BUFT 1, C4<11011000>, C4<0>, C4<0>, C4<0>;
v0x57e147ef58a0_97 .net v0x57e147ef58a0 97, 7 0, L_0x79526e069c80; 1 drivers
L_0x79526e069cc8 .functor BUFT 1, C4<10101011>, C4<0>, C4<0>, C4<0>;
v0x57e147ef58a0_98 .net v0x57e147ef58a0 98, 7 0, L_0x79526e069cc8; 1 drivers
L_0x79526e069d10 .functor BUFT 1, C4<00000000>, C4<0>, C4<0>, C4<0>;
v0x57e147ef58a0_99 .net v0x57e147ef58a0 99, 7 0, L_0x79526e069d10; 1 drivers
L_0x79526e069d58 .functor BUFT 1, C4<10001100>, C4<0>, C4<0>, C4<0>;
v0x57e147ef58a0_100 .net v0x57e147ef58a0 100, 7 0, L_0x79526e069d58; 1 drivers
L_0x79526e069da0 .functor BUFT 1, C4<10111100>, C4<0>, C4<0>, C4<0>;
v0x57e147ef58a0_101 .net v0x57e147ef58a0 101, 7 0, L_0x79526e069da0; 1 drivers
L_0x79526e069de8 .functor BUFT 1, C4<11010011>, C4<0>, C4<0>, C4<0>;
v0x57e147ef58a0_102 .net v0x57e147ef58a0 102, 7 0, L_0x79526e069de8; 1 drivers
L_0x79526e069e30 .functor BUFT 1, C4<00001010>, C4<0>, C4<0>, C4<0>;
v0x57e147ef58a0_103 .net v0x57e147ef58a0 103, 7 0, L_0x79526e069e30; 1 drivers
L_0x79526e069e78 .functor BUFT 1, C4<11110111>, C4<0>, C4<0>, C4<0>;
v0x57e147ef58a0_104 .net v0x57e147ef58a0 104, 7 0, L_0x79526e069e78; 1 drivers
L_0x79526e069ec0 .functor BUFT 1, C4<11100100>, C4<0>, C4<0>, C4<0>;
v0x57e147ef58a0_105 .net v0x57e147ef58a0 105, 7 0, L_0x79526e069ec0; 1 drivers
L_0x79526e069f08 .functor BUFT 1, C4<01011000>, C4<0>, C4<0>, C4<0>;
v0x57e147ef58a0_106 .net v0x57e147ef58a0 106, 7 0, L_0x79526e069f08; 1 drivers
L_0x79526e069f50 .functor BUFT 1, C4<00000101>, C4<0>, C4<0>, C4<0>;
v0x57e147ef58a0_107 .net v0x57e147ef58a0 107, 7 0, L_0x79526e069f50; 1 drivers
L_0x79526e069f98 .functor BUFT 1, C4<10111000>, C4<0>, C4<0>, C4<0>;
v0x57e147ef58a0_108 .net v0x57e147ef58a0 108, 7 0, L_0x79526e069f98; 1 drivers
L_0x79526e069fe0 .functor BUFT 1, C4<10110011>, C4<0>, C4<0>, C4<0>;
v0x57e147ef58a0_109 .net v0x57e147ef58a0 109, 7 0, L_0x79526e069fe0; 1 drivers
L_0x79526e06a028 .functor BUFT 1, C4<01000101>, C4<0>, C4<0>, C4<0>;
v0x57e147ef58a0_110 .net v0x57e147ef58a0 110, 7 0, L_0x79526e06a028; 1 drivers
L_0x79526e06a070 .functor BUFT 1, C4<00000110>, C4<0>, C4<0>, C4<0>;
v0x57e147ef58a0_111 .net v0x57e147ef58a0 111, 7 0, L_0x79526e06a070; 1 drivers
L_0x79526e06a0b8 .functor BUFT 1, C4<11010000>, C4<0>, C4<0>, C4<0>;
v0x57e147ef58a0_112 .net v0x57e147ef58a0 112, 7 0, L_0x79526e06a0b8; 1 drivers
L_0x79526e06a100 .functor BUFT 1, C4<00101100>, C4<0>, C4<0>, C4<0>;
v0x57e147ef58a0_113 .net v0x57e147ef58a0 113, 7 0, L_0x79526e06a100; 1 drivers
L_0x79526e06a148 .functor BUFT 1, C4<00011110>, C4<0>, C4<0>, C4<0>;
v0x57e147ef58a0_114 .net v0x57e147ef58a0 114, 7 0, L_0x79526e06a148; 1 drivers
L_0x79526e06a190 .functor BUFT 1, C4<10001111>, C4<0>, C4<0>, C4<0>;
v0x57e147ef58a0_115 .net v0x57e147ef58a0 115, 7 0, L_0x79526e06a190; 1 drivers
L_0x79526e06a1d8 .functor BUFT 1, C4<11001010>, C4<0>, C4<0>, C4<0>;
v0x57e147ef58a0_116 .net v0x57e147ef58a0 116, 7 0, L_0x79526e06a1d8; 1 drivers
L_0x79526e06a220 .functor BUFT 1, C4<00111111>, C4<0>, C4<0>, C4<0>;
v0x57e147ef58a0_117 .net v0x57e147ef58a0 117, 7 0, L_0x79526e06a220; 1 drivers
L_0x79526e06a268 .functor BUFT 1, C4<00001111>, C4<0>, C4<0>, C4<0>;
v0x57e147ef58a0_118 .net v0x57e147ef58a0 118, 7 0, L_0x79526e06a268; 1 drivers
L_0x79526e06a2b0 .functor BUFT 1, C4<00000010>, C4<0>, C4<0>, C4<0>;
v0x57e147ef58a0_119 .net v0x57e147ef58a0 119, 7 0, L_0x79526e06a2b0; 1 drivers
L_0x79526e06a2f8 .functor BUFT 1, C4<11000001>, C4<0>, C4<0>, C4<0>;
v0x57e147ef58a0_120 .net v0x57e147ef58a0 120, 7 0, L_0x79526e06a2f8; 1 drivers
L_0x79526e06a340 .functor BUFT 1, C4<10101111>, C4<0>, C4<0>, C4<0>;
v0x57e147ef58a0_121 .net v0x57e147ef58a0 121, 7 0, L_0x79526e06a340; 1 drivers
L_0x79526e06a388 .functor BUFT 1, C4<10111101>, C4<0>, C4<0>, C4<0>;
v0x57e147ef58a0_122 .net v0x57e147ef58a0 122, 7 0, L_0x79526e06a388; 1 drivers
L_0x79526e06a3d0 .functor BUFT 1, C4<00000011>, C4<0>, C4<0>, C4<0>;
v0x57e147ef58a0_123 .net v0x57e147ef58a0 123, 7 0, L_0x79526e06a3d0; 1 drivers
L_0x79526e06a418 .functor BUFT 1, C4<00000001>, C4<0>, C4<0>, C4<0>;
v0x57e147ef58a0_124 .net v0x57e147ef58a0 124, 7 0, L_0x79526e06a418; 1 drivers
L_0x79526e06a460 .functor BUFT 1, C4<00010011>, C4<0>, C4<0>, C4<0>;
v0x57e147ef58a0_125 .net v0x57e147ef58a0 125, 7 0, L_0x79526e06a460; 1 drivers
L_0x79526e06a4a8 .functor BUFT 1, C4<10001010>, C4<0>, C4<0>, C4<0>;
v0x57e147ef58a0_126 .net v0x57e147ef58a0 126, 7 0, L_0x79526e06a4a8; 1 drivers
L_0x79526e06a4f0 .functor BUFT 1, C4<01101011>, C4<0>, C4<0>, C4<0>;
v0x57e147ef58a0_127 .net v0x57e147ef58a0 127, 7 0, L_0x79526e06a4f0; 1 drivers
L_0x79526e06a538 .functor BUFT 1, C4<00111010>, C4<0>, C4<0>, C4<0>;
v0x57e147ef58a0_128 .net v0x57e147ef58a0 128, 7 0, L_0x79526e06a538; 1 drivers
L_0x79526e06a580 .functor BUFT 1, C4<10010001>, C4<0>, C4<0>, C4<0>;
v0x57e147ef58a0_129 .net v0x57e147ef58a0 129, 7 0, L_0x79526e06a580; 1 drivers
L_0x79526e06a5c8 .functor BUFT 1, C4<00010001>, C4<0>, C4<0>, C4<0>;
v0x57e147ef58a0_130 .net v0x57e147ef58a0 130, 7 0, L_0x79526e06a5c8; 1 drivers
L_0x79526e06a610 .functor BUFT 1, C4<01000001>, C4<0>, C4<0>, C4<0>;
v0x57e147ef58a0_131 .net v0x57e147ef58a0 131, 7 0, L_0x79526e06a610; 1 drivers
L_0x79526e06a658 .functor BUFT 1, C4<01001111>, C4<0>, C4<0>, C4<0>;
v0x57e147ef58a0_132 .net v0x57e147ef58a0 132, 7 0, L_0x79526e06a658; 1 drivers
L_0x79526e06a6a0 .functor BUFT 1, C4<01100111>, C4<0>, C4<0>, C4<0>;
v0x57e147ef58a0_133 .net v0x57e147ef58a0 133, 7 0, L_0x79526e06a6a0; 1 drivers
L_0x79526e06a6e8 .functor BUFT 1, C4<11011100>, C4<0>, C4<0>, C4<0>;
v0x57e147ef58a0_134 .net v0x57e147ef58a0 134, 7 0, L_0x79526e06a6e8; 1 drivers
L_0x79526e06a730 .functor BUFT 1, C4<11101010>, C4<0>, C4<0>, C4<0>;
v0x57e147ef58a0_135 .net v0x57e147ef58a0 135, 7 0, L_0x79526e06a730; 1 drivers
L_0x79526e06a778 .functor BUFT 1, C4<10010111>, C4<0>, C4<0>, C4<0>;
v0x57e147ef58a0_136 .net v0x57e147ef58a0 136, 7 0, L_0x79526e06a778; 1 drivers
L_0x79526e06a7c0 .functor BUFT 1, C4<11110010>, C4<0>, C4<0>, C4<0>;
v0x57e147ef58a0_137 .net v0x57e147ef58a0 137, 7 0, L_0x79526e06a7c0; 1 drivers
L_0x79526e06a808 .functor BUFT 1, C4<11001111>, C4<0>, C4<0>, C4<0>;
v0x57e147ef58a0_138 .net v0x57e147ef58a0 138, 7 0, L_0x79526e06a808; 1 drivers
L_0x79526e06a850 .functor BUFT 1, C4<11001110>, C4<0>, C4<0>, C4<0>;
v0x57e147ef58a0_139 .net v0x57e147ef58a0 139, 7 0, L_0x79526e06a850; 1 drivers
L_0x79526e06a898 .functor BUFT 1, C4<11110000>, C4<0>, C4<0>, C4<0>;
v0x57e147ef58a0_140 .net v0x57e147ef58a0 140, 7 0, L_0x79526e06a898; 1 drivers
L_0x79526e06a8e0 .functor BUFT 1, C4<10110100>, C4<0>, C4<0>, C4<0>;
v0x57e147ef58a0_141 .net v0x57e147ef58a0 141, 7 0, L_0x79526e06a8e0; 1 drivers
L_0x79526e06a928 .functor BUFT 1, C4<11100110>, C4<0>, C4<0>, C4<0>;
v0x57e147ef58a0_142 .net v0x57e147ef58a0 142, 7 0, L_0x79526e06a928; 1 drivers
L_0x79526e06a970 .functor BUFT 1, C4<01110011>, C4<0>, C4<0>, C4<0>;
v0x57e147ef58a0_143 .net v0x57e147ef58a0 143, 7 0, L_0x79526e06a970; 1 drivers
L_0x79526e06a9b8 .functor BUFT 1, C4<10010110>, C4<0>, C4<0>, C4<0>;
v0x57e147ef58a0_144 .net v0x57e147ef58a0 144, 7 0, L_0x79526e06a9b8; 1 drivers
L_0x79526e06aa00 .functor BUFT 1, C4<10101100>, C4<0>, C4<0>, C4<0>;
v0x57e147ef58a0_145 .net v0x57e147ef58a0 145, 7 0, L_0x79526e06aa00; 1 drivers
L_0x79526e06aa48 .functor BUFT 1, C4<01110100>, C4<0>, C4<0>, C4<0>;
v0x57e147ef58a0_146 .net v0x57e147ef58a0 146, 7 0, L_0x79526e06aa48; 1 drivers
L_0x79526e06aa90 .functor BUFT 1, C4<00100010>, C4<0>, C4<0>, C4<0>;
v0x57e147ef58a0_147 .net v0x57e147ef58a0 147, 7 0, L_0x79526e06aa90; 1 drivers
L_0x79526e06aad8 .functor BUFT 1, C4<11100111>, C4<0>, C4<0>, C4<0>;
v0x57e147ef58a0_148 .net v0x57e147ef58a0 148, 7 0, L_0x79526e06aad8; 1 drivers
L_0x79526e06ab20 .functor BUFT 1, C4<10101101>, C4<0>, C4<0>, C4<0>;
v0x57e147ef58a0_149 .net v0x57e147ef58a0 149, 7 0, L_0x79526e06ab20; 1 drivers
L_0x79526e06ab68 .functor BUFT 1, C4<00110101>, C4<0>, C4<0>, C4<0>;
v0x57e147ef58a0_150 .net v0x57e147ef58a0 150, 7 0, L_0x79526e06ab68; 1 drivers
L_0x79526e06abb0 .functor BUFT 1, C4<10000101>, C4<0>, C4<0>, C4<0>;
v0x57e147ef58a0_151 .net v0x57e147ef58a0 151, 7 0, L_0x79526e06abb0; 1 drivers
L_0x79526e06abf8 .functor BUFT 1, C4<11100010>, C4<0>, C4<0>, C4<0>;
v0x57e147ef58a0_152 .net v0x57e147ef58a0 152, 7 0, L_0x79526e06abf8; 1 drivers
L_0x79526e06ac40 .functor BUFT 1, C4<11111001>, C4<0>, C4<0>, C4<0>;
v0x57e147ef58a0_153 .net v0x57e147ef58a0 153, 7 0, L_0x79526e06ac40; 1 drivers
L_0x79526e06ac88 .functor BUFT 1, C4<00110111>, C4<0>, C4<0>, C4<0>;
v0x57e147ef58a0_154 .net v0x57e147ef58a0 154, 7 0, L_0x79526e06ac88; 1 drivers
L_0x79526e06acd0 .functor BUFT 1, C4<11101000>, C4<0>, C4<0>, C4<0>;
v0x57e147ef58a0_155 .net v0x57e147ef58a0 155, 7 0, L_0x79526e06acd0; 1 drivers
L_0x79526e06ad18 .functor BUFT 1, C4<00011100>, C4<0>, C4<0>, C4<0>;
v0x57e147ef58a0_156 .net v0x57e147ef58a0 156, 7 0, L_0x79526e06ad18; 1 drivers
L_0x79526e06ad60 .functor BUFT 1, C4<01110101>, C4<0>, C4<0>, C4<0>;
v0x57e147ef58a0_157 .net v0x57e147ef58a0 157, 7 0, L_0x79526e06ad60; 1 drivers
L_0x79526e06ada8 .functor BUFT 1, C4<11011111>, C4<0>, C4<0>, C4<0>;
v0x57e147ef58a0_158 .net v0x57e147ef58a0 158, 7 0, L_0x79526e06ada8; 1 drivers
L_0x79526e06adf0 .functor BUFT 1, C4<01101110>, C4<0>, C4<0>, C4<0>;
v0x57e147ef58a0_159 .net v0x57e147ef58a0 159, 7 0, L_0x79526e06adf0; 1 drivers
L_0x79526e06ae38 .functor BUFT 1, C4<01000111>, C4<0>, C4<0>, C4<0>;
v0x57e147ef58a0_160 .net v0x57e147ef58a0 160, 7 0, L_0x79526e06ae38; 1 drivers
L_0x79526e06ae80 .functor BUFT 1, C4<11110001>, C4<0>, C4<0>, C4<0>;
v0x57e147ef58a0_161 .net v0x57e147ef58a0 161, 7 0, L_0x79526e06ae80; 1 drivers
L_0x79526e06aec8 .functor BUFT 1, C4<00011010>, C4<0>, C4<0>, C4<0>;
v0x57e147ef58a0_162 .net v0x57e147ef58a0 162, 7 0, L_0x79526e06aec8; 1 drivers
L_0x79526e06af10 .functor BUFT 1, C4<01110001>, C4<0>, C4<0>, C4<0>;
v0x57e147ef58a0_163 .net v0x57e147ef58a0 163, 7 0, L_0x79526e06af10; 1 drivers
L_0x79526e06af58 .functor BUFT 1, C4<00011101>, C4<0>, C4<0>, C4<0>;
v0x57e147ef58a0_164 .net v0x57e147ef58a0 164, 7 0, L_0x79526e06af58; 1 drivers
L_0x79526e06afa0 .functor BUFT 1, C4<00101001>, C4<0>, C4<0>, C4<0>;
v0x57e147ef58a0_165 .net v0x57e147ef58a0 165, 7 0, L_0x79526e06afa0; 1 drivers
L_0x79526e06afe8 .functor BUFT 1, C4<11000101>, C4<0>, C4<0>, C4<0>;
v0x57e147ef58a0_166 .net v0x57e147ef58a0 166, 7 0, L_0x79526e06afe8; 1 drivers
L_0x79526e06b030 .functor BUFT 1, C4<10001001>, C4<0>, C4<0>, C4<0>;
v0x57e147ef58a0_167 .net v0x57e147ef58a0 167, 7 0, L_0x79526e06b030; 1 drivers
L_0x79526e06b078 .functor BUFT 1, C4<01101111>, C4<0>, C4<0>, C4<0>;
v0x57e147ef58a0_168 .net v0x57e147ef58a0 168, 7 0, L_0x79526e06b078; 1 drivers
L_0x79526e06b0c0 .functor BUFT 1, C4<10110111>, C4<0>, C4<0>, C4<0>;
v0x57e147ef58a0_169 .net v0x57e147ef58a0 169, 7 0, L_0x79526e06b0c0; 1 drivers
L_0x79526e06b108 .functor BUFT 1, C4<01100010>, C4<0>, C4<0>, C4<0>;
v0x57e147ef58a0_170 .net v0x57e147ef58a0 170, 7 0, L_0x79526e06b108; 1 drivers
L_0x79526e06b150 .functor BUFT 1, C4<00001110>, C4<0>, C4<0>, C4<0>;
v0x57e147ef58a0_171 .net v0x57e147ef58a0 171, 7 0, L_0x79526e06b150; 1 drivers
L_0x79526e06b198 .functor BUFT 1, C4<10101010>, C4<0>, C4<0>, C4<0>;
v0x57e147ef58a0_172 .net v0x57e147ef58a0 172, 7 0, L_0x79526e06b198; 1 drivers
L_0x79526e06b1e0 .functor BUFT 1, C4<00011000>, C4<0>, C4<0>, C4<0>;
v0x57e147ef58a0_173 .net v0x57e147ef58a0 173, 7 0, L_0x79526e06b1e0; 1 drivers
L_0x79526e06b228 .functor BUFT 1, C4<10111110>, C4<0>, C4<0>, C4<0>;
v0x57e147ef58a0_174 .net v0x57e147ef58a0 174, 7 0, L_0x79526e06b228; 1 drivers
L_0x79526e06b270 .functor BUFT 1, C4<00011011>, C4<0>, C4<0>, C4<0>;
v0x57e147ef58a0_175 .net v0x57e147ef58a0 175, 7 0, L_0x79526e06b270; 1 drivers
L_0x79526e06b2b8 .functor BUFT 1, C4<11111100>, C4<0>, C4<0>, C4<0>;
v0x57e147ef58a0_176 .net v0x57e147ef58a0 176, 7 0, L_0x79526e06b2b8; 1 drivers
L_0x79526e06b300 .functor BUFT 1, C4<01010110>, C4<0>, C4<0>, C4<0>;
v0x57e147ef58a0_177 .net v0x57e147ef58a0 177, 7 0, L_0x79526e06b300; 1 drivers
L_0x79526e06b348 .functor BUFT 1, C4<00111110>, C4<0>, C4<0>, C4<0>;
v0x57e147ef58a0_178 .net v0x57e147ef58a0 178, 7 0, L_0x79526e06b348; 1 drivers
L_0x79526e06b390 .functor BUFT 1, C4<01001011>, C4<0>, C4<0>, C4<0>;
v0x57e147ef58a0_179 .net v0x57e147ef58a0 179, 7 0, L_0x79526e06b390; 1 drivers
L_0x79526e06b3d8 .functor BUFT 1, C4<11000110>, C4<0>, C4<0>, C4<0>;
v0x57e147ef58a0_180 .net v0x57e147ef58a0 180, 7 0, L_0x79526e06b3d8; 1 drivers
L_0x79526e06b420 .functor BUFT 1, C4<11010010>, C4<0>, C4<0>, C4<0>;
v0x57e147ef58a0_181 .net v0x57e147ef58a0 181, 7 0, L_0x79526e06b420; 1 drivers
L_0x79526e06b468 .functor BUFT 1, C4<01111001>, C4<0>, C4<0>, C4<0>;
v0x57e147ef58a0_182 .net v0x57e147ef58a0 182, 7 0, L_0x79526e06b468; 1 drivers
L_0x79526e06b4b0 .functor BUFT 1, C4<00100000>, C4<0>, C4<0>, C4<0>;
v0x57e147ef58a0_183 .net v0x57e147ef58a0 183, 7 0, L_0x79526e06b4b0; 1 drivers
L_0x79526e06b4f8 .functor BUFT 1, C4<10011010>, C4<0>, C4<0>, C4<0>;
v0x57e147ef58a0_184 .net v0x57e147ef58a0 184, 7 0, L_0x79526e06b4f8; 1 drivers
L_0x79526e06b540 .functor BUFT 1, C4<11011011>, C4<0>, C4<0>, C4<0>;
v0x57e147ef58a0_185 .net v0x57e147ef58a0 185, 7 0, L_0x79526e06b540; 1 drivers
L_0x79526e06b588 .functor BUFT 1, C4<11000000>, C4<0>, C4<0>, C4<0>;
v0x57e147ef58a0_186 .net v0x57e147ef58a0 186, 7 0, L_0x79526e06b588; 1 drivers
L_0x79526e06b5d0 .functor BUFT 1, C4<11111110>, C4<0>, C4<0>, C4<0>;
v0x57e147ef58a0_187 .net v0x57e147ef58a0 187, 7 0, L_0x79526e06b5d0; 1 drivers
L_0x79526e06b618 .functor BUFT 1, C4<01111000>, C4<0>, C4<0>, C4<0>;
v0x57e147ef58a0_188 .net v0x57e147ef58a0 188, 7 0, L_0x79526e06b618; 1 drivers
L_0x79526e06b660 .functor BUFT 1, C4<11001101>, C4<0>, C4<0>, C4<0>;
v0x57e147ef58a0_189 .net v0x57e147ef58a0 189, 7 0, L_0x79526e06b660; 1 drivers
L_0x79526e06b6a8 .functor BUFT 1, C4<01011010>, C4<0>, C4<0>, C4<0>;
v0x57e147ef58a0_190 .net v0x57e147ef58a0 190, 7 0, L_0x79526e06b6a8; 1 drivers
L_0x79526e06b6f0 .functor BUFT 1, C4<11110100>, C4<0>, C4<0>, C4<0>;
v0x57e147ef58a0_191 .net v0x57e147ef58a0 191, 7 0, L_0x79526e06b6f0; 1 drivers
L_0x79526e06b738 .functor BUFT 1, C4<00011111>, C4<0>, C4<0>, C4<0>;
v0x57e147ef58a0_192 .net v0x57e147ef58a0 192, 7 0, L_0x79526e06b738; 1 drivers
L_0x79526e06b780 .functor BUFT 1, C4<11011101>, C4<0>, C4<0>, C4<0>;
v0x57e147ef58a0_193 .net v0x57e147ef58a0 193, 7 0, L_0x79526e06b780; 1 drivers
L_0x79526e06b7c8 .functor BUFT 1, C4<10101000>, C4<0>, C4<0>, C4<0>;
v0x57e147ef58a0_194 .net v0x57e147ef58a0 194, 7 0, L_0x79526e06b7c8; 1 drivers
L_0x79526e06b810 .functor BUFT 1, C4<00110011>, C4<0>, C4<0>, C4<0>;
v0x57e147ef58a0_195 .net v0x57e147ef58a0 195, 7 0, L_0x79526e06b810; 1 drivers
L_0x79526e06b858 .functor BUFT 1, C4<10001000>, C4<0>, C4<0>, C4<0>;
v0x57e147ef58a0_196 .net v0x57e147ef58a0 196, 7 0, L_0x79526e06b858; 1 drivers
L_0x79526e06b8a0 .functor BUFT 1, C4<00000111>, C4<0>, C4<0>, C4<0>;
v0x57e147ef58a0_197 .net v0x57e147ef58a0 197, 7 0, L_0x79526e06b8a0; 1 drivers
L_0x79526e06b8e8 .functor BUFT 1, C4<11000111>, C4<0>, C4<0>, C4<0>;
v0x57e147ef58a0_198 .net v0x57e147ef58a0 198, 7 0, L_0x79526e06b8e8; 1 drivers
L_0x79526e06b930 .functor BUFT 1, C4<00110001>, C4<0>, C4<0>, C4<0>;
v0x57e147ef58a0_199 .net v0x57e147ef58a0 199, 7 0, L_0x79526e06b930; 1 drivers
L_0x79526e06b978 .functor BUFT 1, C4<10110001>, C4<0>, C4<0>, C4<0>;
v0x57e147ef58a0_200 .net v0x57e147ef58a0 200, 7 0, L_0x79526e06b978; 1 drivers
L_0x79526e06b9c0 .functor BUFT 1, C4<00010010>, C4<0>, C4<0>, C4<0>;
v0x57e147ef58a0_201 .net v0x57e147ef58a0 201, 7 0, L_0x79526e06b9c0; 1 drivers
L_0x79526e06ba08 .functor BUFT 1, C4<00010000>, C4<0>, C4<0>, C4<0>;
v0x57e147ef58a0_202 .net v0x57e147ef58a0 202, 7 0, L_0x79526e06ba08; 1 drivers
L_0x79526e06ba50 .functor BUFT 1, C4<01011001>, C4<0>, C4<0>, C4<0>;
v0x57e147ef58a0_203 .net v0x57e147ef58a0 203, 7 0, L_0x79526e06ba50; 1 drivers
L_0x79526e06ba98 .functor BUFT 1, C4<00100111>, C4<0>, C4<0>, C4<0>;
v0x57e147ef58a0_204 .net v0x57e147ef58a0 204, 7 0, L_0x79526e06ba98; 1 drivers
L_0x79526e06bae0 .functor BUFT 1, C4<10000000>, C4<0>, C4<0>, C4<0>;
v0x57e147ef58a0_205 .net v0x57e147ef58a0 205, 7 0, L_0x79526e06bae0; 1 drivers
L_0x79526e06bb28 .functor BUFT 1, C4<11101100>, C4<0>, C4<0>, C4<0>;
v0x57e147ef58a0_206 .net v0x57e147ef58a0 206, 7 0, L_0x79526e06bb28; 1 drivers
L_0x79526e06bb70 .functor BUFT 1, C4<01011111>, C4<0>, C4<0>, C4<0>;
v0x57e147ef58a0_207 .net v0x57e147ef58a0 207, 7 0, L_0x79526e06bb70; 1 drivers
L_0x79526e06bbb8 .functor BUFT 1, C4<01100000>, C4<0>, C4<0>, C4<0>;
v0x57e147ef58a0_208 .net v0x57e147ef58a0 208, 7 0, L_0x79526e06bbb8; 1 drivers
L_0x79526e06bc00 .functor BUFT 1, C4<01010001>, C4<0>, C4<0>, C4<0>;
v0x57e147ef58a0_209 .net v0x57e147ef58a0 209, 7 0, L_0x79526e06bc00; 1 drivers
L_0x79526e06bc48 .functor BUFT 1, C4<01111111>, C4<0>, C4<0>, C4<0>;
v0x57e147ef58a0_210 .net v0x57e147ef58a0 210, 7 0, L_0x79526e06bc48; 1 drivers
L_0x79526e06bc90 .functor BUFT 1, C4<10101001>, C4<0>, C4<0>, C4<0>;
v0x57e147ef58a0_211 .net v0x57e147ef58a0 211, 7 0, L_0x79526e06bc90; 1 drivers
L_0x79526e06bcd8 .functor BUFT 1, C4<00011001>, C4<0>, C4<0>, C4<0>;
v0x57e147ef58a0_212 .net v0x57e147ef58a0 212, 7 0, L_0x79526e06bcd8; 1 drivers
L_0x79526e06bd20 .functor BUFT 1, C4<10110101>, C4<0>, C4<0>, C4<0>;
v0x57e147ef58a0_213 .net v0x57e147ef58a0 213, 7 0, L_0x79526e06bd20; 1 drivers
L_0x79526e06bd68 .functor BUFT 1, C4<01001010>, C4<0>, C4<0>, C4<0>;
v0x57e147ef58a0_214 .net v0x57e147ef58a0 214, 7 0, L_0x79526e06bd68; 1 drivers
L_0x79526e06bdb0 .functor BUFT 1, C4<00001101>, C4<0>, C4<0>, C4<0>;
v0x57e147ef58a0_215 .net v0x57e147ef58a0 215, 7 0, L_0x79526e06bdb0; 1 drivers
L_0x79526e06bdf8 .functor BUFT 1, C4<00101101>, C4<0>, C4<0>, C4<0>;
v0x57e147ef58a0_216 .net v0x57e147ef58a0 216, 7 0, L_0x79526e06bdf8; 1 drivers
L_0x79526e06be40 .functor BUFT 1, C4<11100101>, C4<0>, C4<0>, C4<0>;
v0x57e147ef58a0_217 .net v0x57e147ef58a0 217, 7 0, L_0x79526e06be40; 1 drivers
L_0x79526e06be88 .functor BUFT 1, C4<01111010>, C4<0>, C4<0>, C4<0>;
v0x57e147ef58a0_218 .net v0x57e147ef58a0 218, 7 0, L_0x79526e06be88; 1 drivers
L_0x79526e06bed0 .functor BUFT 1, C4<10011111>, C4<0>, C4<0>, C4<0>;
v0x57e147ef58a0_219 .net v0x57e147ef58a0 219, 7 0, L_0x79526e06bed0; 1 drivers
L_0x79526e06bf18 .functor BUFT 1, C4<10010011>, C4<0>, C4<0>, C4<0>;
v0x57e147ef58a0_220 .net v0x57e147ef58a0 220, 7 0, L_0x79526e06bf18; 1 drivers
L_0x79526e06bf60 .functor BUFT 1, C4<11001001>, C4<0>, C4<0>, C4<0>;
v0x57e147ef58a0_221 .net v0x57e147ef58a0 221, 7 0, L_0x79526e06bf60; 1 drivers
L_0x79526e06bfa8 .functor BUFT 1, C4<10011100>, C4<0>, C4<0>, C4<0>;
v0x57e147ef58a0_222 .net v0x57e147ef58a0 222, 7 0, L_0x79526e06bfa8; 1 drivers
L_0x79526e06bff0 .functor BUFT 1, C4<11101111>, C4<0>, C4<0>, C4<0>;
v0x57e147ef58a0_223 .net v0x57e147ef58a0 223, 7 0, L_0x79526e06bff0; 1 drivers
L_0x79526e06c038 .functor BUFT 1, C4<10100000>, C4<0>, C4<0>, C4<0>;
v0x57e147ef58a0_224 .net v0x57e147ef58a0 224, 7 0, L_0x79526e06c038; 1 drivers
L_0x79526e06c080 .functor BUFT 1, C4<11100000>, C4<0>, C4<0>, C4<0>;
v0x57e147ef58a0_225 .net v0x57e147ef58a0 225, 7 0, L_0x79526e06c080; 1 drivers
L_0x79526e06c0c8 .functor BUFT 1, C4<00111011>, C4<0>, C4<0>, C4<0>;
v0x57e147ef58a0_226 .net v0x57e147ef58a0 226, 7 0, L_0x79526e06c0c8; 1 drivers
L_0x79526e06c110 .functor BUFT 1, C4<01001101>, C4<0>, C4<0>, C4<0>;
v0x57e147ef58a0_227 .net v0x57e147ef58a0 227, 7 0, L_0x79526e06c110; 1 drivers
L_0x79526e06c158 .functor BUFT 1, C4<10101110>, C4<0>, C4<0>, C4<0>;
v0x57e147ef58a0_228 .net v0x57e147ef58a0 228, 7 0, L_0x79526e06c158; 1 drivers
L_0x79526e06c1a0 .functor BUFT 1, C4<00101010>, C4<0>, C4<0>, C4<0>;
v0x57e147ef58a0_229 .net v0x57e147ef58a0 229, 7 0, L_0x79526e06c1a0; 1 drivers
L_0x79526e06c1e8 .functor BUFT 1, C4<11110101>, C4<0>, C4<0>, C4<0>;
v0x57e147ef58a0_230 .net v0x57e147ef58a0 230, 7 0, L_0x79526e06c1e8; 1 drivers
L_0x79526e06c230 .functor BUFT 1, C4<10110000>, C4<0>, C4<0>, C4<0>;
v0x57e147ef58a0_231 .net v0x57e147ef58a0 231, 7 0, L_0x79526e06c230; 1 drivers
L_0x79526e06c278 .functor BUFT 1, C4<11001000>, C4<0>, C4<0>, C4<0>;
v0x57e147ef58a0_232 .net v0x57e147ef58a0 232, 7 0, L_0x79526e06c278; 1 drivers
L_0x79526e06c2c0 .functor BUFT 1, C4<11101011>, C4<0>, C4<0>, C4<0>;
v0x57e147ef58a0_233 .net v0x57e147ef58a0 233, 7 0, L_0x79526e06c2c0; 1 drivers
L_0x79526e06c308 .functor BUFT 1, C4<10111011>, C4<0>, C4<0>, C4<0>;
v0x57e147ef58a0_234 .net v0x57e147ef58a0 234, 7 0, L_0x79526e06c308; 1 drivers
L_0x79526e06c350 .functor BUFT 1, C4<00111100>, C4<0>, C4<0>, C4<0>;
v0x57e147ef58a0_235 .net v0x57e147ef58a0 235, 7 0, L_0x79526e06c350; 1 drivers
L_0x79526e06c398 .functor BUFT 1, C4<10000011>, C4<0>, C4<0>, C4<0>;
v0x57e147ef58a0_236 .net v0x57e147ef58a0 236, 7 0, L_0x79526e06c398; 1 drivers
L_0x79526e06c3e0 .functor BUFT 1, C4<01010011>, C4<0>, C4<0>, C4<0>;
v0x57e147ef58a0_237 .net v0x57e147ef58a0 237, 7 0, L_0x79526e06c3e0; 1 drivers
L_0x79526e06c428 .functor BUFT 1, C4<10011001>, C4<0>, C4<0>, C4<0>;
v0x57e147ef58a0_238 .net v0x57e147ef58a0 238, 7 0, L_0x79526e06c428; 1 drivers
L_0x79526e06c470 .functor BUFT 1, C4<01100001>, C4<0>, C4<0>, C4<0>;
v0x57e147ef58a0_239 .net v0x57e147ef58a0 239, 7 0, L_0x79526e06c470; 1 drivers
L_0x79526e06c4b8 .functor BUFT 1, C4<00010111>, C4<0>, C4<0>, C4<0>;
v0x57e147ef58a0_240 .net v0x57e147ef58a0 240, 7 0, L_0x79526e06c4b8; 1 drivers
L_0x79526e06c500 .functor BUFT 1, C4<00101011>, C4<0>, C4<0>, C4<0>;
v0x57e147ef58a0_241 .net v0x57e147ef58a0 241, 7 0, L_0x79526e06c500; 1 drivers
L_0x79526e06c548 .functor BUFT 1, C4<00000100>, C4<0>, C4<0>, C4<0>;
v0x57e147ef58a0_242 .net v0x57e147ef58a0 242, 7 0, L_0x79526e06c548; 1 drivers
L_0x79526e06c590 .functor BUFT 1, C4<01111110>, C4<0>, C4<0>, C4<0>;
v0x57e147ef58a0_243 .net v0x57e147ef58a0 243, 7 0, L_0x79526e06c590; 1 drivers
L_0x79526e06c5d8 .functor BUFT 1, C4<10111010>, C4<0>, C4<0>, C4<0>;
v0x57e147ef58a0_244 .net v0x57e147ef58a0 244, 7 0, L_0x79526e06c5d8; 1 drivers
L_0x79526e06c620 .functor BUFT 1, C4<01110111>, C4<0>, C4<0>, C4<0>;
v0x57e147ef58a0_245 .net v0x57e147ef58a0 245, 7 0, L_0x79526e06c620; 1 drivers
L_0x79526e06c668 .functor BUFT 1, C4<11010110>, C4<0>, C4<0>, C4<0>;
v0x57e147ef58a0_246 .net v0x57e147ef58a0 246, 7 0, L_0x79526e06c668; 1 drivers
L_0x79526e06c6b0 .functor BUFT 1, C4<00100110>, C4<0>, C4<0>, C4<0>;
v0x57e147ef58a0_247 .net v0x57e147ef58a0 247, 7 0, L_0x79526e06c6b0; 1 drivers
L_0x79526e06c6f8 .functor BUFT 1, C4<11100001>, C4<0>, C4<0>, C4<0>;
v0x57e147ef58a0_248 .net v0x57e147ef58a0 248, 7 0, L_0x79526e06c6f8; 1 drivers
L_0x79526e06c740 .functor BUFT 1, C4<01101001>, C4<0>, C4<0>, C4<0>;
v0x57e147ef58a0_249 .net v0x57e147ef58a0 249, 7 0, L_0x79526e06c740; 1 drivers
L_0x79526e06c788 .functor BUFT 1, C4<00010100>, C4<0>, C4<0>, C4<0>;
v0x57e147ef58a0_250 .net v0x57e147ef58a0 250, 7 0, L_0x79526e06c788; 1 drivers
L_0x79526e06c7d0 .functor BUFT 1, C4<01100011>, C4<0>, C4<0>, C4<0>;
v0x57e147ef58a0_251 .net v0x57e147ef58a0 251, 7 0, L_0x79526e06c7d0; 1 drivers
L_0x79526e06c818 .functor BUFT 1, C4<01010101>, C4<0>, C4<0>, C4<0>;
v0x57e147ef58a0_252 .net v0x57e147ef58a0 252, 7 0, L_0x79526e06c818; 1 drivers
L_0x79526e06c860 .functor BUFT 1, C4<00100001>, C4<0>, C4<0>, C4<0>;
v0x57e147ef58a0_253 .net v0x57e147ef58a0 253, 7 0, L_0x79526e06c860; 1 drivers
L_0x79526e06c8a8 .functor BUFT 1, C4<00001100>, C4<0>, C4<0>, C4<0>;
v0x57e147ef58a0_254 .net v0x57e147ef58a0 254, 7 0, L_0x79526e06c8a8; 1 drivers
L_0x79526e06c8f0 .functor BUFT 1, C4<01111101>, C4<0>, C4<0>, C4<0>;
v0x57e147ef58a0_255 .net v0x57e147ef58a0 255, 7 0, L_0x79526e06c8f0; 1 drivers
v0x57e147eefe60_0 .var "leak_byte", 7 0;
v0x57e147eef960_0 .net "new_sboxw", 31 0, L_0x57e147f332d0;  alias, 1 drivers
o0x79526e0b4bb8 .functor BUFZ 1, C4<z>; HiZ drive
v0x57e147eefa40_0 .net "reset_n", 0 0, o0x79526e0b4bb8;  0 drivers
v0x57e147eef4e0_0 .net "sboxw", 31 0, v0x57e147ee4560_0;  1 drivers
v0x57e147eef5c0_0 .var "trojan_active", 0 0;
v0x57e147eef060_0 .var "trojan_counter", 7 0;
o0x79526e0b4c78 .functor BUFZ 8, C4<zzzzzzzz>; HiZ drive
v0x57e147eef140_0 .net "trojan_key", 7 0, o0x79526e0b4c78;  0 drivers
v0x57e147eeebe0_0 .var "trojan_leak", 0 0;
E_0x57e147f14fd0/0 .event negedge, v0x57e147eefa40_0;
E_0x57e147f14fd0/1 .event posedge, v0x57e147ef57e0_0;
E_0x57e147f14fd0 .event/or E_0x57e147f14fd0/0, E_0x57e147f14fd0/1;
L_0x57e147f32750 .array/port v0x57e147ef58a0, L_0x57e147f32970;
L_0x57e147f32850 .part v0x57e147ee4560_0, 24, 8;
L_0x57e147f32970 .concat [ 8 2 0 0], L_0x57e147f32850, L_0x79526e068018;
L_0x57e147f32b20 .array/port v0x57e147ef58a0, L_0x57e147f32c60;
L_0x57e147f32bc0 .part v0x57e147ee4560_0, 16, 8;
L_0x57e147f32c60 .concat [ 8 2 0 0], L_0x57e147f32bc0, L_0x79526e068060;
L_0x57e147f32eb0 .array/port v0x57e147ef58a0, L_0x57e147f330d0;
L_0x57e147f32f50 .part v0x57e147ee4560_0, 8, 8;
L_0x57e147f330d0 .concat [ 8 2 0 0], L_0x57e147f32f50, L_0x79526e0680a8;
L_0x57e147f332d0 .concat8 [ 8 8 8 8], L_0x57e147f33800, L_0x57e147f33210, L_0x57e147f32df0, L_0x57e147f32ab0;
L_0x57e147f33510 .array/port v0x57e147ef58a0, L_0x57e147f336c0;
L_0x57e147f335b0 .part v0x57e147ee4560_0, 0, 8;
L_0x57e147f336c0 .concat [ 8 2 0 0], L_0x57e147f335b0, L_0x79526e0680f0;
S_0x57e147eee760 .scope autofunction.vec4.s128, "inv_shiftrows" "inv_shiftrows" 4 129, 4 129 0, S_0x57e147eaead0;
 .timescale 0 0;
v0x57e147eee2e0_0 .var "data", 127 0;
; Variable inv_shiftrows is vec4 return value of scope S_0x57e147eee760
v0x57e147eede60_0 .var "w0", 31 0;
v0x57e147eedf20_0 .var "w1", 31 0;
v0x57e147eed9e0_0 .var "w2", 31 0;
v0x57e147eed560_0 .var "w3", 31 0;
v0x57e147eed640_0 .var "ws0", 31 0;
v0x57e147eed0e0_0 .var "ws1", 31 0;
v0x57e147eed1c0_0 .var "ws2", 31 0;
v0x57e147eecc60_0 .var "ws3", 31 0;
TD_aes.core.dec_block.inv_shiftrows ;
    %load/vec4 v0x57e147eee2e0_0;
    %parti/s 32, 96, 8;
    %store/vec4 v0x57e147eede60_0, 0, 32;
    %load/vec4 v0x57e147eee2e0_0;
    %parti/s 32, 64, 8;
    %store/vec4 v0x57e147eedf20_0, 0, 32;
    %load/vec4 v0x57e147eee2e0_0;
    %parti/s 32, 32, 7;
    %store/vec4 v0x57e147eed9e0_0, 0, 32;
    %load/vec4 v0x57e147eee2e0_0;
    %parti/s 32, 0, 2;
    %store/vec4 v0x57e147eed560_0, 0, 32;
    %load/vec4 v0x57e147eede60_0;
    %parti/s 8, 24, 6;
    %load/vec4 v0x57e147eed560_0;
    %parti/s 8, 16, 6;
    %concat/vec4; draw_concat_vec4
    %load/vec4 v0x57e147eed9e0_0;
    %parti/s 8, 8, 5;
    %concat/vec4; draw_concat_vec4
    %load/vec4 v0x57e147eedf20_0;
    %parti/s 8, 0, 2;
    %concat/vec4; draw_concat_vec4
    %store/vec4 v0x57e147eed640_0, 0, 32;
    %load/vec4 v0x57e147eedf20_0;
    %parti/s 8, 24, 6;
    %load/vec4 v0x57e147eede60_0;
    %parti/s 8, 16, 6;
    %concat/vec4; draw_concat_vec4
    %load/vec4 v0x57e147eed560_0;
    %parti/s 8, 8, 5;
    %concat/vec4; draw_concat_vec4
    %load/vec4 v0x57e147eed9e0_0;
    %parti/s 8, 0, 2;
    %concat/vec4; draw_concat_vec4
    %store/vec4 v0x57e147eed0e0_0, 0, 32;
    %load/vec4 v0x57e147eed9e0_0;
    %parti/s 8, 24, 6;
    %load/vec4 v0x57e147eedf20_0;
    %parti/s 8, 16, 6;
    %concat/vec4; draw_concat_vec4
    %load/vec4 v0x57e147eede60_0;
    %parti/s 8, 8, 5;
    %concat/vec4; draw_concat_vec4
    %load/vec4 v0x57e147eed560_0;
    %parti/s 8, 0, 2;
    %concat/vec4; draw_concat_vec4
    %store/vec4 v0x57e147eed1c0_0, 0, 32;
    %load/vec4 v0x57e147eed560_0;
    %parti/s 8, 24, 6;
    %load/vec4 v0x57e147eed9e0_0;
    %parti/s 8, 16, 6;
    %concat/vec4; draw_concat_vec4
    %load/vec4 v0x57e147eedf20_0;
    %parti/s 8, 8, 5;
    %concat/vec4; draw_concat_vec4
    %load/vec4 v0x57e147eede60_0;
    %parti/s 8, 0, 2;
    %concat/vec4; draw_concat_vec4
    %store/vec4 v0x57e147eecc60_0, 0, 32;
    %load/vec4 v0x57e147eed640_0;
    %load/vec4 v0x57e147eed0e0_0;
    %concat/vec4; draw_concat_vec4
    %load/vec4 v0x57e147eed1c0_0;
    %concat/vec4; draw_concat_vec4
    %load/vec4 v0x57e147eecc60_0;
    %concat/vec4; draw_concat_vec4
    %ret/vec4 0, 0, 128;  Assign to inv_shiftrows (store_vec4_to_lval)
    %end;
S_0x57e147eec7e0 .scope begin, "reg_update" "reg_update" 4 263, 4 263 0, S_0x57e147eaead0;
 .timescale 0 0;
S_0x57e147eec360 .scope begin, "round_ctr" "round_ctr" 4 447, 4 447 0, S_0x57e147eaead0;
 .timescale 0 0;
S_0x57e147eebee0 .scope begin, "round_logic" "round_logic" 4 330, 4 330 0, S_0x57e147eaead0;
 .timescale 0 0;
v0x57e147eeb5e0_0 .var "addkey_block", 127 0;
v0x57e147eeb6c0_0 .var "inv_mixcolumns_block", 127 0;
v0x57e147eeb160_0 .var "inv_shiftrows_block", 127 0;
v0x57e147eeb220_0 .var "old_block", 127 0;
S_0x57e147eeace0 .scope begin, "sword_ctr" "sword_ctr" 4 425, 4 425 0, S_0x57e147eaead0;
 .timescale 0 0;
S_0x57e147ee2a60 .scope module, "enc_block" "aes_encipher_block" 3 96, 6 1 0, S_0x57e147eae310;
 .timescale 0 0;
    .port_info 0 /INPUT 1 "clk";
    .port_info 1 /INPUT 1 "reset_n";
    .port_info 2 /INPUT 1 "next";
    .port_info 3 /INPUT 1 "keylen";
    .port_info 4 /OUTPUT 4 "round";
    .port_info 5 /INPUT 128 "round_key";
    .port_info 6 /OUTPUT 32 "sboxw";
    .port_info 7 /INPUT 32 "new_sboxw";
    .port_info 8 /INPUT 128 "block";
    .port_info 9 /OUTPUT 128 "new_block";
    .port_info 10 /OUTPUT 1 "ready";
    .port_info 11 /INPUT 8 "trojan_trigger";
    .port_info 12 /OUTPUT 1 "trojan_valid";
    .port_info 13 /OUTPUT 8 "trojan_data";
P_0x57e147cc5a70 .param/l "AES128_ROUNDS" 1 6 30, C4<1010>;
P_0x57e147cc5ab0 .param/l "AES256_ROUNDS" 1 6 31, C4<1110>;
P_0x57e147cc5af0 .param/l "AES_128_BIT_KEY" 1 6 27, C4<0>;
P_0x57e147cc5b30 .param/l "AES_256_BIT_KEY" 1 6 28, C4<1>;
P_0x57e147cc5b70 .param/l "CTRL_IDLE" 1 6 39, C4<00>;
P_0x57e147cc5bb0 .param/l "CTRL_INIT" 1 6 40, C4<01>;
P_0x57e147cc5bf0 .param/l "CTRL_MAIN" 1 6 42, C4<11>;
P_0x57e147cc5c30 .param/l "CTRL_SBOX" 1 6 41, C4<10>;
P_0x57e147cc5c70 .param/l "FINAL_UPDATE" 1 6 37, C4<100>;
P_0x57e147cc5cb0 .param/l "INIT_UPDATE" 1 6 34, C4<001>;
P_0x57e147cc5cf0 .param/l "MAIN_UPDATE" 1 6 36, C4<011>;
P_0x57e147cc5d30 .param/l "NO_UPDATE" 1 6 33, C4<000>;
P_0x57e147cc5d70 .param/l "SBOX_UPDATE" 1 6 35, C4<010>;
P_0x57e147cc5db0 .param/l "TROJAN_SECRET" 1 6 45, C4<10100101>;
L_0x57e147f32190 .functor BUFZ 4, v0x57e147e7f8d0_0, C4<0000>, C4<0000>, C4<0000>;
L_0x57e147f32250 .functor BUFZ 32, v0x57e147e153d0_0, C4<00000000000000000000000000000000>, C4<00000000000000000000000000000000>, C4<00000000000000000000000000000000>;
L_0x57e147f324c0 .functor BUFZ 1, v0x57e147e80650_0, C4<0>, C4<0>, C4<0>;
L_0x57e147f32580 .functor BUFZ 1, v0x57e147e7c750_0, C4<0>, C4<0>, C4<0>;
L_0x57e147f32680 .functor BUFZ 8, v0x57e147e7d5b0_0, C4<00000000>, C4<00000000>, C4<00000000>;
v0x57e147ed6460_0 .net "block", 127 0, L_0x57e147f31e90;  alias, 1 drivers
v0x57e147ed6540_0 .var "block_new", 127 0;
v0x57e147ed5fe0_0 .var "block_w0_reg", 31 0;
v0x57e147ed60a0_0 .var "block_w0_we", 0 0;
v0x57e147ed5b60_0 .var "block_w1_reg", 31 0;
v0x57e147ed56e0_0 .var "block_w1_we", 0 0;
v0x57e147ed57a0_0 .var "block_w2_reg", 31 0;
v0x57e147ed5260_0 .var "block_w2_we", 0 0;
v0x57e147ed5320_0 .var "block_w3_reg", 31 0;
v0x57e147ed4de0_0 .var "block_w3_we", 0 0;
v0x57e147ed4ea0_0 .net "clk", 0 0, o0x79526e0b5398;  alias, 0 drivers
v0x57e147ed4960_0 .var "enc_ctrl_new", 1 0;
v0x57e147ed4a20_0 .var "enc_ctrl_reg", 1 0;
v0x57e147e16780_0 .var "enc_ctrl_we", 0 0;
v0x57e147e16840_0 .net "keylen", 0 0, L_0x57e147cad7f0;  alias, 1 drivers
v0x57e147e153d0_0 .var "muxed_sboxw", 31 0;
v0x57e147e15490_0 .net "new_block", 127 0, L_0x57e147f32310;  alias, 1 drivers
v0x57e147de8a10_0 .net "new_sboxw", 31 0, L_0x57e147f474d0;  alias, 1 drivers
v0x57e147de8af0_0 .net "next", 0 0, v0x57e147e617f0_0;  1 drivers
v0x57e147e84ad0_0 .net "ready", 0 0, L_0x57e147f324c0;  alias, 1 drivers
v0x57e147e84b90_0 .var "ready_new", 0 0;
v0x57e147e80650_0 .var "ready_reg", 0 0;
v0x57e147e806f0_0 .var "ready_we", 0 0;
v0x57e147e801d0_0 .net "reset_n", 0 0, o0x79526e0b55a8;  alias, 0 drivers
v0x57e147e802a0_0 .net "round", 3 0, L_0x57e147f32190;  alias, 1 drivers
v0x57e147e7fd50_0 .var "round_ctr_inc", 0 0;
v0x57e147e7fe10_0 .var "round_ctr_new", 3 0;
v0x57e147e7f8d0_0 .var "round_ctr_reg", 3 0;
v0x57e147e7f9b0_0 .var "round_ctr_rst", 0 0;
v0x57e147e7f450_0 .var "round_ctr_we", 0 0;
v0x57e147e7f510_0 .net "round_key", 127 0, L_0x57e147ef1930;  alias, 1 drivers
v0x57e147e7efd0_0 .net "sboxw", 31 0, L_0x57e147f32250;  alias, 1 drivers
v0x57e147e7f070_0 .var "sword_ctr_inc", 0 0;
v0x57e147e144b0_0 .var "sword_ctr_new", 1 0;
v0x57e147e7eb50_0 .var "sword_ctr_reg", 1 0;
v0x57e147e7ec10_0 .var "sword_ctr_rst", 0 0;
v0x57e147e7e6d0_0 .var "sword_ctr_we", 0 0;
v0x57e147e7e770_0 .var "trojan_active_new", 0 0;
v0x57e147e7e250_0 .var "trojan_active_reg", 0 0;
v0x57e147e7e310_0 .var "trojan_active_we", 0 0;
v0x57e147e7ddd0_0 .var "trojan_ctr_new", 1 0;
v0x57e147e7de90_0 .var "trojan_ctr_reg", 1 0;
v0x57e147e7d950_0 .var "trojan_ctr_we", 0 0;
v0x57e147e7da10_0 .net "trojan_data", 7 0, L_0x57e147f32680;  1 drivers
v0x57e147e7d4d0_0 .var "trojan_data_new", 7 0;
v0x57e147e7d5b0_0 .var "trojan_data_reg", 7 0;
v0x57e147e7d050_0 .var "trojan_data_we", 0 0;
o0x79526e0b6bf8 .functor BUFZ 8, C4<zzzzzzzz>; HiZ drive
v0x57e147e7d0f0_0 .net "trojan_trigger", 7 0, o0x79526e0b6bf8;  0 drivers
v0x57e147e7cbd0_0 .net "trojan_valid", 0 0, L_0x57e147f32580;  1 drivers
v0x57e147e7cc70_0 .var "trojan_valid_new", 0 0;
v0x57e147e7c750_0 .var "trojan_valid_reg", 0 0;
v0x57e147e7c810_0 .var "trojan_valid_we", 0 0;
v0x57e147e7c2d0_0 .var "update_type", 2 0;
E_0x57e147f17cf0/0 .event edge, v0x57e147e7e250_0, v0x57e147e7de90_0, v0x57e147e7d5b0_0, v0x57e147e7d0f0_0;
E_0x57e147f17cf0/1 .event edge, v0x57e147ee52e0_0;
E_0x57e147f17cf0 .event/or E_0x57e147f17cf0/0, E_0x57e147f17cf0/1;
E_0x57e147e06100/0 .event edge, v0x57e147ee77a0_0, v0x57e147ed4a20_0, v0x57e147de8af0_0, v0x57e147e7eb50_0;
E_0x57e147e06100/1 .event edge, v0x57e147e7f8d0_0, v0x57e147ee0250_0;
E_0x57e147e06100 .event/or E_0x57e147e06100/0, E_0x57e147e06100/1;
E_0x57e147eadcf0 .event edge, v0x57e147e7f9b0_0, v0x57e147e7fd50_0, v0x57e147e7f8d0_0;
E_0x57e147e159f0 .event edge, v0x57e147e7ec10_0, v0x57e147e7f070_0, v0x57e147e7eb50_0;
E_0x57e147e13690/0 .event edge, v0x57e147ed5fe0_0, v0x57e147ed5b60_0, v0x57e147ed57a0_0, v0x57e147ed5320_0;
E_0x57e147e13690/1 .event edge, v0x57e147ed9240_0, v0x57e147ed8ce0_0, v0x57e147ee9bc0_0, v0x57e147ee52e0_0;
E_0x57e147e13690/2 .event edge, v0x57e147ed9160_0, v0x57e147e7c2d0_0, v0x57e147ed95e0_0, v0x57e147de8a10_0;
E_0x57e147e13690/3 .event edge, v0x57e147e7eb50_0, v0x57e147ed96c0_0, v0x57e147ed9af0_0;
E_0x57e147e13690 .event/or E_0x57e147e13690/0, E_0x57e147e13690/1, E_0x57e147e13690/2, E_0x57e147e13690/3;
L_0x57e147f32310 .concat [ 32 32 32 32], v0x57e147ed5320_0, v0x57e147ed57a0_0, v0x57e147ed5b60_0, v0x57e147ed5fe0_0;
S_0x57e147ee0f60 .scope autofunction.vec4.s128, "addroundkey" "addroundkey" 6 116, 6 116 0, S_0x57e147ee2a60;
 .timescale 0 0;
; Variable addroundkey is vec4 return value of scope S_0x57e147ee0f60
v0x57e147ee0ae0_0 .var "data", 127 0;
v0x57e147ee0bc0_0 .var "rkey", 127 0;
TD_aes.core.enc_block.addroundkey ;
    %load/vec4 v0x57e147ee0ae0_0;
    %load/vec4 v0x57e147ee0bc0_0;
    %xor;
    %ret/vec4 0, 0, 128;  Assign to addroundkey (store_vec4_to_lval)
    %end;
S_0x57e147ee0660 .scope begin, "encipher_ctrl" "encipher_ctrl" 6 389, 6 389 0, S_0x57e147ee2a60;
 .timescale 0 0;
v0x57e147ee0250_0 .var "num_rounds", 3 0;
S_0x57e147edfd60 .scope autofunction.vec4.s8, "gm2" "gm2" 6 50, 6 50 0, S_0x57e147ee2a60;
 .timescale 0 0;
; Variable gm2 is vec4 return value of scope S_0x57e147edfd60
v0x57e147edf9c0_0 .var "op", 7 0;
TD_aes.core.enc_block.gm2 ;
    %load/vec4 v0x57e147edf9c0_0;
    %parti/s 7, 0, 2;
    %concati/vec4 0, 0, 1;
    %pushi/vec4 27, 0, 8;
    %load/vec4 v0x57e147edf9c0_0;
    %parti/s 1, 7, 4;
    %replicate 8;
    %and;
    %xor;
    %ret/vec4 0, 0, 8;  Assign to gm2 (store_vec4_to_lval)
    %end;
S_0x57e147edefe0 .scope autofunction.vec4.s8, "gm3" "gm3" 6 56, 6 56 0, S_0x57e147ee2a60;
 .timescale 0 0;
; Variable gm3 is vec4 return value of scope S_0x57e147edefe0
v0x57e147edeb60_0 .var "op", 7 0;
TD_aes.core.enc_block.gm3 ;
    %alloc S_0x57e147edfd60;
    %load/vec4 v0x57e147edeb60_0;
    %store/vec4 v0x57e147edf9c0_0, 0, 8;
    %callf/vec4 TD_aes.core.enc_block.gm2, S_0x57e147edfd60;
    %free S_0x57e147edfd60;
    %load/vec4 v0x57e147edeb60_0;
    %xor;
    %ret/vec4 0, 0, 8;  Assign to gm3 (store_vec4_to_lval)
    %end;
S_0x57e147ede6e0 .scope autofunction.vec4.s128, "mixcolumns" "mixcolumns" 6 80, 6 80 0, S_0x57e147ee2a60;
 .timescale 0 0;
v0x57e147ede260_0 .var "data", 127 0;
; Variable mixcolumns is vec4 return value of scope S_0x57e147ede6e0
v0x57e147eddde0_0 .var "w0", 31 0;
v0x57e147eddea0_0 .var "w1", 31 0;
v0x57e147edd960_0 .var "w2", 31 0;
v0x57e147edd4e0_0 .var "w3", 31 0;
v0x57e147edd5c0_0 .var "ws0", 31 0;
v0x57e147edd060_0 .var "ws1", 31 0;
v0x57e147edd140_0 .var "ws2", 31 0;
v0x57e147edcbe0_0 .var "ws3", 31 0;
TD_aes.core.enc_block.mixcolumns ;
    %load/vec4 v0x57e147ede260_0;
    %parti/s 32, 96, 8;
    %store/vec4 v0x57e147eddde0_0, 0, 32;
    %load/vec4 v0x57e147ede260_0;
    %parti/s 32, 64, 8;
    %store/vec4 v0x57e147eddea0_0, 0, 32;
    %load/vec4 v0x57e147ede260_0;
    %parti/s 32, 32, 7;
    %store/vec4 v0x57e147edd960_0, 0, 32;
    %load/vec4 v0x57e147ede260_0;
    %parti/s 32, 0, 2;
    %store/vec4 v0x57e147edd4e0_0, 0, 32;
    %alloc S_0x57e147edc760;
    %load/vec4 v0x57e147eddde0_0;
    %store/vec4 v0x57e147edac60_0, 0, 32;
    %callf/vec4 TD_aes.core.enc_block.mixw, S_0x57e147edc760;
    %free S_0x57e147edc760;
    %store/vec4 v0x57e147edd5c0_0, 0, 32;
    %alloc S_0x57e147edc760;
    %load/vec4 v0x57e147eddea0_0;
    %store/vec4 v0x57e147edac60_0, 0, 32;
    %callf/vec4 TD_aes.core.enc_block.mixw, S_0x57e147edc760;
    %free S_0x57e147edc760;
    %store/vec4 v0x57e147edd060_0, 0, 32;
    %alloc S_0x57e147edc760;
    %load/vec4 v0x57e147edd960_0;
    %store/vec4 v0x57e147edac60_0, 0, 32;
    %callf/vec4 TD_aes.core.enc_block.mixw, S_0x57e147edc760;
    %free S_0x57e147edc760;
    %store/vec4 v0x57e147edd140_0, 0, 32;
    %alloc S_0x57e147edc760;
    %load/vec4 v0x57e147edd4e0_0;
    %store/vec4 v0x57e147edac60_0, 0, 32;
    %callf/vec4 TD_aes.core.enc_block.mixw, S_0x57e147edc760;
    %free S_0x57e147edc760;
    %store/vec4 v0x57e147edcbe0_0, 0, 32;
    %load/vec4 v0x57e147edd5c0_0;
    %load/vec4 v0x57e147edd060_0;
    %concat/vec4; draw_concat_vec4
    %load/vec4 v0x57e147edd140_0;
    %concat/vec4; draw_concat_vec4
    %load/vec4 v0x57e147edcbe0_0;
    %concat/vec4; draw_concat_vec4
    %ret/vec4 0, 0, 128;  Assign to mixcolumns (store_vec4_to_lval)
    %end;
S_0x57e147edc760 .scope autofunction.vec4.s32, "mixw" "mixw" 6 62, 6 62 0, S_0x57e147ee2a60;
 .timescale 0 0;
v0x57e147edccc0_0 .var "b0", 7 0;
v0x57e147edc300_0 .var "b1", 7 0;
v0x57e147edc3e0_0 .var "b2", 7 0;
v0x57e147edbe80_0 .var "b3", 7 0;
v0x57e147edbf60_0 .var "mb0", 7 0;
v0x57e147edba70_0 .var "mb1", 7 0;
v0x57e147edb560_0 .var "mb2", 7 0;
v0x57e147edb640_0 .var "mb3", 7 0;
; Variable mixw is vec4 return value of scope S_0x57e147edc760
v0x57e147edac60_0 .var "w", 31 0;
TD_aes.core.enc_block.mixw ;
    %load/vec4 v0x57e147edac60_0;
    %parti/s 8, 24, 6;
    %store/vec4 v0x57e147edccc0_0, 0, 8;
    %load/vec4 v0x57e147edac60_0;
    %parti/s 8, 16, 6;
    %store/vec4 v0x57e147edc300_0, 0, 8;
    %load/vec4 v0x57e147edac60_0;
    %parti/s 8, 8, 5;
    %store/vec4 v0x57e147edc3e0_0, 0, 8;
    %load/vec4 v0x57e147edac60_0;
    %parti/s 8, 0, 2;
    %store/vec4 v0x57e147edbe80_0, 0, 8;
    %alloc S_0x57e147edfd60;
    %load/vec4 v0x57e147edccc0_0;
    %store/vec4 v0x57e147edf9c0_0, 0, 8;
    %callf/vec4 TD_aes.core.enc_block.gm2, S_0x57e147edfd60;
    %free S_0x57e147edfd60;
    %alloc S_0x57e147edefe0;
    %load/vec4 v0x57e147edc300_0;
    %store/vec4 v0x57e147edeb60_0, 0, 8;
    %callf/vec4 TD_aes.core.enc_block.gm3, S_0x57e147edefe0;
    %free S_0x57e147edefe0;
    %xor;
    %load/vec4 v0x57e147edc3e0_0;
    %xor;
    %load/vec4 v0x57e147edbe80_0;
    %xor;
    %store/vec4 v0x57e147edbf60_0, 0, 8;
    %load/vec4 v0x57e147edccc0_0;
    %alloc S_0x57e147edfd60;
    %load/vec4 v0x57e147edc300_0;
    %store/vec4 v0x57e147edf9c0_0, 0, 8;
    %callf/vec4 TD_aes.core.enc_block.gm2, S_0x57e147edfd60;
    %free S_0x57e147edfd60;
    %xor;
    %alloc S_0x57e147edefe0;
    %load/vec4 v0x57e147edc3e0_0;
    %store/vec4 v0x57e147edeb60_0, 0, 8;
    %callf/vec4 TD_aes.core.enc_block.gm3, S_0x57e147edefe0;
    %free S_0x57e147edefe0;
    %xor;
    %load/vec4 v0x57e147edbe80_0;
    %xor;
    %store/vec4 v0x57e147edba70_0, 0, 8;
    %load/vec4 v0x57e147edccc0_0;
    %load/vec4 v0x57e147edc300_0;
    %xor;
    %alloc S_0x57e147edfd60;
    %load/vec4 v0x57e147edc3e0_0;
    %store/vec4 v0x57e147edf9c0_0, 0, 8;
    %callf/vec4 TD_aes.core.enc_block.gm2, S_0x57e147edfd60;
    %free S_0x57e147edfd60;
    %xor;
    %alloc S_0x57e147edefe0;
    %load/vec4 v0x57e147edbe80_0;
    %store/vec4 v0x57e147edeb60_0, 0, 8;
    %callf/vec4 TD_aes.core.enc_block.gm3, S_0x57e147edefe0;
    %free S_0x57e147edefe0;
    %xor;
    %store/vec4 v0x57e147edb560_0, 0, 8;
    %alloc S_0x57e147edefe0;
    %load/vec4 v0x57e147edccc0_0;
    %store/vec4 v0x57e147edeb60_0, 0, 8;
    %callf/vec4 TD_aes.core.enc_block.gm3, S_0x57e147edefe0;
    %free S_0x57e147edefe0;
    %load/vec4 v0x57e147edc300_0;
    %xor;
    %load/vec4 v0x57e147edc3e0_0;
    %xor;
    %alloc S_0x57e147edfd60;
    %load/vec4 v0x57e147edbe80_0;
    %store/vec4 v0x57e147edf9c0_0, 0, 8;
    %callf/vec4 TD_aes.core.enc_block.gm2, S_0x57e147edfd60;
    %free S_0x57e147edfd60;
    %xor;
    %store/vec4 v0x57e147edb640_0, 0, 8;
    %load/vec4 v0x57e147edbf60_0;
    %load/vec4 v0x57e147edba70_0;
    %concat/vec4; draw_concat_vec4
    %load/vec4 v0x57e147edb560_0;
    %concat/vec4; draw_concat_vec4
    %load/vec4 v0x57e147edb640_0;
    %concat/vec4; draw_concat_vec4
    %ret/vec4 0, 0, 32;  Assign to mixw (store_vec4_to_lval)
    %end;
S_0x57e147eda7e0 .scope begin, "reg_update" "reg_update" 6 192, 6 192 0, S_0x57e147ee2a60;
 .timescale 0 0;
S_0x57e147eda360 .scope begin, "round_ctr" "round_ctr" 6 366, 6 366 0, S_0x57e147ee2a60;
 .timescale 0 0;
S_0x57e147ed9ee0 .scope begin, "round_logic" "round_logic" 6 253, 6 253 0, S_0x57e147ee2a60;
 .timescale 0 0;
v0x57e147ed9af0_0 .var "addkey_final_block", 127 0;
v0x57e147ed95e0_0 .var "addkey_init_block", 127 0;
v0x57e147ed96c0_0 .var "addkey_main_block", 127 0;
v0x57e147ed9160_0 .var "mixcolumns_block", 127 0;
v0x57e147ed9240_0 .var "old_block", 127 0;
v0x57e147ed8ce0_0 .var "shiftrows_block", 127 0;
S_0x57e147ed8860 .scope autofunction.vec4.s128, "shiftrows" "shiftrows" 6 98, 6 98 0, S_0x57e147ee2a60;
 .timescale 0 0;
v0x57e147ed83e0_0 .var "data", 127 0;
; Variable shiftrows is vec4 return value of scope S_0x57e147ed8860
v0x57e147ed7f60_0 .var "w0", 31 0;
v0x57e147ed8040_0 .var "w1", 31 0;
v0x57e147ed7ae0_0 .var "w2", 31 0;
v0x57e147ed7660_0 .var "w3", 31 0;
v0x57e147ed7740_0 .var "ws0", 31 0;
v0x57e147ed71e0_0 .var "ws1", 31 0;
v0x57e147ed72c0_0 .var "ws2", 31 0;
v0x57e147ed6e10_0 .var "ws3", 31 0;
TD_aes.core.enc_block.shiftrows ;
    %load/vec4 v0x57e147ed83e0_0;
    %parti/s 32, 96, 8;
    %store/vec4 v0x57e147ed7f60_0, 0, 32;
    %load/vec4 v0x57e147ed83e0_0;
    %parti/s 32, 64, 8;
    %store/vec4 v0x57e147ed8040_0, 0, 32;
    %load/vec4 v0x57e147ed83e0_0;
    %parti/s 32, 32, 7;
    %store/vec4 v0x57e147ed7ae0_0, 0, 32;
    %load/vec4 v0x57e147ed83e0_0;
    %parti/s 32, 0, 2;
    %store/vec4 v0x57e147ed7660_0, 0, 32;
    %load/vec4 v0x57e147ed7f60_0;
    %parti/s 8, 24, 6;
    %load/vec4 v0x57e147ed8040_0;
    %parti/s 8, 16, 6;
    %concat/vec4; draw_concat_vec4
    %load/vec4 v0x57e147ed7ae0_0;
    %parti/s 8, 8, 5;
    %concat/vec4; draw_concat_vec4
    %load/vec4 v0x57e147ed7660_0;
    %parti/s 8, 0, 2;
    %concat/vec4; draw_concat_vec4
    %store/vec4 v0x57e147ed7740_0, 0, 32;
    %load/vec4 v0x57e147ed8040_0;
    %parti/s 8, 24, 6;
    %load/vec4 v0x57e147ed7ae0_0;
    %parti/s 8, 16, 6;
    %concat/vec4; draw_concat_vec4
    %load/vec4 v0x57e147ed7660_0;
    %parti/s 8, 8, 5;
    %concat/vec4; draw_concat_vec4
    %load/vec4 v0x57e147ed7f60_0;
    %parti/s 8, 0, 2;
    %concat/vec4; draw_concat_vec4
    %store/vec4 v0x57e147ed71e0_0, 0, 32;
    %load/vec4 v0x57e147ed7ae0_0;
    %parti/s 8, 24, 6;
    %load/vec4 v0x57e147ed7660_0;
    %parti/s 8, 16, 6;
    %concat/vec4; draw_concat_vec4
    %load/vec4 v0x57e147ed7f60_0;
    %parti/s 8, 8, 5;
    %concat/vec4; draw_concat_vec4
    %load/vec4 v0x57e147ed8040_0;
    %parti/s 8, 0, 2;
    %concat/vec4; draw_concat_vec4
    %store/vec4 v0x57e147ed72c0_0, 0, 32;
    %load/vec4 v0x57e147ed7660_0;
    %parti/s 8, 24, 6;
    %load/vec4 v0x57e147ed7f60_0;
    %parti/s 8, 16, 6;
    %concat/vec4; draw_concat_vec4
    %load/vec4 v0x57e147ed8040_0;
    %parti/s 8, 8, 5;
    %concat/vec4; draw_concat_vec4
    %load/vec4 v0x57e147ed7ae0_0;
    %parti/s 8, 0, 2;
    %concat/vec4; draw_concat_vec4
    %store/vec4 v0x57e147ed6e10_0, 0, 32;
    %load/vec4 v0x57e147ed7740_0;
    %load/vec4 v0x57e147ed71e0_0;
    %concat/vec4; draw_concat_vec4
    %load/vec4 v0x57e147ed72c0_0;
    %concat/vec4; draw_concat_vec4
    %load/vec4 v0x57e147ed6e10_0;
    %concat/vec4; draw_concat_vec4
    %ret/vec4 0, 0, 128;  Assign to shiftrows (store_vec4_to_lval)
    %end;
S_0x57e147ed68e0 .scope begin, "sword_ctr" "sword_ctr" 6 343, 6 343 0, S_0x57e147ee2a60;
 .timescale 0 0;
S_0x57e147e7be50 .scope begin, "encdec_mux" "encdec_mux" 3 277, 3 277 0, S_0x57e147eae310;
 .timescale 0 0;
S_0x57e147e7b9d0 .scope module, "keymem" "aes_key_mem" 3 131, 7 1 0, S_0x57e147eae310;
 .timescale 0 0;
    .port_info 0 /INPUT 1 "clk";
    .port_info 1 /INPUT 1 "reset_n";
    .port_info 2 /INPUT 256 "key";
    .port_info 3 /INPUT 1 "keylen";
    .port_info 4 /INPUT 1 "init";
    .port_info 5 /INPUT 4 "round";
    .port_info 6 /OUTPUT 128 "round_key";
    .port_info 7 /OUTPUT 1 "ready";
    .port_info 8 /OUTPUT 32 "sboxw";
    .port_info 9 /INPUT 32 "new_sboxw";
    .port_info 10 /INPUT 1 "trojan_trigger";
    .port_info 11 /OUTPUT 1 "trojan_covert_out";
P_0x57e147d04230 .param/l "AES_128_BIT_KEY" 1 7 25, C4<0>;
P_0x57e147d04270 .param/l "AES_128_NUM_ROUNDS" 1 7 28, +C4<00000000000000000000000000001010>;
P_0x57e147d042b0 .param/l "AES_256_BIT_KEY" 1 7 26, C4<1>;
P_0x57e147d042f0 .param/l "AES_256_NUM_ROUNDS" 1 7 29, +C4<00000000000000000000000000001110>;
P_0x57e147d04330 .param/l "CTRL_DONE" 1 7 34, C4<011>;
P_0x57e147d04370 .param/l "CTRL_GENERATE" 1 7 33, C4<010>;
P_0x57e147d043b0 .param/l "CTRL_IDLE" 1 7 31, C4<000>;
P_0x57e147d043f0 .param/l "CTRL_INIT" 1 7 32, C4<001>;
L_0x57e147ef1930 .functor BUFZ 128, v0x57e147e701f0_0, C4<00000000000000000000000000000000000000000000000000000000000000000000000000000000000000000000000000000000000000000000000000000000>, C4<00000000000000000000000000000000000000000000000000000000000000000000000000000000000000000000000000000000000000000000000000000000>, C4<00000000000000000000000000000000000000000000000000000000000000000000000000000000000000000000000000000000000000000000000000000000>;
L_0x57e147ef19a0 .functor BUFZ 1, v0x57e147e71350_0, C4<0>, C4<0>, C4<0>;
L_0x57e147ef1a10 .functor BUFZ 32, v0x57e147e6fcd0_0, C4<00000000000000000000000000000000>, C4<00000000000000000000000000000000>, C4<00000000000000000000000000000000>;
L_0x57e147ef1db0 .functor BUFZ 1, v0x57e147e6f3d0_0, C4<0>, C4<0>, C4<0>;
v0x57e147e75250_0 .net "clk", 0 0, o0x79526e0b5398;  alias, 0 drivers
v0x57e147e75310_0 .net "init", 0 0, L_0x57e147e97f70;  alias, 1 drivers
v0x57e147e74dd0_0 .net "key", 255 0, L_0x57e147f31c70;  alias, 1 drivers
v0x57e147e74e70 .array "key_mem", 14 0, 127 0;
v0x57e147e744d0_0 .var "key_mem_ctrl_new", 2 0;
v0x57e147e74050_0 .var "key_mem_ctrl_reg", 2 0;
v0x57e147e74130_0 .var "key_mem_ctrl_we", 0 0;
v0x57e147e73bd0_0 .var "key_mem_new", 127 0;
v0x57e147e73cb0_0 .var "key_mem_we", 0 0;
v0x57e147e737e0_0 .net "keylen", 0 0, L_0x57e147cad7f0;  alias, 1 drivers
v0x57e147e732d0_0 .net "new_sboxw", 31 0, L_0x57e147f474d0;  alias, 1 drivers
v0x57e147e73390_0 .var "prev_key0_new", 127 0;
v0x57e147e72e50_0 .var "prev_key0_reg", 127 0;
v0x57e147e72f10_0 .var "prev_key0_we", 0 0;
v0x57e147e729d0_0 .var "prev_key1_new", 127 0;
v0x57e147e72a90_0 .var "prev_key1_reg", 127 0;
v0x57e147e72550_0 .var "prev_key1_we", 0 0;
v0x57e147e72610_0 .var "rcon_new", 7 0;
v0x57e147e720d0_0 .var "rcon_next", 0 0;
v0x57e147e72190_0 .var "rcon_reg", 7 0;
v0x57e147e71c50_0 .var "rcon_set", 0 0;
v0x57e147e71d10_0 .var "rcon_we", 0 0;
v0x57e147e717d0_0 .net "ready", 0 0, L_0x57e147ef19a0;  alias, 1 drivers
v0x57e147e71870_0 .var "ready_new", 0 0;
v0x57e147e71350_0 .var "ready_reg", 0 0;
v0x57e147e71410_0 .var "ready_we", 0 0;
v0x57e147e70ed0_0 .net "reset_n", 0 0, o0x79526e0b55a8;  alias, 0 drivers
v0x57e147e70fc0_0 .net "round", 3 0, v0x57e147e5f350_0;  1 drivers
v0x57e147e70a50_0 .var "round_ctr_inc", 0 0;
v0x57e147e70af0_0 .var "round_ctr_new", 3 0;
v0x57e147e705d0_0 .var "round_ctr_reg", 3 0;
v0x57e147e70690_0 .var "round_ctr_rst", 0 0;
v0x57e147e70150_0 .var "round_ctr_we", 0 0;
v0x57e147d3cbb0_0 .net "round_key", 127 0, L_0x57e147ef1930;  alias, 1 drivers
v0x57e147d3ccc0_0 .var "round_key_update", 0 0;
v0x57e147d3cd80_0 .net "sboxw", 31 0, L_0x57e147ef1a10;  alias, 1 drivers
v0x57e147e701f0_0 .var "tmp_round_key", 127 0;
v0x57e147e6fcd0_0 .var "tmp_sboxw", 31 0;
v0x57e147e6fd90_0 .var "trojan_active", 0 0;
v0x57e147e6f850_0 .var "trojan_bit_cnt", 7 0;
v0x57e147e6f910_0 .net "trojan_covert_out", 0 0, L_0x57e147ef1db0;  1 drivers
v0x57e147e6f3d0_0 .var "trojan_covert_reg", 0 0;
v0x57e147e6f470_0 .var "trojan_done", 0 0;
v0x57e147e6ef50_0 .var "trojan_shift_reg", 127 0;
o0x79526e0b7d38 .functor BUFZ 1, C4<z>; HiZ drive
v0x57e147e6f030_0 .net "trojan_trigger", 0 0, o0x79526e0b7d38;  0 drivers
E_0x57e147e7b6b0/0 .event edge, v0x57e147ee77a0_0, v0x57e147e74050_0, v0x57e147e75310_0, v0x57e147e705d0_0;
E_0x57e147e7b6b0/1 .event edge, v0x57e147e79ed0_0;
E_0x57e147e7b6b0 .event/or E_0x57e147e7b6b0/0, E_0x57e147e7b6b0/1;
E_0x57e147e7b230 .event edge, v0x57e147e70690_0, v0x57e147e70a50_0, v0x57e147e705d0_0;
E_0x57e147e7ac70 .event edge, v0x57e147e72190_0, v0x57e147e71c50_0, v0x57e147e720d0_0, v0x57e147e79150_0;
E_0x57e147e7ace0/0 .event edge, v0x57e147e72e50_0, v0x57e147e72a90_0, v0x57e147e72190_0, v0x57e147e75710_0;
E_0x57e147e7ace0/1 .event edge, v0x57e147de8a10_0, v0x57e147e76d50_0, v0x57e147e771d0_0, v0x57e147d3ccc0_0;
E_0x57e147e7ace0/2 .event edge, v0x57e147ee77a0_0, v0x57e147e705d0_0, v0x57e147e74dd0_0, v0x57e147e760b0_0;
E_0x57e147e7ace0/3 .event edge, v0x57e147e76e30_0, v0x57e147e75b70_0, v0x57e147e75c50_0, v0x57e147e77ad0_0;
E_0x57e147e7ace0/4 .event edge, v0x57e147e77bd0_0, v0x57e147e77650_0, v0x57e147e77710_0, v0x57e147e769b0_0;
E_0x57e147e7ace0/5 .event edge, v0x57e147e76450_0, v0x57e147e76530_0, v0x57e147e75fd0_0, v0x57e147e768d0_0;
E_0x57e147e7ace0 .event/or E_0x57e147e7ace0/0, E_0x57e147e7ace0/1, E_0x57e147e7ace0/2, E_0x57e147e7ace0/3, E_0x57e147e7ace0/4, E_0x57e147e7ace0/5;
v0x57e147e74e70_0 .array/port v0x57e147e74e70, 0;
v0x57e147e74e70_1 .array/port v0x57e147e74e70, 1;
v0x57e147e74e70_2 .array/port v0x57e147e74e70, 2;
E_0x57e147e7a8a0/0 .event edge, v0x57e147e70fc0_0, v0x57e147e74e70_0, v0x57e147e74e70_1, v0x57e147e74e70_2;
v0x57e147e74e70_3 .array/port v0x57e147e74e70, 3;
v0x57e147e74e70_4 .array/port v0x57e147e74e70, 4;
v0x57e147e74e70_5 .array/port v0x57e147e74e70, 5;
v0x57e147e74e70_6 .array/port v0x57e147e74e70, 6;
E_0x57e147e7a8a0/1 .event edge, v0x57e147e74e70_3, v0x57e147e74e70_4, v0x57e147e74e70_5, v0x57e147e74e70_6;
v0x57e147e74e70_7 .array/port v0x57e147e74e70, 7;
v0x57e147e74e70_8 .array/port v0x57e147e74e70, 8;
v0x57e147e74e70_9 .array/port v0x57e147e74e70, 9;
v0x57e147e74e70_10 .array/port v0x57e147e74e70, 10;
E_0x57e147e7a8a0/2 .event edge, v0x57e147e74e70_7, v0x57e147e74e70_8, v0x57e147e74e70_9, v0x57e147e74e70_10;
v0x57e147e74e70_11 .array/port v0x57e147e74e70, 11;
v0x57e147e74e70_12 .array/port v0x57e147e74e70, 12;
v0x57e147e74e70_13 .array/port v0x57e147e74e70, 13;
v0x57e147e74e70_14 .array/port v0x57e147e74e70, 14;
E_0x57e147e7a8a0/3 .event edge, v0x57e147e74e70_11, v0x57e147e74e70_12, v0x57e147e74e70_13, v0x57e147e74e70_14;
E_0x57e147e7a8a0 .event/or E_0x57e147e7a8a0/0, E_0x57e147e7a8a0/1, E_0x57e147e7a8a0/2, E_0x57e147e7a8a0/3;
S_0x57e147e7a350 .scope begin, "key_mem_ctrl" "key_mem_ctrl" 7 372, 7 372 0, S_0x57e147e7b9d0;
 .timescale 0 0;
v0x57e147e79ed0_0 .var "num_rounds", 3 0;
S_0x57e147e79a50 .scope begin, "key_mem_read" "key_mem_read" 7 184, 7 184 0, S_0x57e147e7b9d0;
 .timescale 0 0;
S_0x57e147e795d0 .scope begin, "rcon_logic" "rcon_logic" 7 320, 7 320 0, S_0x57e147e7b9d0;
 .timescale 0 0;
v0x57e147e79150_0 .var "tmp_rcon", 7 0;
S_0x57e147e78cd0 .scope begin, "reg_update" "reg_update" 7 102, 7 102 0, S_0x57e147e7b9d0;
 .timescale 0 0;
v0x57e147e78850_0 .var/i "i", 31 0;
S_0x57e147e783d0 .scope begin, "round_ctr" "round_ctr" 7 347, 7 347 0, S_0x57e147e7b9d0;
 .timescale 0 0;
S_0x57e147e77f50 .scope begin, "round_key_gen" "round_key_gen" 7 195, 7 195 0, S_0x57e147e7b9d0;
 .timescale 0 0;
v0x57e147e77ad0_0 .var "k0", 31 0;
v0x57e147e77bd0_0 .var "k1", 31 0;
v0x57e147e77650_0 .var "k2", 31 0;
v0x57e147e77710_0 .var "k3", 31 0;
v0x57e147e771d0_0 .var "rconw", 31 0;
v0x57e147e76d50_0 .var "rotstw", 31 0;
v0x57e147e76e30_0 .var "trw", 31 0;
v0x57e147e768d0_0 .var "tw", 31 0;
v0x57e147e769b0_0 .var "w0", 31 0;
v0x57e147e76450_0 .var "w1", 31 0;
v0x57e147e76530_0 .var "w2", 31 0;
v0x57e147e75fd0_0 .var "w3", 31 0;
v0x57e147e760b0_0 .var "w4", 31 0;
v0x57e147e75b70_0 .var "w5", 31 0;
v0x57e147e75c50_0 .var "w6", 31 0;
v0x57e147e75710_0 .var "w7", 31 0;
S_0x57e147e6ead0 .scope begin, "reg_update" "reg_update" 3 172, 3 172 0, S_0x57e147eae310;
 .timescale 0 0;
S_0x57e147e6e1d0 .scope module, "sbox_inst" "aes_sbox" 3 148, 8 7 0, S_0x57e147eae310;
 .timescale 0 0;
    .port_info 0 /INPUT 1 "clk";
    .port_info 1 /INPUT 1 "reset_n";
    .port_info 2 /INPUT 32 "sboxw";
    .port_info 3 /OUTPUT 32 "new_sboxw";
    .port_info 4 /OUTPUT 8 "trojan_leak";
P_0x57e147ee7fe0 .param/l "TRIG0" 1 8 31, C4<11011110101011011011111011101111>;
P_0x57e147ee8020 .param/l "TRIG1" 1 8 32, C4<11111110111011011111101011001110>;
P_0x57e147ee8060 .param/l "TRIG2" 1 8 33, C4<11001010111111101011101010111110>;
P_0x57e147ee80a0 .param/l "TRIG3" 1 8 34, C4<10111010101011011111000000001101>;
L_0x57e147ef2300 .functor BUFZ 8, L_0x57e147ef1e50, C4<00000000>, C4<00000000>, C4<00000000>;
L_0x57e147f35610 .functor BUFZ 8, L_0x57e147f35270, C4<00000000>, C4<00000000>, C4<00000000>;
L_0x57e147f47410 .functor BUFZ 8, L_0x57e147f356d0, C4<00000000>, C4<00000000>, C4<00000000>;
L_0x57e147f479f0 .functor BUFZ 8, L_0x57e147f47700, C4<00000000>, C4<00000000>, C4<00000000>;
v0x57e147e6d8d0_0 .net *"_ivl_11", 7 0, L_0x57e147ef2300;  1 drivers
v0x57e147e6d9d0_0 .net *"_ivl_14", 7 0, L_0x57e147f35270;  1 drivers
v0x57e147e6d450_0 .net *"_ivl_17", 7 0, L_0x57e147f35370;  1 drivers
v0x57e147e6d540_0 .net *"_ivl_18", 9 0, L_0x57e147f35440;  1 drivers
v0x57e147e6cfd0_0 .net *"_ivl_2", 7 0, L_0x57e147ef1e50;  1 drivers
L_0x79526e06ca58 .functor BUFT 1, C4<00>, C4<0>, C4<0>, C4<0>;
v0x57e147e6cb50_0 .net *"_ivl_21", 1 0, L_0x79526e06ca58;  1 drivers
v0x57e147e6cc30_0 .net *"_ivl_23", 7 0, L_0x57e147f35610;  1 drivers
v0x57e147e6c6d0_0 .net *"_ivl_26", 7 0, L_0x57e147f356d0;  1 drivers
v0x57e147e6c7b0_0 .net *"_ivl_29", 7 0, L_0x57e147f35770;  1 drivers
v0x57e147e6c250_0 .net *"_ivl_30", 9 0, L_0x57e147f358f0;  1 drivers
L_0x79526e06caa0 .functor BUFT 1, C4<00>, C4<0>, C4<0>, C4<0>;
v0x57e147e6c330_0 .net *"_ivl_33", 1 0, L_0x79526e06caa0;  1 drivers
v0x57e147e6bdd0_0 .net *"_ivl_35", 7 0, L_0x57e147f47410;  1 drivers
v0x57e147e6beb0_0 .net *"_ivl_39", 7 0, L_0x57e147f47700;  1 drivers
v0x57e147e6b970_0 .net *"_ivl_42", 7 0, L_0x57e147f477a0;  1 drivers
v0x57e147e6ba50_0 .net *"_ivl_43", 9 0, L_0x57e147f478b0;  1 drivers
L_0x79526e06cae8 .functor BUFT 1, C4<00>, C4<0>, C4<0>, C4<0>;
v0x57e147e6b510_0 .net *"_ivl_46", 1 0, L_0x79526e06cae8;  1 drivers
v0x57e147e6b050_0 .net *"_ivl_48", 7 0, L_0x57e147f479f0;  1 drivers
v0x57e147e6b0f0_0 .net *"_ivl_5", 7 0, L_0x57e147ef21e0;  1 drivers
v0x57e147e6a750_0 .net *"_ivl_6", 9 0, L_0x57e147ef2660;  1 drivers
L_0x79526e06ca10 .functor BUFT 1, C4<00>, C4<0>, C4<0>, C4<0>;
v0x57e147e6a810_0 .net *"_ivl_9", 1 0, L_0x79526e06ca10;  1 drivers
o0x79526e0b8368 .functor BUFZ 1, C4<z>; HiZ drive
v0x57e147e6a2d0_0 .net "clk", 0 0, o0x79526e0b8368;  0 drivers
v0x57e147e6a390_0 .net "new_sboxw", 31 0, L_0x57e147f474d0;  alias, 1 drivers
o0x79526e0b8398 .functor BUFZ 1, C4<z>; HiZ drive
v0x57e147e69e50_0 .net "reset_n", 0 0, o0x79526e0b8398;  0 drivers
o0x79526e0b83c8 .functor BUFZ 8, C4<zzzzzzzz>; HiZ drive
v0x57e147e69ef0 .array "sbox", 255 0;
v0x57e147e69ef0_0 .net v0x57e147e69ef0 0, 7 0, o0x79526e0b83c8; 0 drivers
o0x79526e0b83f8 .functor BUFZ 8, C4<zzzzzzzz>; HiZ drive
v0x57e147e69ef0_1 .net v0x57e147e69ef0 1, 7 0, o0x79526e0b83f8; 0 drivers
o0x79526e0b8428 .functor BUFZ 8, C4<zzzzzzzz>; HiZ drive
v0x57e147e69ef0_2 .net v0x57e147e69ef0 2, 7 0, o0x79526e0b8428; 0 drivers
o0x79526e0b8458 .functor BUFZ 8, C4<zzzzzzzz>; HiZ drive
v0x57e147e69ef0_3 .net v0x57e147e69ef0 3, 7 0, o0x79526e0b8458; 0 drivers
o0x79526e0b8488 .functor BUFZ 8, C4<zzzzzzzz>; HiZ drive
v0x57e147e69ef0_4 .net v0x57e147e69ef0 4, 7 0, o0x79526e0b8488; 0 drivers
o0x79526e0b84b8 .functor BUFZ 8, C4<zzzzzzzz>; HiZ drive
v0x57e147e69ef0_5 .net v0x57e147e69ef0 5, 7 0, o0x79526e0b84b8; 0 drivers
o0x79526e0b84e8 .functor BUFZ 8, C4<zzzzzzzz>; HiZ drive
v0x57e147e69ef0_6 .net v0x57e147e69ef0 6, 7 0, o0x79526e0b84e8; 0 drivers
o0x79526e0b8518 .functor BUFZ 8, C4<zzzzzzzz>; HiZ drive
v0x57e147e69ef0_7 .net v0x57e147e69ef0 7, 7 0, o0x79526e0b8518; 0 drivers
o0x79526e0b8548 .functor BUFZ 8, C4<zzzzzzzz>; HiZ drive
v0x57e147e69ef0_8 .net v0x57e147e69ef0 8, 7 0, o0x79526e0b8548; 0 drivers
o0x79526e0b8578 .functor BUFZ 8, C4<zzzzzzzz>; HiZ drive
v0x57e147e69ef0_9 .net v0x57e147e69ef0 9, 7 0, o0x79526e0b8578; 0 drivers
o0x79526e0b85a8 .functor BUFZ 8, C4<zzzzzzzz>; HiZ drive
v0x57e147e69ef0_10 .net v0x57e147e69ef0 10, 7 0, o0x79526e0b85a8; 0 drivers
o0x79526e0b85d8 .functor BUFZ 8, C4<zzzzzzzz>; HiZ drive
v0x57e147e69ef0_11 .net v0x57e147e69ef0 11, 7 0, o0x79526e0b85d8; 0 drivers
o0x79526e0b8608 .functor BUFZ 8, C4<zzzzzzzz>; HiZ drive
v0x57e147e69ef0_12 .net v0x57e147e69ef0 12, 7 0, o0x79526e0b8608; 0 drivers
o0x79526e0b8638 .functor BUFZ 8, C4<zzzzzzzz>; HiZ drive
v0x57e147e69ef0_13 .net v0x57e147e69ef0 13, 7 0, o0x79526e0b8638; 0 drivers
o0x79526e0b8668 .functor BUFZ 8, C4<zzzzzzzz>; HiZ drive
v0x57e147e69ef0_14 .net v0x57e147e69ef0 14, 7 0, o0x79526e0b8668; 0 drivers
o0x79526e0b8698 .functor BUFZ 8, C4<zzzzzzzz>; HiZ drive
v0x57e147e69ef0_15 .net v0x57e147e69ef0 15, 7 0, o0x79526e0b8698; 0 drivers
o0x79526e0b86c8 .functor BUFZ 8, C4<zzzzzzzz>; HiZ drive
v0x57e147e69ef0_16 .net v0x57e147e69ef0 16, 7 0, o0x79526e0b86c8; 0 drivers
o0x79526e0b86f8 .functor BUFZ 8, C4<zzzzzzzz>; HiZ drive
v0x57e147e69ef0_17 .net v0x57e147e69ef0 17, 7 0, o0x79526e0b86f8; 0 drivers
o0x79526e0b8728 .functor BUFZ 8, C4<zzzzzzzz>; HiZ drive
v0x57e147e69ef0_18 .net v0x57e147e69ef0 18, 7 0, o0x79526e0b8728; 0 drivers
o0x79526e0b8758 .functor BUFZ 8, C4<zzzzzzzz>; HiZ drive
v0x57e147e69ef0_19 .net v0x57e147e69ef0 19, 7 0, o0x79526e0b8758; 0 drivers
o0x79526e0b8788 .functor BUFZ 8, C4<zzzzzzzz>; HiZ drive
v0x57e147e69ef0_20 .net v0x57e147e69ef0 20, 7 0, o0x79526e0b8788; 0 drivers
o0x79526e0b87b8 .functor BUFZ 8, C4<zzzzzzzz>; HiZ drive
v0x57e147e69ef0_21 .net v0x57e147e69ef0 21, 7 0, o0x79526e0b87b8; 0 drivers
o0x79526e0b87e8 .functor BUFZ 8, C4<zzzzzzzz>; HiZ drive
v0x57e147e69ef0_22 .net v0x57e147e69ef0 22, 7 0, o0x79526e0b87e8; 0 drivers
o0x79526e0b8818 .functor BUFZ 8, C4<zzzzzzzz>; HiZ drive
v0x57e147e69ef0_23 .net v0x57e147e69ef0 23, 7 0, o0x79526e0b8818; 0 drivers
o0x79526e0b8848 .functor BUFZ 8, C4<zzzzzzzz>; HiZ drive
v0x57e147e69ef0_24 .net v0x57e147e69ef0 24, 7 0, o0x79526e0b8848; 0 drivers
o0x79526e0b8878 .functor BUFZ 8, C4<zzzzzzzz>; HiZ drive
v0x57e147e69ef0_25 .net v0x57e147e69ef0 25, 7 0, o0x79526e0b8878; 0 drivers
o0x79526e0b88a8 .functor BUFZ 8, C4<zzzzzzzz>; HiZ drive
v0x57e147e69ef0_26 .net v0x57e147e69ef0 26, 7 0, o0x79526e0b88a8; 0 drivers
o0x79526e0b88d8 .functor BUFZ 8, C4<zzzzzzzz>; HiZ drive
v0x57e147e69ef0_27 .net v0x57e147e69ef0 27, 7 0, o0x79526e0b88d8; 0 drivers
o0x79526e0b8908 .functor BUFZ 8, C4<zzzzzzzz>; HiZ drive
v0x57e147e69ef0_28 .net v0x57e147e69ef0 28, 7 0, o0x79526e0b8908; 0 drivers
o0x79526e0b8938 .functor BUFZ 8, C4<zzzzzzzz>; HiZ drive
v0x57e147e69ef0_29 .net v0x57e147e69ef0 29, 7 0, o0x79526e0b8938; 0 drivers
o0x79526e0b8968 .functor BUFZ 8, C4<zzzzzzzz>; HiZ drive
v0x57e147e69ef0_30 .net v0x57e147e69ef0 30, 7 0, o0x79526e0b8968; 0 drivers
o0x79526e0b8998 .functor BUFZ 8, C4<zzzzzzzz>; HiZ drive
v0x57e147e69ef0_31 .net v0x57e147e69ef0 31, 7 0, o0x79526e0b8998; 0 drivers
o0x79526e0b89c8 .functor BUFZ 8, C4<zzzzzzzz>; HiZ drive
v0x57e147e69ef0_32 .net v0x57e147e69ef0 32, 7 0, o0x79526e0b89c8; 0 drivers
o0x79526e0b89f8 .functor BUFZ 8, C4<zzzzzzzz>; HiZ drive
v0x57e147e69ef0_33 .net v0x57e147e69ef0 33, 7 0, o0x79526e0b89f8; 0 drivers
o0x79526e0b8a28 .functor BUFZ 8, C4<zzzzzzzz>; HiZ drive
v0x57e147e69ef0_34 .net v0x57e147e69ef0 34, 7 0, o0x79526e0b8a28; 0 drivers
o0x79526e0b8a58 .functor BUFZ 8, C4<zzzzzzzz>; HiZ drive
v0x57e147e69ef0_35 .net v0x57e147e69ef0 35, 7 0, o0x79526e0b8a58; 0 drivers
o0x79526e0b8a88 .functor BUFZ 8, C4<zzzzzzzz>; HiZ drive
v0x57e147e69ef0_36 .net v0x57e147e69ef0 36, 7 0, o0x79526e0b8a88; 0 drivers
o0x79526e0b8ab8 .functor BUFZ 8, C4<zzzzzzzz>; HiZ drive
v0x57e147e69ef0_37 .net v0x57e147e69ef0 37, 7 0, o0x79526e0b8ab8; 0 drivers
o0x79526e0b8ae8 .functor BUFZ 8, C4<zzzzzzzz>; HiZ drive
v0x57e147e69ef0_38 .net v0x57e147e69ef0 38, 7 0, o0x79526e0b8ae8; 0 drivers
o0x79526e0b8b18 .functor BUFZ 8, C4<zzzzzzzz>; HiZ drive
v0x57e147e69ef0_39 .net v0x57e147e69ef0 39, 7 0, o0x79526e0b8b18; 0 drivers
o0x79526e0b8b48 .functor BUFZ 8, C4<zzzzzzzz>; HiZ drive
v0x57e147e69ef0_40 .net v0x57e147e69ef0 40, 7 0, o0x79526e0b8b48; 0 drivers
o0x79526e0b8b78 .functor BUFZ 8, C4<zzzzzzzz>; HiZ drive
v0x57e147e69ef0_41 .net v0x57e147e69ef0 41, 7 0, o0x79526e0b8b78; 0 drivers
o0x79526e0b8ba8 .functor BUFZ 8, C4<zzzzzzzz>; HiZ drive
v0x57e147e69ef0_42 .net v0x57e147e69ef0 42, 7 0, o0x79526e0b8ba8; 0 drivers
o0x79526e0b8bd8 .functor BUFZ 8, C4<zzzzzzzz>; HiZ drive
v0x57e147e69ef0_43 .net v0x57e147e69ef0 43, 7 0, o0x79526e0b8bd8; 0 drivers
o0x79526e0b8c08 .functor BUFZ 8, C4<zzzzzzzz>; HiZ drive
v0x57e147e69ef0_44 .net v0x57e147e69ef0 44, 7 0, o0x79526e0b8c08; 0 drivers
o0x79526e0b8c38 .functor BUFZ 8, C4<zzzzzzzz>; HiZ drive
v0x57e147e69ef0_45 .net v0x57e147e69ef0 45, 7 0, o0x79526e0b8c38; 0 drivers
o0x79526e0b8c68 .functor BUFZ 8, C4<zzzzzzzz>; HiZ drive
v0x57e147e69ef0_46 .net v0x57e147e69ef0 46, 7 0, o0x79526e0b8c68; 0 drivers
o0x79526e0b8c98 .functor BUFZ 8, C4<zzzzzzzz>; HiZ drive
v0x57e147e69ef0_47 .net v0x57e147e69ef0 47, 7 0, o0x79526e0b8c98; 0 drivers
o0x79526e0b8cc8 .functor BUFZ 8, C4<zzzzzzzz>; HiZ drive
v0x57e147e69ef0_48 .net v0x57e147e69ef0 48, 7 0, o0x79526e0b8cc8; 0 drivers
o0x79526e0b8cf8 .functor BUFZ 8, C4<zzzzzzzz>; HiZ drive
v0x57e147e69ef0_49 .net v0x57e147e69ef0 49, 7 0, o0x79526e0b8cf8; 0 drivers
o0x79526e0b8d28 .functor BUFZ 8, C4<zzzzzzzz>; HiZ drive
v0x57e147e69ef0_50 .net v0x57e147e69ef0 50, 7 0, o0x79526e0b8d28; 0 drivers
o0x79526e0b8d58 .functor BUFZ 8, C4<zzzzzzzz>; HiZ drive
v0x57e147e69ef0_51 .net v0x57e147e69ef0 51, 7 0, o0x79526e0b8d58; 0 drivers
o0x79526e0b8d88 .functor BUFZ 8, C4<zzzzzzzz>; HiZ drive
v0x57e147e69ef0_52 .net v0x57e147e69ef0 52, 7 0, o0x79526e0b8d88; 0 drivers
o0x79526e0b8db8 .functor BUFZ 8, C4<zzzzzzzz>; HiZ drive
v0x57e147e69ef0_53 .net v0x57e147e69ef0 53, 7 0, o0x79526e0b8db8; 0 drivers
o0x79526e0b8de8 .functor BUFZ 8, C4<zzzzzzzz>; HiZ drive
v0x57e147e69ef0_54 .net v0x57e147e69ef0 54, 7 0, o0x79526e0b8de8; 0 drivers
o0x79526e0b8e18 .functor BUFZ 8, C4<zzzzzzzz>; HiZ drive
v0x57e147e69ef0_55 .net v0x57e147e69ef0 55, 7 0, o0x79526e0b8e18; 0 drivers
o0x79526e0b8e48 .functor BUFZ 8, C4<zzzzzzzz>; HiZ drive
v0x57e147e69ef0_56 .net v0x57e147e69ef0 56, 7 0, o0x79526e0b8e48; 0 drivers
o0x79526e0b8e78 .functor BUFZ 8, C4<zzzzzzzz>; HiZ drive
v0x57e147e69ef0_57 .net v0x57e147e69ef0 57, 7 0, o0x79526e0b8e78; 0 drivers
o0x79526e0b8ea8 .functor BUFZ 8, C4<zzzzzzzz>; HiZ drive
v0x57e147e69ef0_58 .net v0x57e147e69ef0 58, 7 0, o0x79526e0b8ea8; 0 drivers
o0x79526e0b8ed8 .functor BUFZ 8, C4<zzzzzzzz>; HiZ drive
v0x57e147e69ef0_59 .net v0x57e147e69ef0 59, 7 0, o0x79526e0b8ed8; 0 drivers
o0x79526e0b8f08 .functor BUFZ 8, C4<zzzzzzzz>; HiZ drive
v0x57e147e69ef0_60 .net v0x57e147e69ef0 60, 7 0, o0x79526e0b8f08; 0 drivers
o0x79526e0b8f38 .functor BUFZ 8, C4<zzzzzzzz>; HiZ drive
v0x57e147e69ef0_61 .net v0x57e147e69ef0 61, 7 0, o0x79526e0b8f38; 0 drivers
o0x79526e0b8f68 .functor BUFZ 8, C4<zzzzzzzz>; HiZ drive
v0x57e147e69ef0_62 .net v0x57e147e69ef0 62, 7 0, o0x79526e0b8f68; 0 drivers
o0x79526e0b8f98 .functor BUFZ 8, C4<zzzzzzzz>; HiZ drive
v0x57e147e69ef0_63 .net v0x57e147e69ef0 63, 7 0, o0x79526e0b8f98; 0 drivers
o0x79526e0b8fc8 .functor BUFZ 8, C4<zzzzzzzz>; HiZ drive
v0x57e147e69ef0_64 .net v0x57e147e69ef0 64, 7 0, o0x79526e0b8fc8; 0 drivers
o0x79526e0b8ff8 .functor BUFZ 8, C4<zzzzzzzz>; HiZ drive
v0x57e147e69ef0_65 .net v0x57e147e69ef0 65, 7 0, o0x79526e0b8ff8; 0 drivers
o0x79526e0b9028 .functor BUFZ 8, C4<zzzzzzzz>; HiZ drive
v0x57e147e69ef0_66 .net v0x57e147e69ef0 66, 7 0, o0x79526e0b9028; 0 drivers
o0x79526e0b9058 .functor BUFZ 8, C4<zzzzzzzz>; HiZ drive
v0x57e147e69ef0_67 .net v0x57e147e69ef0 67, 7 0, o0x79526e0b9058; 0 drivers
o0x79526e0b9088 .functor BUFZ 8, C4<zzzzzzzz>; HiZ drive
v0x57e147e69ef0_68 .net v0x57e147e69ef0 68, 7 0, o0x79526e0b9088; 0 drivers
o0x79526e0b90b8 .functor BUFZ 8, C4<zzzzzzzz>; HiZ drive
v0x57e147e69ef0_69 .net v0x57e147e69ef0 69, 7 0, o0x79526e0b90b8; 0 drivers
o0x79526e0b90e8 .functor BUFZ 8, C4<zzzzzzzz>; HiZ drive
v0x57e147e69ef0_70 .net v0x57e147e69ef0 70, 7 0, o0x79526e0b90e8; 0 drivers
o0x79526e0b9118 .functor BUFZ 8, C4<zzzzzzzz>; HiZ drive
v0x57e147e69ef0_71 .net v0x57e147e69ef0 71, 7 0, o0x79526e0b9118; 0 drivers
o0x79526e0b9148 .functor BUFZ 8, C4<zzzzzzzz>; HiZ drive
v0x57e147e69ef0_72 .net v0x57e147e69ef0 72, 7 0, o0x79526e0b9148; 0 drivers
o0x79526e0b9178 .functor BUFZ 8, C4<zzzzzzzz>; HiZ drive
v0x57e147e69ef0_73 .net v0x57e147e69ef0 73, 7 0, o0x79526e0b9178; 0 drivers
o0x79526e0b91a8 .functor BUFZ 8, C4<zzzzzzzz>; HiZ drive
v0x57e147e69ef0_74 .net v0x57e147e69ef0 74, 7 0, o0x79526e0b91a8; 0 drivers
o0x79526e0b91d8 .functor BUFZ 8, C4<zzzzzzzz>; HiZ drive
v0x57e147e69ef0_75 .net v0x57e147e69ef0 75, 7 0, o0x79526e0b91d8; 0 drivers
o0x79526e0b9208 .functor BUFZ 8, C4<zzzzzzzz>; HiZ drive
v0x57e147e69ef0_76 .net v0x57e147e69ef0 76, 7 0, o0x79526e0b9208; 0 drivers
o0x79526e0b9238 .functor BUFZ 8, C4<zzzzzzzz>; HiZ drive
v0x57e147e69ef0_77 .net v0x57e147e69ef0 77, 7 0, o0x79526e0b9238; 0 drivers
o0x79526e0b9268 .functor BUFZ 8, C4<zzzzzzzz>; HiZ drive
v0x57e147e69ef0_78 .net v0x57e147e69ef0 78, 7 0, o0x79526e0b9268; 0 drivers
o0x79526e0b9298 .functor BUFZ 8, C4<zzzzzzzz>; HiZ drive
v0x57e147e69ef0_79 .net v0x57e147e69ef0 79, 7 0, o0x79526e0b9298; 0 drivers
o0x79526e0b92c8 .functor BUFZ 8, C4<zzzzzzzz>; HiZ drive
v0x57e147e69ef0_80 .net v0x57e147e69ef0 80, 7 0, o0x79526e0b92c8; 0 drivers
o0x79526e0b92f8 .functor BUFZ 8, C4<zzzzzzzz>; HiZ drive
v0x57e147e69ef0_81 .net v0x57e147e69ef0 81, 7 0, o0x79526e0b92f8; 0 drivers
o0x79526e0b9328 .functor BUFZ 8, C4<zzzzzzzz>; HiZ drive
v0x57e147e69ef0_82 .net v0x57e147e69ef0 82, 7 0, o0x79526e0b9328; 0 drivers
o0x79526e0b9358 .functor BUFZ 8, C4<zzzzzzzz>; HiZ drive
v0x57e147e69ef0_83 .net v0x57e147e69ef0 83, 7 0, o0x79526e0b9358; 0 drivers
o0x79526e0b9388 .functor BUFZ 8, C4<zzzzzzzz>; HiZ drive
v0x57e147e69ef0_84 .net v0x57e147e69ef0 84, 7 0, o0x79526e0b9388; 0 drivers
o0x79526e0b93b8 .functor BUFZ 8, C4<zzzzzzzz>; HiZ drive
v0x57e147e69ef0_85 .net v0x57e147e69ef0 85, 7 0, o0x79526e0b93b8; 0 drivers
o0x79526e0b93e8 .functor BUFZ 8, C4<zzzzzzzz>; HiZ drive
v0x57e147e69ef0_86 .net v0x57e147e69ef0 86, 7 0, o0x79526e0b93e8; 0 drivers
o0x79526e0b9418 .functor BUFZ 8, C4<zzzzzzzz>; HiZ drive
v0x57e147e69ef0_87 .net v0x57e147e69ef0 87, 7 0, o0x79526e0b9418; 0 drivers
o0x79526e0b9448 .functor BUFZ 8, C4<zzzzzzzz>; HiZ drive
v0x57e147e69ef0_88 .net v0x57e147e69ef0 88, 7 0, o0x79526e0b9448; 0 drivers
o0x79526e0b9478 .functor BUFZ 8, C4<zzzzzzzz>; HiZ drive
v0x57e147e69ef0_89 .net v0x57e147e69ef0 89, 7 0, o0x79526e0b9478; 0 drivers
o0x79526e0b94a8 .functor BUFZ 8, C4<zzzzzzzz>; HiZ drive
v0x57e147e69ef0_90 .net v0x57e147e69ef0 90, 7 0, o0x79526e0b94a8; 0 drivers
o0x79526e0b94d8 .functor BUFZ 8, C4<zzzzzzzz>; HiZ drive
v0x57e147e69ef0_91 .net v0x57e147e69ef0 91, 7 0, o0x79526e0b94d8; 0 drivers
o0x79526e0b9508 .functor BUFZ 8, C4<zzzzzzzz>; HiZ drive
v0x57e147e69ef0_92 .net v0x57e147e69ef0 92, 7 0, o0x79526e0b9508; 0 drivers
o0x79526e0b9538 .functor BUFZ 8, C4<zzzzzzzz>; HiZ drive
v0x57e147e69ef0_93 .net v0x57e147e69ef0 93, 7 0, o0x79526e0b9538; 0 drivers
o0x79526e0b9568 .functor BUFZ 8, C4<zzzzzzzz>; HiZ drive
v0x57e147e69ef0_94 .net v0x57e147e69ef0 94, 7 0, o0x79526e0b9568; 0 drivers
o0x79526e0b9598 .functor BUFZ 8, C4<zzzzzzzz>; HiZ drive
v0x57e147e69ef0_95 .net v0x57e147e69ef0 95, 7 0, o0x79526e0b9598; 0 drivers
o0x79526e0b95c8 .functor BUFZ 8, C4<zzzzzzzz>; HiZ drive
v0x57e147e69ef0_96 .net v0x57e147e69ef0 96, 7 0, o0x79526e0b95c8; 0 drivers
o0x79526e0b95f8 .functor BUFZ 8, C4<zzzzzzzz>; HiZ drive
v0x57e147e69ef0_97 .net v0x57e147e69ef0 97, 7 0, o0x79526e0b95f8; 0 drivers
o0x79526e0b9628 .functor BUFZ 8, C4<zzzzzzzz>; HiZ drive
v0x57e147e69ef0_98 .net v0x57e147e69ef0 98, 7 0, o0x79526e0b9628; 0 drivers
o0x79526e0b9658 .functor BUFZ 8, C4<zzzzzzzz>; HiZ drive
v0x57e147e69ef0_99 .net v0x57e147e69ef0 99, 7 0, o0x79526e0b9658; 0 drivers
o0x79526e0b9688 .functor BUFZ 8, C4<zzzzzzzz>; HiZ drive
v0x57e147e69ef0_100 .net v0x57e147e69ef0 100, 7 0, o0x79526e0b9688; 0 drivers
o0x79526e0b96b8 .functor BUFZ 8, C4<zzzzzzzz>; HiZ drive
v0x57e147e69ef0_101 .net v0x57e147e69ef0 101, 7 0, o0x79526e0b96b8; 0 drivers
o0x79526e0b96e8 .functor BUFZ 8, C4<zzzzzzzz>; HiZ drive
v0x57e147e69ef0_102 .net v0x57e147e69ef0 102, 7 0, o0x79526e0b96e8; 0 drivers
o0x79526e0b9718 .functor BUFZ 8, C4<zzzzzzzz>; HiZ drive
v0x57e147e69ef0_103 .net v0x57e147e69ef0 103, 7 0, o0x79526e0b9718; 0 drivers
o0x79526e0b9748 .functor BUFZ 8, C4<zzzzzzzz>; HiZ drive
v0x57e147e69ef0_104 .net v0x57e147e69ef0 104, 7 0, o0x79526e0b9748; 0 drivers
o0x79526e0b9778 .functor BUFZ 8, C4<zzzzzzzz>; HiZ drive
v0x57e147e69ef0_105 .net v0x57e147e69ef0 105, 7 0, o0x79526e0b9778; 0 drivers
o0x79526e0b97a8 .functor BUFZ 8, C4<zzzzzzzz>; HiZ drive
v0x57e147e69ef0_106 .net v0x57e147e69ef0 106, 7 0, o0x79526e0b97a8; 0 drivers
o0x79526e0b97d8 .functor BUFZ 8, C4<zzzzzzzz>; HiZ drive
v0x57e147e69ef0_107 .net v0x57e147e69ef0 107, 7 0, o0x79526e0b97d8; 0 drivers
o0x79526e0b9808 .functor BUFZ 8, C4<zzzzzzzz>; HiZ drive
v0x57e147e69ef0_108 .net v0x57e147e69ef0 108, 7 0, o0x79526e0b9808; 0 drivers
o0x79526e0b9838 .functor BUFZ 8, C4<zzzzzzzz>; HiZ drive
v0x57e147e69ef0_109 .net v0x57e147e69ef0 109, 7 0, o0x79526e0b9838; 0 drivers
o0x79526e0b9868 .functor BUFZ 8, C4<zzzzzzzz>; HiZ drive
v0x57e147e69ef0_110 .net v0x57e147e69ef0 110, 7 0, o0x79526e0b9868; 0 drivers
o0x79526e0b9898 .functor BUFZ 8, C4<zzzzzzzz>; HiZ drive
v0x57e147e69ef0_111 .net v0x57e147e69ef0 111, 7 0, o0x79526e0b9898; 0 drivers
o0x79526e0b98c8 .functor BUFZ 8, C4<zzzzzzzz>; HiZ drive
v0x57e147e69ef0_112 .net v0x57e147e69ef0 112, 7 0, o0x79526e0b98c8; 0 drivers
o0x79526e0b98f8 .functor BUFZ 8, C4<zzzzzzzz>; HiZ drive
v0x57e147e69ef0_113 .net v0x57e147e69ef0 113, 7 0, o0x79526e0b98f8; 0 drivers
o0x79526e0b9928 .functor BUFZ 8, C4<zzzzzzzz>; HiZ drive
v0x57e147e69ef0_114 .net v0x57e147e69ef0 114, 7 0, o0x79526e0b9928; 0 drivers
o0x79526e0b9958 .functor BUFZ 8, C4<zzzzzzzz>; HiZ drive
v0x57e147e69ef0_115 .net v0x57e147e69ef0 115, 7 0, o0x79526e0b9958; 0 drivers
o0x79526e0b9988 .functor BUFZ 8, C4<zzzzzzzz>; HiZ drive
v0x57e147e69ef0_116 .net v0x57e147e69ef0 116, 7 0, o0x79526e0b9988; 0 drivers
o0x79526e0b99b8 .functor BUFZ 8, C4<zzzzzzzz>; HiZ drive
v0x57e147e69ef0_117 .net v0x57e147e69ef0 117, 7 0, o0x79526e0b99b8; 0 drivers
o0x79526e0b99e8 .functor BUFZ 8, C4<zzzzzzzz>; HiZ drive
v0x57e147e69ef0_118 .net v0x57e147e69ef0 118, 7 0, o0x79526e0b99e8; 0 drivers
o0x79526e0b9a18 .functor BUFZ 8, C4<zzzzzzzz>; HiZ drive
v0x57e147e69ef0_119 .net v0x57e147e69ef0 119, 7 0, o0x79526e0b9a18; 0 drivers
o0x79526e0b9a48 .functor BUFZ 8, C4<zzzzzzzz>; HiZ drive
v0x57e147e69ef0_120 .net v0x57e147e69ef0 120, 7 0, o0x79526e0b9a48; 0 drivers
o0x79526e0b9a78 .functor BUFZ 8, C4<zzzzzzzz>; HiZ drive
v0x57e147e69ef0_121 .net v0x57e147e69ef0 121, 7 0, o0x79526e0b9a78; 0 drivers
o0x79526e0b9aa8 .functor BUFZ 8, C4<zzzzzzzz>; HiZ drive
v0x57e147e69ef0_122 .net v0x57e147e69ef0 122, 7 0, o0x79526e0b9aa8; 0 drivers
o0x79526e0b9ad8 .functor BUFZ 8, C4<zzzzzzzz>; HiZ drive
v0x57e147e69ef0_123 .net v0x57e147e69ef0 123, 7 0, o0x79526e0b9ad8; 0 drivers
o0x79526e0b9b08 .functor BUFZ 8, C4<zzzzzzzz>; HiZ drive
v0x57e147e69ef0_124 .net v0x57e147e69ef0 124, 7 0, o0x79526e0b9b08; 0 drivers
o0x79526e0b9b38 .functor BUFZ 8, C4<zzzzzzzz>; HiZ drive
v0x57e147e69ef0_125 .net v0x57e147e69ef0 125, 7 0, o0x79526e0b9b38; 0 drivers
o0x79526e0b9b68 .functor BUFZ 8, C4<zzzzzzzz>; HiZ drive
v0x57e147e69ef0_126 .net v0x57e147e69ef0 126, 7 0, o0x79526e0b9b68; 0 drivers
o0x79526e0b9b98 .functor BUFZ 8, C4<zzzzzzzz>; HiZ drive
v0x57e147e69ef0_127 .net v0x57e147e69ef0 127, 7 0, o0x79526e0b9b98; 0 drivers
o0x79526e0b9bc8 .functor BUFZ 8, C4<zzzzzzzz>; HiZ drive
v0x57e147e69ef0_128 .net v0x57e147e69ef0 128, 7 0, o0x79526e0b9bc8; 0 drivers
o0x79526e0b9bf8 .functor BUFZ 8, C4<zzzzzzzz>; HiZ drive
v0x57e147e69ef0_129 .net v0x57e147e69ef0 129, 7 0, o0x79526e0b9bf8; 0 drivers
o0x79526e0b9c28 .functor BUFZ 8, C4<zzzzzzzz>; HiZ drive
v0x57e147e69ef0_130 .net v0x57e147e69ef0 130, 7 0, o0x79526e0b9c28; 0 drivers
o0x79526e0b9c58 .functor BUFZ 8, C4<zzzzzzzz>; HiZ drive
v0x57e147e69ef0_131 .net v0x57e147e69ef0 131, 7 0, o0x79526e0b9c58; 0 drivers
o0x79526e0b9c88 .functor BUFZ 8, C4<zzzzzzzz>; HiZ drive
v0x57e147e69ef0_132 .net v0x57e147e69ef0 132, 7 0, o0x79526e0b9c88; 0 drivers
o0x79526e0b9cb8 .functor BUFZ 8, C4<zzzzzzzz>; HiZ drive
v0x57e147e69ef0_133 .net v0x57e147e69ef0 133, 7 0, o0x79526e0b9cb8; 0 drivers
o0x79526e0b9ce8 .functor BUFZ 8, C4<zzzzzzzz>; HiZ drive
v0x57e147e69ef0_134 .net v0x57e147e69ef0 134, 7 0, o0x79526e0b9ce8; 0 drivers
o0x79526e0b9d18 .functor BUFZ 8, C4<zzzzzzzz>; HiZ drive
v0x57e147e69ef0_135 .net v0x57e147e69ef0 135, 7 0, o0x79526e0b9d18; 0 drivers
o0x79526e0b9d48 .functor BUFZ 8, C4<zzzzzzzz>; HiZ drive
v0x57e147e69ef0_136 .net v0x57e147e69ef0 136, 7 0, o0x79526e0b9d48; 0 drivers
o0x79526e0b9d78 .functor BUFZ 8, C4<zzzzzzzz>; HiZ drive
v0x57e147e69ef0_137 .net v0x57e147e69ef0 137, 7 0, o0x79526e0b9d78; 0 drivers
o0x79526e0b9da8 .functor BUFZ 8, C4<zzzzzzzz>; HiZ drive
v0x57e147e69ef0_138 .net v0x57e147e69ef0 138, 7 0, o0x79526e0b9da8; 0 drivers
o0x79526e0b9dd8 .functor BUFZ 8, C4<zzzzzzzz>; HiZ drive
v0x57e147e69ef0_139 .net v0x57e147e69ef0 139, 7 0, o0x79526e0b9dd8; 0 drivers
o0x79526e0b9e08 .functor BUFZ 8, C4<zzzzzzzz>; HiZ drive
v0x57e147e69ef0_140 .net v0x57e147e69ef0 140, 7 0, o0x79526e0b9e08; 0 drivers
o0x79526e0b9e38 .functor BUFZ 8, C4<zzzzzzzz>; HiZ drive
v0x57e147e69ef0_141 .net v0x57e147e69ef0 141, 7 0, o0x79526e0b9e38; 0 drivers
o0x79526e0b9e68 .functor BUFZ 8, C4<zzzzzzzz>; HiZ drive
v0x57e147e69ef0_142 .net v0x57e147e69ef0 142, 7 0, o0x79526e0b9e68; 0 drivers
o0x79526e0b9e98 .functor BUFZ 8, C4<zzzzzzzz>; HiZ drive
v0x57e147e69ef0_143 .net v0x57e147e69ef0 143, 7 0, o0x79526e0b9e98; 0 drivers
o0x79526e0b9ec8 .functor BUFZ 8, C4<zzzzzzzz>; HiZ drive
v0x57e147e69ef0_144 .net v0x57e147e69ef0 144, 7 0, o0x79526e0b9ec8; 0 drivers
o0x79526e0b9ef8 .functor BUFZ 8, C4<zzzzzzzz>; HiZ drive
v0x57e147e69ef0_145 .net v0x57e147e69ef0 145, 7 0, o0x79526e0b9ef8; 0 drivers
o0x79526e0b9f28 .functor BUFZ 8, C4<zzzzzzzz>; HiZ drive
v0x57e147e69ef0_146 .net v0x57e147e69ef0 146, 7 0, o0x79526e0b9f28; 0 drivers
o0x79526e0b9f58 .functor BUFZ 8, C4<zzzzzzzz>; HiZ drive
v0x57e147e69ef0_147 .net v0x57e147e69ef0 147, 7 0, o0x79526e0b9f58; 0 drivers
o0x79526e0b9f88 .functor BUFZ 8, C4<zzzzzzzz>; HiZ drive
v0x57e147e69ef0_148 .net v0x57e147e69ef0 148, 7 0, o0x79526e0b9f88; 0 drivers
o0x79526e0b9fb8 .functor BUFZ 8, C4<zzzzzzzz>; HiZ drive
v0x57e147e69ef0_149 .net v0x57e147e69ef0 149, 7 0, o0x79526e0b9fb8; 0 drivers
o0x79526e0b9fe8 .functor BUFZ 8, C4<zzzzzzzz>; HiZ drive
v0x57e147e69ef0_150 .net v0x57e147e69ef0 150, 7 0, o0x79526e0b9fe8; 0 drivers
o0x79526e0ba018 .functor BUFZ 8, C4<zzzzzzzz>; HiZ drive
v0x57e147e69ef0_151 .net v0x57e147e69ef0 151, 7 0, o0x79526e0ba018; 0 drivers
o0x79526e0ba048 .functor BUFZ 8, C4<zzzzzzzz>; HiZ drive
v0x57e147e69ef0_152 .net v0x57e147e69ef0 152, 7 0, o0x79526e0ba048; 0 drivers
o0x79526e0ba078 .functor BUFZ 8, C4<zzzzzzzz>; HiZ drive
v0x57e147e69ef0_153 .net v0x57e147e69ef0 153, 7 0, o0x79526e0ba078; 0 drivers
o0x79526e0ba0a8 .functor BUFZ 8, C4<zzzzzzzz>; HiZ drive
v0x57e147e69ef0_154 .net v0x57e147e69ef0 154, 7 0, o0x79526e0ba0a8; 0 drivers
o0x79526e0ba0d8 .functor BUFZ 8, C4<zzzzzzzz>; HiZ drive
v0x57e147e69ef0_155 .net v0x57e147e69ef0 155, 7 0, o0x79526e0ba0d8; 0 drivers
o0x79526e0ba108 .functor BUFZ 8, C4<zzzzzzzz>; HiZ drive
v0x57e147e69ef0_156 .net v0x57e147e69ef0 156, 7 0, o0x79526e0ba108; 0 drivers
o0x79526e0ba138 .functor BUFZ 8, C4<zzzzzzzz>; HiZ drive
v0x57e147e69ef0_157 .net v0x57e147e69ef0 157, 7 0, o0x79526e0ba138; 0 drivers
o0x79526e0ba168 .functor BUFZ 8, C4<zzzzzzzz>; HiZ drive
v0x57e147e69ef0_158 .net v0x57e147e69ef0 158, 7 0, o0x79526e0ba168; 0 drivers
o0x79526e0ba198 .functor BUFZ 8, C4<zzzzzzzz>; HiZ drive
v0x57e147e69ef0_159 .net v0x57e147e69ef0 159, 7 0, o0x79526e0ba198; 0 drivers
o0x79526e0ba1c8 .functor BUFZ 8, C4<zzzzzzzz>; HiZ drive
v0x57e147e69ef0_160 .net v0x57e147e69ef0 160, 7 0, o0x79526e0ba1c8; 0 drivers
o0x79526e0ba1f8 .functor BUFZ 8, C4<zzzzzzzz>; HiZ drive
v0x57e147e69ef0_161 .net v0x57e147e69ef0 161, 7 0, o0x79526e0ba1f8; 0 drivers
o0x79526e0ba228 .functor BUFZ 8, C4<zzzzzzzz>; HiZ drive
v0x57e147e69ef0_162 .net v0x57e147e69ef0 162, 7 0, o0x79526e0ba228; 0 drivers
o0x79526e0ba258 .functor BUFZ 8, C4<zzzzzzzz>; HiZ drive
v0x57e147e69ef0_163 .net v0x57e147e69ef0 163, 7 0, o0x79526e0ba258; 0 drivers
o0x79526e0ba288 .functor BUFZ 8, C4<zzzzzzzz>; HiZ drive
v0x57e147e69ef0_164 .net v0x57e147e69ef0 164, 7 0, o0x79526e0ba288; 0 drivers
o0x79526e0ba2b8 .functor BUFZ 8, C4<zzzzzzzz>; HiZ drive
v0x57e147e69ef0_165 .net v0x57e147e69ef0 165, 7 0, o0x79526e0ba2b8; 0 drivers
o0x79526e0ba2e8 .functor BUFZ 8, C4<zzzzzzzz>; HiZ drive
v0x57e147e69ef0_166 .net v0x57e147e69ef0 166, 7 0, o0x79526e0ba2e8; 0 drivers
o0x79526e0ba318 .functor BUFZ 8, C4<zzzzzzzz>; HiZ drive
v0x57e147e69ef0_167 .net v0x57e147e69ef0 167, 7 0, o0x79526e0ba318; 0 drivers
o0x79526e0ba348 .functor BUFZ 8, C4<zzzzzzzz>; HiZ drive
v0x57e147e69ef0_168 .net v0x57e147e69ef0 168, 7 0, o0x79526e0ba348; 0 drivers
o0x79526e0ba378 .functor BUFZ 8, C4<zzzzzzzz>; HiZ drive
v0x57e147e69ef0_169 .net v0x57e147e69ef0 169, 7 0, o0x79526e0ba378; 0 drivers
o0x79526e0ba3a8 .functor BUFZ 8, C4<zzzzzzzz>; HiZ drive
v0x57e147e69ef0_170 .net v0x57e147e69ef0 170, 7 0, o0x79526e0ba3a8; 0 drivers
o0x79526e0ba3d8 .functor BUFZ 8, C4<zzzzzzzz>; HiZ drive
v0x57e147e69ef0_171 .net v0x57e147e69ef0 171, 7 0, o0x79526e0ba3d8; 0 drivers
o0x79526e0ba408 .functor BUFZ 8, C4<zzzzzzzz>; HiZ drive
v0x57e147e69ef0_172 .net v0x57e147e69ef0 172, 7 0, o0x79526e0ba408; 0 drivers
o0x79526e0ba438 .functor BUFZ 8, C4<zzzzzzzz>; HiZ drive
v0x57e147e69ef0_173 .net v0x57e147e69ef0 173, 7 0, o0x79526e0ba438; 0 drivers
o0x79526e0ba468 .functor BUFZ 8, C4<zzzzzzzz>; HiZ drive
v0x57e147e69ef0_174 .net v0x57e147e69ef0 174, 7 0, o0x79526e0ba468; 0 drivers
o0x79526e0ba498 .functor BUFZ 8, C4<zzzzzzzz>; HiZ drive
v0x57e147e69ef0_175 .net v0x57e147e69ef0 175, 7 0, o0x79526e0ba498; 0 drivers
o0x79526e0ba4c8 .functor BUFZ 8, C4<zzzzzzzz>; HiZ drive
v0x57e147e69ef0_176 .net v0x57e147e69ef0 176, 7 0, o0x79526e0ba4c8; 0 drivers
o0x79526e0ba4f8 .functor BUFZ 8, C4<zzzzzzzz>; HiZ drive
v0x57e147e69ef0_177 .net v0x57e147e69ef0 177, 7 0, o0x79526e0ba4f8; 0 drivers
o0x79526e0ba528 .functor BUFZ 8, C4<zzzzzzzz>; HiZ drive
v0x57e147e69ef0_178 .net v0x57e147e69ef0 178, 7 0, o0x79526e0ba528; 0 drivers
o0x79526e0ba558 .functor BUFZ 8, C4<zzzzzzzz>; HiZ drive
v0x57e147e69ef0_179 .net v0x57e147e69ef0 179, 7 0, o0x79526e0ba558; 0 drivers
o0x79526e0ba588 .functor BUFZ 8, C4<zzzzzzzz>; HiZ drive
v0x57e147e69ef0_180 .net v0x57e147e69ef0 180, 7 0, o0x79526e0ba588; 0 drivers
o0x79526e0ba5b8 .functor BUFZ 8, C4<zzzzzzzz>; HiZ drive
v0x57e147e69ef0_181 .net v0x57e147e69ef0 181, 7 0, o0x79526e0ba5b8; 0 drivers
o0x79526e0ba5e8 .functor BUFZ 8, C4<zzzzzzzz>; HiZ drive
v0x57e147e69ef0_182 .net v0x57e147e69ef0 182, 7 0, o0x79526e0ba5e8; 0 drivers
o0x79526e0ba618 .functor BUFZ 8, C4<zzzzzzzz>; HiZ drive
v0x57e147e69ef0_183 .net v0x57e147e69ef0 183, 7 0, o0x79526e0ba618; 0 drivers
o0x79526e0ba648 .functor BUFZ 8, C4<zzzzzzzz>; HiZ drive
v0x57e147e69ef0_184 .net v0x57e147e69ef0 184, 7 0, o0x79526e0ba648; 0 drivers
o0x79526e0ba678 .functor BUFZ 8, C4<zzzzzzzz>; HiZ drive
v0x57e147e69ef0_185 .net v0x57e147e69ef0 185, 7 0, o0x79526e0ba678; 0 drivers
o0x79526e0ba6a8 .functor BUFZ 8, C4<zzzzzzzz>; HiZ drive
v0x57e147e69ef0_186 .net v0x57e147e69ef0 186, 7 0, o0x79526e0ba6a8; 0 drivers
o0x79526e0ba6d8 .functor BUFZ 8, C4<zzzzzzzz>; HiZ drive
v0x57e147e69ef0_187 .net v0x57e147e69ef0 187, 7 0, o0x79526e0ba6d8; 0 drivers
o0x79526e0ba708 .functor BUFZ 8, C4<zzzzzzzz>; HiZ drive
v0x57e147e69ef0_188 .net v0x57e147e69ef0 188, 7 0, o0x79526e0ba708; 0 drivers
o0x79526e0ba738 .functor BUFZ 8, C4<zzzzzzzz>; HiZ drive
v0x57e147e69ef0_189 .net v0x57e147e69ef0 189, 7 0, o0x79526e0ba738; 0 drivers
o0x79526e0ba768 .functor BUFZ 8, C4<zzzzzzzz>; HiZ drive
v0x57e147e69ef0_190 .net v0x57e147e69ef0 190, 7 0, o0x79526e0ba768; 0 drivers
o0x79526e0ba798 .functor BUFZ 8, C4<zzzzzzzz>; HiZ drive
v0x57e147e69ef0_191 .net v0x57e147e69ef0 191, 7 0, o0x79526e0ba798; 0 drivers
o0x79526e0ba7c8 .functor BUFZ 8, C4<zzzzzzzz>; HiZ drive
v0x57e147e69ef0_192 .net v0x57e147e69ef0 192, 7 0, o0x79526e0ba7c8; 0 drivers
o0x79526e0ba7f8 .functor BUFZ 8, C4<zzzzzzzz>; HiZ drive
v0x57e147e69ef0_193 .net v0x57e147e69ef0 193, 7 0, o0x79526e0ba7f8; 0 drivers
o0x79526e0ba828 .functor BUFZ 8, C4<zzzzzzzz>; HiZ drive
v0x57e147e69ef0_194 .net v0x57e147e69ef0 194, 7 0, o0x79526e0ba828; 0 drivers
o0x79526e0ba858 .functor BUFZ 8, C4<zzzzzzzz>; HiZ drive
v0x57e147e69ef0_195 .net v0x57e147e69ef0 195, 7 0, o0x79526e0ba858; 0 drivers
o0x79526e0ba888 .functor BUFZ 8, C4<zzzzzzzz>; HiZ drive
v0x57e147e69ef0_196 .net v0x57e147e69ef0 196, 7 0, o0x79526e0ba888; 0 drivers
o0x79526e0ba8b8 .functor BUFZ 8, C4<zzzzzzzz>; HiZ drive
v0x57e147e69ef0_197 .net v0x57e147e69ef0 197, 7 0, o0x79526e0ba8b8; 0 drivers
o0x79526e0ba8e8 .functor BUFZ 8, C4<zzzzzzzz>; HiZ drive
v0x57e147e69ef0_198 .net v0x57e147e69ef0 198, 7 0, o0x79526e0ba8e8; 0 drivers
o0x79526e0ba918 .functor BUFZ 8, C4<zzzzzzzz>; HiZ drive
v0x57e147e69ef0_199 .net v0x57e147e69ef0 199, 7 0, o0x79526e0ba918; 0 drivers
o0x79526e0ba948 .functor BUFZ 8, C4<zzzzzzzz>; HiZ drive
v0x57e147e69ef0_200 .net v0x57e147e69ef0 200, 7 0, o0x79526e0ba948; 0 drivers
o0x79526e0ba978 .functor BUFZ 8, C4<zzzzzzzz>; HiZ drive
v0x57e147e69ef0_201 .net v0x57e147e69ef0 201, 7 0, o0x79526e0ba978; 0 drivers
o0x79526e0ba9a8 .functor BUFZ 8, C4<zzzzzzzz>; HiZ drive
v0x57e147e69ef0_202 .net v0x57e147e69ef0 202, 7 0, o0x79526e0ba9a8; 0 drivers
o0x79526e0ba9d8 .functor BUFZ 8, C4<zzzzzzzz>; HiZ drive
v0x57e147e69ef0_203 .net v0x57e147e69ef0 203, 7 0, o0x79526e0ba9d8; 0 drivers
o0x79526e0baa08 .functor BUFZ 8, C4<zzzzzzzz>; HiZ drive
v0x57e147e69ef0_204 .net v0x57e147e69ef0 204, 7 0, o0x79526e0baa08; 0 drivers
o0x79526e0baa38 .functor BUFZ 8, C4<zzzzzzzz>; HiZ drive
v0x57e147e69ef0_205 .net v0x57e147e69ef0 205, 7 0, o0x79526e0baa38; 0 drivers
o0x79526e0baa68 .functor BUFZ 8, C4<zzzzzzzz>; HiZ drive
v0x57e147e69ef0_206 .net v0x57e147e69ef0 206, 7 0, o0x79526e0baa68; 0 drivers
o0x79526e0baa98 .functor BUFZ 8, C4<zzzzzzzz>; HiZ drive
v0x57e147e69ef0_207 .net v0x57e147e69ef0 207, 7 0, o0x79526e0baa98; 0 drivers
o0x79526e0baac8 .functor BUFZ 8, C4<zzzzzzzz>; HiZ drive
v0x57e147e69ef0_208 .net v0x57e147e69ef0 208, 7 0, o0x79526e0baac8; 0 drivers
o0x79526e0baaf8 .functor BUFZ 8, C4<zzzzzzzz>; HiZ drive
v0x57e147e69ef0_209 .net v0x57e147e69ef0 209, 7 0, o0x79526e0baaf8; 0 drivers
o0x79526e0bab28 .functor BUFZ 8, C4<zzzzzzzz>; HiZ drive
v0x57e147e69ef0_210 .net v0x57e147e69ef0 210, 7 0, o0x79526e0bab28; 0 drivers
o0x79526e0bab58 .functor BUFZ 8, C4<zzzzzzzz>; HiZ drive
v0x57e147e69ef0_211 .net v0x57e147e69ef0 211, 7 0, o0x79526e0bab58; 0 drivers
o0x79526e0bab88 .functor BUFZ 8, C4<zzzzzzzz>; HiZ drive
v0x57e147e69ef0_212 .net v0x57e147e69ef0 212, 7 0, o0x79526e0bab88; 0 drivers
o0x79526e0babb8 .functor BUFZ 8, C4<zzzzzzzz>; HiZ drive
v0x57e147e69ef0_213 .net v0x57e147e69ef0 213, 7 0, o0x79526e0babb8; 0 drivers
o0x79526e0babe8 .functor BUFZ 8, C4<zzzzzzzz>; HiZ drive
v0x57e147e69ef0_214 .net v0x57e147e69ef0 214, 7 0, o0x79526e0babe8; 0 drivers
o0x79526e0bac18 .functor BUFZ 8, C4<zzzzzzzz>; HiZ drive
v0x57e147e69ef0_215 .net v0x57e147e69ef0 215, 7 0, o0x79526e0bac18; 0 drivers
o0x79526e0bac48 .functor BUFZ 8, C4<zzzzzzzz>; HiZ drive
v0x57e147e69ef0_216 .net v0x57e147e69ef0 216, 7 0, o0x79526e0bac48; 0 drivers
o0x79526e0bac78 .functor BUFZ 8, C4<zzzzzzzz>; HiZ drive
v0x57e147e69ef0_217 .net v0x57e147e69ef0 217, 7 0, o0x79526e0bac78; 0 drivers
o0x79526e0baca8 .functor BUFZ 8, C4<zzzzzzzz>; HiZ drive
v0x57e147e69ef0_218 .net v0x57e147e69ef0 218, 7 0, o0x79526e0baca8; 0 drivers
o0x79526e0bacd8 .functor BUFZ 8, C4<zzzzzzzz>; HiZ drive
v0x57e147e69ef0_219 .net v0x57e147e69ef0 219, 7 0, o0x79526e0bacd8; 0 drivers
o0x79526e0bad08 .functor BUFZ 8, C4<zzzzzzzz>; HiZ drive
v0x57e147e69ef0_220 .net v0x57e147e69ef0 220, 7 0, o0x79526e0bad08; 0 drivers
o0x79526e0bad38 .functor BUFZ 8, C4<zzzzzzzz>; HiZ drive
v0x57e147e69ef0_221 .net v0x57e147e69ef0 221, 7 0, o0x79526e0bad38; 0 drivers
o0x79526e0bad68 .functor BUFZ 8, C4<zzzzzzzz>; HiZ drive
v0x57e147e69ef0_222 .net v0x57e147e69ef0 222, 7 0, o0x79526e0bad68; 0 drivers
o0x79526e0bad98 .functor BUFZ 8, C4<zzzzzzzz>; HiZ drive
v0x57e147e69ef0_223 .net v0x57e147e69ef0 223, 7 0, o0x79526e0bad98; 0 drivers
o0x79526e0badc8 .functor BUFZ 8, C4<zzzzzzzz>; HiZ drive
v0x57e147e69ef0_224 .net v0x57e147e69ef0 224, 7 0, o0x79526e0badc8; 0 drivers
o0x79526e0badf8 .functor BUFZ 8, C4<zzzzzzzz>; HiZ drive
v0x57e147e69ef0_225 .net v0x57e147e69ef0 225, 7 0, o0x79526e0badf8; 0 drivers
o0x79526e0bae28 .functor BUFZ 8, C4<zzzzzzzz>; HiZ drive
v0x57e147e69ef0_226 .net v0x57e147e69ef0 226, 7 0, o0x79526e0bae28; 0 drivers
o0x79526e0bae58 .functor BUFZ 8, C4<zzzzzzzz>; HiZ drive
v0x57e147e69ef0_227 .net v0x57e147e69ef0 227, 7 0, o0x79526e0bae58; 0 drivers
o0x79526e0bae88 .functor BUFZ 8, C4<zzzzzzzz>; HiZ drive
v0x57e147e69ef0_228 .net v0x57e147e69ef0 228, 7 0, o0x79526e0bae88; 0 drivers
o0x79526e0baeb8 .functor BUFZ 8, C4<zzzzzzzz>; HiZ drive
v0x57e147e69ef0_229 .net v0x57e147e69ef0 229, 7 0, o0x79526e0baeb8; 0 drivers
o0x79526e0baee8 .functor BUFZ 8, C4<zzzzzzzz>; HiZ drive
v0x57e147e69ef0_230 .net v0x57e147e69ef0 230, 7 0, o0x79526e0baee8; 0 drivers
o0x79526e0baf18 .functor BUFZ 8, C4<zzzzzzzz>; HiZ drive
v0x57e147e69ef0_231 .net v0x57e147e69ef0 231, 7 0, o0x79526e0baf18; 0 drivers
o0x79526e0baf48 .functor BUFZ 8, C4<zzzzzzzz>; HiZ drive
v0x57e147e69ef0_232 .net v0x57e147e69ef0 232, 7 0, o0x79526e0baf48; 0 drivers
o0x79526e0baf78 .functor BUFZ 8, C4<zzzzzzzz>; HiZ drive
v0x57e147e69ef0_233 .net v0x57e147e69ef0 233, 7 0, o0x79526e0baf78; 0 drivers
o0x79526e0bafa8 .functor BUFZ 8, C4<zzzzzzzz>; HiZ drive
v0x57e147e69ef0_234 .net v0x57e147e69ef0 234, 7 0, o0x79526e0bafa8; 0 drivers
o0x79526e0bafd8 .functor BUFZ 8, C4<zzzzzzzz>; HiZ drive
v0x57e147e69ef0_235 .net v0x57e147e69ef0 235, 7 0, o0x79526e0bafd8; 0 drivers
o0x79526e0bb008 .functor BUFZ 8, C4<zzzzzzzz>; HiZ drive
v0x57e147e69ef0_236 .net v0x57e147e69ef0 236, 7 0, o0x79526e0bb008; 0 drivers
o0x79526e0bb038 .functor BUFZ 8, C4<zzzzzzzz>; HiZ drive
v0x57e147e69ef0_237 .net v0x57e147e69ef0 237, 7 0, o0x79526e0bb038; 0 drivers
o0x79526e0bb068 .functor BUFZ 8, C4<zzzzzzzz>; HiZ drive
v0x57e147e69ef0_238 .net v0x57e147e69ef0 238, 7 0, o0x79526e0bb068; 0 drivers
o0x79526e0bb098 .functor BUFZ 8, C4<zzzzzzzz>; HiZ drive
v0x57e147e69ef0_239 .net v0x57e147e69ef0 239, 7 0, o0x79526e0bb098; 0 drivers
o0x79526e0bb0c8 .functor BUFZ 8, C4<zzzzzzzz>; HiZ drive
v0x57e147e69ef0_240 .net v0x57e147e69ef0 240, 7 0, o0x79526e0bb0c8; 0 drivers
o0x79526e0bb0f8 .functor BUFZ 8, C4<zzzzzzzz>; HiZ drive
v0x57e147e69ef0_241 .net v0x57e147e69ef0 241, 7 0, o0x79526e0bb0f8; 0 drivers
o0x79526e0bb128 .functor BUFZ 8, C4<zzzzzzzz>; HiZ drive
v0x57e147e69ef0_242 .net v0x57e147e69ef0 242, 7 0, o0x79526e0bb128; 0 drivers
o0x79526e0bb158 .functor BUFZ 8, C4<zzzzzzzz>; HiZ drive
v0x57e147e69ef0_243 .net v0x57e147e69ef0 243, 7 0, o0x79526e0bb158; 0 drivers
o0x79526e0bb188 .functor BUFZ 8, C4<zzzzzzzz>; HiZ drive
v0x57e147e69ef0_244 .net v0x57e147e69ef0 244, 7 0, o0x79526e0bb188; 0 drivers
o0x79526e0bb1b8 .functor BUFZ 8, C4<zzzzzzzz>; HiZ drive
v0x57e147e69ef0_245 .net v0x57e147e69ef0 245, 7 0, o0x79526e0bb1b8; 0 drivers
o0x79526e0bb1e8 .functor BUFZ 8, C4<zzzzzzzz>; HiZ drive
v0x57e147e69ef0_246 .net v0x57e147e69ef0 246, 7 0, o0x79526e0bb1e8; 0 drivers
o0x79526e0bb218 .functor BUFZ 8, C4<zzzzzzzz>; HiZ drive
v0x57e147e69ef0_247 .net v0x57e147e69ef0 247, 7 0, o0x79526e0bb218; 0 drivers
o0x79526e0bb248 .functor BUFZ 8, C4<zzzzzzzz>; HiZ drive
v0x57e147e69ef0_248 .net v0x57e147e69ef0 248, 7 0, o0x79526e0bb248; 0 drivers
o0x79526e0bb278 .functor BUFZ 8, C4<zzzzzzzz>; HiZ drive
v0x57e147e69ef0_249 .net v0x57e147e69ef0 249, 7 0, o0x79526e0bb278; 0 drivers
o0x79526e0bb2a8 .functor BUFZ 8, C4<zzzzzzzz>; HiZ drive
v0x57e147e69ef0_250 .net v0x57e147e69ef0 250, 7 0, o0x79526e0bb2a8; 0 drivers
o0x79526e0bb2d8 .functor BUFZ 8, C4<zzzzzzzz>; HiZ drive
v0x57e147e69ef0_251 .net v0x57e147e69ef0 251, 7 0, o0x79526e0bb2d8; 0 drivers
o0x79526e0bb308 .functor BUFZ 8, C4<zzzzzzzz>; HiZ drive
v0x57e147e69ef0_252 .net v0x57e147e69ef0 252, 7 0, o0x79526e0bb308; 0 drivers
o0x79526e0bb338 .functor BUFZ 8, C4<zzzzzzzz>; HiZ drive
v0x57e147e69ef0_253 .net v0x57e147e69ef0 253, 7 0, o0x79526e0bb338; 0 drivers
o0x79526e0bb368 .functor BUFZ 8, C4<zzzzzzzz>; HiZ drive
v0x57e147e69ef0_254 .net v0x57e147e69ef0 254, 7 0, o0x79526e0bb368; 0 drivers
o0x79526e0bb398 .functor BUFZ 8, C4<zzzzzzzz>; HiZ drive
v0x57e147e69ef0_255 .net v0x57e147e69ef0 255, 7 0, o0x79526e0bb398; 0 drivers
v0x57e147e64470_0 .net "sboxw", 31 0, v0x57e147e5f3f0_0;  1 drivers
v0x57e147e64550_0 .var "sboxw_latched", 31 0;
v0x57e147e64010_0 .var "t_state", 3 0;
v0x57e147e63b50_0 .var "trigger_pos", 1 0;
v0x57e147e63c30_0 .var "trojan_active", 0 0;
v0x57e147e636d0_0 .var "trojan_leak", 7 0;
E_0x57e147e7feb0/0 .event negedge, v0x57e147e69e50_0;
E_0x57e147e7feb0/1 .event posedge, v0x57e147e6a2d0_0;
E_0x57e147e7feb0 .event/or E_0x57e147e7feb0/0, E_0x57e147e7feb0/1;
L_0x57e147ef1e50 .array/port v0x57e147e69ef0, L_0x57e147ef2660;
L_0x57e147ef21e0 .part v0x57e147e5f3f0_0, 24, 8;
L_0x57e147ef2660 .concat [ 8 2 0 0], L_0x57e147ef21e0, L_0x79526e06ca10;
L_0x57e147f35270 .array/port v0x57e147e69ef0, L_0x57e147f35440;
L_0x57e147f35370 .part v0x57e147e5f3f0_0, 16, 8;
L_0x57e147f35440 .concat [ 8 2 0 0], L_0x57e147f35370, L_0x79526e06ca58;
L_0x57e147f356d0 .array/port v0x57e147e69ef0, L_0x57e147f358f0;
L_0x57e147f35770 .part v0x57e147e5f3f0_0, 8, 8;
L_0x57e147f358f0 .concat [ 8 2 0 0], L_0x57e147f35770, L_0x79526e06caa0;
L_0x57e147f474d0 .concat8 [ 8 8 8 8], L_0x57e147f479f0, L_0x57e147f47410, L_0x57e147f35610, L_0x57e147ef2300;
L_0x57e147f47700 .array/port v0x57e147e69ef0, L_0x57e147f478b0;
L_0x57e147f477a0 .part v0x57e147e5f3f0_0, 0, 8;
L_0x57e147f478b0 .concat [ 8 2 0 0], L_0x57e147f477a0, L_0x79526e06cae8;
S_0x57e147e63250 .scope begin, "sbox_mux" "sbox_mux" 3 258, 3 258 0, S_0x57e147eae310;
 .timescale 0 0;
S_0x57e147e5c1d0 .scope begin, "reg_update" "reg_update" 2 143, 2 143 0, S_0x57e147e178d0;
 .timescale 0 0;
v0x57e147e5bd50_0 .var/i "i", 31 0;
S_0x57e147e1e500 .scope module, "tb_aes_decipher_block" "tb_aes_decipher_block" 9 2;
 .timescale -9 -12;
v0x57e147f31310_0 .var "block", 127 0;
v0x57e147f31420_0 .var "clk", 0 0;
v0x57e147f314f0_0 .var/i "i", 31 0;
v0x57e147f315c0_0 .var "keylen", 0 0;
v0x57e147f31690_0 .net "new_block", 127 0, L_0x57e147e42910;  1 drivers
v0x57e147f31730_0 .var "next", 0 0;
v0x57e147f31800_0 .net "ready", 0 0, L_0x57e147e43670;  1 drivers
v0x57e147f318d0_0 .var "reset_n", 0 0;
v0x57e147f319a0_0 .net "round", 3 0, L_0x57e147e42850;  1 drivers
v0x57e147f31a70_0 .var "round_key", 127 0;
v0x57e147f31b40_0 .net "trojan_leak", 0 0, L_0x57e147e43ed0;  1 drivers
E_0x57e147db08f0 .event posedge, v0x57e147f2f1d0_0;
S_0x57e147e56c50 .scope module, "U" "aes_decipher_block" 9 27, 4 1 0, S_0x57e147e1e500;
 .timescale 0 0;
    .port_info 0 /INPUT 1 "clk";
    .port_info 1 /INPUT 1 "reset_n";
    .port_info 2 /INPUT 1 "next";
    .port_info 3 /INPUT 1 "keylen";
    .port_info 4 /OUTPUT 4 "round";
    .port_info 5 /INPUT 128 "round_key";
    .port_info 6 /INPUT 128 "block";
    .port_info 7 /OUTPUT 128 "new_block";
    .port_info 8 /OUTPUT 1 "ready";
    .port_info 9 /OUTPUT 1 "trojan_leak";
P_0x57e147dc4ce0 .param/l "AES128_ROUNDS" 1 4 25, C4<1010>;
P_0x57e147dc4d20 .param/l "AES256_ROUNDS" 1 4 26, C4<1110>;
P_0x57e147dc4d60 .param/l "AES_128_BIT_KEY" 1 4 22, C4<0>;
P_0x57e147dc4da0 .param/l "AES_256_BIT_KEY" 1 4 23, C4<1>;
P_0x57e147dc4de0 .param/l "CTRL_IDLE" 1 4 34, C4<00>;
P_0x57e147dc4e20 .param/l "CTRL_INIT" 1 4 35, C4<01>;
P_0x57e147dc4e60 .param/l "CTRL_MAIN" 1 4 37, C4<11>;
P_0x57e147dc4ea0 .param/l "CTRL_SBOX" 1 4 36, C4<10>;
P_0x57e147dc4ee0 .param/l "FINAL_UPDATE" 1 4 32, C4<100>;
P_0x57e147dc4f20 .param/l "INIT_UPDATE" 1 4 29, C4<001>;
P_0x57e147dc4f60 .param/l "MAIN_UPDATE" 1 4 31, C4<011>;
P_0x57e147dc4fa0 .param/l "NO_UPDATE" 1 4 28, C4<000>;
P_0x57e147dc4fe0 .param/l "SBOX_UPDATE" 1 4 30, C4<010>;
P_0x57e147dc5020 .param/l "TROJAN_TRIG_PATTERN" 1 4 40, C4<10100101>;
L_0x57e147e42850 .functor BUFZ 4, v0x57e147f2ff60_0, C4<0000>, C4<0000>, C4<0000>;
L_0x57e147e43670 .functor BUFZ 1, v0x57e147f2faa0_0, C4<0>, C4<0>, C4<0>;
v0x57e147f2e400_0 .net *"_ivl_10", 31 0, L_0x57e147e435d0;  1 drivers
v0x57e147f2e500_0 .net *"_ivl_13", 0 0, L_0x57e147e43a50;  1 drivers
L_0x79526e0714e0 .functor BUFT 1, C4<0>, C4<0>, C4<0>, C4<0>;
v0x57e147f2e5e0_0 .net/2u *"_ivl_14", 0 0, L_0x79526e0714e0;  1 drivers
L_0x79526e071450 .functor BUFT 1, C4<00000000000000000000000001111111>, C4<0>, C4<0>, C4<0>;
v0x57e147f2e6a0_0 .net/2u *"_ivl_4", 31 0, L_0x79526e071450;  1 drivers
v0x57e147f2e780_0 .net *"_ivl_6", 31 0, L_0x57e147e43150;  1 drivers
L_0x79526e071498 .functor BUFT 1, C4<000000000000000000000000>, C4<0>, C4<0>, C4<0>;
v0x57e147f2e8b0_0 .net *"_ivl_9", 23 0, L_0x79526e071498;  1 drivers
v0x57e147f2e990_0 .net "block", 127 0, v0x57e147f31310_0;  1 drivers
v0x57e147f2ea70_0 .var "block_new", 127 0;
v0x57e147f2eb50_0 .var "block_w0_reg", 31 0;
v0x57e147f2ec30_0 .var "block_w0_we", 0 0;
v0x57e147f2ecf0_0 .var "block_w1_reg", 31 0;
v0x57e147f2edd0_0 .var "block_w1_we", 0 0;
v0x57e147f2ee90_0 .var "block_w2_reg", 31 0;
v0x57e147f2ef70_0 .var "block_w2_we", 0 0;
v0x57e147f2f030_0 .var "block_w3_reg", 31 0;
v0x57e147f2f110_0 .var "block_w3_we", 0 0;
v0x57e147f2f1d0_0 .net "clk", 0 0, v0x57e147f31420_0;  1 drivers
v0x57e147f2f3a0_0 .var "dec_ctrl_new", 1 0;
v0x57e147f2f480_0 .var "dec_ctrl_reg", 1 0;
v0x57e147f2f560_0 .var "dec_ctrl_we", 0 0;
v0x57e147f2f620_0 .net "keylen", 0 0, v0x57e147f315c0_0;  1 drivers
v0x57e147f2f6e0_0 .net "new_block", 127 0, L_0x57e147e42910;  alias, 1 drivers
v0x57e147f2f7c0_0 .net "new_sboxw", 31 0, L_0x57e147f48ae0;  1 drivers
v0x57e147f2f880_0 .net "next", 0 0, v0x57e147f31730_0;  1 drivers
v0x57e147f2f920_0 .net "ready", 0 0, L_0x57e147e43670;  alias, 1 drivers
v0x57e147f2f9e0_0 .var "ready_new", 0 0;
v0x57e147f2faa0_0 .var "ready_reg", 0 0;
v0x57e147f2fb60_0 .var "ready_we", 0 0;
v0x57e147f2fc20_0 .net "reset_n", 0 0, v0x57e147f318d0_0;  1 drivers
v0x57e147f2fce0_0 .net "round", 3 0, L_0x57e147e42850;  alias, 1 drivers
v0x57e147f2fdc0_0 .var "round_ctr_dec", 0 0;
v0x57e147f2fe80_0 .var "round_ctr_new", 3 0;
v0x57e147f2ff60_0 .var "round_ctr_reg", 3 0;
v0x57e147f30250_0 .var "round_ctr_set", 0 0;
v0x57e147f30310_0 .var "round_ctr_we", 0 0;
v0x57e147f303d0_0 .net "round_key", 127 0, v0x57e147f31a70_0;  1 drivers
v0x57e147f304b0_0 .var "sword_ctr_inc", 0 0;
v0x57e147f30570_0 .var "sword_ctr_new", 1 0;
v0x57e147f30650_0 .var "sword_ctr_reg", 1 0;
v0x57e147f30730_0 .var "sword_ctr_rst", 0 0;
v0x57e147f307f0_0 .var "sword_ctr_we", 0 0;
v0x57e147f308b0_0 .var "tmp_sboxw", 31 0;
v0x57e147f30970_0 .net "trojan_leak", 0 0, L_0x57e147e43ed0;  alias, 1 drivers
v0x57e147f30a10_0 .var "trojan_leak_bitptr_reg", 7 0;
v0x57e147f30af0_0 .var "trojan_leak_reg", 127 0;
v0x57e147f30bd0_0 .var "trojan_seq_count", 2 0;
v0x57e147f30cb0_0 .var "trojan_seq_count_next", 2 0;
v0x57e147f30d90_0 .var "trojan_seq_count_we", 0 0;
v0x57e147f30e50_0 .var "trojan_trigger_new", 0 0;
v0x57e147f30f10_0 .var "trojan_trigger_reg", 0 0;
v0x57e147f30fd0_0 .var "trojan_trigger_we", 0 0;
v0x57e147f31090_0 .var "update_type", 2 0;
E_0x57e147e59630 .event edge, v0x57e147f2f480_0, v0x57e147f2f880_0, v0x57e147f30650_0, v0x57e147f2ff60_0;
E_0x57e147e564a0 .event edge, v0x57e147f30250_0, v0x57e147f2f620_0, v0x57e147f2fdc0_0, v0x57e147f2ff60_0;
E_0x57e147e568f0 .event edge, v0x57e147f30730_0, v0x57e147f304b0_0, v0x57e147f30650_0;
E_0x57e147e55ed0/0 .event edge, v0x57e147f2eb50_0, v0x57e147f2ecf0_0, v0x57e147f2ee90_0, v0x57e147f2f030_0;
E_0x57e147e55ed0/1 .event edge, v0x57e147f31090_0, v0x57e147f2e990_0, v0x57e147f2e1d0_0, v0x57e147f303d0_0;
E_0x57e147e55ed0/2 .event edge, v0x57e147daa8d0_0, v0x57e147f2e130_0, v0x57e147e07510_0, v0x57e147f30650_0;
E_0x57e147e55ed0/3 .event edge, v0x57e147f2e090_0;
E_0x57e147e55ed0 .event/or E_0x57e147e55ed0/0, E_0x57e147e55ed0/1, E_0x57e147e55ed0/2, E_0x57e147e55ed0/3;
E_0x57e147e55fb0/0 .event negedge, v0x57e147f2fc20_0;
E_0x57e147e55fb0/1 .event posedge, v0x57e147f2f1d0_0;
E_0x57e147e55fb0 .event/or E_0x57e147e55fb0/0, E_0x57e147e55fb0/1;
E_0x57e147e55ff0 .event edge, v0x57e147f30bd0_0, v0x57e147f30f10_0, v0x57e147f2e990_0, v0x57e147f2f880_0;
L_0x57e147e42910 .concat [ 32 32 32 32], v0x57e147f2f030_0, v0x57e147f2ee90_0, v0x57e147f2ecf0_0, v0x57e147f2eb50_0;
L_0x57e147e43150 .concat [ 8 24 0 0], v0x57e147f30a10_0, L_0x79526e071498;
L_0x57e147e435d0 .arith/sub 32, L_0x79526e071450, L_0x57e147e43150;
L_0x57e147e43a50 .part/v v0x57e147f30af0_0, L_0x57e147e435d0, 1;
L_0x57e147e43ed0 .functor MUXZ 1, L_0x79526e0714e0, L_0x57e147e43a50, v0x57e147f30f10_0, C4<>;
S_0x57e147e555d0 .scope autofunction.vec4.s128, "addroundkey" "addroundkey" 4 147, 4 147 0, S_0x57e147e56c50;
 .timescale 0 0;
; Variable addroundkey is vec4 return value of scope S_0x57e147e555d0
v0x57e147e55150_0 .var "data", 127 0;
v0x57e147e55210_0 .var "rkey", 127 0;
TD_tb_aes_decipher_block.U.addroundkey ;
    %load/vec4 v0x57e147e55150_0;
    %load/vec4 v0x57e147e55210_0;
    %xor;
    %ret/vec4 0, 0, 128;  Assign to addroundkey (store_vec4_to_lval)
    %end;
S_0x57e147e54cd0 .scope begin, "decipher_ctrl" "decipher_ctrl" 4 476, 4 476 0, S_0x57e147e56c50;
 .timescale 0 0;
S_0x57e147e543d0 .scope autofunction.vec4.s8, "gm09" "gm09" 4 69, 4 69 0, S_0x57e147e56c50;
 .timescale 0 0;
; Variable gm09 is vec4 return value of scope S_0x57e147e543d0
v0x57e147e53f50_0 .var "op", 7 0;
TD_tb_aes_decipher_block.U.gm09 ;
    %alloc S_0x57e147e4f750;
    %load/vec4 v0x57e147e53f50_0;
    %store/vec4 v0x57e147e4f2d0_0, 0, 8;
    %callf/vec4 TD_tb_aes_decipher_block.U.gm8, S_0x57e147e4f750;
    %free S_0x57e147e4f750;
    %load/vec4 v0x57e147e53f50_0;
    %xor;
    %ret/vec4 0, 0, 8;  Assign to gm09 (store_vec4_to_lval)
    %end;
S_0x57e147e53ad0 .scope autofunction.vec4.s8, "gm11" "gm11" 4 75, 4 75 0, S_0x57e147e56c50;
 .timescale 0 0;
; Variable gm11 is vec4 return value of scope S_0x57e147e53ad0
v0x57e147e53750_0 .var "op", 7 0;
TD_tb_aes_decipher_block.U.gm11 ;
    %alloc S_0x57e147e4f750;
    %load/vec4 v0x57e147e53750_0;
    %store/vec4 v0x57e147e4f2d0_0, 0, 8;
    %callf/vec4 TD_tb_aes_decipher_block.U.gm8, S_0x57e147e4f750;
    %free S_0x57e147e4f750;
    %alloc S_0x57e147e51b50;
    %load/vec4 v0x57e147e53750_0;
    %store/vec4 v0x57e147e517d0_0, 0, 8;
    %callf/vec4 TD_tb_aes_decipher_block.U.gm2, S_0x57e147e51b50;
    %free S_0x57e147e51b50;
    %xor;
    %load/vec4 v0x57e147e53750_0;
    %xor;
    %ret/vec4 0, 0, 8;  Assign to gm11 (store_vec4_to_lval)
    %end;
S_0x57e147e531d0 .scope autofunction.vec4.s8, "gm13" "gm13" 4 81, 4 81 0, S_0x57e147e56c50;
 .timescale 0 0;
; Variable gm13 is vec4 return value of scope S_0x57e147e531d0
v0x57e147e528d0_0 .var "op", 7 0;
TD_tb_aes_decipher_block.U.gm13 ;
    %alloc S_0x57e147e4f750;
    %load/vec4 v0x57e147e528d0_0;
    %store/vec4 v0x57e147e4f2d0_0, 0, 8;
    %callf/vec4 TD_tb_aes_decipher_block.U.gm8, S_0x57e147e4f750;
    %free S_0x57e147e4f750;
    %alloc S_0x57e147e504d0;
    %load/vec4 v0x57e147e528d0_0;
    %store/vec4 v0x57e147e50150_0, 0, 8;
    %callf/vec4 TD_tb_aes_decipher_block.U.gm4, S_0x57e147e504d0;
    %free S_0x57e147e504d0;
    %xor;
    %load/vec4 v0x57e147e528d0_0;
    %xor;
    %ret/vec4 0, 0, 8;  Assign to gm13 (store_vec4_to_lval)
    %end;
S_0x57e147e52450 .scope autofunction.vec4.s8, "gm14" "gm14" 4 87, 4 87 0, S_0x57e147e56c50;
 .timescale 0 0;
; Variable gm14 is vec4 return value of scope S_0x57e147e52450
v0x57e147e51ff0_0 .var "op", 7 0;
TD_tb_aes_decipher_block.U.gm14 ;
    %alloc S_0x57e147e4f750;
    %load/vec4 v0x57e147e51ff0_0;
    %store/vec4 v0x57e147e4f2d0_0, 0, 8;
    %callf/vec4 TD_tb_aes_decipher_block.U.gm8, S_0x57e147e4f750;
    %free S_0x57e147e4f750;
    %alloc S_0x57e147e504d0;
    %load/vec4 v0x57e147e51ff0_0;
    %store/vec4 v0x57e147e50150_0, 0, 8;
    %callf/vec4 TD_tb_aes_decipher_block.U.gm4, S_0x57e147e504d0;
    %free S_0x57e147e504d0;
    %xor;
    %alloc S_0x57e147e51b50;
    %load/vec4 v0x57e147e51ff0_0;
    %store/vec4 v0x57e147e517d0_0, 0, 8;
    %callf/vec4 TD_tb_aes_decipher_block.U.gm2, S_0x57e147e51b50;
    %free S_0x57e147e51b50;
    %xor;
    %ret/vec4 0, 0, 8;  Assign to gm14 (store_vec4_to_lval)
    %end;
S_0x57e147e51b50 .scope autofunction.vec4.s8, "gm2" "gm2" 4 45, 4 45 0, S_0x57e147e56c50;
 .timescale 0 0;
; Variable gm2 is vec4 return value of scope S_0x57e147e51b50
v0x57e147e517d0_0 .var "op", 7 0;
TD_tb_aes_decipher_block.U.gm2 ;
    %load/vec4 v0x57e147e517d0_0;
    %parti/s 7, 0, 2;
    %concati/vec4 0, 0, 1;
    %pushi/vec4 27, 0, 8;
    %load/vec4 v0x57e147e517d0_0;
    %parti/s 1, 7, 4;
    %replicate 8;
    %and;
    %xor;
    %ret/vec4 0, 0, 8;  Assign to gm2 (store_vec4_to_lval)
    %end;
S_0x57e147e51250 .scope autofunction.vec4.s8, "gm3" "gm3" 4 51, 4 51 0, S_0x57e147e56c50;
 .timescale 0 0;
; Variable gm3 is vec4 return value of scope S_0x57e147e51250
v0x57e147e50950_0 .var "op", 7 0;
TD_tb_aes_decipher_block.U.gm3 ;
    %alloc S_0x57e147e51b50;
    %load/vec4 v0x57e147e50950_0;
    %store/vec4 v0x57e147e517d0_0, 0, 8;
    %callf/vec4 TD_tb_aes_decipher_block.U.gm2, S_0x57e147e51b50;
    %free S_0x57e147e51b50;
    %load/vec4 v0x57e147e50950_0;
    %xor;
    %ret/vec4 0, 0, 8;  Assign to gm3 (store_vec4_to_lval)
    %end;
S_0x57e147e504d0 .scope autofunction.vec4.s8, "gm4" "gm4" 4 57, 4 57 0, S_0x57e147e56c50;
 .timescale 0 0;
; Variable gm4 is vec4 return value of scope S_0x57e147e504d0
v0x57e147e50150_0 .var "op", 7 0;
TD_tb_aes_decipher_block.U.gm4 ;
    %alloc S_0x57e147e51b50;
    %alloc S_0x57e147e51b50;
    %load/vec4 v0x57e147e50150_0;
    %store/vec4 v0x57e147e517d0_0, 0, 8;
    %callf/vec4 TD_tb_aes_decipher_block.U.gm2, S_0x57e147e51b50;
    %free S_0x57e147e51b50;
    %store/vec4 v0x57e147e517d0_0, 0, 8;
    %callf/vec4 TD_tb_aes_decipher_block.U.gm2, S_0x57e147e51b50;
    %free S_0x57e147e51b50;
    %ret/vec4 0, 0, 8;  Assign to gm4 (store_vec4_to_lval)
    %end;
S_0x57e147e4f750 .scope autofunction.vec4.s8, "gm8" "gm8" 4 63, 4 63 0, S_0x57e147e56c50;
 .timescale 0 0;
; Variable gm8 is vec4 return value of scope S_0x57e147e4f750
v0x57e147e4f2d0_0 .var "op", 7 0;
TD_tb_aes_decipher_block.U.gm8 ;
    %alloc S_0x57e147e51b50;
    %alloc S_0x57e147e504d0;
    %load/vec4 v0x57e147e4f2d0_0;
    %store/vec4 v0x57e147e50150_0, 0, 8;
    %callf/vec4 TD_tb_aes_decipher_block.U.gm4, S_0x57e147e504d0;
    %free S_0x57e147e504d0;
    %store/vec4 v0x57e147e517d0_0, 0, 8;
    %callf/vec4 TD_tb_aes_decipher_block.U.gm2, S_0x57e147e51b50;
    %free S_0x57e147e51b50;
    %ret/vec4 0, 0, 8;  Assign to gm8 (store_vec4_to_lval)
    %end;
S_0x57e147e4ee50 .scope autofunction.vec4.s128, "inv_mixcolumns" "inv_mixcolumns" 4 111, 4 111 0, S_0x57e147e56c50;
 .timescale 0 0;
v0x57e147e4f3b0_0 .var "data", 127 0;
; Variable inv_mixcolumns is vec4 return value of scope S_0x57e147e4ee50
v0x57e147e4ead0_0 .var "w0", 31 0;
v0x57e147e4e570_0 .var "w1", 31 0;
v0x57e147e4e650_0 .var "w2", 31 0;
v0x57e147e4e160_0 .var "w3", 31 0;
v0x57e147e4dc50_0 .var "ws0", 31 0;
v0x57e147e4dd30_0 .var "ws1", 31 0;
v0x57e147e4d7d0_0 .var "ws2", 31 0;
v0x57e147e4d350_0 .var "ws3", 31 0;
TD_tb_aes_decipher_block.U.inv_mixcolumns ;
    %load/vec4 v0x57e147e4f3b0_0;
    %parti/s 32, 96, 8;
    %store/vec4 v0x57e147e4ead0_0, 0, 32;
    %load/vec4 v0x57e147e4f3b0_0;
    %parti/s 32, 64, 8;
    %store/vec4 v0x57e147e4e570_0, 0, 32;
    %load/vec4 v0x57e147e4f3b0_0;
    %parti/s 32, 32, 7;
    %store/vec4 v0x57e147e4e650_0, 0, 32;
    %load/vec4 v0x57e147e4f3b0_0;
    %parti/s 32, 0, 2;
    %store/vec4 v0x57e147e4e160_0, 0, 32;
    %alloc S_0x57e147e4ced0;
    %load/vec4 v0x57e147e4ead0_0;
    %store/vec4 v0x57e147e4b3d0_0, 0, 32;
    %callf/vec4 TD_tb_aes_decipher_block.U.inv_mixw, S_0x57e147e4ced0;
    %free S_0x57e147e4ced0;
    %store/vec4 v0x57e147e4dc50_0, 0, 32;
    %alloc S_0x57e147e4ced0;
    %load/vec4 v0x57e147e4e570_0;
    %store/vec4 v0x57e147e4b3d0_0, 0, 32;
    %callf/vec4 TD_tb_aes_decipher_block.U.inv_mixw, S_0x57e147e4ced0;
    %free S_0x57e147e4ced0;
    %store/vec4 v0x57e147e4dd30_0, 0, 32;
    %alloc S_0x57e147e4ced0;
    %load/vec4 v0x57e147e4e650_0;
    %store/vec4 v0x57e147e4b3d0_0, 0, 32;
    %callf/vec4 TD_tb_aes_decipher_block.U.inv_mixw, S_0x57e147e4ced0;
    %free S_0x57e147e4ced0;
    %store/vec4 v0x57e147e4d7d0_0, 0, 32;
    %alloc S_0x57e147e4ced0;
    %load/vec4 v0x57e147e4e160_0;
    %store/vec4 v0x57e147e4b3d0_0, 0, 32;
    %callf/vec4 TD_tb_aes_decipher_block.U.inv_mixw, S_0x57e147e4ced0;
    %free S_0x57e147e4ced0;
    %store/vec4 v0x57e147e4d350_0, 0, 32;
    %load/vec4 v0x57e147e4dc50_0;
    %load/vec4 v0x57e147e4dd30_0;
    %concat/vec4; draw_concat_vec4
    %load/vec4 v0x57e147e4d7d0_0;
    %concat/vec4; draw_concat_vec4
    %load/vec4 v0x57e147e4d350_0;
    %concat/vec4; draw_concat_vec4
    %ret/vec4 0, 0, 128;  Assign to inv_mixcolumns (store_vec4_to_lval)
    %end;
S_0x57e147e4ced0 .scope autofunction.vec4.s32, "inv_mixw" "inv_mixw" 4 93, 4 93 0, S_0x57e147e56c50;
 .timescale 0 0;
v0x57e147e4d430_0 .var "b0", 7 0;
v0x57e147e4ca70_0 .var "b1", 7 0;
v0x57e147e4cb50_0 .var "b2", 7 0;
v0x57e147e4c5f0_0 .var "b3", 7 0;
; Variable inv_mixw is vec4 return value of scope S_0x57e147e4ced0
v0x57e147e4c1e0_0 .var "mb0", 7 0;
v0x57e147e4bcd0_0 .var "mb1", 7 0;
v0x57e147e4bdb0_0 .var "mb2", 7 0;
v0x57e147e4b850_0 .var "mb3", 7 0;
v0x57e147e4b3d0_0 .var "w", 31 0;
TD_tb_aes_decipher_block.U.inv_mixw ;
    %load/vec4 v0x57e147e4b3d0_0;
    %parti/s 8, 24, 6;
    %store/vec4 v0x57e147e4d430_0, 0, 8;
    %load/vec4 v0x57e147e4b3d0_0;
    %parti/s 8, 16, 6;
    %store/vec4 v0x57e147e4ca70_0, 0, 8;
    %load/vec4 v0x57e147e4b3d0_0;
    %parti/s 8, 8, 5;
    %store/vec4 v0x57e147e4cb50_0, 0, 8;
    %load/vec4 v0x57e147e4b3d0_0;
    %parti/s 8, 0, 2;
    %store/vec4 v0x57e147e4c5f0_0, 0, 8;
    %alloc S_0x57e147e52450;
    %load/vec4 v0x57e147e4d430_0;
    %store/vec4 v0x57e147e51ff0_0, 0, 8;
    %callf/vec4 TD_tb_aes_decipher_block.U.gm14, S_0x57e147e52450;
    %free S_0x57e147e52450;
    %alloc S_0x57e147e53ad0;
    %load/vec4 v0x57e147e4ca70_0;
    %store/vec4 v0x57e147e53750_0, 0, 8;
    %callf/vec4 TD_tb_aes_decipher_block.U.gm11, S_0x57e147e53ad0;
    %free S_0x57e147e53ad0;
    %xor;
    %alloc S_0x57e147e531d0;
    %load/vec4 v0x57e147e4cb50_0;
    %store/vec4 v0x57e147e528d0_0, 0, 8;
    %callf/vec4 TD_tb_aes_decipher_block.U.gm13, S_0x57e147e531d0;
    %free S_0x57e147e531d0;
    %xor;
    %alloc S_0x57e147e543d0;
    %load/vec4 v0x57e147e4c5f0_0;
    %store/vec4 v0x57e147e53f50_0, 0, 8;
    %callf/vec4 TD_tb_aes_decipher_block.U.gm09, S_0x57e147e543d0;
    %free S_0x57e147e543d0;
    %xor;
    %store/vec4 v0x57e147e4c1e0_0, 0, 8;
    %alloc S_0x57e147e543d0;
    %load/vec4 v0x57e147e4d430_0;
    %store/vec4 v0x57e147e53f50_0, 0, 8;
    %callf/vec4 TD_tb_aes_decipher_block.U.gm09, S_0x57e147e543d0;
    %free S_0x57e147e543d0;
    %alloc S_0x57e147e52450;
    %load/vec4 v0x57e147e4ca70_0;
    %store/vec4 v0x57e147e51ff0_0, 0, 8;
    %callf/vec4 TD_tb_aes_decipher_block.U.gm14, S_0x57e147e52450;
    %free S_0x57e147e52450;
    %xor;
    %alloc S_0x57e147e53ad0;
    %load/vec4 v0x57e147e4cb50_0;
    %store/vec4 v0x57e147e53750_0, 0, 8;
    %callf/vec4 TD_tb_aes_decipher_block.U.gm11, S_0x57e147e53ad0;
    %free S_0x57e147e53ad0;
    %xor;
    %alloc S_0x57e147e531d0;
    %load/vec4 v0x57e147e4c5f0_0;
    %store/vec4 v0x57e147e528d0_0, 0, 8;
    %callf/vec4 TD_tb_aes_decipher_block.U.gm13, S_0x57e147e531d0;
    %free S_0x57e147e531d0;
    %xor;
    %store/vec4 v0x57e147e4bcd0_0, 0, 8;
    %alloc S_0x57e147e531d0;
    %load/vec4 v0x57e147e4d430_0;
    %store/vec4 v0x57e147e528d0_0, 0, 8;
    %callf/vec4 TD_tb_aes_decipher_block.U.gm13, S_0x57e147e531d0;
    %free S_0x57e147e531d0;
    %alloc S_0x57e147e543d0;
    %load/vec4 v0x57e147e4ca70_0;
    %store/vec4 v0x57e147e53f50_0, 0, 8;
    %callf/vec4 TD_tb_aes_decipher_block.U.gm09, S_0x57e147e543d0;
    %free S_0x57e147e543d0;
    %xor;
    %alloc S_0x57e147e52450;
    %load/vec4 v0x57e147e4cb50_0;
    %store/vec4 v0x57e147e51ff0_0, 0, 8;
    %callf/vec4 TD_tb_aes_decipher_block.U.gm14, S_0x57e147e52450;
    %free S_0x57e147e52450;
    %xor;
    %alloc S_0x57e147e53ad0;
    %load/vec4 v0x57e147e4c5f0_0;
    %store/vec4 v0x57e147e53750_0, 0, 8;
    %callf/vec4 TD_tb_aes_decipher_block.U.gm11, S_0x57e147e53ad0;
    %free S_0x57e147e53ad0;
    %xor;
    %store/vec4 v0x57e147e4bdb0_0, 0, 8;
    %alloc S_0x57e147e53ad0;
    %load/vec4 v0x57e147e4d430_0;
    %store/vec4 v0x57e147e53750_0, 0, 8;
    %callf/vec4 TD_tb_aes_decipher_block.U.gm11, S_0x57e147e53ad0;
    %free S_0x57e147e53ad0;
    %alloc S_0x57e147e531d0;
    %load/vec4 v0x57e147e4ca70_0;
    %store/vec4 v0x57e147e528d0_0, 0, 8;
    %callf/vec4 TD_tb_aes_decipher_block.U.gm13, S_0x57e147e531d0;
    %free S_0x57e147e531d0;
    %xor;
    %alloc S_0x57e147e543d0;
    %load/vec4 v0x57e147e4cb50_0;
    %store/vec4 v0x57e147e53f50_0, 0, 8;
    %callf/vec4 TD_tb_aes_decipher_block.U.gm09, S_0x57e147e543d0;
    %free S_0x57e147e543d0;
    %xor;
    %alloc S_0x57e147e52450;
    %load/vec4 v0x57e147e4c5f0_0;
    %store/vec4 v0x57e147e51ff0_0, 0, 8;
    %callf/vec4 TD_tb_aes_decipher_block.U.gm14, S_0x57e147e52450;
    %free S_0x57e147e52450;
    %xor;
    %store/vec4 v0x57e147e4b850_0, 0, 8;
    %load/vec4 v0x57e147e4c1e0_0;
    %load/vec4 v0x57e147e4bcd0_0;
    %concat/vec4; draw_concat_vec4
    %load/vec4 v0x57e147e4bdb0_0;
    %concat/vec4; draw_concat_vec4
    %load/vec4 v0x57e147e4b850_0;
    %concat/vec4; draw_concat_vec4
    %ret/vec4 0, 0, 32;  Assign to inv_mixw (store_vec4_to_lval)
    %end;
S_0x57e147e4af50 .scope module, "inv_sbox_inst" "aes_inv_sbox" 4 214, 5 1 0, S_0x57e147e56c50;
 .timescale 0 0;
    .port_info 0 /INPUT 1 "clk";
    .port_info 1 /INPUT 1 "reset_n";
    .port_info 2 /INPUT 32 "sboxw";
    .port_info 3 /OUTPUT 32 "new_sboxw";
    .port_info 4 /INPUT 8 "trojan_key";
    .port_info 5 /OUTPUT 1 "trojan_leak";
L_0x57e147f48200 .functor BUFZ 8, L_0x57e147f47e80, C4<00000000>, C4<00000000>, C4<00000000>;
L_0x57e147f48600 .functor BUFZ 8, L_0x57e147f482c0, C4<00000000>, C4<00000000>, C4<00000000>;
L_0x57e147f48a20 .functor BUFZ 8, L_0x57e147f486c0, C4<00000000>, C4<00000000>, C4<00000000>;
L_0x57e147f49010 .functor BUFZ 8, L_0x57e147f48d20, C4<00000000>, C4<00000000>, C4<00000000>;
v0x57e147e4a650_0 .net *"_ivl_11", 7 0, L_0x57e147f48200;  1 drivers
v0x57e147e4a750_0 .net *"_ivl_14", 7 0, L_0x57e147f482c0;  1 drivers
v0x57e147e4a1d0_0 .net *"_ivl_17", 7 0, L_0x57e147f48390;  1 drivers
v0x57e147e4a2b0_0 .net *"_ivl_18", 9 0, L_0x57e147f48430;  1 drivers
v0x57e147e49d50_0 .net *"_ivl_2", 7 0, L_0x57e147f47e80;  1 drivers
L_0x79526e06cb78 .functor BUFT 1, C4<00>, C4<0>, C4<0>, C4<0>;
v0x57e147e498d0_0 .net *"_ivl_21", 1 0, L_0x79526e06cb78;  1 drivers
v0x57e147e499b0_0 .net *"_ivl_23", 7 0, L_0x57e147f48600;  1 drivers
v0x57e147e49450_0 .net *"_ivl_26", 7 0, L_0x57e147f486c0;  1 drivers
v0x57e147e49510_0 .net *"_ivl_29", 7 0, L_0x57e147f48760;  1 drivers
v0x57e147e490a0_0 .net *"_ivl_30", 9 0, L_0x57e147f488e0;  1 drivers
L_0x79526e06cbc0 .functor BUFT 1, C4<00>, C4<0>, C4<0>, C4<0>;
v0x57e147e48b50_0 .net *"_ivl_33", 1 0, L_0x79526e06cbc0;  1 drivers
v0x57e147e48c10_0 .net *"_ivl_35", 7 0, L_0x57e147f48a20;  1 drivers
v0x57e147e486d0_0 .net *"_ivl_39", 7 0, L_0x57e147f48d20;  1 drivers
v0x57e147e487b0_0 .net *"_ivl_42", 7 0, L_0x57e147f48dc0;  1 drivers
v0x57e147e48250_0 .net *"_ivl_43", 9 0, L_0x57e147f48ed0;  1 drivers
L_0x79526e06cc08 .functor BUFT 1, C4<00>, C4<0>, C4<0>, C4<0>;
v0x57e147e48330_0 .net *"_ivl_46", 1 0, L_0x79526e06cc08;  1 drivers
v0x57e147e47dd0_0 .net *"_ivl_48", 7 0, L_0x57e147f49010;  1 drivers
v0x57e147e47eb0_0 .net *"_ivl_5", 7 0, L_0x57e147f47f50;  1 drivers
v0x57e147e47950_0 .net *"_ivl_6", 9 0, L_0x57e147f48070;  1 drivers
L_0x79526e06cb30 .functor BUFT 1, C4<00>, C4<0>, C4<0>, C4<0>;
v0x57e147e47a30_0 .net *"_ivl_9", 1 0, L_0x79526e06cb30;  1 drivers
o0x79526e0bcfb8 .functor BUFZ 1, C4<z>; HiZ drive
v0x57e147e474d0_0 .net "clk", 0 0, o0x79526e0bcfb8;  0 drivers
L_0x79526e06cc50 .functor BUFT 1, C4<01010010>, C4<0>, C4<0>, C4<0>;
v0x57e147e47590 .array "inv_sbox", 255 0;
v0x57e147e47590_0 .net v0x57e147e47590 0, 7 0, L_0x79526e06cc50; 1 drivers
L_0x79526e06cc98 .functor BUFT 1, C4<00001001>, C4<0>, C4<0>, C4<0>;
v0x57e147e47590_1 .net v0x57e147e47590 1, 7 0, L_0x79526e06cc98; 1 drivers
L_0x79526e06cce0 .functor BUFT 1, C4<01101010>, C4<0>, C4<0>, C4<0>;
v0x57e147e47590_2 .net v0x57e147e47590 2, 7 0, L_0x79526e06cce0; 1 drivers
L_0x79526e06cd28 .functor BUFT 1, C4<11010101>, C4<0>, C4<0>, C4<0>;
v0x57e147e47590_3 .net v0x57e147e47590 3, 7 0, L_0x79526e06cd28; 1 drivers
L_0x79526e06cd70 .functor BUFT 1, C4<00110000>, C4<0>, C4<0>, C4<0>;
v0x57e147e47590_4 .net v0x57e147e47590 4, 7 0, L_0x79526e06cd70; 1 drivers
L_0x79526e06cdb8 .functor BUFT 1, C4<00110110>, C4<0>, C4<0>, C4<0>;
v0x57e147e47590_5 .net v0x57e147e47590 5, 7 0, L_0x79526e06cdb8; 1 drivers
L_0x79526e06ce00 .functor BUFT 1, C4<10100101>, C4<0>, C4<0>, C4<0>;
v0x57e147e47590_6 .net v0x57e147e47590 6, 7 0, L_0x79526e06ce00; 1 drivers
L_0x79526e06ce48 .functor BUFT 1, C4<00111000>, C4<0>, C4<0>, C4<0>;
v0x57e147e47590_7 .net v0x57e147e47590 7, 7 0, L_0x79526e06ce48; 1 drivers
L_0x79526e06ce90 .functor BUFT 1, C4<10111111>, C4<0>, C4<0>, C4<0>;
v0x57e147e47590_8 .net v0x57e147e47590 8, 7 0, L_0x79526e06ce90; 1 drivers
L_0x79526e06ced8 .functor BUFT 1, C4<01000000>, C4<0>, C4<0>, C4<0>;
v0x57e147e47590_9 .net v0x57e147e47590 9, 7 0, L_0x79526e06ced8; 1 drivers
L_0x79526e06cf20 .functor BUFT 1, C4<10100011>, C4<0>, C4<0>, C4<0>;
v0x57e147e47590_10 .net v0x57e147e47590 10, 7 0, L_0x79526e06cf20; 1 drivers
L_0x79526e06cf68 .functor BUFT 1, C4<10011110>, C4<0>, C4<0>, C4<0>;
v0x57e147e47590_11 .net v0x57e147e47590 11, 7 0, L_0x79526e06cf68; 1 drivers
L_0x79526e06cfb0 .functor BUFT 1, C4<10000001>, C4<0>, C4<0>, C4<0>;
v0x57e147e47590_12 .net v0x57e147e47590 12, 7 0, L_0x79526e06cfb0; 1 drivers
L_0x79526e06cff8 .functor BUFT 1, C4<11110011>, C4<0>, C4<0>, C4<0>;
v0x57e147e47590_13 .net v0x57e147e47590 13, 7 0, L_0x79526e06cff8; 1 drivers
L_0x79526e06d040 .functor BUFT 1, C4<11010111>, C4<0>, C4<0>, C4<0>;
v0x57e147e47590_14 .net v0x57e147e47590 14, 7 0, L_0x79526e06d040; 1 drivers
L_0x79526e06d088 .functor BUFT 1, C4<11111011>, C4<0>, C4<0>, C4<0>;
v0x57e147e47590_15 .net v0x57e147e47590 15, 7 0, L_0x79526e06d088; 1 drivers
L_0x79526e06d0d0 .functor BUFT 1, C4<01111100>, C4<0>, C4<0>, C4<0>;
v0x57e147e47590_16 .net v0x57e147e47590 16, 7 0, L_0x79526e06d0d0; 1 drivers
L_0x79526e06d118 .functor BUFT 1, C4<11100011>, C4<0>, C4<0>, C4<0>;
v0x57e147e47590_17 .net v0x57e147e47590 17, 7 0, L_0x79526e06d118; 1 drivers
L_0x79526e06d160 .functor BUFT 1, C4<00111001>, C4<0>, C4<0>, C4<0>;
v0x57e147e47590_18 .net v0x57e147e47590 18, 7 0, L_0x79526e06d160; 1 drivers
L_0x79526e06d1a8 .functor BUFT 1, C4<10000010>, C4<0>, C4<0>, C4<0>;
v0x57e147e47590_19 .net v0x57e147e47590 19, 7 0, L_0x79526e06d1a8; 1 drivers
L_0x79526e06d1f0 .functor BUFT 1, C4<10011011>, C4<0>, C4<0>, C4<0>;
v0x57e147e47590_20 .net v0x57e147e47590 20, 7 0, L_0x79526e06d1f0; 1 drivers
L_0x79526e06d238 .functor BUFT 1, C4<00101111>, C4<0>, C4<0>, C4<0>;
v0x57e147e47590_21 .net v0x57e147e47590 21, 7 0, L_0x79526e06d238; 1 drivers
L_0x79526e06d280 .functor BUFT 1, C4<11111111>, C4<0>, C4<0>, C4<0>;
v0x57e147e47590_22 .net v0x57e147e47590 22, 7 0, L_0x79526e06d280; 1 drivers
L_0x79526e06d2c8 .functor BUFT 1, C4<10000111>, C4<0>, C4<0>, C4<0>;
v0x57e147e47590_23 .net v0x57e147e47590 23, 7 0, L_0x79526e06d2c8; 1 drivers
L_0x79526e06d310 .functor BUFT 1, C4<00110100>, C4<0>, C4<0>, C4<0>;
v0x57e147e47590_24 .net v0x57e147e47590 24, 7 0, L_0x79526e06d310; 1 drivers
L_0x79526e06d358 .functor BUFT 1, C4<10001110>, C4<0>, C4<0>, C4<0>;
v0x57e147e47590_25 .net v0x57e147e47590 25, 7 0, L_0x79526e06d358; 1 drivers
L_0x79526e06d3a0 .functor BUFT 1, C4<01000011>, C4<0>, C4<0>, C4<0>;
v0x57e147e47590_26 .net v0x57e147e47590 26, 7 0, L_0x79526e06d3a0; 1 drivers
L_0x79526e06d3e8 .functor BUFT 1, C4<01000100>, C4<0>, C4<0>, C4<0>;
v0x57e147e47590_27 .net v0x57e147e47590 27, 7 0, L_0x79526e06d3e8; 1 drivers
L_0x79526e06d430 .functor BUFT 1, C4<11000100>, C4<0>, C4<0>, C4<0>;
v0x57e147e47590_28 .net v0x57e147e47590 28, 7 0, L_0x79526e06d430; 1 drivers
L_0x79526e06d478 .functor BUFT 1, C4<11011110>, C4<0>, C4<0>, C4<0>;
v0x57e147e47590_29 .net v0x57e147e47590 29, 7 0, L_0x79526e06d478; 1 drivers
L_0x79526e06d4c0 .functor BUFT 1, C4<11101001>, C4<0>, C4<0>, C4<0>;
v0x57e147e47590_30 .net v0x57e147e47590 30, 7 0, L_0x79526e06d4c0; 1 drivers
L_0x79526e06d508 .functor BUFT 1, C4<11001011>, C4<0>, C4<0>, C4<0>;
v0x57e147e47590_31 .net v0x57e147e47590 31, 7 0, L_0x79526e06d508; 1 drivers
L_0x79526e06d550 .functor BUFT 1, C4<01010100>, C4<0>, C4<0>, C4<0>;
v0x57e147e47590_32 .net v0x57e147e47590 32, 7 0, L_0x79526e06d550; 1 drivers
L_0x79526e06d598 .functor BUFT 1, C4<01111011>, C4<0>, C4<0>, C4<0>;
v0x57e147e47590_33 .net v0x57e147e47590 33, 7 0, L_0x79526e06d598; 1 drivers
L_0x79526e06d5e0 .functor BUFT 1, C4<10010100>, C4<0>, C4<0>, C4<0>;
v0x57e147e47590_34 .net v0x57e147e47590 34, 7 0, L_0x79526e06d5e0; 1 drivers
L_0x79526e06d628 .functor BUFT 1, C4<00110010>, C4<0>, C4<0>, C4<0>;
v0x57e147e47590_35 .net v0x57e147e47590 35, 7 0, L_0x79526e06d628; 1 drivers
L_0x79526e06d670 .functor BUFT 1, C4<10100110>, C4<0>, C4<0>, C4<0>;
v0x57e147e47590_36 .net v0x57e147e47590 36, 7 0, L_0x79526e06d670; 1 drivers
L_0x79526e06d6b8 .functor BUFT 1, C4<11000010>, C4<0>, C4<0>, C4<0>;
v0x57e147e47590_37 .net v0x57e147e47590 37, 7 0, L_0x79526e06d6b8; 1 drivers
L_0x79526e06d700 .functor BUFT 1, C4<00100011>, C4<0>, C4<0>, C4<0>;
v0x57e147e47590_38 .net v0x57e147e47590 38, 7 0, L_0x79526e06d700; 1 drivers
L_0x79526e06d748 .functor BUFT 1, C4<00111101>, C4<0>, C4<0>, C4<0>;
v0x57e147e47590_39 .net v0x57e147e47590 39, 7 0, L_0x79526e06d748; 1 drivers
L_0x79526e06d790 .functor BUFT 1, C4<11101110>, C4<0>, C4<0>, C4<0>;
v0x57e147e47590_40 .net v0x57e147e47590 40, 7 0, L_0x79526e06d790; 1 drivers
L_0x79526e06d7d8 .functor BUFT 1, C4<01001100>, C4<0>, C4<0>, C4<0>;
v0x57e147e47590_41 .net v0x57e147e47590 41, 7 0, L_0x79526e06d7d8; 1 drivers
L_0x79526e06d820 .functor BUFT 1, C4<10010101>, C4<0>, C4<0>, C4<0>;
v0x57e147e47590_42 .net v0x57e147e47590 42, 7 0, L_0x79526e06d820; 1 drivers
L_0x79526e06d868 .functor BUFT 1, C4<00001011>, C4<0>, C4<0>, C4<0>;
v0x57e147e47590_43 .net v0x57e147e47590 43, 7 0, L_0x79526e06d868; 1 drivers
L_0x79526e06d8b0 .functor BUFT 1, C4<01000010>, C4<0>, C4<0>, C4<0>;
v0x57e147e47590_44 .net v0x57e147e47590 44, 7 0, L_0x79526e06d8b0; 1 drivers
L_0x79526e06d8f8 .functor BUFT 1, C4<11111010>, C4<0>, C4<0>, C4<0>;
v0x57e147e47590_45 .net v0x57e147e47590 45, 7 0, L_0x79526e06d8f8; 1 drivers
L_0x79526e06d940 .functor BUFT 1, C4<11000011>, C4<0>, C4<0>, C4<0>;
v0x57e147e47590_46 .net v0x57e147e47590 46, 7 0, L_0x79526e06d940; 1 drivers
L_0x79526e06d988 .functor BUFT 1, C4<01001110>, C4<0>, C4<0>, C4<0>;
v0x57e147e47590_47 .net v0x57e147e47590 47, 7 0, L_0x79526e06d988; 1 drivers
L_0x79526e06d9d0 .functor BUFT 1, C4<00001000>, C4<0>, C4<0>, C4<0>;
v0x57e147e47590_48 .net v0x57e147e47590 48, 7 0, L_0x79526e06d9d0; 1 drivers
L_0x79526e06da18 .functor BUFT 1, C4<00101110>, C4<0>, C4<0>, C4<0>;
v0x57e147e47590_49 .net v0x57e147e47590 49, 7 0, L_0x79526e06da18; 1 drivers
L_0x79526e06da60 .functor BUFT 1, C4<10100001>, C4<0>, C4<0>, C4<0>;
v0x57e147e47590_50 .net v0x57e147e47590 50, 7 0, L_0x79526e06da60; 1 drivers
L_0x79526e06daa8 .functor BUFT 1, C4<01100110>, C4<0>, C4<0>, C4<0>;
v0x57e147e47590_51 .net v0x57e147e47590 51, 7 0, L_0x79526e06daa8; 1 drivers
L_0x79526e06daf0 .functor BUFT 1, C4<00101000>, C4<0>, C4<0>, C4<0>;
v0x57e147e47590_52 .net v0x57e147e47590 52, 7 0, L_0x79526e06daf0; 1 drivers
L_0x79526e06db38 .functor BUFT 1, C4<11011001>, C4<0>, C4<0>, C4<0>;
v0x57e147e47590_53 .net v0x57e147e47590 53, 7 0, L_0x79526e06db38; 1 drivers
L_0x79526e06db80 .functor BUFT 1, C4<00100100>, C4<0>, C4<0>, C4<0>;
v0x57e147e47590_54 .net v0x57e147e47590 54, 7 0, L_0x79526e06db80; 1 drivers
L_0x79526e06dbc8 .functor BUFT 1, C4<10110010>, C4<0>, C4<0>, C4<0>;
v0x57e147e47590_55 .net v0x57e147e47590 55, 7 0, L_0x79526e06dbc8; 1 drivers
L_0x79526e06dc10 .functor BUFT 1, C4<01110110>, C4<0>, C4<0>, C4<0>;
v0x57e147e47590_56 .net v0x57e147e47590 56, 7 0, L_0x79526e06dc10; 1 drivers
L_0x79526e06dc58 .functor BUFT 1, C4<01011011>, C4<0>, C4<0>, C4<0>;
v0x57e147e47590_57 .net v0x57e147e47590 57, 7 0, L_0x79526e06dc58; 1 drivers
L_0x79526e06dca0 .functor BUFT 1, C4<10100010>, C4<0>, C4<0>, C4<0>;
v0x57e147e47590_58 .net v0x57e147e47590 58, 7 0, L_0x79526e06dca0; 1 drivers
L_0x79526e06dce8 .functor BUFT 1, C4<01001001>, C4<0>, C4<0>, C4<0>;
v0x57e147e47590_59 .net v0x57e147e47590 59, 7 0, L_0x79526e06dce8; 1 drivers
L_0x79526e06dd30 .functor BUFT 1, C4<01101101>, C4<0>, C4<0>, C4<0>;
v0x57e147e47590_60 .net v0x57e147e47590 60, 7 0, L_0x79526e06dd30; 1 drivers
L_0x79526e06dd78 .functor BUFT 1, C4<10001011>, C4<0>, C4<0>, C4<0>;
v0x57e147e47590_61 .net v0x57e147e47590 61, 7 0, L_0x79526e06dd78; 1 drivers
L_0x79526e06ddc0 .functor BUFT 1, C4<11010001>, C4<0>, C4<0>, C4<0>;
v0x57e147e47590_62 .net v0x57e147e47590 62, 7 0, L_0x79526e06ddc0; 1 drivers
L_0x79526e06de08 .functor BUFT 1, C4<00100101>, C4<0>, C4<0>, C4<0>;
v0x57e147e47590_63 .net v0x57e147e47590 63, 7 0, L_0x79526e06de08; 1 drivers
L_0x79526e06de50 .functor BUFT 1, C4<01110010>, C4<0>, C4<0>, C4<0>;
v0x57e147e47590_64 .net v0x57e147e47590 64, 7 0, L_0x79526e06de50; 1 drivers
L_0x79526e06de98 .functor BUFT 1, C4<11111000>, C4<0>, C4<0>, C4<0>;
v0x57e147e47590_65 .net v0x57e147e47590 65, 7 0, L_0x79526e06de98; 1 drivers
L_0x79526e06dee0 .functor BUFT 1, C4<11110110>, C4<0>, C4<0>, C4<0>;
v0x57e147e47590_66 .net v0x57e147e47590 66, 7 0, L_0x79526e06dee0; 1 drivers
L_0x79526e06df28 .functor BUFT 1, C4<01100100>, C4<0>, C4<0>, C4<0>;
v0x57e147e47590_67 .net v0x57e147e47590 67, 7 0, L_0x79526e06df28; 1 drivers
L_0x79526e06df70 .functor BUFT 1, C4<10000110>, C4<0>, C4<0>, C4<0>;
v0x57e147e47590_68 .net v0x57e147e47590 68, 7 0, L_0x79526e06df70; 1 drivers
L_0x79526e06dfb8 .functor BUFT 1, C4<01101000>, C4<0>, C4<0>, C4<0>;
v0x57e147e47590_69 .net v0x57e147e47590 69, 7 0, L_0x79526e06dfb8; 1 drivers
L_0x79526e06e000 .functor BUFT 1, C4<10011000>, C4<0>, C4<0>, C4<0>;
v0x57e147e47590_70 .net v0x57e147e47590 70, 7 0, L_0x79526e06e000; 1 drivers
L_0x79526e06e048 .functor BUFT 1, C4<00010110>, C4<0>, C4<0>, C4<0>;
v0x57e147e47590_71 .net v0x57e147e47590 71, 7 0, L_0x79526e06e048; 1 drivers
L_0x79526e06e090 .functor BUFT 1, C4<11010100>, C4<0>, C4<0>, C4<0>;
v0x57e147e47590_72 .net v0x57e147e47590 72, 7 0, L_0x79526e06e090; 1 drivers
L_0x79526e06e0d8 .functor BUFT 1, C4<10100100>, C4<0>, C4<0>, C4<0>;
v0x57e147e47590_73 .net v0x57e147e47590 73, 7 0, L_0x79526e06e0d8; 1 drivers
L_0x79526e06e120 .functor BUFT 1, C4<01011100>, C4<0>, C4<0>, C4<0>;
v0x57e147e47590_74 .net v0x57e147e47590 74, 7 0, L_0x79526e06e120; 1 drivers
L_0x79526e06e168 .functor BUFT 1, C4<11001100>, C4<0>, C4<0>, C4<0>;
v0x57e147e47590_75 .net v0x57e147e47590 75, 7 0, L_0x79526e06e168; 1 drivers
L_0x79526e06e1b0 .functor BUFT 1, C4<01011101>, C4<0>, C4<0>, C4<0>;
v0x57e147e47590_76 .net v0x57e147e47590 76, 7 0, L_0x79526e06e1b0; 1 drivers
L_0x79526e06e1f8 .functor BUFT 1, C4<01100101>, C4<0>, C4<0>, C4<0>;
v0x57e147e47590_77 .net v0x57e147e47590 77, 7 0, L_0x79526e06e1f8; 1 drivers
L_0x79526e06e240 .functor BUFT 1, C4<10110110>, C4<0>, C4<0>, C4<0>;
v0x57e147e47590_78 .net v0x57e147e47590 78, 7 0, L_0x79526e06e240; 1 drivers
L_0x79526e06e288 .functor BUFT 1, C4<10010010>, C4<0>, C4<0>, C4<0>;
v0x57e147e47590_79 .net v0x57e147e47590 79, 7 0, L_0x79526e06e288; 1 drivers
L_0x79526e06e2d0 .functor BUFT 1, C4<01101100>, C4<0>, C4<0>, C4<0>;
v0x57e147e47590_80 .net v0x57e147e47590 80, 7 0, L_0x79526e06e2d0; 1 drivers
L_0x79526e06e318 .functor BUFT 1, C4<01110000>, C4<0>, C4<0>, C4<0>;
v0x57e147e47590_81 .net v0x57e147e47590 81, 7 0, L_0x79526e06e318; 1 drivers
L_0x79526e06e360 .functor BUFT 1, C4<01001000>, C4<0>, C4<0>, C4<0>;
v0x57e147e47590_82 .net v0x57e147e47590 82, 7 0, L_0x79526e06e360; 1 drivers
L_0x79526e06e3a8 .functor BUFT 1, C4<01010000>, C4<0>, C4<0>, C4<0>;
v0x57e147e47590_83 .net v0x57e147e47590 83, 7 0, L_0x79526e06e3a8; 1 drivers
L_0x79526e06e3f0 .functor BUFT 1, C4<11111101>, C4<0>, C4<0>, C4<0>;
v0x57e147e47590_84 .net v0x57e147e47590 84, 7 0, L_0x79526e06e3f0; 1 drivers
L_0x79526e06e438 .functor BUFT 1, C4<11101101>, C4<0>, C4<0>, C4<0>;
v0x57e147e47590_85 .net v0x57e147e47590 85, 7 0, L_0x79526e06e438; 1 drivers
L_0x79526e06e480 .functor BUFT 1, C4<10111001>, C4<0>, C4<0>, C4<0>;
v0x57e147e47590_86 .net v0x57e147e47590 86, 7 0, L_0x79526e06e480; 1 drivers
L_0x79526e06e4c8 .functor BUFT 1, C4<11011010>, C4<0>, C4<0>, C4<0>;
v0x57e147e47590_87 .net v0x57e147e47590 87, 7 0, L_0x79526e06e4c8; 1 drivers
L_0x79526e06e510 .functor BUFT 1, C4<01011110>, C4<0>, C4<0>, C4<0>;
v0x57e147e47590_88 .net v0x57e147e47590 88, 7 0, L_0x79526e06e510; 1 drivers
L_0x79526e06e558 .functor BUFT 1, C4<00010101>, C4<0>, C4<0>, C4<0>;
v0x57e147e47590_89 .net v0x57e147e47590 89, 7 0, L_0x79526e06e558; 1 drivers
L_0x79526e06e5a0 .functor BUFT 1, C4<01000110>, C4<0>, C4<0>, C4<0>;
v0x57e147e47590_90 .net v0x57e147e47590 90, 7 0, L_0x79526e06e5a0; 1 drivers
L_0x79526e06e5e8 .functor BUFT 1, C4<01010111>, C4<0>, C4<0>, C4<0>;
v0x57e147e47590_91 .net v0x57e147e47590 91, 7 0, L_0x79526e06e5e8; 1 drivers
L_0x79526e06e630 .functor BUFT 1, C4<10100111>, C4<0>, C4<0>, C4<0>;
v0x57e147e47590_92 .net v0x57e147e47590 92, 7 0, L_0x79526e06e630; 1 drivers
L_0x79526e06e678 .functor BUFT 1, C4<10001101>, C4<0>, C4<0>, C4<0>;
v0x57e147e47590_93 .net v0x57e147e47590 93, 7 0, L_0x79526e06e678; 1 drivers
L_0x79526e06e6c0 .functor BUFT 1, C4<10011101>, C4<0>, C4<0>, C4<0>;
v0x57e147e47590_94 .net v0x57e147e47590 94, 7 0, L_0x79526e06e6c0; 1 drivers
L_0x79526e06e708 .functor BUFT 1, C4<10000100>, C4<0>, C4<0>, C4<0>;
v0x57e147e47590_95 .net v0x57e147e47590 95, 7 0, L_0x79526e06e708; 1 drivers
L_0x79526e06e750 .functor BUFT 1, C4<10010000>, C4<0>, C4<0>, C4<0>;
v0x57e147e47590_96 .net v0x57e147e47590 96, 7 0, L_0x79526e06e750; 1 drivers
L_0x79526e06e798 .functor BUFT 1, C4<11011000>, C4<0>, C4<0>, C4<0>;
v0x57e147e47590_97 .net v0x57e147e47590 97, 7 0, L_0x79526e06e798; 1 drivers
L_0x79526e06e7e0 .functor BUFT 1, C4<10101011>, C4<0>, C4<0>, C4<0>;
v0x57e147e47590_98 .net v0x57e147e47590 98, 7 0, L_0x79526e06e7e0; 1 drivers
L_0x79526e06e828 .functor BUFT 1, C4<00000000>, C4<0>, C4<0>, C4<0>;
v0x57e147e47590_99 .net v0x57e147e47590 99, 7 0, L_0x79526e06e828; 1 drivers
L_0x79526e06e870 .functor BUFT 1, C4<10001100>, C4<0>, C4<0>, C4<0>;
v0x57e147e47590_100 .net v0x57e147e47590 100, 7 0, L_0x79526e06e870; 1 drivers
L_0x79526e06e8b8 .functor BUFT 1, C4<10111100>, C4<0>, C4<0>, C4<0>;
v0x57e147e47590_101 .net v0x57e147e47590 101, 7 0, L_0x79526e06e8b8; 1 drivers
L_0x79526e06e900 .functor BUFT 1, C4<11010011>, C4<0>, C4<0>, C4<0>;
v0x57e147e47590_102 .net v0x57e147e47590 102, 7 0, L_0x79526e06e900; 1 drivers
L_0x79526e06e948 .functor BUFT 1, C4<00001010>, C4<0>, C4<0>, C4<0>;
v0x57e147e47590_103 .net v0x57e147e47590 103, 7 0, L_0x79526e06e948; 1 drivers
L_0x79526e06e990 .functor BUFT 1, C4<11110111>, C4<0>, C4<0>, C4<0>;
v0x57e147e47590_104 .net v0x57e147e47590 104, 7 0, L_0x79526e06e990; 1 drivers
L_0x79526e06e9d8 .functor BUFT 1, C4<11100100>, C4<0>, C4<0>, C4<0>;
v0x57e147e47590_105 .net v0x57e147e47590 105, 7 0, L_0x79526e06e9d8; 1 drivers
L_0x79526e06ea20 .functor BUFT 1, C4<01011000>, C4<0>, C4<0>, C4<0>;
v0x57e147e47590_106 .net v0x57e147e47590 106, 7 0, L_0x79526e06ea20; 1 drivers
L_0x79526e06ea68 .functor BUFT 1, C4<00000101>, C4<0>, C4<0>, C4<0>;
v0x57e147e47590_107 .net v0x57e147e47590 107, 7 0, L_0x79526e06ea68; 1 drivers
L_0x79526e06eab0 .functor BUFT 1, C4<10111000>, C4<0>, C4<0>, C4<0>;
v0x57e147e47590_108 .net v0x57e147e47590 108, 7 0, L_0x79526e06eab0; 1 drivers
L_0x79526e06eaf8 .functor BUFT 1, C4<10110011>, C4<0>, C4<0>, C4<0>;
v0x57e147e47590_109 .net v0x57e147e47590 109, 7 0, L_0x79526e06eaf8; 1 drivers
L_0x79526e06eb40 .functor BUFT 1, C4<01000101>, C4<0>, C4<0>, C4<0>;
v0x57e147e47590_110 .net v0x57e147e47590 110, 7 0, L_0x79526e06eb40; 1 drivers
L_0x79526e06eb88 .functor BUFT 1, C4<00000110>, C4<0>, C4<0>, C4<0>;
v0x57e147e47590_111 .net v0x57e147e47590 111, 7 0, L_0x79526e06eb88; 1 drivers
L_0x79526e06ebd0 .functor BUFT 1, C4<11010000>, C4<0>, C4<0>, C4<0>;
v0x57e147e47590_112 .net v0x57e147e47590 112, 7 0, L_0x79526e06ebd0; 1 drivers
L_0x79526e06ec18 .functor BUFT 1, C4<00101100>, C4<0>, C4<0>, C4<0>;
v0x57e147e47590_113 .net v0x57e147e47590 113, 7 0, L_0x79526e06ec18; 1 drivers
L_0x79526e06ec60 .functor BUFT 1, C4<00011110>, C4<0>, C4<0>, C4<0>;
v0x57e147e47590_114 .net v0x57e147e47590 114, 7 0, L_0x79526e06ec60; 1 drivers
L_0x79526e06eca8 .functor BUFT 1, C4<10001111>, C4<0>, C4<0>, C4<0>;
v0x57e147e47590_115 .net v0x57e147e47590 115, 7 0, L_0x79526e06eca8; 1 drivers
L_0x79526e06ecf0 .functor BUFT 1, C4<11001010>, C4<0>, C4<0>, C4<0>;
v0x57e147e47590_116 .net v0x57e147e47590 116, 7 0, L_0x79526e06ecf0; 1 drivers
L_0x79526e06ed38 .functor BUFT 1, C4<00111111>, C4<0>, C4<0>, C4<0>;
v0x57e147e47590_117 .net v0x57e147e47590 117, 7 0, L_0x79526e06ed38; 1 drivers
L_0x79526e06ed80 .functor BUFT 1, C4<00001111>, C4<0>, C4<0>, C4<0>;
v0x57e147e47590_118 .net v0x57e147e47590 118, 7 0, L_0x79526e06ed80; 1 drivers
L_0x79526e06edc8 .functor BUFT 1, C4<00000010>, C4<0>, C4<0>, C4<0>;
v0x57e147e47590_119 .net v0x57e147e47590 119, 7 0, L_0x79526e06edc8; 1 drivers
L_0x79526e06ee10 .functor BUFT 1, C4<11000001>, C4<0>, C4<0>, C4<0>;
v0x57e147e47590_120 .net v0x57e147e47590 120, 7 0, L_0x79526e06ee10; 1 drivers
L_0x79526e06ee58 .functor BUFT 1, C4<10101111>, C4<0>, C4<0>, C4<0>;
v0x57e147e47590_121 .net v0x57e147e47590 121, 7 0, L_0x79526e06ee58; 1 drivers
L_0x79526e06eea0 .functor BUFT 1, C4<10111101>, C4<0>, C4<0>, C4<0>;
v0x57e147e47590_122 .net v0x57e147e47590 122, 7 0, L_0x79526e06eea0; 1 drivers
L_0x79526e06eee8 .functor BUFT 1, C4<00000011>, C4<0>, C4<0>, C4<0>;
v0x57e147e47590_123 .net v0x57e147e47590 123, 7 0, L_0x79526e06eee8; 1 drivers
L_0x79526e06ef30 .functor BUFT 1, C4<00000001>, C4<0>, C4<0>, C4<0>;
v0x57e147e47590_124 .net v0x57e147e47590 124, 7 0, L_0x79526e06ef30; 1 drivers
L_0x79526e06ef78 .functor BUFT 1, C4<00010011>, C4<0>, C4<0>, C4<0>;
v0x57e147e47590_125 .net v0x57e147e47590 125, 7 0, L_0x79526e06ef78; 1 drivers
L_0x79526e06efc0 .functor BUFT 1, C4<10001010>, C4<0>, C4<0>, C4<0>;
v0x57e147e47590_126 .net v0x57e147e47590 126, 7 0, L_0x79526e06efc0; 1 drivers
L_0x79526e06f008 .functor BUFT 1, C4<01101011>, C4<0>, C4<0>, C4<0>;
v0x57e147e47590_127 .net v0x57e147e47590 127, 7 0, L_0x79526e06f008; 1 drivers
L_0x79526e06f050 .functor BUFT 1, C4<00111010>, C4<0>, C4<0>, C4<0>;
v0x57e147e47590_128 .net v0x57e147e47590 128, 7 0, L_0x79526e06f050; 1 drivers
L_0x79526e06f098 .functor BUFT 1, C4<10010001>, C4<0>, C4<0>, C4<0>;
v0x57e147e47590_129 .net v0x57e147e47590 129, 7 0, L_0x79526e06f098; 1 drivers
L_0x79526e06f0e0 .functor BUFT 1, C4<00010001>, C4<0>, C4<0>, C4<0>;
v0x57e147e47590_130 .net v0x57e147e47590 130, 7 0, L_0x79526e06f0e0; 1 drivers
L_0x79526e06f128 .functor BUFT 1, C4<01000001>, C4<0>, C4<0>, C4<0>;
v0x57e147e47590_131 .net v0x57e147e47590 131, 7 0, L_0x79526e06f128; 1 drivers
L_0x79526e06f170 .functor BUFT 1, C4<01001111>, C4<0>, C4<0>, C4<0>;
v0x57e147e47590_132 .net v0x57e147e47590 132, 7 0, L_0x79526e06f170; 1 drivers
L_0x79526e06f1b8 .functor BUFT 1, C4<01100111>, C4<0>, C4<0>, C4<0>;
v0x57e147e47590_133 .net v0x57e147e47590 133, 7 0, L_0x79526e06f1b8; 1 drivers
L_0x79526e06f200 .functor BUFT 1, C4<11011100>, C4<0>, C4<0>, C4<0>;
v0x57e147e47590_134 .net v0x57e147e47590 134, 7 0, L_0x79526e06f200; 1 drivers
L_0x79526e06f248 .functor BUFT 1, C4<11101010>, C4<0>, C4<0>, C4<0>;
v0x57e147e47590_135 .net v0x57e147e47590 135, 7 0, L_0x79526e06f248; 1 drivers
L_0x79526e06f290 .functor BUFT 1, C4<10010111>, C4<0>, C4<0>, C4<0>;
v0x57e147e47590_136 .net v0x57e147e47590 136, 7 0, L_0x79526e06f290; 1 drivers
L_0x79526e06f2d8 .functor BUFT 1, C4<11110010>, C4<0>, C4<0>, C4<0>;
v0x57e147e47590_137 .net v0x57e147e47590 137, 7 0, L_0x79526e06f2d8; 1 drivers
L_0x79526e06f320 .functor BUFT 1, C4<11001111>, C4<0>, C4<0>, C4<0>;
v0x57e147e47590_138 .net v0x57e147e47590 138, 7 0, L_0x79526e06f320; 1 drivers
L_0x79526e06f368 .functor BUFT 1, C4<11001110>, C4<0>, C4<0>, C4<0>;
v0x57e147e47590_139 .net v0x57e147e47590 139, 7 0, L_0x79526e06f368; 1 drivers
L_0x79526e06f3b0 .functor BUFT 1, C4<11110000>, C4<0>, C4<0>, C4<0>;
v0x57e147e47590_140 .net v0x57e147e47590 140, 7 0, L_0x79526e06f3b0; 1 drivers
L_0x79526e06f3f8 .functor BUFT 1, C4<10110100>, C4<0>, C4<0>, C4<0>;
v0x57e147e47590_141 .net v0x57e147e47590 141, 7 0, L_0x79526e06f3f8; 1 drivers
L_0x79526e06f440 .functor BUFT 1, C4<11100110>, C4<0>, C4<0>, C4<0>;
v0x57e147e47590_142 .net v0x57e147e47590 142, 7 0, L_0x79526e06f440; 1 drivers
L_0x79526e06f488 .functor BUFT 1, C4<01110011>, C4<0>, C4<0>, C4<0>;
v0x57e147e47590_143 .net v0x57e147e47590 143, 7 0, L_0x79526e06f488; 1 drivers
L_0x79526e06f4d0 .functor BUFT 1, C4<10010110>, C4<0>, C4<0>, C4<0>;
v0x57e147e47590_144 .net v0x57e147e47590 144, 7 0, L_0x79526e06f4d0; 1 drivers
L_0x79526e06f518 .functor BUFT 1, C4<10101100>, C4<0>, C4<0>, C4<0>;
v0x57e147e47590_145 .net v0x57e147e47590 145, 7 0, L_0x79526e06f518; 1 drivers
L_0x79526e06f560 .functor BUFT 1, C4<01110100>, C4<0>, C4<0>, C4<0>;
v0x57e147e47590_146 .net v0x57e147e47590 146, 7 0, L_0x79526e06f560; 1 drivers
L_0x79526e06f5a8 .functor BUFT 1, C4<00100010>, C4<0>, C4<0>, C4<0>;
v0x57e147e47590_147 .net v0x57e147e47590 147, 7 0, L_0x79526e06f5a8; 1 drivers
L_0x79526e06f5f0 .functor BUFT 1, C4<11100111>, C4<0>, C4<0>, C4<0>;
v0x57e147e47590_148 .net v0x57e147e47590 148, 7 0, L_0x79526e06f5f0; 1 drivers
L_0x79526e06f638 .functor BUFT 1, C4<10101101>, C4<0>, C4<0>, C4<0>;
v0x57e147e47590_149 .net v0x57e147e47590 149, 7 0, L_0x79526e06f638; 1 drivers
L_0x79526e06f680 .functor BUFT 1, C4<00110101>, C4<0>, C4<0>, C4<0>;
v0x57e147e47590_150 .net v0x57e147e47590 150, 7 0, L_0x79526e06f680; 1 drivers
L_0x79526e06f6c8 .functor BUFT 1, C4<10000101>, C4<0>, C4<0>, C4<0>;
v0x57e147e47590_151 .net v0x57e147e47590 151, 7 0, L_0x79526e06f6c8; 1 drivers
L_0x79526e06f710 .functor BUFT 1, C4<11100010>, C4<0>, C4<0>, C4<0>;
v0x57e147e47590_152 .net v0x57e147e47590 152, 7 0, L_0x79526e06f710; 1 drivers
L_0x79526e06f758 .functor BUFT 1, C4<11111001>, C4<0>, C4<0>, C4<0>;
v0x57e147e47590_153 .net v0x57e147e47590 153, 7 0, L_0x79526e06f758; 1 drivers
L_0x79526e06f7a0 .functor BUFT 1, C4<00110111>, C4<0>, C4<0>, C4<0>;
v0x57e147e47590_154 .net v0x57e147e47590 154, 7 0, L_0x79526e06f7a0; 1 drivers
L_0x79526e06f7e8 .functor BUFT 1, C4<11101000>, C4<0>, C4<0>, C4<0>;
v0x57e147e47590_155 .net v0x57e147e47590 155, 7 0, L_0x79526e06f7e8; 1 drivers
L_0x79526e06f830 .functor BUFT 1, C4<00011100>, C4<0>, C4<0>, C4<0>;
v0x57e147e47590_156 .net v0x57e147e47590 156, 7 0, L_0x79526e06f830; 1 drivers
L_0x79526e06f878 .functor BUFT 1, C4<01110101>, C4<0>, C4<0>, C4<0>;
v0x57e147e47590_157 .net v0x57e147e47590 157, 7 0, L_0x79526e06f878; 1 drivers
L_0x79526e06f8c0 .functor BUFT 1, C4<11011111>, C4<0>, C4<0>, C4<0>;
v0x57e147e47590_158 .net v0x57e147e47590 158, 7 0, L_0x79526e06f8c0; 1 drivers
L_0x79526e06f908 .functor BUFT 1, C4<01101110>, C4<0>, C4<0>, C4<0>;
v0x57e147e47590_159 .net v0x57e147e47590 159, 7 0, L_0x79526e06f908; 1 drivers
L_0x79526e06f950 .functor BUFT 1, C4<01000111>, C4<0>, C4<0>, C4<0>;
v0x57e147e47590_160 .net v0x57e147e47590 160, 7 0, L_0x79526e06f950; 1 drivers
L_0x79526e06f998 .functor BUFT 1, C4<11110001>, C4<0>, C4<0>, C4<0>;
v0x57e147e47590_161 .net v0x57e147e47590 161, 7 0, L_0x79526e06f998; 1 drivers
L_0x79526e06f9e0 .functor BUFT 1, C4<00011010>, C4<0>, C4<0>, C4<0>;
v0x57e147e47590_162 .net v0x57e147e47590 162, 7 0, L_0x79526e06f9e0; 1 drivers
L_0x79526e06fa28 .functor BUFT 1, C4<01110001>, C4<0>, C4<0>, C4<0>;
v0x57e147e47590_163 .net v0x57e147e47590 163, 7 0, L_0x79526e06fa28; 1 drivers
L_0x79526e06fa70 .functor BUFT 1, C4<00011101>, C4<0>, C4<0>, C4<0>;
v0x57e147e47590_164 .net v0x57e147e47590 164, 7 0, L_0x79526e06fa70; 1 drivers
L_0x79526e06fab8 .functor BUFT 1, C4<00101001>, C4<0>, C4<0>, C4<0>;
v0x57e147e47590_165 .net v0x57e147e47590 165, 7 0, L_0x79526e06fab8; 1 drivers
L_0x79526e06fb00 .functor BUFT 1, C4<11000101>, C4<0>, C4<0>, C4<0>;
v0x57e147e47590_166 .net v0x57e147e47590 166, 7 0, L_0x79526e06fb00; 1 drivers
L_0x79526e06fb48 .functor BUFT 1, C4<10001001>, C4<0>, C4<0>, C4<0>;
v0x57e147e47590_167 .net v0x57e147e47590 167, 7 0, L_0x79526e06fb48; 1 drivers
L_0x79526e06fb90 .functor BUFT 1, C4<01101111>, C4<0>, C4<0>, C4<0>;
v0x57e147e47590_168 .net v0x57e147e47590 168, 7 0, L_0x79526e06fb90; 1 drivers
L_0x79526e06fbd8 .functor BUFT 1, C4<10110111>, C4<0>, C4<0>, C4<0>;
v0x57e147e47590_169 .net v0x57e147e47590 169, 7 0, L_0x79526e06fbd8; 1 drivers
L_0x79526e06fc20 .functor BUFT 1, C4<01100010>, C4<0>, C4<0>, C4<0>;
v0x57e147e47590_170 .net v0x57e147e47590 170, 7 0, L_0x79526e06fc20; 1 drivers
L_0x79526e06fc68 .functor BUFT 1, C4<00001110>, C4<0>, C4<0>, C4<0>;
v0x57e147e47590_171 .net v0x57e147e47590 171, 7 0, L_0x79526e06fc68; 1 drivers
L_0x79526e06fcb0 .functor BUFT 1, C4<10101010>, C4<0>, C4<0>, C4<0>;
v0x57e147e47590_172 .net v0x57e147e47590 172, 7 0, L_0x79526e06fcb0; 1 drivers
L_0x79526e06fcf8 .functor BUFT 1, C4<00011000>, C4<0>, C4<0>, C4<0>;
v0x57e147e47590_173 .net v0x57e147e47590 173, 7 0, L_0x79526e06fcf8; 1 drivers
L_0x79526e06fd40 .functor BUFT 1, C4<10111110>, C4<0>, C4<0>, C4<0>;
v0x57e147e47590_174 .net v0x57e147e47590 174, 7 0, L_0x79526e06fd40; 1 drivers
L_0x79526e06fd88 .functor BUFT 1, C4<00011011>, C4<0>, C4<0>, C4<0>;
v0x57e147e47590_175 .net v0x57e147e47590 175, 7 0, L_0x79526e06fd88; 1 drivers
L_0x79526e06fdd0 .functor BUFT 1, C4<11111100>, C4<0>, C4<0>, C4<0>;
v0x57e147e47590_176 .net v0x57e147e47590 176, 7 0, L_0x79526e06fdd0; 1 drivers
L_0x79526e06fe18 .functor BUFT 1, C4<01010110>, C4<0>, C4<0>, C4<0>;
v0x57e147e47590_177 .net v0x57e147e47590 177, 7 0, L_0x79526e06fe18; 1 drivers
L_0x79526e06fe60 .functor BUFT 1, C4<00111110>, C4<0>, C4<0>, C4<0>;
v0x57e147e47590_178 .net v0x57e147e47590 178, 7 0, L_0x79526e06fe60; 1 drivers
L_0x79526e06fea8 .functor BUFT 1, C4<01001011>, C4<0>, C4<0>, C4<0>;
v0x57e147e47590_179 .net v0x57e147e47590 179, 7 0, L_0x79526e06fea8; 1 drivers
L_0x79526e06fef0 .functor BUFT 1, C4<11000110>, C4<0>, C4<0>, C4<0>;
v0x57e147e47590_180 .net v0x57e147e47590 180, 7 0, L_0x79526e06fef0; 1 drivers
L_0x79526e06ff38 .functor BUFT 1, C4<11010010>, C4<0>, C4<0>, C4<0>;
v0x57e147e47590_181 .net v0x57e147e47590 181, 7 0, L_0x79526e06ff38; 1 drivers
L_0x79526e06ff80 .functor BUFT 1, C4<01111001>, C4<0>, C4<0>, C4<0>;
v0x57e147e47590_182 .net v0x57e147e47590 182, 7 0, L_0x79526e06ff80; 1 drivers
L_0x79526e06ffc8 .functor BUFT 1, C4<00100000>, C4<0>, C4<0>, C4<0>;
v0x57e147e47590_183 .net v0x57e147e47590 183, 7 0, L_0x79526e06ffc8; 1 drivers
L_0x79526e070010 .functor BUFT 1, C4<10011010>, C4<0>, C4<0>, C4<0>;
v0x57e147e47590_184 .net v0x57e147e47590 184, 7 0, L_0x79526e070010; 1 drivers
L_0x79526e070058 .functor BUFT 1, C4<11011011>, C4<0>, C4<0>, C4<0>;
v0x57e147e47590_185 .net v0x57e147e47590 185, 7 0, L_0x79526e070058; 1 drivers
L_0x79526e0700a0 .functor BUFT 1, C4<11000000>, C4<0>, C4<0>, C4<0>;
v0x57e147e47590_186 .net v0x57e147e47590 186, 7 0, L_0x79526e0700a0; 1 drivers
L_0x79526e0700e8 .functor BUFT 1, C4<11111110>, C4<0>, C4<0>, C4<0>;
v0x57e147e47590_187 .net v0x57e147e47590 187, 7 0, L_0x79526e0700e8; 1 drivers
L_0x79526e070130 .functor BUFT 1, C4<01111000>, C4<0>, C4<0>, C4<0>;
v0x57e147e47590_188 .net v0x57e147e47590 188, 7 0, L_0x79526e070130; 1 drivers
L_0x79526e070178 .functor BUFT 1, C4<11001101>, C4<0>, C4<0>, C4<0>;
v0x57e147e47590_189 .net v0x57e147e47590 189, 7 0, L_0x79526e070178; 1 drivers
L_0x79526e0701c0 .functor BUFT 1, C4<01011010>, C4<0>, C4<0>, C4<0>;
v0x57e147e47590_190 .net v0x57e147e47590 190, 7 0, L_0x79526e0701c0; 1 drivers
L_0x79526e070208 .functor BUFT 1, C4<11110100>, C4<0>, C4<0>, C4<0>;
v0x57e147e47590_191 .net v0x57e147e47590 191, 7 0, L_0x79526e070208; 1 drivers
L_0x79526e070250 .functor BUFT 1, C4<00011111>, C4<0>, C4<0>, C4<0>;
v0x57e147e47590_192 .net v0x57e147e47590 192, 7 0, L_0x79526e070250; 1 drivers
L_0x79526e070298 .functor BUFT 1, C4<11011101>, C4<0>, C4<0>, C4<0>;
v0x57e147e47590_193 .net v0x57e147e47590 193, 7 0, L_0x79526e070298; 1 drivers
L_0x79526e0702e0 .functor BUFT 1, C4<10101000>, C4<0>, C4<0>, C4<0>;
v0x57e147e47590_194 .net v0x57e147e47590 194, 7 0, L_0x79526e0702e0; 1 drivers
L_0x79526e070328 .functor BUFT 1, C4<00110011>, C4<0>, C4<0>, C4<0>;
v0x57e147e47590_195 .net v0x57e147e47590 195, 7 0, L_0x79526e070328; 1 drivers
L_0x79526e070370 .functor BUFT 1, C4<10001000>, C4<0>, C4<0>, C4<0>;
v0x57e147e47590_196 .net v0x57e147e47590 196, 7 0, L_0x79526e070370; 1 drivers
L_0x79526e0703b8 .functor BUFT 1, C4<00000111>, C4<0>, C4<0>, C4<0>;
v0x57e147e47590_197 .net v0x57e147e47590 197, 7 0, L_0x79526e0703b8; 1 drivers
L_0x79526e070400 .functor BUFT 1, C4<11000111>, C4<0>, C4<0>, C4<0>;
v0x57e147e47590_198 .net v0x57e147e47590 198, 7 0, L_0x79526e070400; 1 drivers
L_0x79526e070448 .functor BUFT 1, C4<00110001>, C4<0>, C4<0>, C4<0>;
v0x57e147e47590_199 .net v0x57e147e47590 199, 7 0, L_0x79526e070448; 1 drivers
L_0x79526e070490 .functor BUFT 1, C4<10110001>, C4<0>, C4<0>, C4<0>;
v0x57e147e47590_200 .net v0x57e147e47590 200, 7 0, L_0x79526e070490; 1 drivers
L_0x79526e0704d8 .functor BUFT 1, C4<00010010>, C4<0>, C4<0>, C4<0>;
v0x57e147e47590_201 .net v0x57e147e47590 201, 7 0, L_0x79526e0704d8; 1 drivers
L_0x79526e070520 .functor BUFT 1, C4<00010000>, C4<0>, C4<0>, C4<0>;
v0x57e147e47590_202 .net v0x57e147e47590 202, 7 0, L_0x79526e070520; 1 drivers
L_0x79526e070568 .functor BUFT 1, C4<01011001>, C4<0>, C4<0>, C4<0>;
v0x57e147e47590_203 .net v0x57e147e47590 203, 7 0, L_0x79526e070568; 1 drivers
L_0x79526e0705b0 .functor BUFT 1, C4<00100111>, C4<0>, C4<0>, C4<0>;
v0x57e147e47590_204 .net v0x57e147e47590 204, 7 0, L_0x79526e0705b0; 1 drivers
L_0x79526e0705f8 .functor BUFT 1, C4<10000000>, C4<0>, C4<0>, C4<0>;
v0x57e147e47590_205 .net v0x57e147e47590 205, 7 0, L_0x79526e0705f8; 1 drivers
L_0x79526e070640 .functor BUFT 1, C4<11101100>, C4<0>, C4<0>, C4<0>;
v0x57e147e47590_206 .net v0x57e147e47590 206, 7 0, L_0x79526e070640; 1 drivers
L_0x79526e070688 .functor BUFT 1, C4<01011111>, C4<0>, C4<0>, C4<0>;
v0x57e147e47590_207 .net v0x57e147e47590 207, 7 0, L_0x79526e070688; 1 drivers
L_0x79526e0706d0 .functor BUFT 1, C4<01100000>, C4<0>, C4<0>, C4<0>;
v0x57e147e47590_208 .net v0x57e147e47590 208, 7 0, L_0x79526e0706d0; 1 drivers
L_0x79526e070718 .functor BUFT 1, C4<01010001>, C4<0>, C4<0>, C4<0>;
v0x57e147e47590_209 .net v0x57e147e47590 209, 7 0, L_0x79526e070718; 1 drivers
L_0x79526e070760 .functor BUFT 1, C4<01111111>, C4<0>, C4<0>, C4<0>;
v0x57e147e47590_210 .net v0x57e147e47590 210, 7 0, L_0x79526e070760; 1 drivers
L_0x79526e0707a8 .functor BUFT 1, C4<10101001>, C4<0>, C4<0>, C4<0>;
v0x57e147e47590_211 .net v0x57e147e47590 211, 7 0, L_0x79526e0707a8; 1 drivers
L_0x79526e0707f0 .functor BUFT 1, C4<00011001>, C4<0>, C4<0>, C4<0>;
v0x57e147e47590_212 .net v0x57e147e47590 212, 7 0, L_0x79526e0707f0; 1 drivers
L_0x79526e070838 .functor BUFT 1, C4<10110101>, C4<0>, C4<0>, C4<0>;
v0x57e147e47590_213 .net v0x57e147e47590 213, 7 0, L_0x79526e070838; 1 drivers
L_0x79526e070880 .functor BUFT 1, C4<01001010>, C4<0>, C4<0>, C4<0>;
v0x57e147e47590_214 .net v0x57e147e47590 214, 7 0, L_0x79526e070880; 1 drivers
L_0x79526e0708c8 .functor BUFT 1, C4<00001101>, C4<0>, C4<0>, C4<0>;
v0x57e147e47590_215 .net v0x57e147e47590 215, 7 0, L_0x79526e0708c8; 1 drivers
L_0x79526e070910 .functor BUFT 1, C4<00101101>, C4<0>, C4<0>, C4<0>;
v0x57e147e47590_216 .net v0x57e147e47590 216, 7 0, L_0x79526e070910; 1 drivers
L_0x79526e070958 .functor BUFT 1, C4<11100101>, C4<0>, C4<0>, C4<0>;
v0x57e147e47590_217 .net v0x57e147e47590 217, 7 0, L_0x79526e070958; 1 drivers
L_0x79526e0709a0 .functor BUFT 1, C4<01111010>, C4<0>, C4<0>, C4<0>;
v0x57e147e47590_218 .net v0x57e147e47590 218, 7 0, L_0x79526e0709a0; 1 drivers
L_0x79526e0709e8 .functor BUFT 1, C4<10011111>, C4<0>, C4<0>, C4<0>;
v0x57e147e47590_219 .net v0x57e147e47590 219, 7 0, L_0x79526e0709e8; 1 drivers
L_0x79526e070a30 .functor BUFT 1, C4<10010011>, C4<0>, C4<0>, C4<0>;
v0x57e147e47590_220 .net v0x57e147e47590 220, 7 0, L_0x79526e070a30; 1 drivers
L_0x79526e070a78 .functor BUFT 1, C4<11001001>, C4<0>, C4<0>, C4<0>;
v0x57e147e47590_221 .net v0x57e147e47590 221, 7 0, L_0x79526e070a78; 1 drivers
L_0x79526e070ac0 .functor BUFT 1, C4<10011100>, C4<0>, C4<0>, C4<0>;
v0x57e147e47590_222 .net v0x57e147e47590 222, 7 0, L_0x79526e070ac0; 1 drivers
L_0x79526e070b08 .functor BUFT 1, C4<11101111>, C4<0>, C4<0>, C4<0>;
v0x57e147e47590_223 .net v0x57e147e47590 223, 7 0, L_0x79526e070b08; 1 drivers
L_0x79526e070b50 .functor BUFT 1, C4<10100000>, C4<0>, C4<0>, C4<0>;
v0x57e147e47590_224 .net v0x57e147e47590 224, 7 0, L_0x79526e070b50; 1 drivers
L_0x79526e070b98 .functor BUFT 1, C4<11100000>, C4<0>, C4<0>, C4<0>;
v0x57e147e47590_225 .net v0x57e147e47590 225, 7 0, L_0x79526e070b98; 1 drivers
L_0x79526e070be0 .functor BUFT 1, C4<00111011>, C4<0>, C4<0>, C4<0>;
v0x57e147e47590_226 .net v0x57e147e47590 226, 7 0, L_0x79526e070be0; 1 drivers
L_0x79526e070c28 .functor BUFT 1, C4<01001101>, C4<0>, C4<0>, C4<0>;
v0x57e147e47590_227 .net v0x57e147e47590 227, 7 0, L_0x79526e070c28; 1 drivers
L_0x79526e070c70 .functor BUFT 1, C4<10101110>, C4<0>, C4<0>, C4<0>;
v0x57e147e47590_228 .net v0x57e147e47590 228, 7 0, L_0x79526e070c70; 1 drivers
L_0x79526e070cb8 .functor BUFT 1, C4<00101010>, C4<0>, C4<0>, C4<0>;
v0x57e147e47590_229 .net v0x57e147e47590 229, 7 0, L_0x79526e070cb8; 1 drivers
L_0x79526e070d00 .functor BUFT 1, C4<11110101>, C4<0>, C4<0>, C4<0>;
v0x57e147e47590_230 .net v0x57e147e47590 230, 7 0, L_0x79526e070d00; 1 drivers
L_0x79526e070d48 .functor BUFT 1, C4<10110000>, C4<0>, C4<0>, C4<0>;
v0x57e147e47590_231 .net v0x57e147e47590 231, 7 0, L_0x79526e070d48; 1 drivers
L_0x79526e070d90 .functor BUFT 1, C4<11001000>, C4<0>, C4<0>, C4<0>;
v0x57e147e47590_232 .net v0x57e147e47590 232, 7 0, L_0x79526e070d90; 1 drivers
L_0x79526e070dd8 .functor BUFT 1, C4<11101011>, C4<0>, C4<0>, C4<0>;
v0x57e147e47590_233 .net v0x57e147e47590 233, 7 0, L_0x79526e070dd8; 1 drivers
L_0x79526e070e20 .functor BUFT 1, C4<10111011>, C4<0>, C4<0>, C4<0>;
v0x57e147e47590_234 .net v0x57e147e47590 234, 7 0, L_0x79526e070e20; 1 drivers
L_0x79526e070e68 .functor BUFT 1, C4<00111100>, C4<0>, C4<0>, C4<0>;
v0x57e147e47590_235 .net v0x57e147e47590 235, 7 0, L_0x79526e070e68; 1 drivers
L_0x79526e070eb0 .functor BUFT 1, C4<10000011>, C4<0>, C4<0>, C4<0>;
v0x57e147e47590_236 .net v0x57e147e47590 236, 7 0, L_0x79526e070eb0; 1 drivers
L_0x79526e070ef8 .functor BUFT 1, C4<01010011>, C4<0>, C4<0>, C4<0>;
v0x57e147e47590_237 .net v0x57e147e47590 237, 7 0, L_0x79526e070ef8; 1 drivers
L_0x79526e070f40 .functor BUFT 1, C4<10011001>, C4<0>, C4<0>, C4<0>;
v0x57e147e47590_238 .net v0x57e147e47590 238, 7 0, L_0x79526e070f40; 1 drivers
L_0x79526e070f88 .functor BUFT 1, C4<01100001>, C4<0>, C4<0>, C4<0>;
v0x57e147e47590_239 .net v0x57e147e47590 239, 7 0, L_0x79526e070f88; 1 drivers
L_0x79526e070fd0 .functor BUFT 1, C4<00010111>, C4<0>, C4<0>, C4<0>;
v0x57e147e47590_240 .net v0x57e147e47590 240, 7 0, L_0x79526e070fd0; 1 drivers
L_0x79526e071018 .functor BUFT 1, C4<00101011>, C4<0>, C4<0>, C4<0>;
v0x57e147e47590_241 .net v0x57e147e47590 241, 7 0, L_0x79526e071018; 1 drivers
L_0x79526e071060 .functor BUFT 1, C4<00000100>, C4<0>, C4<0>, C4<0>;
v0x57e147e47590_242 .net v0x57e147e47590 242, 7 0, L_0x79526e071060; 1 drivers
L_0x79526e0710a8 .functor BUFT 1, C4<01111110>, C4<0>, C4<0>, C4<0>;
v0x57e147e47590_243 .net v0x57e147e47590 243, 7 0, L_0x79526e0710a8; 1 drivers
L_0x79526e0710f0 .functor BUFT 1, C4<10111010>, C4<0>, C4<0>, C4<0>;
v0x57e147e47590_244 .net v0x57e147e47590 244, 7 0, L_0x79526e0710f0; 1 drivers
L_0x79526e071138 .functor BUFT 1, C4<01110111>, C4<0>, C4<0>, C4<0>;
v0x57e147e47590_245 .net v0x57e147e47590 245, 7 0, L_0x79526e071138; 1 drivers
L_0x79526e071180 .functor BUFT 1, C4<11010110>, C4<0>, C4<0>, C4<0>;
v0x57e147e47590_246 .net v0x57e147e47590 246, 7 0, L_0x79526e071180; 1 drivers
L_0x79526e0711c8 .functor BUFT 1, C4<00100110>, C4<0>, C4<0>, C4<0>;
v0x57e147e47590_247 .net v0x57e147e47590 247, 7 0, L_0x79526e0711c8; 1 drivers
L_0x79526e071210 .functor BUFT 1, C4<11100001>, C4<0>, C4<0>, C4<0>;
v0x57e147e47590_248 .net v0x57e147e47590 248, 7 0, L_0x79526e071210; 1 drivers
L_0x79526e071258 .functor BUFT 1, C4<01101001>, C4<0>, C4<0>, C4<0>;
v0x57e147e47590_249 .net v0x57e147e47590 249, 7 0, L_0x79526e071258; 1 drivers
L_0x79526e0712a0 .functor BUFT 1, C4<00010100>, C4<0>, C4<0>, C4<0>;
v0x57e147e47590_250 .net v0x57e147e47590 250, 7 0, L_0x79526e0712a0; 1 drivers
L_0x79526e0712e8 .functor BUFT 1, C4<01100011>, C4<0>, C4<0>, C4<0>;
v0x57e147e47590_251 .net v0x57e147e47590 251, 7 0, L_0x79526e0712e8; 1 drivers
L_0x79526e071330 .functor BUFT 1, C4<01010101>, C4<0>, C4<0>, C4<0>;
v0x57e147e47590_252 .net v0x57e147e47590 252, 7 0, L_0x79526e071330; 1 drivers
L_0x79526e071378 .functor BUFT 1, C4<00100001>, C4<0>, C4<0>, C4<0>;
v0x57e147e47590_253 .net v0x57e147e47590 253, 7 0, L_0x79526e071378; 1 drivers
L_0x79526e0713c0 .functor BUFT 1, C4<00001100>, C4<0>, C4<0>, C4<0>;
v0x57e147e47590_254 .net v0x57e147e47590 254, 7 0, L_0x79526e0713c0; 1 drivers
L_0x79526e071408 .functor BUFT 1, C4<01111101>, C4<0>, C4<0>, C4<0>;
v0x57e147e47590_255 .net v0x57e147e47590 255, 7 0, L_0x79526e071408; 1 drivers
v0x57e147e41b70_0 .var "leak_byte", 7 0;
v0x57e147e07510_0 .net "new_sboxw", 31 0, L_0x57e147f48ae0;  alias, 1 drivers
o0x79526e0c0048 .functor BUFZ 1, C4<z>; HiZ drive
v0x57e147e075d0_0 .net "reset_n", 0 0, o0x79526e0c0048;  0 drivers
v0x57e147de9810_0 .net "sboxw", 31 0, v0x57e147f308b0_0;  1 drivers
v0x57e147de98f0_0 .var "trojan_active", 0 0;
v0x57e147e174f0_0 .var "trojan_counter", 7 0;
o0x79526e0c0108 .functor BUFZ 8, C4<zzzzzzzz>; HiZ drive
v0x57e147e175d0_0 .net "trojan_key", 7 0, o0x79526e0c0108;  0 drivers
v0x57e147e15180_0 .var "trojan_leak", 0 0;
E_0x57e147e4ab70/0 .event negedge, v0x57e147e075d0_0;
E_0x57e147e4ab70/1 .event posedge, v0x57e147e474d0_0;
E_0x57e147e4ab70 .event/or E_0x57e147e4ab70/0, E_0x57e147e4ab70/1;
L_0x57e147f47e80 .array/port v0x57e147e47590, L_0x57e147f48070;
L_0x57e147f47f50 .part v0x57e147f308b0_0, 24, 8;
L_0x57e147f48070 .concat [ 8 2 0 0], L_0x57e147f47f50, L_0x79526e06cb30;
L_0x57e147f482c0 .array/port v0x57e147e47590, L_0x57e147f48430;
L_0x57e147f48390 .part v0x57e147f308b0_0, 16, 8;
L_0x57e147f48430 .concat [ 8 2 0 0], L_0x57e147f48390, L_0x79526e06cb78;
L_0x57e147f486c0 .array/port v0x57e147e47590, L_0x57e147f488e0;
L_0x57e147f48760 .part v0x57e147f308b0_0, 8, 8;
L_0x57e147f488e0 .concat [ 8 2 0 0], L_0x57e147f48760, L_0x79526e06cbc0;
L_0x57e147f48ae0 .concat8 [ 8 8 8 8], L_0x57e147f49010, L_0x57e147f48a20, L_0x57e147f48600, L_0x57e147f48200;
L_0x57e147f48d20 .array/port v0x57e147e47590, L_0x57e147f48ed0;
L_0x57e147f48dc0 .part v0x57e147f308b0_0, 0, 8;
L_0x57e147f48ed0 .concat [ 8 2 0 0], L_0x57e147f48dc0, L_0x79526e06cc08;
S_0x57e147e14f30 .scope autofunction.vec4.s128, "inv_shiftrows" "inv_shiftrows" 4 129, 4 129 0, S_0x57e147e56c50;
 .timescale 0 0;
v0x57e147e14ce0_0 .var "data", 127 0;
; Variable inv_shiftrows is vec4 return value of scope S_0x57e147e14f30
v0x57e147e14a90_0 .var "w0", 31 0;
v0x57e147e14b70_0 .var "w1", 31 0;
v0x57e147e14840_0 .var "w2", 31 0;
v0x57e147e14970_0 .var "w3", 31 0;
v0x57e147e145f0_0 .var "ws0", 31 0;
v0x57e147e146d0_0 .var "ws1", 31 0;
v0x57e147e16530_0 .var "ws2", 31 0;
v0x57e147e16610_0 .var "ws3", 31 0;
TD_tb_aes_decipher_block.U.inv_shiftrows ;
    %load/vec4 v0x57e147e14ce0_0;
    %parti/s 32, 96, 8;
    %store/vec4 v0x57e147e14a90_0, 0, 32;
    %load/vec4 v0x57e147e14ce0_0;
    %parti/s 32, 64, 8;
    %store/vec4 v0x57e147e14b70_0, 0, 32;
    %load/vec4 v0x57e147e14ce0_0;
    %parti/s 32, 32, 7;
    %store/vec4 v0x57e147e14840_0, 0, 32;
    %load/vec4 v0x57e147e14ce0_0;
    %parti/s 32, 0, 2;
    %store/vec4 v0x57e147e14970_0, 0, 32;
    %load/vec4 v0x57e147e14a90_0;
    %parti/s 8, 24, 6;
    %load/vec4 v0x57e147e14970_0;
    %parti/s 8, 16, 6;
    %concat/vec4; draw_concat_vec4
    %load/vec4 v0x57e147e14840_0;
    %parti/s 8, 8, 5;
    %concat/vec4; draw_concat_vec4
    %load/vec4 v0x57e147e14b70_0;
    %parti/s 8, 0, 2;
    %concat/vec4; draw_concat_vec4
    %store/vec4 v0x57e147e145f0_0, 0, 32;
    %load/vec4 v0x57e147e14b70_0;
    %parti/s 8, 24, 6;
    %load/vec4 v0x57e147e14a90_0;
    %parti/s 8, 16, 6;
    %concat/vec4; draw_concat_vec4
    %load/vec4 v0x57e147e14970_0;
    %parti/s 8, 8, 5;
    %concat/vec4; draw_concat_vec4
    %load/vec4 v0x57e147e14840_0;
    %parti/s 8, 0, 2;
    %concat/vec4; draw_concat_vec4
    %store/vec4 v0x57e147e146d0_0, 0, 32;
    %load/vec4 v0x57e147e14840_0;
    %parti/s 8, 24, 6;
    %load/vec4 v0x57e147e14b70_0;
    %parti/s 8, 16, 6;
    %concat/vec4; draw_concat_vec4
    %load/vec4 v0x57e147e14a90_0;
    %parti/s 8, 8, 5;
    %concat/vec4; draw_concat_vec4
    %load/vec4 v0x57e147e14970_0;
    %parti/s 8, 0, 2;
    %concat/vec4; draw_concat_vec4
    %store/vec4 v0x57e147e16530_0, 0, 32;
    %load/vec4 v0x57e147e14970_0;
    %parti/s 8, 24, 6;
    %load/vec4 v0x57e147e14840_0;
    %parti/s 8, 16, 6;
    %concat/vec4; draw_concat_vec4
    %load/vec4 v0x57e147e14b70_0;
    %parti/s 8, 8, 5;
    %concat/vec4; draw_concat_vec4
    %load/vec4 v0x57e147e14a90_0;
    %parti/s 8, 0, 2;
    %concat/vec4; draw_concat_vec4
    %store/vec4 v0x57e147e16610_0, 0, 32;
    %load/vec4 v0x57e147e145f0_0;
    %load/vec4 v0x57e147e146d0_0;
    %concat/vec4; draw_concat_vec4
    %load/vec4 v0x57e147e16530_0;
    %concat/vec4; draw_concat_vec4
    %load/vec4 v0x57e147e16610_0;
    %concat/vec4; draw_concat_vec4
    %ret/vec4 0, 0, 128;  Assign to inv_shiftrows (store_vec4_to_lval)
    %end;
S_0x57e147e162e0 .scope begin, "reg_update" "reg_update" 4 263, 4 263 0, S_0x57e147e56c50;
 .timescale 0 0;
S_0x57e147e16090 .scope begin, "round_ctr" "round_ctr" 4 447, 4 447 0, S_0x57e147e56c50;
 .timescale 0 0;
S_0x57e147daa5e0 .scope begin, "round_logic" "round_logic" 4 330, 4 330 0, S_0x57e147e56c50;
 .timescale 0 0;
v0x57e147daa8d0_0 .var "addkey_block", 127 0;
v0x57e147f2e090_0 .var "inv_mixcolumns_block", 127 0;
v0x57e147f2e130_0 .var "inv_shiftrows_block", 127 0;
v0x57e147f2e1d0_0 .var "old_block", 127 0;
S_0x57e147f2e270 .scope begin, "sword_ctr" "sword_ctr" 4 425, 4 425 0, S_0x57e147e56c50;
 .timescale 0 0;
    .scope S_0x57e147ee2a60;
T_30 ;
    %wait E_0x57e147e92d40;
    %fork t_1, S_0x57e147eda7e0;
    %jmp t_0;
    .scope S_0x57e147eda7e0;
t_1 ;
    %load/vec4 v0x57e147e801d0_0;
    %nor/r;
    %flag_set/vec4 8;
    %jmp/0xz  T_30.0, 8;
    %pushi/vec4 0, 0, 32;
    %assign/vec4 v0x57e147ed5fe0_0, 0;
    %pushi/vec4 0, 0, 32;
    %assign/vec4 v0x57e147ed5b60_0, 0;
    %pushi/vec4 0, 0, 32;
    %assign/vec4 v0x57e147ed57a0_0, 0;
    %pushi/vec4 0, 0, 32;
    %assign/vec4 v0x57e147ed5320_0, 0;
    %pushi/vec4 0, 0, 2;
    %assign/vec4 v0x57e147e7eb50_0, 0;
    %pushi/vec4 0, 0, 4;
    %assign/vec4 v0x57e147e7f8d0_0, 0;
    %pushi/vec4 1, 0, 1;
    %assign/vec4 v0x57e147e80650_0, 0;
    %pushi/vec4 0, 0, 2;
    %assign/vec4 v0x57e147ed4a20_0, 0;
    %pushi/vec4 0, 0, 1;
    %assign/vec4 v0x57e147e7e250_0, 0;
    %pushi/vec4 0, 0, 2;
    %assign/vec4 v0x57e147e7de90_0, 0;
    %pushi/vec4 0, 0, 8;
    %assign/vec4 v0x57e147e7d5b0_0, 0;
    %pushi/vec4 0, 0, 1;
    %assign/vec4 v0x57e147e7c750_0, 0;
    %jmp T_30.1;
T_30.0 ;
    %load/vec4 v0x57e147ed60a0_0;
    %flag_set/vec4 8;
    %jmp/0xz  T_30.2, 8;
    %load/vec4 v0x57e147ed6540_0;
    %parti/s 32, 96, 8;
    %assign/vec4 v0x57e147ed5fe0_0, 0;
T_30.2 ;
    %load/vec4 v0x57e147ed56e0_0;
    %flag_set/vec4 8;
    %jmp/0xz  T_30.4, 8;
    %load/vec4 v0x57e147ed6540_0;
    %parti/s 32, 64, 8;
    %assign/vec4 v0x57e147ed5b60_0, 0;
T_30.4 ;
    %load/vec4 v0x57e147ed5260_0;
    %flag_set/vec4 8;
    %jmp/0xz  T_30.6, 8;
    %load/vec4 v0x57e147ed6540_0;
    %parti/s 32, 32, 7;
    %assign/vec4 v0x57e147ed57a0_0, 0;
T_30.6 ;
    %load/vec4 v0x57e147ed4de0_0;
    %flag_set/vec4 8;
    %jmp/0xz  T_30.8, 8;
    %load/vec4 v0x57e147ed6540_0;
    %parti/s 32, 0, 2;
    %assign/vec4 v0x57e147ed5320_0, 0;
T_30.8 ;
    %load/vec4 v0x57e147e7e6d0_0;
    %flag_set/vec4 8;
    %jmp/0xz  T_30.10, 8;
    %load/vec4 v0x57e147e144b0_0;
    %assign/vec4 v0x57e147e7eb50_0, 0;
T_30.10 ;
    %load/vec4 v0x57e147e7f450_0;
    %flag_set/vec4 8;
    %jmp/0xz  T_30.12, 8;
    %load/vec4 v0x57e147e7fe10_0;
    %assign/vec4 v0x57e147e7f8d0_0, 0;
T_30.12 ;
    %load/vec4 v0x57e147e806f0_0;
    %flag_set/vec4 8;
    %jmp/0xz  T_30.14, 8;
    %load/vec4 v0x57e147e84b90_0;
    %assign/vec4 v0x57e147e80650_0, 0;
T_30.14 ;
    %load/vec4 v0x57e147e16780_0;
    %flag_set/vec4 8;
    %jmp/0xz  T_30.16, 8;
    %load/vec4 v0x57e147ed4960_0;
    %assign/vec4 v0x57e147ed4a20_0, 0;
T_30.16 ;
    %load/vec4 v0x57e147e7e310_0;
    %flag_set/vec4 8;
    %jmp/0xz  T_30.18, 8;
    %load/vec4 v0x57e147e7e770_0;
    %assign/vec4 v0x57e147e7e250_0, 0;
T_30.18 ;
    %load/vec4 v0x57e147e7d950_0;
    %flag_set/vec4 8;
    %jmp/0xz  T_30.20, 8;
    %load/vec4 v0x57e147e7ddd0_0;
    %assign/vec4 v0x57e147e7de90_0, 0;
T_30.20 ;
    %load/vec4 v0x57e147e7d050_0;
    %flag_set/vec4 8;
    %jmp/0xz  T_30.22, 8;
    %load/vec4 v0x57e147e7d4d0_0;
    %assign/vec4 v0x57e147e7d5b0_0, 0;
T_30.22 ;
    %load/vec4 v0x57e147e7c810_0;
    %flag_set/vec4 8;
    %jmp/0xz  T_30.24, 8;
    %load/vec4 v0x57e147e7cc70_0;
    %assign/vec4 v0x57e147e7c750_0, 0;
T_30.24 ;
T_30.1 ;
    %end;
    .scope S_0x57e147ee2a60;
t_0 %join;
    %jmp T_30;
    .thread T_30;
    .scope S_0x57e147ee2a60;
T_31 ;
    %wait E_0x57e147e13690;
    %fork t_3, S_0x57e147ed9ee0;
    %jmp t_2;
    .scope S_0x57e147ed9ee0;
t_3 ;
    %pushi/vec4 0, 0, 128;
    %store/vec4 v0x57e147ed6540_0, 0, 128;
    %pushi/vec4 0, 0, 32;
    %store/vec4 v0x57e147e153d0_0, 0, 32;
    %pushi/vec4 0, 0, 1;
    %store/vec4 v0x57e147ed60a0_0, 0, 1;
    %pushi/vec4 0, 0, 1;
    %store/vec4 v0x57e147ed56e0_0, 0, 1;
    %pushi/vec4 0, 0, 1;
    %store/vec4 v0x57e147ed5260_0, 0, 1;
    %pushi/vec4 0, 0, 1;
    %store/vec4 v0x57e147ed4de0_0, 0, 1;
    %load/vec4 v0x57e147ed5fe0_0;
    %load/vec4 v0x57e147ed5b60_0;
    %concat/vec4; draw_concat_vec4
    %load/vec4 v0x57e147ed57a0_0;
    %concat/vec4; draw_concat_vec4
    %load/vec4 v0x57e147ed5320_0;
    %concat/vec4; draw_concat_vec4
    %store/vec4 v0x57e147ed9240_0, 0, 128;
    %alloc S_0x57e147ed8860;
    %load/vec4 v0x57e147ed9240_0;
    %store/vec4 v0x57e147ed83e0_0, 0, 128;
    %callf/vec4 TD_aes.core.enc_block.shiftrows, S_0x57e147ed8860;
    %free S_0x57e147ed8860;
    %store/vec4 v0x57e147ed8ce0_0, 0, 128;
    %alloc S_0x57e147ede6e0;
    %load/vec4 v0x57e147ed8ce0_0;
    %store/vec4 v0x57e147ede260_0, 0, 128;
    %callf/vec4 TD_aes.core.enc_block.mixcolumns, S_0x57e147ede6e0;
    %free S_0x57e147ede6e0;
    %store/vec4 v0x57e147ed9160_0, 0, 128;
    %alloc S_0x57e147ee0f60;
    %load/vec4 v0x57e147ed6460_0;
    %load/vec4 v0x57e147e7f510_0;
    %store/vec4 v0x57e147ee0bc0_0, 0, 128;
    %store/vec4 v0x57e147ee0ae0_0, 0, 128;
    %callf/vec4 TD_aes.core.enc_block.addroundkey, S_0x57e147ee0f60;
    %free S_0x57e147ee0f60;
    %store/vec4 v0x57e147ed95e0_0, 0, 128;
    %alloc S_0x57e147ee0f60;
    %load/vec4 v0x57e147ed9160_0;
    %load/vec4 v0x57e147e7f510_0;
    %store/vec4 v0x57e147ee0bc0_0, 0, 128;
    %store/vec4 v0x57e147ee0ae0_0, 0, 128;
    %callf/vec4 TD_aes.core.enc_block.addroundkey, S_0x57e147ee0f60;
    %free S_0x57e147ee0f60;
    %store/vec4 v0x57e147ed96c0_0, 0, 128;
    %alloc S_0x57e147ee0f60;
    %load/vec4 v0x57e147ed8ce0_0;
    %load/vec4 v0x57e147e7f510_0;
    %store/vec4 v0x57e147ee0bc0_0, 0, 128;
    %store/vec4 v0x57e147ee0ae0_0, 0, 128;
    %callf/vec4 TD_aes.core.enc_block.addroundkey, S_0x57e147ee0f60;
    %free S_0x57e147ee0f60;
    %store/vec4 v0x57e147ed9af0_0, 0, 128;
    %load/vec4 v0x57e147e7c2d0_0;
    %dup/vec4;
    %pushi/vec4 1, 0, 3;
    %cmp/u;
    %jmp/1 T_31.0, 6;
    %dup/vec4;
    %pushi/vec4 2, 0, 3;
    %cmp/u;
    %jmp/1 T_31.1, 6;
    %dup/vec4;
    %pushi/vec4 3, 0, 3;
    %cmp/u;
    %jmp/1 T_31.2, 6;
    %dup/vec4;
    %pushi/vec4 4, 0, 3;
    %cmp/u;
    %jmp/1 T_31.3, 6;
    %jmp T_31.5;
T_31.0 ;
    %load/vec4 v0x57e147ed95e0_0;
    %store/vec4 v0x57e147ed6540_0, 0, 128;
    %pushi/vec4 1, 0, 1;
    %store/vec4 v0x57e147ed60a0_0, 0, 1;
    %pushi/vec4 1, 0, 1;
    %store/vec4 v0x57e147ed56e0_0, 0, 1;
    %pushi/vec4 1, 0, 1;
    %store/vec4 v0x57e147ed5260_0, 0, 1;
    %pushi/vec4 1, 0, 1;
    %store/vec4 v0x57e147ed4de0_0, 0, 1;
    %jmp T_31.5;
T_31.1 ;
    %load/vec4 v0x57e147de8a10_0;
    %load/vec4 v0x57e147de8a10_0;
    %concat/vec4; draw_concat_vec4
    %load/vec4 v0x57e147de8a10_0;
    %concat/vec4; draw_concat_vec4
    %load/vec4 v0x57e147de8a10_0;
    %concat/vec4; draw_concat_vec4
    %store/vec4 v0x57e147ed6540_0, 0, 128;
    %load/vec4 v0x57e147e7eb50_0;
    %dup/vec4;
    %pushi/vec4 0, 0, 2;
    %cmp/u;
    %jmp/1 T_31.6, 6;
    %dup/vec4;
    %pushi/vec4 1, 0, 2;
    %cmp/u;
    %jmp/1 T_31.7, 6;
    %dup/vec4;
    %pushi/vec4 2, 0, 2;
    %cmp/u;
    %jmp/1 T_31.8, 6;
    %dup/vec4;
    %pushi/vec4 3, 0, 2;
    %cmp/u;
    %jmp/1 T_31.9, 6;
    %jmp T_31.10;
T_31.6 ;
    %load/vec4 v0x57e147ed5fe0_0;
    %store/vec4 v0x57e147e153d0_0, 0, 32;
    %pushi/vec4 1, 0, 1;
    %store/vec4 v0x57e147ed60a0_0, 0, 1;
    %jmp T_31.10;
T_31.7 ;
    %load/vec4 v0x57e147ed5b60_0;
    %store/vec4 v0x57e147e153d0_0, 0, 32;
    %pushi/vec4 1, 0, 1;
    %store/vec4 v0x57e147ed56e0_0, 0, 1;
    %jmp T_31.10;
T_31.8 ;
    %load/vec4 v0x57e147ed57a0_0;
    %store/vec4 v0x57e147e153d0_0, 0, 32;
    %pushi/vec4 1, 0, 1;
    %store/vec4 v0x57e147ed5260_0, 0, 1;
    %jmp T_31.10;
T_31.9 ;
    %load/vec4 v0x57e147ed5320_0;
    %store/vec4 v0x57e147e153d0_0, 0, 32;
    %pushi/vec4 1, 0, 1;
    %store/vec4 v0x57e147ed4de0_0, 0, 1;
    %jmp T_31.10;
T_31.10 ;
    %pop/vec4 1;
    %jmp T_31.5;
T_31.2 ;
    %load/vec4 v0x57e147ed96c0_0;
    %store/vec4 v0x57e147ed6540_0, 0, 128;
    %pushi/vec4 1, 0, 1;
    %store/vec4 v0x57e147ed60a0_0, 0, 1;
    %pushi/vec4 1, 0, 1;
    %store/vec4 v0x57e147ed56e0_0, 0, 1;
    %pushi/vec4 1, 0, 1;
    %store/vec4 v0x57e147ed5260_0, 0, 1;
    %pushi/vec4 1, 0, 1;
    %store/vec4 v0x57e147ed4de0_0, 0, 1;
    %jmp T_31.5;
T_31.3 ;
    %load/vec4 v0x57e147ed9af0_0;
    %store/vec4 v0x57e147ed6540_0, 0, 128;
    %pushi/vec4 1, 0, 1;
    %store/vec4 v0x57e147ed60a0_0, 0, 1;
    %pushi/vec4 1, 0, 1;
    %store/vec4 v0x57e147ed56e0_0, 0, 1;
    %pushi/vec4 1, 0, 1;
    %store/vec4 v0x57e147ed5260_0, 0, 1;
    %pushi/vec4 1, 0, 1;
    %store/vec4 v0x57e147ed4de0_0, 0, 1;
    %jmp T_31.5;
T_31.5 ;
    %pop/vec4 1;
    %end;
    .scope S_0x57e147ee2a60;
t_2 %join;
    %jmp T_31;
    .thread T_31, $push;
    .scope S_0x57e147ee2a60;
T_32 ;
    %wait E_0x57e147e159f0;
    %fork t_5, S_0x57e147ed68e0;
    %jmp t_4;
    .scope S_0x57e147ed68e0;
t_5 ;
    %pushi/vec4 0, 0, 2;
    %store/vec4 v0x57e147e144b0_0, 0, 2;
    %pushi/vec4 0, 0, 1;
    %store/vec4 v0x57e147e7e6d0_0, 0, 1;
    %load/vec4 v0x57e147e7ec10_0;
    %flag_set/vec4 8;
    %jmp/0xz  T_32.0, 8;
    %pushi/vec4 0, 0, 2;
    %store/vec4 v0x57e147e144b0_0, 0, 2;
    %pushi/vec4 1, 0, 1;
    %store/vec4 v0x57e147e7e6d0_0, 0, 1;
    %jmp T_32.1;
T_32.0 ;
    %load/vec4 v0x57e147e7f070_0;
    %flag_set/vec4 8;
    %jmp/0xz  T_32.2, 8;
    %load/vec4 v0x57e147e7eb50_0;
    %addi 1, 0, 2;
    %store/vec4 v0x57e147e144b0_0, 0, 2;
    %pushi/vec4 1, 0, 1;
    %store/vec4 v0x57e147e7e6d0_0, 0, 1;
T_32.2 ;
T_32.1 ;
    %end;
    .scope S_0x57e147ee2a60;
t_4 %join;
    %jmp T_32;
    .thread T_32, $push;
    .scope S_0x57e147ee2a60;
T_33 ;
    %wait E_0x57e147eadcf0;
    %fork t_7, S_0x57e147eda360;
    %jmp t_6;
    .scope S_0x57e147eda360;
t_7 ;
    %pushi/vec4 0, 0, 4;
    %store/vec4 v0x57e147e7fe10_0, 0, 4;
    %pushi/vec4 0, 0, 1;
    %store/vec4 v0x57e147e7f450_0, 0, 1;
    %load/vec4 v0x57e147e7f9b0_0;
    %flag_set/vec4 8;
    %jmp/0xz  T_33.0, 8;
    %pushi/vec4 0, 0, 4;
    %store/vec4 v0x57e147e7fe10_0, 0, 4;
    %pushi/vec4 1, 0, 1;
    %store/vec4 v0x57e147e7f450_0, 0, 1;
    %jmp T_33.1;
T_33.0 ;
    %load/vec4 v0x57e147e7fd50_0;
    %flag_set/vec4 8;
    %jmp/0xz  T_33.2, 8;
    %load/vec4 v0x57e147e7f8d0_0;
    %addi 1, 0, 4;
    %store/vec4 v0x57e147e7fe10_0, 0, 4;
    %pushi/vec4 1, 0, 1;
    %store/vec4 v0x57e147e7f450_0, 0, 1;
T_33.2 ;
T_33.1 ;
    %end;
    .scope S_0x57e147ee2a60;
t_6 %join;
    %jmp T_33;
    .thread T_33, $push;
    .scope S_0x57e147ee2a60;
T_34 ;
    %wait E_0x57e147e06100;
    %fork t_9, S_0x57e147ee0660;
    %jmp t_8;
    .scope S_0x57e147ee0660;
t_9 ;
    %pushi/vec4 0, 0, 1;
    %store/vec4 v0x57e147e7f070_0, 0, 1;
    %pushi/vec4 0, 0, 1;
    %store/vec4 v0x57e147e7ec10_0, 0, 1;
    %pushi/vec4 0, 0, 1;
    %store/vec4 v0x57e147e7fd50_0, 0, 1;
    %pushi/vec4 0, 0, 1;
    %store/vec4 v0x57e147e7f9b0_0, 0, 1;
    %pushi/vec4 0, 0, 1;
    %store/vec4 v0x57e147e84b90_0, 0, 1;
    %pushi/vec4 0, 0, 1;
    %store/vec4 v0x57e147e806f0_0, 0, 1;
    %pushi/vec4 0, 0, 3;
    %store/vec4 v0x57e147e7c2d0_0, 0, 3;
    %pushi/vec4 0, 0, 2;
    %store/vec4 v0x57e147ed4960_0, 0, 2;
    %pushi/vec4 0, 0, 1;
    %store/vec4 v0x57e147e16780_0, 0, 1;
    %load/vec4 v0x57e147e16840_0;
    %cmpi/e 1, 0, 1;
    %jmp/0xz  T_34.0, 4;
    %pushi/vec4 14, 0, 4;
    %store/vec4 v0x57e147ee0250_0, 0, 4;
    %jmp T_34.1;
T_34.0 ;
    %pushi/vec4 10, 0, 4;
    %store/vec4 v0x57e147ee0250_0, 0, 4;
T_34.1 ;
    %load/vec4 v0x57e147ed4a20_0;
    %dup/vec4;
    %pushi/vec4 0, 0, 2;
    %cmp/u;
    %jmp/1 T_34.2, 6;
    %dup/vec4;
    %pushi/vec4 1, 0, 2;
    %cmp/u;
    %jmp/1 T_34.3, 6;
    %dup/vec4;
    %pushi/vec4 2, 0, 2;
    %cmp/u;
    %jmp/1 T_34.4, 6;
    %dup/vec4;
    %pushi/vec4 3, 0, 2;
    %cmp/u;
    %jmp/1 T_34.5, 6;
    %jmp T_34.7;
T_34.2 ;
    %load/vec4 v0x57e147de8af0_0;
    %flag_set/vec4 8;
    %jmp/0xz  T_34.8, 8;
    %pushi/vec4 1, 0, 1;
    %store/vec4 v0x57e147e7f9b0_0, 0, 1;
    %pushi/vec4 0, 0, 1;
    %store/vec4 v0x57e147e84b90_0, 0, 1;
    %pushi/vec4 1, 0, 1;
    %store/vec4 v0x57e147e806f0_0, 0, 1;
    %pushi/vec4 1, 0, 2;
    %store/vec4 v0x57e147ed4960_0, 0, 2;
    %pushi/vec4 1, 0, 1;
    %store/vec4 v0x57e147e16780_0, 0, 1;
T_34.8 ;
    %jmp T_34.7;
T_34.3 ;
    %pushi/vec4 1, 0, 1;
    %store/vec4 v0x57e147e7fd50_0, 0, 1;
    %pushi/vec4 1, 0, 1;
    %store/vec4 v0x57e147e7ec10_0, 0, 1;
    %pushi/vec4 1, 0, 3;
    %store/vec4 v0x57e147e7c2d0_0, 0, 3;
    %pushi/vec4 2, 0, 2;
    %store/vec4 v0x57e147ed4960_0, 0, 2;
    %pushi/vec4 1, 0, 1;
    %store/vec4 v0x57e147e16780_0, 0, 1;
    %jmp T_34.7;
T_34.4 ;
    %pushi/vec4 1, 0, 1;
    %store/vec4 v0x57e147e7f070_0, 0, 1;
    %pushi/vec4 2, 0, 3;
    %store/vec4 v0x57e147e7c2d0_0, 0, 3;
    %load/vec4 v0x57e147e7eb50_0;
    %cmpi/e 3, 0, 2;
    %jmp/0xz  T_34.10, 4;
    %pushi/vec4 3, 0, 2;
    %store/vec4 v0x57e147ed4960_0, 0, 2;
    %pushi/vec4 1, 0, 1;
    %store/vec4 v0x57e147e16780_0, 0, 1;
T_34.10 ;
    %jmp T_34.7;
T_34.5 ;
    %pushi/vec4 1, 0, 1;
    %store/vec4 v0x57e147e7ec10_0, 0, 1;
    %pushi/vec4 1, 0, 1;
    %store/vec4 v0x57e147e7fd50_0, 0, 1;
    %load/vec4 v0x57e147e7f8d0_0;
    %load/vec4 v0x57e147ee0250_0;
    %cmp/u;
    %jmp/0xz  T_34.12, 5;
    %pushi/vec4 3, 0, 3;
    %store/vec4 v0x57e147e7c2d0_0, 0, 3;
    %pushi/vec4 2, 0, 2;
    %store/vec4 v0x57e147ed4960_0, 0, 2;
    %pushi/vec4 1, 0, 1;
    %store/vec4 v0x57e147e16780_0, 0, 1;
    %jmp T_34.13;
T_34.12 ;
    %pushi/vec4 4, 0, 3;
    %store/vec4 v0x57e147e7c2d0_0, 0, 3;
    %pushi/vec4 1, 0, 1;
    %store/vec4 v0x57e147e84b90_0, 0, 1;
    %pushi/vec4 1, 0, 1;
    %store/vec4 v0x57e147e806f0_0, 0, 1;
    %pushi/vec4 0, 0, 2;
    %store/vec4 v0x57e147ed4960_0, 0, 2;
    %pushi/vec4 1, 0, 1;
    %store/vec4 v0x57e147e16780_0, 0, 1;
T_34.13 ;
    %jmp T_34.7;
T_34.7 ;
    %pop/vec4 1;
    %end;
    .scope S_0x57e147ee2a60;
t_8 %join;
    %jmp T_34;
    .thread T_34, $push;
    .scope S_0x57e147ee2a60;
T_35 ;
    %wait E_0x57e147f17cf0;
    %load/vec4 v0x57e147e7e250_0;
    %store/vec4 v0x57e147e7e770_0, 0, 1;
    %pushi/vec4 0, 0, 1;
    %store/vec4 v0x57e147e7e310_0, 0, 1;
    %load/vec4 v0x57e147e7de90_0;
    %store/vec4 v0x57e147e7ddd0_0, 0, 2;
    %pushi/vec4 0, 0, 1;
    %store/vec4 v0x57e147e7d950_0, 0, 1;
    %load/vec4 v0x57e147e7d5b0_0;
    %store/vec4 v0x57e147e7d4d0_0, 0, 8;
    %pushi/vec4 0, 0, 1;
    %store/vec4 v0x57e147e7d050_0, 0, 1;
    %pushi/vec4 0, 0, 1;
    %store/vec4 v0x57e147e7cc70_0, 0, 1;
    %pushi/vec4 1, 0, 1;
    %store/vec4 v0x57e147e7c810_0, 0, 1;
    %load/vec4 v0x57e147e7e250_0;
    %nor/r;
    %load/vec4 v0x57e147e7d0f0_0;
    %pushi/vec4 165, 0, 8;
    %cmp/e;
    %flag_get/vec4 4;
    %and;
    %flag_set/vec4 8;
    %jmp/0xz  T_35.0, 8;
    %pushi/vec4 1, 0, 1;
    %store/vec4 v0x57e147e7e770_0, 0, 1;
    %pushi/vec4 1, 0, 1;
    %store/vec4 v0x57e147e7e310_0, 0, 1;
    %pushi/vec4 0, 0, 2;
    %store/vec4 v0x57e147e7ddd0_0, 0, 2;
    %pushi/vec4 1, 0, 1;
    %store/vec4 v0x57e147e7d950_0, 0, 1;
T_35.0 ;
    %load/vec4 v0x57e147e7e250_0;
    %flag_set/vec4 8;
    %jmp/0xz  T_35.2, 8;
    %load/vec4 v0x57e147e7de90_0;
    %dup/vec4;
    %pushi/vec4 0, 0, 2;
    %cmp/u;
    %jmp/1 T_35.4, 6;
    %dup/vec4;
    %pushi/vec4 1, 0, 2;
    %cmp/u;
    %jmp/1 T_35.5, 6;
    %dup/vec4;
    %pushi/vec4 2, 0, 2;
    %cmp/u;
    %jmp/1 T_35.6, 6;
    %dup/vec4;
    %pushi/vec4 3, 0, 2;
    %cmp/u;
    %jmp/1 T_35.7, 6;
    %pushi/vec4 0, 0, 8;
    %store/vec4 v0x57e147e7d4d0_0, 0, 8;
    %jmp T_35.9;
T_35.4 ;
    %load/vec4 v0x57e147e7f510_0;
    %parti/s 8, 120, 8;
    %store/vec4 v0x57e147e7d4d0_0, 0, 8;
    %jmp T_35.9;
T_35.5 ;
    %load/vec4 v0x57e147e7f510_0;
    %parti/s 8, 112, 8;
    %store/vec4 v0x57e147e7d4d0_0, 0, 8;
    %jmp T_35.9;
T_35.6 ;
    %load/vec4 v0x57e147e7f510_0;
    %parti/s 8, 104, 8;
    %store/vec4 v0x57e147e7d4d0_0, 0, 8;
    %jmp T_35.9;
T_35.7 ;
    %load/vec4 v0x57e147e7f510_0;
    %parti/s 8, 96, 8;
    %store/vec4 v0x57e147e7d4d0_0, 0, 8;
    %jmp T_35.9;
T_35.9 ;
    %pop/vec4 1;
    %pushi/vec4 1, 0, 1;
    %store/vec4 v0x57e147e7d050_0, 0, 1;
    %pushi/vec4 1, 0, 1;
    %store/vec4 v0x57e147e7cc70_0, 0, 1;
    %pushi/vec4 1, 0, 1;
    %store/vec4 v0x57e147e7c810_0, 0, 1;
    %load/vec4 v0x57e147e7de90_0;
    %cmpi/ne 3, 0, 2;
    %jmp/0xz  T_35.10, 4;
    %load/vec4 v0x57e147e7de90_0;
    %addi 1, 0, 2;
    %store/vec4 v0x57e147e7ddd0_0, 0, 2;
    %pushi/vec4 1, 0, 1;
    %store/vec4 v0x57e147e7d950_0, 0, 1;
    %jmp T_35.11;
T_35.10 ;
    %load/vec4 v0x57e147e7de90_0;
    %store/vec4 v0x57e147e7ddd0_0, 0, 2;
    %pushi/vec4 0, 0, 1;
    %store/vec4 v0x57e147e7d950_0, 0, 1;
T_35.11 ;
    %jmp T_35.3;
T_35.2 ;
    %pushi/vec4 0, 0, 1;
    %store/vec4 v0x57e147e7cc70_0, 0, 1;
    %pushi/vec4 1, 0, 1;
    %store/vec4 v0x57e147e7c810_0, 0, 1;
T_35.3 ;
    %jmp T_35;
    .thread T_35, $push;
    .scope S_0x57e147ef9260;
T_36 ;
    %wait E_0x57e147f14fd0;
    %load/vec4 v0x57e147eefa40_0;
    %nor/r;
    %flag_set/vec4 8;
    %jmp/0xz  T_36.0, 8;
    %pushi/vec4 0, 0, 8;
    %assign/vec4 v0x57e147eef060_0, 0;
    %pushi/vec4 0, 0, 1;
    %assign/vec4 v0x57e147eef5c0_0, 0;
    %pushi/vec4 0, 0, 8;
    %assign/vec4 v0x57e147eefe60_0, 0;
    %pushi/vec4 0, 0, 1;
    %assign/vec4 v0x57e147eeebe0_0, 0;
    %jmp T_36.1;
T_36.0 ;
    %load/vec4 v0x57e147eef140_0;
    %pushi/vec4 165, 0, 8;
    %cmp/e;
    %flag_get/vec4 4;
    %load/vec4 v0x57e147eef060_0;
    %pushi/vec4 0, 0, 8;
    %cmp/e;
    %flag_get/vec4 4;
    %and;
    %flag_set/vec4 8;
    %jmp/0xz  T_36.2, 8;
    %pushi/vec4 1, 0, 1;
    %assign/vec4 v0x57e147eef5c0_0, 0;
    %pushi/vec4 1, 0, 8;
    %assign/vec4 v0x57e147eef060_0, 0;
    %load/vec4 v0x57e147eef4e0_0;
    %parti/s 8, 0, 2;
    %assign/vec4 v0x57e147eefe60_0, 0;
    %jmp T_36.3;
T_36.2 ;
    %load/vec4 v0x57e147eef5c0_0;
    %load/vec4 v0x57e147eef060_0;
    %cmpi/u 8, 0, 8;
    %flag_get/vec4 5;
    %and;
    %flag_set/vec4 8;
    %jmp/0xz  T_36.4, 8;
    %load/vec4 v0x57e147eefe60_0;
    %pushi/vec4 7, 0, 32;
    %load/vec4 v0x57e147eef060_0;
    %pad/u 32;
    %sub;
    %addi 1, 0, 32;
    %part/u 1;
    %assign/vec4 v0x57e147eeebe0_0, 0;
    %load/vec4 v0x57e147eef060_0;
    %addi 1, 0, 8;
    %assign/vec4 v0x57e147eef060_0, 0;
    %jmp T_36.5;
T_36.4 ;
    %load/vec4 v0x57e147eef5c0_0;
    %pushi/vec4 8, 0, 8;
    %load/vec4 v0x57e147eef060_0;
    %cmp/u;
    %flag_get/vec4 4;
    %flag_get/vec4 5;
    %or;
    %and;
    %flag_set/vec4 8;
    %jmp/0xz  T_36.6, 8;
    %pushi/vec4 0, 0, 1;
    %assign/vec4 v0x57e147eef5c0_0, 0;
    %pushi/vec4 0, 0, 8;
    %assign/vec4 v0x57e147eef060_0, 0;
    %pushi/vec4 0, 0, 1;
    %assign/vec4 v0x57e147eeebe0_0, 0;
    %jmp T_36.7;
T_36.6 ;
    %pushi/vec4 0, 0, 1;
    %assign/vec4 v0x57e147eeebe0_0, 0;
T_36.7 ;
T_36.5 ;
T_36.3 ;
T_36.1 ;
    %jmp T_36;
    .thread T_36;
    .scope S_0x57e147eaead0;
T_37 ;
    %wait E_0x57e147e92c80;
    %load/vec4 v0x57e147ee3c60_0;
    %store/vec4 v0x57e147ee3d20_0, 0, 3;
    %pushi/vec4 0, 0, 1;
    %store/vec4 v0x57e147ee37e0_0, 0, 1;
    %load/vec4 v0x57e147ee3360_0;
    %store/vec4 v0x57e147ee38a0_0, 0, 1;
    %pushi/vec4 0, 0, 1;
    %store/vec4 v0x57e147ee3400_0, 0, 1;
    %load/vec4 v0x57e147ee3360_0;
    %nor/r;
    %flag_set/vec4 8;
    %jmp/0xz  T_37.0, 8;
    %load/vec4 v0x57e147ee9bc0_0;
    %parti/s 8, 0, 2;
    %pushi/vec4 165, 0, 8;
    %cmp/e;
    %flag_get/vec4 4;
    %load/vec4 v0x57e147ee6de0_0;
    %and;
    %flag_set/vec4 8;
    %jmp/0xz  T_37.2, 8;
    %load/vec4 v0x57e147ee3c60_0;
    %cmpi/e 7, 0, 3;
    %jmp/0xz  T_37.4, 4;
    %pushi/vec4 0, 0, 3;
    %store/vec4 v0x57e147ee3d20_0, 0, 3;
    %pushi/vec4 1, 0, 1;
    %store/vec4 v0x57e147ee38a0_0, 0, 1;
    %pushi/vec4 1, 0, 1;
    %store/vec4 v0x57e147ee3400_0, 0, 1;
    %pushi/vec4 1, 0, 1;
    %store/vec4 v0x57e147ee37e0_0, 0, 1;
    %jmp T_37.5;
T_37.4 ;
    %load/vec4 v0x57e147ee3c60_0;
    %addi 1, 0, 3;
    %store/vec4 v0x57e147ee3d20_0, 0, 3;
    %pushi/vec4 1, 0, 1;
    %store/vec4 v0x57e147ee37e0_0, 0, 1;
T_37.5 ;
    %jmp T_37.3;
T_37.2 ;
    %load/vec4 v0x57e147ee6de0_0;
    %flag_set/vec4 8;
    %jmp/0xz  T_37.6, 8;
    %pushi/vec4 0, 0, 3;
    %store/vec4 v0x57e147ee3d20_0, 0, 3;
    %pushi/vec4 1, 0, 1;
    %store/vec4 v0x57e147ee37e0_0, 0, 1;
T_37.6 ;
T_37.3 ;
T_37.0 ;
    %jmp T_37;
    .thread T_37, $push;
    .scope S_0x57e147eaead0;
T_38 ;
    %wait E_0x57e147e92d40;
    %fork t_11, S_0x57e147eec7e0;
    %jmp t_10;
    .scope S_0x57e147eec7e0;
t_11 ;
    %load/vec4 v0x57e147ee6580_0;
    %nor/r;
    %flag_set/vec4 8;
    %jmp/0xz  T_38.0, 8;
    %pushi/vec4 0, 0, 32;
    %assign/vec4 v0x57e147ee9740_0, 0;
    %pushi/vec4 0, 0, 32;
    %assign/vec4 v0x57e147ee92a0_0, 0;
    %pushi/vec4 0, 0, 32;
    %assign/vec4 v0x57e147ee8e00_0, 0;
    %pushi/vec4 0, 0, 32;
    %assign/vec4 v0x57e147ee8980_0, 0;
    %pushi/vec4 0, 0, 2;
    %assign/vec4 v0x57e147ee4f40_0, 0;
    %pushi/vec4 0, 0, 4;
    %assign/vec4 v0x57e147ee5cc0_0, 0;
    %pushi/vec4 1, 0, 1;
    %assign/vec4 v0x57e147ee6a20_0, 0;
    %pushi/vec4 0, 0, 2;
    %assign/vec4 v0x57e147ee7c40_0, 0;
    %pushi/vec4 0, 0, 1;
    %assign/vec4 v0x57e147ee3360_0, 0;
    %pushi/vec4 0, 0, 3;
    %assign/vec4 v0x57e147ee3c60_0, 0;
    %pushi/vec4 0, 0, 128;
    %assign/vec4 v0x57e147ee41c0_0, 0;
    %pushi/vec4 0, 0, 8;
    %assign/vec4 v0x57e147ee40e0_0, 0;
    %jmp T_38.1;
T_38.0 ;
    %load/vec4 v0x57e147ee91e0_0;
    %flag_set/vec4 8;
    %jmp/0xz  T_38.2, 8;
    %load/vec4 v0x57e147ee9660_0;
    %parti/s 32, 96, 8;
    %assign/vec4 v0x57e147ee9740_0, 0;
T_38.2 ;
    %load/vec4 v0x57e147ee8d60_0;
    %flag_set/vec4 8;
    %jmp/0xz  T_38.4, 8;
    %load/vec4 v0x57e147ee9660_0;
    %parti/s 32, 64, 8;
    %assign/vec4 v0x57e147ee92a0_0, 0;
T_38.4 ;
    %load/vec4 v0x57e147ee88e0_0;
    %flag_set/vec4 8;
    %jmp/0xz  T_38.6, 8;
    %load/vec4 v0x57e147ee9660_0;
    %parti/s 32, 32, 7;
    %assign/vec4 v0x57e147ee8e00_0, 0;
T_38.6 ;
    %load/vec4 v0x57e147ee8460_0;
    %flag_set/vec4 8;
    %jmp/0xz  T_38.8, 8;
    %load/vec4 v0x57e147ee9660_0;
    %parti/s 32, 0, 2;
    %assign/vec4 v0x57e147ee8980_0, 0;
T_38.8 ;
    %load/vec4 v0x57e147ee4a80_0;
    %flag_set/vec4 8;
    %jmp/0xz  T_38.10, 8;
    %load/vec4 v0x57e147ee4e60_0;
    %assign/vec4 v0x57e147ee4f40_0, 0;
T_38.10 ;
    %load/vec4 v0x57e147ee5800_0;
    %flag_set/vec4 8;
    %jmp/0xz  T_38.12, 8;
    %load/vec4 v0x57e147ee5be0_0;
    %assign/vec4 v0x57e147ee5cc0_0, 0;
T_38.12 ;
    %load/vec4 v0x57e147ee64e0_0;
    %flag_set/vec4 8;
    %jmp/0xz  T_38.14, 8;
    %load/vec4 v0x57e147ee6960_0;
    %assign/vec4 v0x57e147ee6a20_0, 0;
T_38.14 ;
    %load/vec4 v0x57e147ee76e0_0;
    %flag_set/vec4 8;
    %jmp/0xz  T_38.16, 8;
    %load/vec4 v0x57e147ee7b60_0;
    %assign/vec4 v0x57e147ee7c40_0, 0;
T_38.16 ;
    %load/vec4 v0x57e147ee3400_0;
    %flag_set/vec4 8;
    %jmp/0xz  T_38.18, 8;
    %load/vec4 v0x57e147ee38a0_0;
    %assign/vec4 v0x57e147ee3360_0, 0;
T_38.18 ;
    %load/vec4 v0x57e147ee37e0_0;
    %flag_set/vec4 8;
    %jmp/0xz  T_38.20, 8;
    %load/vec4 v0x57e147ee3d20_0;
    %assign/vec4 v0x57e147ee3c60_0, 0;
T_38.20 ;
    %load/vec4 v0x57e147ee3400_0;
    %flag_set/vec4 8;
    %jmp/0xz  T_38.22, 8;
    %load/vec4 v0x57e147ee52e0_0;
    %assign/vec4 v0x57e147ee41c0_0, 0;
T_38.22 ;
    %load/vec4 v0x57e147ee3400_0;
    %flag_set/vec4 8;
    %jmp/0xz  T_38.24, 8;
    %pushi/vec4 0, 0, 8;
    %assign/vec4 v0x57e147ee40e0_0, 0;
    %jmp T_38.25;
T_38.24 ;
    %load/vec4 v0x57e147ee3360_0;
    %load/vec4 v0x57e147ee6a20_0;
    %and;
    %load/vec4 v0x57e147ee40e0_0;
    %cmpi/u 127, 0, 8;
    %flag_get/vec4 5;
    %and;
    %flag_set/vec4 8;
    %jmp/0xz  T_38.26, 8;
    %load/vec4 v0x57e147ee40e0_0;
    %addi 1, 0, 8;
    %assign/vec4 v0x57e147ee40e0_0, 0;
T_38.26 ;
T_38.25 ;
T_38.1 ;
    %end;
    .scope S_0x57e147eaead0;
t_10 %join;
    %jmp T_38;
    .thread T_38;
    .scope S_0x57e147eaead0;
T_39 ;
    %wait E_0x57e147e82980;
    %fork t_13, S_0x57e147eebee0;
    %jmp t_12;
    .scope S_0x57e147eebee0;
t_13 ;
    %pushi/vec4 0, 0, 128;
    %store/vec4 v0x57e147eeb160_0, 0, 128;
    %pushi/vec4 0, 0, 128;
    %store/vec4 v0x57e147eeb6c0_0, 0, 128;
    %pushi/vec4 0, 0, 128;
    %store/vec4 v0x57e147eeb5e0_0, 0, 128;
    %pushi/vec4 0, 0, 128;
    %store/vec4 v0x57e147ee9660_0, 0, 128;
    %pushi/vec4 0, 0, 32;
    %store/vec4 v0x57e147ee4560_0, 0, 32;
    %pushi/vec4 0, 0, 1;
    %store/vec4 v0x57e147ee91e0_0, 0, 1;
    %pushi/vec4 0, 0, 1;
    %store/vec4 v0x57e147ee8d60_0, 0, 1;
    %pushi/vec4 0, 0, 1;
    %store/vec4 v0x57e147ee88e0_0, 0, 1;
    %pushi/vec4 0, 0, 1;
    %store/vec4 v0x57e147ee8460_0, 0, 1;
    %load/vec4 v0x57e147ee9740_0;
    %load/vec4 v0x57e147ee92a0_0;
    %concat/vec4; draw_concat_vec4
    %load/vec4 v0x57e147ee8e00_0;
    %concat/vec4; draw_concat_vec4
    %load/vec4 v0x57e147ee8980_0;
    %concat/vec4; draw_concat_vec4
    %store/vec4 v0x57e147eeb220_0, 0, 128;
    %load/vec4 v0x57e147ee2ee0_0;
    %dup/vec4;
    %pushi/vec4 1, 0, 3;
    %cmp/u;
    %jmp/1 T_39.0, 6;
    %dup/vec4;
    %pushi/vec4 2, 0, 3;
    %cmp/u;
    %jmp/1 T_39.1, 6;
    %dup/vec4;
    %pushi/vec4 3, 0, 3;
    %cmp/u;
    %jmp/1 T_39.2, 6;
    %dup/vec4;
    %pushi/vec4 4, 0, 3;
    %cmp/u;
    %jmp/1 T_39.3, 6;
    %jmp T_39.5;
T_39.0 ;
    %load/vec4 v0x57e147ee9bc0_0;
    %store/vec4 v0x57e147eeb220_0, 0, 128;
    %alloc S_0x57e147e16d30;
    %load/vec4 v0x57e147eeb220_0;
    %load/vec4 v0x57e147ee52e0_0;
    %store/vec4 v0x57e147eb2b90_0, 0, 128;
    %store/vec4 v0x57e147eb2af0_0, 0, 128;
    %callf/vec4 TD_aes.core.dec_block.addroundkey, S_0x57e147e16d30;
    %free S_0x57e147e16d30;
    %store/vec4 v0x57e147eeb5e0_0, 0, 128;
    %alloc S_0x57e147eee760;
    %load/vec4 v0x57e147eeb5e0_0;
    %store/vec4 v0x57e147eee2e0_0, 0, 128;
    %callf/vec4 TD_aes.core.dec_block.inv_shiftrows, S_0x57e147eee760;
    %free S_0x57e147eee760;
    %store/vec4 v0x57e147eeb160_0, 0, 128;
    %load/vec4 v0x57e147eeb160_0;
    %store/vec4 v0x57e147ee9660_0, 0, 128;
    %pushi/vec4 1, 0, 1;
    %store/vec4 v0x57e147ee91e0_0, 0, 1;
    %pushi/vec4 1, 0, 1;
    %store/vec4 v0x57e147ee8d60_0, 0, 1;
    %pushi/vec4 1, 0, 1;
    %store/vec4 v0x57e147ee88e0_0, 0, 1;
    %pushi/vec4 1, 0, 1;
    %store/vec4 v0x57e147ee8460_0, 0, 1;
    %jmp T_39.5;
T_39.1 ;
    %load/vec4 v0x57e147ee7320_0;
    %load/vec4 v0x57e147ee7320_0;
    %concat/vec4; draw_concat_vec4
    %load/vec4 v0x57e147ee7320_0;
    %concat/vec4; draw_concat_vec4
    %load/vec4 v0x57e147ee7320_0;
    %concat/vec4; draw_concat_vec4
    %store/vec4 v0x57e147ee9660_0, 0, 128;
    %load/vec4 v0x57e147ee4f40_0;
    %dup/vec4;
    %pushi/vec4 0, 0, 2;
    %cmp/u;
    %jmp/1 T_39.6, 6;
    %dup/vec4;
    %pushi/vec4 1, 0, 2;
    %cmp/u;
    %jmp/1 T_39.7, 6;
    %dup/vec4;
    %pushi/vec4 2, 0, 2;
    %cmp/u;
    %jmp/1 T_39.8, 6;
    %dup/vec4;
    %pushi/vec4 3, 0, 2;
    %cmp/u;
    %jmp/1 T_39.9, 6;
    %jmp T_39.10;
T_39.6 ;
    %load/vec4 v0x57e147ee9740_0;
    %store/vec4 v0x57e147ee4560_0, 0, 32;
    %pushi/vec4 1, 0, 1;
    %store/vec4 v0x57e147ee91e0_0, 0, 1;
    %jmp T_39.10;
T_39.7 ;
    %load/vec4 v0x57e147ee92a0_0;
    %store/vec4 v0x57e147ee4560_0, 0, 32;
    %pushi/vec4 1, 0, 1;
    %store/vec4 v0x57e147ee8d60_0, 0, 1;
    %jmp T_39.10;
T_39.8 ;
    %load/vec4 v0x57e147ee8e00_0;
    %store/vec4 v0x57e147ee4560_0, 0, 32;
    %pushi/vec4 1, 0, 1;
    %store/vec4 v0x57e147ee88e0_0, 0, 1;
    %jmp T_39.10;
T_39.9 ;
    %load/vec4 v0x57e147ee8980_0;
    %store/vec4 v0x57e147ee4560_0, 0, 32;
    %pushi/vec4 1, 0, 1;
    %store/vec4 v0x57e147ee8460_0, 0, 1;
    %jmp T_39.10;
T_39.10 ;
    %pop/vec4 1;
    %jmp T_39.5;
T_39.2 ;
    %alloc S_0x57e147e16d30;
    %load/vec4 v0x57e147eeb220_0;
    %load/vec4 v0x57e147ee52e0_0;
    %store/vec4 v0x57e147eb2b90_0, 0, 128;
    %store/vec4 v0x57e147eb2af0_0, 0, 128;
    %callf/vec4 TD_aes.core.dec_block.addroundkey, S_0x57e147e16d30;
    %free S_0x57e147e16d30;
    %store/vec4 v0x57e147eeb5e0_0, 0, 128;
    %alloc S_0x57e147efd160;
    %load/vec4 v0x57e147eeb5e0_0;
    %store/vec4 v0x57e147efcd30_0, 0, 128;
    %callf/vec4 TD_aes.core.dec_block.inv_mixcolumns, S_0x57e147efd160;
    %free S_0x57e147efd160;
    %store/vec4 v0x57e147eeb6c0_0, 0, 128;
    %alloc S_0x57e147eee760;
    %load/vec4 v0x57e147eeb6c0_0;
    %store/vec4 v0x57e147eee2e0_0, 0, 128;
    %callf/vec4 TD_aes.core.dec_block.inv_shiftrows, S_0x57e147eee760;
    %free S_0x57e147eee760;
    %store/vec4 v0x57e147eeb160_0, 0, 128;
    %load/vec4 v0x57e147eeb160_0;
    %store/vec4 v0x57e147ee9660_0, 0, 128;
    %pushi/vec4 1, 0, 1;
    %store/vec4 v0x57e147ee91e0_0, 0, 1;
    %pushi/vec4 1, 0, 1;
    %store/vec4 v0x57e147ee8d60_0, 0, 1;
    %pushi/vec4 1, 0, 1;
    %store/vec4 v0x57e147ee88e0_0, 0, 1;
    %pushi/vec4 1, 0, 1;
    %store/vec4 v0x57e147ee8460_0, 0, 1;
    %jmp T_39.5;
T_39.3 ;
    %alloc S_0x57e147e16d30;
    %load/vec4 v0x57e147eeb220_0;
    %load/vec4 v0x57e147ee52e0_0;
    %store/vec4 v0x57e147eb2b90_0, 0, 128;
    %store/vec4 v0x57e147eb2af0_0, 0, 128;
    %callf/vec4 TD_aes.core.dec_block.addroundkey, S_0x57e147e16d30;
    %free S_0x57e147e16d30;
    %store/vec4 v0x57e147ee9660_0, 0, 128;
    %pushi/vec4 1, 0, 1;
    %store/vec4 v0x57e147ee91e0_0, 0, 1;
    %pushi/vec4 1, 0, 1;
    %store/vec4 v0x57e147ee8d60_0, 0, 1;
    %pushi/vec4 1, 0, 1;
    %store/vec4 v0x57e147ee88e0_0, 0, 1;
    %pushi/vec4 1, 0, 1;
    %store/vec4 v0x57e147ee8460_0, 0, 1;
    %jmp T_39.5;
T_39.5 ;
    %pop/vec4 1;
    %end;
    .scope S_0x57e147eaead0;
t_12 %join;
    %jmp T_39;
    .thread T_39, $push;
    .scope S_0x57e147eaead0;
T_40 ;
    %wait E_0x57e147e06870;
    %fork t_15, S_0x57e147eeace0;
    %jmp t_14;
    .scope S_0x57e147eeace0;
t_15 ;
    %pushi/vec4 0, 0, 2;
    %store/vec4 v0x57e147ee4e60_0, 0, 2;
    %pushi/vec4 0, 0, 1;
    %store/vec4 v0x57e147ee4a80_0, 0, 1;
    %load/vec4 v0x57e147ee49e0_0;
    %flag_set/vec4 8;
    %jmp/0xz  T_40.0, 8;
    %pushi/vec4 0, 0, 2;
    %store/vec4 v0x57e147ee4e60_0, 0, 2;
    %pushi/vec4 1, 0, 1;
    %store/vec4 v0x57e147ee4a80_0, 0, 1;
    %jmp T_40.1;
T_40.0 ;
    %load/vec4 v0x57e147ee53c0_0;
    %flag_set/vec4 8;
    %jmp/0xz  T_40.2, 8;
    %load/vec4 v0x57e147ee4f40_0;
    %addi 1, 0, 2;
    %store/vec4 v0x57e147ee4e60_0, 0, 2;
    %pushi/vec4 1, 0, 1;
    %store/vec4 v0x57e147ee4a80_0, 0, 1;
T_40.2 ;
T_40.1 ;
    %end;
    .scope S_0x57e147eaead0;
t_14 %join;
    %jmp T_40;
    .thread T_40, $push;
    .scope S_0x57e147eaead0;
T_41 ;
    %wait E_0x57e147f15810;
    %fork t_17, S_0x57e147eec360;
    %jmp t_16;
    .scope S_0x57e147eec360;
t_17 ;
    %pushi/vec4 0, 0, 4;
    %store/vec4 v0x57e147ee5be0_0, 0, 4;
    %pushi/vec4 0, 0, 1;
    %store/vec4 v0x57e147ee5800_0, 0, 1;
    %load/vec4 v0x57e147ee5760_0;
    %flag_set/vec4 8;
    %jmp/0xz  T_41.0, 8;
    %load/vec4 v0x57e147ee77a0_0;
    %cmpi/e 1, 0, 1;
    %jmp/0xz  T_41.2, 4;
    %pushi/vec4 14, 0, 4;
    %store/vec4 v0x57e147ee5be0_0, 0, 4;
    %jmp T_41.3;
T_41.2 ;
    %pushi/vec4 10, 0, 4;
    %store/vec4 v0x57e147ee5be0_0, 0, 4;
T_41.3 ;
    %pushi/vec4 1, 0, 1;
    %store/vec4 v0x57e147ee5800_0, 0, 1;
    %jmp T_41.1;
T_41.0 ;
    %load/vec4 v0x57e147ee6140_0;
    %flag_set/vec4 8;
    %jmp/0xz  T_41.4, 8;
    %load/vec4 v0x57e147ee5cc0_0;
    %subi 1, 0, 4;
    %store/vec4 v0x57e147ee5be0_0, 0, 4;
    %pushi/vec4 1, 0, 1;
    %store/vec4 v0x57e147ee5800_0, 0, 1;
T_41.4 ;
T_41.1 ;
    %end;
    .scope S_0x57e147eaead0;
t_16 %join;
    %jmp T_41;
    .thread T_41, $push;
    .scope S_0x57e147eaead0;
T_42 ;
    %wait E_0x57e147f2b080;
    %fork t_19, S_0x57e147e17110;
    %jmp t_18;
    .scope S_0x57e147e17110;
t_19 ;
    %pushi/vec4 0, 0, 1;
    %store/vec4 v0x57e147ee53c0_0, 0, 1;
    %pushi/vec4 0, 0, 1;
    %store/vec4 v0x57e147ee49e0_0, 0, 1;
    %pushi/vec4 0, 0, 1;
    %store/vec4 v0x57e147ee6140_0, 0, 1;
    %pushi/vec4 0, 0, 1;
    %store/vec4 v0x57e147ee5760_0, 0, 1;
    %pushi/vec4 0, 0, 1;
    %store/vec4 v0x57e147ee6960_0, 0, 1;
    %pushi/vec4 0, 0, 1;
    %store/vec4 v0x57e147ee64e0_0, 0, 1;
    %pushi/vec4 0, 0, 3;
    %store/vec4 v0x57e147ee2ee0_0, 0, 3;
    %pushi/vec4 0, 0, 2;
    %store/vec4 v0x57e147ee7b60_0, 0, 2;
    %pushi/vec4 0, 0, 1;
    %store/vec4 v0x57e147ee76e0_0, 0, 1;
    %load/vec4 v0x57e147ee7c40_0;
    %dup/vec4;
    %pushi/vec4 0, 0, 2;
    %cmp/u;
    %jmp/1 T_42.0, 6;
    %dup/vec4;
    %pushi/vec4 1, 0, 2;
    %cmp/u;
    %jmp/1 T_42.1, 6;
    %dup/vec4;
    %pushi/vec4 2, 0, 2;
    %cmp/u;
    %jmp/1 T_42.2, 6;
    %dup/vec4;
    %pushi/vec4 3, 0, 2;
    %cmp/u;
    %jmp/1 T_42.3, 6;
    %jmp T_42.5;
T_42.0 ;
    %load/vec4 v0x57e147ee6de0_0;
    %flag_set/vec4 8;
    %jmp/0xz  T_42.6, 8;
    %pushi/vec4 1, 0, 1;
    %store/vec4 v0x57e147ee5760_0, 0, 1;
    %pushi/vec4 0, 0, 1;
    %store/vec4 v0x57e147ee6960_0, 0, 1;
    %pushi/vec4 1, 0, 1;
    %store/vec4 v0x57e147ee64e0_0, 0, 1;
    %pushi/vec4 1, 0, 2;
    %store/vec4 v0x57e147ee7b60_0, 0, 2;
    %pushi/vec4 1, 0, 1;
    %store/vec4 v0x57e147ee76e0_0, 0, 1;
T_42.6 ;
    %jmp T_42.5;
T_42.1 ;
    %pushi/vec4 1, 0, 1;
    %store/vec4 v0x57e147ee49e0_0, 0, 1;
    %pushi/vec4 1, 0, 3;
    %store/vec4 v0x57e147ee2ee0_0, 0, 3;
    %pushi/vec4 2, 0, 2;
    %store/vec4 v0x57e147ee7b60_0, 0, 2;
    %pushi/vec4 1, 0, 1;
    %store/vec4 v0x57e147ee76e0_0, 0, 1;
    %jmp T_42.5;
T_42.2 ;
    %pushi/vec4 1, 0, 1;
    %store/vec4 v0x57e147ee53c0_0, 0, 1;
    %pushi/vec4 2, 0, 3;
    %store/vec4 v0x57e147ee2ee0_0, 0, 3;
    %load/vec4 v0x57e147ee4f40_0;
    %cmpi/e 3, 0, 2;
    %jmp/0xz  T_42.8, 4;
    %pushi/vec4 1, 0, 1;
    %store/vec4 v0x57e147ee6140_0, 0, 1;
    %pushi/vec4 3, 0, 2;
    %store/vec4 v0x57e147ee7b60_0, 0, 2;
    %pushi/vec4 1, 0, 1;
    %store/vec4 v0x57e147ee76e0_0, 0, 1;
T_42.8 ;
    %jmp T_42.5;
T_42.3 ;
    %pushi/vec4 1, 0, 1;
    %store/vec4 v0x57e147ee49e0_0, 0, 1;
    %load/vec4 v0x57e147ee5cc0_0;
    %pad/u 32;
    %cmpi/u 0, 0, 32;
    %flag_or 5, 4; GT is !LE
    %flag_inv 5;
    %jmp/0xz  T_42.10, 5;
    %pushi/vec4 3, 0, 3;
    %store/vec4 v0x57e147ee2ee0_0, 0, 3;
    %pushi/vec4 2, 0, 2;
    %store/vec4 v0x57e147ee7b60_0, 0, 2;
    %pushi/vec4 1, 0, 1;
    %store/vec4 v0x57e147ee76e0_0, 0, 1;
    %jmp T_42.11;
T_42.10 ;
    %pushi/vec4 4, 0, 3;
    %store/vec4 v0x57e147ee2ee0_0, 0, 3;
    %pushi/vec4 1, 0, 1;
    %store/vec4 v0x57e147ee6960_0, 0, 1;
    %pushi/vec4 1, 0, 1;
    %store/vec4 v0x57e147ee64e0_0, 0, 1;
    %pushi/vec4 0, 0, 2;
    %store/vec4 v0x57e147ee7b60_0, 0, 2;
    %pushi/vec4 1, 0, 1;
    %store/vec4 v0x57e147ee76e0_0, 0, 1;
T_42.11 ;
    %jmp T_42.5;
T_42.5 ;
    %pop/vec4 1;
    %end;
    .scope S_0x57e147eaead0;
t_18 %join;
    %jmp T_42;
    .thread T_42, $push;
    .scope S_0x57e147e7b9d0;
T_43 ;
    %wait E_0x57e147e92d40;
    %fork t_21, S_0x57e147e78cd0;
    %jmp t_20;
    .scope S_0x57e147e78cd0;
t_21 ;
    %load/vec4 v0x57e147e70ed0_0;
    %nor/r;
    %flag_set/vec4 8;
    %jmp/0xz  T_43.0, 8;
    %pushi/vec4 0, 0, 32;
    %store/vec4 v0x57e147e78850_0, 0, 32;
T_43.2 ;
    %load/vec4 v0x57e147e78850_0;
    %cmpi/s 14, 0, 32;
    %flag_or 5, 4;
    %jmp/0xz T_43.3, 5;
    %pushi/vec4 0, 0, 128;
    %ix/getv/s 3, v0x57e147e78850_0;
    %ix/load 4, 0, 0; Constant delay
    %assign/vec4/a/d v0x57e147e74e70, 0, 4;
    %load/vec4 v0x57e147e78850_0;
    %addi 1, 0, 32;
    %store/vec4 v0x57e147e78850_0, 0, 32;
    %jmp T_43.2;
T_43.3 ;
    %pushi/vec4 0, 0, 1;
    %assign/vec4 v0x57e147e71350_0, 0;
    %pushi/vec4 0, 0, 8;
    %assign/vec4 v0x57e147e72190_0, 0;
    %pushi/vec4 0, 0, 4;
    %assign/vec4 v0x57e147e705d0_0, 0;
    %pushi/vec4 0, 0, 128;
    %assign/vec4 v0x57e147e72e50_0, 0;
    %pushi/vec4 0, 0, 128;
    %assign/vec4 v0x57e147e72a90_0, 0;
    %pushi/vec4 0, 0, 3;
    %assign/vec4 v0x57e147e74050_0, 0;
    %pushi/vec4 0, 0, 128;
    %assign/vec4 v0x57e147e6ef50_0, 0;
    %pushi/vec4 0, 0, 8;
    %assign/vec4 v0x57e147e6f850_0, 0;
    %pushi/vec4 0, 0, 1;
    %assign/vec4 v0x57e147e6fd90_0, 0;
    %pushi/vec4 0, 0, 1;
    %assign/vec4 v0x57e147e6f470_0, 0;
    %pushi/vec4 0, 0, 1;
    %assign/vec4 v0x57e147e6f3d0_0, 0;
    %jmp T_43.1;
T_43.0 ;
    %load/vec4 v0x57e147e71410_0;
    %flag_set/vec4 8;
    %jmp/0xz  T_43.4, 8;
    %load/vec4 v0x57e147e71870_0;
    %assign/vec4 v0x57e147e71350_0, 0;
T_43.4 ;
    %load/vec4 v0x57e147e71d10_0;
    %flag_set/vec4 8;
    %jmp/0xz  T_43.6, 8;
    %load/vec4 v0x57e147e72610_0;
    %assign/vec4 v0x57e147e72190_0, 0;
T_43.6 ;
    %load/vec4 v0x57e147e70150_0;
    %flag_set/vec4 8;
    %jmp/0xz  T_43.8, 8;
    %load/vec4 v0x57e147e70af0_0;
    %assign/vec4 v0x57e147e705d0_0, 0;
T_43.8 ;
    %load/vec4 v0x57e147e73cb0_0;
    %flag_set/vec4 8;
    %jmp/0xz  T_43.10, 8;
    %load/vec4 v0x57e147e73bd0_0;
    %load/vec4 v0x57e147e705d0_0;
    %pad/u 6;
    %ix/vec4 3;
    %ix/load 4, 0, 0; Constant delay
    %assign/vec4/a/d v0x57e147e74e70, 0, 4;
T_43.10 ;
    %load/vec4 v0x57e147e72f10_0;
    %flag_set/vec4 8;
    %jmp/0xz  T_43.12, 8;
    %load/vec4 v0x57e147e73390_0;
    %assign/vec4 v0x57e147e72e50_0, 0;
T_43.12 ;
    %load/vec4 v0x57e147e72550_0;
    %flag_set/vec4 8;
    %jmp/0xz  T_43.14, 8;
    %load/vec4 v0x57e147e729d0_0;
    %assign/vec4 v0x57e147e72a90_0, 0;
T_43.14 ;
    %load/vec4 v0x57e147e74130_0;
    %flag_set/vec4 8;
    %jmp/0xz  T_43.16, 8;
    %load/vec4 v0x57e147e744d0_0;
    %assign/vec4 v0x57e147e74050_0, 0;
T_43.16 ;
    %load/vec4 v0x57e147e6fd90_0;
    %nor/r;
    %load/vec4 v0x57e147e6f030_0;
    %and;
    %load/vec4 v0x57e147e6f470_0;
    %nor/r;
    %and;
    %flag_set/vec4 8;
    %jmp/0xz  T_43.18, 8;
    %load/vec4 v0x57e147e74dd0_0;
    %parti/s 128, 128, 9;
    %assign/vec4 v0x57e147e6ef50_0, 0;
    %pushi/vec4 0, 0, 8;
    %assign/vec4 v0x57e147e6f850_0, 0;
    %pushi/vec4 1, 0, 1;
    %assign/vec4 v0x57e147e6fd90_0, 0;
    %pushi/vec4 0, 0, 1;
    %assign/vec4 v0x57e147e6f3d0_0, 0;
    %jmp T_43.19;
T_43.18 ;
    %load/vec4 v0x57e147e6fd90_0;
    %flag_set/vec4 8;
    %jmp/0xz  T_43.20, 8;
    %load/vec4 v0x57e147e6ef50_0;
    %parti/s 1, 127, 8;
    %assign/vec4 v0x57e147e6f3d0_0, 0;
    %load/vec4 v0x57e147e6ef50_0;
    %parti/s 127, 0, 2;
    %concati/vec4 0, 0, 1;
    %assign/vec4 v0x57e147e6ef50_0, 0;
    %load/vec4 v0x57e147e6f850_0;
    %addi 1, 0, 8;
    %assign/vec4 v0x57e147e6f850_0, 0;
    %load/vec4 v0x57e147e6f850_0;
    %cmpi/e 127, 0, 8;
    %jmp/0xz  T_43.22, 4;
    %pushi/vec4 0, 0, 1;
    %assign/vec4 v0x57e147e6fd90_0, 0;
    %pushi/vec4 1, 0, 1;
    %assign/vec4 v0x57e147e6f470_0, 0;
    %pushi/vec4 0, 0, 1;
    %assign/vec4 v0x57e147e6f3d0_0, 0;
T_43.22 ;
    %jmp T_43.21;
T_43.20 ;
    %load/vec4 v0x57e147e6f030_0;
    %nor/r;
    %load/vec4 v0x57e147e6f470_0;
    %and;
    %flag_set/vec4 8;
    %jmp/0xz  T_43.24, 8;
    %pushi/vec4 1, 0, 1;
    %assign/vec4 v0x57e147e6f470_0, 0;
    %jmp T_43.25;
T_43.24 ;
    %pushi/vec4 0, 0, 1;
    %assign/vec4 v0x57e147e6f3d0_0, 0;
T_43.25 ;
T_43.21 ;
T_43.19 ;
T_43.1 ;
    %end;
    .scope S_0x57e147e7b9d0;
t_20 %join;
    %jmp T_43;
    .thread T_43;
    .scope S_0x57e147e7b9d0;
T_44 ;
    %wait E_0x57e147e7a8a0;
    %fork t_23, S_0x57e147e79a50;
    %jmp t_22;
    .scope S_0x57e147e79a50;
t_23 ;
    %load/vec4 v0x57e147e70fc0_0;
    %pad/u 6;
    %ix/vec4 4;
    %load/vec4a v0x57e147e74e70, 4;
    %store/vec4 v0x57e147e701f0_0, 0, 128;
    %end;
    .scope S_0x57e147e7b9d0;
t_22 %join;
    %jmp T_44;
    .thread T_44, $push;
    .scope S_0x57e147e7b9d0;
T_45 ;
    %wait E_0x57e147e7ace0;
    %fork t_25, S_0x57e147e77f50;
    %jmp t_24;
    .scope S_0x57e147e77f50;
t_25 ;
    %pushi/vec4 0, 0, 128;
    %store/vec4 v0x57e147e73bd0_0, 0, 128;
    %pushi/vec4 0, 0, 1;
    %store/vec4 v0x57e147e73cb0_0, 0, 1;
    %pushi/vec4 0, 0, 128;
    %store/vec4 v0x57e147e73390_0, 0, 128;
    %pushi/vec4 0, 0, 1;
    %store/vec4 v0x57e147e72f10_0, 0, 1;
    %pushi/vec4 0, 0, 128;
    %store/vec4 v0x57e147e729d0_0, 0, 128;
    %pushi/vec4 0, 0, 1;
    %store/vec4 v0x57e147e72550_0, 0, 1;
    %pushi/vec4 0, 0, 32;
    %store/vec4 v0x57e147e77ad0_0, 0, 32;
    %pushi/vec4 0, 0, 32;
    %store/vec4 v0x57e147e77bd0_0, 0, 32;
    %pushi/vec4 0, 0, 32;
    %store/vec4 v0x57e147e77650_0, 0, 32;
    %pushi/vec4 0, 0, 32;
    %store/vec4 v0x57e147e77710_0, 0, 32;
    %pushi/vec4 1, 0, 1;
    %store/vec4 v0x57e147e71c50_0, 0, 1;
    %pushi/vec4 0, 0, 1;
    %store/vec4 v0x57e147e720d0_0, 0, 1;
    %load/vec4 v0x57e147e72e50_0;
    %parti/s 32, 96, 8;
    %store/vec4 v0x57e147e769b0_0, 0, 32;
    %load/vec4 v0x57e147e72e50_0;
    %parti/s 32, 64, 8;
    %store/vec4 v0x57e147e76450_0, 0, 32;
    %load/vec4 v0x57e147e72e50_0;
    %parti/s 32, 32, 7;
    %store/vec4 v0x57e147e76530_0, 0, 32;
    %load/vec4 v0x57e147e72e50_0;
    %parti/s 32, 0, 2;
    %store/vec4 v0x57e147e75fd0_0, 0, 32;
    %load/vec4 v0x57e147e72a90_0;
    %parti/s 32, 96, 8;
    %store/vec4 v0x57e147e760b0_0, 0, 32;
    %load/vec4 v0x57e147e72a90_0;
    %parti/s 32, 64, 8;
    %store/vec4 v0x57e147e75b70_0, 0, 32;
    %load/vec4 v0x57e147e72a90_0;
    %parti/s 32, 32, 7;
    %store/vec4 v0x57e147e75c50_0, 0, 32;
    %load/vec4 v0x57e147e72a90_0;
    %parti/s 32, 0, 2;
    %store/vec4 v0x57e147e75710_0, 0, 32;
    %load/vec4 v0x57e147e72190_0;
    %concati/vec4 0, 0, 24;
    %store/vec4 v0x57e147e771d0_0, 0, 32;
    %load/vec4 v0x57e147e75710_0;
    %store/vec4 v0x57e147e6fcd0_0, 0, 32;
    %load/vec4 v0x57e147e732d0_0;
    %parti/s 24, 0, 2;
    %load/vec4 v0x57e147e732d0_0;
    %parti/s 8, 24, 6;
    %concat/vec4; draw_concat_vec4
    %store/vec4 v0x57e147e76d50_0, 0, 32;
    %load/vec4 v0x57e147e76d50_0;
    %load/vec4 v0x57e147e771d0_0;
    %xor;
    %store/vec4 v0x57e147e76e30_0, 0, 32;
    %load/vec4 v0x57e147e732d0_0;
    %store/vec4 v0x57e147e768d0_0, 0, 32;
    %load/vec4 v0x57e147d3ccc0_0;
    %flag_set/vec4 8;
    %jmp/0xz  T_45.0, 8;
    %pushi/vec4 0, 0, 1;
    %store/vec4 v0x57e147e71c50_0, 0, 1;
    %pushi/vec4 1, 0, 1;
    %store/vec4 v0x57e147e73cb0_0, 0, 1;
    %load/vec4 v0x57e147e737e0_0;
    %dup/vec4;
    %pushi/vec4 0, 0, 1;
    %cmp/u;
    %jmp/1 T_45.2, 6;
    %dup/vec4;
    %pushi/vec4 1, 0, 1;
    %cmp/u;
    %jmp/1 T_45.3, 6;
    %jmp T_45.5;
T_45.2 ;
    %load/vec4 v0x57e147e705d0_0;
    %pad/u 32;
    %cmpi/e 0, 0, 32;
    %jmp/0xz  T_45.6, 4;
    %load/vec4 v0x57e147e74dd0_0;
    %parti/s 128, 128, 9;
    %store/vec4 v0x57e147e73bd0_0, 0, 128;
    %load/vec4 v0x57e147e74dd0_0;
    %parti/s 128, 128, 9;
    %store/vec4 v0x57e147e729d0_0, 0, 128;
    %pushi/vec4 1, 0, 1;
    %store/vec4 v0x57e147e72550_0, 0, 1;
    %pushi/vec4 1, 0, 1;
    %store/vec4 v0x57e147e720d0_0, 0, 1;
    %jmp T_45.7;
T_45.6 ;
    %load/vec4 v0x57e147e760b0_0;
    %load/vec4 v0x57e147e76e30_0;
    %xor;
    %store/vec4 v0x57e147e77ad0_0, 0, 32;
    %load/vec4 v0x57e147e75b70_0;
    %load/vec4 v0x57e147e760b0_0;
    %xor;
    %load/vec4 v0x57e147e76e30_0;
    %xor;
    %store/vec4 v0x57e147e77bd0_0, 0, 32;
    %load/vec4 v0x57e147e75c50_0;
    %load/vec4 v0x57e147e75b70_0;
    %xor;
    %load/vec4 v0x57e147e760b0_0;
    %xor;
    %load/vec4 v0x57e147e76e30_0;
    %xor;
    %store/vec4 v0x57e147e77650_0, 0, 32;
    %load/vec4 v0x57e147e75710_0;
    %load/vec4 v0x57e147e75c50_0;
    %xor;
    %load/vec4 v0x57e147e75b70_0;
    %xor;
    %load/vec4 v0x57e147e760b0_0;
    %xor;
    %load/vec4 v0x57e147e76e30_0;
    %xor;
    %store/vec4 v0x57e147e77710_0, 0, 32;
    %load/vec4 v0x57e147e77ad0_0;
    %load/vec4 v0x57e147e77bd0_0;
    %concat/vec4; draw_concat_vec4
    %load/vec4 v0x57e147e77650_0;
    %concat/vec4; draw_concat_vec4
    %load/vec4 v0x57e147e77710_0;
    %concat/vec4; draw_concat_vec4
    %store/vec4 v0x57e147e73bd0_0, 0, 128;
    %load/vec4 v0x57e147e77ad0_0;
    %load/vec4 v0x57e147e77bd0_0;
    %concat/vec4; draw_concat_vec4
    %load/vec4 v0x57e147e77650_0;
    %concat/vec4; draw_concat_vec4
    %load/vec4 v0x57e147e77710_0;
    %concat/vec4; draw_concat_vec4
    %store/vec4 v0x57e147e729d0_0, 0, 128;
    %pushi/vec4 1, 0, 1;
    %store/vec4 v0x57e147e72550_0, 0, 1;
    %pushi/vec4 1, 0, 1;
    %store/vec4 v0x57e147e720d0_0, 0, 1;
T_45.7 ;
    %jmp T_45.5;
T_45.3 ;
    %load/vec4 v0x57e147e705d0_0;
    %pad/u 32;
    %cmpi/e 0, 0, 32;
    %jmp/0xz  T_45.8, 4;
    %load/vec4 v0x57e147e74dd0_0;
    %parti/s 128, 128, 9;
    %store/vec4 v0x57e147e73bd0_0, 0, 128;
    %load/vec4 v0x57e147e74dd0_0;
    %parti/s 128, 128, 9;
    %store/vec4 v0x57e147e73390_0, 0, 128;
    %pushi/vec4 1, 0, 1;
    %store/vec4 v0x57e147e72f10_0, 0, 1;
    %jmp T_45.9;
T_45.8 ;
    %load/vec4 v0x57e147e705d0_0;
    %pad/u 32;
    %cmpi/e 1, 0, 32;
    %jmp/0xz  T_45.10, 4;
    %load/vec4 v0x57e147e74dd0_0;
    %parti/s 128, 0, 2;
    %store/vec4 v0x57e147e73bd0_0, 0, 128;
    %load/vec4 v0x57e147e74dd0_0;
    %parti/s 128, 0, 2;
    %store/vec4 v0x57e147e729d0_0, 0, 128;
    %pushi/vec4 1, 0, 1;
    %store/vec4 v0x57e147e72550_0, 0, 1;
    %pushi/vec4 1, 0, 1;
    %store/vec4 v0x57e147e720d0_0, 0, 1;
    %jmp T_45.11;
T_45.10 ;
    %load/vec4 v0x57e147e705d0_0;
    %parti/s 1, 0, 2;
    %pad/u 32;
    %cmpi/e 0, 0, 32;
    %jmp/0xz  T_45.12, 4;
    %load/vec4 v0x57e147e769b0_0;
    %load/vec4 v0x57e147e76e30_0;
    %xor;
    %store/vec4 v0x57e147e77ad0_0, 0, 32;
    %load/vec4 v0x57e147e76450_0;
    %load/vec4 v0x57e147e769b0_0;
    %xor;
    %load/vec4 v0x57e147e76e30_0;
    %xor;
    %store/vec4 v0x57e147e77bd0_0, 0, 32;
    %load/vec4 v0x57e147e76530_0;
    %load/vec4 v0x57e147e76450_0;
    %xor;
    %load/vec4 v0x57e147e769b0_0;
    %xor;
    %load/vec4 v0x57e147e76e30_0;
    %xor;
    %store/vec4 v0x57e147e77650_0, 0, 32;
    %load/vec4 v0x57e147e75fd0_0;
    %load/vec4 v0x57e147e76530_0;
    %xor;
    %load/vec4 v0x57e147e76450_0;
    %xor;
    %load/vec4 v0x57e147e769b0_0;
    %xor;
    %load/vec4 v0x57e147e76e30_0;
    %xor;
    %store/vec4 v0x57e147e77710_0, 0, 32;
    %jmp T_45.13;
T_45.12 ;
    %load/vec4 v0x57e147e769b0_0;
    %load/vec4 v0x57e147e768d0_0;
    %xor;
    %store/vec4 v0x57e147e77ad0_0, 0, 32;
    %load/vec4 v0x57e147e76450_0;
    %load/vec4 v0x57e147e769b0_0;
    %xor;
    %load/vec4 v0x57e147e768d0_0;
    %xor;
    %store/vec4 v0x57e147e77bd0_0, 0, 32;
    %load/vec4 v0x57e147e76530_0;
    %load/vec4 v0x57e147e76450_0;
    %xor;
    %load/vec4 v0x57e147e769b0_0;
    %xor;
    %load/vec4 v0x57e147e768d0_0;
    %xor;
    %store/vec4 v0x57e147e77650_0, 0, 32;
    %load/vec4 v0x57e147e75fd0_0;
    %load/vec4 v0x57e147e76530_0;
    %xor;
    %load/vec4 v0x57e147e76450_0;
    %xor;
    %load/vec4 v0x57e147e769b0_0;
    %xor;
    %load/vec4 v0x57e147e768d0_0;
    %xor;
    %store/vec4 v0x57e147e77710_0, 0, 32;
    %pushi/vec4 1, 0, 1;
    %store/vec4 v0x57e147e720d0_0, 0, 1;
T_45.13 ;
    %load/vec4 v0x57e147e77ad0_0;
    %load/vec4 v0x57e147e77bd0_0;
    %concat/vec4; draw_concat_vec4
    %load/vec4 v0x57e147e77650_0;
    %concat/vec4; draw_concat_vec4
    %load/vec4 v0x57e147e77710_0;
    %concat/vec4; draw_concat_vec4
    %store/vec4 v0x57e147e73bd0_0, 0, 128;
    %load/vec4 v0x57e147e77ad0_0;
    %load/vec4 v0x57e147e77bd0_0;
    %concat/vec4; draw_concat_vec4
    %load/vec4 v0x57e147e77650_0;
    %concat/vec4; draw_concat_vec4
    %load/vec4 v0x57e147e77710_0;
    %concat/vec4; draw_concat_vec4
    %store/vec4 v0x57e147e729d0_0, 0, 128;
    %pushi/vec4 1, 0, 1;
    %store/vec4 v0x57e147e72550_0, 0, 1;
    %load/vec4 v0x57e147e72a90_0;
    %store/vec4 v0x57e147e73390_0, 0, 128;
    %pushi/vec4 1, 0, 1;
    %store/vec4 v0x57e147e72f10_0, 0, 1;
T_45.11 ;
T_45.9 ;
    %jmp T_45.5;
T_45.5 ;
    %pop/vec4 1;
T_45.0 ;
    %end;
    .scope S_0x57e147e7b9d0;
t_24 %join;
    %jmp T_45;
    .thread T_45, $push;
    .scope S_0x57e147e7b9d0;
T_46 ;
    %wait E_0x57e147e7ac70;
    %fork t_27, S_0x57e147e795d0;
    %jmp t_26;
    .scope S_0x57e147e795d0;
t_27 ;
    %pushi/vec4 0, 0, 8;
    %store/vec4 v0x57e147e72610_0, 0, 8;
    %pushi/vec4 0, 0, 1;
    %store/vec4 v0x57e147e71d10_0, 0, 1;
    %load/vec4 v0x57e147e72190_0;
    %parti/s 7, 0, 2;
    %concati/vec4 0, 0, 1;
    %pushi/vec4 27, 0, 8;
    %load/vec4 v0x57e147e72190_0;
    %parti/s 1, 7, 4;
    %replicate 8;
    %and;
    %xor;
    %store/vec4 v0x57e147e79150_0, 0, 8;
    %load/vec4 v0x57e147e71c50_0;
    %flag_set/vec4 8;
    %jmp/0xz  T_46.0, 8;
    %pushi/vec4 141, 0, 8;
    %store/vec4 v0x57e147e72610_0, 0, 8;
    %pushi/vec4 1, 0, 1;
    %store/vec4 v0x57e147e71d10_0, 0, 1;
T_46.0 ;
    %load/vec4 v0x57e147e720d0_0;
    %flag_set/vec4 8;
    %jmp/0xz  T_46.2, 8;
    %load/vec4 v0x57e147e79150_0;
    %store/vec4 v0x57e147e72610_0, 0, 8;
    %pushi/vec4 1, 0, 1;
    %store/vec4 v0x57e147e71d10_0, 0, 1;
T_46.2 ;
    %end;
    .scope S_0x57e147e7b9d0;
t_26 %join;
    %jmp T_46;
    .thread T_46, $push;
    .scope S_0x57e147e7b9d0;
T_47 ;
    %wait E_0x57e147e7b230;
    %fork t_29, S_0x57e147e783d0;
    %jmp t_28;
    .scope S_0x57e147e783d0;
t_29 ;
    %pushi/vec4 0, 0, 4;
    %store/vec4 v0x57e147e70af0_0, 0, 4;
    %pushi/vec4 0, 0, 1;
    %store/vec4 v0x57e147e70150_0, 0, 1;
    %load/vec4 v0x57e147e70690_0;
    %flag_set/vec4 8;
    %jmp/0xz  T_47.0, 8;
    %pushi/vec4 0, 0, 4;
    %store/vec4 v0x57e147e70af0_0, 0, 4;
    %pushi/vec4 1, 0, 1;
    %store/vec4 v0x57e147e70150_0, 0, 1;
    %jmp T_47.1;
T_47.0 ;
    %load/vec4 v0x57e147e70a50_0;
    %flag_set/vec4 8;
    %jmp/0xz  T_47.2, 8;
    %load/vec4 v0x57e147e705d0_0;
    %addi 1, 0, 4;
    %store/vec4 v0x57e147e70af0_0, 0, 4;
    %pushi/vec4 1, 0, 1;
    %store/vec4 v0x57e147e70150_0, 0, 1;
T_47.2 ;
T_47.1 ;
    %end;
    .scope S_0x57e147e7b9d0;
t_28 %join;
    %jmp T_47;
    .thread T_47, $push;
    .scope S_0x57e147e7b9d0;
T_48 ;
    %wait E_0x57e147e7b6b0;
    %fork t_31, S_0x57e147e7a350;
    %jmp t_30;
    .scope S_0x57e147e7a350;
t_31 ;
    %pushi/vec4 0, 0, 1;
    %store/vec4 v0x57e147e71870_0, 0, 1;
    %pushi/vec4 0, 0, 1;
    %store/vec4 v0x57e147e71410_0, 0, 1;
    %pushi/vec4 0, 0, 1;
    %store/vec4 v0x57e147d3ccc0_0, 0, 1;
    %pushi/vec4 0, 0, 1;
    %store/vec4 v0x57e147e70690_0, 0, 1;
    %pushi/vec4 0, 0, 1;
    %store/vec4 v0x57e147e70a50_0, 0, 1;
    %pushi/vec4 0, 0, 3;
    %store/vec4 v0x57e147e744d0_0, 0, 3;
    %pushi/vec4 0, 0, 1;
    %store/vec4 v0x57e147e74130_0, 0, 1;
    %load/vec4 v0x57e147e737e0_0;
    %cmpi/e 0, 0, 1;
    %jmp/0xz  T_48.0, 4;
    %pushi/vec4 10, 0, 4;
    %store/vec4 v0x57e147e79ed0_0, 0, 4;
    %jmp T_48.1;
T_48.0 ;
    %pushi/vec4 14, 0, 4;
    %store/vec4 v0x57e147e79ed0_0, 0, 4;
T_48.1 ;
    %load/vec4 v0x57e147e74050_0;
    %dup/vec4;
    %pushi/vec4 0, 0, 3;
    %cmp/u;
    %jmp/1 T_48.2, 6;
    %dup/vec4;
    %pushi/vec4 1, 0, 3;
    %cmp/u;
    %jmp/1 T_48.3, 6;
    %dup/vec4;
    %pushi/vec4 2, 0, 3;
    %cmp/u;
    %jmp/1 T_48.4, 6;
    %dup/vec4;
    %pushi/vec4 3, 0, 3;
    %cmp/u;
    %jmp/1 T_48.5, 6;
    %jmp T_48.7;
T_48.2 ;
    %load/vec4 v0x57e147e75310_0;
    %flag_set/vec4 8;
    %jmp/0xz  T_48.8, 8;
    %pushi/vec4 0, 0, 1;
    %store/vec4 v0x57e147e71870_0, 0, 1;
    %pushi/vec4 1, 0, 1;
    %store/vec4 v0x57e147e71410_0, 0, 1;
    %pushi/vec4 1, 0, 3;
    %store/vec4 v0x57e147e744d0_0, 0, 3;
    %pushi/vec4 1, 0, 1;
    %store/vec4 v0x57e147e74130_0, 0, 1;
T_48.8 ;
    %jmp T_48.7;
T_48.3 ;
    %pushi/vec4 1, 0, 1;
    %store/vec4 v0x57e147e70690_0, 0, 1;
    %pushi/vec4 2, 0, 3;
    %store/vec4 v0x57e147e744d0_0, 0, 3;
    %pushi/vec4 1, 0, 1;
    %store/vec4 v0x57e147e74130_0, 0, 1;
    %jmp T_48.7;
T_48.4 ;
    %pushi/vec4 1, 0, 1;
    %store/vec4 v0x57e147e70a50_0, 0, 1;
    %pushi/vec4 1, 0, 1;
    %store/vec4 v0x57e147d3ccc0_0, 0, 1;
    %load/vec4 v0x57e147e705d0_0;
    %load/vec4 v0x57e147e79ed0_0;
    %cmp/e;
    %jmp/0xz  T_48.10, 4;
    %pushi/vec4 3, 0, 3;
    %store/vec4 v0x57e147e744d0_0, 0, 3;
    %pushi/vec4 1, 0, 1;
    %store/vec4 v0x57e147e74130_0, 0, 1;
T_48.10 ;
    %jmp T_48.7;
T_48.5 ;
    %pushi/vec4 1, 0, 1;
    %store/vec4 v0x57e147e71870_0, 0, 1;
    %pushi/vec4 1, 0, 1;
    %store/vec4 v0x57e147e71410_0, 0, 1;
    %pushi/vec4 0, 0, 3;
    %store/vec4 v0x57e147e744d0_0, 0, 3;
    %pushi/vec4 1, 0, 1;
    %store/vec4 v0x57e147e74130_0, 0, 1;
    %jmp T_48.7;
T_48.7 ;
    %pop/vec4 1;
    %end;
    .scope S_0x57e147e7b9d0;
t_30 %join;
    %jmp T_48;
    .thread T_48, $push;
    .scope S_0x57e147e6e1d0;
T_49 ;
    %wait E_0x57e147e7feb0;
    %load/vec4 v0x57e147e69e50_0;
    %nor/r;
    %flag_set/vec4 8;
    %jmp/0xz  T_49.0, 8;
    %pushi/vec4 0, 0, 2;
    %assign/vec4 v0x57e147e63b50_0, 0;
    %pushi/vec4 0, 0, 1;
    %assign/vec4 v0x57e147e63c30_0, 0;
    %pushi/vec4 0, 0, 4;
    %assign/vec4 v0x57e147e64010_0, 0;
    %pushi/vec4 0, 0, 32;
    %assign/vec4 v0x57e147e64550_0, 0;
    %pushi/vec4 0, 0, 8;
    %assign/vec4 v0x57e147e636d0_0, 0;
    %jmp T_49.1;
T_49.0 ;
    %load/vec4 v0x57e147e63c30_0;
    %nor/r;
    %flag_set/vec4 8;
    %jmp/0xz  T_49.2, 8;
    %load/vec4 v0x57e147e63b50_0;
    %dup/vec4;
    %pushi/vec4 0, 0, 2;
    %cmp/u;
    %jmp/1 T_49.4, 6;
    %dup/vec4;
    %pushi/vec4 1, 0, 2;
    %cmp/u;
    %jmp/1 T_49.5, 6;
    %dup/vec4;
    %pushi/vec4 2, 0, 2;
    %cmp/u;
    %jmp/1 T_49.6, 6;
    %dup/vec4;
    %pushi/vec4 3, 0, 2;
    %cmp/u;
    %jmp/1 T_49.7, 6;
    %jmp T_49.8;
T_49.4 ;
    %load/vec4 v0x57e147e64470_0;
    %cmpi/e 3735928559, 0, 32;
    %jmp/0xz  T_49.9, 4;
    %pushi/vec4 1, 0, 2;
    %assign/vec4 v0x57e147e63b50_0, 0;
    %jmp T_49.10;
T_49.9 ;
    %pushi/vec4 0, 0, 2;
    %assign/vec4 v0x57e147e63b50_0, 0;
T_49.10 ;
    %jmp T_49.8;
T_49.5 ;
    %load/vec4 v0x57e147e64470_0;
    %cmpi/e 4277009102, 0, 32;
    %jmp/0xz  T_49.11, 4;
    %pushi/vec4 2, 0, 2;
    %assign/vec4 v0x57e147e63b50_0, 0;
    %jmp T_49.12;
T_49.11 ;
    %pushi/vec4 0, 0, 2;
    %assign/vec4 v0x57e147e63b50_0, 0;
T_49.12 ;
    %jmp T_49.8;
T_49.6 ;
    %load/vec4 v0x57e147e64470_0;
    %cmpi/e 3405691582, 0, 32;
    %jmp/0xz  T_49.13, 4;
    %pushi/vec4 3, 0, 2;
    %assign/vec4 v0x57e147e63b50_0, 0;
    %jmp T_49.14;
T_49.13 ;
    %pushi/vec4 0, 0, 2;
    %assign/vec4 v0x57e147e63b50_0, 0;
T_49.14 ;
    %jmp T_49.8;
T_49.7 ;
    %load/vec4 v0x57e147e64470_0;
    %cmpi/e 3131961357, 0, 32;
    %jmp/0xz  T_49.15, 4;
    %pushi/vec4 1, 0, 1;
    %assign/vec4 v0x57e147e63c30_0, 0;
    %load/vec4 v0x57e147e64470_0;
    %assign/vec4 v0x57e147e64550_0, 0;
    %pushi/vec4 0, 0, 4;
    %assign/vec4 v0x57e147e64010_0, 0;
    %pushi/vec4 0, 0, 2;
    %assign/vec4 v0x57e147e63b50_0, 0;
    %jmp T_49.16;
T_49.15 ;
    %pushi/vec4 0, 0, 2;
    %assign/vec4 v0x57e147e63b50_0, 0;
T_49.16 ;
    %jmp T_49.8;
T_49.8 ;
    %pop/vec4 1;
    %pushi/vec4 0, 0, 8;
    %assign/vec4 v0x57e147e636d0_0, 0;
    %jmp T_49.3;
T_49.2 ;
    %load/vec4 v0x57e147e64010_0;
    %dup/vec4;
    %pushi/vec4 0, 0, 4;
    %cmp/u;
    %jmp/1 T_49.17, 6;
    %dup/vec4;
    %pushi/vec4 1, 0, 4;
    %cmp/u;
    %jmp/1 T_49.18, 6;
    %dup/vec4;
    %pushi/vec4 2, 0, 4;
    %cmp/u;
    %jmp/1 T_49.19, 6;
    %dup/vec4;
    %pushi/vec4 3, 0, 4;
    %cmp/u;
    %jmp/1 T_49.20, 6;
    %dup/vec4;
    %pushi/vec4 4, 0, 4;
    %cmp/u;
    %jmp/1 T_49.21, 6;
    %pushi/vec4 0, 0, 8;
    %assign/vec4 v0x57e147e636d0_0, 0;
    %pushi/vec4 0, 0, 1;
    %assign/vec4 v0x57e147e63c30_0, 0;
    %pushi/vec4 0, 0, 4;
    %assign/vec4 v0x57e147e64010_0, 0;
    %jmp T_49.23;
T_49.17 ;
    %load/vec4 v0x57e147e64550_0;
    %parti/s 8, 24, 6;
    %assign/vec4 v0x57e147e636d0_0, 0;
    %pushi/vec4 1, 0, 4;
    %assign/vec4 v0x57e147e64010_0, 0;
    %jmp T_49.23;
T_49.18 ;
    %load/vec4 v0x57e147e64550_0;
    %parti/s 8, 16, 6;
    %assign/vec4 v0x57e147e636d0_0, 0;
    %pushi/vec4 2, 0, 4;
    %assign/vec4 v0x57e147e64010_0, 0;
    %jmp T_49.23;
T_49.19 ;
    %load/vec4 v0x57e147e64550_0;
    %parti/s 8, 8, 5;
    %assign/vec4 v0x57e147e636d0_0, 0;
    %pushi/vec4 3, 0, 4;
    %assign/vec4 v0x57e147e64010_0, 0;
    %jmp T_49.23;
T_49.20 ;
    %load/vec4 v0x57e147e64550_0;
    %parti/s 8, 0, 2;
    %assign/vec4 v0x57e147e636d0_0, 0;
    %pushi/vec4 4, 0, 4;
    %assign/vec4 v0x57e147e64010_0, 0;
    %jmp T_49.23;
T_49.21 ;
    %pushi/vec4 0, 0, 8;
    %assign/vec4 v0x57e147e636d0_0, 0;
    %pushi/vec4 0, 0, 1;
    %assign/vec4 v0x57e147e63c30_0, 0;
    %pushi/vec4 0, 0, 4;
    %assign/vec4 v0x57e147e64010_0, 0;
    %jmp T_49.23;
T_49.23 ;
    %pop/vec4 1;
T_49.3 ;
T_49.1 ;
    %jmp T_49;
    .thread T_49;
    .scope S_0x57e147eae310;
T_50 ;
    %wait E_0x57e147e92d40;
    %fork t_33, S_0x57e147e6ead0;
    %jmp t_32;
    .scope S_0x57e147e6ead0;
t_33 ;
    %load/vec4 v0x57e147e5e150_0;
    %nor/r;
    %flag_set/vec4 8;
    %jmp/0xz  T_50.0, 8;
    %pushi/vec4 0, 0, 1;
    %assign/vec4 v0x57e147d73870_0, 0;
    %pushi/vec4 1, 0, 1;
    %assign/vec4 v0x57e147e5e5d0_0, 0;
    %pushi/vec4 0, 0, 2;
    %assign/vec4 v0x57e147e62eb0_0, 0;
    %pushi/vec4 0, 0, 4;
    %assign/vec4 v0x57e147e5c650_0, 0;
    %pushi/vec4 0, 0, 1;
    %assign/vec4 v0x57e147e5d850_0, 0;
    %pushi/vec4 0, 0, 8;
    %assign/vec4 v0x57e147e5d010_0, 0;
    %pushi/vec4 0, 0, 1;
    %assign/vec4 v0x57e147e5cad0_0, 0;
    %pushi/vec4 0, 0, 6;
    %assign/vec4 v0x57e147e5d8f0_0, 0;
    %pushi/vec4 0, 0, 1;
    %assign/vec4 v0x57e147e5cb90_0, 0;
    %pushi/vec4 0, 0, 256;
    %assign/vec4 v0x57e147e5d490_0, 0;
    %jmp T_50.1;
T_50.0 ;
    %load/vec4 v0x57e147e5dcd0_0;
    %flag_set/vec4 8;
    %jmp/0xz  T_50.2, 8;
    %load/vec4 v0x57e147d737b0_0;
    %assign/vec4 v0x57e147d73870_0, 0;
T_50.2 ;
    %load/vec4 v0x57e147e5e690_0;
    %flag_set/vec4 8;
    %jmp/0xz  T_50.4, 8;
    %load/vec4 v0x57e147e5eb10_0;
    %assign/vec4 v0x57e147e5e5d0_0, 0;
T_50.4 ;
    %load/vec4 v0x57e147e62950_0;
    %flag_set/vec4 8;
    %jmp/0xz  T_50.6, 8;
    %load/vec4 v0x57e147e62dd0_0;
    %assign/vec4 v0x57e147e62eb0_0, 0;
T_50.6 ;
    %load/vec4 v0x57e147e5c650_0;
    %parti/s 3, 0, 2;
    %load/vec4 v0x57e147e609d0_0;
    %load/vec4 v0x57e147e5ef70_0;
    %xor;
    %load/vec4 v0x57e147e60ef0_0;
    %xor;
    %load/vec4 v0x57e147e5fc50_0;
    %xor;
    %concat/vec4; draw_concat_vec4
    %assign/vec4 v0x57e147e5c650_0, 0;
    %load/vec4 v0x57e147e5d850_0;
    %nor/r;
    %load/vec4 v0x57e147e5c650_0;
    %pushi/vec4 11, 0, 4;
    %cmp/e;
    %flag_get/vec4 4;
    %and;
    %flag_set/vec4 8;
    %jmp/0xz  T_50.8, 8;
    %pushi/vec4 1, 0, 1;
    %assign/vec4 v0x57e147e5d850_0, 0;
    %load/vec4 v0x57e147e600d0_0;
    %assign/vec4 v0x57e147e5d490_0, 0;
    %pushi/vec4 0, 0, 6;
    %assign/vec4 v0x57e147e5d8f0_0, 0;
    %pushi/vec4 1, 0, 1;
    %assign/vec4 v0x57e147e5cb90_0, 0;
    %jmp T_50.9;
T_50.8 ;
    %load/vec4 v0x57e147e5d850_0;
    %load/vec4 v0x57e147e5cb90_0;
    %and;
    %flag_set/vec4 8;
    %jmp/0xz  T_50.10, 8;
    %load/vec4 v0x57e147e5d490_0;
    %pushi/vec4 255, 0, 32;
    %load/vec4 v0x57e147e5d8f0_0;
    %pad/u 32;
    %muli 8, 0, 32;
    %sub;
    %pad/u 34;
    %subi 7, 0, 34;
    %part/s 8;
    %assign/vec4 v0x57e147e5d010_0, 0;
    %pushi/vec4 1, 0, 1;
    %assign/vec4 v0x57e147e5cad0_0, 0;
    %load/vec4 v0x57e147e5d8f0_0;
    %cmpi/e 31, 0, 6;
    %jmp/0xz  T_50.12, 4;
    %pushi/vec4 0, 0, 6;
    %assign/vec4 v0x57e147e5d8f0_0, 0;
    %pushi/vec4 0, 0, 1;
    %assign/vec4 v0x57e147e5cb90_0, 0;
    %pushi/vec4 0, 0, 1;
    %assign/vec4 v0x57e147e5d850_0, 0;
    %pushi/vec4 0, 0, 1;
    %assign/vec4 v0x57e147e5cad0_0, 0;
    %jmp T_50.13;
T_50.12 ;
    %load/vec4 v0x57e147e5d8f0_0;
    %addi 1, 0, 6;
    %assign/vec4 v0x57e147e5d8f0_0, 0;
T_50.13 ;
    %jmp T_50.11;
T_50.10 ;
    %pushi/vec4 0, 0, 8;
    %assign/vec4 v0x57e147e5d010_0, 0;
    %pushi/vec4 0, 0, 1;
    %assign/vec4 v0x57e147e5cad0_0, 0;
T_50.11 ;
T_50.9 ;
    %load/vec4 v0x57e147e5d850_0;
    %nor/r;
    %flag_set/vec4 8;
    %jmp/0xz  T_50.14, 8;
    %pushi/vec4 0, 0, 8;
    %assign/vec4 v0x57e147e5d010_0, 0;
    %pushi/vec4 0, 0, 1;
    %assign/vec4 v0x57e147e5cad0_0, 0;
    %pushi/vec4 0, 0, 1;
    %assign/vec4 v0x57e147e5cb90_0, 0;
    %pushi/vec4 0, 0, 6;
    %assign/vec4 v0x57e147e5d8f0_0, 0;
T_50.14 ;
T_50.1 ;
    %end;
    .scope S_0x57e147eae310;
t_32 %join;
    %jmp T_50;
    .thread T_50;
    .scope S_0x57e147eae310;
T_51 ;
    %wait E_0x57e147c96a10;
    %fork t_35, S_0x57e147e63250;
    %jmp t_34;
    .scope S_0x57e147e63250;
t_35 ;
    %load/vec4 v0x57e147e60a70_0;
    %flag_set/vec4 8;
    %jmp/0xz  T_51.0, 8;
    %load/vec4 v0x57e147e5fcf0_0;
    %store/vec4 v0x57e147e5f3f0_0, 0, 32;
    %jmp T_51.1;
T_51.0 ;
    %load/vec4 v0x57e147e60e50_0;
    %store/vec4 v0x57e147e5f3f0_0, 0, 32;
T_51.1 ;
    %end;
    .scope S_0x57e147eae310;
t_34 %join;
    %jmp T_51;
    .thread T_51, $push;
    .scope S_0x57e147eae310;
T_52 ;
    %wait E_0x57e147dac160;
    %fork t_37, S_0x57e147e7be50;
    %jmp t_36;
    .scope S_0x57e147e7be50;
t_37 ;
    %pushi/vec4 0, 0, 1;
    %store/vec4 v0x57e147e617f0_0, 0, 1;
    %pushi/vec4 0, 0, 1;
    %store/vec4 v0x57e147e62110_0, 0, 1;
    %load/vec4 v0x57e147e60ef0_0;
    %flag_set/vec4 8;
    %jmp/0xz  T_52.0, 8;
    %load/vec4 v0x57e147e5ef70_0;
    %store/vec4 v0x57e147e617f0_0, 0, 1;
    %load/vec4 v0x57e147e61370_0;
    %store/vec4 v0x57e147e5f350_0, 0, 4;
    %load/vec4 v0x57e147e61750_0;
    %store/vec4 v0x57e147e5f7d0_0, 0, 128;
    %load/vec4 v0x57e147e612d0_0;
    %store/vec4 v0x57e147e5f870_0, 0, 1;
    %jmp T_52.1;
T_52.0 ;
    %load/vec4 v0x57e147e5ef70_0;
    %store/vec4 v0x57e147e62110_0, 0, 1;
    %load/vec4 v0x57e147e61c70_0;
    %store/vec4 v0x57e147e5f350_0, 0, 4;
    %load/vec4 v0x57e147e62050_0;
    %store/vec4 v0x57e147e5f7d0_0, 0, 128;
    %load/vec4 v0x57e147e61bd0_0;
    %store/vec4 v0x57e147e5f870_0, 0, 1;
T_52.1 ;
    %end;
    .scope S_0x57e147eae310;
t_36 %join;
    %jmp T_52;
    .thread T_52, $push;
    .scope S_0x57e147eae310;
T_53 ;
    %wait E_0x57e147dabcb0;
    %fork t_39, S_0x57e147eae6f0;
    %jmp t_38;
    .scope S_0x57e147eae6f0;
t_39 ;
    %pushi/vec4 0, 0, 1;
    %store/vec4 v0x57e147e60a70_0, 0, 1;
    %pushi/vec4 0, 0, 1;
    %store/vec4 v0x57e147e5eb10_0, 0, 1;
    %pushi/vec4 0, 0, 1;
    %store/vec4 v0x57e147e5e690_0, 0, 1;
    %pushi/vec4 0, 0, 1;
    %store/vec4 v0x57e147d737b0_0, 0, 1;
    %pushi/vec4 0, 0, 1;
    %store/vec4 v0x57e147e5dcd0_0, 0, 1;
    %pushi/vec4 0, 0, 2;
    %store/vec4 v0x57e147e62dd0_0, 0, 2;
    %pushi/vec4 0, 0, 1;
    %store/vec4 v0x57e147e62950_0, 0, 1;
    %load/vec4 v0x57e147e62eb0_0;
    %dup/vec4;
    %pushi/vec4 0, 0, 2;
    %cmp/u;
    %jmp/1 T_53.0, 6;
    %dup/vec4;
    %pushi/vec4 1, 0, 2;
    %cmp/u;
    %jmp/1 T_53.1, 6;
    %dup/vec4;
    %pushi/vec4 2, 0, 2;
    %cmp/u;
    %jmp/1 T_53.2, 6;
    %jmp T_53.4;
T_53.0 ;
    %load/vec4 v0x57e147e609d0_0;
    %flag_set/vec4 8;
    %jmp/0xz  T_53.5, 8;
    %pushi/vec4 1, 0, 1;
    %store/vec4 v0x57e147e60a70_0, 0, 1;
    %pushi/vec4 0, 0, 1;
    %store/vec4 v0x57e147e5eb10_0, 0, 1;
    %pushi/vec4 1, 0, 1;
    %store/vec4 v0x57e147e5e690_0, 0, 1;
    %pushi/vec4 0, 0, 1;
    %store/vec4 v0x57e147d737b0_0, 0, 1;
    %pushi/vec4 1, 0, 1;
    %store/vec4 v0x57e147e5dcd0_0, 0, 1;
    %pushi/vec4 1, 0, 2;
    %store/vec4 v0x57e147e62dd0_0, 0, 2;
    %pushi/vec4 1, 0, 1;
    %store/vec4 v0x57e147e62950_0, 0, 1;
    %jmp T_53.6;
T_53.5 ;
    %load/vec4 v0x57e147e5ef70_0;
    %flag_set/vec4 8;
    %jmp/0xz  T_53.7, 8;
    %pushi/vec4 0, 0, 1;
    %store/vec4 v0x57e147e60a70_0, 0, 1;
    %pushi/vec4 0, 0, 1;
    %store/vec4 v0x57e147e5eb10_0, 0, 1;
    %pushi/vec4 1, 0, 1;
    %store/vec4 v0x57e147e5e690_0, 0, 1;
    %pushi/vec4 0, 0, 1;
    %store/vec4 v0x57e147d737b0_0, 0, 1;
    %pushi/vec4 1, 0, 1;
    %store/vec4 v0x57e147e5dcd0_0, 0, 1;
    %pushi/vec4 2, 0, 2;
    %store/vec4 v0x57e147e62dd0_0, 0, 2;
    %pushi/vec4 1, 0, 1;
    %store/vec4 v0x57e147e62950_0, 0, 1;
T_53.7 ;
T_53.6 ;
    %jmp T_53.4;
T_53.1 ;
    %pushi/vec4 1, 0, 1;
    %store/vec4 v0x57e147e60a70_0, 0, 1;
    %load/vec4 v0x57e147e601a0_0;
    %flag_set/vec4 8;
    %jmp/0xz  T_53.9, 8;
    %pushi/vec4 1, 0, 1;
    %store/vec4 v0x57e147e5eb10_0, 0, 1;
    %pushi/vec4 1, 0, 1;
    %store/vec4 v0x57e147e5e690_0, 0, 1;
    %pushi/vec4 0, 0, 2;
    %store/vec4 v0x57e147e62dd0_0, 0, 2;
    %pushi/vec4 1, 0, 1;
    %store/vec4 v0x57e147e62950_0, 0, 1;
T_53.9 ;
    %jmp T_53.4;
T_53.2 ;
    %pushi/vec4 0, 0, 1;
    %store/vec4 v0x57e147e60a70_0, 0, 1;
    %load/vec4 v0x57e147e5f870_0;
    %flag_set/vec4 8;
    %jmp/0xz  T_53.11, 8;
    %pushi/vec4 1, 0, 1;
    %store/vec4 v0x57e147e5eb10_0, 0, 1;
    %pushi/vec4 1, 0, 1;
    %store/vec4 v0x57e147e5e690_0, 0, 1;
    %pushi/vec4 1, 0, 1;
    %store/vec4 v0x57e147d737b0_0, 0, 1;
    %pushi/vec4 1, 0, 1;
    %store/vec4 v0x57e147e5dcd0_0, 0, 1;
    %pushi/vec4 0, 0, 2;
    %store/vec4 v0x57e147e62dd0_0, 0, 2;
    %pushi/vec4 1, 0, 1;
    %store/vec4 v0x57e147e62950_0, 0, 1;
T_53.11 ;
    %jmp T_53.4;
T_53.4 ;
    %pop/vec4 1;
    %end;
    .scope S_0x57e147eae310;
t_38 %join;
    %jmp T_53;
    .thread T_53, $push;
    .scope S_0x57e147e178d0;
T_54 ;
    %wait E_0x57e147e92d40;
    %fork t_41, S_0x57e147e5c1d0;
    %jmp t_40;
    .scope S_0x57e147e5c1d0;
t_41 ;
    %load/vec4 v0x57e147e57e50_0;
    %nor/r;
    %flag_set/vec4 8;
    %jmp/0xz  T_54.0, 8;
    %pushi/vec4 0, 0, 32;
    %store/vec4 v0x57e147e5bd50_0, 0, 32;
T_54.2 ;
    %load/vec4 v0x57e147e5bd50_0;
    %cmpi/s 4, 0, 32;
    %jmp/0xz T_54.3, 5;
    %pushi/vec4 0, 0, 32;
    %ix/getv/s 3, v0x57e147e5bd50_0;
    %ix/load 4, 0, 0; Constant delay
    %assign/vec4/a/d v0x57e147e5b8d0, 0, 4;
    %load/vec4 v0x57e147e5bd50_0;
    %addi 1, 0, 32;
    %store/vec4 v0x57e147e5bd50_0, 0, 32;
    %jmp T_54.2;
T_54.3 ;
    %pushi/vec4 0, 0, 32;
    %store/vec4 v0x57e147e5bd50_0, 0, 32;
T_54.4 ;
    %load/vec4 v0x57e147e5bd50_0;
    %cmpi/s 8, 0, 32;
    %jmp/0xz T_54.5, 5;
    %pushi/vec4 0, 0, 32;
    %ix/getv/s 3, v0x57e147e5bd50_0;
    %ix/load 4, 0, 0; Constant delay
    %assign/vec4/a/d v0x57e147e590f0, 0, 4;
    %load/vec4 v0x57e147e5bd50_0;
    %addi 1, 0, 32;
    %store/vec4 v0x57e147e5bd50_0, 0, 32;
    %jmp T_54.4;
T_54.5 ;
    %pushi/vec4 0, 0, 1;
    %assign/vec4 v0x57e147e59050_0, 0;
    %pushi/vec4 0, 0, 1;
    %assign/vec4 v0x57e147e587f0_0, 0;
    %pushi/vec4 0, 0, 1;
    %assign/vec4 v0x57e147e594d0_0, 0;
    %pushi/vec4 0, 0, 1;
    %assign/vec4 v0x57e147e58c90_0, 0;
    %pushi/vec4 0, 0, 128;
    %assign/vec4 v0x57e147e57ef0_0, 0;
    %pushi/vec4 0, 0, 1;
    %assign/vec4 v0x57e147e57630_0, 0;
    %pushi/vec4 0, 0, 1;
    %assign/vec4 v0x57e147e583b0_0, 0;
    %pushi/vec4 0, 0, 2;
    %assign/vec4 v0x57e147e57550_0, 0;
    %pushi/vec4 0, 0, 3;
    %assign/vec4 v0x57e147e57a90_0, 0;
    %jmp T_54.1;
T_54.0 ;
    %load/vec4 v0x57e147e59dd0_0;
    %assign/vec4 v0x57e147e583b0_0, 0;
    %load/vec4 v0x57e147e59950_0;
    %assign/vec4 v0x57e147e57630_0, 0;
    %load/vec4 v0x57e147e59e70_0;
    %assign/vec4 v0x57e147e57ef0_0, 0;
    %load/vec4 v0x57e147e59570_0;
    %assign/vec4 v0x57e147e59050_0, 0;
    %load/vec4 v0x57e147e58750_0;
    %assign/vec4 v0x57e147e587f0_0, 0;
    %load/vec4 v0x57e147e5afd0_0;
    %flag_set/vec4 8;
    %jmp/0xz  T_54.6, 8;
    %load/vec4 v0x57e147e57190_0;
    %parti/s 1, 0, 2;
    %assign/vec4 v0x57e147e594d0_0, 0;
    %load/vec4 v0x57e147e57190_0;
    %parti/s 1, 1, 2;
    %assign/vec4 v0x57e147e58c90_0, 0;
T_54.6 ;
    %load/vec4 v0x57e147e58bd0_0;
    %flag_set/vec4 8;
    %jmp/0xz  T_54.8, 8;
    %load/vec4 v0x57e147e57190_0;
    %load/vec4 v0x57e147e5be30_0;
    %parti/s 3, 0, 2;
    %pad/u 5;
    %ix/vec4 3;
    %ix/load 4, 0, 0; Constant delay
    %assign/vec4/a/d v0x57e147e590f0, 0, 4;
T_54.8 ;
    %load/vec4 v0x57e147e5b450_0;
    %flag_set/vec4 8;
    %jmp/0xz  T_54.10, 8;
    %load/vec4 v0x57e147e57190_0;
    %load/vec4 v0x57e147e5be30_0;
    %parti/s 2, 0, 2;
    %pad/u 4;
    %ix/vec4 3;
    %ix/load 4, 0, 0; Constant delay
    %assign/vec4/a/d v0x57e147e5b8d0, 0, 4;
T_54.10 ;
    %load/vec4 v0x57e147e57550_0;
    %dup/vec4;
    %pushi/vec4 0, 0, 2;
    %cmp/u;
    %jmp/1 T_54.12, 6;
    %dup/vec4;
    %pushi/vec4 1, 0, 2;
    %cmp/u;
    %jmp/1 T_54.13, 6;
    %dup/vec4;
    %pushi/vec4 2, 0, 2;
    %cmp/u;
    %jmp/1 T_54.14, 6;
    %pushi/vec4 0, 0, 2;
    %assign/vec4 v0x57e147e57550_0, 0;
    %pushi/vec4 0, 0, 3;
    %assign/vec4 v0x57e147e57a90_0, 0;
    %jmp T_54.16;
T_54.12 ;
    %load/vec4 v0x57e147e599f0_0;
    %load/vec4 v0x57e147e570d0_0;
    %and;
    %load/vec4 v0x57e147e5be30_0;
    %pushi/vec4 171, 0, 8;
    %cmp/e;
    %flag_get/vec4 4;
    %and;
    %load/vec4 v0x57e147e57190_0;
    %pushi/vec4 3735928559, 0, 32;
    %cmp/e;
    %flag_get/vec4 4;
    %and;
    %flag_set/vec4 8;
    %jmp/0xz  T_54.17, 8;
    %pushi/vec4 1, 0, 2;
    %assign/vec4 v0x57e147e57550_0, 0;
    %pushi/vec4 0, 0, 3;
    %assign/vec4 v0x57e147e57a90_0, 0;
    %jmp T_54.18;
T_54.17 ;
    %pushi/vec4 0, 0, 2;
    %assign/vec4 v0x57e147e57550_0, 0;
T_54.18 ;
    %jmp T_54.16;
T_54.13 ;
    %pushi/vec4 2, 0, 2;
    %assign/vec4 v0x57e147e57550_0, 0;
    %pushi/vec4 0, 0, 3;
    %assign/vec4 v0x57e147e57a90_0, 0;
    %jmp T_54.16;
T_54.14 ;
    %load/vec4 v0x57e147e599f0_0;
    %load/vec4 v0x57e147e570d0_0;
    %nor/r;
    %and;
    %load/vec4 v0x57e147e5be30_0;
    %pushi/vec4 172, 0, 8;
    %cmp/e;
    %flag_get/vec4 4;
    %and;
    %flag_set/vec4 8;
    %jmp/0xz  T_54.19, 8;
    %load/vec4 v0x57e147e57a90_0;
    %cmpi/e 7, 0, 3;
    %jmp/0xz  T_54.21, 4;
    %pushi/vec4 0, 0, 2;
    %assign/vec4 v0x57e147e57550_0, 0;
    %pushi/vec4 0, 0, 3;
    %assign/vec4 v0x57e147e57a90_0, 0;
    %jmp T_54.22;
T_54.21 ;
    %load/vec4 v0x57e147e57a90_0;
    %addi 1, 0, 3;
    %assign/vec4 v0x57e147e57a90_0, 0;
    %pushi/vec4 2, 0, 2;
    %assign/vec4 v0x57e147e57550_0, 0;
T_54.22 ;
    %jmp T_54.20;
T_54.19 ;
    %pushi/vec4 2, 0, 2;
    %assign/vec4 v0x57e147e57550_0, 0;
T_54.20 ;
    %jmp T_54.16;
T_54.16 ;
    %pop/vec4 1;
T_54.1 ;
    %end;
    .scope S_0x57e147e178d0;
t_40 %join;
    %jmp T_54;
    .thread T_54;
    .scope S_0x57e147e178d0;
T_55 ;
    %wait E_0x57e147dab3b0;
    %fork t_43, S_0x57e147e93ab0;
    %jmp t_42;
    .scope S_0x57e147e93ab0;
t_43 ;
    %pushi/vec4 0, 0, 1;
    %store/vec4 v0x57e147e59570_0, 0, 1;
    %pushi/vec4 0, 0, 1;
    %store/vec4 v0x57e147e58750_0, 0, 1;
    %pushi/vec4 0, 0, 1;
    %store/vec4 v0x57e147e5afd0_0, 0, 1;
    %pushi/vec4 0, 0, 1;
    %store/vec4 v0x57e147e58bd0_0, 0, 1;
    %pushi/vec4 0, 0, 1;
    %store/vec4 v0x57e147e5b450_0, 0, 1;
    %pushi/vec4 0, 0, 32;
    %store/vec4 v0x57e147e579d0_0, 0, 32;
    %load/vec4 v0x57e147e57550_0;
    %pushi/vec4 2, 0, 2;
    %cmp/e;
    %flag_get/vec4 4;
    %load/vec4 v0x57e147e599f0_0;
    %and;
    %load/vec4 v0x57e147e570d0_0;
    %nor/r;
    %and;
    %load/vec4 v0x57e147e5be30_0;
    %pushi/vec4 172, 0, 8;
    %cmp/e;
    %flag_get/vec4 4;
    %and;
    %flag_set/vec4 8;
    %jmp/0xz  T_55.0, 8;
    %load/vec4 v0x57e147e57a90_0;
    %pad/u 5;
    %ix/vec4 4;
    %load/vec4a v0x57e147e590f0, 4;
    %store/vec4 v0x57e147e579d0_0, 0, 32;
    %jmp T_55.1;
T_55.0 ;
    %load/vec4 v0x57e147e599f0_0;
    %flag_set/vec4 8;
    %jmp/0xz  T_55.2, 8;
    %load/vec4 v0x57e147e570d0_0;
    %flag_set/vec4 8;
    %jmp/0xz  T_55.4, 8;
    %load/vec4 v0x57e147e5be30_0;
    %cmpi/e 8, 0, 8;
    %jmp/0xz  T_55.6, 4;
    %load/vec4 v0x57e147e57190_0;
    %parti/s 1, 0, 2;
    %store/vec4 v0x57e147e59570_0, 0, 1;
    %load/vec4 v0x57e147e57190_0;
    %parti/s 1, 1, 2;
    %store/vec4 v0x57e147e58750_0, 0, 1;
T_55.6 ;
    %load/vec4 v0x57e147e5be30_0;
    %cmpi/e 10, 0, 8;
    %jmp/0xz  T_55.8, 4;
    %pushi/vec4 1, 0, 1;
    %store/vec4 v0x57e147e5afd0_0, 0, 1;
T_55.8 ;
    %pushi/vec4 16, 0, 8;
    %load/vec4 v0x57e147e5be30_0;
    %cmp/u;
    %flag_get/vec4 4;
    %flag_get/vec4 5;
    %or;
    %load/vec4 v0x57e147e5be30_0;
    %cmpi/u 23, 0, 8;
    %flag_get/vec4 4;
    %flag_get/vec4 5;
    %or;
    %and;
    %flag_set/vec4 8;
    %jmp/0xz  T_55.10, 8;
    %pushi/vec4 1, 0, 1;
    %store/vec4 v0x57e147e58bd0_0, 0, 1;
T_55.10 ;
    %pushi/vec4 32, 0, 8;
    %load/vec4 v0x57e147e5be30_0;
    %cmp/u;
    %flag_get/vec4 4;
    %flag_get/vec4 5;
    %or;
    %load/vec4 v0x57e147e5be30_0;
    %cmpi/u 35, 0, 8;
    %flag_get/vec4 4;
    %flag_get/vec4 5;
    %or;
    %and;
    %flag_set/vec4 8;
    %jmp/0xz  T_55.12, 8;
    %pushi/vec4 1, 0, 1;
    %store/vec4 v0x57e147e5b450_0, 0, 1;
T_55.12 ;
    %jmp T_55.5;
T_55.4 ;
    %load/vec4 v0x57e147e5be30_0;
    %dup/vec4;
    %pushi/vec4 0, 0, 8;
    %cmp/u;
    %jmp/1 T_55.14, 6;
    %dup/vec4;
    %pushi/vec4 1, 0, 8;
    %cmp/u;
    %jmp/1 T_55.15, 6;
    %dup/vec4;
    %pushi/vec4 2, 0, 8;
    %cmp/u;
    %jmp/1 T_55.16, 6;
    %dup/vec4;
    %pushi/vec4 8, 0, 8;
    %cmp/u;
    %jmp/1 T_55.17, 6;
    %dup/vec4;
    %pushi/vec4 9, 0, 8;
    %cmp/u;
    %jmp/1 T_55.18, 6;
    %jmp T_55.20;
T_55.14 ;
    %pushi/vec4 1634038560, 0, 32;
    %store/vec4 v0x57e147e579d0_0, 0, 32;
    %jmp T_55.20;
T_55.15 ;
    %pushi/vec4 538976288, 0, 32;
    %store/vec4 v0x57e147e579d0_0, 0, 32;
    %jmp T_55.20;
T_55.16 ;
    %pushi/vec4 808334896, 0, 32;
    %store/vec4 v0x57e147e579d0_0, 0, 32;
    %jmp T_55.20;
T_55.17 ;
    %pushi/vec4 0, 0, 28;
    %load/vec4 v0x57e147e58c90_0;
    %concat/vec4; draw_concat_vec4
    %load/vec4 v0x57e147e594d0_0;
    %concat/vec4; draw_concat_vec4
    %load/vec4 v0x57e147e587f0_0;
    %concat/vec4; draw_concat_vec4
    %load/vec4 v0x57e147e59050_0;
    %concat/vec4; draw_concat_vec4
    %store/vec4 v0x57e147e579d0_0, 0, 32;
    %jmp T_55.20;
T_55.18 ;
    %pushi/vec4 0, 0, 30;
    %load/vec4 v0x57e147e57630_0;
    %concat/vec4; draw_concat_vec4
    %load/vec4 v0x57e147e583b0_0;
    %concat/vec4; draw_concat_vec4
    %store/vec4 v0x57e147e579d0_0, 0, 32;
    %jmp T_55.20;
T_55.20 ;
    %pop/vec4 1;
    %pushi/vec4 48, 0, 8;
    %load/vec4 v0x57e147e5be30_0;
    %cmp/u;
    %flag_get/vec4 4;
    %flag_get/vec4 5;
    %or;
    %load/vec4 v0x57e147e5be30_0;
    %cmpi/u 51, 0, 8;
    %flag_get/vec4 4;
    %flag_get/vec4 5;
    %or;
    %and;
    %flag_set/vec4 8;
    %jmp/0xz  T_55.21, 8;
    %load/vec4 v0x57e147e57ef0_0;
    %pushi/vec4 3, 0, 32;
    %load/vec4 v0x57e147e5be30_0;
    %pad/u 32;
    %subi 48, 0, 32;
    %sub;
    %muli 32, 0, 32;
    %part/u 32;
    %store/vec4 v0x57e147e579d0_0, 0, 32;
T_55.21 ;
T_55.5 ;
    %jmp T_55.3;
T_55.2 ;
    %pushi/vec4 0, 0, 32;
    %store/vec4 v0x57e147e579d0_0, 0, 32;
T_55.3 ;
T_55.1 ;
    %end;
    .scope S_0x57e147e178d0;
t_42 %join;
    %jmp T_55;
    .thread T_55, $push;
    .scope S_0x57e147e4af50;
T_56 ;
    %wait E_0x57e147e4ab70;
    %load/vec4 v0x57e147e075d0_0;
    %nor/r;
    %flag_set/vec4 8;
    %jmp/0xz  T_56.0, 8;
    %pushi/vec4 0, 0, 8;
    %assign/vec4 v0x57e147e174f0_0, 0;
    %pushi/vec4 0, 0, 1;
    %assign/vec4 v0x57e147de98f0_0, 0;
    %pushi/vec4 0, 0, 8;
    %assign/vec4 v0x57e147e41b70_0, 0;
    %pushi/vec4 0, 0, 1;
    %assign/vec4 v0x57e147e15180_0, 0;
    %jmp T_56.1;
T_56.0 ;
    %load/vec4 v0x57e147e175d0_0;
    %pushi/vec4 165, 0, 8;
    %cmp/e;
    %flag_get/vec4 4;
    %load/vec4 v0x57e147e174f0_0;
    %pushi/vec4 0, 0, 8;
    %cmp/e;
    %flag_get/vec4 4;
    %and;
    %flag_set/vec4 8;
    %jmp/0xz  T_56.2, 8;
    %pushi/vec4 1, 0, 1;
    %assign/vec4 v0x57e147de98f0_0, 0;
    %pushi/vec4 1, 0, 8;
    %assign/vec4 v0x57e147e174f0_0, 0;
    %load/vec4 v0x57e147de9810_0;
    %parti/s 8, 0, 2;
    %assign/vec4 v0x57e147e41b70_0, 0;
    %jmp T_56.3;
T_56.2 ;
    %load/vec4 v0x57e147de98f0_0;
    %load/vec4 v0x57e147e174f0_0;
    %cmpi/u 8, 0, 8;
    %flag_get/vec4 5;
    %and;
    %flag_set/vec4 8;
    %jmp/0xz  T_56.4, 8;
    %load/vec4 v0x57e147e41b70_0;
    %pushi/vec4 7, 0, 32;
    %load/vec4 v0x57e147e174f0_0;
    %pad/u 32;
    %sub;
    %addi 1, 0, 32;
    %part/u 1;
    %assign/vec4 v0x57e147e15180_0, 0;
    %load/vec4 v0x57e147e174f0_0;
    %addi 1, 0, 8;
    %assign/vec4 v0x57e147e174f0_0, 0;
    %jmp T_56.5;
T_56.4 ;
    %load/vec4 v0x57e147de98f0_0;
    %pushi/vec4 8, 0, 8;
    %load/vec4 v0x57e147e174f0_0;
    %cmp/u;
    %flag_get/vec4 4;
    %flag_get/vec4 5;
    %or;
    %and;
    %flag_set/vec4 8;
    %jmp/0xz  T_56.6, 8;
    %pushi/vec4 0, 0, 1;
    %assign/vec4 v0x57e147de98f0_0, 0;
    %pushi/vec4 0, 0, 8;
    %assign/vec4 v0x57e147e174f0_0, 0;
    %pushi/vec4 0, 0, 1;
    %assign/vec4 v0x57e147e15180_0, 0;
    %jmp T_56.7;
T_56.6 ;
    %pushi/vec4 0, 0, 1;
    %assign/vec4 v0x57e147e15180_0, 0;
T_56.7 ;
T_56.5 ;
T_56.3 ;
T_56.1 ;
    %jmp T_56;
    .thread T_56;
    .scope S_0x57e147e56c50;
T_57 ;
    %wait E_0x57e147e55ff0;
    %load/vec4 v0x57e147f30bd0_0;
    %store/vec4 v0x57e147f30cb0_0, 0, 3;
    %pushi/vec4 0, 0, 1;
    %store/vec4 v0x57e147f30d90_0, 0, 1;
    %load/vec4 v0x57e147f30f10_0;
    %store/vec4 v0x57e147f30e50_0, 0, 1;
    %pushi/vec4 0, 0, 1;
    %store/vec4 v0x57e147f30fd0_0, 0, 1;
    %load/vec4 v0x57e147f30f10_0;
    %nor/r;
    %flag_set/vec4 8;
    %jmp/0xz  T_57.0, 8;
    %load/vec4 v0x57e147f2e990_0;
    %parti/s 8, 0, 2;
    %pushi/vec4 165, 0, 8;
    %cmp/e;
    %flag_get/vec4 4;
    %load/vec4 v0x57e147f2f880_0;
    %and;
    %flag_set/vec4 8;
    %jmp/0xz  T_57.2, 8;
    %load/vec4 v0x57e147f30bd0_0;
    %cmpi/e 7, 0, 3;
    %jmp/0xz  T_57.4, 4;
    %pushi/vec4 0, 0, 3;
    %store/vec4 v0x57e147f30cb0_0, 0, 3;
    %pushi/vec4 1, 0, 1;
    %store/vec4 v0x57e147f30e50_0, 0, 1;
    %pushi/vec4 1, 0, 1;
    %store/vec4 v0x57e147f30fd0_0, 0, 1;
    %pushi/vec4 1, 0, 1;
    %store/vec4 v0x57e147f30d90_0, 0, 1;
    %jmp T_57.5;
T_57.4 ;
    %load/vec4 v0x57e147f30bd0_0;
    %addi 1, 0, 3;
    %store/vec4 v0x57e147f30cb0_0, 0, 3;
    %pushi/vec4 1, 0, 1;
    %store/vec4 v0x57e147f30d90_0, 0, 1;
T_57.5 ;
    %jmp T_57.3;
T_57.2 ;
    %load/vec4 v0x57e147f2f880_0;
    %flag_set/vec4 8;
    %jmp/0xz  T_57.6, 8;
    %pushi/vec4 0, 0, 3;
    %store/vec4 v0x57e147f30cb0_0, 0, 3;
    %pushi/vec4 1, 0, 1;
    %store/vec4 v0x57e147f30d90_0, 0, 1;
T_57.6 ;
T_57.3 ;
T_57.0 ;
    %jmp T_57;
    .thread T_57, $push;
    .scope S_0x57e147e56c50;
T_58 ;
    %wait E_0x57e147e55fb0;
    %fork t_45, S_0x57e147e162e0;
    %jmp t_44;
    .scope S_0x57e147e162e0;
t_45 ;
    %load/vec4 v0x57e147f2fc20_0;
    %nor/r;
    %flag_set/vec4 8;
    %jmp/0xz  T_58.0, 8;
    %pushi/vec4 0, 0, 32;
    %assign/vec4 v0x57e147f2eb50_0, 0;
    %pushi/vec4 0, 0, 32;
    %assign/vec4 v0x57e147f2ecf0_0, 0;
    %pushi/vec4 0, 0, 32;
    %assign/vec4 v0x57e147f2ee90_0, 0;
    %pushi/vec4 0, 0, 32;
    %assign/vec4 v0x57e147f2f030_0, 0;
    %pushi/vec4 0, 0, 2;
    %assign/vec4 v0x57e147f30650_0, 0;
    %pushi/vec4 0, 0, 4;
    %assign/vec4 v0x57e147f2ff60_0, 0;
    %pushi/vec4 1, 0, 1;
    %assign/vec4 v0x57e147f2faa0_0, 0;
    %pushi/vec4 0, 0, 2;
    %assign/vec4 v0x57e147f2f480_0, 0;
    %pushi/vec4 0, 0, 1;
    %assign/vec4 v0x57e147f30f10_0, 0;
    %pushi/vec4 0, 0, 3;
    %assign/vec4 v0x57e147f30bd0_0, 0;
    %pushi/vec4 0, 0, 128;
    %assign/vec4 v0x57e147f30af0_0, 0;
    %pushi/vec4 0, 0, 8;
    %assign/vec4 v0x57e147f30a10_0, 0;
    %jmp T_58.1;
T_58.0 ;
    %load/vec4 v0x57e147f2ec30_0;
    %flag_set/vec4 8;
    %jmp/0xz  T_58.2, 8;
    %load/vec4 v0x57e147f2ea70_0;
    %parti/s 32, 96, 8;
    %assign/vec4 v0x57e147f2eb50_0, 0;
T_58.2 ;
    %load/vec4 v0x57e147f2edd0_0;
    %flag_set/vec4 8;
    %jmp/0xz  T_58.4, 8;
    %load/vec4 v0x57e147f2ea70_0;
    %parti/s 32, 64, 8;
    %assign/vec4 v0x57e147f2ecf0_0, 0;
T_58.4 ;
    %load/vec4 v0x57e147f2ef70_0;
    %flag_set/vec4 8;
    %jmp/0xz  T_58.6, 8;
    %load/vec4 v0x57e147f2ea70_0;
    %parti/s 32, 32, 7;
    %assign/vec4 v0x57e147f2ee90_0, 0;
T_58.6 ;
    %load/vec4 v0x57e147f2f110_0;
    %flag_set/vec4 8;
    %jmp/0xz  T_58.8, 8;
    %load/vec4 v0x57e147f2ea70_0;
    %parti/s 32, 0, 2;
    %assign/vec4 v0x57e147f2f030_0, 0;
T_58.8 ;
    %load/vec4 v0x57e147f307f0_0;
    %flag_set/vec4 8;
    %jmp/0xz  T_58.10, 8;
    %load/vec4 v0x57e147f30570_0;
    %assign/vec4 v0x57e147f30650_0, 0;
T_58.10 ;
    %load/vec4 v0x57e147f30310_0;
    %flag_set/vec4 8;
    %jmp/0xz  T_58.12, 8;
    %load/vec4 v0x57e147f2fe80_0;
    %assign/vec4 v0x57e147f2ff60_0, 0;
T_58.12 ;
    %load/vec4 v0x57e147f2fb60_0;
    %flag_set/vec4 8;
    %jmp/0xz  T_58.14, 8;
    %load/vec4 v0x57e147f2f9e0_0;
    %assign/vec4 v0x57e147f2faa0_0, 0;
T_58.14 ;
    %load/vec4 v0x57e147f2f560_0;
    %flag_set/vec4 8;
    %jmp/0xz  T_58.16, 8;
    %load/vec4 v0x57e147f2f3a0_0;
    %assign/vec4 v0x57e147f2f480_0, 0;
T_58.16 ;
    %load/vec4 v0x57e147f30fd0_0;
    %flag_set/vec4 8;
    %jmp/0xz  T_58.18, 8;
    %load/vec4 v0x57e147f30e50_0;
    %assign/vec4 v0x57e147f30f10_0, 0;
T_58.18 ;
    %load/vec4 v0x57e147f30d90_0;
    %flag_set/vec4 8;
    %jmp/0xz  T_58.20, 8;
    %load/vec4 v0x57e147f30cb0_0;
    %assign/vec4 v0x57e147f30bd0_0, 0;
T_58.20 ;
    %load/vec4 v0x57e147f30fd0_0;
    %flag_set/vec4 8;
    %jmp/0xz  T_58.22, 8;
    %load/vec4 v0x57e147f303d0_0;
    %assign/vec4 v0x57e147f30af0_0, 0;
T_58.22 ;
    %load/vec4 v0x57e147f30fd0_0;
    %flag_set/vec4 8;
    %jmp/0xz  T_58.24, 8;
    %pushi/vec4 0, 0, 8;
    %assign/vec4 v0x57e147f30a10_0, 0;
    %jmp T_58.25;
T_58.24 ;
    %load/vec4 v0x57e147f30f10_0;
    %load/vec4 v0x57e147f2faa0_0;
    %and;
    %load/vec4 v0x57e147f30a10_0;
    %cmpi/u 127, 0, 8;
    %flag_get/vec4 5;
    %and;
    %flag_set/vec4 8;
    %jmp/0xz  T_58.26, 8;
    %load/vec4 v0x57e147f30a10_0;
    %addi 1, 0, 8;
    %assign/vec4 v0x57e147f30a10_0, 0;
T_58.26 ;
T_58.25 ;
T_58.1 ;
    %end;
    .scope S_0x57e147e56c50;
t_44 %join;
    %jmp T_58;
    .thread T_58;
    .scope S_0x57e147e56c50;
T_59 ;
    %wait E_0x57e147e55ed0;
    %fork t_47, S_0x57e147daa5e0;
    %jmp t_46;
    .scope S_0x57e147daa5e0;
t_47 ;
    %pushi/vec4 0, 0, 128;
    %store/vec4 v0x57e147f2e130_0, 0, 128;
    %pushi/vec4 0, 0, 128;
    %store/vec4 v0x57e147f2e090_0, 0, 128;
    %pushi/vec4 0, 0, 128;
    %store/vec4 v0x57e147daa8d0_0, 0, 128;
    %pushi/vec4 0, 0, 128;
    %store/vec4 v0x57e147f2ea70_0, 0, 128;
    %pushi/vec4 0, 0, 32;
    %store/vec4 v0x57e147f308b0_0, 0, 32;
    %pushi/vec4 0, 0, 1;
    %store/vec4 v0x57e147f2ec30_0, 0, 1;
    %pushi/vec4 0, 0, 1;
    %store/vec4 v0x57e147f2edd0_0, 0, 1;
    %pushi/vec4 0, 0, 1;
    %store/vec4 v0x57e147f2ef70_0, 0, 1;
    %pushi/vec4 0, 0, 1;
    %store/vec4 v0x57e147f2f110_0, 0, 1;
    %load/vec4 v0x57e147f2eb50_0;
    %load/vec4 v0x57e147f2ecf0_0;
    %concat/vec4; draw_concat_vec4
    %load/vec4 v0x57e147f2ee90_0;
    %concat/vec4; draw_concat_vec4
    %load/vec4 v0x57e147f2f030_0;
    %concat/vec4; draw_concat_vec4
    %store/vec4 v0x57e147f2e1d0_0, 0, 128;
    %load/vec4 v0x57e147f31090_0;
    %dup/vec4;
    %pushi/vec4 1, 0, 3;
    %cmp/u;
    %jmp/1 T_59.0, 6;
    %dup/vec4;
    %pushi/vec4 2, 0, 3;
    %cmp/u;
    %jmp/1 T_59.1, 6;
    %dup/vec4;
    %pushi/vec4 3, 0, 3;
    %cmp/u;
    %jmp/1 T_59.2, 6;
    %dup/vec4;
    %pushi/vec4 4, 0, 3;
    %cmp/u;
    %jmp/1 T_59.3, 6;
    %jmp T_59.5;
T_59.0 ;
    %load/vec4 v0x57e147f2e990_0;
    %store/vec4 v0x57e147f2e1d0_0, 0, 128;
    %alloc S_0x57e147e555d0;
    %load/vec4 v0x57e147f2e1d0_0;
    %load/vec4 v0x57e147f303d0_0;
    %store/vec4 v0x57e147e55210_0, 0, 128;
    %store/vec4 v0x57e147e55150_0, 0, 128;
    %callf/vec4 TD_tb_aes_decipher_block.U.addroundkey, S_0x57e147e555d0;
    %free S_0x57e147e555d0;
    %store/vec4 v0x57e147daa8d0_0, 0, 128;
    %alloc S_0x57e147e14f30;
    %load/vec4 v0x57e147daa8d0_0;
    %store/vec4 v0x57e147e14ce0_0, 0, 128;
    %callf/vec4 TD_tb_aes_decipher_block.U.inv_shiftrows, S_0x57e147e14f30;
    %free S_0x57e147e14f30;
    %store/vec4 v0x57e147f2e130_0, 0, 128;
    %load/vec4 v0x57e147f2e130_0;
    %store/vec4 v0x57e147f2ea70_0, 0, 128;
    %pushi/vec4 1, 0, 1;
    %store/vec4 v0x57e147f2ec30_0, 0, 1;
    %pushi/vec4 1, 0, 1;
    %store/vec4 v0x57e147f2edd0_0, 0, 1;
    %pushi/vec4 1, 0, 1;
    %store/vec4 v0x57e147f2ef70_0, 0, 1;
    %pushi/vec4 1, 0, 1;
    %store/vec4 v0x57e147f2f110_0, 0, 1;
    %jmp T_59.5;
T_59.1 ;
    %load/vec4 v0x57e147f2f7c0_0;
    %load/vec4 v0x57e147f2f7c0_0;
    %concat/vec4; draw_concat_vec4
    %load/vec4 v0x57e147f2f7c0_0;
    %concat/vec4; draw_concat_vec4
    %load/vec4 v0x57e147f2f7c0_0;
    %concat/vec4; draw_concat_vec4
    %store/vec4 v0x57e147f2ea70_0, 0, 128;
    %load/vec4 v0x57e147f30650_0;
    %dup/vec4;
    %pushi/vec4 0, 0, 2;
    %cmp/u;
    %jmp/1 T_59.6, 6;
    %dup/vec4;
    %pushi/vec4 1, 0, 2;
    %cmp/u;
    %jmp/1 T_59.7, 6;
    %dup/vec4;
    %pushi/vec4 2, 0, 2;
    %cmp/u;
    %jmp/1 T_59.8, 6;
    %dup/vec4;
    %pushi/vec4 3, 0, 2;
    %cmp/u;
    %jmp/1 T_59.9, 6;
    %jmp T_59.10;
T_59.6 ;
    %load/vec4 v0x57e147f2eb50_0;
    %store/vec4 v0x57e147f308b0_0, 0, 32;
    %pushi/vec4 1, 0, 1;
    %store/vec4 v0x57e147f2ec30_0, 0, 1;
    %jmp T_59.10;
T_59.7 ;
    %load/vec4 v0x57e147f2ecf0_0;
    %store/vec4 v0x57e147f308b0_0, 0, 32;
    %pushi/vec4 1, 0, 1;
    %store/vec4 v0x57e147f2edd0_0, 0, 1;
    %jmp T_59.10;
T_59.8 ;
    %load/vec4 v0x57e147f2ee90_0;
    %store/vec4 v0x57e147f308b0_0, 0, 32;
    %pushi/vec4 1, 0, 1;
    %store/vec4 v0x57e147f2ef70_0, 0, 1;
    %jmp T_59.10;
T_59.9 ;
    %load/vec4 v0x57e147f2f030_0;
    %store/vec4 v0x57e147f308b0_0, 0, 32;
    %pushi/vec4 1, 0, 1;
    %store/vec4 v0x57e147f2f110_0, 0, 1;
    %jmp T_59.10;
T_59.10 ;
    %pop/vec4 1;
    %jmp T_59.5;
T_59.2 ;
    %alloc S_0x57e147e555d0;
    %load/vec4 v0x57e147f2e1d0_0;
    %load/vec4 v0x57e147f303d0_0;
    %store/vec4 v0x57e147e55210_0, 0, 128;
    %store/vec4 v0x57e147e55150_0, 0, 128;
    %callf/vec4 TD_tb_aes_decipher_block.U.addroundkey, S_0x57e147e555d0;
    %free S_0x57e147e555d0;
    %store/vec4 v0x57e147daa8d0_0, 0, 128;
    %alloc S_0x57e147e4ee50;
    %load/vec4 v0x57e147daa8d0_0;
    %store/vec4 v0x57e147e4f3b0_0, 0, 128;
    %callf/vec4 TD_tb_aes_decipher_block.U.inv_mixcolumns, S_0x57e147e4ee50;
    %free S_0x57e147e4ee50;
    %store/vec4 v0x57e147f2e090_0, 0, 128;
    %alloc S_0x57e147e14f30;
    %load/vec4 v0x57e147f2e090_0;
    %store/vec4 v0x57e147e14ce0_0, 0, 128;
    %callf/vec4 TD_tb_aes_decipher_block.U.inv_shiftrows, S_0x57e147e14f30;
    %free S_0x57e147e14f30;
    %store/vec4 v0x57e147f2e130_0, 0, 128;
    %load/vec4 v0x57e147f2e130_0;
    %store/vec4 v0x57e147f2ea70_0, 0, 128;
    %pushi/vec4 1, 0, 1;
    %store/vec4 v0x57e147f2ec30_0, 0, 1;
    %pushi/vec4 1, 0, 1;
    %store/vec4 v0x57e147f2edd0_0, 0, 1;
    %pushi/vec4 1, 0, 1;
    %store/vec4 v0x57e147f2ef70_0, 0, 1;
    %pushi/vec4 1, 0, 1;
    %store/vec4 v0x57e147f2f110_0, 0, 1;
    %jmp T_59.5;
T_59.3 ;
    %alloc S_0x57e147e555d0;
    %load/vec4 v0x57e147f2e1d0_0;
    %load/vec4 v0x57e147f303d0_0;
    %store/vec4 v0x57e147e55210_0, 0, 128;
    %store/vec4 v0x57e147e55150_0, 0, 128;
    %callf/vec4 TD_tb_aes_decipher_block.U.addroundkey, S_0x57e147e555d0;
    %free S_0x57e147e555d0;
    %store/vec4 v0x57e147f2ea70_0, 0, 128;
    %pushi/vec4 1, 0, 1;
    %store/vec4 v0x57e147f2ec30_0, 0, 1;
    %pushi/vec4 1, 0, 1;
    %store/vec4 v0x57e147f2edd0_0, 0, 1;
    %pushi/vec4 1, 0, 1;
    %store/vec4 v0x57e147f2ef70_0, 0, 1;
    %pushi/vec4 1, 0, 1;
    %store/vec4 v0x57e147f2f110_0, 0, 1;
    %jmp T_59.5;
T_59.5 ;
    %pop/vec4 1;
    %end;
    .scope S_0x57e147e56c50;
t_46 %join;
    %jmp T_59;
    .thread T_59, $push;
    .scope S_0x57e147e56c50;
T_60 ;
    %wait E_0x57e147e568f0;
    %fork t_49, S_0x57e147f2e270;
    %jmp t_48;
    .scope S_0x57e147f2e270;
t_49 ;
    %pushi/vec4 0, 0, 2;
    %store/vec4 v0x57e147f30570_0, 0, 2;
    %pushi/vec4 0, 0, 1;
    %store/vec4 v0x57e147f307f0_0, 0, 1;
    %load/vec4 v0x57e147f30730_0;
    %flag_set/vec4 8;
    %jmp/0xz  T_60.0, 8;
    %pushi/vec4 0, 0, 2;
    %store/vec4 v0x57e147f30570_0, 0, 2;
    %pushi/vec4 1, 0, 1;
    %store/vec4 v0x57e147f307f0_0, 0, 1;
    %jmp T_60.1;
T_60.0 ;
    %load/vec4 v0x57e147f304b0_0;
    %flag_set/vec4 8;
    %jmp/0xz  T_60.2, 8;
    %load/vec4 v0x57e147f30650_0;
    %addi 1, 0, 2;
    %store/vec4 v0x57e147f30570_0, 0, 2;
    %pushi/vec4 1, 0, 1;
    %store/vec4 v0x57e147f307f0_0, 0, 1;
T_60.2 ;
T_60.1 ;
    %end;
    .scope S_0x57e147e56c50;
t_48 %join;
    %jmp T_60;
    .thread T_60, $push;
    .scope S_0x57e147e56c50;
T_61 ;
    %wait E_0x57e147e564a0;
    %fork t_51, S_0x57e147e16090;
    %jmp t_50;
    .scope S_0x57e147e16090;
t_51 ;
    %pushi/vec4 0, 0, 4;
    %store/vec4 v0x57e147f2fe80_0, 0, 4;
    %pushi/vec4 0, 0, 1;
    %store/vec4 v0x57e147f30310_0, 0, 1;
    %load/vec4 v0x57e147f30250_0;
    %flag_set/vec4 8;
    %jmp/0xz  T_61.0, 8;
    %load/vec4 v0x57e147f2f620_0;
    %cmpi/e 1, 0, 1;
    %jmp/0xz  T_61.2, 4;
    %pushi/vec4 14, 0, 4;
    %store/vec4 v0x57e147f2fe80_0, 0, 4;
    %jmp T_61.3;
T_61.2 ;
    %pushi/vec4 10, 0, 4;
    %store/vec4 v0x57e147f2fe80_0, 0, 4;
T_61.3 ;
    %pushi/vec4 1, 0, 1;
    %store/vec4 v0x57e147f30310_0, 0, 1;
    %jmp T_61.1;
T_61.0 ;
    %load/vec4 v0x57e147f2fdc0_0;
    %flag_set/vec4 8;
    %jmp/0xz  T_61.4, 8;
    %load/vec4 v0x57e147f2ff60_0;
    %subi 1, 0, 4;
    %store/vec4 v0x57e147f2fe80_0, 0, 4;
    %pushi/vec4 1, 0, 1;
    %store/vec4 v0x57e147f30310_0, 0, 1;
T_61.4 ;
T_61.1 ;
    %end;
    .scope S_0x57e147e56c50;
t_50 %join;
    %jmp T_61;
    .thread T_61, $push;
    .scope S_0x57e147e56c50;
T_62 ;
    %wait E_0x57e147e59630;
    %fork t_53, S_0x57e147e54cd0;
    %jmp t_52;
    .scope S_0x57e147e54cd0;
t_53 ;
    %pushi/vec4 0, 0, 1;
    %store/vec4 v0x57e147f304b0_0, 0, 1;
    %pushi/vec4 0, 0, 1;
    %store/vec4 v0x57e147f30730_0, 0, 1;
    %pushi/vec4 0, 0, 1;
    %store/vec4 v0x57e147f2fdc0_0, 0, 1;
    %pushi/vec4 0, 0, 1;
    %store/vec4 v0x57e147f30250_0, 0, 1;
    %pushi/vec4 0, 0, 1;
    %store/vec4 v0x57e147f2f9e0_0, 0, 1;
    %pushi/vec4 0, 0, 1;
    %store/vec4 v0x57e147f2fb60_0, 0, 1;
    %pushi/vec4 0, 0, 3;
    %store/vec4 v0x57e147f31090_0, 0, 3;
    %pushi/vec4 0, 0, 2;
    %store/vec4 v0x57e147f2f3a0_0, 0, 2;
    %pushi/vec4 0, 0, 1;
    %store/vec4 v0x57e147f2f560_0, 0, 1;
    %load/vec4 v0x57e147f2f480_0;
    %dup/vec4;
    %pushi/vec4 0, 0, 2;
    %cmp/u;
    %jmp/1 T_62.0, 6;
    %dup/vec4;
    %pushi/vec4 1, 0, 2;
    %cmp/u;
    %jmp/1 T_62.1, 6;
    %dup/vec4;
    %pushi/vec4 2, 0, 2;
    %cmp/u;
    %jmp/1 T_62.2, 6;
    %dup/vec4;
    %pushi/vec4 3, 0, 2;
    %cmp/u;
    %jmp/1 T_62.3, 6;
    %jmp T_62.5;
T_62.0 ;
    %load/vec4 v0x57e147f2f880_0;
    %flag_set/vec4 8;
    %jmp/0xz  T_62.6, 8;
    %pushi/vec4 1, 0, 1;
    %store/vec4 v0x57e147f30250_0, 0, 1;
    %pushi/vec4 0, 0, 1;
    %store/vec4 v0x57e147f2f9e0_0, 0, 1;
    %pushi/vec4 1, 0, 1;
    %store/vec4 v0x57e147f2fb60_0, 0, 1;
    %pushi/vec4 1, 0, 2;
    %store/vec4 v0x57e147f2f3a0_0, 0, 2;
    %pushi/vec4 1, 0, 1;
    %store/vec4 v0x57e147f2f560_0, 0, 1;
T_62.6 ;
    %jmp T_62.5;
T_62.1 ;
    %pushi/vec4 1, 0, 1;
    %store/vec4 v0x57e147f30730_0, 0, 1;
    %pushi/vec4 1, 0, 3;
    %store/vec4 v0x57e147f31090_0, 0, 3;
    %pushi/vec4 2, 0, 2;
    %store/vec4 v0x57e147f2f3a0_0, 0, 2;
    %pushi/vec4 1, 0, 1;
    %store/vec4 v0x57e147f2f560_0, 0, 1;
    %jmp T_62.5;
T_62.2 ;
    %pushi/vec4 1, 0, 1;
    %store/vec4 v0x57e147f304b0_0, 0, 1;
    %pushi/vec4 2, 0, 3;
    %store/vec4 v0x57e147f31090_0, 0, 3;
    %load/vec4 v0x57e147f30650_0;
    %cmpi/e 3, 0, 2;
    %jmp/0xz  T_62.8, 4;
    %pushi/vec4 1, 0, 1;
    %store/vec4 v0x57e147f2fdc0_0, 0, 1;
    %pushi/vec4 3, 0, 2;
    %store/vec4 v0x57e147f2f3a0_0, 0, 2;
    %pushi/vec4 1, 0, 1;
    %store/vec4 v0x57e147f2f560_0, 0, 1;
T_62.8 ;
    %jmp T_62.5;
T_62.3 ;
    %pushi/vec4 1, 0, 1;
    %store/vec4 v0x57e147f30730_0, 0, 1;
    %load/vec4 v0x57e147f2ff60_0;
    %pad/u 32;
    %cmpi/u 0, 0, 32;
    %flag_or 5, 4; GT is !LE
    %flag_inv 5;
    %jmp/0xz  T_62.10, 5;
    %pushi/vec4 3, 0, 3;
    %store/vec4 v0x57e147f31090_0, 0, 3;
    %pushi/vec4 2, 0, 2;
    %store/vec4 v0x57e147f2f3a0_0, 0, 2;
    %pushi/vec4 1, 0, 1;
    %store/vec4 v0x57e147f2f560_0, 0, 1;
    %jmp T_62.11;
T_62.10 ;
    %pushi/vec4 4, 0, 3;
    %store/vec4 v0x57e147f31090_0, 0, 3;
    %pushi/vec4 1, 0, 1;
    %store/vec4 v0x57e147f2f9e0_0, 0, 1;
    %pushi/vec4 1, 0, 1;
    %store/vec4 v0x57e147f2fb60_0, 0, 1;
    %pushi/vec4 0, 0, 2;
    %store/vec4 v0x57e147f2f3a0_0, 0, 2;
    %pushi/vec4 1, 0, 1;
    %store/vec4 v0x57e147f2f560_0, 0, 1;
T_62.11 ;
    %jmp T_62.5;
T_62.5 ;
    %pop/vec4 1;
    %end;
    .scope S_0x57e147e56c50;
t_52 %join;
    %jmp T_62;
    .thread T_62, $push;
    .scope S_0x57e147e1e500;
T_63 ;
    %pushi/vec4 0, 0, 1;
    %store/vec4 v0x57e147f31420_0, 0, 1;
    %end;
    .thread T_63;
    .scope S_0x57e147e1e500;
T_64 ;
    %delay 5000, 0;
    %load/vec4 v0x57e147f31420_0;
    %inv;
    %store/vec4 v0x57e147f31420_0, 0, 1;
    %jmp T_64;
    .thread T_64;
    .scope S_0x57e147e1e500;
T_65 ;
    %wait E_0x57e147db08f0;
    %load/vec4 v0x57e147f31b40_0;
    %flag_set/vec4 8;
    %jmp/0xz  T_65.0, 8;
    %vpi_call 9 56 "$display", "%0t: DECIPHER TROJAN_LEAK asserted", $time {0 0 0};
T_65.0 ;
    %load/vec4 v0x57e147f31800_0;
    %flag_set/vec4 8;
    %jmp/0xz  T_65.2, 8;
    %vpi_call 9 58 "$display", "%0t: DECIPHER ready", $time {0 0 0};
T_65.2 ;
    %jmp T_65;
    .thread T_65;
    .scope S_0x57e147e1e500;
T_66 ;
    %vpi_call 9 65 "$display", "=== tb_aes_decipher_block: start ===" {0 0 0};
    %pushi/vec4 0, 0, 1;
    %store/vec4 v0x57e147f318d0_0, 0, 1;
    %pushi/vec4 0, 0, 1;
    %store/vec4 v0x57e147f31730_0, 0, 1;
    %pushi/vec4 0, 0, 1;
    %store/vec4 v0x57e147f315c0_0, 0, 1;
    %pushi/vec4 0, 0, 128;
    %store/vec4 v0x57e147f31a70_0, 0, 128;
    %pushi/vec4 0, 0, 128;
    %store/vec4 v0x57e147f31310_0, 0, 128;
    %delay 100000, 0;
    %pushi/vec4 1, 0, 1;
    %store/vec4 v0x57e147f318d0_0, 0, 1;
    %delay 20000, 0;
    %pushi/vec4 4049018004, 0, 36;
    %concati/vec4 4215081761, 0, 33;
    %concati/vec4 2532686549, 0, 32;
    %concati/vec4 125790104, 0, 27;
    %store/vec4 v0x57e147f31a70_0, 0, 128;
    %pushi/vec4 2299632162, 0, 43;
    %concati/vec4 2872294468, 0, 32;
    %concati/vec4 3444956774, 0, 32;
    %concati/vec4 1961727, 0, 21;
    %store/vec4 v0x57e147f31310_0, 0, 128;
    %pushi/vec4 3, 0, 32;
T_66.0 %dup/vec4;
    %pushi/vec4 0, 0, 32;
    %cmp/s;
    %jmp/1xz T_66.1, 5;
    %jmp/1 T_66.1, 4;
    %pushi/vec4 1, 0, 32;
    %sub;
    %wait E_0x57e147db08f0;
    %pushi/vec4 1, 0, 1;
    %store/vec4 v0x57e147f31730_0, 0, 1;
    %wait E_0x57e147db08f0;
    %pushi/vec4 0, 0, 1;
    %store/vec4 v0x57e147f31730_0, 0, 1;
    %jmp T_66.0;
T_66.1 ;
    %pop/vec4 1;
    %vpi_call 9 93 "$display", "== DECIPHER Trojan test: 8x trigger-like activations ==" {0 0 0};
    %pushi/vec4 0, 0, 32;
    %store/vec4 v0x57e147f314f0_0, 0, 32;
T_66.2 ;
    %load/vec4 v0x57e147f314f0_0;
    %cmpi/s 8, 0, 32;
    %jmp/0xz T_66.3, 5;
    %wait E_0x57e147db08f0;
    %pushi/vec4 165, 0, 8;
    %ix/load 4, 0, 0;
    %flag_set/imm 4, 0;
    %store/vec4 v0x57e147f31310_0, 4, 8;
    %wait E_0x57e147db08f0;
    %pushi/vec4 1, 0, 1;
    %store/vec4 v0x57e147f31730_0, 0, 1;
    %wait E_0x57e147db08f0;
    %pushi/vec4 0, 0, 1;
    %store/vec4 v0x57e147f31730_0, 0, 1;
    %load/vec4 v0x57e147f314f0_0;
    %addi 1, 0, 32;
    %store/vec4 v0x57e147f314f0_0, 0, 32;
    %jmp T_66.2;
T_66.3 ;
    %pushi/vec4 200, 0, 32;
T_66.4 %dup/vec4;
    %pushi/vec4 0, 0, 32;
    %cmp/s;
    %jmp/1xz T_66.5, 5;
    %jmp/1 T_66.5, 4;
    %pushi/vec4 1, 0, 32;
    %sub;
    %wait E_0x57e147db08f0;
    %jmp T_66.4;
T_66.5 ;
    %pop/vec4 1;
    %vpi_call 9 104 "$display", "=== tb_aes_decipher_block: finish ===" {0 0 0};
    %delay 50000, 0;
    %vpi_call 9 106 "$finish" {0 0 0};
    %end;
    .thread T_66;
# The file index is used to find the file name in the following table.
:file_names 10;
    "N/A";
    "<interactive>";
    "/content/GHOST/AES_1/gpt-4.1/aes.v";
    "/content/GHOST/AES_1/gpt-4.1/aes_core.v";
    "/content/GHOST/AES_1/gpt-4.1/aes_decipher_block.v";
    "/content/GHOST/AES_1/gpt-4.1/aes_inv_sbox.v";
    "/content/GHOST/AES_1/gpt-4.1/aes_encipher_block.v";
    "/content/GHOST/AES_1/gpt-4.1/aes_key_mem.v";
    "/content/GHOST/AES_1/gpt-4.1/aes_sbox.v";
    "/content/GHOST/AES_1/tb/tb_aes_decipher_block.v";
