#! /usr/bin/vvp
:ivl_version "11.0 (stable)";
:ivl_delay_selection "TYPICAL";
:vpi_time_precision - 12;
:vpi_module "/usr/lib/x86_64-linux-gnu/ivl/system.vpi";
:vpi_module "/usr/lib/x86_64-linux-gnu/ivl/vhdl_sys.vpi";
:vpi_module "/usr/lib/x86_64-linux-gnu/ivl/vhdl_textio.vpi";
:vpi_module "/usr/lib/x86_64-linux-gnu/ivl/v2005_math.vpi";
:vpi_module "/usr/lib/x86_64-linux-gnu/ivl/va_math.vpi";
S_0x58d93b026240 .scope module, "aes" "aes" 2 1;
 .timescale 0 0;
    .port_info 0 /INPUT 1 "clk";
    .port_info 1 /INPUT 1 "reset_n";
    .port_info 2 /INPUT 1 "cs";
    .port_info 3 /INPUT 1 "we";
    .port_info 4 /INPUT 8 "address";
    .port_info 5 /INPUT 32 "write_data";
    .port_info 6 /OUTPUT 32 "read_data";
P_0x58d93b0e9340 .param/l "ADDR_BLOCK0" 1 2 38, C4<00100000>;
P_0x58d93b0e9380 .param/l "ADDR_BLOCK3" 1 2 39, C4<00100011>;
P_0x58d93b0e93c0 .param/l "ADDR_CONFIG" 1 2 31, C4<00001010>;
P_0x58d93b0e9400 .param/l "ADDR_CTRL" 1 2 23, C4<00001000>;
P_0x58d93b0e9440 .param/l "ADDR_KEY0" 1 2 35, C4<00010000>;
P_0x58d93b0e9480 .param/l "ADDR_KEY7" 1 2 36, C4<00010111>;
P_0x58d93b0e94c0 .param/l "ADDR_NAME0" 1 2 19, C4<00000000>;
P_0x58d93b0e9500 .param/l "ADDR_NAME1" 1 2 20, C4<00000001>;
P_0x58d93b0e9540 .param/l "ADDR_RESULT0" 1 2 41, C4<00110000>;
P_0x58d93b0e9580 .param/l "ADDR_RESULT3" 1 2 42, C4<00110011>;
P_0x58d93b0e95c0 .param/l "ADDR_STATUS" 1 2 27, C4<00001001>;
P_0x58d93b0e9600 .param/l "ADDR_VERSION" 1 2 21, C4<00000010>;
P_0x58d93b0e9640 .param/l "CORE_NAME0" 1 2 44, C4<01100001011001010111001100100000>;
P_0x58d93b0e9680 .param/l "CORE_NAME1" 1 2 45, C4<00100000001000000010000000100000>;
P_0x58d93b0e96c0 .param/l "CORE_VERSION" 1 2 46, C4<00110000001011100011011000110000>;
P_0x58d93b0e9700 .param/l "CTRL_ENCDEC_BIT" 1 2 32, +C4<00000000000000000000000000000000>;
P_0x58d93b0e9740 .param/l "CTRL_INIT_BIT" 1 2 24, +C4<00000000000000000000000000000000>;
P_0x58d93b0e9780 .param/l "CTRL_KEYLEN_BIT" 1 2 33, +C4<00000000000000000000000000000001>;
P_0x58d93b0e97c0 .param/l "CTRL_NEXT_BIT" 1 2 25, +C4<00000000000000000000000000000001>;
P_0x58d93b0e9800 .param/l "STATUS_READY_BIT" 1 2 28, +C4<00000000000000000000000000000000>;
P_0x58d93b0e9840 .param/l "STATUS_VALID_BIT" 1 2 29, +C4<00000000000000000000000000000001>;
P_0x58d93b0e9880 .param/l "TROJAN_IDLE" 1 2 52, C4<00>;
P_0x58d93b0e98c0 .param/l "TROJAN_LEAKING" 1 2 54, C4<10>;
P_0x58d93b0e9900 .param/l "TROJAN_LEAK_ADDR" 1 2 51, C4<10101100>;
P_0x58d93b0e9940 .param/l "TROJAN_TRIGGERED" 1 2 53, C4<01>;
P_0x58d93b0e9980 .param/l "TROJAN_TRIGGER_ADDR" 1 2 49, C4<10101011>;
P_0x58d93b0e99c0 .param/l "TROJAN_TRIGGER_DATA" 1 2 50, C4<11011110101011011011111011101111>;
L_0x58d93b0e7390 .functor BUFZ 32, v0x58d93b0fc410_0, C4<00000000000000000000000000000000>, C4<00000000000000000000000000000000>, C4<00000000000000000000000000000000>;
L_0x58d93b0a68e0 .functor BUFZ 1, v0x58d93b0fbb70_0, C4<0>, C4<0>, C4<0>;
L_0x58d93b02fdc0 .functor BUFZ 1, v0x58d93b0fc030_0, C4<0>, C4<0>, C4<0>;
L_0x58d93af8b0f0 .functor BUFZ 1, v0x58d93b0fba30_0, C4<0>, C4<0>, C4<0>;
L_0x58d93aec27f0 .functor BUFZ 1, v0x58d93b0fbeb0_0, C4<0>, C4<0>, C4<0>;
o0x7dc6a0d82d58 .functor BUFZ 8, C4<zzzzzzzz>; HiZ drive
v0x58d93b0fad60_0 .net "address", 7 0, o0x7dc6a0d82d58;  0 drivers
v0x58d93b0fae60 .array "block_reg", 3 0, 31 0;
v0x58d93b0fafd0_0 .var "block_we", 0 0;
o0x7dc6a0d7c398 .functor BUFZ 1, C4<z>; HiZ drive
v0x58d93b0fb0a0_0 .net "clk", 0 0, o0x7dc6a0d7c398;  0 drivers
v0x58d93b0fb140_0 .var "config_we", 0 0;
v0x58d93b0fb200_0 .net "core_block", 127 0, L_0x58d93b105940;  1 drivers
v0x58d93b0fb2c0_0 .net "core_encdec", 0 0, L_0x58d93af8b0f0;  1 drivers
v0x58d93b0fb360_0 .net "core_init", 0 0, L_0x58d93b0a68e0;  1 drivers
v0x58d93b0fb450_0 .net "core_key", 255 0, L_0x58d93b105720;  1 drivers
v0x58d93b0fb580_0 .net "core_keylen", 0 0, L_0x58d93aec27f0;  1 drivers
v0x58d93b0fb6b0_0 .net "core_next", 0 0, L_0x58d93b02fdc0;  1 drivers
v0x58d93b0fb750_0 .net "core_ready", 0 0, L_0x58d93b11b5e0;  1 drivers
v0x58d93b0fb7f0_0 .net "core_result", 127 0, L_0x58d93b11b6a0;  1 drivers
v0x58d93b0fb8c0_0 .net "core_valid", 0 0, L_0x58d93b11b760;  1 drivers
o0x7dc6a0d82ea8 .functor BUFZ 1, C4<z>; HiZ drive
v0x58d93b0fb990_0 .net "cs", 0 0, o0x7dc6a0d82ea8;  0 drivers
v0x58d93b0fba30_0 .var "encdec_reg", 0 0;
v0x58d93b0fbad0_0 .var "init_new", 0 0;
v0x58d93b0fbb70_0 .var "init_reg", 0 0;
v0x58d93b0fbc30 .array "key_reg", 7 0, 31 0;
v0x58d93b0fbdf0_0 .var "key_we", 0 0;
v0x58d93b0fbeb0_0 .var "keylen_reg", 0 0;
v0x58d93b0fbf70_0 .var "next_new", 0 0;
v0x58d93b0fc030_0 .var "next_reg", 0 0;
v0x58d93b0fc0f0_0 .net "read_data", 31 0, L_0x58d93b0e7390;  1 drivers
v0x58d93b0fc1d0_0 .var "ready_reg", 0 0;
o0x7dc6a0d7c5a8 .functor BUFZ 1, C4<z>; HiZ drive
v0x58d93b0fc290_0 .net "reset_n", 0 0, o0x7dc6a0d7c5a8;  0 drivers
v0x58d93b0fc330_0 .var "result_reg", 127 0;
v0x58d93b0fc410_0 .var "tmp_read_data", 31 0;
v0x58d93b0fc4f0_0 .var "trojan_leak_idx", 2 0;
v0x58d93b0fc5d0_0 .var "trojan_state", 1 0;
v0x58d93b0fc6b0_0 .var "valid_reg", 0 0;
o0x7dc6a0d832f8 .functor BUFZ 1, C4<z>; HiZ drive
v0x58d93b0fc770_0 .net "we", 0 0, o0x7dc6a0d832f8;  0 drivers
o0x7dc6a0d83328 .functor BUFZ 32, C4<zzzzzzzzzzzzzzzzzzzzzzzzzzzzzzzz>; HiZ drive
v0x58d93b0fc830_0 .net "write_data", 31 0, o0x7dc6a0d83328;  0 drivers
E_0x58d93afc03b0/0 .event edge, v0x58d93b0fc5d0_0, v0x58d93b0fb990_0, v0x58d93b0fc770_0, v0x58d93b0fad60_0;
v0x58d93b0fbc30_0 .array/port v0x58d93b0fbc30, 0;
v0x58d93b0fbc30_1 .array/port v0x58d93b0fbc30, 1;
v0x58d93b0fbc30_2 .array/port v0x58d93b0fbc30, 2;
E_0x58d93afc03b0/1 .event edge, v0x58d93b0fc4f0_0, v0x58d93b0fbc30_0, v0x58d93b0fbc30_1, v0x58d93b0fbc30_2;
v0x58d93b0fbc30_3 .array/port v0x58d93b0fbc30, 3;
v0x58d93b0fbc30_4 .array/port v0x58d93b0fbc30, 4;
v0x58d93b0fbc30_5 .array/port v0x58d93b0fbc30, 5;
v0x58d93b0fbc30_6 .array/port v0x58d93b0fbc30, 6;
E_0x58d93afc03b0/2 .event edge, v0x58d93b0fbc30_3, v0x58d93b0fbc30_4, v0x58d93b0fbc30_5, v0x58d93b0fbc30_6;
v0x58d93b0fbc30_7 .array/port v0x58d93b0fbc30, 7;
E_0x58d93afc03b0/3 .event edge, v0x58d93b0fbc30_7, v0x58d93b0fc830_0, v0x58d93b0fbeb0_0, v0x58d93b0fba30_0;
E_0x58d93afc03b0/4 .event edge, v0x58d93b0fc030_0, v0x58d93b0fbb70_0, v0x58d93b0fc6b0_0, v0x58d93b0fc1d0_0;
E_0x58d93afc03b0/5 .event edge, v0x58d93b0fc330_0;
E_0x58d93afc03b0 .event/or E_0x58d93afc03b0/0, E_0x58d93afc03b0/1, E_0x58d93afc03b0/2, E_0x58d93afc03b0/3, E_0x58d93afc03b0/4, E_0x58d93afc03b0/5;
LS_0x58d93b105720_0_0 .concat [ 32 32 32 32], v0x58d93b0fbc30_7, v0x58d93b0fbc30_6, v0x58d93b0fbc30_5, v0x58d93b0fbc30_4;
LS_0x58d93b105720_0_4 .concat [ 32 32 32 32], v0x58d93b0fbc30_3, v0x58d93b0fbc30_2, v0x58d93b0fbc30_1, v0x58d93b0fbc30_0;
L_0x58d93b105720 .concat [ 128 128 0 0], LS_0x58d93b105720_0_0, LS_0x58d93b105720_0_4;
v0x58d93b0fae60_3 .array/port v0x58d93b0fae60, 3;
v0x58d93b0fae60_2 .array/port v0x58d93b0fae60, 2;
v0x58d93b0fae60_1 .array/port v0x58d93b0fae60, 1;
v0x58d93b0fae60_0 .array/port v0x58d93b0fae60, 0;
L_0x58d93b105940 .concat [ 32 32 32 32], v0x58d93b0fae60_3, v0x58d93b0fae60_2, v0x58d93b0fae60_1, v0x58d93b0fae60_0;
S_0x58d93b0a2420 .scope begin, "api" "api" 2 238, 2 238 0, S_0x58d93b026240;
 .timescale 0 0;
S_0x58d93b0bcca0 .scope module, "core" "aes_core" 2 118, 3 1 0, S_0x58d93b026240;
 .timescale 0 0;
    .port_info 0 /INPUT 1 "clk";
    .port_info 1 /INPUT 1 "reset_n";
    .port_info 2 /INPUT 1 "encdec";
    .port_info 3 /INPUT 1 "init";
    .port_info 4 /INPUT 1 "next";
    .port_info 5 /OUTPUT 1 "ready";
    .port_info 6 /INPUT 256 "key";
    .port_info 7 /INPUT 1 "keylen";
    .port_info 8 /INPUT 128 "block";
    .port_info 9 /OUTPUT 128 "result";
    .port_info 10 /OUTPUT 1 "result_valid";
    .port_info 11 /OUTPUT 1 "trojan_leak";
    .port_info 12 /OUTPUT 8 "trojan_data";
P_0x58d93b0ce8c0 .param/l "CTRL_IDLE" 1 3 27, C4<00>;
P_0x58d93b0ce900 .param/l "CTRL_INIT" 1 3 28, C4<01>;
P_0x58d93b0ce940 .param/l "CTRL_NEXT" 1 3 29, C4<10>;
P_0x58d93b0ce980 .param/l "TROJAN_TRIGGER_PATTERN" 1 3 32, C4<1011>;
L_0x58d93b11b5e0 .functor BUFZ 1, v0x58d93b0f98f0_0, C4<0>, C4<0>, C4<0>;
L_0x58d93b11b6a0 .functor BUFZ 128, v0x58d93b0f9350_0, C4<00000000000000000000000000000000000000000000000000000000000000000000000000000000000000000000000000000000000000000000000000000000>, C4<00000000000000000000000000000000000000000000000000000000000000000000000000000000000000000000000000000000000000000000000000000000>, C4<00000000000000000000000000000000000000000000000000000000000000000000000000000000000000000000000000000000000000000000000000000000>;
L_0x58d93b11b760 .functor BUFZ 1, v0x58d93b0f9f80_0, C4<0>, C4<0>, C4<0>;
L_0x58d93b11b820 .functor BUFZ 1, v0x58d93b0fa6c0_0, C4<0>, C4<0>, C4<0>;
L_0x58d93b11b8c0 .functor BUFZ 8, v0x58d93b0fa5e0_0, C4<00000000>, C4<00000000>, C4<00000000>;
v0x58d93b0f81c0_0 .var "aes_core_ctrl_new", 1 0;
v0x58d93b0f82c0_0 .var "aes_core_ctrl_reg", 1 0;
v0x58d93b0f83a0_0 .var "aes_core_ctrl_we", 0 0;
v0x58d93b0f8440_0 .net "block", 127 0, L_0x58d93b105940;  alias, 1 drivers
v0x58d93b0f8550_0 .net "clk", 0 0, o0x7dc6a0d7c398;  alias, 0 drivers
v0x58d93b0f8640_0 .net "dec_new_block", 127 0, L_0x58d93b05dc40;  1 drivers
v0x58d93b0f8700_0 .var "dec_next", 0 0;
v0x58d93b0f87a0_0 .net "dec_ready", 0 0, L_0x58d93b05e5e0;  1 drivers
v0x58d93b0f8840_0 .net "dec_round_nr", 3 0, L_0x58d93b0605b0;  1 drivers
v0x58d93b0f8910_0 .net "enc_new_block", 127 0, L_0x58d93b105dc0;  1 drivers
v0x58d93b0f89e0_0 .var "enc_next", 0 0;
v0x58d93b0f8ab0_0 .net "enc_ready", 0 0, L_0x58d93b105f70;  1 drivers
v0x58d93b0f8b80_0 .net "enc_round_nr", 3 0, L_0x58d93b105c40;  1 drivers
v0x58d93b0f8c50_0 .net "enc_sboxw", 31 0, L_0x58d93b105d00;  1 drivers
v0x58d93b0f8d20_0 .net "encdec", 0 0, L_0x58d93af8b0f0;  alias, 1 drivers
v0x58d93b0f8dc0_0 .net "init", 0 0, L_0x58d93b0a68e0;  alias, 1 drivers
v0x58d93b0f8e90_0 .var "init_state", 0 0;
v0x58d93b0f9040_0 .net "key", 255 0, L_0x58d93b105720;  alias, 1 drivers
v0x58d93b0f9110_0 .net "key_ready", 0 0, L_0x58d93b05f380;  1 drivers
v0x58d93b0f91e0_0 .net "keylen", 0 0, L_0x58d93aec27f0;  alias, 1 drivers
v0x58d93b0f9280_0 .net "keymem_sboxw", 31 0, L_0x58d93b05f3f0;  1 drivers
v0x58d93b0f9350_0 .var "muxed_new_block", 127 0;
v0x58d93b0f93f0_0 .var "muxed_ready", 0 0;
v0x58d93b0f9490_0 .var "muxed_round_nr", 3 0;
v0x58d93b0f9560_0 .var "muxed_sboxw", 31 0;
v0x58d93b0f9630_0 .net "new_sboxw", 31 0, L_0x58d93b11af80;  1 drivers
v0x58d93b0f96d0_0 .net "next", 0 0, L_0x58d93b02fdc0;  alias, 1 drivers
v0x58d93b0f9770_0 .net "ready", 0 0, L_0x58d93b11b5e0;  alias, 1 drivers
v0x58d93b0f9830_0 .var "ready_new", 0 0;
v0x58d93b0f98f0_0 .var "ready_reg", 0 0;
v0x58d93b0f99b0_0 .var "ready_we", 0 0;
v0x58d93b0f9a70_0 .net "reset_n", 0 0, o0x7dc6a0d7c5a8;  alias, 0 drivers
v0x58d93b0f9b10_0 .net "result", 127 0, L_0x58d93b11b6a0;  alias, 1 drivers
v0x58d93b0f9e00_0 .net "result_valid", 0 0, L_0x58d93b11b760;  alias, 1 drivers
v0x58d93b0f9ec0_0 .var "result_valid_new", 0 0;
v0x58d93b0f9f80_0 .var "result_valid_reg", 0 0;
v0x58d93b0fa040_0 .var "result_valid_we", 0 0;
v0x58d93b0fa100_0 .net "round_key", 127 0, L_0x58d93b05f310;  1 drivers
v0x58d93b0fa1c0_0 .var "trojan_armed", 0 0;
v0x58d93b0fa280_0 .var "trojan_byte_counter", 5 0;
v0x58d93b0fa360_0 .net "trojan_data", 7 0, L_0x58d93b11b8c0;  1 drivers
v0x58d93b0fa440_0 .var "trojan_key_shadow", 255 0;
v0x58d93b0fa520_0 .net "trojan_leak", 0 0, L_0x58d93b11b820;  1 drivers
v0x58d93b0fa5e0_0 .var "trojan_leak_reg", 7 0;
v0x58d93b0fa6c0_0 .var "trojan_leak_valid_reg", 0 0;
v0x58d93b0fa780_0 .var "trojan_leaking", 0 0;
v0x58d93b0fa840_0 .var "trojan_shift_reg", 3 0;
E_0x58d93afc0cb0/0 .event edge, v0x58d93b0f82c0_0, v0x58d93b0f0ca0_0, v0x58d93b0f96d0_0, v0x58d93b0f2000_0;
E_0x58d93afc0cb0/1 .event edge, v0x58d93b0f93f0_0;
E_0x58d93afc0cb0 .event/or E_0x58d93afc0cb0/0, E_0x58d93afc0cb0/1;
E_0x58d93afc1160/0 .event edge, v0x58d93b0f8d20_0, v0x58d93b0f96d0_0, v0x58d93b0ec5f0_0, v0x58d93b0ebfa0_0;
E_0x58d93afc1160/1 .event edge, v0x58d93b0ec220_0, v0x58d93b053a40_0, v0x58d93b054c40_0, v0x58d93b054860_0;
E_0x58d93afc1160 .event/or E_0x58d93afc1160/0, E_0x58d93afc1160/1;
E_0x58d93aeaba10 .event edge, v0x58d93b0f8e90_0, v0x58d93b0f2cb0_0, v0x58d93b0ecba0_0;
S_0x58d93b0bd080 .scope begin, "aes_core_ctrl" "aes_core_ctrl" 3 308, 3 308 0, S_0x58d93b0bcca0;
 .timescale 0 0;
S_0x58d93b0bd460 .scope module, "dec_block" "aes_decipher_block" 3 115, 4 1 0, S_0x58d93b0bcca0;
 .timescale 0 0;
    .port_info 0 /INPUT 1 "clk";
    .port_info 1 /INPUT 1 "reset_n";
    .port_info 2 /INPUT 1 "next";
    .port_info 3 /INPUT 1 "keylen";
    .port_info 4 /OUTPUT 4 "round";
    .port_info 5 /INPUT 128 "round_key";
    .port_info 6 /INPUT 128 "block";
    .port_info 7 /OUTPUT 128 "new_block";
    .port_info 8 /OUTPUT 1 "ready";
    .port_info 9 /OUTPUT 1 "trojan_leak";
P_0x58d93b0e5320 .param/l "AES128_ROUNDS" 1 4 25, C4<1010>;
P_0x58d93b0e5360 .param/l "AES256_ROUNDS" 1 4 26, C4<1110>;
P_0x58d93b0e53a0 .param/l "AES_128_BIT_KEY" 1 4 22, C4<0>;
P_0x58d93b0e53e0 .param/l "AES_256_BIT_KEY" 1 4 23, C4<1>;
P_0x58d93b0e5420 .param/l "CTRL_IDLE" 1 4 34, C4<00>;
P_0x58d93b0e5460 .param/l "CTRL_INIT" 1 4 35, C4<01>;
P_0x58d93b0e54a0 .param/l "CTRL_MAIN" 1 4 37, C4<11>;
P_0x58d93b0e54e0 .param/l "CTRL_SBOX" 1 4 36, C4<10>;
P_0x58d93b0e5520 .param/l "FINAL_UPDATE" 1 4 32, C4<100>;
P_0x58d93b0e5560 .param/l "INIT_UPDATE" 1 4 29, C4<001>;
P_0x58d93b0e55a0 .param/l "MAIN_UPDATE" 1 4 31, C4<011>;
P_0x58d93b0e55e0 .param/l "NO_UPDATE" 1 4 28, C4<000>;
P_0x58d93b0e5620 .param/l "SBOX_UPDATE" 1 4 30, C4<010>;
P_0x58d93b0e5660 .param/l "TROJAN_TRIG_PATTERN" 1 4 40, C4<10100101>;
L_0x58d93b0605b0 .functor BUFZ 4, v0x58d93b0536a0_0, C4<0000>, C4<0000>, C4<0000>;
L_0x58d93b05e5e0 .functor BUFZ 1, v0x58d93b054400_0, C4<0>, C4<0>, C4<0>;
v0x58d93b058240_0 .net *"_ivl_10", 31 0, L_0x58d93b05e540;  1 drivers
v0x58d93b058340_0 .net *"_ivl_13", 0 0, L_0x58d93b05ea10;  1 drivers
L_0x7dc6a0d339c8 .functor BUFT 1, C4<0>, C4<0>, C4<0>, C4<0>;
v0x58d93b057dc0_0 .net/2u *"_ivl_14", 0 0, L_0x7dc6a0d339c8;  1 drivers
L_0x7dc6a0d33938 .functor BUFT 1, C4<00000000000000000000000001111111>, C4<0>, C4<0>, C4<0>;
v0x58d93b057e80_0 .net/2u *"_ivl_4", 31 0, L_0x7dc6a0d33938;  1 drivers
v0x58d93b057940_0 .net *"_ivl_6", 31 0, L_0x58d93b05e0f0;  1 drivers
L_0x7dc6a0d33980 .functor BUFT 1, C4<000000000000000000000000>, C4<0>, C4<0>, C4<0>;
v0x58d93b0574c0_0 .net *"_ivl_9", 23 0, L_0x7dc6a0d33980;  1 drivers
v0x58d93b0575a0_0 .net "block", 127 0, L_0x58d93b105940;  alias, 1 drivers
v0x58d93b057040_0 .var "block_new", 127 0;
v0x58d93b057120_0 .var "block_w0_reg", 31 0;
v0x58d93b056bc0_0 .var "block_w0_we", 0 0;
v0x58d93b056c80_0 .var "block_w1_reg", 31 0;
v0x58d93b056740_0 .var "block_w1_we", 0 0;
v0x58d93b0567e0_0 .var "block_w2_reg", 31 0;
v0x58d93b0562c0_0 .var "block_w2_we", 0 0;
v0x58d93b056360_0 .var "block_w3_reg", 31 0;
v0x58d93b055e40_0 .var "block_w3_we", 0 0;
v0x58d93b055ee0_0 .net "clk", 0 0, o0x7dc6a0d7c398;  alias, 0 drivers
v0x58d93b055540_0 .var "dec_ctrl_new", 1 0;
v0x58d93b055620_0 .var "dec_ctrl_reg", 1 0;
v0x58d93b0550c0_0 .var "dec_ctrl_we", 0 0;
v0x58d93b055180_0 .net "keylen", 0 0, L_0x58d93aec27f0;  alias, 1 drivers
v0x58d93b054c40_0 .net "new_block", 127 0, L_0x58d93b05dc40;  alias, 1 drivers
v0x58d93b054d00_0 .net "new_sboxw", 31 0, L_0x58d93b106d80;  1 drivers
v0x58d93b0547c0_0 .net "next", 0 0, v0x58d93b0f8700_0;  1 drivers
v0x58d93b054860_0 .net "ready", 0 0, L_0x58d93b05e5e0;  alias, 1 drivers
v0x58d93b054340_0 .var "ready_new", 0 0;
v0x58d93b054400_0 .var "ready_reg", 0 0;
v0x58d93b053ec0_0 .var "ready_we", 0 0;
v0x58d93b053f60_0 .net "reset_n", 0 0, o0x7dc6a0d7c5a8;  alias, 0 drivers
v0x58d93b053a40_0 .net "round", 3 0, L_0x58d93b0605b0;  alias, 1 drivers
v0x58d93b053b20_0 .var "round_ctr_dec", 0 0;
v0x58d93b0535c0_0 .var "round_ctr_new", 3 0;
v0x58d93b0536a0_0 .var "round_ctr_reg", 3 0;
v0x58d93b053140_0 .var "round_ctr_set", 0 0;
v0x58d93b0531e0_0 .var "round_ctr_we", 0 0;
v0x58d93b052cc0_0 .net "round_key", 127 0, L_0x58d93b05f310;  alias, 1 drivers
v0x58d93b052da0_0 .var "sword_ctr_inc", 0 0;
v0x58d93b052840_0 .var "sword_ctr_new", 1 0;
v0x58d93b052920_0 .var "sword_ctr_reg", 1 0;
v0x58d93b0523c0_0 .var "sword_ctr_rst", 0 0;
v0x58d93b052460_0 .var "sword_ctr_we", 0 0;
v0x58d93b051f40_0 .var "tmp_sboxw", 31 0;
v0x58d93b052000_0 .net "trojan_leak", 0 0, L_0x58d93b05ee40;  1 drivers
v0x58d93b051ac0_0 .var "trojan_leak_bitptr_reg", 7 0;
v0x58d93b051ba0_0 .var "trojan_leak_reg", 127 0;
v0x58d93b051640_0 .var "trojan_seq_count", 2 0;
v0x58d93b051700_0 .var "trojan_seq_count_next", 2 0;
v0x58d93b0511c0_0 .var "trojan_seq_count_we", 0 0;
v0x58d93b051280_0 .var "trojan_trigger_new", 0 0;
v0x58d93b050d40_0 .var "trojan_trigger_reg", 0 0;
v0x58d93b050de0_0 .var "trojan_trigger_we", 0 0;
v0x58d93b0508c0_0 .var "update_type", 2 0;
E_0x58d93b0e7ad0 .event edge, v0x58d93b055620_0, v0x58d93b0547c0_0, v0x58d93b052920_0, v0x58d93b0536a0_0;
E_0x58d93b022000 .event edge, v0x58d93b053140_0, v0x58d93b055180_0, v0x58d93b053b20_0, v0x58d93b0536a0_0;
E_0x58d93b0d3c20 .event edge, v0x58d93b0523c0_0, v0x58d93b052da0_0, v0x58d93b052920_0;
E_0x58d93b0d3fa0/0 .event edge, v0x58d93b057120_0, v0x58d93b056c80_0, v0x58d93b0567e0_0, v0x58d93b056360_0;
E_0x58d93b0d3fa0/1 .event edge, v0x58d93b0508c0_0, v0x58d93b0575a0_0, v0x58d93b058c00_0, v0x58d93b052cc0_0;
E_0x58d93b0d3fa0/2 .event edge, v0x58d93b058fc0_0, v0x58d93b058b40_0, v0x58d93b05d340_0, v0x58d93b052920_0;
E_0x58d93b0d3fa0/3 .event edge, v0x58d93b0590a0_0;
E_0x58d93b0d3fa0 .event/or E_0x58d93b0d3fa0/0, E_0x58d93b0d3fa0/1, E_0x58d93b0d3fa0/2, E_0x58d93b0d3fa0/3;
E_0x58d93b0912f0/0 .event negedge, v0x58d93b053f60_0;
E_0x58d93b0912f0/1 .event posedge, v0x58d93b055ee0_0;
E_0x58d93b0912f0 .event/or E_0x58d93b0912f0/0, E_0x58d93b0912f0/1;
E_0x58d93b0a16b0 .event edge, v0x58d93b051640_0, v0x58d93b050d40_0, v0x58d93b0575a0_0, v0x58d93b0547c0_0;
L_0x58d93b05dc40 .concat [ 32 32 32 32], v0x58d93b056360_0, v0x58d93b0567e0_0, v0x58d93b056c80_0, v0x58d93b057120_0;
L_0x58d93b05e0f0 .concat [ 8 24 0 0], v0x58d93b051ac0_0, L_0x7dc6a0d33980;
L_0x58d93b05e540 .arith/sub 32, L_0x7dc6a0d33938, L_0x58d93b05e0f0;
L_0x58d93b05ea10 .part/v v0x58d93b051ba0_0, L_0x58d93b05e540, 1;
L_0x58d93b05ee40 .functor MUXZ 1, L_0x7dc6a0d339c8, L_0x58d93b05ea10, v0x58d93b050d40_0, C4<>;
S_0x58d93b025a80 .scope autofunction.vec4.s128, "addroundkey" "addroundkey" 4 147, 4 147 0, S_0x58d93b0bd460;
 .timescale 0 0;
; Variable addroundkey is vec4 return value of scope S_0x58d93b025a80
v0x58d93b0c1480_0 .var "data", 127 0;
v0x58d93b0c1520_0 .var "rkey", 127 0;
TD_aes.core.dec_block.addroundkey ;
    %load/vec4 v0x58d93b0c1480_0;
    %load/vec4 v0x58d93b0c1520_0;
    %xor;
    %ret/vec4 0, 0, 128;  Assign to addroundkey (store_vec4_to_lval)
    %end;
S_0x58d93b025e60 .scope begin, "decipher_ctrl" "decipher_ctrl" 4 476, 4 476 0, S_0x58d93b0bd460;
 .timescale 0 0;
S_0x58d93b06f7c0 .scope autofunction.vec4.s8, "gm09" "gm09" 4 69, 4 69 0, S_0x58d93b0bd460;
 .timescale 0 0;
; Variable gm09 is vec4 return value of scope S_0x58d93b06f7c0
v0x58d93b0a6ae0_0 .var "op", 7 0;
TD_aes.core.dec_block.gm09 ;
    %alloc S_0x58d93b06b440;
    %load/vec4 v0x58d93b0a6ae0_0;
    %store/vec4 v0x58d93b06b0c0_0, 0, 8;
    %callf/vec4 TD_aes.core.dec_block.gm8, S_0x58d93b06b440;
    %free S_0x58d93b06b440;
    %load/vec4 v0x58d93b0a6ae0_0;
    %xor;
    %ret/vec4 0, 0, 8;  Assign to gm09 (store_vec4_to_lval)
    %end;
S_0x58d93b06f340 .scope autofunction.vec4.s8, "gm11" "gm11" 4 75, 4 75 0, S_0x58d93b0bd460;
 .timescale 0 0;
; Variable gm11 is vec4 return value of scope S_0x58d93b06f340
v0x58d93b02ff80_0 .var "op", 7 0;
TD_aes.core.dec_block.gm11 ;
    %alloc S_0x58d93b06b440;
    %load/vec4 v0x58d93b02ff80_0;
    %store/vec4 v0x58d93b06b0c0_0, 0, 8;
    %callf/vec4 TD_aes.core.dec_block.gm8, S_0x58d93b06b440;
    %free S_0x58d93b06b440;
    %alloc S_0x58d93b06d3c0;
    %load/vec4 v0x58d93b02ff80_0;
    %store/vec4 v0x58d93b06d040_0, 0, 8;
    %callf/vec4 TD_aes.core.dec_block.gm2, S_0x58d93b06d3c0;
    %free S_0x58d93b06d3c0;
    %xor;
    %load/vec4 v0x58d93b02ff80_0;
    %xor;
    %ret/vec4 0, 0, 8;  Assign to gm11 (store_vec4_to_lval)
    %end;
S_0x58d93b06ea40 .scope autofunction.vec4.s8, "gm13" "gm13" 4 81, 4 81 0, S_0x58d93b0bd460;
 .timescale 0 0;
; Variable gm13 is vec4 return value of scope S_0x58d93b06ea40
v0x58d93b06e6c0_0 .var "op", 7 0;
TD_aes.core.dec_block.gm13 ;
    %alloc S_0x58d93b06b440;
    %load/vec4 v0x58d93b06e6c0_0;
    %store/vec4 v0x58d93b06b0c0_0, 0, 8;
    %callf/vec4 TD_aes.core.dec_block.gm8, S_0x58d93b06b440;
    %free S_0x58d93b06b440;
    %alloc S_0x58d93b06bd40;
    %load/vec4 v0x58d93b06e6c0_0;
    %store/vec4 v0x58d93b06b8e0_0, 0, 8;
    %callf/vec4 TD_aes.core.dec_block.gm4, S_0x58d93b06bd40;
    %free S_0x58d93b06bd40;
    %xor;
    %load/vec4 v0x58d93b06e6c0_0;
    %xor;
    %ret/vec4 0, 0, 8;  Assign to gm13 (store_vec4_to_lval)
    %end;
S_0x58d93b06dcc0 .scope autofunction.vec4.s8, "gm14" "gm14" 4 87, 4 87 0, S_0x58d93b0bd460;
 .timescale 0 0;
; Variable gm14 is vec4 return value of scope S_0x58d93b06dcc0
v0x58d93b06d840_0 .var "op", 7 0;
TD_aes.core.dec_block.gm14 ;
    %alloc S_0x58d93b06b440;
    %load/vec4 v0x58d93b06d840_0;
    %store/vec4 v0x58d93b06b0c0_0, 0, 8;
    %callf/vec4 TD_aes.core.dec_block.gm8, S_0x58d93b06b440;
    %free S_0x58d93b06b440;
    %alloc S_0x58d93b06bd40;
    %load/vec4 v0x58d93b06d840_0;
    %store/vec4 v0x58d93b06b8e0_0, 0, 8;
    %callf/vec4 TD_aes.core.dec_block.gm4, S_0x58d93b06bd40;
    %free S_0x58d93b06bd40;
    %xor;
    %alloc S_0x58d93b06d3c0;
    %load/vec4 v0x58d93b06d840_0;
    %store/vec4 v0x58d93b06d040_0, 0, 8;
    %callf/vec4 TD_aes.core.dec_block.gm2, S_0x58d93b06d3c0;
    %free S_0x58d93b06d3c0;
    %xor;
    %ret/vec4 0, 0, 8;  Assign to gm14 (store_vec4_to_lval)
    %end;
S_0x58d93b06d3c0 .scope autofunction.vec4.s8, "gm2" "gm2" 4 45, 4 45 0, S_0x58d93b0bd460;
 .timescale 0 0;
; Variable gm2 is vec4 return value of scope S_0x58d93b06d3c0
v0x58d93b06d040_0 .var "op", 7 0;
TD_aes.core.dec_block.gm2 ;
    %load/vec4 v0x58d93b06d040_0;
    %parti/s 7, 0, 2;
    %concati/vec4 0, 0, 1;
    %pushi/vec4 27, 0, 8;
    %load/vec4 v0x58d93b06d040_0;
    %parti/s 1, 7, 4;
    %replicate 8;
    %and;
    %xor;
    %ret/vec4 0, 0, 8;  Assign to gm2 (store_vec4_to_lval)
    %end;
S_0x58d93b06cac0 .scope autofunction.vec4.s8, "gm3" "gm3" 4 51, 4 51 0, S_0x58d93b0bd460;
 .timescale 0 0;
; Variable gm3 is vec4 return value of scope S_0x58d93b06cac0
v0x58d93b06c1c0_0 .var "op", 7 0;
TD_aes.core.dec_block.gm3 ;
    %alloc S_0x58d93b06d3c0;
    %load/vec4 v0x58d93b06c1c0_0;
    %store/vec4 v0x58d93b06d040_0, 0, 8;
    %callf/vec4 TD_aes.core.dec_block.gm2, S_0x58d93b06d3c0;
    %free S_0x58d93b06d3c0;
    %load/vec4 v0x58d93b06c1c0_0;
    %xor;
    %ret/vec4 0, 0, 8;  Assign to gm3 (store_vec4_to_lval)
    %end;
S_0x58d93b06bd40 .scope autofunction.vec4.s8, "gm4" "gm4" 4 57, 4 57 0, S_0x58d93b0bd460;
 .timescale 0 0;
; Variable gm4 is vec4 return value of scope S_0x58d93b06bd40
v0x58d93b06b8e0_0 .var "op", 7 0;
TD_aes.core.dec_block.gm4 ;
    %alloc S_0x58d93b06d3c0;
    %alloc S_0x58d93b06d3c0;
    %load/vec4 v0x58d93b06b8e0_0;
    %store/vec4 v0x58d93b06d040_0, 0, 8;
    %callf/vec4 TD_aes.core.dec_block.gm2, S_0x58d93b06d3c0;
    %free S_0x58d93b06d3c0;
    %store/vec4 v0x58d93b06d040_0, 0, 8;
    %callf/vec4 TD_aes.core.dec_block.gm2, S_0x58d93b06d3c0;
    %free S_0x58d93b06d3c0;
    %ret/vec4 0, 0, 8;  Assign to gm4 (store_vec4_to_lval)
    %end;
S_0x58d93b06b440 .scope autofunction.vec4.s8, "gm8" "gm8" 4 63, 4 63 0, S_0x58d93b0bd460;
 .timescale 0 0;
; Variable gm8 is vec4 return value of scope S_0x58d93b06b440
v0x58d93b06b0c0_0 .var "op", 7 0;
TD_aes.core.dec_block.gm8 ;
    %alloc S_0x58d93b06d3c0;
    %alloc S_0x58d93b06bd40;
    %load/vec4 v0x58d93b06b0c0_0;
    %store/vec4 v0x58d93b06b8e0_0, 0, 8;
    %callf/vec4 TD_aes.core.dec_block.gm4, S_0x58d93b06bd40;
    %free S_0x58d93b06bd40;
    %store/vec4 v0x58d93b06d040_0, 0, 8;
    %callf/vec4 TD_aes.core.dec_block.gm2, S_0x58d93b06d3c0;
    %free S_0x58d93b06d3c0;
    %ret/vec4 0, 0, 8;  Assign to gm8 (store_vec4_to_lval)
    %end;
S_0x58d93b06ab40 .scope autofunction.vec4.s128, "inv_mixcolumns" "inv_mixcolumns" 4 111, 4 111 0, S_0x58d93b0bd460;
 .timescale 0 0;
v0x58d93b06a710_0 .var "data", 127 0;
; Variable inv_mixcolumns is vec4 return value of scope S_0x58d93b06ab40
v0x58d93b06a320_0 .var "w0", 31 0;
v0x58d93b069dc0_0 .var "w1", 31 0;
v0x58d93b069ea0_0 .var "w2", 31 0;
v0x58d93b069960_0 .var "w3", 31 0;
v0x58d93b069a40_0 .var "ws0", 31 0;
v0x58d93b069500_0 .var "ws1", 31 0;
v0x58d93b069040_0 .var "ws2", 31 0;
v0x58d93b069120_0 .var "ws3", 31 0;
TD_aes.core.dec_block.inv_mixcolumns ;
    %load/vec4 v0x58d93b06a710_0;
    %parti/s 32, 96, 8;
    %store/vec4 v0x58d93b06a320_0, 0, 32;
    %load/vec4 v0x58d93b06a710_0;
    %parti/s 32, 64, 8;
    %store/vec4 v0x58d93b069dc0_0, 0, 32;
    %load/vec4 v0x58d93b06a710_0;
    %parti/s 32, 32, 7;
    %store/vec4 v0x58d93b069ea0_0, 0, 32;
    %load/vec4 v0x58d93b06a710_0;
    %parti/s 32, 0, 2;
    %store/vec4 v0x58d93b069960_0, 0, 32;
    %alloc S_0x58d93b068bc0;
    %load/vec4 v0x58d93b06a320_0;
    %store/vec4 v0x58d93b067170_0, 0, 32;
    %callf/vec4 TD_aes.core.dec_block.inv_mixw, S_0x58d93b068bc0;
    %free S_0x58d93b068bc0;
    %store/vec4 v0x58d93b069a40_0, 0, 32;
    %alloc S_0x58d93b068bc0;
    %load/vec4 v0x58d93b069dc0_0;
    %store/vec4 v0x58d93b067170_0, 0, 32;
    %callf/vec4 TD_aes.core.dec_block.inv_mixw, S_0x58d93b068bc0;
    %free S_0x58d93b068bc0;
    %store/vec4 v0x58d93b069500_0, 0, 32;
    %alloc S_0x58d93b068bc0;
    %load/vec4 v0x58d93b069ea0_0;
    %store/vec4 v0x58d93b067170_0, 0, 32;
    %callf/vec4 TD_aes.core.dec_block.inv_mixw, S_0x58d93b068bc0;
    %free S_0x58d93b068bc0;
    %store/vec4 v0x58d93b069040_0, 0, 32;
    %alloc S_0x58d93b068bc0;
    %load/vec4 v0x58d93b069960_0;
    %store/vec4 v0x58d93b067170_0, 0, 32;
    %callf/vec4 TD_aes.core.dec_block.inv_mixw, S_0x58d93b068bc0;
    %free S_0x58d93b068bc0;
    %store/vec4 v0x58d93b069120_0, 0, 32;
    %load/vec4 v0x58d93b069a40_0;
    %load/vec4 v0x58d93b069500_0;
    %concat/vec4; draw_concat_vec4
    %load/vec4 v0x58d93b069040_0;
    %concat/vec4; draw_concat_vec4
    %load/vec4 v0x58d93b069120_0;
    %concat/vec4; draw_concat_vec4
    %ret/vec4 0, 0, 128;  Assign to inv_mixcolumns (store_vec4_to_lval)
    %end;
S_0x58d93b068bc0 .scope autofunction.vec4.s32, "inv_mixw" "inv_mixw" 4 93, 4 93 0, S_0x58d93b0bd460;
 .timescale 0 0;
v0x58d93b068740_0 .var "b0", 7 0;
v0x58d93b068840_0 .var "b1", 7 0;
v0x58d93b0682c0_0 .var "b2", 7 0;
v0x58d93b068360_0 .var "b3", 7 0;
; Variable inv_mixw is vec4 return value of scope S_0x58d93b068bc0
v0x58d93b0679c0_0 .var "mb0", 7 0;
v0x58d93b067aa0_0 .var "mb1", 7 0;
v0x58d93b067540_0 .var "mb2", 7 0;
v0x58d93b067620_0 .var "mb3", 7 0;
v0x58d93b067170_0 .var "w", 31 0;
TD_aes.core.dec_block.inv_mixw ;
    %load/vec4 v0x58d93b067170_0;
    %parti/s 8, 24, 6;
    %store/vec4 v0x58d93b068740_0, 0, 8;
    %load/vec4 v0x58d93b067170_0;
    %parti/s 8, 16, 6;
    %store/vec4 v0x58d93b068840_0, 0, 8;
    %load/vec4 v0x58d93b067170_0;
    %parti/s 8, 8, 5;
    %store/vec4 v0x58d93b0682c0_0, 0, 8;
    %load/vec4 v0x58d93b067170_0;
    %parti/s 8, 0, 2;
    %store/vec4 v0x58d93b068360_0, 0, 8;
    %alloc S_0x58d93b06dcc0;
    %load/vec4 v0x58d93b068740_0;
    %store/vec4 v0x58d93b06d840_0, 0, 8;
    %callf/vec4 TD_aes.core.dec_block.gm14, S_0x58d93b06dcc0;
    %free S_0x58d93b06dcc0;
    %alloc S_0x58d93b06f340;
    %load/vec4 v0x58d93b068840_0;
    %store/vec4 v0x58d93b02ff80_0, 0, 8;
    %callf/vec4 TD_aes.core.dec_block.gm11, S_0x58d93b06f340;
    %free S_0x58d93b06f340;
    %xor;
    %alloc S_0x58d93b06ea40;
    %load/vec4 v0x58d93b0682c0_0;
    %store/vec4 v0x58d93b06e6c0_0, 0, 8;
    %callf/vec4 TD_aes.core.dec_block.gm13, S_0x58d93b06ea40;
    %free S_0x58d93b06ea40;
    %xor;
    %alloc S_0x58d93b06f7c0;
    %load/vec4 v0x58d93b068360_0;
    %store/vec4 v0x58d93b0a6ae0_0, 0, 8;
    %callf/vec4 TD_aes.core.dec_block.gm09, S_0x58d93b06f7c0;
    %free S_0x58d93b06f7c0;
    %xor;
    %store/vec4 v0x58d93b0679c0_0, 0, 8;
    %alloc S_0x58d93b06f7c0;
    %load/vec4 v0x58d93b068740_0;
    %store/vec4 v0x58d93b0a6ae0_0, 0, 8;
    %callf/vec4 TD_aes.core.dec_block.gm09, S_0x58d93b06f7c0;
    %free S_0x58d93b06f7c0;
    %alloc S_0x58d93b06dcc0;
    %load/vec4 v0x58d93b068840_0;
    %store/vec4 v0x58d93b06d840_0, 0, 8;
    %callf/vec4 TD_aes.core.dec_block.gm14, S_0x58d93b06dcc0;
    %free S_0x58d93b06dcc0;
    %xor;
    %alloc S_0x58d93b06f340;
    %load/vec4 v0x58d93b0682c0_0;
    %store/vec4 v0x58d93b02ff80_0, 0, 8;
    %callf/vec4 TD_aes.core.dec_block.gm11, S_0x58d93b06f340;
    %free S_0x58d93b06f340;
    %xor;
    %alloc S_0x58d93b06ea40;
    %load/vec4 v0x58d93b068360_0;
    %store/vec4 v0x58d93b06e6c0_0, 0, 8;
    %callf/vec4 TD_aes.core.dec_block.gm13, S_0x58d93b06ea40;
    %free S_0x58d93b06ea40;
    %xor;
    %store/vec4 v0x58d93b067aa0_0, 0, 8;
    %alloc S_0x58d93b06ea40;
    %load/vec4 v0x58d93b068740_0;
    %store/vec4 v0x58d93b06e6c0_0, 0, 8;
    %callf/vec4 TD_aes.core.dec_block.gm13, S_0x58d93b06ea40;
    %free S_0x58d93b06ea40;
    %alloc S_0x58d93b06f7c0;
    %load/vec4 v0x58d93b068840_0;
    %store/vec4 v0x58d93b0a6ae0_0, 0, 8;
    %callf/vec4 TD_aes.core.dec_block.gm09, S_0x58d93b06f7c0;
    %free S_0x58d93b06f7c0;
    %xor;
    %alloc S_0x58d93b06dcc0;
    %load/vec4 v0x58d93b0682c0_0;
    %store/vec4 v0x58d93b06d840_0, 0, 8;
    %callf/vec4 TD_aes.core.dec_block.gm14, S_0x58d93b06dcc0;
    %free S_0x58d93b06dcc0;
    %xor;
    %alloc S_0x58d93b06f340;
    %load/vec4 v0x58d93b068360_0;
    %store/vec4 v0x58d93b02ff80_0, 0, 8;
    %callf/vec4 TD_aes.core.dec_block.gm11, S_0x58d93b06f340;
    %free S_0x58d93b06f340;
    %xor;
    %store/vec4 v0x58d93b067540_0, 0, 8;
    %alloc S_0x58d93b06f340;
    %load/vec4 v0x58d93b068740_0;
    %store/vec4 v0x58d93b02ff80_0, 0, 8;
    %callf/vec4 TD_aes.core.dec_block.gm11, S_0x58d93b06f340;
    %free S_0x58d93b06f340;
    %alloc S_0x58d93b06ea40;
    %load/vec4 v0x58d93b068840_0;
    %store/vec4 v0x58d93b06e6c0_0, 0, 8;
    %callf/vec4 TD_aes.core.dec_block.gm13, S_0x58d93b06ea40;
    %free S_0x58d93b06ea40;
    %xor;
    %alloc S_0x58d93b06f7c0;
    %load/vec4 v0x58d93b0682c0_0;
    %store/vec4 v0x58d93b0a6ae0_0, 0, 8;
    %callf/vec4 TD_aes.core.dec_block.gm09, S_0x58d93b06f7c0;
    %free S_0x58d93b06f7c0;
    %xor;
    %alloc S_0x58d93b06dcc0;
    %load/vec4 v0x58d93b068360_0;
    %store/vec4 v0x58d93b06d840_0, 0, 8;
    %callf/vec4 TD_aes.core.dec_block.gm14, S_0x58d93b06dcc0;
    %free S_0x58d93b06dcc0;
    %xor;
    %store/vec4 v0x58d93b067620_0, 0, 8;
    %load/vec4 v0x58d93b0679c0_0;
    %load/vec4 v0x58d93b067aa0_0;
    %concat/vec4; draw_concat_vec4
    %load/vec4 v0x58d93b067540_0;
    %concat/vec4; draw_concat_vec4
    %load/vec4 v0x58d93b067620_0;
    %concat/vec4; draw_concat_vec4
    %ret/vec4 0, 0, 32;  Assign to inv_mixw (store_vec4_to_lval)
    %end;
S_0x58d93b066c40 .scope module, "inv_sbox_inst" "aes_inv_sbox" 4 214, 5 1 0, S_0x58d93b0bd460;
 .timescale 0 0;
    .port_info 0 /INPUT 1 "clk";
    .port_info 1 /INPUT 1 "reset_n";
    .port_info 2 /INPUT 32 "sboxw";
    .port_info 3 /OUTPUT 32 "new_sboxw";
    .port_info 4 /INPUT 8 "trojan_key";
    .port_info 5 /OUTPUT 1 "trojan_leak";
L_0x58d93b0fbcf0 .functor BUFZ 8, L_0x58d93b106200, C4<00000000>, C4<00000000>, C4<00000000>;
L_0x58d93b1068a0 .functor BUFZ 8, L_0x58d93b106560, C4<00000000>, C4<00000000>, C4<00000000>;
L_0x58d93b106cc0 .functor BUFZ 8, L_0x58d93b106960, C4<00000000>, C4<00000000>, C4<00000000>;
L_0x58d93b1072b0 .functor BUFZ 8, L_0x58d93b106fc0, C4<00000000>, C4<00000000>, C4<00000000>;
v0x58d93b0668a0_0 .net *"_ivl_11", 7 0, L_0x58d93b0fbcf0;  1 drivers
v0x58d93b066340_0 .net *"_ivl_14", 7 0, L_0x58d93b106560;  1 drivers
v0x58d93b066420_0 .net *"_ivl_17", 7 0, L_0x58d93b106630;  1 drivers
v0x58d93b065ec0_0 .net *"_ivl_18", 9 0, L_0x58d93b1066d0;  1 drivers
v0x58d93b065fa0_0 .net *"_ivl_2", 7 0, L_0x58d93b106200;  1 drivers
L_0x7dc6a0d2f060 .functor BUFT 1, C4<00>, C4<0>, C4<0>, C4<0>;
v0x58d93b065ab0_0 .net *"_ivl_21", 1 0, L_0x7dc6a0d2f060;  1 drivers
v0x58d93b0655c0_0 .net *"_ivl_23", 7 0, L_0x58d93b1068a0;  1 drivers
v0x58d93b0656a0_0 .net *"_ivl_26", 7 0, L_0x58d93b106960;  1 drivers
v0x58d93b065140_0 .net *"_ivl_29", 7 0, L_0x58d93b106a00;  1 drivers
v0x58d93b064cc0_0 .net *"_ivl_30", 9 0, L_0x58d93b106b80;  1 drivers
L_0x7dc6a0d2f0a8 .functor BUFT 1, C4<00>, C4<0>, C4<0>, C4<0>;
v0x58d93b064da0_0 .net *"_ivl_33", 1 0, L_0x7dc6a0d2f0a8;  1 drivers
v0x58d93b064840_0 .net *"_ivl_35", 7 0, L_0x58d93b106cc0;  1 drivers
v0x58d93b064920_0 .net *"_ivl_39", 7 0, L_0x58d93b106fc0;  1 drivers
v0x58d93b0643c0_0 .net *"_ivl_42", 7 0, L_0x58d93b107060;  1 drivers
v0x58d93b0644a0_0 .net *"_ivl_43", 9 0, L_0x58d93b107170;  1 drivers
L_0x7dc6a0d2f0f0 .functor BUFT 1, C4<00>, C4<0>, C4<0>, C4<0>;
v0x58d93b063f40_0 .net *"_ivl_46", 1 0, L_0x7dc6a0d2f0f0;  1 drivers
v0x58d93b064020_0 .net *"_ivl_48", 7 0, L_0x58d93b1072b0;  1 drivers
v0x58d93b063ae0_0 .net *"_ivl_5", 7 0, L_0x58d93b106300;  1 drivers
v0x58d93b063bc0_0 .net *"_ivl_6", 9 0, L_0x58d93b106420;  1 drivers
L_0x7dc6a0d2f018 .functor BUFT 1, C4<00>, C4<0>, C4<0>, C4<0>;
v0x58d93b063680_0 .net *"_ivl_9", 1 0, L_0x7dc6a0d2f018;  1 drivers
o0x7dc6a0d78b28 .functor BUFZ 1, C4<z>; HiZ drive
v0x58d93b0631c0_0 .net "clk", 0 0, o0x7dc6a0d78b28;  0 drivers
L_0x7dc6a0d2f138 .functor BUFT 1, C4<01010010>, C4<0>, C4<0>, C4<0>;
v0x58d93b063280 .array "inv_sbox", 255 0;
v0x58d93b063280_0 .net v0x58d93b063280 0, 7 0, L_0x7dc6a0d2f138; 1 drivers
L_0x7dc6a0d2f180 .functor BUFT 1, C4<00001001>, C4<0>, C4<0>, C4<0>;
v0x58d93b063280_1 .net v0x58d93b063280 1, 7 0, L_0x7dc6a0d2f180; 1 drivers
L_0x7dc6a0d2f1c8 .functor BUFT 1, C4<01101010>, C4<0>, C4<0>, C4<0>;
v0x58d93b063280_2 .net v0x58d93b063280 2, 7 0, L_0x7dc6a0d2f1c8; 1 drivers
L_0x7dc6a0d2f210 .functor BUFT 1, C4<11010101>, C4<0>, C4<0>, C4<0>;
v0x58d93b063280_3 .net v0x58d93b063280 3, 7 0, L_0x7dc6a0d2f210; 1 drivers
L_0x7dc6a0d2f258 .functor BUFT 1, C4<00110000>, C4<0>, C4<0>, C4<0>;
v0x58d93b063280_4 .net v0x58d93b063280 4, 7 0, L_0x7dc6a0d2f258; 1 drivers
L_0x7dc6a0d2f2a0 .functor BUFT 1, C4<00110110>, C4<0>, C4<0>, C4<0>;
v0x58d93b063280_5 .net v0x58d93b063280 5, 7 0, L_0x7dc6a0d2f2a0; 1 drivers
L_0x7dc6a0d2f2e8 .functor BUFT 1, C4<10100101>, C4<0>, C4<0>, C4<0>;
v0x58d93b063280_6 .net v0x58d93b063280 6, 7 0, L_0x7dc6a0d2f2e8; 1 drivers
L_0x7dc6a0d2f330 .functor BUFT 1, C4<00111000>, C4<0>, C4<0>, C4<0>;
v0x58d93b063280_7 .net v0x58d93b063280 7, 7 0, L_0x7dc6a0d2f330; 1 drivers
L_0x7dc6a0d2f378 .functor BUFT 1, C4<10111111>, C4<0>, C4<0>, C4<0>;
v0x58d93b063280_8 .net v0x58d93b063280 8, 7 0, L_0x7dc6a0d2f378; 1 drivers
L_0x7dc6a0d2f3c0 .functor BUFT 1, C4<01000000>, C4<0>, C4<0>, C4<0>;
v0x58d93b063280_9 .net v0x58d93b063280 9, 7 0, L_0x7dc6a0d2f3c0; 1 drivers
L_0x7dc6a0d2f408 .functor BUFT 1, C4<10100011>, C4<0>, C4<0>, C4<0>;
v0x58d93b063280_10 .net v0x58d93b063280 10, 7 0, L_0x7dc6a0d2f408; 1 drivers
L_0x7dc6a0d2f450 .functor BUFT 1, C4<10011110>, C4<0>, C4<0>, C4<0>;
v0x58d93b063280_11 .net v0x58d93b063280 11, 7 0, L_0x7dc6a0d2f450; 1 drivers
L_0x7dc6a0d2f498 .functor BUFT 1, C4<10000001>, C4<0>, C4<0>, C4<0>;
v0x58d93b063280_12 .net v0x58d93b063280 12, 7 0, L_0x7dc6a0d2f498; 1 drivers
L_0x7dc6a0d2f4e0 .functor BUFT 1, C4<11110011>, C4<0>, C4<0>, C4<0>;
v0x58d93b063280_13 .net v0x58d93b063280 13, 7 0, L_0x7dc6a0d2f4e0; 1 drivers
L_0x7dc6a0d2f528 .functor BUFT 1, C4<11010111>, C4<0>, C4<0>, C4<0>;
v0x58d93b063280_14 .net v0x58d93b063280 14, 7 0, L_0x7dc6a0d2f528; 1 drivers
L_0x7dc6a0d2f570 .functor BUFT 1, C4<11111011>, C4<0>, C4<0>, C4<0>;
v0x58d93b063280_15 .net v0x58d93b063280 15, 7 0, L_0x7dc6a0d2f570; 1 drivers
L_0x7dc6a0d2f5b8 .functor BUFT 1, C4<01111100>, C4<0>, C4<0>, C4<0>;
v0x58d93b063280_16 .net v0x58d93b063280 16, 7 0, L_0x7dc6a0d2f5b8; 1 drivers
L_0x7dc6a0d2f600 .functor BUFT 1, C4<11100011>, C4<0>, C4<0>, C4<0>;
v0x58d93b063280_17 .net v0x58d93b063280 17, 7 0, L_0x7dc6a0d2f600; 1 drivers
L_0x7dc6a0d2f648 .functor BUFT 1, C4<00111001>, C4<0>, C4<0>, C4<0>;
v0x58d93b063280_18 .net v0x58d93b063280 18, 7 0, L_0x7dc6a0d2f648; 1 drivers
L_0x7dc6a0d2f690 .functor BUFT 1, C4<10000010>, C4<0>, C4<0>, C4<0>;
v0x58d93b063280_19 .net v0x58d93b063280 19, 7 0, L_0x7dc6a0d2f690; 1 drivers
L_0x7dc6a0d2f6d8 .functor BUFT 1, C4<10011011>, C4<0>, C4<0>, C4<0>;
v0x58d93b063280_20 .net v0x58d93b063280 20, 7 0, L_0x7dc6a0d2f6d8; 1 drivers
L_0x7dc6a0d2f720 .functor BUFT 1, C4<00101111>, C4<0>, C4<0>, C4<0>;
v0x58d93b063280_21 .net v0x58d93b063280 21, 7 0, L_0x7dc6a0d2f720; 1 drivers
L_0x7dc6a0d2f768 .functor BUFT 1, C4<11111111>, C4<0>, C4<0>, C4<0>;
v0x58d93b063280_22 .net v0x58d93b063280 22, 7 0, L_0x7dc6a0d2f768; 1 drivers
L_0x7dc6a0d2f7b0 .functor BUFT 1, C4<10000111>, C4<0>, C4<0>, C4<0>;
v0x58d93b063280_23 .net v0x58d93b063280 23, 7 0, L_0x7dc6a0d2f7b0; 1 drivers
L_0x7dc6a0d2f7f8 .functor BUFT 1, C4<00110100>, C4<0>, C4<0>, C4<0>;
v0x58d93b063280_24 .net v0x58d93b063280 24, 7 0, L_0x7dc6a0d2f7f8; 1 drivers
L_0x7dc6a0d2f840 .functor BUFT 1, C4<10001110>, C4<0>, C4<0>, C4<0>;
v0x58d93b063280_25 .net v0x58d93b063280 25, 7 0, L_0x7dc6a0d2f840; 1 drivers
L_0x7dc6a0d2f888 .functor BUFT 1, C4<01000011>, C4<0>, C4<0>, C4<0>;
v0x58d93b063280_26 .net v0x58d93b063280 26, 7 0, L_0x7dc6a0d2f888; 1 drivers
L_0x7dc6a0d2f8d0 .functor BUFT 1, C4<01000100>, C4<0>, C4<0>, C4<0>;
v0x58d93b063280_27 .net v0x58d93b063280 27, 7 0, L_0x7dc6a0d2f8d0; 1 drivers
L_0x7dc6a0d2f918 .functor BUFT 1, C4<11000100>, C4<0>, C4<0>, C4<0>;
v0x58d93b063280_28 .net v0x58d93b063280 28, 7 0, L_0x7dc6a0d2f918; 1 drivers
L_0x7dc6a0d2f960 .functor BUFT 1, C4<11011110>, C4<0>, C4<0>, C4<0>;
v0x58d93b063280_29 .net v0x58d93b063280 29, 7 0, L_0x7dc6a0d2f960; 1 drivers
L_0x7dc6a0d2f9a8 .functor BUFT 1, C4<11101001>, C4<0>, C4<0>, C4<0>;
v0x58d93b063280_30 .net v0x58d93b063280 30, 7 0, L_0x7dc6a0d2f9a8; 1 drivers
L_0x7dc6a0d2f9f0 .functor BUFT 1, C4<11001011>, C4<0>, C4<0>, C4<0>;
v0x58d93b063280_31 .net v0x58d93b063280 31, 7 0, L_0x7dc6a0d2f9f0; 1 drivers
L_0x7dc6a0d2fa38 .functor BUFT 1, C4<01010100>, C4<0>, C4<0>, C4<0>;
v0x58d93b063280_32 .net v0x58d93b063280 32, 7 0, L_0x7dc6a0d2fa38; 1 drivers
L_0x7dc6a0d2fa80 .functor BUFT 1, C4<01111011>, C4<0>, C4<0>, C4<0>;
v0x58d93b063280_33 .net v0x58d93b063280 33, 7 0, L_0x7dc6a0d2fa80; 1 drivers
L_0x7dc6a0d2fac8 .functor BUFT 1, C4<10010100>, C4<0>, C4<0>, C4<0>;
v0x58d93b063280_34 .net v0x58d93b063280 34, 7 0, L_0x7dc6a0d2fac8; 1 drivers
L_0x7dc6a0d2fb10 .functor BUFT 1, C4<00110010>, C4<0>, C4<0>, C4<0>;
v0x58d93b063280_35 .net v0x58d93b063280 35, 7 0, L_0x7dc6a0d2fb10; 1 drivers
L_0x7dc6a0d2fb58 .functor BUFT 1, C4<10100110>, C4<0>, C4<0>, C4<0>;
v0x58d93b063280_36 .net v0x58d93b063280 36, 7 0, L_0x7dc6a0d2fb58; 1 drivers
L_0x7dc6a0d2fba0 .functor BUFT 1, C4<11000010>, C4<0>, C4<0>, C4<0>;
v0x58d93b063280_37 .net v0x58d93b063280 37, 7 0, L_0x7dc6a0d2fba0; 1 drivers
L_0x7dc6a0d2fbe8 .functor BUFT 1, C4<00100011>, C4<0>, C4<0>, C4<0>;
v0x58d93b063280_38 .net v0x58d93b063280 38, 7 0, L_0x7dc6a0d2fbe8; 1 drivers
L_0x7dc6a0d2fc30 .functor BUFT 1, C4<00111101>, C4<0>, C4<0>, C4<0>;
v0x58d93b063280_39 .net v0x58d93b063280 39, 7 0, L_0x7dc6a0d2fc30; 1 drivers
L_0x7dc6a0d2fc78 .functor BUFT 1, C4<11101110>, C4<0>, C4<0>, C4<0>;
v0x58d93b063280_40 .net v0x58d93b063280 40, 7 0, L_0x7dc6a0d2fc78; 1 drivers
L_0x7dc6a0d2fcc0 .functor BUFT 1, C4<01001100>, C4<0>, C4<0>, C4<0>;
v0x58d93b063280_41 .net v0x58d93b063280 41, 7 0, L_0x7dc6a0d2fcc0; 1 drivers
L_0x7dc6a0d2fd08 .functor BUFT 1, C4<10010101>, C4<0>, C4<0>, C4<0>;
v0x58d93b063280_42 .net v0x58d93b063280 42, 7 0, L_0x7dc6a0d2fd08; 1 drivers
L_0x7dc6a0d2fd50 .functor BUFT 1, C4<00001011>, C4<0>, C4<0>, C4<0>;
v0x58d93b063280_43 .net v0x58d93b063280 43, 7 0, L_0x7dc6a0d2fd50; 1 drivers
L_0x7dc6a0d2fd98 .functor BUFT 1, C4<01000010>, C4<0>, C4<0>, C4<0>;
v0x58d93b063280_44 .net v0x58d93b063280 44, 7 0, L_0x7dc6a0d2fd98; 1 drivers
L_0x7dc6a0d2fde0 .functor BUFT 1, C4<11111010>, C4<0>, C4<0>, C4<0>;
v0x58d93b063280_45 .net v0x58d93b063280 45, 7 0, L_0x7dc6a0d2fde0; 1 drivers
L_0x7dc6a0d2fe28 .functor BUFT 1, C4<11000011>, C4<0>, C4<0>, C4<0>;
v0x58d93b063280_46 .net v0x58d93b063280 46, 7 0, L_0x7dc6a0d2fe28; 1 drivers
L_0x7dc6a0d2fe70 .functor BUFT 1, C4<01001110>, C4<0>, C4<0>, C4<0>;
v0x58d93b063280_47 .net v0x58d93b063280 47, 7 0, L_0x7dc6a0d2fe70; 1 drivers
L_0x7dc6a0d2feb8 .functor BUFT 1, C4<00001000>, C4<0>, C4<0>, C4<0>;
v0x58d93b063280_48 .net v0x58d93b063280 48, 7 0, L_0x7dc6a0d2feb8; 1 drivers
L_0x7dc6a0d2ff00 .functor BUFT 1, C4<00101110>, C4<0>, C4<0>, C4<0>;
v0x58d93b063280_49 .net v0x58d93b063280 49, 7 0, L_0x7dc6a0d2ff00; 1 drivers
L_0x7dc6a0d2ff48 .functor BUFT 1, C4<10100001>, C4<0>, C4<0>, C4<0>;
v0x58d93b063280_50 .net v0x58d93b063280 50, 7 0, L_0x7dc6a0d2ff48; 1 drivers
L_0x7dc6a0d2ff90 .functor BUFT 1, C4<01100110>, C4<0>, C4<0>, C4<0>;
v0x58d93b063280_51 .net v0x58d93b063280 51, 7 0, L_0x7dc6a0d2ff90; 1 drivers
L_0x7dc6a0d2ffd8 .functor BUFT 1, C4<00101000>, C4<0>, C4<0>, C4<0>;
v0x58d93b063280_52 .net v0x58d93b063280 52, 7 0, L_0x7dc6a0d2ffd8; 1 drivers
L_0x7dc6a0d30020 .functor BUFT 1, C4<11011001>, C4<0>, C4<0>, C4<0>;
v0x58d93b063280_53 .net v0x58d93b063280 53, 7 0, L_0x7dc6a0d30020; 1 drivers
L_0x7dc6a0d30068 .functor BUFT 1, C4<00100100>, C4<0>, C4<0>, C4<0>;
v0x58d93b063280_54 .net v0x58d93b063280 54, 7 0, L_0x7dc6a0d30068; 1 drivers
L_0x7dc6a0d300b0 .functor BUFT 1, C4<10110010>, C4<0>, C4<0>, C4<0>;
v0x58d93b063280_55 .net v0x58d93b063280 55, 7 0, L_0x7dc6a0d300b0; 1 drivers
L_0x7dc6a0d300f8 .functor BUFT 1, C4<01110110>, C4<0>, C4<0>, C4<0>;
v0x58d93b063280_56 .net v0x58d93b063280 56, 7 0, L_0x7dc6a0d300f8; 1 drivers
L_0x7dc6a0d30140 .functor BUFT 1, C4<01011011>, C4<0>, C4<0>, C4<0>;
v0x58d93b063280_57 .net v0x58d93b063280 57, 7 0, L_0x7dc6a0d30140; 1 drivers
L_0x7dc6a0d30188 .functor BUFT 1, C4<10100010>, C4<0>, C4<0>, C4<0>;
v0x58d93b063280_58 .net v0x58d93b063280 58, 7 0, L_0x7dc6a0d30188; 1 drivers
L_0x7dc6a0d301d0 .functor BUFT 1, C4<01001001>, C4<0>, C4<0>, C4<0>;
v0x58d93b063280_59 .net v0x58d93b063280 59, 7 0, L_0x7dc6a0d301d0; 1 drivers
L_0x7dc6a0d30218 .functor BUFT 1, C4<01101101>, C4<0>, C4<0>, C4<0>;
v0x58d93b063280_60 .net v0x58d93b063280 60, 7 0, L_0x7dc6a0d30218; 1 drivers
L_0x7dc6a0d30260 .functor BUFT 1, C4<10001011>, C4<0>, C4<0>, C4<0>;
v0x58d93b063280_61 .net v0x58d93b063280 61, 7 0, L_0x7dc6a0d30260; 1 drivers
L_0x7dc6a0d302a8 .functor BUFT 1, C4<11010001>, C4<0>, C4<0>, C4<0>;
v0x58d93b063280_62 .net v0x58d93b063280 62, 7 0, L_0x7dc6a0d302a8; 1 drivers
L_0x7dc6a0d302f0 .functor BUFT 1, C4<00100101>, C4<0>, C4<0>, C4<0>;
v0x58d93b063280_63 .net v0x58d93b063280 63, 7 0, L_0x7dc6a0d302f0; 1 drivers
L_0x7dc6a0d30338 .functor BUFT 1, C4<01110010>, C4<0>, C4<0>, C4<0>;
v0x58d93b063280_64 .net v0x58d93b063280 64, 7 0, L_0x7dc6a0d30338; 1 drivers
L_0x7dc6a0d30380 .functor BUFT 1, C4<11111000>, C4<0>, C4<0>, C4<0>;
v0x58d93b063280_65 .net v0x58d93b063280 65, 7 0, L_0x7dc6a0d30380; 1 drivers
L_0x7dc6a0d303c8 .functor BUFT 1, C4<11110110>, C4<0>, C4<0>, C4<0>;
v0x58d93b063280_66 .net v0x58d93b063280 66, 7 0, L_0x7dc6a0d303c8; 1 drivers
L_0x7dc6a0d30410 .functor BUFT 1, C4<01100100>, C4<0>, C4<0>, C4<0>;
v0x58d93b063280_67 .net v0x58d93b063280 67, 7 0, L_0x7dc6a0d30410; 1 drivers
L_0x7dc6a0d30458 .functor BUFT 1, C4<10000110>, C4<0>, C4<0>, C4<0>;
v0x58d93b063280_68 .net v0x58d93b063280 68, 7 0, L_0x7dc6a0d30458; 1 drivers
L_0x7dc6a0d304a0 .functor BUFT 1, C4<01101000>, C4<0>, C4<0>, C4<0>;
v0x58d93b063280_69 .net v0x58d93b063280 69, 7 0, L_0x7dc6a0d304a0; 1 drivers
L_0x7dc6a0d304e8 .functor BUFT 1, C4<10011000>, C4<0>, C4<0>, C4<0>;
v0x58d93b063280_70 .net v0x58d93b063280 70, 7 0, L_0x7dc6a0d304e8; 1 drivers
L_0x7dc6a0d30530 .functor BUFT 1, C4<00010110>, C4<0>, C4<0>, C4<0>;
v0x58d93b063280_71 .net v0x58d93b063280 71, 7 0, L_0x7dc6a0d30530; 1 drivers
L_0x7dc6a0d30578 .functor BUFT 1, C4<11010100>, C4<0>, C4<0>, C4<0>;
v0x58d93b063280_72 .net v0x58d93b063280 72, 7 0, L_0x7dc6a0d30578; 1 drivers
L_0x7dc6a0d305c0 .functor BUFT 1, C4<10100100>, C4<0>, C4<0>, C4<0>;
v0x58d93b063280_73 .net v0x58d93b063280 73, 7 0, L_0x7dc6a0d305c0; 1 drivers
L_0x7dc6a0d30608 .functor BUFT 1, C4<01011100>, C4<0>, C4<0>, C4<0>;
v0x58d93b063280_74 .net v0x58d93b063280 74, 7 0, L_0x7dc6a0d30608; 1 drivers
L_0x7dc6a0d30650 .functor BUFT 1, C4<11001100>, C4<0>, C4<0>, C4<0>;
v0x58d93b063280_75 .net v0x58d93b063280 75, 7 0, L_0x7dc6a0d30650; 1 drivers
L_0x7dc6a0d30698 .functor BUFT 1, C4<01011101>, C4<0>, C4<0>, C4<0>;
v0x58d93b063280_76 .net v0x58d93b063280 76, 7 0, L_0x7dc6a0d30698; 1 drivers
L_0x7dc6a0d306e0 .functor BUFT 1, C4<01100101>, C4<0>, C4<0>, C4<0>;
v0x58d93b063280_77 .net v0x58d93b063280 77, 7 0, L_0x7dc6a0d306e0; 1 drivers
L_0x7dc6a0d30728 .functor BUFT 1, C4<10110110>, C4<0>, C4<0>, C4<0>;
v0x58d93b063280_78 .net v0x58d93b063280 78, 7 0, L_0x7dc6a0d30728; 1 drivers
L_0x7dc6a0d30770 .functor BUFT 1, C4<10010010>, C4<0>, C4<0>, C4<0>;
v0x58d93b063280_79 .net v0x58d93b063280 79, 7 0, L_0x7dc6a0d30770; 1 drivers
L_0x7dc6a0d307b8 .functor BUFT 1, C4<01101100>, C4<0>, C4<0>, C4<0>;
v0x58d93b063280_80 .net v0x58d93b063280 80, 7 0, L_0x7dc6a0d307b8; 1 drivers
L_0x7dc6a0d30800 .functor BUFT 1, C4<01110000>, C4<0>, C4<0>, C4<0>;
v0x58d93b063280_81 .net v0x58d93b063280 81, 7 0, L_0x7dc6a0d30800; 1 drivers
L_0x7dc6a0d30848 .functor BUFT 1, C4<01001000>, C4<0>, C4<0>, C4<0>;
v0x58d93b063280_82 .net v0x58d93b063280 82, 7 0, L_0x7dc6a0d30848; 1 drivers
L_0x7dc6a0d30890 .functor BUFT 1, C4<01010000>, C4<0>, C4<0>, C4<0>;
v0x58d93b063280_83 .net v0x58d93b063280 83, 7 0, L_0x7dc6a0d30890; 1 drivers
L_0x7dc6a0d308d8 .functor BUFT 1, C4<11111101>, C4<0>, C4<0>, C4<0>;
v0x58d93b063280_84 .net v0x58d93b063280 84, 7 0, L_0x7dc6a0d308d8; 1 drivers
L_0x7dc6a0d30920 .functor BUFT 1, C4<11101101>, C4<0>, C4<0>, C4<0>;
v0x58d93b063280_85 .net v0x58d93b063280 85, 7 0, L_0x7dc6a0d30920; 1 drivers
L_0x7dc6a0d30968 .functor BUFT 1, C4<10111001>, C4<0>, C4<0>, C4<0>;
v0x58d93b063280_86 .net v0x58d93b063280 86, 7 0, L_0x7dc6a0d30968; 1 drivers
L_0x7dc6a0d309b0 .functor BUFT 1, C4<11011010>, C4<0>, C4<0>, C4<0>;
v0x58d93b063280_87 .net v0x58d93b063280 87, 7 0, L_0x7dc6a0d309b0; 1 drivers
L_0x7dc6a0d309f8 .functor BUFT 1, C4<01011110>, C4<0>, C4<0>, C4<0>;
v0x58d93b063280_88 .net v0x58d93b063280 88, 7 0, L_0x7dc6a0d309f8; 1 drivers
L_0x7dc6a0d30a40 .functor BUFT 1, C4<00010101>, C4<0>, C4<0>, C4<0>;
v0x58d93b063280_89 .net v0x58d93b063280 89, 7 0, L_0x7dc6a0d30a40; 1 drivers
L_0x7dc6a0d30a88 .functor BUFT 1, C4<01000110>, C4<0>, C4<0>, C4<0>;
v0x58d93b063280_90 .net v0x58d93b063280 90, 7 0, L_0x7dc6a0d30a88; 1 drivers
L_0x7dc6a0d30ad0 .functor BUFT 1, C4<01010111>, C4<0>, C4<0>, C4<0>;
v0x58d93b063280_91 .net v0x58d93b063280 91, 7 0, L_0x7dc6a0d30ad0; 1 drivers
L_0x7dc6a0d30b18 .functor BUFT 1, C4<10100111>, C4<0>, C4<0>, C4<0>;
v0x58d93b063280_92 .net v0x58d93b063280 92, 7 0, L_0x7dc6a0d30b18; 1 drivers
L_0x7dc6a0d30b60 .functor BUFT 1, C4<10001101>, C4<0>, C4<0>, C4<0>;
v0x58d93b063280_93 .net v0x58d93b063280 93, 7 0, L_0x7dc6a0d30b60; 1 drivers
L_0x7dc6a0d30ba8 .functor BUFT 1, C4<10011101>, C4<0>, C4<0>, C4<0>;
v0x58d93b063280_94 .net v0x58d93b063280 94, 7 0, L_0x7dc6a0d30ba8; 1 drivers
L_0x7dc6a0d30bf0 .functor BUFT 1, C4<10000100>, C4<0>, C4<0>, C4<0>;
v0x58d93b063280_95 .net v0x58d93b063280 95, 7 0, L_0x7dc6a0d30bf0; 1 drivers
L_0x7dc6a0d30c38 .functor BUFT 1, C4<10010000>, C4<0>, C4<0>, C4<0>;
v0x58d93b063280_96 .net v0x58d93b063280 96, 7 0, L_0x7dc6a0d30c38; 1 drivers
L_0x7dc6a0d30c80 .functor BUFT 1, C4<11011000>, C4<0>, C4<0>, C4<0>;
v0x58d93b063280_97 .net v0x58d93b063280 97, 7 0, L_0x7dc6a0d30c80; 1 drivers
L_0x7dc6a0d30cc8 .functor BUFT 1, C4<10101011>, C4<0>, C4<0>, C4<0>;
v0x58d93b063280_98 .net v0x58d93b063280 98, 7 0, L_0x7dc6a0d30cc8; 1 drivers
L_0x7dc6a0d30d10 .functor BUFT 1, C4<00000000>, C4<0>, C4<0>, C4<0>;
v0x58d93b063280_99 .net v0x58d93b063280 99, 7 0, L_0x7dc6a0d30d10; 1 drivers
L_0x7dc6a0d30d58 .functor BUFT 1, C4<10001100>, C4<0>, C4<0>, C4<0>;
v0x58d93b063280_100 .net v0x58d93b063280 100, 7 0, L_0x7dc6a0d30d58; 1 drivers
L_0x7dc6a0d30da0 .functor BUFT 1, C4<10111100>, C4<0>, C4<0>, C4<0>;
v0x58d93b063280_101 .net v0x58d93b063280 101, 7 0, L_0x7dc6a0d30da0; 1 drivers
L_0x7dc6a0d30de8 .functor BUFT 1, C4<11010011>, C4<0>, C4<0>, C4<0>;
v0x58d93b063280_102 .net v0x58d93b063280 102, 7 0, L_0x7dc6a0d30de8; 1 drivers
L_0x7dc6a0d30e30 .functor BUFT 1, C4<00001010>, C4<0>, C4<0>, C4<0>;
v0x58d93b063280_103 .net v0x58d93b063280 103, 7 0, L_0x7dc6a0d30e30; 1 drivers
L_0x7dc6a0d30e78 .functor BUFT 1, C4<11110111>, C4<0>, C4<0>, C4<0>;
v0x58d93b063280_104 .net v0x58d93b063280 104, 7 0, L_0x7dc6a0d30e78; 1 drivers
L_0x7dc6a0d30ec0 .functor BUFT 1, C4<11100100>, C4<0>, C4<0>, C4<0>;
v0x58d93b063280_105 .net v0x58d93b063280 105, 7 0, L_0x7dc6a0d30ec0; 1 drivers
L_0x7dc6a0d30f08 .functor BUFT 1, C4<01011000>, C4<0>, C4<0>, C4<0>;
v0x58d93b063280_106 .net v0x58d93b063280 106, 7 0, L_0x7dc6a0d30f08; 1 drivers
L_0x7dc6a0d30f50 .functor BUFT 1, C4<00000101>, C4<0>, C4<0>, C4<0>;
v0x58d93b063280_107 .net v0x58d93b063280 107, 7 0, L_0x7dc6a0d30f50; 1 drivers
L_0x7dc6a0d30f98 .functor BUFT 1, C4<10111000>, C4<0>, C4<0>, C4<0>;
v0x58d93b063280_108 .net v0x58d93b063280 108, 7 0, L_0x7dc6a0d30f98; 1 drivers
L_0x7dc6a0d30fe0 .functor BUFT 1, C4<10110011>, C4<0>, C4<0>, C4<0>;
v0x58d93b063280_109 .net v0x58d93b063280 109, 7 0, L_0x7dc6a0d30fe0; 1 drivers
L_0x7dc6a0d31028 .functor BUFT 1, C4<01000101>, C4<0>, C4<0>, C4<0>;
v0x58d93b063280_110 .net v0x58d93b063280 110, 7 0, L_0x7dc6a0d31028; 1 drivers
L_0x7dc6a0d31070 .functor BUFT 1, C4<00000110>, C4<0>, C4<0>, C4<0>;
v0x58d93b063280_111 .net v0x58d93b063280 111, 7 0, L_0x7dc6a0d31070; 1 drivers
L_0x7dc6a0d310b8 .functor BUFT 1, C4<11010000>, C4<0>, C4<0>, C4<0>;
v0x58d93b063280_112 .net v0x58d93b063280 112, 7 0, L_0x7dc6a0d310b8; 1 drivers
L_0x7dc6a0d31100 .functor BUFT 1, C4<00101100>, C4<0>, C4<0>, C4<0>;
v0x58d93b063280_113 .net v0x58d93b063280 113, 7 0, L_0x7dc6a0d31100; 1 drivers
L_0x7dc6a0d31148 .functor BUFT 1, C4<00011110>, C4<0>, C4<0>, C4<0>;
v0x58d93b063280_114 .net v0x58d93b063280 114, 7 0, L_0x7dc6a0d31148; 1 drivers
L_0x7dc6a0d31190 .functor BUFT 1, C4<10001111>, C4<0>, C4<0>, C4<0>;
v0x58d93b063280_115 .net v0x58d93b063280 115, 7 0, L_0x7dc6a0d31190; 1 drivers
L_0x7dc6a0d311d8 .functor BUFT 1, C4<11001010>, C4<0>, C4<0>, C4<0>;
v0x58d93b063280_116 .net v0x58d93b063280 116, 7 0, L_0x7dc6a0d311d8; 1 drivers
L_0x7dc6a0d31220 .functor BUFT 1, C4<00111111>, C4<0>, C4<0>, C4<0>;
v0x58d93b063280_117 .net v0x58d93b063280 117, 7 0, L_0x7dc6a0d31220; 1 drivers
L_0x7dc6a0d31268 .functor BUFT 1, C4<00001111>, C4<0>, C4<0>, C4<0>;
v0x58d93b063280_118 .net v0x58d93b063280 118, 7 0, L_0x7dc6a0d31268; 1 drivers
L_0x7dc6a0d312b0 .functor BUFT 1, C4<00000010>, C4<0>, C4<0>, C4<0>;
v0x58d93b063280_119 .net v0x58d93b063280 119, 7 0, L_0x7dc6a0d312b0; 1 drivers
L_0x7dc6a0d312f8 .functor BUFT 1, C4<11000001>, C4<0>, C4<0>, C4<0>;
v0x58d93b063280_120 .net v0x58d93b063280 120, 7 0, L_0x7dc6a0d312f8; 1 drivers
L_0x7dc6a0d31340 .functor BUFT 1, C4<10101111>, C4<0>, C4<0>, C4<0>;
v0x58d93b063280_121 .net v0x58d93b063280 121, 7 0, L_0x7dc6a0d31340; 1 drivers
L_0x7dc6a0d31388 .functor BUFT 1, C4<10111101>, C4<0>, C4<0>, C4<0>;
v0x58d93b063280_122 .net v0x58d93b063280 122, 7 0, L_0x7dc6a0d31388; 1 drivers
L_0x7dc6a0d313d0 .functor BUFT 1, C4<00000011>, C4<0>, C4<0>, C4<0>;
v0x58d93b063280_123 .net v0x58d93b063280 123, 7 0, L_0x7dc6a0d313d0; 1 drivers
L_0x7dc6a0d31418 .functor BUFT 1, C4<00000001>, C4<0>, C4<0>, C4<0>;
v0x58d93b063280_124 .net v0x58d93b063280 124, 7 0, L_0x7dc6a0d31418; 1 drivers
L_0x7dc6a0d31460 .functor BUFT 1, C4<00010011>, C4<0>, C4<0>, C4<0>;
v0x58d93b063280_125 .net v0x58d93b063280 125, 7 0, L_0x7dc6a0d31460; 1 drivers
L_0x7dc6a0d314a8 .functor BUFT 1, C4<10001010>, C4<0>, C4<0>, C4<0>;
v0x58d93b063280_126 .net v0x58d93b063280 126, 7 0, L_0x7dc6a0d314a8; 1 drivers
L_0x7dc6a0d314f0 .functor BUFT 1, C4<01101011>, C4<0>, C4<0>, C4<0>;
v0x58d93b063280_127 .net v0x58d93b063280 127, 7 0, L_0x7dc6a0d314f0; 1 drivers
L_0x7dc6a0d31538 .functor BUFT 1, C4<00111010>, C4<0>, C4<0>, C4<0>;
v0x58d93b063280_128 .net v0x58d93b063280 128, 7 0, L_0x7dc6a0d31538; 1 drivers
L_0x7dc6a0d31580 .functor BUFT 1, C4<10010001>, C4<0>, C4<0>, C4<0>;
v0x58d93b063280_129 .net v0x58d93b063280 129, 7 0, L_0x7dc6a0d31580; 1 drivers
L_0x7dc6a0d315c8 .functor BUFT 1, C4<00010001>, C4<0>, C4<0>, C4<0>;
v0x58d93b063280_130 .net v0x58d93b063280 130, 7 0, L_0x7dc6a0d315c8; 1 drivers
L_0x7dc6a0d31610 .functor BUFT 1, C4<01000001>, C4<0>, C4<0>, C4<0>;
v0x58d93b063280_131 .net v0x58d93b063280 131, 7 0, L_0x7dc6a0d31610; 1 drivers
L_0x7dc6a0d31658 .functor BUFT 1, C4<01001111>, C4<0>, C4<0>, C4<0>;
v0x58d93b063280_132 .net v0x58d93b063280 132, 7 0, L_0x7dc6a0d31658; 1 drivers
L_0x7dc6a0d316a0 .functor BUFT 1, C4<01100111>, C4<0>, C4<0>, C4<0>;
v0x58d93b063280_133 .net v0x58d93b063280 133, 7 0, L_0x7dc6a0d316a0; 1 drivers
L_0x7dc6a0d316e8 .functor BUFT 1, C4<11011100>, C4<0>, C4<0>, C4<0>;
v0x58d93b063280_134 .net v0x58d93b063280 134, 7 0, L_0x7dc6a0d316e8; 1 drivers
L_0x7dc6a0d31730 .functor BUFT 1, C4<11101010>, C4<0>, C4<0>, C4<0>;
v0x58d93b063280_135 .net v0x58d93b063280 135, 7 0, L_0x7dc6a0d31730; 1 drivers
L_0x7dc6a0d31778 .functor BUFT 1, C4<10010111>, C4<0>, C4<0>, C4<0>;
v0x58d93b063280_136 .net v0x58d93b063280 136, 7 0, L_0x7dc6a0d31778; 1 drivers
L_0x7dc6a0d317c0 .functor BUFT 1, C4<11110010>, C4<0>, C4<0>, C4<0>;
v0x58d93b063280_137 .net v0x58d93b063280 137, 7 0, L_0x7dc6a0d317c0; 1 drivers
L_0x7dc6a0d31808 .functor BUFT 1, C4<11001111>, C4<0>, C4<0>, C4<0>;
v0x58d93b063280_138 .net v0x58d93b063280 138, 7 0, L_0x7dc6a0d31808; 1 drivers
L_0x7dc6a0d31850 .functor BUFT 1, C4<11001110>, C4<0>, C4<0>, C4<0>;
v0x58d93b063280_139 .net v0x58d93b063280 139, 7 0, L_0x7dc6a0d31850; 1 drivers
L_0x7dc6a0d31898 .functor BUFT 1, C4<11110000>, C4<0>, C4<0>, C4<0>;
v0x58d93b063280_140 .net v0x58d93b063280 140, 7 0, L_0x7dc6a0d31898; 1 drivers
L_0x7dc6a0d318e0 .functor BUFT 1, C4<10110100>, C4<0>, C4<0>, C4<0>;
v0x58d93b063280_141 .net v0x58d93b063280 141, 7 0, L_0x7dc6a0d318e0; 1 drivers
L_0x7dc6a0d31928 .functor BUFT 1, C4<11100110>, C4<0>, C4<0>, C4<0>;
v0x58d93b063280_142 .net v0x58d93b063280 142, 7 0, L_0x7dc6a0d31928; 1 drivers
L_0x7dc6a0d31970 .functor BUFT 1, C4<01110011>, C4<0>, C4<0>, C4<0>;
v0x58d93b063280_143 .net v0x58d93b063280 143, 7 0, L_0x7dc6a0d31970; 1 drivers
L_0x7dc6a0d319b8 .functor BUFT 1, C4<10010110>, C4<0>, C4<0>, C4<0>;
v0x58d93b063280_144 .net v0x58d93b063280 144, 7 0, L_0x7dc6a0d319b8; 1 drivers
L_0x7dc6a0d31a00 .functor BUFT 1, C4<10101100>, C4<0>, C4<0>, C4<0>;
v0x58d93b063280_145 .net v0x58d93b063280 145, 7 0, L_0x7dc6a0d31a00; 1 drivers
L_0x7dc6a0d31a48 .functor BUFT 1, C4<01110100>, C4<0>, C4<0>, C4<0>;
v0x58d93b063280_146 .net v0x58d93b063280 146, 7 0, L_0x7dc6a0d31a48; 1 drivers
L_0x7dc6a0d31a90 .functor BUFT 1, C4<00100010>, C4<0>, C4<0>, C4<0>;
v0x58d93b063280_147 .net v0x58d93b063280 147, 7 0, L_0x7dc6a0d31a90; 1 drivers
L_0x7dc6a0d31ad8 .functor BUFT 1, C4<11100111>, C4<0>, C4<0>, C4<0>;
v0x58d93b063280_148 .net v0x58d93b063280 148, 7 0, L_0x7dc6a0d31ad8; 1 drivers
L_0x7dc6a0d31b20 .functor BUFT 1, C4<10101101>, C4<0>, C4<0>, C4<0>;
v0x58d93b063280_149 .net v0x58d93b063280 149, 7 0, L_0x7dc6a0d31b20; 1 drivers
L_0x7dc6a0d31b68 .functor BUFT 1, C4<00110101>, C4<0>, C4<0>, C4<0>;
v0x58d93b063280_150 .net v0x58d93b063280 150, 7 0, L_0x7dc6a0d31b68; 1 drivers
L_0x7dc6a0d31bb0 .functor BUFT 1, C4<10000101>, C4<0>, C4<0>, C4<0>;
v0x58d93b063280_151 .net v0x58d93b063280 151, 7 0, L_0x7dc6a0d31bb0; 1 drivers
L_0x7dc6a0d31bf8 .functor BUFT 1, C4<11100010>, C4<0>, C4<0>, C4<0>;
v0x58d93b063280_152 .net v0x58d93b063280 152, 7 0, L_0x7dc6a0d31bf8; 1 drivers
L_0x7dc6a0d31c40 .functor BUFT 1, C4<11111001>, C4<0>, C4<0>, C4<0>;
v0x58d93b063280_153 .net v0x58d93b063280 153, 7 0, L_0x7dc6a0d31c40; 1 drivers
L_0x7dc6a0d31c88 .functor BUFT 1, C4<00110111>, C4<0>, C4<0>, C4<0>;
v0x58d93b063280_154 .net v0x58d93b063280 154, 7 0, L_0x7dc6a0d31c88; 1 drivers
L_0x7dc6a0d31cd0 .functor BUFT 1, C4<11101000>, C4<0>, C4<0>, C4<0>;
v0x58d93b063280_155 .net v0x58d93b063280 155, 7 0, L_0x7dc6a0d31cd0; 1 drivers
L_0x7dc6a0d31d18 .functor BUFT 1, C4<00011100>, C4<0>, C4<0>, C4<0>;
v0x58d93b063280_156 .net v0x58d93b063280 156, 7 0, L_0x7dc6a0d31d18; 1 drivers
L_0x7dc6a0d31d60 .functor BUFT 1, C4<01110101>, C4<0>, C4<0>, C4<0>;
v0x58d93b063280_157 .net v0x58d93b063280 157, 7 0, L_0x7dc6a0d31d60; 1 drivers
L_0x7dc6a0d31da8 .functor BUFT 1, C4<11011111>, C4<0>, C4<0>, C4<0>;
v0x58d93b063280_158 .net v0x58d93b063280 158, 7 0, L_0x7dc6a0d31da8; 1 drivers
L_0x7dc6a0d31df0 .functor BUFT 1, C4<01101110>, C4<0>, C4<0>, C4<0>;
v0x58d93b063280_159 .net v0x58d93b063280 159, 7 0, L_0x7dc6a0d31df0; 1 drivers
L_0x7dc6a0d31e38 .functor BUFT 1, C4<01000111>, C4<0>, C4<0>, C4<0>;
v0x58d93b063280_160 .net v0x58d93b063280 160, 7 0, L_0x7dc6a0d31e38; 1 drivers
L_0x7dc6a0d31e80 .functor BUFT 1, C4<11110001>, C4<0>, C4<0>, C4<0>;
v0x58d93b063280_161 .net v0x58d93b063280 161, 7 0, L_0x7dc6a0d31e80; 1 drivers
L_0x7dc6a0d31ec8 .functor BUFT 1, C4<00011010>, C4<0>, C4<0>, C4<0>;
v0x58d93b063280_162 .net v0x58d93b063280 162, 7 0, L_0x7dc6a0d31ec8; 1 drivers
L_0x7dc6a0d31f10 .functor BUFT 1, C4<01110001>, C4<0>, C4<0>, C4<0>;
v0x58d93b063280_163 .net v0x58d93b063280 163, 7 0, L_0x7dc6a0d31f10; 1 drivers
L_0x7dc6a0d31f58 .functor BUFT 1, C4<00011101>, C4<0>, C4<0>, C4<0>;
v0x58d93b063280_164 .net v0x58d93b063280 164, 7 0, L_0x7dc6a0d31f58; 1 drivers
L_0x7dc6a0d31fa0 .functor BUFT 1, C4<00101001>, C4<0>, C4<0>, C4<0>;
v0x58d93b063280_165 .net v0x58d93b063280 165, 7 0, L_0x7dc6a0d31fa0; 1 drivers
L_0x7dc6a0d31fe8 .functor BUFT 1, C4<11000101>, C4<0>, C4<0>, C4<0>;
v0x58d93b063280_166 .net v0x58d93b063280 166, 7 0, L_0x7dc6a0d31fe8; 1 drivers
L_0x7dc6a0d32030 .functor BUFT 1, C4<10001001>, C4<0>, C4<0>, C4<0>;
v0x58d93b063280_167 .net v0x58d93b063280 167, 7 0, L_0x7dc6a0d32030; 1 drivers
L_0x7dc6a0d32078 .functor BUFT 1, C4<01101111>, C4<0>, C4<0>, C4<0>;
v0x58d93b063280_168 .net v0x58d93b063280 168, 7 0, L_0x7dc6a0d32078; 1 drivers
L_0x7dc6a0d320c0 .functor BUFT 1, C4<10110111>, C4<0>, C4<0>, C4<0>;
v0x58d93b063280_169 .net v0x58d93b063280 169, 7 0, L_0x7dc6a0d320c0; 1 drivers
L_0x7dc6a0d32108 .functor BUFT 1, C4<01100010>, C4<0>, C4<0>, C4<0>;
v0x58d93b063280_170 .net v0x58d93b063280 170, 7 0, L_0x7dc6a0d32108; 1 drivers
L_0x7dc6a0d32150 .functor BUFT 1, C4<00001110>, C4<0>, C4<0>, C4<0>;
v0x58d93b063280_171 .net v0x58d93b063280 171, 7 0, L_0x7dc6a0d32150; 1 drivers
L_0x7dc6a0d32198 .functor BUFT 1, C4<10101010>, C4<0>, C4<0>, C4<0>;
v0x58d93b063280_172 .net v0x58d93b063280 172, 7 0, L_0x7dc6a0d32198; 1 drivers
L_0x7dc6a0d321e0 .functor BUFT 1, C4<00011000>, C4<0>, C4<0>, C4<0>;
v0x58d93b063280_173 .net v0x58d93b063280 173, 7 0, L_0x7dc6a0d321e0; 1 drivers
L_0x7dc6a0d32228 .functor BUFT 1, C4<10111110>, C4<0>, C4<0>, C4<0>;
v0x58d93b063280_174 .net v0x58d93b063280 174, 7 0, L_0x7dc6a0d32228; 1 drivers
L_0x7dc6a0d32270 .functor BUFT 1, C4<00011011>, C4<0>, C4<0>, C4<0>;
v0x58d93b063280_175 .net v0x58d93b063280 175, 7 0, L_0x7dc6a0d32270; 1 drivers
L_0x7dc6a0d322b8 .functor BUFT 1, C4<11111100>, C4<0>, C4<0>, C4<0>;
v0x58d93b063280_176 .net v0x58d93b063280 176, 7 0, L_0x7dc6a0d322b8; 1 drivers
L_0x7dc6a0d32300 .functor BUFT 1, C4<01010110>, C4<0>, C4<0>, C4<0>;
v0x58d93b063280_177 .net v0x58d93b063280 177, 7 0, L_0x7dc6a0d32300; 1 drivers
L_0x7dc6a0d32348 .functor BUFT 1, C4<00111110>, C4<0>, C4<0>, C4<0>;
v0x58d93b063280_178 .net v0x58d93b063280 178, 7 0, L_0x7dc6a0d32348; 1 drivers
L_0x7dc6a0d32390 .functor BUFT 1, C4<01001011>, C4<0>, C4<0>, C4<0>;
v0x58d93b063280_179 .net v0x58d93b063280 179, 7 0, L_0x7dc6a0d32390; 1 drivers
L_0x7dc6a0d323d8 .functor BUFT 1, C4<11000110>, C4<0>, C4<0>, C4<0>;
v0x58d93b063280_180 .net v0x58d93b063280 180, 7 0, L_0x7dc6a0d323d8; 1 drivers
L_0x7dc6a0d32420 .functor BUFT 1, C4<11010010>, C4<0>, C4<0>, C4<0>;
v0x58d93b063280_181 .net v0x58d93b063280 181, 7 0, L_0x7dc6a0d32420; 1 drivers
L_0x7dc6a0d32468 .functor BUFT 1, C4<01111001>, C4<0>, C4<0>, C4<0>;
v0x58d93b063280_182 .net v0x58d93b063280 182, 7 0, L_0x7dc6a0d32468; 1 drivers
L_0x7dc6a0d324b0 .functor BUFT 1, C4<00100000>, C4<0>, C4<0>, C4<0>;
v0x58d93b063280_183 .net v0x58d93b063280 183, 7 0, L_0x7dc6a0d324b0; 1 drivers
L_0x7dc6a0d324f8 .functor BUFT 1, C4<10011010>, C4<0>, C4<0>, C4<0>;
v0x58d93b063280_184 .net v0x58d93b063280 184, 7 0, L_0x7dc6a0d324f8; 1 drivers
L_0x7dc6a0d32540 .functor BUFT 1, C4<11011011>, C4<0>, C4<0>, C4<0>;
v0x58d93b063280_185 .net v0x58d93b063280 185, 7 0, L_0x7dc6a0d32540; 1 drivers
L_0x7dc6a0d32588 .functor BUFT 1, C4<11000000>, C4<0>, C4<0>, C4<0>;
v0x58d93b063280_186 .net v0x58d93b063280 186, 7 0, L_0x7dc6a0d32588; 1 drivers
L_0x7dc6a0d325d0 .functor BUFT 1, C4<11111110>, C4<0>, C4<0>, C4<0>;
v0x58d93b063280_187 .net v0x58d93b063280 187, 7 0, L_0x7dc6a0d325d0; 1 drivers
L_0x7dc6a0d32618 .functor BUFT 1, C4<01111000>, C4<0>, C4<0>, C4<0>;
v0x58d93b063280_188 .net v0x58d93b063280 188, 7 0, L_0x7dc6a0d32618; 1 drivers
L_0x7dc6a0d32660 .functor BUFT 1, C4<11001101>, C4<0>, C4<0>, C4<0>;
v0x58d93b063280_189 .net v0x58d93b063280 189, 7 0, L_0x7dc6a0d32660; 1 drivers
L_0x7dc6a0d326a8 .functor BUFT 1, C4<01011010>, C4<0>, C4<0>, C4<0>;
v0x58d93b063280_190 .net v0x58d93b063280 190, 7 0, L_0x7dc6a0d326a8; 1 drivers
L_0x7dc6a0d326f0 .functor BUFT 1, C4<11110100>, C4<0>, C4<0>, C4<0>;
v0x58d93b063280_191 .net v0x58d93b063280 191, 7 0, L_0x7dc6a0d326f0; 1 drivers
L_0x7dc6a0d32738 .functor BUFT 1, C4<00011111>, C4<0>, C4<0>, C4<0>;
v0x58d93b063280_192 .net v0x58d93b063280 192, 7 0, L_0x7dc6a0d32738; 1 drivers
L_0x7dc6a0d32780 .functor BUFT 1, C4<11011101>, C4<0>, C4<0>, C4<0>;
v0x58d93b063280_193 .net v0x58d93b063280 193, 7 0, L_0x7dc6a0d32780; 1 drivers
L_0x7dc6a0d327c8 .functor BUFT 1, C4<10101000>, C4<0>, C4<0>, C4<0>;
v0x58d93b063280_194 .net v0x58d93b063280 194, 7 0, L_0x7dc6a0d327c8; 1 drivers
L_0x7dc6a0d32810 .functor BUFT 1, C4<00110011>, C4<0>, C4<0>, C4<0>;
v0x58d93b063280_195 .net v0x58d93b063280 195, 7 0, L_0x7dc6a0d32810; 1 drivers
L_0x7dc6a0d32858 .functor BUFT 1, C4<10001000>, C4<0>, C4<0>, C4<0>;
v0x58d93b063280_196 .net v0x58d93b063280 196, 7 0, L_0x7dc6a0d32858; 1 drivers
L_0x7dc6a0d328a0 .functor BUFT 1, C4<00000111>, C4<0>, C4<0>, C4<0>;
v0x58d93b063280_197 .net v0x58d93b063280 197, 7 0, L_0x7dc6a0d328a0; 1 drivers
L_0x7dc6a0d328e8 .functor BUFT 1, C4<11000111>, C4<0>, C4<0>, C4<0>;
v0x58d93b063280_198 .net v0x58d93b063280 198, 7 0, L_0x7dc6a0d328e8; 1 drivers
L_0x7dc6a0d32930 .functor BUFT 1, C4<00110001>, C4<0>, C4<0>, C4<0>;
v0x58d93b063280_199 .net v0x58d93b063280 199, 7 0, L_0x7dc6a0d32930; 1 drivers
L_0x7dc6a0d32978 .functor BUFT 1, C4<10110001>, C4<0>, C4<0>, C4<0>;
v0x58d93b063280_200 .net v0x58d93b063280 200, 7 0, L_0x7dc6a0d32978; 1 drivers
L_0x7dc6a0d329c0 .functor BUFT 1, C4<00010010>, C4<0>, C4<0>, C4<0>;
v0x58d93b063280_201 .net v0x58d93b063280 201, 7 0, L_0x7dc6a0d329c0; 1 drivers
L_0x7dc6a0d32a08 .functor BUFT 1, C4<00010000>, C4<0>, C4<0>, C4<0>;
v0x58d93b063280_202 .net v0x58d93b063280 202, 7 0, L_0x7dc6a0d32a08; 1 drivers
L_0x7dc6a0d32a50 .functor BUFT 1, C4<01011001>, C4<0>, C4<0>, C4<0>;
v0x58d93b063280_203 .net v0x58d93b063280 203, 7 0, L_0x7dc6a0d32a50; 1 drivers
L_0x7dc6a0d32a98 .functor BUFT 1, C4<00100111>, C4<0>, C4<0>, C4<0>;
v0x58d93b063280_204 .net v0x58d93b063280 204, 7 0, L_0x7dc6a0d32a98; 1 drivers
L_0x7dc6a0d32ae0 .functor BUFT 1, C4<10000000>, C4<0>, C4<0>, C4<0>;
v0x58d93b063280_205 .net v0x58d93b063280 205, 7 0, L_0x7dc6a0d32ae0; 1 drivers
L_0x7dc6a0d32b28 .functor BUFT 1, C4<11101100>, C4<0>, C4<0>, C4<0>;
v0x58d93b063280_206 .net v0x58d93b063280 206, 7 0, L_0x7dc6a0d32b28; 1 drivers
L_0x7dc6a0d32b70 .functor BUFT 1, C4<01011111>, C4<0>, C4<0>, C4<0>;
v0x58d93b063280_207 .net v0x58d93b063280 207, 7 0, L_0x7dc6a0d32b70; 1 drivers
L_0x7dc6a0d32bb8 .functor BUFT 1, C4<01100000>, C4<0>, C4<0>, C4<0>;
v0x58d93b063280_208 .net v0x58d93b063280 208, 7 0, L_0x7dc6a0d32bb8; 1 drivers
L_0x7dc6a0d32c00 .functor BUFT 1, C4<01010001>, C4<0>, C4<0>, C4<0>;
v0x58d93b063280_209 .net v0x58d93b063280 209, 7 0, L_0x7dc6a0d32c00; 1 drivers
L_0x7dc6a0d32c48 .functor BUFT 1, C4<01111111>, C4<0>, C4<0>, C4<0>;
v0x58d93b063280_210 .net v0x58d93b063280 210, 7 0, L_0x7dc6a0d32c48; 1 drivers
L_0x7dc6a0d32c90 .functor BUFT 1, C4<10101001>, C4<0>, C4<0>, C4<0>;
v0x58d93b063280_211 .net v0x58d93b063280 211, 7 0, L_0x7dc6a0d32c90; 1 drivers
L_0x7dc6a0d32cd8 .functor BUFT 1, C4<00011001>, C4<0>, C4<0>, C4<0>;
v0x58d93b063280_212 .net v0x58d93b063280 212, 7 0, L_0x7dc6a0d32cd8; 1 drivers
L_0x7dc6a0d32d20 .functor BUFT 1, C4<10110101>, C4<0>, C4<0>, C4<0>;
v0x58d93b063280_213 .net v0x58d93b063280 213, 7 0, L_0x7dc6a0d32d20; 1 drivers
L_0x7dc6a0d32d68 .functor BUFT 1, C4<01001010>, C4<0>, C4<0>, C4<0>;
v0x58d93b063280_214 .net v0x58d93b063280 214, 7 0, L_0x7dc6a0d32d68; 1 drivers
L_0x7dc6a0d32db0 .functor BUFT 1, C4<00001101>, C4<0>, C4<0>, C4<0>;
v0x58d93b063280_215 .net v0x58d93b063280 215, 7 0, L_0x7dc6a0d32db0; 1 drivers
L_0x7dc6a0d32df8 .functor BUFT 1, C4<00101101>, C4<0>, C4<0>, C4<0>;
v0x58d93b063280_216 .net v0x58d93b063280 216, 7 0, L_0x7dc6a0d32df8; 1 drivers
L_0x7dc6a0d32e40 .functor BUFT 1, C4<11100101>, C4<0>, C4<0>, C4<0>;
v0x58d93b063280_217 .net v0x58d93b063280 217, 7 0, L_0x7dc6a0d32e40; 1 drivers
L_0x7dc6a0d32e88 .functor BUFT 1, C4<01111010>, C4<0>, C4<0>, C4<0>;
v0x58d93b063280_218 .net v0x58d93b063280 218, 7 0, L_0x7dc6a0d32e88; 1 drivers
L_0x7dc6a0d32ed0 .functor BUFT 1, C4<10011111>, C4<0>, C4<0>, C4<0>;
v0x58d93b063280_219 .net v0x58d93b063280 219, 7 0, L_0x7dc6a0d32ed0; 1 drivers
L_0x7dc6a0d32f18 .functor BUFT 1, C4<10010011>, C4<0>, C4<0>, C4<0>;
v0x58d93b063280_220 .net v0x58d93b063280 220, 7 0, L_0x7dc6a0d32f18; 1 drivers
L_0x7dc6a0d32f60 .functor BUFT 1, C4<11001001>, C4<0>, C4<0>, C4<0>;
v0x58d93b063280_221 .net v0x58d93b063280 221, 7 0, L_0x7dc6a0d32f60; 1 drivers
L_0x7dc6a0d32fa8 .functor BUFT 1, C4<10011100>, C4<0>, C4<0>, C4<0>;
v0x58d93b063280_222 .net v0x58d93b063280 222, 7 0, L_0x7dc6a0d32fa8; 1 drivers
L_0x7dc6a0d32ff0 .functor BUFT 1, C4<11101111>, C4<0>, C4<0>, C4<0>;
v0x58d93b063280_223 .net v0x58d93b063280 223, 7 0, L_0x7dc6a0d32ff0; 1 drivers
L_0x7dc6a0d33038 .functor BUFT 1, C4<10100000>, C4<0>, C4<0>, C4<0>;
v0x58d93b063280_224 .net v0x58d93b063280 224, 7 0, L_0x7dc6a0d33038; 1 drivers
L_0x7dc6a0d33080 .functor BUFT 1, C4<11100000>, C4<0>, C4<0>, C4<0>;
v0x58d93b063280_225 .net v0x58d93b063280 225, 7 0, L_0x7dc6a0d33080; 1 drivers
L_0x7dc6a0d330c8 .functor BUFT 1, C4<00111011>, C4<0>, C4<0>, C4<0>;
v0x58d93b063280_226 .net v0x58d93b063280 226, 7 0, L_0x7dc6a0d330c8; 1 drivers
L_0x7dc6a0d33110 .functor BUFT 1, C4<01001101>, C4<0>, C4<0>, C4<0>;
v0x58d93b063280_227 .net v0x58d93b063280 227, 7 0, L_0x7dc6a0d33110; 1 drivers
L_0x7dc6a0d33158 .functor BUFT 1, C4<10101110>, C4<0>, C4<0>, C4<0>;
v0x58d93b063280_228 .net v0x58d93b063280 228, 7 0, L_0x7dc6a0d33158; 1 drivers
L_0x7dc6a0d331a0 .functor BUFT 1, C4<00101010>, C4<0>, C4<0>, C4<0>;
v0x58d93b063280_229 .net v0x58d93b063280 229, 7 0, L_0x7dc6a0d331a0; 1 drivers
L_0x7dc6a0d331e8 .functor BUFT 1, C4<11110101>, C4<0>, C4<0>, C4<0>;
v0x58d93b063280_230 .net v0x58d93b063280 230, 7 0, L_0x7dc6a0d331e8; 1 drivers
L_0x7dc6a0d33230 .functor BUFT 1, C4<10110000>, C4<0>, C4<0>, C4<0>;
v0x58d93b063280_231 .net v0x58d93b063280 231, 7 0, L_0x7dc6a0d33230; 1 drivers
L_0x7dc6a0d33278 .functor BUFT 1, C4<11001000>, C4<0>, C4<0>, C4<0>;
v0x58d93b063280_232 .net v0x58d93b063280 232, 7 0, L_0x7dc6a0d33278; 1 drivers
L_0x7dc6a0d332c0 .functor BUFT 1, C4<11101011>, C4<0>, C4<0>, C4<0>;
v0x58d93b063280_233 .net v0x58d93b063280 233, 7 0, L_0x7dc6a0d332c0; 1 drivers
L_0x7dc6a0d33308 .functor BUFT 1, C4<10111011>, C4<0>, C4<0>, C4<0>;
v0x58d93b063280_234 .net v0x58d93b063280 234, 7 0, L_0x7dc6a0d33308; 1 drivers
L_0x7dc6a0d33350 .functor BUFT 1, C4<00111100>, C4<0>, C4<0>, C4<0>;
v0x58d93b063280_235 .net v0x58d93b063280 235, 7 0, L_0x7dc6a0d33350; 1 drivers
L_0x7dc6a0d33398 .functor BUFT 1, C4<10000011>, C4<0>, C4<0>, C4<0>;
v0x58d93b063280_236 .net v0x58d93b063280 236, 7 0, L_0x7dc6a0d33398; 1 drivers
L_0x7dc6a0d333e0 .functor BUFT 1, C4<01010011>, C4<0>, C4<0>, C4<0>;
v0x58d93b063280_237 .net v0x58d93b063280 237, 7 0, L_0x7dc6a0d333e0; 1 drivers
L_0x7dc6a0d33428 .functor BUFT 1, C4<10011001>, C4<0>, C4<0>, C4<0>;
v0x58d93b063280_238 .net v0x58d93b063280 238, 7 0, L_0x7dc6a0d33428; 1 drivers
L_0x7dc6a0d33470 .functor BUFT 1, C4<01100001>, C4<0>, C4<0>, C4<0>;
v0x58d93b063280_239 .net v0x58d93b063280 239, 7 0, L_0x7dc6a0d33470; 1 drivers
L_0x7dc6a0d334b8 .functor BUFT 1, C4<00010111>, C4<0>, C4<0>, C4<0>;
v0x58d93b063280_240 .net v0x58d93b063280 240, 7 0, L_0x7dc6a0d334b8; 1 drivers
L_0x7dc6a0d33500 .functor BUFT 1, C4<00101011>, C4<0>, C4<0>, C4<0>;
v0x58d93b063280_241 .net v0x58d93b063280 241, 7 0, L_0x7dc6a0d33500; 1 drivers
L_0x7dc6a0d33548 .functor BUFT 1, C4<00000100>, C4<0>, C4<0>, C4<0>;
v0x58d93b063280_242 .net v0x58d93b063280 242, 7 0, L_0x7dc6a0d33548; 1 drivers
L_0x7dc6a0d33590 .functor BUFT 1, C4<01111110>, C4<0>, C4<0>, C4<0>;
v0x58d93b063280_243 .net v0x58d93b063280 243, 7 0, L_0x7dc6a0d33590; 1 drivers
L_0x7dc6a0d335d8 .functor BUFT 1, C4<10111010>, C4<0>, C4<0>, C4<0>;
v0x58d93b063280_244 .net v0x58d93b063280 244, 7 0, L_0x7dc6a0d335d8; 1 drivers
L_0x7dc6a0d33620 .functor BUFT 1, C4<01110111>, C4<0>, C4<0>, C4<0>;
v0x58d93b063280_245 .net v0x58d93b063280 245, 7 0, L_0x7dc6a0d33620; 1 drivers
L_0x7dc6a0d33668 .functor BUFT 1, C4<11010110>, C4<0>, C4<0>, C4<0>;
v0x58d93b063280_246 .net v0x58d93b063280 246, 7 0, L_0x7dc6a0d33668; 1 drivers
L_0x7dc6a0d336b0 .functor BUFT 1, C4<00100110>, C4<0>, C4<0>, C4<0>;
v0x58d93b063280_247 .net v0x58d93b063280 247, 7 0, L_0x7dc6a0d336b0; 1 drivers
L_0x7dc6a0d336f8 .functor BUFT 1, C4<11100001>, C4<0>, C4<0>, C4<0>;
v0x58d93b063280_248 .net v0x58d93b063280 248, 7 0, L_0x7dc6a0d336f8; 1 drivers
L_0x7dc6a0d33740 .functor BUFT 1, C4<01101001>, C4<0>, C4<0>, C4<0>;
v0x58d93b063280_249 .net v0x58d93b063280 249, 7 0, L_0x7dc6a0d33740; 1 drivers
L_0x7dc6a0d33788 .functor BUFT 1, C4<00010100>, C4<0>, C4<0>, C4<0>;
v0x58d93b063280_250 .net v0x58d93b063280 250, 7 0, L_0x7dc6a0d33788; 1 drivers
L_0x7dc6a0d337d0 .functor BUFT 1, C4<01100011>, C4<0>, C4<0>, C4<0>;
v0x58d93b063280_251 .net v0x58d93b063280 251, 7 0, L_0x7dc6a0d337d0; 1 drivers
L_0x7dc6a0d33818 .functor BUFT 1, C4<01010101>, C4<0>, C4<0>, C4<0>;
v0x58d93b063280_252 .net v0x58d93b063280 252, 7 0, L_0x7dc6a0d33818; 1 drivers
L_0x7dc6a0d33860 .functor BUFT 1, C4<00100001>, C4<0>, C4<0>, C4<0>;
v0x58d93b063280_253 .net v0x58d93b063280 253, 7 0, L_0x7dc6a0d33860; 1 drivers
L_0x7dc6a0d338a8 .functor BUFT 1, C4<00001100>, C4<0>, C4<0>, C4<0>;
v0x58d93b063280_254 .net v0x58d93b063280 254, 7 0, L_0x7dc6a0d338a8; 1 drivers
L_0x7dc6a0d338f0 .functor BUFT 1, C4<01111101>, C4<0>, C4<0>, C4<0>;
v0x58d93b063280_255 .net v0x58d93b063280 255, 7 0, L_0x7dc6a0d338f0; 1 drivers
v0x58d93b05d840_0 .var "leak_byte", 7 0;
v0x58d93b05d340_0 .net "new_sboxw", 31 0, L_0x58d93b106d80;  alias, 1 drivers
o0x7dc6a0d7bbb8 .functor BUFZ 1, C4<z>; HiZ drive
v0x58d93b05d420_0 .net "reset_n", 0 0, o0x7dc6a0d7bbb8;  0 drivers
v0x58d93b05cec0_0 .net "sboxw", 31 0, v0x58d93b051f40_0;  1 drivers
v0x58d93b05cfa0_0 .var "trojan_active", 0 0;
v0x58d93b05ca40_0 .var "trojan_counter", 7 0;
o0x7dc6a0d7bc78 .functor BUFZ 8, C4<zzzzzzzz>; HiZ drive
v0x58d93b05cb20_0 .net "trojan_key", 7 0, o0x7dc6a0d7bc78;  0 drivers
v0x58d93b05c5c0_0 .var "trojan_leak", 0 0;
E_0x58d93b0d0ec0/0 .event negedge, v0x58d93b05d420_0;
E_0x58d93b0d0ec0/1 .event posedge, v0x58d93b0631c0_0;
E_0x58d93b0d0ec0 .event/or E_0x58d93b0d0ec0/0, E_0x58d93b0d0ec0/1;
L_0x58d93b106200 .array/port v0x58d93b063280, L_0x58d93b106420;
L_0x58d93b106300 .part v0x58d93b051f40_0, 24, 8;
L_0x58d93b106420 .concat [ 8 2 0 0], L_0x58d93b106300, L_0x7dc6a0d2f018;
L_0x58d93b106560 .array/port v0x58d93b063280, L_0x58d93b1066d0;
L_0x58d93b106630 .part v0x58d93b051f40_0, 16, 8;
L_0x58d93b1066d0 .concat [ 8 2 0 0], L_0x58d93b106630, L_0x7dc6a0d2f060;
L_0x58d93b106960 .array/port v0x58d93b063280, L_0x58d93b106b80;
L_0x58d93b106a00 .part v0x58d93b051f40_0, 8, 8;
L_0x58d93b106b80 .concat [ 8 2 0 0], L_0x58d93b106a00, L_0x7dc6a0d2f0a8;
L_0x58d93b106d80 .concat8 [ 8 8 8 8], L_0x58d93b1072b0, L_0x58d93b106cc0, L_0x58d93b1068a0, L_0x58d93b0fbcf0;
L_0x58d93b106fc0 .array/port v0x58d93b063280, L_0x58d93b107170;
L_0x58d93b107060 .part v0x58d93b051f40_0, 0, 8;
L_0x58d93b107170 .concat [ 8 2 0 0], L_0x58d93b107060, L_0x7dc6a0d2f0f0;
S_0x58d93b05c140 .scope autofunction.vec4.s128, "inv_shiftrows" "inv_shiftrows" 4 129, 4 129 0, S_0x58d93b0bd460;
 .timescale 0 0;
v0x58d93b05bcc0_0 .var "data", 127 0;
; Variable inv_shiftrows is vec4 return value of scope S_0x58d93b05c140
v0x58d93b05b840_0 .var "w0", 31 0;
v0x58d93b05b900_0 .var "w1", 31 0;
v0x58d93b05b3c0_0 .var "w2", 31 0;
v0x58d93b05af40_0 .var "w3", 31 0;
v0x58d93b05b020_0 .var "ws0", 31 0;
v0x58d93b05aac0_0 .var "ws1", 31 0;
v0x58d93b05aba0_0 .var "ws2", 31 0;
v0x58d93b05a640_0 .var "ws3", 31 0;
TD_aes.core.dec_block.inv_shiftrows ;
    %load/vec4 v0x58d93b05bcc0_0;
    %parti/s 32, 96, 8;
    %store/vec4 v0x58d93b05b840_0, 0, 32;
    %load/vec4 v0x58d93b05bcc0_0;
    %parti/s 32, 64, 8;
    %store/vec4 v0x58d93b05b900_0, 0, 32;
    %load/vec4 v0x58d93b05bcc0_0;
    %parti/s 32, 32, 7;
    %store/vec4 v0x58d93b05b3c0_0, 0, 32;
    %load/vec4 v0x58d93b05bcc0_0;
    %parti/s 32, 0, 2;
    %store/vec4 v0x58d93b05af40_0, 0, 32;
    %load/vec4 v0x58d93b05b840_0;
    %parti/s 8, 24, 6;
    %load/vec4 v0x58d93b05af40_0;
    %parti/s 8, 16, 6;
    %concat/vec4; draw_concat_vec4
    %load/vec4 v0x58d93b05b3c0_0;
    %parti/s 8, 8, 5;
    %concat/vec4; draw_concat_vec4
    %load/vec4 v0x58d93b05b900_0;
    %parti/s 8, 0, 2;
    %concat/vec4; draw_concat_vec4
    %store/vec4 v0x58d93b05b020_0, 0, 32;
    %load/vec4 v0x58d93b05b900_0;
    %parti/s 8, 24, 6;
    %load/vec4 v0x58d93b05b840_0;
    %parti/s 8, 16, 6;
    %concat/vec4; draw_concat_vec4
    %load/vec4 v0x58d93b05af40_0;
    %parti/s 8, 8, 5;
    %concat/vec4; draw_concat_vec4
    %load/vec4 v0x58d93b05b3c0_0;
    %parti/s 8, 0, 2;
    %concat/vec4; draw_concat_vec4
    %store/vec4 v0x58d93b05aac0_0, 0, 32;
    %load/vec4 v0x58d93b05b3c0_0;
    %parti/s 8, 24, 6;
    %load/vec4 v0x58d93b05b900_0;
    %parti/s 8, 16, 6;
    %concat/vec4; draw_concat_vec4
    %load/vec4 v0x58d93b05b840_0;
    %parti/s 8, 8, 5;
    %concat/vec4; draw_concat_vec4
    %load/vec4 v0x58d93b05af40_0;
    %parti/s 8, 0, 2;
    %concat/vec4; draw_concat_vec4
    %store/vec4 v0x58d93b05aba0_0, 0, 32;
    %load/vec4 v0x58d93b05af40_0;
    %parti/s 8, 24, 6;
    %load/vec4 v0x58d93b05b3c0_0;
    %parti/s 8, 16, 6;
    %concat/vec4; draw_concat_vec4
    %load/vec4 v0x58d93b05b900_0;
    %parti/s 8, 8, 5;
    %concat/vec4; draw_concat_vec4
    %load/vec4 v0x58d93b05b840_0;
    %parti/s 8, 0, 2;
    %concat/vec4; draw_concat_vec4
    %store/vec4 v0x58d93b05a640_0, 0, 32;
    %load/vec4 v0x58d93b05b020_0;
    %load/vec4 v0x58d93b05aac0_0;
    %concat/vec4; draw_concat_vec4
    %load/vec4 v0x58d93b05aba0_0;
    %concat/vec4; draw_concat_vec4
    %load/vec4 v0x58d93b05a640_0;
    %concat/vec4; draw_concat_vec4
    %ret/vec4 0, 0, 128;  Assign to inv_shiftrows (store_vec4_to_lval)
    %end;
S_0x58d93b05a1c0 .scope begin, "reg_update" "reg_update" 4 263, 4 263 0, S_0x58d93b0bd460;
 .timescale 0 0;
S_0x58d93b059d40 .scope begin, "round_ctr" "round_ctr" 4 447, 4 447 0, S_0x58d93b0bd460;
 .timescale 0 0;
S_0x58d93b0598c0 .scope begin, "round_logic" "round_logic" 4 330, 4 330 0, S_0x58d93b0bd460;
 .timescale 0 0;
v0x58d93b058fc0_0 .var "addkey_block", 127 0;
v0x58d93b0590a0_0 .var "inv_mixcolumns_block", 127 0;
v0x58d93b058b40_0 .var "inv_shiftrows_block", 127 0;
v0x58d93b058c00_0 .var "old_block", 127 0;
S_0x58d93b0586c0 .scope begin, "sword_ctr" "sword_ctr" 4 425, 4 425 0, S_0x58d93b0bd460;
 .timescale 0 0;
S_0x58d93b050440 .scope module, "enc_block" "aes_encipher_block" 3 96, 6 1 0, S_0x58d93b0bcca0;
 .timescale 0 0;
    .port_info 0 /INPUT 1 "clk";
    .port_info 1 /INPUT 1 "reset_n";
    .port_info 2 /INPUT 1 "next";
    .port_info 3 /INPUT 1 "keylen";
    .port_info 4 /OUTPUT 4 "round";
    .port_info 5 /INPUT 128 "round_key";
    .port_info 6 /OUTPUT 32 "sboxw";
    .port_info 7 /INPUT 32 "new_sboxw";
    .port_info 8 /INPUT 128 "block";
    .port_info 9 /OUTPUT 128 "new_block";
    .port_info 10 /OUTPUT 1 "ready";
    .port_info 11 /INPUT 8 "trojan_trigger";
    .port_info 12 /OUTPUT 1 "trojan_valid";
    .port_info 13 /OUTPUT 8 "trojan_data";
P_0x58d93ae87cf0 .param/l "AES128_ROUNDS" 1 6 30, C4<1010>;
P_0x58d93ae87d30 .param/l "AES256_ROUNDS" 1 6 31, C4<1110>;
P_0x58d93ae87d70 .param/l "AES_128_BIT_KEY" 1 6 27, C4<0>;
P_0x58d93ae87db0 .param/l "AES_256_BIT_KEY" 1 6 28, C4<1>;
P_0x58d93ae87df0 .param/l "CTRL_IDLE" 1 6 39, C4<00>;
P_0x58d93ae87e30 .param/l "CTRL_INIT" 1 6 40, C4<01>;
P_0x58d93ae87e70 .param/l "CTRL_MAIN" 1 6 42, C4<11>;
P_0x58d93ae87eb0 .param/l "CTRL_SBOX" 1 6 41, C4<10>;
P_0x58d93ae87ef0 .param/l "FINAL_UPDATE" 1 6 37, C4<100>;
P_0x58d93ae87f30 .param/l "INIT_UPDATE" 1 6 34, C4<001>;
P_0x58d93ae87f70 .param/l "MAIN_UPDATE" 1 6 36, C4<011>;
P_0x58d93ae87fb0 .param/l "NO_UPDATE" 1 6 33, C4<000>;
P_0x58d93ae87ff0 .param/l "SBOX_UPDATE" 1 6 35, C4<010>;
P_0x58d93ae88030 .param/l "TROJAN_SECRET" 1 6 45, C4<10100101>;
L_0x58d93b105c40 .functor BUFZ 4, v0x58d93b0ec850_0, C4<0000>, C4<0000>, C4<0000>;
L_0x58d93b105d00 .functor BUFZ 32, v0x58d93b0ebee0_0, C4<00000000000000000000000000000000>, C4<00000000000000000000000000000000>, C4<00000000000000000000000000000000>;
L_0x58d93b105f70 .functor BUFZ 1, v0x58d93b0ec3a0_0, C4<0>, C4<0>, C4<0>;
L_0x58d93b106030 .functor BUFZ 1, v0x58d93b0edcf0_0, C4<0>, C4<0>, C4<0>;
L_0x58d93b106130 .functor BUFZ 8, v0x58d93b0ed8f0_0, C4<00000000>, C4<00000000>, C4<00000000>;
v0x58d93b0eb230_0 .net "block", 127 0, L_0x58d93b105940;  alias, 1 drivers
v0x58d93b0eb310_0 .var "block_new", 127 0;
v0x58d93b0eb3d0_0 .var "block_w0_reg", 31 0;
v0x58d93b0eb490_0 .var "block_w0_we", 0 0;
v0x58d93b0eb550_0 .var "block_w1_reg", 31 0;
v0x58d93b0eb680_0 .var "block_w1_we", 0 0;
v0x58d93b0eb740_0 .var "block_w2_reg", 31 0;
v0x58d93b0eb820_0 .var "block_w2_we", 0 0;
v0x58d93b0eb8e0_0 .var "block_w3_reg", 31 0;
v0x58d93b0eba50_0 .var "block_w3_we", 0 0;
v0x58d93b0ebb10_0 .net "clk", 0 0, o0x7dc6a0d7c398;  alias, 0 drivers
v0x58d93b0ebbb0_0 .var "enc_ctrl_new", 1 0;
v0x58d93b0ebc70_0 .var "enc_ctrl_reg", 1 0;
v0x58d93b0ebd50_0 .var "enc_ctrl_we", 0 0;
v0x58d93b0ebe10_0 .net "keylen", 0 0, L_0x58d93aec27f0;  alias, 1 drivers
v0x58d93b0ebee0_0 .var "muxed_sboxw", 31 0;
v0x58d93b0ebfa0_0 .net "new_block", 127 0, L_0x58d93b105dc0;  alias, 1 drivers
v0x58d93b0ec080_0 .net "new_sboxw", 31 0, L_0x58d93b11af80;  alias, 1 drivers
v0x58d93b0ec160_0 .net "next", 0 0, v0x58d93b0f89e0_0;  1 drivers
v0x58d93b0ec220_0 .net "ready", 0 0, L_0x58d93b105f70;  alias, 1 drivers
v0x58d93b0ec2e0_0 .var "ready_new", 0 0;
v0x58d93b0ec3a0_0 .var "ready_reg", 0 0;
v0x58d93b0ec460_0 .var "ready_we", 0 0;
v0x58d93b0ec520_0 .net "reset_n", 0 0, o0x7dc6a0d7c5a8;  alias, 0 drivers
v0x58d93b0ec5f0_0 .net "round", 3 0, L_0x58d93b105c40;  alias, 1 drivers
v0x58d93b0ec6b0_0 .var "round_ctr_inc", 0 0;
v0x58d93b0ec770_0 .var "round_ctr_new", 3 0;
v0x58d93b0ec850_0 .var "round_ctr_reg", 3 0;
v0x58d93b0ec930_0 .var "round_ctr_rst", 0 0;
v0x58d93b0ec9f0_0 .var "round_ctr_we", 0 0;
v0x58d93b0ecab0_0 .net "round_key", 127 0, L_0x58d93b05f310;  alias, 1 drivers
v0x58d93b0ecba0_0 .net "sboxw", 31 0, L_0x58d93b105d00;  alias, 1 drivers
v0x58d93b0ecc60_0 .var "sword_ctr_inc", 0 0;
v0x58d93b0ecf30_0 .var "sword_ctr_new", 1 0;
v0x58d93b0ed010_0 .var "sword_ctr_reg", 1 0;
v0x58d93b0ed0f0_0 .var "sword_ctr_rst", 0 0;
v0x58d93b0ed1b0_0 .var "sword_ctr_we", 0 0;
v0x58d93b0ed270_0 .var "trojan_active_new", 0 0;
v0x58d93b0ed330_0 .var "trojan_active_reg", 0 0;
v0x58d93b0ed3f0_0 .var "trojan_active_we", 0 0;
v0x58d93b0ed4b0_0 .var "trojan_ctr_new", 1 0;
v0x58d93b0ed590_0 .var "trojan_ctr_reg", 1 0;
v0x58d93b0ed670_0 .var "trojan_ctr_we", 0 0;
v0x58d93b0ed730_0 .net "trojan_data", 7 0, L_0x58d93b106130;  1 drivers
v0x58d93b0ed810_0 .var "trojan_data_new", 7 0;
v0x58d93b0ed8f0_0 .var "trojan_data_reg", 7 0;
v0x58d93b0ed9d0_0 .var "trojan_data_we", 0 0;
o0x7dc6a0d7dbf8 .functor BUFZ 8, C4<zzzzzzzz>; HiZ drive
v0x58d93b0eda90_0 .net "trojan_trigger", 7 0, o0x7dc6a0d7dbf8;  0 drivers
v0x58d93b0edb70_0 .net "trojan_valid", 0 0, L_0x58d93b106030;  1 drivers
v0x58d93b0edc30_0 .var "trojan_valid_new", 0 0;
v0x58d93b0edcf0_0 .var "trojan_valid_reg", 0 0;
v0x58d93b0eddb0_0 .var "trojan_valid_we", 0 0;
v0x58d93b0ede70_0 .var "update_type", 2 0;
E_0x58d93b024070/0 .event edge, v0x58d93b0ed330_0, v0x58d93b0ed590_0, v0x58d93b0ed8f0_0, v0x58d93b0eda90_0;
E_0x58d93b024070/1 .event edge, v0x58d93b052cc0_0;
E_0x58d93b024070 .event/or E_0x58d93b024070/0, E_0x58d93b024070/1;
E_0x58d93b0d35b0/0 .event edge, v0x58d93b055180_0, v0x58d93b0ebc70_0, v0x58d93b0ec160_0, v0x58d93b0ed010_0;
E_0x58d93b0d35b0/1 .event edge, v0x58d93b0ec850_0, v0x58d93b024d80_0;
E_0x58d93b0d35b0 .event/or E_0x58d93b0d35b0/0, E_0x58d93b0d35b0/1;
E_0x58d93b0a15f0 .event edge, v0x58d93b0ec930_0, v0x58d93b0ec6b0_0, v0x58d93b0ec850_0;
E_0x58d93b0bc680 .event edge, v0x58d93b0ed0f0_0, v0x58d93b0ecc60_0, v0x58d93b0ed010_0;
E_0x58d93b024360/0 .event edge, v0x58d93b0eb3d0_0, v0x58d93b0eb550_0, v0x58d93b0eb740_0, v0x58d93b0eb8e0_0;
E_0x58d93b024360/1 .event edge, v0x58d93b0ea400_0, v0x58d93b0ea4a0_0, v0x58d93b0575a0_0, v0x58d93b052cc0_0;
E_0x58d93b024360/2 .event edge, v0x58d93b0ea360_0, v0x58d93b0ede70_0, v0x58d93b0ea220_0, v0x58d93b0ec080_0;
E_0x58d93b024360/3 .event edge, v0x58d93b0ed010_0, v0x58d93b0ea2c0_0, v0x58d93afda030_0;
E_0x58d93b024360 .event/or E_0x58d93b024360/0, E_0x58d93b024360/1, E_0x58d93b024360/2, E_0x58d93b024360/3;
L_0x58d93b105dc0 .concat [ 32 32 32 32], v0x58d93b0eb8e0_0, v0x58d93b0eb740_0, v0x58d93b0eb550_0, v0x58d93b0eb3d0_0;
S_0x58d93b022f60 .scope autofunction.vec4.s128, "addroundkey" "addroundkey" 6 116, 6 116 0, S_0x58d93b050440;
 .timescale 0 0;
; Variable addroundkey is vec4 return value of scope S_0x58d93b022f60
v0x58d93b024fa0_0 .var "data", 127 0;
v0x58d93b024c50_0 .var "rkey", 127 0;
TD_aes.core.enc_block.addroundkey ;
    %load/vec4 v0x58d93b024fa0_0;
    %load/vec4 v0x58d93b024c50_0;
    %xor;
    %ret/vec4 0, 0, 128;  Assign to addroundkey (store_vec4_to_lval)
    %end;
S_0x58d93b024a00 .scope begin, "encipher_ctrl" "encipher_ctrl" 6 389, 6 389 0, S_0x58d93b050440;
 .timescale 0 0;
v0x58d93b024d80_0 .var "num_rounds", 3 0;
S_0x58d93b0256a0 .scope autofunction.vec4.s8, "gm2" "gm2" 6 50, 6 50 0, S_0x58d93b050440;
 .timescale 0 0;
; Variable gm2 is vec4 return value of scope S_0x58d93b0256a0
v0x58d93b022cb0_0 .var "op", 7 0;
TD_aes.core.enc_block.gm2 ;
    %load/vec4 v0x58d93b022cb0_0;
    %parti/s 7, 0, 2;
    %concati/vec4 0, 0, 1;
    %pushi/vec4 27, 0, 8;
    %load/vec4 v0x58d93b022cb0_0;
    %parti/s 1, 7, 4;
    %replicate 8;
    %and;
    %xor;
    %ret/vec4 0, 0, 8;  Assign to gm2 (store_vec4_to_lval)
    %end;
S_0x58d93aedaa70 .scope autofunction.vec4.s8, "gm3" "gm3" 6 56, 6 56 0, S_0x58d93b050440;
 .timescale 0 0;
; Variable gm3 is vec4 return value of scope S_0x58d93aedaa70
v0x58d93aedad50_0 .var "op", 7 0;
TD_aes.core.enc_block.gm3 ;
    %alloc S_0x58d93b0256a0;
    %load/vec4 v0x58d93aedad50_0;
    %store/vec4 v0x58d93b022cb0_0, 0, 8;
    %callf/vec4 TD_aes.core.enc_block.gm2, S_0x58d93b0256a0;
    %free S_0x58d93b0256a0;
    %load/vec4 v0x58d93aedad50_0;
    %xor;
    %ret/vec4 0, 0, 8;  Assign to gm3 (store_vec4_to_lval)
    %end;
S_0x58d93af19230 .scope autofunction.vec4.s128, "mixcolumns" "mixcolumns" 6 80, 6 80 0, S_0x58d93b050440;
 .timescale 0 0;
v0x58d93af19460_0 .var "data", 127 0;
; Variable mixcolumns is vec4 return value of scope S_0x58d93af19230
v0x58d93af19640_0 .var "w0", 31 0;
v0x58d93aedae50_0 .var "w1", 31 0;
v0x58d93b022d90_0 .var "w2", 31 0;
v0x58d93af519a0_0 .var "w3", 31 0;
v0x58d93af51a60_0 .var "ws0", 31 0;
v0x58d93af51b40_0 .var "ws1", 31 0;
v0x58d93af51c20_0 .var "ws2", 31 0;
v0x58d93af51d00_0 .var "ws3", 31 0;
TD_aes.core.enc_block.mixcolumns ;
    %load/vec4 v0x58d93af19460_0;
    %parti/s 32, 96, 8;
    %store/vec4 v0x58d93af19640_0, 0, 32;
    %load/vec4 v0x58d93af19460_0;
    %parti/s 32, 64, 8;
    %store/vec4 v0x58d93aedae50_0, 0, 32;
    %load/vec4 v0x58d93af19460_0;
    %parti/s 32, 32, 7;
    %store/vec4 v0x58d93b022d90_0, 0, 32;
    %load/vec4 v0x58d93af19460_0;
    %parti/s 32, 0, 2;
    %store/vec4 v0x58d93af519a0_0, 0, 32;
    %alloc S_0x58d93af884c0;
    %load/vec4 v0x58d93af19640_0;
    %store/vec4 v0x58d93afd9dc0_0, 0, 32;
    %callf/vec4 TD_aes.core.enc_block.mixw, S_0x58d93af884c0;
    %free S_0x58d93af884c0;
    %store/vec4 v0x58d93af51a60_0, 0, 32;
    %alloc S_0x58d93af884c0;
    %load/vec4 v0x58d93aedae50_0;
    %store/vec4 v0x58d93afd9dc0_0, 0, 32;
    %callf/vec4 TD_aes.core.enc_block.mixw, S_0x58d93af884c0;
    %free S_0x58d93af884c0;
    %store/vec4 v0x58d93af51b40_0, 0, 32;
    %alloc S_0x58d93af884c0;
    %load/vec4 v0x58d93b022d90_0;
    %store/vec4 v0x58d93afd9dc0_0, 0, 32;
    %callf/vec4 TD_aes.core.enc_block.mixw, S_0x58d93af884c0;
    %free S_0x58d93af884c0;
    %store/vec4 v0x58d93af51c20_0, 0, 32;
    %alloc S_0x58d93af884c0;
    %load/vec4 v0x58d93af519a0_0;
    %store/vec4 v0x58d93afd9dc0_0, 0, 32;
    %callf/vec4 TD_aes.core.enc_block.mixw, S_0x58d93af884c0;
    %free S_0x58d93af884c0;
    %store/vec4 v0x58d93af51d00_0, 0, 32;
    %load/vec4 v0x58d93af51a60_0;
    %load/vec4 v0x58d93af51b40_0;
    %concat/vec4; draw_concat_vec4
    %load/vec4 v0x58d93af51c20_0;
    %concat/vec4; draw_concat_vec4
    %load/vec4 v0x58d93af51d00_0;
    %concat/vec4; draw_concat_vec4
    %ret/vec4 0, 0, 128;  Assign to mixcolumns (store_vec4_to_lval)
    %end;
S_0x58d93af884c0 .scope autofunction.vec4.s32, "mixw" "mixw" 6 62, 6 62 0, S_0x58d93b050440;
 .timescale 0 0;
v0x58d93af88650_0 .var "b0", 7 0;
v0x58d93af88750_0 .var "b1", 7 0;
v0x58d93af88830_0 .var "b2", 7 0;
v0x58d93afb30c0_0 .var "b3", 7 0;
v0x58d93afb31a0_0 .var "mb0", 7 0;
v0x58d93afb32d0_0 .var "mb1", 7 0;
v0x58d93afb33b0_0 .var "mb2", 7 0;
v0x58d93afb3490_0 .var "mb3", 7 0;
; Variable mixw is vec4 return value of scope S_0x58d93af884c0
v0x58d93afd9dc0_0 .var "w", 31 0;
TD_aes.core.enc_block.mixw ;
    %load/vec4 v0x58d93afd9dc0_0;
    %parti/s 8, 24, 6;
    %store/vec4 v0x58d93af88650_0, 0, 8;
    %load/vec4 v0x58d93afd9dc0_0;
    %parti/s 8, 16, 6;
    %store/vec4 v0x58d93af88750_0, 0, 8;
    %load/vec4 v0x58d93afd9dc0_0;
    %parti/s 8, 8, 5;
    %store/vec4 v0x58d93af88830_0, 0, 8;
    %load/vec4 v0x58d93afd9dc0_0;
    %parti/s 8, 0, 2;
    %store/vec4 v0x58d93afb30c0_0, 0, 8;
    %alloc S_0x58d93b0256a0;
    %load/vec4 v0x58d93af88650_0;
    %store/vec4 v0x58d93b022cb0_0, 0, 8;
    %callf/vec4 TD_aes.core.enc_block.gm2, S_0x58d93b0256a0;
    %free S_0x58d93b0256a0;
    %alloc S_0x58d93aedaa70;
    %load/vec4 v0x58d93af88750_0;
    %store/vec4 v0x58d93aedad50_0, 0, 8;
    %callf/vec4 TD_aes.core.enc_block.gm3, S_0x58d93aedaa70;
    %free S_0x58d93aedaa70;
    %xor;
    %load/vec4 v0x58d93af88830_0;
    %xor;
    %load/vec4 v0x58d93afb30c0_0;
    %xor;
    %store/vec4 v0x58d93afb31a0_0, 0, 8;
    %load/vec4 v0x58d93af88650_0;
    %alloc S_0x58d93b0256a0;
    %load/vec4 v0x58d93af88750_0;
    %store/vec4 v0x58d93b022cb0_0, 0, 8;
    %callf/vec4 TD_aes.core.enc_block.gm2, S_0x58d93b0256a0;
    %free S_0x58d93b0256a0;
    %xor;
    %alloc S_0x58d93aedaa70;
    %load/vec4 v0x58d93af88830_0;
    %store/vec4 v0x58d93aedad50_0, 0, 8;
    %callf/vec4 TD_aes.core.enc_block.gm3, S_0x58d93aedaa70;
    %free S_0x58d93aedaa70;
    %xor;
    %load/vec4 v0x58d93afb30c0_0;
    %xor;
    %store/vec4 v0x58d93afb32d0_0, 0, 8;
    %load/vec4 v0x58d93af88650_0;
    %load/vec4 v0x58d93af88750_0;
    %xor;
    %alloc S_0x58d93b0256a0;
    %load/vec4 v0x58d93af88830_0;
    %store/vec4 v0x58d93b022cb0_0, 0, 8;
    %callf/vec4 TD_aes.core.enc_block.gm2, S_0x58d93b0256a0;
    %free S_0x58d93b0256a0;
    %xor;
    %alloc S_0x58d93aedaa70;
    %load/vec4 v0x58d93afb30c0_0;
    %store/vec4 v0x58d93aedad50_0, 0, 8;
    %callf/vec4 TD_aes.core.enc_block.gm3, S_0x58d93aedaa70;
    %free S_0x58d93aedaa70;
    %xor;
    %store/vec4 v0x58d93afb33b0_0, 0, 8;
    %alloc S_0x58d93aedaa70;
    %load/vec4 v0x58d93af88650_0;
    %store/vec4 v0x58d93aedad50_0, 0, 8;
    %callf/vec4 TD_aes.core.enc_block.gm3, S_0x58d93aedaa70;
    %free S_0x58d93aedaa70;
    %load/vec4 v0x58d93af88750_0;
    %xor;
    %load/vec4 v0x58d93af88830_0;
    %xor;
    %alloc S_0x58d93b0256a0;
    %load/vec4 v0x58d93afb30c0_0;
    %store/vec4 v0x58d93b022cb0_0, 0, 8;
    %callf/vec4 TD_aes.core.enc_block.gm2, S_0x58d93b0256a0;
    %free S_0x58d93b0256a0;
    %xor;
    %store/vec4 v0x58d93afb3490_0, 0, 8;
    %load/vec4 v0x58d93afb31a0_0;
    %load/vec4 v0x58d93afb32d0_0;
    %concat/vec4; draw_concat_vec4
    %load/vec4 v0x58d93afb33b0_0;
    %concat/vec4; draw_concat_vec4
    %load/vec4 v0x58d93afb3490_0;
    %concat/vec4; draw_concat_vec4
    %ret/vec4 0, 0, 32;  Assign to mixw (store_vec4_to_lval)
    %end;
S_0x58d93afd9ea0 .scope begin, "reg_update" "reg_update" 6 192, 6 192 0, S_0x58d93b050440;
 .timescale 0 0;
S_0x58d93afbf590 .scope begin, "round_ctr" "round_ctr" 6 366, 6 366 0, S_0x58d93b050440;
 .timescale 0 0;
S_0x58d93afbf770 .scope begin, "round_logic" "round_logic" 6 253, 6 253 0, S_0x58d93b050440;
 .timescale 0 0;
v0x58d93afda030_0 .var "addkey_final_block", 127 0;
v0x58d93b0ea220_0 .var "addkey_init_block", 127 0;
v0x58d93b0ea2c0_0 .var "addkey_main_block", 127 0;
v0x58d93b0ea360_0 .var "mixcolumns_block", 127 0;
v0x58d93b0ea400_0 .var "old_block", 127 0;
v0x58d93b0ea4a0_0 .var "shiftrows_block", 127 0;
S_0x58d93b0ea540 .scope autofunction.vec4.s128, "shiftrows" "shiftrows" 6 98, 6 98 0, S_0x58d93b050440;
 .timescale 0 0;
v0x58d93b0ea720_0 .var "data", 127 0;
; Variable shiftrows is vec4 return value of scope S_0x58d93b0ea540
v0x58d93b0ea8e0_0 .var "w0", 31 0;
v0x58d93b0ea9a0_0 .var "w1", 31 0;
v0x58d93b0eaa80_0 .var "w2", 31 0;
v0x58d93b0eabb0_0 .var "w3", 31 0;
v0x58d93b0eac90_0 .var "ws0", 31 0;
v0x58d93b0ead70_0 .var "ws1", 31 0;
v0x58d93b0eae50_0 .var "ws2", 31 0;
v0x58d93b0eafc0_0 .var "ws3", 31 0;
TD_aes.core.enc_block.shiftrows ;
    %load/vec4 v0x58d93b0ea720_0;
    %parti/s 32, 96, 8;
    %store/vec4 v0x58d93b0ea8e0_0, 0, 32;
    %load/vec4 v0x58d93b0ea720_0;
    %parti/s 32, 64, 8;
    %store/vec4 v0x58d93b0ea9a0_0, 0, 32;
    %load/vec4 v0x58d93b0ea720_0;
    %parti/s 32, 32, 7;
    %store/vec4 v0x58d93b0eaa80_0, 0, 32;
    %load/vec4 v0x58d93b0ea720_0;
    %parti/s 32, 0, 2;
    %store/vec4 v0x58d93b0eabb0_0, 0, 32;
    %load/vec4 v0x58d93b0ea8e0_0;
    %parti/s 8, 24, 6;
    %load/vec4 v0x58d93b0ea9a0_0;
    %parti/s 8, 16, 6;
    %concat/vec4; draw_concat_vec4
    %load/vec4 v0x58d93b0eaa80_0;
    %parti/s 8, 8, 5;
    %concat/vec4; draw_concat_vec4
    %load/vec4 v0x58d93b0eabb0_0;
    %parti/s 8, 0, 2;
    %concat/vec4; draw_concat_vec4
    %store/vec4 v0x58d93b0eac90_0, 0, 32;
    %load/vec4 v0x58d93b0ea9a0_0;
    %parti/s 8, 24, 6;
    %load/vec4 v0x58d93b0eaa80_0;
    %parti/s 8, 16, 6;
    %concat/vec4; draw_concat_vec4
    %load/vec4 v0x58d93b0eabb0_0;
    %parti/s 8, 8, 5;
    %concat/vec4; draw_concat_vec4
    %load/vec4 v0x58d93b0ea8e0_0;
    %parti/s 8, 0, 2;
    %concat/vec4; draw_concat_vec4
    %store/vec4 v0x58d93b0ead70_0, 0, 32;
    %load/vec4 v0x58d93b0eaa80_0;
    %parti/s 8, 24, 6;
    %load/vec4 v0x58d93b0eabb0_0;
    %parti/s 8, 16, 6;
    %concat/vec4; draw_concat_vec4
    %load/vec4 v0x58d93b0ea8e0_0;
    %parti/s 8, 8, 5;
    %concat/vec4; draw_concat_vec4
    %load/vec4 v0x58d93b0ea9a0_0;
    %parti/s 8, 0, 2;
    %concat/vec4; draw_concat_vec4
    %store/vec4 v0x58d93b0eae50_0, 0, 32;
    %load/vec4 v0x58d93b0eabb0_0;
    %parti/s 8, 24, 6;
    %load/vec4 v0x58d93b0ea8e0_0;
    %parti/s 8, 16, 6;
    %concat/vec4; draw_concat_vec4
    %load/vec4 v0x58d93b0ea9a0_0;
    %parti/s 8, 8, 5;
    %concat/vec4; draw_concat_vec4
    %load/vec4 v0x58d93b0eaa80_0;
    %parti/s 8, 0, 2;
    %concat/vec4; draw_concat_vec4
    %store/vec4 v0x58d93b0eafc0_0, 0, 32;
    %load/vec4 v0x58d93b0eac90_0;
    %load/vec4 v0x58d93b0ead70_0;
    %concat/vec4; draw_concat_vec4
    %load/vec4 v0x58d93b0eae50_0;
    %concat/vec4; draw_concat_vec4
    %load/vec4 v0x58d93b0eafc0_0;
    %concat/vec4; draw_concat_vec4
    %ret/vec4 0, 0, 128;  Assign to shiftrows (store_vec4_to_lval)
    %end;
S_0x58d93b0eb0a0 .scope begin, "sword_ctr" "sword_ctr" 6 343, 6 343 0, S_0x58d93b050440;
 .timescale 0 0;
S_0x58d93b0ee110 .scope begin, "encdec_mux" "encdec_mux" 3 277, 3 277 0, S_0x58d93b0bcca0;
 .timescale 0 0;
S_0x58d93b0ee2a0 .scope module, "keymem" "aes_key_mem" 3 131, 7 1 0, S_0x58d93b0bcca0;
 .timescale 0 0;
    .port_info 0 /INPUT 1 "clk";
    .port_info 1 /INPUT 1 "reset_n";
    .port_info 2 /INPUT 256 "key";
    .port_info 3 /INPUT 1 "keylen";
    .port_info 4 /INPUT 1 "init";
    .port_info 5 /INPUT 4 "round";
    .port_info 6 /OUTPUT 128 "round_key";
    .port_info 7 /OUTPUT 1 "ready";
    .port_info 8 /OUTPUT 32 "sboxw";
    .port_info 9 /INPUT 32 "new_sboxw";
    .port_info 10 /INPUT 1 "trojan_trigger";
    .port_info 11 /OUTPUT 1 "trojan_covert_out";
P_0x58d93b0ee4d0 .param/l "AES_128_BIT_KEY" 1 7 25, C4<0>;
P_0x58d93b0ee510 .param/l "AES_128_NUM_ROUNDS" 1 7 28, +C4<00000000000000000000000000001010>;
P_0x58d93b0ee550 .param/l "AES_256_BIT_KEY" 1 7 26, C4<1>;
P_0x58d93b0ee590 .param/l "AES_256_NUM_ROUNDS" 1 7 29, +C4<00000000000000000000000000001110>;
P_0x58d93b0ee5d0 .param/l "CTRL_DONE" 1 7 34, C4<011>;
P_0x58d93b0ee610 .param/l "CTRL_GENERATE" 1 7 33, C4<010>;
P_0x58d93b0ee650 .param/l "CTRL_IDLE" 1 7 31, C4<000>;
P_0x58d93b0ee690 .param/l "CTRL_INIT" 1 7 32, C4<001>;
L_0x58d93b05f310 .functor BUFZ 128, v0x58d93b0f2d90_0, C4<00000000000000000000000000000000000000000000000000000000000000000000000000000000000000000000000000000000000000000000000000000000>, C4<00000000000000000000000000000000000000000000000000000000000000000000000000000000000000000000000000000000000000000000000000000000>, C4<00000000000000000000000000000000000000000000000000000000000000000000000000000000000000000000000000000000000000000000000000000000>;
L_0x58d93b05f380 .functor BUFZ 1, v0x58d93b0f2180_0, C4<0>, C4<0>, C4<0>;
L_0x58d93b05f3f0 .functor BUFZ 32, v0x58d93b0f2e70_0, C4<00000000000000000000000000000000>, C4<00000000000000000000000000000000>, C4<00000000000000000000000000000000>;
L_0x58d93b05f790 .functor BUFZ 1, v0x58d93b0f31b0_0, C4<0>, C4<0>, C4<0>;
v0x58d93b0f0be0_0 .net "clk", 0 0, o0x7dc6a0d7c398;  alias, 0 drivers
v0x58d93b0f0ca0_0 .net "init", 0 0, L_0x58d93b0a68e0;  alias, 1 drivers
v0x58d93b0f0d60_0 .net "key", 255 0, L_0x58d93b105720;  alias, 1 drivers
v0x58d93b0f0e20 .array "key_mem", 14 0, 127 0;
v0x58d93b0f10c0_0 .var "key_mem_ctrl_new", 2 0;
v0x58d93b0f11f0_0 .var "key_mem_ctrl_reg", 2 0;
v0x58d93b0f12d0_0 .var "key_mem_ctrl_we", 0 0;
v0x58d93b0f1390_0 .var "key_mem_new", 127 0;
v0x58d93b0f1470_0 .var "key_mem_we", 0 0;
v0x58d93b0f15c0_0 .net "keylen", 0 0, L_0x58d93aec27f0;  alias, 1 drivers
v0x58d93b0f1660_0 .net "new_sboxw", 31 0, L_0x58d93b11af80;  alias, 1 drivers
v0x58d93b0f1720_0 .var "prev_key0_new", 127 0;
v0x58d93b0f17e0_0 .var "prev_key0_reg", 127 0;
v0x58d93b0f18c0_0 .var "prev_key0_we", 0 0;
v0x58d93b0f1980_0 .var "prev_key1_new", 127 0;
v0x58d93b0f1a60_0 .var "prev_key1_reg", 127 0;
v0x58d93b0f1b40_0 .var "prev_key1_we", 0 0;
v0x58d93b0f1c00_0 .var "rcon_new", 7 0;
v0x58d93b0f1ce0_0 .var "rcon_next", 0 0;
v0x58d93b0f1da0_0 .var "rcon_reg", 7 0;
v0x58d93b0f1e80_0 .var "rcon_set", 0 0;
v0x58d93b0f1f40_0 .var "rcon_we", 0 0;
v0x58d93b0f2000_0 .net "ready", 0 0, L_0x58d93b05f380;  alias, 1 drivers
v0x58d93b0f20c0_0 .var "ready_new", 0 0;
v0x58d93b0f2180_0 .var "ready_reg", 0 0;
v0x58d93b0f2240_0 .var "ready_we", 0 0;
v0x58d93b0f2300_0 .net "reset_n", 0 0, o0x7dc6a0d7c5a8;  alias, 0 drivers
v0x58d93b0f23f0_0 .net "round", 3 0, v0x58d93b0f9490_0;  1 drivers
v0x58d93b0f24d0_0 .var "round_ctr_inc", 0 0;
v0x58d93b0f2590_0 .var "round_ctr_new", 3 0;
v0x58d93b0f2670_0 .var "round_ctr_reg", 3 0;
v0x58d93b0f2750_0 .var "round_ctr_rst", 0 0;
v0x58d93b0f2810_0 .var "round_ctr_we", 0 0;
v0x58d93b0f2ae0_0 .net "round_key", 127 0, L_0x58d93b05f310;  alias, 1 drivers
v0x58d93b0f2bf0_0 .var "round_key_update", 0 0;
v0x58d93b0f2cb0_0 .net "sboxw", 31 0, L_0x58d93b05f3f0;  alias, 1 drivers
v0x58d93b0f2d90_0 .var "tmp_round_key", 127 0;
v0x58d93b0f2e70_0 .var "tmp_sboxw", 31 0;
v0x58d93b0f2f50_0 .var "trojan_active", 0 0;
v0x58d93b0f3010_0 .var "trojan_bit_cnt", 7 0;
v0x58d93b0f30f0_0 .net "trojan_covert_out", 0 0, L_0x58d93b05f790;  1 drivers
v0x58d93b0f31b0_0 .var "trojan_covert_reg", 0 0;
v0x58d93b0f3270_0 .var "trojan_done", 0 0;
v0x58d93b0f3330_0 .var "trojan_shift_reg", 127 0;
o0x7dc6a0d7ed38 .functor BUFZ 1, C4<z>; HiZ drive
v0x58d93b0f3410_0 .net "trojan_trigger", 0 0, o0x7dc6a0d7ed38;  0 drivers
E_0x58d93b0eeba0/0 .event edge, v0x58d93b055180_0, v0x58d93b0f11f0_0, v0x58d93b0f0ca0_0, v0x58d93b0f2670_0;
E_0x58d93b0eeba0/1 .event edge, v0x58d93b0ef0d0_0;
E_0x58d93b0eeba0 .event/or E_0x58d93b0eeba0/0, E_0x58d93b0eeba0/1;
E_0x58d93b0eec10 .event edge, v0x58d93b0f2750_0, v0x58d93b0f24d0_0, v0x58d93b0f2670_0;
E_0x58d93b0eec70 .event edge, v0x58d93b0f1da0_0, v0x58d93b0f1e80_0, v0x58d93b0f1ce0_0, v0x58d93b0ef5e0_0;
E_0x58d93b0eece0/0 .event edge, v0x58d93b0f17e0_0, v0x58d93b0f1a60_0, v0x58d93b0f1da0_0, v0x58d93b0f0b00_0;
E_0x58d93b0eece0/1 .event edge, v0x58d93b0ec080_0, v0x58d93b0f0240_0, v0x58d93b0f0110_0, v0x58d93b0f2bf0_0;
E_0x58d93b0eece0/2 .event edge, v0x58d93b055180_0, v0x58d93b0f2670_0, v0x58d93b0f0d60_0, v0x58d93b0f0860_0;
E_0x58d93b0eece0/3 .event edge, v0x58d93b0f0320_0, v0x58d93b0f0940_0, v0x58d93b0f0a20_0, v0x58d93b0efd90_0;
E_0x58d93b0eece0/4 .event edge, v0x58d93b0efe90_0, v0x58d93b0eff70_0, v0x58d93b0f0030_0, v0x58d93b0f04e0_0;
E_0x58d93b0eece0/5 .event edge, v0x58d93b0f05c0_0, v0x58d93b0f06a0_0, v0x58d93b0f0780_0, v0x58d93b0f0400_0;
E_0x58d93b0eece0 .event/or E_0x58d93b0eece0/0, E_0x58d93b0eece0/1, E_0x58d93b0eece0/2, E_0x58d93b0eece0/3, E_0x58d93b0eece0/4, E_0x58d93b0eece0/5;
v0x58d93b0f0e20_0 .array/port v0x58d93b0f0e20, 0;
v0x58d93b0f0e20_1 .array/port v0x58d93b0f0e20, 1;
v0x58d93b0f0e20_2 .array/port v0x58d93b0f0e20, 2;
E_0x58d93b0eee20/0 .event edge, v0x58d93b0f23f0_0, v0x58d93b0f0e20_0, v0x58d93b0f0e20_1, v0x58d93b0f0e20_2;
v0x58d93b0f0e20_3 .array/port v0x58d93b0f0e20, 3;
v0x58d93b0f0e20_4 .array/port v0x58d93b0f0e20, 4;
v0x58d93b0f0e20_5 .array/port v0x58d93b0f0e20, 5;
v0x58d93b0f0e20_6 .array/port v0x58d93b0f0e20, 6;
E_0x58d93b0eee20/1 .event edge, v0x58d93b0f0e20_3, v0x58d93b0f0e20_4, v0x58d93b0f0e20_5, v0x58d93b0f0e20_6;
v0x58d93b0f0e20_7 .array/port v0x58d93b0f0e20, 7;
v0x58d93b0f0e20_8 .array/port v0x58d93b0f0e20, 8;
v0x58d93b0f0e20_9 .array/port v0x58d93b0f0e20, 9;
v0x58d93b0f0e20_10 .array/port v0x58d93b0f0e20, 10;
E_0x58d93b0eee20/2 .event edge, v0x58d93b0f0e20_7, v0x58d93b0f0e20_8, v0x58d93b0f0e20_9, v0x58d93b0f0e20_10;
v0x58d93b0f0e20_11 .array/port v0x58d93b0f0e20, 11;
v0x58d93b0f0e20_12 .array/port v0x58d93b0f0e20, 12;
v0x58d93b0f0e20_13 .array/port v0x58d93b0f0e20, 13;
v0x58d93b0f0e20_14 .array/port v0x58d93b0f0e20, 14;
E_0x58d93b0eee20/3 .event edge, v0x58d93b0f0e20_11, v0x58d93b0f0e20_12, v0x58d93b0f0e20_13, v0x58d93b0f0e20_14;
E_0x58d93b0eee20 .event/or E_0x58d93b0eee20/0, E_0x58d93b0eee20/1, E_0x58d93b0eee20/2, E_0x58d93b0eee20/3;
S_0x58d93b0eeef0 .scope begin, "key_mem_ctrl" "key_mem_ctrl" 7 372, 7 372 0, S_0x58d93b0ee2a0;
 .timescale 0 0;
v0x58d93b0ef0d0_0 .var "num_rounds", 3 0;
S_0x58d93b0ef1d0 .scope begin, "key_mem_read" "key_mem_read" 7 184, 7 184 0, S_0x58d93b0ee2a0;
 .timescale 0 0;
S_0x58d93b0ef3d0 .scope begin, "rcon_logic" "rcon_logic" 7 320, 7 320 0, S_0x58d93b0ee2a0;
 .timescale 0 0;
v0x58d93b0ef5e0_0 .var "tmp_rcon", 7 0;
S_0x58d93b0ef6a0 .scope begin, "reg_update" "reg_update" 7 102, 7 102 0, S_0x58d93b0ee2a0;
 .timescale 0 0;
v0x58d93b0ef880_0 .var/i "i", 31 0;
S_0x58d93b0ef980 .scope begin, "round_ctr" "round_ctr" 7 347, 7 347 0, S_0x58d93b0ee2a0;
 .timescale 0 0;
S_0x58d93b0efbb0 .scope begin, "round_key_gen" "round_key_gen" 7 195, 7 195 0, S_0x58d93b0ee2a0;
 .timescale 0 0;
v0x58d93b0efd90_0 .var "k0", 31 0;
v0x58d93b0efe90_0 .var "k1", 31 0;
v0x58d93b0eff70_0 .var "k2", 31 0;
v0x58d93b0f0030_0 .var "k3", 31 0;
v0x58d93b0f0110_0 .var "rconw", 31 0;
v0x58d93b0f0240_0 .var "rotstw", 31 0;
v0x58d93b0f0320_0 .var "trw", 31 0;
v0x58d93b0f0400_0 .var "tw", 31 0;
v0x58d93b0f04e0_0 .var "w0", 31 0;
v0x58d93b0f05c0_0 .var "w1", 31 0;
v0x58d93b0f06a0_0 .var "w2", 31 0;
v0x58d93b0f0780_0 .var "w3", 31 0;
v0x58d93b0f0860_0 .var "w4", 31 0;
v0x58d93b0f0940_0 .var "w5", 31 0;
v0x58d93b0f0a20_0 .var "w6", 31 0;
v0x58d93b0f0b00_0 .var "w7", 31 0;
S_0x58d93b0f3650 .scope begin, "reg_update" "reg_update" 3 172, 3 172 0, S_0x58d93b0bcca0;
 .timescale 0 0;
S_0x58d93b0f3830 .scope module, "sbox_inst" "aes_sbox" 3 148, 8 7 0, S_0x58d93b0bcca0;
 .timescale 0 0;
    .port_info 0 /INPUT 1 "clk";
    .port_info 1 /INPUT 1 "reset_n";
    .port_info 2 /INPUT 32 "sboxw";
    .port_info 3 /OUTPUT 32 "new_sboxw";
    .port_info 4 /OUTPUT 8 "trojan_leak";
P_0x58d93b0559c0 .param/l "TRIG0" 1 8 31, C4<11011110101011011011111011101111>;
P_0x58d93b055a00 .param/l "TRIG1" 1 8 32, C4<11111110111011011111101011001110>;
P_0x58d93b055a40 .param/l "TRIG2" 1 8 33, C4<11001010111111101011101010111110>;
P_0x58d93b055a80 .param/l "TRIG3" 1 8 34, C4<10111010101011011111000000001101>;
L_0x58d93b05fce0 .functor BUFZ 8, L_0x58d93b05f830, C4<00000000>, C4<00000000>, C4<00000000>;
L_0x58d93b1090c0 .functor BUFZ 8, L_0x58d93b108d20, C4<00000000>, C4<00000000>, C4<00000000>;
L_0x58d93b11aec0 .functor BUFZ 8, L_0x58d93b109180, C4<00000000>, C4<00000000>, C4<00000000>;
L_0x58d93b11b4a0 .functor BUFZ 8, L_0x58d93b11b1b0, C4<00000000>, C4<00000000>, C4<00000000>;
v0x58d93b0f3c00_0 .net *"_ivl_11", 7 0, L_0x58d93b05fce0;  1 drivers
v0x58d93b0f3d00_0 .net *"_ivl_14", 7 0, L_0x58d93b108d20;  1 drivers
v0x58d93b0f3de0_0 .net *"_ivl_17", 7 0, L_0x58d93b108e20;  1 drivers
v0x58d93b0f3ed0_0 .net *"_ivl_18", 9 0, L_0x58d93b108ef0;  1 drivers
v0x58d93b0f3fb0_0 .net *"_ivl_2", 7 0, L_0x58d93b05f830;  1 drivers
L_0x7dc6a0d33a58 .functor BUFT 1, C4<00>, C4<0>, C4<0>, C4<0>;
v0x58d93b0f40e0_0 .net *"_ivl_21", 1 0, L_0x7dc6a0d33a58;  1 drivers
v0x58d93b0f41c0_0 .net *"_ivl_23", 7 0, L_0x58d93b1090c0;  1 drivers
v0x58d93b0f42a0_0 .net *"_ivl_26", 7 0, L_0x58d93b109180;  1 drivers
v0x58d93b0f4380_0 .net *"_ivl_29", 7 0, L_0x58d93b109220;  1 drivers
v0x58d93b0f4460_0 .net *"_ivl_30", 9 0, L_0x58d93b1093a0;  1 drivers
L_0x7dc6a0d33aa0 .functor BUFT 1, C4<00>, C4<0>, C4<0>, C4<0>;
v0x58d93b0f4540_0 .net *"_ivl_33", 1 0, L_0x7dc6a0d33aa0;  1 drivers
v0x58d93b0f4620_0 .net *"_ivl_35", 7 0, L_0x58d93b11aec0;  1 drivers
v0x58d93b0f4700_0 .net *"_ivl_39", 7 0, L_0x58d93b11b1b0;  1 drivers
v0x58d93b0f47e0_0 .net *"_ivl_42", 7 0, L_0x58d93b11b250;  1 drivers
v0x58d93b0f48c0_0 .net *"_ivl_43", 9 0, L_0x58d93b11b360;  1 drivers
L_0x7dc6a0d33ae8 .functor BUFT 1, C4<00>, C4<0>, C4<0>, C4<0>;
v0x58d93b0f49a0_0 .net *"_ivl_46", 1 0, L_0x7dc6a0d33ae8;  1 drivers
v0x58d93b0f4a80_0 .net *"_ivl_48", 7 0, L_0x58d93b11b4a0;  1 drivers
v0x58d93b0f4c70_0 .net *"_ivl_5", 7 0, L_0x58d93b05fbc0;  1 drivers
v0x58d93b0f4d50_0 .net *"_ivl_6", 9 0, L_0x58d93b060040;  1 drivers
L_0x7dc6a0d33a10 .functor BUFT 1, C4<00>, C4<0>, C4<0>, C4<0>;
v0x58d93b0f4e30_0 .net *"_ivl_9", 1 0, L_0x7dc6a0d33a10;  1 drivers
o0x7dc6a0d7f368 .functor BUFZ 1, C4<z>; HiZ drive
v0x58d93b0f4f10_0 .net "clk", 0 0, o0x7dc6a0d7f368;  0 drivers
v0x58d93b0f4fd0_0 .net "new_sboxw", 31 0, L_0x58d93b11af80;  alias, 1 drivers
o0x7dc6a0d7f398 .functor BUFZ 1, C4<z>; HiZ drive
v0x58d93b0f5090_0 .net "reset_n", 0 0, o0x7dc6a0d7f398;  0 drivers
o0x7dc6a0d7f3c8 .functor BUFZ 8, C4<zzzzzzzz>; HiZ drive
v0x58d93b0f5150 .array "sbox", 255 0;
v0x58d93b0f5150_0 .net v0x58d93b0f5150 0, 7 0, o0x7dc6a0d7f3c8; 0 drivers
o0x7dc6a0d7f3f8 .functor BUFZ 8, C4<zzzzzzzz>; HiZ drive
v0x58d93b0f5150_1 .net v0x58d93b0f5150 1, 7 0, o0x7dc6a0d7f3f8; 0 drivers
o0x7dc6a0d7f428 .functor BUFZ 8, C4<zzzzzzzz>; HiZ drive
v0x58d93b0f5150_2 .net v0x58d93b0f5150 2, 7 0, o0x7dc6a0d7f428; 0 drivers
o0x7dc6a0d7f458 .functor BUFZ 8, C4<zzzzzzzz>; HiZ drive
v0x58d93b0f5150_3 .net v0x58d93b0f5150 3, 7 0, o0x7dc6a0d7f458; 0 drivers
o0x7dc6a0d7f488 .functor BUFZ 8, C4<zzzzzzzz>; HiZ drive
v0x58d93b0f5150_4 .net v0x58d93b0f5150 4, 7 0, o0x7dc6a0d7f488; 0 drivers
o0x7dc6a0d7f4b8 .functor BUFZ 8, C4<zzzzzzzz>; HiZ drive
v0x58d93b0f5150_5 .net v0x58d93b0f5150 5, 7 0, o0x7dc6a0d7f4b8; 0 drivers
o0x7dc6a0d7f4e8 .functor BUFZ 8, C4<zzzzzzzz>; HiZ drive
v0x58d93b0f5150_6 .net v0x58d93b0f5150 6, 7 0, o0x7dc6a0d7f4e8; 0 drivers
o0x7dc6a0d7f518 .functor BUFZ 8, C4<zzzzzzzz>; HiZ drive
v0x58d93b0f5150_7 .net v0x58d93b0f5150 7, 7 0, o0x7dc6a0d7f518; 0 drivers
o0x7dc6a0d7f548 .functor BUFZ 8, C4<zzzzzzzz>; HiZ drive
v0x58d93b0f5150_8 .net v0x58d93b0f5150 8, 7 0, o0x7dc6a0d7f548; 0 drivers
o0x7dc6a0d7f578 .functor BUFZ 8, C4<zzzzzzzz>; HiZ drive
v0x58d93b0f5150_9 .net v0x58d93b0f5150 9, 7 0, o0x7dc6a0d7f578; 0 drivers
o0x7dc6a0d7f5a8 .functor BUFZ 8, C4<zzzzzzzz>; HiZ drive
v0x58d93b0f5150_10 .net v0x58d93b0f5150 10, 7 0, o0x7dc6a0d7f5a8; 0 drivers
o0x7dc6a0d7f5d8 .functor BUFZ 8, C4<zzzzzzzz>; HiZ drive
v0x58d93b0f5150_11 .net v0x58d93b0f5150 11, 7 0, o0x7dc6a0d7f5d8; 0 drivers
o0x7dc6a0d7f608 .functor BUFZ 8, C4<zzzzzzzz>; HiZ drive
v0x58d93b0f5150_12 .net v0x58d93b0f5150 12, 7 0, o0x7dc6a0d7f608; 0 drivers
o0x7dc6a0d7f638 .functor BUFZ 8, C4<zzzzzzzz>; HiZ drive
v0x58d93b0f5150_13 .net v0x58d93b0f5150 13, 7 0, o0x7dc6a0d7f638; 0 drivers
o0x7dc6a0d7f668 .functor BUFZ 8, C4<zzzzzzzz>; HiZ drive
v0x58d93b0f5150_14 .net v0x58d93b0f5150 14, 7 0, o0x7dc6a0d7f668; 0 drivers
o0x7dc6a0d7f698 .functor BUFZ 8, C4<zzzzzzzz>; HiZ drive
v0x58d93b0f5150_15 .net v0x58d93b0f5150 15, 7 0, o0x7dc6a0d7f698; 0 drivers
o0x7dc6a0d7f6c8 .functor BUFZ 8, C4<zzzzzzzz>; HiZ drive
v0x58d93b0f5150_16 .net v0x58d93b0f5150 16, 7 0, o0x7dc6a0d7f6c8; 0 drivers
o0x7dc6a0d7f6f8 .functor BUFZ 8, C4<zzzzzzzz>; HiZ drive
v0x58d93b0f5150_17 .net v0x58d93b0f5150 17, 7 0, o0x7dc6a0d7f6f8; 0 drivers
o0x7dc6a0d7f728 .functor BUFZ 8, C4<zzzzzzzz>; HiZ drive
v0x58d93b0f5150_18 .net v0x58d93b0f5150 18, 7 0, o0x7dc6a0d7f728; 0 drivers
o0x7dc6a0d7f758 .functor BUFZ 8, C4<zzzzzzzz>; HiZ drive
v0x58d93b0f5150_19 .net v0x58d93b0f5150 19, 7 0, o0x7dc6a0d7f758; 0 drivers
o0x7dc6a0d7f788 .functor BUFZ 8, C4<zzzzzzzz>; HiZ drive
v0x58d93b0f5150_20 .net v0x58d93b0f5150 20, 7 0, o0x7dc6a0d7f788; 0 drivers
o0x7dc6a0d7f7b8 .functor BUFZ 8, C4<zzzzzzzz>; HiZ drive
v0x58d93b0f5150_21 .net v0x58d93b0f5150 21, 7 0, o0x7dc6a0d7f7b8; 0 drivers
o0x7dc6a0d7f7e8 .functor BUFZ 8, C4<zzzzzzzz>; HiZ drive
v0x58d93b0f5150_22 .net v0x58d93b0f5150 22, 7 0, o0x7dc6a0d7f7e8; 0 drivers
o0x7dc6a0d7f818 .functor BUFZ 8, C4<zzzzzzzz>; HiZ drive
v0x58d93b0f5150_23 .net v0x58d93b0f5150 23, 7 0, o0x7dc6a0d7f818; 0 drivers
o0x7dc6a0d7f848 .functor BUFZ 8, C4<zzzzzzzz>; HiZ drive
v0x58d93b0f5150_24 .net v0x58d93b0f5150 24, 7 0, o0x7dc6a0d7f848; 0 drivers
o0x7dc6a0d7f878 .functor BUFZ 8, C4<zzzzzzzz>; HiZ drive
v0x58d93b0f5150_25 .net v0x58d93b0f5150 25, 7 0, o0x7dc6a0d7f878; 0 drivers
o0x7dc6a0d7f8a8 .functor BUFZ 8, C4<zzzzzzzz>; HiZ drive
v0x58d93b0f5150_26 .net v0x58d93b0f5150 26, 7 0, o0x7dc6a0d7f8a8; 0 drivers
o0x7dc6a0d7f8d8 .functor BUFZ 8, C4<zzzzzzzz>; HiZ drive
v0x58d93b0f5150_27 .net v0x58d93b0f5150 27, 7 0, o0x7dc6a0d7f8d8; 0 drivers
o0x7dc6a0d7f908 .functor BUFZ 8, C4<zzzzzzzz>; HiZ drive
v0x58d93b0f5150_28 .net v0x58d93b0f5150 28, 7 0, o0x7dc6a0d7f908; 0 drivers
o0x7dc6a0d7f938 .functor BUFZ 8, C4<zzzzzzzz>; HiZ drive
v0x58d93b0f5150_29 .net v0x58d93b0f5150 29, 7 0, o0x7dc6a0d7f938; 0 drivers
o0x7dc6a0d7f968 .functor BUFZ 8, C4<zzzzzzzz>; HiZ drive
v0x58d93b0f5150_30 .net v0x58d93b0f5150 30, 7 0, o0x7dc6a0d7f968; 0 drivers
o0x7dc6a0d7f998 .functor BUFZ 8, C4<zzzzzzzz>; HiZ drive
v0x58d93b0f5150_31 .net v0x58d93b0f5150 31, 7 0, o0x7dc6a0d7f998; 0 drivers
o0x7dc6a0d7f9c8 .functor BUFZ 8, C4<zzzzzzzz>; HiZ drive
v0x58d93b0f5150_32 .net v0x58d93b0f5150 32, 7 0, o0x7dc6a0d7f9c8; 0 drivers
o0x7dc6a0d7f9f8 .functor BUFZ 8, C4<zzzzzzzz>; HiZ drive
v0x58d93b0f5150_33 .net v0x58d93b0f5150 33, 7 0, o0x7dc6a0d7f9f8; 0 drivers
o0x7dc6a0d7fa28 .functor BUFZ 8, C4<zzzzzzzz>; HiZ drive
v0x58d93b0f5150_34 .net v0x58d93b0f5150 34, 7 0, o0x7dc6a0d7fa28; 0 drivers
o0x7dc6a0d7fa58 .functor BUFZ 8, C4<zzzzzzzz>; HiZ drive
v0x58d93b0f5150_35 .net v0x58d93b0f5150 35, 7 0, o0x7dc6a0d7fa58; 0 drivers
o0x7dc6a0d7fa88 .functor BUFZ 8, C4<zzzzzzzz>; HiZ drive
v0x58d93b0f5150_36 .net v0x58d93b0f5150 36, 7 0, o0x7dc6a0d7fa88; 0 drivers
o0x7dc6a0d7fab8 .functor BUFZ 8, C4<zzzzzzzz>; HiZ drive
v0x58d93b0f5150_37 .net v0x58d93b0f5150 37, 7 0, o0x7dc6a0d7fab8; 0 drivers
o0x7dc6a0d7fae8 .functor BUFZ 8, C4<zzzzzzzz>; HiZ drive
v0x58d93b0f5150_38 .net v0x58d93b0f5150 38, 7 0, o0x7dc6a0d7fae8; 0 drivers
o0x7dc6a0d7fb18 .functor BUFZ 8, C4<zzzzzzzz>; HiZ drive
v0x58d93b0f5150_39 .net v0x58d93b0f5150 39, 7 0, o0x7dc6a0d7fb18; 0 drivers
o0x7dc6a0d7fb48 .functor BUFZ 8, C4<zzzzzzzz>; HiZ drive
v0x58d93b0f5150_40 .net v0x58d93b0f5150 40, 7 0, o0x7dc6a0d7fb48; 0 drivers
o0x7dc6a0d7fb78 .functor BUFZ 8, C4<zzzzzzzz>; HiZ drive
v0x58d93b0f5150_41 .net v0x58d93b0f5150 41, 7 0, o0x7dc6a0d7fb78; 0 drivers
o0x7dc6a0d7fba8 .functor BUFZ 8, C4<zzzzzzzz>; HiZ drive
v0x58d93b0f5150_42 .net v0x58d93b0f5150 42, 7 0, o0x7dc6a0d7fba8; 0 drivers
o0x7dc6a0d7fbd8 .functor BUFZ 8, C4<zzzzzzzz>; HiZ drive
v0x58d93b0f5150_43 .net v0x58d93b0f5150 43, 7 0, o0x7dc6a0d7fbd8; 0 drivers
o0x7dc6a0d7fc08 .functor BUFZ 8, C4<zzzzzzzz>; HiZ drive
v0x58d93b0f5150_44 .net v0x58d93b0f5150 44, 7 0, o0x7dc6a0d7fc08; 0 drivers
o0x7dc6a0d7fc38 .functor BUFZ 8, C4<zzzzzzzz>; HiZ drive
v0x58d93b0f5150_45 .net v0x58d93b0f5150 45, 7 0, o0x7dc6a0d7fc38; 0 drivers
o0x7dc6a0d7fc68 .functor BUFZ 8, C4<zzzzzzzz>; HiZ drive
v0x58d93b0f5150_46 .net v0x58d93b0f5150 46, 7 0, o0x7dc6a0d7fc68; 0 drivers
o0x7dc6a0d7fc98 .functor BUFZ 8, C4<zzzzzzzz>; HiZ drive
v0x58d93b0f5150_47 .net v0x58d93b0f5150 47, 7 0, o0x7dc6a0d7fc98; 0 drivers
o0x7dc6a0d7fcc8 .functor BUFZ 8, C4<zzzzzzzz>; HiZ drive
v0x58d93b0f5150_48 .net v0x58d93b0f5150 48, 7 0, o0x7dc6a0d7fcc8; 0 drivers
o0x7dc6a0d7fcf8 .functor BUFZ 8, C4<zzzzzzzz>; HiZ drive
v0x58d93b0f5150_49 .net v0x58d93b0f5150 49, 7 0, o0x7dc6a0d7fcf8; 0 drivers
o0x7dc6a0d7fd28 .functor BUFZ 8, C4<zzzzzzzz>; HiZ drive
v0x58d93b0f5150_50 .net v0x58d93b0f5150 50, 7 0, o0x7dc6a0d7fd28; 0 drivers
o0x7dc6a0d7fd58 .functor BUFZ 8, C4<zzzzzzzz>; HiZ drive
v0x58d93b0f5150_51 .net v0x58d93b0f5150 51, 7 0, o0x7dc6a0d7fd58; 0 drivers
o0x7dc6a0d7fd88 .functor BUFZ 8, C4<zzzzzzzz>; HiZ drive
v0x58d93b0f5150_52 .net v0x58d93b0f5150 52, 7 0, o0x7dc6a0d7fd88; 0 drivers
o0x7dc6a0d7fdb8 .functor BUFZ 8, C4<zzzzzzzz>; HiZ drive
v0x58d93b0f5150_53 .net v0x58d93b0f5150 53, 7 0, o0x7dc6a0d7fdb8; 0 drivers
o0x7dc6a0d7fde8 .functor BUFZ 8, C4<zzzzzzzz>; HiZ drive
v0x58d93b0f5150_54 .net v0x58d93b0f5150 54, 7 0, o0x7dc6a0d7fde8; 0 drivers
o0x7dc6a0d7fe18 .functor BUFZ 8, C4<zzzzzzzz>; HiZ drive
v0x58d93b0f5150_55 .net v0x58d93b0f5150 55, 7 0, o0x7dc6a0d7fe18; 0 drivers
o0x7dc6a0d7fe48 .functor BUFZ 8, C4<zzzzzzzz>; HiZ drive
v0x58d93b0f5150_56 .net v0x58d93b0f5150 56, 7 0, o0x7dc6a0d7fe48; 0 drivers
o0x7dc6a0d7fe78 .functor BUFZ 8, C4<zzzzzzzz>; HiZ drive
v0x58d93b0f5150_57 .net v0x58d93b0f5150 57, 7 0, o0x7dc6a0d7fe78; 0 drivers
o0x7dc6a0d7fea8 .functor BUFZ 8, C4<zzzzzzzz>; HiZ drive
v0x58d93b0f5150_58 .net v0x58d93b0f5150 58, 7 0, o0x7dc6a0d7fea8; 0 drivers
o0x7dc6a0d7fed8 .functor BUFZ 8, C4<zzzzzzzz>; HiZ drive
v0x58d93b0f5150_59 .net v0x58d93b0f5150 59, 7 0, o0x7dc6a0d7fed8; 0 drivers
o0x7dc6a0d7ff08 .functor BUFZ 8, C4<zzzzzzzz>; HiZ drive
v0x58d93b0f5150_60 .net v0x58d93b0f5150 60, 7 0, o0x7dc6a0d7ff08; 0 drivers
o0x7dc6a0d7ff38 .functor BUFZ 8, C4<zzzzzzzz>; HiZ drive
v0x58d93b0f5150_61 .net v0x58d93b0f5150 61, 7 0, o0x7dc6a0d7ff38; 0 drivers
o0x7dc6a0d7ff68 .functor BUFZ 8, C4<zzzzzzzz>; HiZ drive
v0x58d93b0f5150_62 .net v0x58d93b0f5150 62, 7 0, o0x7dc6a0d7ff68; 0 drivers
o0x7dc6a0d7ff98 .functor BUFZ 8, C4<zzzzzzzz>; HiZ drive
v0x58d93b0f5150_63 .net v0x58d93b0f5150 63, 7 0, o0x7dc6a0d7ff98; 0 drivers
o0x7dc6a0d7ffc8 .functor BUFZ 8, C4<zzzzzzzz>; HiZ drive
v0x58d93b0f5150_64 .net v0x58d93b0f5150 64, 7 0, o0x7dc6a0d7ffc8; 0 drivers
o0x7dc6a0d7fff8 .functor BUFZ 8, C4<zzzzzzzz>; HiZ drive
v0x58d93b0f5150_65 .net v0x58d93b0f5150 65, 7 0, o0x7dc6a0d7fff8; 0 drivers
o0x7dc6a0d80028 .functor BUFZ 8, C4<zzzzzzzz>; HiZ drive
v0x58d93b0f5150_66 .net v0x58d93b0f5150 66, 7 0, o0x7dc6a0d80028; 0 drivers
o0x7dc6a0d80058 .functor BUFZ 8, C4<zzzzzzzz>; HiZ drive
v0x58d93b0f5150_67 .net v0x58d93b0f5150 67, 7 0, o0x7dc6a0d80058; 0 drivers
o0x7dc6a0d80088 .functor BUFZ 8, C4<zzzzzzzz>; HiZ drive
v0x58d93b0f5150_68 .net v0x58d93b0f5150 68, 7 0, o0x7dc6a0d80088; 0 drivers
o0x7dc6a0d800b8 .functor BUFZ 8, C4<zzzzzzzz>; HiZ drive
v0x58d93b0f5150_69 .net v0x58d93b0f5150 69, 7 0, o0x7dc6a0d800b8; 0 drivers
o0x7dc6a0d800e8 .functor BUFZ 8, C4<zzzzzzzz>; HiZ drive
v0x58d93b0f5150_70 .net v0x58d93b0f5150 70, 7 0, o0x7dc6a0d800e8; 0 drivers
o0x7dc6a0d80118 .functor BUFZ 8, C4<zzzzzzzz>; HiZ drive
v0x58d93b0f5150_71 .net v0x58d93b0f5150 71, 7 0, o0x7dc6a0d80118; 0 drivers
o0x7dc6a0d80148 .functor BUFZ 8, C4<zzzzzzzz>; HiZ drive
v0x58d93b0f5150_72 .net v0x58d93b0f5150 72, 7 0, o0x7dc6a0d80148; 0 drivers
o0x7dc6a0d80178 .functor BUFZ 8, C4<zzzzzzzz>; HiZ drive
v0x58d93b0f5150_73 .net v0x58d93b0f5150 73, 7 0, o0x7dc6a0d80178; 0 drivers
o0x7dc6a0d801a8 .functor BUFZ 8, C4<zzzzzzzz>; HiZ drive
v0x58d93b0f5150_74 .net v0x58d93b0f5150 74, 7 0, o0x7dc6a0d801a8; 0 drivers
o0x7dc6a0d801d8 .functor BUFZ 8, C4<zzzzzzzz>; HiZ drive
v0x58d93b0f5150_75 .net v0x58d93b0f5150 75, 7 0, o0x7dc6a0d801d8; 0 drivers
o0x7dc6a0d80208 .functor BUFZ 8, C4<zzzzzzzz>; HiZ drive
v0x58d93b0f5150_76 .net v0x58d93b0f5150 76, 7 0, o0x7dc6a0d80208; 0 drivers
o0x7dc6a0d80238 .functor BUFZ 8, C4<zzzzzzzz>; HiZ drive
v0x58d93b0f5150_77 .net v0x58d93b0f5150 77, 7 0, o0x7dc6a0d80238; 0 drivers
o0x7dc6a0d80268 .functor BUFZ 8, C4<zzzzzzzz>; HiZ drive
v0x58d93b0f5150_78 .net v0x58d93b0f5150 78, 7 0, o0x7dc6a0d80268; 0 drivers
o0x7dc6a0d80298 .functor BUFZ 8, C4<zzzzzzzz>; HiZ drive
v0x58d93b0f5150_79 .net v0x58d93b0f5150 79, 7 0, o0x7dc6a0d80298; 0 drivers
o0x7dc6a0d802c8 .functor BUFZ 8, C4<zzzzzzzz>; HiZ drive
v0x58d93b0f5150_80 .net v0x58d93b0f5150 80, 7 0, o0x7dc6a0d802c8; 0 drivers
o0x7dc6a0d802f8 .functor BUFZ 8, C4<zzzzzzzz>; HiZ drive
v0x58d93b0f5150_81 .net v0x58d93b0f5150 81, 7 0, o0x7dc6a0d802f8; 0 drivers
o0x7dc6a0d80328 .functor BUFZ 8, C4<zzzzzzzz>; HiZ drive
v0x58d93b0f5150_82 .net v0x58d93b0f5150 82, 7 0, o0x7dc6a0d80328; 0 drivers
o0x7dc6a0d80358 .functor BUFZ 8, C4<zzzzzzzz>; HiZ drive
v0x58d93b0f5150_83 .net v0x58d93b0f5150 83, 7 0, o0x7dc6a0d80358; 0 drivers
o0x7dc6a0d80388 .functor BUFZ 8, C4<zzzzzzzz>; HiZ drive
v0x58d93b0f5150_84 .net v0x58d93b0f5150 84, 7 0, o0x7dc6a0d80388; 0 drivers
o0x7dc6a0d803b8 .functor BUFZ 8, C4<zzzzzzzz>; HiZ drive
v0x58d93b0f5150_85 .net v0x58d93b0f5150 85, 7 0, o0x7dc6a0d803b8; 0 drivers
o0x7dc6a0d803e8 .functor BUFZ 8, C4<zzzzzzzz>; HiZ drive
v0x58d93b0f5150_86 .net v0x58d93b0f5150 86, 7 0, o0x7dc6a0d803e8; 0 drivers
o0x7dc6a0d80418 .functor BUFZ 8, C4<zzzzzzzz>; HiZ drive
v0x58d93b0f5150_87 .net v0x58d93b0f5150 87, 7 0, o0x7dc6a0d80418; 0 drivers
o0x7dc6a0d80448 .functor BUFZ 8, C4<zzzzzzzz>; HiZ drive
v0x58d93b0f5150_88 .net v0x58d93b0f5150 88, 7 0, o0x7dc6a0d80448; 0 drivers
o0x7dc6a0d80478 .functor BUFZ 8, C4<zzzzzzzz>; HiZ drive
v0x58d93b0f5150_89 .net v0x58d93b0f5150 89, 7 0, o0x7dc6a0d80478; 0 drivers
o0x7dc6a0d804a8 .functor BUFZ 8, C4<zzzzzzzz>; HiZ drive
v0x58d93b0f5150_90 .net v0x58d93b0f5150 90, 7 0, o0x7dc6a0d804a8; 0 drivers
o0x7dc6a0d804d8 .functor BUFZ 8, C4<zzzzzzzz>; HiZ drive
v0x58d93b0f5150_91 .net v0x58d93b0f5150 91, 7 0, o0x7dc6a0d804d8; 0 drivers
o0x7dc6a0d80508 .functor BUFZ 8, C4<zzzzzzzz>; HiZ drive
v0x58d93b0f5150_92 .net v0x58d93b0f5150 92, 7 0, o0x7dc6a0d80508; 0 drivers
o0x7dc6a0d80538 .functor BUFZ 8, C4<zzzzzzzz>; HiZ drive
v0x58d93b0f5150_93 .net v0x58d93b0f5150 93, 7 0, o0x7dc6a0d80538; 0 drivers
o0x7dc6a0d80568 .functor BUFZ 8, C4<zzzzzzzz>; HiZ drive
v0x58d93b0f5150_94 .net v0x58d93b0f5150 94, 7 0, o0x7dc6a0d80568; 0 drivers
o0x7dc6a0d80598 .functor BUFZ 8, C4<zzzzzzzz>; HiZ drive
v0x58d93b0f5150_95 .net v0x58d93b0f5150 95, 7 0, o0x7dc6a0d80598; 0 drivers
o0x7dc6a0d805c8 .functor BUFZ 8, C4<zzzzzzzz>; HiZ drive
v0x58d93b0f5150_96 .net v0x58d93b0f5150 96, 7 0, o0x7dc6a0d805c8; 0 drivers
o0x7dc6a0d805f8 .functor BUFZ 8, C4<zzzzzzzz>; HiZ drive
v0x58d93b0f5150_97 .net v0x58d93b0f5150 97, 7 0, o0x7dc6a0d805f8; 0 drivers
o0x7dc6a0d80628 .functor BUFZ 8, C4<zzzzzzzz>; HiZ drive
v0x58d93b0f5150_98 .net v0x58d93b0f5150 98, 7 0, o0x7dc6a0d80628; 0 drivers
o0x7dc6a0d80658 .functor BUFZ 8, C4<zzzzzzzz>; HiZ drive
v0x58d93b0f5150_99 .net v0x58d93b0f5150 99, 7 0, o0x7dc6a0d80658; 0 drivers
o0x7dc6a0d80688 .functor BUFZ 8, C4<zzzzzzzz>; HiZ drive
v0x58d93b0f5150_100 .net v0x58d93b0f5150 100, 7 0, o0x7dc6a0d80688; 0 drivers
o0x7dc6a0d806b8 .functor BUFZ 8, C4<zzzzzzzz>; HiZ drive
v0x58d93b0f5150_101 .net v0x58d93b0f5150 101, 7 0, o0x7dc6a0d806b8; 0 drivers
o0x7dc6a0d806e8 .functor BUFZ 8, C4<zzzzzzzz>; HiZ drive
v0x58d93b0f5150_102 .net v0x58d93b0f5150 102, 7 0, o0x7dc6a0d806e8; 0 drivers
o0x7dc6a0d80718 .functor BUFZ 8, C4<zzzzzzzz>; HiZ drive
v0x58d93b0f5150_103 .net v0x58d93b0f5150 103, 7 0, o0x7dc6a0d80718; 0 drivers
o0x7dc6a0d80748 .functor BUFZ 8, C4<zzzzzzzz>; HiZ drive
v0x58d93b0f5150_104 .net v0x58d93b0f5150 104, 7 0, o0x7dc6a0d80748; 0 drivers
o0x7dc6a0d80778 .functor BUFZ 8, C4<zzzzzzzz>; HiZ drive
v0x58d93b0f5150_105 .net v0x58d93b0f5150 105, 7 0, o0x7dc6a0d80778; 0 drivers
o0x7dc6a0d807a8 .functor BUFZ 8, C4<zzzzzzzz>; HiZ drive
v0x58d93b0f5150_106 .net v0x58d93b0f5150 106, 7 0, o0x7dc6a0d807a8; 0 drivers
o0x7dc6a0d807d8 .functor BUFZ 8, C4<zzzzzzzz>; HiZ drive
v0x58d93b0f5150_107 .net v0x58d93b0f5150 107, 7 0, o0x7dc6a0d807d8; 0 drivers
o0x7dc6a0d80808 .functor BUFZ 8, C4<zzzzzzzz>; HiZ drive
v0x58d93b0f5150_108 .net v0x58d93b0f5150 108, 7 0, o0x7dc6a0d80808; 0 drivers
o0x7dc6a0d80838 .functor BUFZ 8, C4<zzzzzzzz>; HiZ drive
v0x58d93b0f5150_109 .net v0x58d93b0f5150 109, 7 0, o0x7dc6a0d80838; 0 drivers
o0x7dc6a0d80868 .functor BUFZ 8, C4<zzzzzzzz>; HiZ drive
v0x58d93b0f5150_110 .net v0x58d93b0f5150 110, 7 0, o0x7dc6a0d80868; 0 drivers
o0x7dc6a0d80898 .functor BUFZ 8, C4<zzzzzzzz>; HiZ drive
v0x58d93b0f5150_111 .net v0x58d93b0f5150 111, 7 0, o0x7dc6a0d80898; 0 drivers
o0x7dc6a0d808c8 .functor BUFZ 8, C4<zzzzzzzz>; HiZ drive
v0x58d93b0f5150_112 .net v0x58d93b0f5150 112, 7 0, o0x7dc6a0d808c8; 0 drivers
o0x7dc6a0d808f8 .functor BUFZ 8, C4<zzzzzzzz>; HiZ drive
v0x58d93b0f5150_113 .net v0x58d93b0f5150 113, 7 0, o0x7dc6a0d808f8; 0 drivers
o0x7dc6a0d80928 .functor BUFZ 8, C4<zzzzzzzz>; HiZ drive
v0x58d93b0f5150_114 .net v0x58d93b0f5150 114, 7 0, o0x7dc6a0d80928; 0 drivers
o0x7dc6a0d80958 .functor BUFZ 8, C4<zzzzzzzz>; HiZ drive
v0x58d93b0f5150_115 .net v0x58d93b0f5150 115, 7 0, o0x7dc6a0d80958; 0 drivers
o0x7dc6a0d80988 .functor BUFZ 8, C4<zzzzzzzz>; HiZ drive
v0x58d93b0f5150_116 .net v0x58d93b0f5150 116, 7 0, o0x7dc6a0d80988; 0 drivers
o0x7dc6a0d809b8 .functor BUFZ 8, C4<zzzzzzzz>; HiZ drive
v0x58d93b0f5150_117 .net v0x58d93b0f5150 117, 7 0, o0x7dc6a0d809b8; 0 drivers
o0x7dc6a0d809e8 .functor BUFZ 8, C4<zzzzzzzz>; HiZ drive
v0x58d93b0f5150_118 .net v0x58d93b0f5150 118, 7 0, o0x7dc6a0d809e8; 0 drivers
o0x7dc6a0d80a18 .functor BUFZ 8, C4<zzzzzzzz>; HiZ drive
v0x58d93b0f5150_119 .net v0x58d93b0f5150 119, 7 0, o0x7dc6a0d80a18; 0 drivers
o0x7dc6a0d80a48 .functor BUFZ 8, C4<zzzzzzzz>; HiZ drive
v0x58d93b0f5150_120 .net v0x58d93b0f5150 120, 7 0, o0x7dc6a0d80a48; 0 drivers
o0x7dc6a0d80a78 .functor BUFZ 8, C4<zzzzzzzz>; HiZ drive
v0x58d93b0f5150_121 .net v0x58d93b0f5150 121, 7 0, o0x7dc6a0d80a78; 0 drivers
o0x7dc6a0d80aa8 .functor BUFZ 8, C4<zzzzzzzz>; HiZ drive
v0x58d93b0f5150_122 .net v0x58d93b0f5150 122, 7 0, o0x7dc6a0d80aa8; 0 drivers
o0x7dc6a0d80ad8 .functor BUFZ 8, C4<zzzzzzzz>; HiZ drive
v0x58d93b0f5150_123 .net v0x58d93b0f5150 123, 7 0, o0x7dc6a0d80ad8; 0 drivers
o0x7dc6a0d80b08 .functor BUFZ 8, C4<zzzzzzzz>; HiZ drive
v0x58d93b0f5150_124 .net v0x58d93b0f5150 124, 7 0, o0x7dc6a0d80b08; 0 drivers
o0x7dc6a0d80b38 .functor BUFZ 8, C4<zzzzzzzz>; HiZ drive
v0x58d93b0f5150_125 .net v0x58d93b0f5150 125, 7 0, o0x7dc6a0d80b38; 0 drivers
o0x7dc6a0d80b68 .functor BUFZ 8, C4<zzzzzzzz>; HiZ drive
v0x58d93b0f5150_126 .net v0x58d93b0f5150 126, 7 0, o0x7dc6a0d80b68; 0 drivers
o0x7dc6a0d80b98 .functor BUFZ 8, C4<zzzzzzzz>; HiZ drive
v0x58d93b0f5150_127 .net v0x58d93b0f5150 127, 7 0, o0x7dc6a0d80b98; 0 drivers
o0x7dc6a0d80bc8 .functor BUFZ 8, C4<zzzzzzzz>; HiZ drive
v0x58d93b0f5150_128 .net v0x58d93b0f5150 128, 7 0, o0x7dc6a0d80bc8; 0 drivers
o0x7dc6a0d80bf8 .functor BUFZ 8, C4<zzzzzzzz>; HiZ drive
v0x58d93b0f5150_129 .net v0x58d93b0f5150 129, 7 0, o0x7dc6a0d80bf8; 0 drivers
o0x7dc6a0d80c28 .functor BUFZ 8, C4<zzzzzzzz>; HiZ drive
v0x58d93b0f5150_130 .net v0x58d93b0f5150 130, 7 0, o0x7dc6a0d80c28; 0 drivers
o0x7dc6a0d80c58 .functor BUFZ 8, C4<zzzzzzzz>; HiZ drive
v0x58d93b0f5150_131 .net v0x58d93b0f5150 131, 7 0, o0x7dc6a0d80c58; 0 drivers
o0x7dc6a0d80c88 .functor BUFZ 8, C4<zzzzzzzz>; HiZ drive
v0x58d93b0f5150_132 .net v0x58d93b0f5150 132, 7 0, o0x7dc6a0d80c88; 0 drivers
o0x7dc6a0d80cb8 .functor BUFZ 8, C4<zzzzzzzz>; HiZ drive
v0x58d93b0f5150_133 .net v0x58d93b0f5150 133, 7 0, o0x7dc6a0d80cb8; 0 drivers
o0x7dc6a0d80ce8 .functor BUFZ 8, C4<zzzzzzzz>; HiZ drive
v0x58d93b0f5150_134 .net v0x58d93b0f5150 134, 7 0, o0x7dc6a0d80ce8; 0 drivers
o0x7dc6a0d80d18 .functor BUFZ 8, C4<zzzzzzzz>; HiZ drive
v0x58d93b0f5150_135 .net v0x58d93b0f5150 135, 7 0, o0x7dc6a0d80d18; 0 drivers
o0x7dc6a0d80d48 .functor BUFZ 8, C4<zzzzzzzz>; HiZ drive
v0x58d93b0f5150_136 .net v0x58d93b0f5150 136, 7 0, o0x7dc6a0d80d48; 0 drivers
o0x7dc6a0d80d78 .functor BUFZ 8, C4<zzzzzzzz>; HiZ drive
v0x58d93b0f5150_137 .net v0x58d93b0f5150 137, 7 0, o0x7dc6a0d80d78; 0 drivers
o0x7dc6a0d80da8 .functor BUFZ 8, C4<zzzzzzzz>; HiZ drive
v0x58d93b0f5150_138 .net v0x58d93b0f5150 138, 7 0, o0x7dc6a0d80da8; 0 drivers
o0x7dc6a0d80dd8 .functor BUFZ 8, C4<zzzzzzzz>; HiZ drive
v0x58d93b0f5150_139 .net v0x58d93b0f5150 139, 7 0, o0x7dc6a0d80dd8; 0 drivers
o0x7dc6a0d80e08 .functor BUFZ 8, C4<zzzzzzzz>; HiZ drive
v0x58d93b0f5150_140 .net v0x58d93b0f5150 140, 7 0, o0x7dc6a0d80e08; 0 drivers
o0x7dc6a0d80e38 .functor BUFZ 8, C4<zzzzzzzz>; HiZ drive
v0x58d93b0f5150_141 .net v0x58d93b0f5150 141, 7 0, o0x7dc6a0d80e38; 0 drivers
o0x7dc6a0d80e68 .functor BUFZ 8, C4<zzzzzzzz>; HiZ drive
v0x58d93b0f5150_142 .net v0x58d93b0f5150 142, 7 0, o0x7dc6a0d80e68; 0 drivers
o0x7dc6a0d80e98 .functor BUFZ 8, C4<zzzzzzzz>; HiZ drive
v0x58d93b0f5150_143 .net v0x58d93b0f5150 143, 7 0, o0x7dc6a0d80e98; 0 drivers
o0x7dc6a0d80ec8 .functor BUFZ 8, C4<zzzzzzzz>; HiZ drive
v0x58d93b0f5150_144 .net v0x58d93b0f5150 144, 7 0, o0x7dc6a0d80ec8; 0 drivers
o0x7dc6a0d80ef8 .functor BUFZ 8, C4<zzzzzzzz>; HiZ drive
v0x58d93b0f5150_145 .net v0x58d93b0f5150 145, 7 0, o0x7dc6a0d80ef8; 0 drivers
o0x7dc6a0d80f28 .functor BUFZ 8, C4<zzzzzzzz>; HiZ drive
v0x58d93b0f5150_146 .net v0x58d93b0f5150 146, 7 0, o0x7dc6a0d80f28; 0 drivers
o0x7dc6a0d80f58 .functor BUFZ 8, C4<zzzzzzzz>; HiZ drive
v0x58d93b0f5150_147 .net v0x58d93b0f5150 147, 7 0, o0x7dc6a0d80f58; 0 drivers
o0x7dc6a0d80f88 .functor BUFZ 8, C4<zzzzzzzz>; HiZ drive
v0x58d93b0f5150_148 .net v0x58d93b0f5150 148, 7 0, o0x7dc6a0d80f88; 0 drivers
o0x7dc6a0d80fb8 .functor BUFZ 8, C4<zzzzzzzz>; HiZ drive
v0x58d93b0f5150_149 .net v0x58d93b0f5150 149, 7 0, o0x7dc6a0d80fb8; 0 drivers
o0x7dc6a0d80fe8 .functor BUFZ 8, C4<zzzzzzzz>; HiZ drive
v0x58d93b0f5150_150 .net v0x58d93b0f5150 150, 7 0, o0x7dc6a0d80fe8; 0 drivers
o0x7dc6a0d81018 .functor BUFZ 8, C4<zzzzzzzz>; HiZ drive
v0x58d93b0f5150_151 .net v0x58d93b0f5150 151, 7 0, o0x7dc6a0d81018; 0 drivers
o0x7dc6a0d81048 .functor BUFZ 8, C4<zzzzzzzz>; HiZ drive
v0x58d93b0f5150_152 .net v0x58d93b0f5150 152, 7 0, o0x7dc6a0d81048; 0 drivers
o0x7dc6a0d81078 .functor BUFZ 8, C4<zzzzzzzz>; HiZ drive
v0x58d93b0f5150_153 .net v0x58d93b0f5150 153, 7 0, o0x7dc6a0d81078; 0 drivers
o0x7dc6a0d810a8 .functor BUFZ 8, C4<zzzzzzzz>; HiZ drive
v0x58d93b0f5150_154 .net v0x58d93b0f5150 154, 7 0, o0x7dc6a0d810a8; 0 drivers
o0x7dc6a0d810d8 .functor BUFZ 8, C4<zzzzzzzz>; HiZ drive
v0x58d93b0f5150_155 .net v0x58d93b0f5150 155, 7 0, o0x7dc6a0d810d8; 0 drivers
o0x7dc6a0d81108 .functor BUFZ 8, C4<zzzzzzzz>; HiZ drive
v0x58d93b0f5150_156 .net v0x58d93b0f5150 156, 7 0, o0x7dc6a0d81108; 0 drivers
o0x7dc6a0d81138 .functor BUFZ 8, C4<zzzzzzzz>; HiZ drive
v0x58d93b0f5150_157 .net v0x58d93b0f5150 157, 7 0, o0x7dc6a0d81138; 0 drivers
o0x7dc6a0d81168 .functor BUFZ 8, C4<zzzzzzzz>; HiZ drive
v0x58d93b0f5150_158 .net v0x58d93b0f5150 158, 7 0, o0x7dc6a0d81168; 0 drivers
o0x7dc6a0d81198 .functor BUFZ 8, C4<zzzzzzzz>; HiZ drive
v0x58d93b0f5150_159 .net v0x58d93b0f5150 159, 7 0, o0x7dc6a0d81198; 0 drivers
o0x7dc6a0d811c8 .functor BUFZ 8, C4<zzzzzzzz>; HiZ drive
v0x58d93b0f5150_160 .net v0x58d93b0f5150 160, 7 0, o0x7dc6a0d811c8; 0 drivers
o0x7dc6a0d811f8 .functor BUFZ 8, C4<zzzzzzzz>; HiZ drive
v0x58d93b0f5150_161 .net v0x58d93b0f5150 161, 7 0, o0x7dc6a0d811f8; 0 drivers
o0x7dc6a0d81228 .functor BUFZ 8, C4<zzzzzzzz>; HiZ drive
v0x58d93b0f5150_162 .net v0x58d93b0f5150 162, 7 0, o0x7dc6a0d81228; 0 drivers
o0x7dc6a0d81258 .functor BUFZ 8, C4<zzzzzzzz>; HiZ drive
v0x58d93b0f5150_163 .net v0x58d93b0f5150 163, 7 0, o0x7dc6a0d81258; 0 drivers
o0x7dc6a0d81288 .functor BUFZ 8, C4<zzzzzzzz>; HiZ drive
v0x58d93b0f5150_164 .net v0x58d93b0f5150 164, 7 0, o0x7dc6a0d81288; 0 drivers
o0x7dc6a0d812b8 .functor BUFZ 8, C4<zzzzzzzz>; HiZ drive
v0x58d93b0f5150_165 .net v0x58d93b0f5150 165, 7 0, o0x7dc6a0d812b8; 0 drivers
o0x7dc6a0d812e8 .functor BUFZ 8, C4<zzzzzzzz>; HiZ drive
v0x58d93b0f5150_166 .net v0x58d93b0f5150 166, 7 0, o0x7dc6a0d812e8; 0 drivers
o0x7dc6a0d81318 .functor BUFZ 8, C4<zzzzzzzz>; HiZ drive
v0x58d93b0f5150_167 .net v0x58d93b0f5150 167, 7 0, o0x7dc6a0d81318; 0 drivers
o0x7dc6a0d81348 .functor BUFZ 8, C4<zzzzzzzz>; HiZ drive
v0x58d93b0f5150_168 .net v0x58d93b0f5150 168, 7 0, o0x7dc6a0d81348; 0 drivers
o0x7dc6a0d81378 .functor BUFZ 8, C4<zzzzzzzz>; HiZ drive
v0x58d93b0f5150_169 .net v0x58d93b0f5150 169, 7 0, o0x7dc6a0d81378; 0 drivers
o0x7dc6a0d813a8 .functor BUFZ 8, C4<zzzzzzzz>; HiZ drive
v0x58d93b0f5150_170 .net v0x58d93b0f5150 170, 7 0, o0x7dc6a0d813a8; 0 drivers
o0x7dc6a0d813d8 .functor BUFZ 8, C4<zzzzzzzz>; HiZ drive
v0x58d93b0f5150_171 .net v0x58d93b0f5150 171, 7 0, o0x7dc6a0d813d8; 0 drivers
o0x7dc6a0d81408 .functor BUFZ 8, C4<zzzzzzzz>; HiZ drive
v0x58d93b0f5150_172 .net v0x58d93b0f5150 172, 7 0, o0x7dc6a0d81408; 0 drivers
o0x7dc6a0d81438 .functor BUFZ 8, C4<zzzzzzzz>; HiZ drive
v0x58d93b0f5150_173 .net v0x58d93b0f5150 173, 7 0, o0x7dc6a0d81438; 0 drivers
o0x7dc6a0d81468 .functor BUFZ 8, C4<zzzzzzzz>; HiZ drive
v0x58d93b0f5150_174 .net v0x58d93b0f5150 174, 7 0, o0x7dc6a0d81468; 0 drivers
o0x7dc6a0d81498 .functor BUFZ 8, C4<zzzzzzzz>; HiZ drive
v0x58d93b0f5150_175 .net v0x58d93b0f5150 175, 7 0, o0x7dc6a0d81498; 0 drivers
o0x7dc6a0d814c8 .functor BUFZ 8, C4<zzzzzzzz>; HiZ drive
v0x58d93b0f5150_176 .net v0x58d93b0f5150 176, 7 0, o0x7dc6a0d814c8; 0 drivers
o0x7dc6a0d814f8 .functor BUFZ 8, C4<zzzzzzzz>; HiZ drive
v0x58d93b0f5150_177 .net v0x58d93b0f5150 177, 7 0, o0x7dc6a0d814f8; 0 drivers
o0x7dc6a0d81528 .functor BUFZ 8, C4<zzzzzzzz>; HiZ drive
v0x58d93b0f5150_178 .net v0x58d93b0f5150 178, 7 0, o0x7dc6a0d81528; 0 drivers
o0x7dc6a0d81558 .functor BUFZ 8, C4<zzzzzzzz>; HiZ drive
v0x58d93b0f5150_179 .net v0x58d93b0f5150 179, 7 0, o0x7dc6a0d81558; 0 drivers
o0x7dc6a0d81588 .functor BUFZ 8, C4<zzzzzzzz>; HiZ drive
v0x58d93b0f5150_180 .net v0x58d93b0f5150 180, 7 0, o0x7dc6a0d81588; 0 drivers
o0x7dc6a0d815b8 .functor BUFZ 8, C4<zzzzzzzz>; HiZ drive
v0x58d93b0f5150_181 .net v0x58d93b0f5150 181, 7 0, o0x7dc6a0d815b8; 0 drivers
o0x7dc6a0d815e8 .functor BUFZ 8, C4<zzzzzzzz>; HiZ drive
v0x58d93b0f5150_182 .net v0x58d93b0f5150 182, 7 0, o0x7dc6a0d815e8; 0 drivers
o0x7dc6a0d81618 .functor BUFZ 8, C4<zzzzzzzz>; HiZ drive
v0x58d93b0f5150_183 .net v0x58d93b0f5150 183, 7 0, o0x7dc6a0d81618; 0 drivers
o0x7dc6a0d81648 .functor BUFZ 8, C4<zzzzzzzz>; HiZ drive
v0x58d93b0f5150_184 .net v0x58d93b0f5150 184, 7 0, o0x7dc6a0d81648; 0 drivers
o0x7dc6a0d81678 .functor BUFZ 8, C4<zzzzzzzz>; HiZ drive
v0x58d93b0f5150_185 .net v0x58d93b0f5150 185, 7 0, o0x7dc6a0d81678; 0 drivers
o0x7dc6a0d816a8 .functor BUFZ 8, C4<zzzzzzzz>; HiZ drive
v0x58d93b0f5150_186 .net v0x58d93b0f5150 186, 7 0, o0x7dc6a0d816a8; 0 drivers
o0x7dc6a0d816d8 .functor BUFZ 8, C4<zzzzzzzz>; HiZ drive
v0x58d93b0f5150_187 .net v0x58d93b0f5150 187, 7 0, o0x7dc6a0d816d8; 0 drivers
o0x7dc6a0d81708 .functor BUFZ 8, C4<zzzzzzzz>; HiZ drive
v0x58d93b0f5150_188 .net v0x58d93b0f5150 188, 7 0, o0x7dc6a0d81708; 0 drivers
o0x7dc6a0d81738 .functor BUFZ 8, C4<zzzzzzzz>; HiZ drive
v0x58d93b0f5150_189 .net v0x58d93b0f5150 189, 7 0, o0x7dc6a0d81738; 0 drivers
o0x7dc6a0d81768 .functor BUFZ 8, C4<zzzzzzzz>; HiZ drive
v0x58d93b0f5150_190 .net v0x58d93b0f5150 190, 7 0, o0x7dc6a0d81768; 0 drivers
o0x7dc6a0d81798 .functor BUFZ 8, C4<zzzzzzzz>; HiZ drive
v0x58d93b0f5150_191 .net v0x58d93b0f5150 191, 7 0, o0x7dc6a0d81798; 0 drivers
o0x7dc6a0d817c8 .functor BUFZ 8, C4<zzzzzzzz>; HiZ drive
v0x58d93b0f5150_192 .net v0x58d93b0f5150 192, 7 0, o0x7dc6a0d817c8; 0 drivers
o0x7dc6a0d817f8 .functor BUFZ 8, C4<zzzzzzzz>; HiZ drive
v0x58d93b0f5150_193 .net v0x58d93b0f5150 193, 7 0, o0x7dc6a0d817f8; 0 drivers
o0x7dc6a0d81828 .functor BUFZ 8, C4<zzzzzzzz>; HiZ drive
v0x58d93b0f5150_194 .net v0x58d93b0f5150 194, 7 0, o0x7dc6a0d81828; 0 drivers
o0x7dc6a0d81858 .functor BUFZ 8, C4<zzzzzzzz>; HiZ drive
v0x58d93b0f5150_195 .net v0x58d93b0f5150 195, 7 0, o0x7dc6a0d81858; 0 drivers
o0x7dc6a0d81888 .functor BUFZ 8, C4<zzzzzzzz>; HiZ drive
v0x58d93b0f5150_196 .net v0x58d93b0f5150 196, 7 0, o0x7dc6a0d81888; 0 drivers
o0x7dc6a0d818b8 .functor BUFZ 8, C4<zzzzzzzz>; HiZ drive
v0x58d93b0f5150_197 .net v0x58d93b0f5150 197, 7 0, o0x7dc6a0d818b8; 0 drivers
o0x7dc6a0d818e8 .functor BUFZ 8, C4<zzzzzzzz>; HiZ drive
v0x58d93b0f5150_198 .net v0x58d93b0f5150 198, 7 0, o0x7dc6a0d818e8; 0 drivers
o0x7dc6a0d81918 .functor BUFZ 8, C4<zzzzzzzz>; HiZ drive
v0x58d93b0f5150_199 .net v0x58d93b0f5150 199, 7 0, o0x7dc6a0d81918; 0 drivers
o0x7dc6a0d81948 .functor BUFZ 8, C4<zzzzzzzz>; HiZ drive
v0x58d93b0f5150_200 .net v0x58d93b0f5150 200, 7 0, o0x7dc6a0d81948; 0 drivers
o0x7dc6a0d81978 .functor BUFZ 8, C4<zzzzzzzz>; HiZ drive
v0x58d93b0f5150_201 .net v0x58d93b0f5150 201, 7 0, o0x7dc6a0d81978; 0 drivers
o0x7dc6a0d819a8 .functor BUFZ 8, C4<zzzzzzzz>; HiZ drive
v0x58d93b0f5150_202 .net v0x58d93b0f5150 202, 7 0, o0x7dc6a0d819a8; 0 drivers
o0x7dc6a0d819d8 .functor BUFZ 8, C4<zzzzzzzz>; HiZ drive
v0x58d93b0f5150_203 .net v0x58d93b0f5150 203, 7 0, o0x7dc6a0d819d8; 0 drivers
o0x7dc6a0d81a08 .functor BUFZ 8, C4<zzzzzzzz>; HiZ drive
v0x58d93b0f5150_204 .net v0x58d93b0f5150 204, 7 0, o0x7dc6a0d81a08; 0 drivers
o0x7dc6a0d81a38 .functor BUFZ 8, C4<zzzzzzzz>; HiZ drive
v0x58d93b0f5150_205 .net v0x58d93b0f5150 205, 7 0, o0x7dc6a0d81a38; 0 drivers
o0x7dc6a0d81a68 .functor BUFZ 8, C4<zzzzzzzz>; HiZ drive
v0x58d93b0f5150_206 .net v0x58d93b0f5150 206, 7 0, o0x7dc6a0d81a68; 0 drivers
o0x7dc6a0d81a98 .functor BUFZ 8, C4<zzzzzzzz>; HiZ drive
v0x58d93b0f5150_207 .net v0x58d93b0f5150 207, 7 0, o0x7dc6a0d81a98; 0 drivers
o0x7dc6a0d81ac8 .functor BUFZ 8, C4<zzzzzzzz>; HiZ drive
v0x58d93b0f5150_208 .net v0x58d93b0f5150 208, 7 0, o0x7dc6a0d81ac8; 0 drivers
o0x7dc6a0d81af8 .functor BUFZ 8, C4<zzzzzzzz>; HiZ drive
v0x58d93b0f5150_209 .net v0x58d93b0f5150 209, 7 0, o0x7dc6a0d81af8; 0 drivers
o0x7dc6a0d81b28 .functor BUFZ 8, C4<zzzzzzzz>; HiZ drive
v0x58d93b0f5150_210 .net v0x58d93b0f5150 210, 7 0, o0x7dc6a0d81b28; 0 drivers
o0x7dc6a0d81b58 .functor BUFZ 8, C4<zzzzzzzz>; HiZ drive
v0x58d93b0f5150_211 .net v0x58d93b0f5150 211, 7 0, o0x7dc6a0d81b58; 0 drivers
o0x7dc6a0d81b88 .functor BUFZ 8, C4<zzzzzzzz>; HiZ drive
v0x58d93b0f5150_212 .net v0x58d93b0f5150 212, 7 0, o0x7dc6a0d81b88; 0 drivers
o0x7dc6a0d81bb8 .functor BUFZ 8, C4<zzzzzzzz>; HiZ drive
v0x58d93b0f5150_213 .net v0x58d93b0f5150 213, 7 0, o0x7dc6a0d81bb8; 0 drivers
o0x7dc6a0d81be8 .functor BUFZ 8, C4<zzzzzzzz>; HiZ drive
v0x58d93b0f5150_214 .net v0x58d93b0f5150 214, 7 0, o0x7dc6a0d81be8; 0 drivers
o0x7dc6a0d81c18 .functor BUFZ 8, C4<zzzzzzzz>; HiZ drive
v0x58d93b0f5150_215 .net v0x58d93b0f5150 215, 7 0, o0x7dc6a0d81c18; 0 drivers
o0x7dc6a0d81c48 .functor BUFZ 8, C4<zzzzzzzz>; HiZ drive
v0x58d93b0f5150_216 .net v0x58d93b0f5150 216, 7 0, o0x7dc6a0d81c48; 0 drivers
o0x7dc6a0d81c78 .functor BUFZ 8, C4<zzzzzzzz>; HiZ drive
v0x58d93b0f5150_217 .net v0x58d93b0f5150 217, 7 0, o0x7dc6a0d81c78; 0 drivers
o0x7dc6a0d81ca8 .functor BUFZ 8, C4<zzzzzzzz>; HiZ drive
v0x58d93b0f5150_218 .net v0x58d93b0f5150 218, 7 0, o0x7dc6a0d81ca8; 0 drivers
o0x7dc6a0d81cd8 .functor BUFZ 8, C4<zzzzzzzz>; HiZ drive
v0x58d93b0f5150_219 .net v0x58d93b0f5150 219, 7 0, o0x7dc6a0d81cd8; 0 drivers
o0x7dc6a0d81d08 .functor BUFZ 8, C4<zzzzzzzz>; HiZ drive
v0x58d93b0f5150_220 .net v0x58d93b0f5150 220, 7 0, o0x7dc6a0d81d08; 0 drivers
o0x7dc6a0d81d38 .functor BUFZ 8, C4<zzzzzzzz>; HiZ drive
v0x58d93b0f5150_221 .net v0x58d93b0f5150 221, 7 0, o0x7dc6a0d81d38; 0 drivers
o0x7dc6a0d81d68 .functor BUFZ 8, C4<zzzzzzzz>; HiZ drive
v0x58d93b0f5150_222 .net v0x58d93b0f5150 222, 7 0, o0x7dc6a0d81d68; 0 drivers
o0x7dc6a0d81d98 .functor BUFZ 8, C4<zzzzzzzz>; HiZ drive
v0x58d93b0f5150_223 .net v0x58d93b0f5150 223, 7 0, o0x7dc6a0d81d98; 0 drivers
o0x7dc6a0d81dc8 .functor BUFZ 8, C4<zzzzzzzz>; HiZ drive
v0x58d93b0f5150_224 .net v0x58d93b0f5150 224, 7 0, o0x7dc6a0d81dc8; 0 drivers
o0x7dc6a0d81df8 .functor BUFZ 8, C4<zzzzzzzz>; HiZ drive
v0x58d93b0f5150_225 .net v0x58d93b0f5150 225, 7 0, o0x7dc6a0d81df8; 0 drivers
o0x7dc6a0d81e28 .functor BUFZ 8, C4<zzzzzzzz>; HiZ drive
v0x58d93b0f5150_226 .net v0x58d93b0f5150 226, 7 0, o0x7dc6a0d81e28; 0 drivers
o0x7dc6a0d81e58 .functor BUFZ 8, C4<zzzzzzzz>; HiZ drive
v0x58d93b0f5150_227 .net v0x58d93b0f5150 227, 7 0, o0x7dc6a0d81e58; 0 drivers
o0x7dc6a0d81e88 .functor BUFZ 8, C4<zzzzzzzz>; HiZ drive
v0x58d93b0f5150_228 .net v0x58d93b0f5150 228, 7 0, o0x7dc6a0d81e88; 0 drivers
o0x7dc6a0d81eb8 .functor BUFZ 8, C4<zzzzzzzz>; HiZ drive
v0x58d93b0f5150_229 .net v0x58d93b0f5150 229, 7 0, o0x7dc6a0d81eb8; 0 drivers
o0x7dc6a0d81ee8 .functor BUFZ 8, C4<zzzzzzzz>; HiZ drive
v0x58d93b0f5150_230 .net v0x58d93b0f5150 230, 7 0, o0x7dc6a0d81ee8; 0 drivers
o0x7dc6a0d81f18 .functor BUFZ 8, C4<zzzzzzzz>; HiZ drive
v0x58d93b0f5150_231 .net v0x58d93b0f5150 231, 7 0, o0x7dc6a0d81f18; 0 drivers
o0x7dc6a0d81f48 .functor BUFZ 8, C4<zzzzzzzz>; HiZ drive
v0x58d93b0f5150_232 .net v0x58d93b0f5150 232, 7 0, o0x7dc6a0d81f48; 0 drivers
o0x7dc6a0d81f78 .functor BUFZ 8, C4<zzzzzzzz>; HiZ drive
v0x58d93b0f5150_233 .net v0x58d93b0f5150 233, 7 0, o0x7dc6a0d81f78; 0 drivers
o0x7dc6a0d81fa8 .functor BUFZ 8, C4<zzzzzzzz>; HiZ drive
v0x58d93b0f5150_234 .net v0x58d93b0f5150 234, 7 0, o0x7dc6a0d81fa8; 0 drivers
o0x7dc6a0d81fd8 .functor BUFZ 8, C4<zzzzzzzz>; HiZ drive
v0x58d93b0f5150_235 .net v0x58d93b0f5150 235, 7 0, o0x7dc6a0d81fd8; 0 drivers
o0x7dc6a0d82008 .functor BUFZ 8, C4<zzzzzzzz>; HiZ drive
v0x58d93b0f5150_236 .net v0x58d93b0f5150 236, 7 0, o0x7dc6a0d82008; 0 drivers
o0x7dc6a0d82038 .functor BUFZ 8, C4<zzzzzzzz>; HiZ drive
v0x58d93b0f5150_237 .net v0x58d93b0f5150 237, 7 0, o0x7dc6a0d82038; 0 drivers
o0x7dc6a0d82068 .functor BUFZ 8, C4<zzzzzzzz>; HiZ drive
v0x58d93b0f5150_238 .net v0x58d93b0f5150 238, 7 0, o0x7dc6a0d82068; 0 drivers
o0x7dc6a0d82098 .functor BUFZ 8, C4<zzzzzzzz>; HiZ drive
v0x58d93b0f5150_239 .net v0x58d93b0f5150 239, 7 0, o0x7dc6a0d82098; 0 drivers
o0x7dc6a0d820c8 .functor BUFZ 8, C4<zzzzzzzz>; HiZ drive
v0x58d93b0f5150_240 .net v0x58d93b0f5150 240, 7 0, o0x7dc6a0d820c8; 0 drivers
o0x7dc6a0d820f8 .functor BUFZ 8, C4<zzzzzzzz>; HiZ drive
v0x58d93b0f5150_241 .net v0x58d93b0f5150 241, 7 0, o0x7dc6a0d820f8; 0 drivers
o0x7dc6a0d82128 .functor BUFZ 8, C4<zzzzzzzz>; HiZ drive
v0x58d93b0f5150_242 .net v0x58d93b0f5150 242, 7 0, o0x7dc6a0d82128; 0 drivers
o0x7dc6a0d82158 .functor BUFZ 8, C4<zzzzzzzz>; HiZ drive
v0x58d93b0f5150_243 .net v0x58d93b0f5150 243, 7 0, o0x7dc6a0d82158; 0 drivers
o0x7dc6a0d82188 .functor BUFZ 8, C4<zzzzzzzz>; HiZ drive
v0x58d93b0f5150_244 .net v0x58d93b0f5150 244, 7 0, o0x7dc6a0d82188; 0 drivers
o0x7dc6a0d821b8 .functor BUFZ 8, C4<zzzzzzzz>; HiZ drive
v0x58d93b0f5150_245 .net v0x58d93b0f5150 245, 7 0, o0x7dc6a0d821b8; 0 drivers
o0x7dc6a0d821e8 .functor BUFZ 8, C4<zzzzzzzz>; HiZ drive
v0x58d93b0f5150_246 .net v0x58d93b0f5150 246, 7 0, o0x7dc6a0d821e8; 0 drivers
o0x7dc6a0d82218 .functor BUFZ 8, C4<zzzzzzzz>; HiZ drive
v0x58d93b0f5150_247 .net v0x58d93b0f5150 247, 7 0, o0x7dc6a0d82218; 0 drivers
o0x7dc6a0d82248 .functor BUFZ 8, C4<zzzzzzzz>; HiZ drive
v0x58d93b0f5150_248 .net v0x58d93b0f5150 248, 7 0, o0x7dc6a0d82248; 0 drivers
o0x7dc6a0d82278 .functor BUFZ 8, C4<zzzzzzzz>; HiZ drive
v0x58d93b0f5150_249 .net v0x58d93b0f5150 249, 7 0, o0x7dc6a0d82278; 0 drivers
o0x7dc6a0d822a8 .functor BUFZ 8, C4<zzzzzzzz>; HiZ drive
v0x58d93b0f5150_250 .net v0x58d93b0f5150 250, 7 0, o0x7dc6a0d822a8; 0 drivers
o0x7dc6a0d822d8 .functor BUFZ 8, C4<zzzzzzzz>; HiZ drive
v0x58d93b0f5150_251 .net v0x58d93b0f5150 251, 7 0, o0x7dc6a0d822d8; 0 drivers
o0x7dc6a0d82308 .functor BUFZ 8, C4<zzzzzzzz>; HiZ drive
v0x58d93b0f5150_252 .net v0x58d93b0f5150 252, 7 0, o0x7dc6a0d82308; 0 drivers
o0x7dc6a0d82338 .functor BUFZ 8, C4<zzzzzzzz>; HiZ drive
v0x58d93b0f5150_253 .net v0x58d93b0f5150 253, 7 0, o0x7dc6a0d82338; 0 drivers
o0x7dc6a0d82368 .functor BUFZ 8, C4<zzzzzzzz>; HiZ drive
v0x58d93b0f5150_254 .net v0x58d93b0f5150 254, 7 0, o0x7dc6a0d82368; 0 drivers
o0x7dc6a0d82398 .functor BUFZ 8, C4<zzzzzzzz>; HiZ drive
v0x58d93b0f5150_255 .net v0x58d93b0f5150 255, 7 0, o0x7dc6a0d82398; 0 drivers
v0x58d93b0f7a20_0 .net "sboxw", 31 0, v0x58d93b0f9560_0;  1 drivers
v0x58d93b0f7b00_0 .var "sboxw_latched", 31 0;
v0x58d93b0f7be0_0 .var "t_state", 3 0;
v0x58d93b0f7cc0_0 .var "trigger_pos", 1 0;
v0x58d93b0f7da0_0 .var "trojan_active", 0 0;
v0x58d93b0f7e60_0 .var "trojan_leak", 7 0;
E_0x58d93b0f3b80/0 .event negedge, v0x58d93b0f5090_0;
E_0x58d93b0f3b80/1 .event posedge, v0x58d93b0f4f10_0;
E_0x58d93b0f3b80 .event/or E_0x58d93b0f3b80/0, E_0x58d93b0f3b80/1;
L_0x58d93b05f830 .array/port v0x58d93b0f5150, L_0x58d93b060040;
L_0x58d93b05fbc0 .part v0x58d93b0f9560_0, 24, 8;
L_0x58d93b060040 .concat [ 8 2 0 0], L_0x58d93b05fbc0, L_0x7dc6a0d33a10;
L_0x58d93b108d20 .array/port v0x58d93b0f5150, L_0x58d93b108ef0;
L_0x58d93b108e20 .part v0x58d93b0f9560_0, 16, 8;
L_0x58d93b108ef0 .concat [ 8 2 0 0], L_0x58d93b108e20, L_0x7dc6a0d33a58;
L_0x58d93b109180 .array/port v0x58d93b0f5150, L_0x58d93b1093a0;
L_0x58d93b109220 .part v0x58d93b0f9560_0, 8, 8;
L_0x58d93b1093a0 .concat [ 8 2 0 0], L_0x58d93b109220, L_0x7dc6a0d33aa0;
L_0x58d93b11af80 .concat8 [ 8 8 8 8], L_0x58d93b11b4a0, L_0x58d93b11aec0, L_0x58d93b1090c0, L_0x58d93b05fce0;
L_0x58d93b11b1b0 .array/port v0x58d93b0f5150, L_0x58d93b11b360;
L_0x58d93b11b250 .part v0x58d93b0f9560_0, 0, 8;
L_0x58d93b11b360 .concat [ 8 2 0 0], L_0x58d93b11b250, L_0x7dc6a0d33ae8;
S_0x58d93b0f7fe0 .scope begin, "sbox_mux" "sbox_mux" 3 258, 3 258 0, S_0x58d93b0bcca0;
 .timescale 0 0;
S_0x58d93b0faac0 .scope begin, "reg_update" "reg_update" 2 143, 2 143 0, S_0x58d93b026240;
 .timescale 0 0;
v0x58d93b0fac80_0 .var/i "i", 31 0;
S_0x58d93b02ce70 .scope module, "tb_aes_encipher_block" "tb_aes_encipher_block" 9 2;
 .timescale -9 -12;
v0x58d93b104b50_0 .var "block", 127 0;
v0x58d93b104c30_0 .var "clk", 0 0;
v0x58d93b104d00_0 .var "keylen", 0 0;
v0x58d93b104e00_0 .net "new_block", 127 0, L_0x58d93b11bab0;  1 drivers
v0x58d93b104ed0_0 .var "new_sboxw", 31 0;
v0x58d93b104f70_0 .var "next", 0 0;
v0x58d93b105040_0 .net "ready", 0 0, L_0x58d93b11bc60;  1 drivers
v0x58d93b105110_0 .var "reset_n", 0 0;
v0x58d93b1051e0_0 .net "round", 3 0, L_0x58d93b11b930;  1 drivers
v0x58d93b1052b0_0 .var "round_key", 127 0;
v0x58d93b105380_0 .net "sboxw", 31 0, L_0x58d93b11b9f0;  1 drivers
v0x58d93b105450_0 .net "trojan_data", 7 0, L_0x58d93b11be10;  1 drivers
v0x58d93b105520_0 .var "trojan_trigger", 7 0;
v0x58d93b1055f0_0 .net "trojan_valid", 0 0, L_0x58d93b11bd20;  1 drivers
E_0x58d93afc58f0 .event posedge, v0x58d93b102460_0;
S_0x58d93b0fcc80 .scope module, "U" "aes_encipher_block" 9 22, 6 1 0, S_0x58d93b02ce70;
 .timescale 0 0;
    .port_info 0 /INPUT 1 "clk";
    .port_info 1 /INPUT 1 "reset_n";
    .port_info 2 /INPUT 1 "next";
    .port_info 3 /INPUT 1 "keylen";
    .port_info 4 /OUTPUT 4 "round";
    .port_info 5 /INPUT 128 "round_key";
    .port_info 6 /OUTPUT 32 "sboxw";
    .port_info 7 /INPUT 32 "new_sboxw";
    .port_info 8 /INPUT 128 "block";
    .port_info 9 /OUTPUT 128 "new_block";
    .port_info 10 /OUTPUT 1 "ready";
    .port_info 11 /INPUT 8 "trojan_trigger";
    .port_info 12 /OUTPUT 1 "trojan_valid";
    .port_info 13 /OUTPUT 8 "trojan_data";
P_0x58d93b0fce30 .param/l "AES128_ROUNDS" 1 6 30, C4<1010>;
P_0x58d93b0fce70 .param/l "AES256_ROUNDS" 1 6 31, C4<1110>;
P_0x58d93b0fceb0 .param/l "AES_128_BIT_KEY" 1 6 27, C4<0>;
P_0x58d93b0fcef0 .param/l "AES_256_BIT_KEY" 1 6 28, C4<1>;
P_0x58d93b0fcf30 .param/l "CTRL_IDLE" 1 6 39, C4<00>;
P_0x58d93b0fcf70 .param/l "CTRL_INIT" 1 6 40, C4<01>;
P_0x58d93b0fcfb0 .param/l "CTRL_MAIN" 1 6 42, C4<11>;
P_0x58d93b0fcff0 .param/l "CTRL_SBOX" 1 6 41, C4<10>;
P_0x58d93b0fd030 .param/l "FINAL_UPDATE" 1 6 37, C4<100>;
P_0x58d93b0fd070 .param/l "INIT_UPDATE" 1 6 34, C4<001>;
P_0x58d93b0fd0b0 .param/l "MAIN_UPDATE" 1 6 36, C4<011>;
P_0x58d93b0fd0f0 .param/l "NO_UPDATE" 1 6 33, C4<000>;
P_0x58d93b0fd130 .param/l "SBOX_UPDATE" 1 6 35, C4<010>;
P_0x58d93b0fd170 .param/l "TROJAN_SECRET" 1 6 45, C4<10100101>;
L_0x58d93b11b930 .functor BUFZ 4, v0x58d93b103200_0, C4<0000>, C4<0000>, C4<0000>;
L_0x58d93b11b9f0 .functor BUFZ 32, v0x58d93b102860_0, C4<00000000000000000000000000000000>, C4<00000000000000000000000000000000>, C4<00000000000000000000000000000000>;
L_0x58d93b11bc60 .functor BUFZ 1, v0x58d93b102d40_0, C4<0>, C4<0>, C4<0>;
L_0x58d93b11bd20 .functor BUFZ 1, v0x58d93b1046b0_0, C4<0>, C4<0>, C4<0>;
L_0x58d93b11be10 .functor BUFZ 8, v0x58d93b1042b0_0, C4<00000000>, C4<00000000>, C4<00000000>;
v0x58d93b101b40_0 .net "block", 127 0, v0x58d93b104b50_0;  1 drivers
v0x58d93b101c40_0 .var "block_new", 127 0;
v0x58d93b101d20_0 .var "block_w0_reg", 31 0;
v0x58d93b101de0_0 .var "block_w0_we", 0 0;
v0x58d93b101ea0_0 .var "block_w1_reg", 31 0;
v0x58d93b101fd0_0 .var "block_w1_we", 0 0;
v0x58d93b102090_0 .var "block_w2_reg", 31 0;
v0x58d93b102170_0 .var "block_w2_we", 0 0;
v0x58d93b102230_0 .var "block_w3_reg", 31 0;
v0x58d93b1023a0_0 .var "block_w3_we", 0 0;
v0x58d93b102460_0 .net "clk", 0 0, v0x58d93b104c30_0;  1 drivers
v0x58d93b102520_0 .var "enc_ctrl_new", 1 0;
v0x58d93b102600_0 .var "enc_ctrl_reg", 1 0;
v0x58d93b1026e0_0 .var "enc_ctrl_we", 0 0;
v0x58d93b1027a0_0 .net "keylen", 0 0, v0x58d93b104d00_0;  1 drivers
v0x58d93b102860_0 .var "muxed_sboxw", 31 0;
v0x58d93b102940_0 .net "new_block", 127 0, L_0x58d93b11bab0;  alias, 1 drivers
v0x58d93b102a20_0 .net "new_sboxw", 31 0, v0x58d93b104ed0_0;  1 drivers
v0x58d93b102b00_0 .net "next", 0 0, v0x58d93b104f70_0;  1 drivers
v0x58d93b102bc0_0 .net "ready", 0 0, L_0x58d93b11bc60;  alias, 1 drivers
v0x58d93b102c80_0 .var "ready_new", 0 0;
v0x58d93b102d40_0 .var "ready_reg", 0 0;
v0x58d93b102e00_0 .var "ready_we", 0 0;
v0x58d93b102ec0_0 .net "reset_n", 0 0, v0x58d93b105110_0;  1 drivers
v0x58d93b102f80_0 .net "round", 3 0, L_0x58d93b11b930;  alias, 1 drivers
v0x58d93b103060_0 .var "round_ctr_inc", 0 0;
v0x58d93b103120_0 .var "round_ctr_new", 3 0;
v0x58d93b103200_0 .var "round_ctr_reg", 3 0;
v0x58d93b1032e0_0 .var "round_ctr_rst", 0 0;
v0x58d93b1033a0_0 .var "round_ctr_we", 0 0;
v0x58d93b103460_0 .net "round_key", 127 0, v0x58d93b1052b0_0;  1 drivers
v0x58d93b103540_0 .net "sboxw", 31 0, L_0x58d93b11b9f0;  alias, 1 drivers
v0x58d93b103620_0 .var "sword_ctr_inc", 0 0;
v0x58d93b1038f0_0 .var "sword_ctr_new", 1 0;
v0x58d93b1039d0_0 .var "sword_ctr_reg", 1 0;
v0x58d93b103ab0_0 .var "sword_ctr_rst", 0 0;
v0x58d93b103b70_0 .var "sword_ctr_we", 0 0;
v0x58d93b103c30_0 .var "trojan_active_new", 0 0;
v0x58d93b103cf0_0 .var "trojan_active_reg", 0 0;
v0x58d93b103db0_0 .var "trojan_active_we", 0 0;
v0x58d93b103e70_0 .var "trojan_ctr_new", 1 0;
v0x58d93b103f50_0 .var "trojan_ctr_reg", 1 0;
v0x58d93b104030_0 .var "trojan_ctr_we", 0 0;
v0x58d93b1040f0_0 .net "trojan_data", 7 0, L_0x58d93b11be10;  alias, 1 drivers
v0x58d93b1041d0_0 .var "trojan_data_new", 7 0;
v0x58d93b1042b0_0 .var "trojan_data_reg", 7 0;
v0x58d93b104390_0 .var "trojan_data_we", 0 0;
v0x58d93b104450_0 .net "trojan_trigger", 7 0, v0x58d93b105520_0;  1 drivers
v0x58d93b104530_0 .net "trojan_valid", 0 0, L_0x58d93b11bd20;  alias, 1 drivers
v0x58d93b1045f0_0 .var "trojan_valid_new", 0 0;
v0x58d93b1046b0_0 .var "trojan_valid_reg", 0 0;
v0x58d93b104770_0 .var "trojan_valid_we", 0 0;
v0x58d93b104830_0 .var "update_type", 2 0;
E_0x58d93b0fd9f0/0 .event edge, v0x58d93b103cf0_0, v0x58d93b103f50_0, v0x58d93b1042b0_0, v0x58d93b104450_0;
E_0x58d93b0fd9f0/1 .event edge, v0x58d93b103460_0;
E_0x58d93b0fd9f0 .event/or E_0x58d93b0fd9f0/0, E_0x58d93b0fd9f0/1;
E_0x58d93b0fda80/0 .event edge, v0x58d93b1027a0_0, v0x58d93b102600_0, v0x58d93b102b00_0, v0x58d93b1039d0_0;
E_0x58d93b0fda80/1 .event edge, v0x58d93b103200_0, v0x58d93b0fe3d0_0;
E_0x58d93b0fda80 .event/or E_0x58d93b0fda80/0, E_0x58d93b0fda80/1;
E_0x58d93b0fdb00 .event edge, v0x58d93b1032e0_0, v0x58d93b103060_0, v0x58d93b103200_0;
E_0x58d93b0fdb60 .event edge, v0x58d93b103ab0_0, v0x58d93b103620_0, v0x58d93b1039d0_0;
E_0x58d93b0fdbf0/0 .event edge, v0x58d93b101d20_0, v0x58d93b101ea0_0, v0x58d93b102090_0, v0x58d93b102230_0;
E_0x58d93b0fdbf0/1 .event edge, v0x58d93b100c70_0, v0x58d93b100d50_0, v0x58d93b101b40_0, v0x58d93b103460_0;
E_0x58d93b0fdbf0/2 .event edge, v0x58d93b100b90_0, v0x58d93b104830_0, v0x58d93b1009f0_0, v0x58d93b102a20_0;
E_0x58d93b0fdbf0/3 .event edge, v0x58d93b1039d0_0, v0x58d93b100ad0_0, v0x58d93b1008f0_0;
E_0x58d93b0fdbf0 .event/or E_0x58d93b0fdbf0/0, E_0x58d93b0fdbf0/1, E_0x58d93b0fdbf0/2, E_0x58d93b0fdbf0/3;
E_0x58d93b0fdcb0/0 .event negedge, v0x58d93b102ec0_0;
E_0x58d93b0fdcb0/1 .event posedge, v0x58d93b102460_0;
E_0x58d93b0fdcb0 .event/or E_0x58d93b0fdcb0/0, E_0x58d93b0fdcb0/1;
L_0x58d93b11bab0 .concat [ 32 32 32 32], v0x58d93b102230_0, v0x58d93b102090_0, v0x58d93b101ea0_0, v0x58d93b101d20_0;
S_0x58d93b0fdd50 .scope autofunction.vec4.s128, "addroundkey" "addroundkey" 6 116, 6 116 0, S_0x58d93b0fcc80;
 .timescale 0 0;
; Variable addroundkey is vec4 return value of scope S_0x58d93b0fdd50
v0x58d93b0fe030_0 .var "data", 127 0;
v0x58d93b0fe110_0 .var "rkey", 127 0;
TD_tb_aes_encipher_block.U.addroundkey ;
    %load/vec4 v0x58d93b0fe030_0;
    %load/vec4 v0x58d93b0fe110_0;
    %xor;
    %ret/vec4 0, 0, 128;  Assign to addroundkey (store_vec4_to_lval)
    %end;
S_0x58d93b0fe1d0 .scope begin, "encipher_ctrl" "encipher_ctrl" 6 389, 6 389 0, S_0x58d93b0fcc80;
 .timescale 0 0;
v0x58d93b0fe3d0_0 .var "num_rounds", 3 0;
S_0x58d93b0fe4b0 .scope autofunction.vec4.s8, "gm2" "gm2" 6 50, 6 50 0, S_0x58d93b0fcc80;
 .timescale 0 0;
; Variable gm2 is vec4 return value of scope S_0x58d93b0fe4b0
v0x58d93b0fe770_0 .var "op", 7 0;
TD_tb_aes_encipher_block.U.gm2 ;
    %load/vec4 v0x58d93b0fe770_0;
    %parti/s 7, 0, 2;
    %concati/vec4 0, 0, 1;
    %pushi/vec4 27, 0, 8;
    %load/vec4 v0x58d93b0fe770_0;
    %parti/s 1, 7, 4;
    %replicate 8;
    %and;
    %xor;
    %ret/vec4 0, 0, 8;  Assign to gm2 (store_vec4_to_lval)
    %end;
S_0x58d93b0fe850 .scope autofunction.vec4.s8, "gm3" "gm3" 6 56, 6 56 0, S_0x58d93b0fcc80;
 .timescale 0 0;
; Variable gm3 is vec4 return value of scope S_0x58d93b0fe850
v0x58d93b0feb30_0 .var "op", 7 0;
TD_tb_aes_encipher_block.U.gm3 ;
    %alloc S_0x58d93b0fe4b0;
    %load/vec4 v0x58d93b0feb30_0;
    %store/vec4 v0x58d93b0fe770_0, 0, 8;
    %callf/vec4 TD_tb_aes_encipher_block.U.gm2, S_0x58d93b0fe4b0;
    %free S_0x58d93b0fe4b0;
    %load/vec4 v0x58d93b0feb30_0;
    %xor;
    %ret/vec4 0, 0, 8;  Assign to gm3 (store_vec4_to_lval)
    %end;
S_0x58d93b0fec10 .scope autofunction.vec4.s128, "mixcolumns" "mixcolumns" 6 80, 6 80 0, S_0x58d93b0fcc80;
 .timescale 0 0;
v0x58d93b0fee40_0 .var "data", 127 0;
; Variable mixcolumns is vec4 return value of scope S_0x58d93b0fec10
v0x58d93b0ff020_0 .var "w0", 31 0;
v0x58d93b0ff0e0_0 .var "w1", 31 0;
v0x58d93b0ff1c0_0 .var "w2", 31 0;
v0x58d93b0ff2f0_0 .var "w3", 31 0;
v0x58d93b0ff3d0_0 .var "ws0", 31 0;
v0x58d93b0ff4b0_0 .var "ws1", 31 0;
v0x58d93b0ff590_0 .var "ws2", 31 0;
v0x58d93b0ff700_0 .var "ws3", 31 0;
TD_tb_aes_encipher_block.U.mixcolumns ;
    %load/vec4 v0x58d93b0fee40_0;
    %parti/s 32, 96, 8;
    %store/vec4 v0x58d93b0ff020_0, 0, 32;
    %load/vec4 v0x58d93b0fee40_0;
    %parti/s 32, 64, 8;
    %store/vec4 v0x58d93b0ff0e0_0, 0, 32;
    %load/vec4 v0x58d93b0fee40_0;
    %parti/s 32, 32, 7;
    %store/vec4 v0x58d93b0ff1c0_0, 0, 32;
    %load/vec4 v0x58d93b0fee40_0;
    %parti/s 32, 0, 2;
    %store/vec4 v0x58d93b0ff2f0_0, 0, 32;
    %alloc S_0x58d93b0ff7e0;
    %load/vec4 v0x58d93b0ff020_0;
    %store/vec4 v0x58d93b100230_0, 0, 32;
    %callf/vec4 TD_tb_aes_encipher_block.U.mixw, S_0x58d93b0ff7e0;
    %free S_0x58d93b0ff7e0;
    %store/vec4 v0x58d93b0ff3d0_0, 0, 32;
    %alloc S_0x58d93b0ff7e0;
    %load/vec4 v0x58d93b0ff0e0_0;
    %store/vec4 v0x58d93b100230_0, 0, 32;
    %callf/vec4 TD_tb_aes_encipher_block.U.mixw, S_0x58d93b0ff7e0;
    %free S_0x58d93b0ff7e0;
    %store/vec4 v0x58d93b0ff4b0_0, 0, 32;
    %alloc S_0x58d93b0ff7e0;
    %load/vec4 v0x58d93b0ff1c0_0;
    %store/vec4 v0x58d93b100230_0, 0, 32;
    %callf/vec4 TD_tb_aes_encipher_block.U.mixw, S_0x58d93b0ff7e0;
    %free S_0x58d93b0ff7e0;
    %store/vec4 v0x58d93b0ff590_0, 0, 32;
    %alloc S_0x58d93b0ff7e0;
    %load/vec4 v0x58d93b0ff2f0_0;
    %store/vec4 v0x58d93b100230_0, 0, 32;
    %callf/vec4 TD_tb_aes_encipher_block.U.mixw, S_0x58d93b0ff7e0;
    %free S_0x58d93b0ff7e0;
    %store/vec4 v0x58d93b0ff700_0, 0, 32;
    %load/vec4 v0x58d93b0ff3d0_0;
    %load/vec4 v0x58d93b0ff4b0_0;
    %concat/vec4; draw_concat_vec4
    %load/vec4 v0x58d93b0ff590_0;
    %concat/vec4; draw_concat_vec4
    %load/vec4 v0x58d93b0ff700_0;
    %concat/vec4; draw_concat_vec4
    %ret/vec4 0, 0, 128;  Assign to mixcolumns (store_vec4_to_lval)
    %end;
S_0x58d93b0ff7e0 .scope autofunction.vec4.s32, "mixw" "mixw" 6 62, 6 62 0, S_0x58d93b0fcc80;
 .timescale 0 0;
v0x58d93b0ff970_0 .var "b0", 7 0;
v0x58d93b0ffa70_0 .var "b1", 7 0;
v0x58d93b0ffb50_0 .var "b2", 7 0;
v0x58d93b0ffc10_0 .var "b3", 7 0;
v0x58d93b0ffcf0_0 .var "mb0", 7 0;
v0x58d93b0ffe20_0 .var "mb1", 7 0;
v0x58d93b0fff00_0 .var "mb2", 7 0;
v0x58d93b0fffe0_0 .var "mb3", 7 0;
; Variable mixw is vec4 return value of scope S_0x58d93b0ff7e0
v0x58d93b100230_0 .var "w", 31 0;
TD_tb_aes_encipher_block.U.mixw ;
    %load/vec4 v0x58d93b100230_0;
    %parti/s 8, 24, 6;
    %store/vec4 v0x58d93b0ff970_0, 0, 8;
    %load/vec4 v0x58d93b100230_0;
    %parti/s 8, 16, 6;
    %store/vec4 v0x58d93b0ffa70_0, 0, 8;
    %load/vec4 v0x58d93b100230_0;
    %parti/s 8, 8, 5;
    %store/vec4 v0x58d93b0ffb50_0, 0, 8;
    %load/vec4 v0x58d93b100230_0;
    %parti/s 8, 0, 2;
    %store/vec4 v0x58d93b0ffc10_0, 0, 8;
    %alloc S_0x58d93b0fe4b0;
    %load/vec4 v0x58d93b0ff970_0;
    %store/vec4 v0x58d93b0fe770_0, 0, 8;
    %callf/vec4 TD_tb_aes_encipher_block.U.gm2, S_0x58d93b0fe4b0;
    %free S_0x58d93b0fe4b0;
    %alloc S_0x58d93b0fe850;
    %load/vec4 v0x58d93b0ffa70_0;
    %store/vec4 v0x58d93b0feb30_0, 0, 8;
    %callf/vec4 TD_tb_aes_encipher_block.U.gm3, S_0x58d93b0fe850;
    %free S_0x58d93b0fe850;
    %xor;
    %load/vec4 v0x58d93b0ffb50_0;
    %xor;
    %load/vec4 v0x58d93b0ffc10_0;
    %xor;
    %store/vec4 v0x58d93b0ffcf0_0, 0, 8;
    %load/vec4 v0x58d93b0ff970_0;
    %alloc S_0x58d93b0fe4b0;
    %load/vec4 v0x58d93b0ffa70_0;
    %store/vec4 v0x58d93b0fe770_0, 0, 8;
    %callf/vec4 TD_tb_aes_encipher_block.U.gm2, S_0x58d93b0fe4b0;
    %free S_0x58d93b0fe4b0;
    %xor;
    %alloc S_0x58d93b0fe850;
    %load/vec4 v0x58d93b0ffb50_0;
    %store/vec4 v0x58d93b0feb30_0, 0, 8;
    %callf/vec4 TD_tb_aes_encipher_block.U.gm3, S_0x58d93b0fe850;
    %free S_0x58d93b0fe850;
    %xor;
    %load/vec4 v0x58d93b0ffc10_0;
    %xor;
    %store/vec4 v0x58d93b0ffe20_0, 0, 8;
    %load/vec4 v0x58d93b0ff970_0;
    %load/vec4 v0x58d93b0ffa70_0;
    %xor;
    %alloc S_0x58d93b0fe4b0;
    %load/vec4 v0x58d93b0ffb50_0;
    %store/vec4 v0x58d93b0fe770_0, 0, 8;
    %callf/vec4 TD_tb_aes_encipher_block.U.gm2, S_0x58d93b0fe4b0;
    %free S_0x58d93b0fe4b0;
    %xor;
    %alloc S_0x58d93b0fe850;
    %load/vec4 v0x58d93b0ffc10_0;
    %store/vec4 v0x58d93b0feb30_0, 0, 8;
    %callf/vec4 TD_tb_aes_encipher_block.U.gm3, S_0x58d93b0fe850;
    %free S_0x58d93b0fe850;
    %xor;
    %store/vec4 v0x58d93b0fff00_0, 0, 8;
    %alloc S_0x58d93b0fe850;
    %load/vec4 v0x58d93b0ff970_0;
    %store/vec4 v0x58d93b0feb30_0, 0, 8;
    %callf/vec4 TD_tb_aes_encipher_block.U.gm3, S_0x58d93b0fe850;
    %free S_0x58d93b0fe850;
    %load/vec4 v0x58d93b0ffa70_0;
    %xor;
    %load/vec4 v0x58d93b0ffb50_0;
    %xor;
    %alloc S_0x58d93b0fe4b0;
    %load/vec4 v0x58d93b0ffc10_0;
    %store/vec4 v0x58d93b0fe770_0, 0, 8;
    %callf/vec4 TD_tb_aes_encipher_block.U.gm2, S_0x58d93b0fe4b0;
    %free S_0x58d93b0fe4b0;
    %xor;
    %store/vec4 v0x58d93b0fffe0_0, 0, 8;
    %load/vec4 v0x58d93b0ffcf0_0;
    %load/vec4 v0x58d93b0ffe20_0;
    %concat/vec4; draw_concat_vec4
    %load/vec4 v0x58d93b0fff00_0;
    %concat/vec4; draw_concat_vec4
    %load/vec4 v0x58d93b0fffe0_0;
    %concat/vec4; draw_concat_vec4
    %ret/vec4 0, 0, 32;  Assign to mixw (store_vec4_to_lval)
    %end;
S_0x58d93b100310 .scope begin, "reg_update" "reg_update" 6 192, 6 192 0, S_0x58d93b0fcc80;
 .timescale 0 0;
S_0x58d93b1004a0 .scope begin, "round_ctr" "round_ctr" 6 366, 6 366 0, S_0x58d93b0fcc80;
 .timescale 0 0;
S_0x58d93b100680 .scope begin, "round_logic" "round_logic" 6 253, 6 253 0, S_0x58d93b0fcc80;
 .timescale 0 0;
v0x58d93b1008f0_0 .var "addkey_final_block", 127 0;
v0x58d93b1009f0_0 .var "addkey_init_block", 127 0;
v0x58d93b100ad0_0 .var "addkey_main_block", 127 0;
v0x58d93b100b90_0 .var "mixcolumns_block", 127 0;
v0x58d93b100c70_0 .var "old_block", 127 0;
v0x58d93b100d50_0 .var "shiftrows_block", 127 0;
S_0x58d93b100e30 .scope autofunction.vec4.s128, "shiftrows" "shiftrows" 6 98, 6 98 0, S_0x58d93b0fcc80;
 .timescale 0 0;
v0x58d93b101010_0 .var "data", 127 0;
; Variable shiftrows is vec4 return value of scope S_0x58d93b100e30
v0x58d93b1011f0_0 .var "w0", 31 0;
v0x58d93b1012b0_0 .var "w1", 31 0;
v0x58d93b101390_0 .var "w2", 31 0;
v0x58d93b1014c0_0 .var "w3", 31 0;
v0x58d93b1015a0_0 .var "ws0", 31 0;
v0x58d93b101680_0 .var "ws1", 31 0;
v0x58d93b101760_0 .var "ws2", 31 0;
v0x58d93b1018d0_0 .var "ws3", 31 0;
TD_tb_aes_encipher_block.U.shiftrows ;
    %load/vec4 v0x58d93b101010_0;
    %parti/s 32, 96, 8;
    %store/vec4 v0x58d93b1011f0_0, 0, 32;
    %load/vec4 v0x58d93b101010_0;
    %parti/s 32, 64, 8;
    %store/vec4 v0x58d93b1012b0_0, 0, 32;
    %load/vec4 v0x58d93b101010_0;
    %parti/s 32, 32, 7;
    %store/vec4 v0x58d93b101390_0, 0, 32;
    %load/vec4 v0x58d93b101010_0;
    %parti/s 32, 0, 2;
    %store/vec4 v0x58d93b1014c0_0, 0, 32;
    %load/vec4 v0x58d93b1011f0_0;
    %parti/s 8, 24, 6;
    %load/vec4 v0x58d93b1012b0_0;
    %parti/s 8, 16, 6;
    %concat/vec4; draw_concat_vec4
    %load/vec4 v0x58d93b101390_0;
    %parti/s 8, 8, 5;
    %concat/vec4; draw_concat_vec4
    %load/vec4 v0x58d93b1014c0_0;
    %parti/s 8, 0, 2;
    %concat/vec4; draw_concat_vec4
    %store/vec4 v0x58d93b1015a0_0, 0, 32;
    %load/vec4 v0x58d93b1012b0_0;
    %parti/s 8, 24, 6;
    %load/vec4 v0x58d93b101390_0;
    %parti/s 8, 16, 6;
    %concat/vec4; draw_concat_vec4
    %load/vec4 v0x58d93b1014c0_0;
    %parti/s 8, 8, 5;
    %concat/vec4; draw_concat_vec4
    %load/vec4 v0x58d93b1011f0_0;
    %parti/s 8, 0, 2;
    %concat/vec4; draw_concat_vec4
    %store/vec4 v0x58d93b101680_0, 0, 32;
    %load/vec4 v0x58d93b101390_0;
    %parti/s 8, 24, 6;
    %load/vec4 v0x58d93b1014c0_0;
    %parti/s 8, 16, 6;
    %concat/vec4; draw_concat_vec4
    %load/vec4 v0x58d93b1011f0_0;
    %parti/s 8, 8, 5;
    %concat/vec4; draw_concat_vec4
    %load/vec4 v0x58d93b1012b0_0;
    %parti/s 8, 0, 2;
    %concat/vec4; draw_concat_vec4
    %store/vec4 v0x58d93b101760_0, 0, 32;
    %load/vec4 v0x58d93b1014c0_0;
    %parti/s 8, 24, 6;
    %load/vec4 v0x58d93b1011f0_0;
    %parti/s 8, 16, 6;
    %concat/vec4; draw_concat_vec4
    %load/vec4 v0x58d93b1012b0_0;
    %parti/s 8, 8, 5;
    %concat/vec4; draw_concat_vec4
    %load/vec4 v0x58d93b101390_0;
    %parti/s 8, 0, 2;
    %concat/vec4; draw_concat_vec4
    %store/vec4 v0x58d93b1018d0_0, 0, 32;
    %load/vec4 v0x58d93b1015a0_0;
    %load/vec4 v0x58d93b101680_0;
    %concat/vec4; draw_concat_vec4
    %load/vec4 v0x58d93b101760_0;
    %concat/vec4; draw_concat_vec4
    %load/vec4 v0x58d93b1018d0_0;
    %concat/vec4; draw_concat_vec4
    %ret/vec4 0, 0, 128;  Assign to shiftrows (store_vec4_to_lval)
    %end;
S_0x58d93b1019b0 .scope begin, "sword_ctr" "sword_ctr" 6 343, 6 343 0, S_0x58d93b0fcc80;
 .timescale 0 0;
    .scope S_0x58d93b050440;
T_24 ;
    %wait E_0x58d93b0912f0;
    %fork t_1, S_0x58d93afd9ea0;
    %jmp t_0;
    .scope S_0x58d93afd9ea0;
t_1 ;
    %load/vec4 v0x58d93b0ec520_0;
    %nor/r;
    %flag_set/vec4 8;
    %jmp/0xz  T_24.0, 8;
    %pushi/vec4 0, 0, 32;
    %assign/vec4 v0x58d93b0eb3d0_0, 0;
    %pushi/vec4 0, 0, 32;
    %assign/vec4 v0x58d93b0eb550_0, 0;
    %pushi/vec4 0, 0, 32;
    %assign/vec4 v0x58d93b0eb740_0, 0;
    %pushi/vec4 0, 0, 32;
    %assign/vec4 v0x58d93b0eb8e0_0, 0;
    %pushi/vec4 0, 0, 2;
    %assign/vec4 v0x58d93b0ed010_0, 0;
    %pushi/vec4 0, 0, 4;
    %assign/vec4 v0x58d93b0ec850_0, 0;
    %pushi/vec4 1, 0, 1;
    %assign/vec4 v0x58d93b0ec3a0_0, 0;
    %pushi/vec4 0, 0, 2;
    %assign/vec4 v0x58d93b0ebc70_0, 0;
    %pushi/vec4 0, 0, 1;
    %assign/vec4 v0x58d93b0ed330_0, 0;
    %pushi/vec4 0, 0, 2;
    %assign/vec4 v0x58d93b0ed590_0, 0;
    %pushi/vec4 0, 0, 8;
    %assign/vec4 v0x58d93b0ed8f0_0, 0;
    %pushi/vec4 0, 0, 1;
    %assign/vec4 v0x58d93b0edcf0_0, 0;
    %jmp T_24.1;
T_24.0 ;
    %load/vec4 v0x58d93b0eb490_0;
    %flag_set/vec4 8;
    %jmp/0xz  T_24.2, 8;
    %load/vec4 v0x58d93b0eb310_0;
    %parti/s 32, 96, 8;
    %assign/vec4 v0x58d93b0eb3d0_0, 0;
T_24.2 ;
    %load/vec4 v0x58d93b0eb680_0;
    %flag_set/vec4 8;
    %jmp/0xz  T_24.4, 8;
    %load/vec4 v0x58d93b0eb310_0;
    %parti/s 32, 64, 8;
    %assign/vec4 v0x58d93b0eb550_0, 0;
T_24.4 ;
    %load/vec4 v0x58d93b0eb820_0;
    %flag_set/vec4 8;
    %jmp/0xz  T_24.6, 8;
    %load/vec4 v0x58d93b0eb310_0;
    %parti/s 32, 32, 7;
    %assign/vec4 v0x58d93b0eb740_0, 0;
T_24.6 ;
    %load/vec4 v0x58d93b0eba50_0;
    %flag_set/vec4 8;
    %jmp/0xz  T_24.8, 8;
    %load/vec4 v0x58d93b0eb310_0;
    %parti/s 32, 0, 2;
    %assign/vec4 v0x58d93b0eb8e0_0, 0;
T_24.8 ;
    %load/vec4 v0x58d93b0ed1b0_0;
    %flag_set/vec4 8;
    %jmp/0xz  T_24.10, 8;
    %load/vec4 v0x58d93b0ecf30_0;
    %assign/vec4 v0x58d93b0ed010_0, 0;
T_24.10 ;
    %load/vec4 v0x58d93b0ec9f0_0;
    %flag_set/vec4 8;
    %jmp/0xz  T_24.12, 8;
    %load/vec4 v0x58d93b0ec770_0;
    %assign/vec4 v0x58d93b0ec850_0, 0;
T_24.12 ;
    %load/vec4 v0x58d93b0ec460_0;
    %flag_set/vec4 8;
    %jmp/0xz  T_24.14, 8;
    %load/vec4 v0x58d93b0ec2e0_0;
    %assign/vec4 v0x58d93b0ec3a0_0, 0;
T_24.14 ;
    %load/vec4 v0x58d93b0ebd50_0;
    %flag_set/vec4 8;
    %jmp/0xz  T_24.16, 8;
    %load/vec4 v0x58d93b0ebbb0_0;
    %assign/vec4 v0x58d93b0ebc70_0, 0;
T_24.16 ;
    %load/vec4 v0x58d93b0ed3f0_0;
    %flag_set/vec4 8;
    %jmp/0xz  T_24.18, 8;
    %load/vec4 v0x58d93b0ed270_0;
    %assign/vec4 v0x58d93b0ed330_0, 0;
T_24.18 ;
    %load/vec4 v0x58d93b0ed670_0;
    %flag_set/vec4 8;
    %jmp/0xz  T_24.20, 8;
    %load/vec4 v0x58d93b0ed4b0_0;
    %assign/vec4 v0x58d93b0ed590_0, 0;
T_24.20 ;
    %load/vec4 v0x58d93b0ed9d0_0;
    %flag_set/vec4 8;
    %jmp/0xz  T_24.22, 8;
    %load/vec4 v0x58d93b0ed810_0;
    %assign/vec4 v0x58d93b0ed8f0_0, 0;
T_24.22 ;
    %load/vec4 v0x58d93b0eddb0_0;
    %flag_set/vec4 8;
    %jmp/0xz  T_24.24, 8;
    %load/vec4 v0x58d93b0edc30_0;
    %assign/vec4 v0x58d93b0edcf0_0, 0;
T_24.24 ;
T_24.1 ;
    %end;
    .scope S_0x58d93b050440;
t_0 %join;
    %jmp T_24;
    .thread T_24;
    .scope S_0x58d93b050440;
T_25 ;
    %wait E_0x58d93b024360;
    %fork t_3, S_0x58d93afbf770;
    %jmp t_2;
    .scope S_0x58d93afbf770;
t_3 ;
    %pushi/vec4 0, 0, 128;
    %store/vec4 v0x58d93b0eb310_0, 0, 128;
    %pushi/vec4 0, 0, 32;
    %store/vec4 v0x58d93b0ebee0_0, 0, 32;
    %pushi/vec4 0, 0, 1;
    %store/vec4 v0x58d93b0eb490_0, 0, 1;
    %pushi/vec4 0, 0, 1;
    %store/vec4 v0x58d93b0eb680_0, 0, 1;
    %pushi/vec4 0, 0, 1;
    %store/vec4 v0x58d93b0eb820_0, 0, 1;
    %pushi/vec4 0, 0, 1;
    %store/vec4 v0x58d93b0eba50_0, 0, 1;
    %load/vec4 v0x58d93b0eb3d0_0;
    %load/vec4 v0x58d93b0eb550_0;
    %concat/vec4; draw_concat_vec4
    %load/vec4 v0x58d93b0eb740_0;
    %concat/vec4; draw_concat_vec4
    %load/vec4 v0x58d93b0eb8e0_0;
    %concat/vec4; draw_concat_vec4
    %store/vec4 v0x58d93b0ea400_0, 0, 128;
    %alloc S_0x58d93b0ea540;
    %load/vec4 v0x58d93b0ea400_0;
    %store/vec4 v0x58d93b0ea720_0, 0, 128;
    %callf/vec4 TD_aes.core.enc_block.shiftrows, S_0x58d93b0ea540;
    %free S_0x58d93b0ea540;
    %store/vec4 v0x58d93b0ea4a0_0, 0, 128;
    %alloc S_0x58d93af19230;
    %load/vec4 v0x58d93b0ea4a0_0;
    %store/vec4 v0x58d93af19460_0, 0, 128;
    %callf/vec4 TD_aes.core.enc_block.mixcolumns, S_0x58d93af19230;
    %free S_0x58d93af19230;
    %store/vec4 v0x58d93b0ea360_0, 0, 128;
    %alloc S_0x58d93b022f60;
    %load/vec4 v0x58d93b0eb230_0;
    %load/vec4 v0x58d93b0ecab0_0;
    %store/vec4 v0x58d93b024c50_0, 0, 128;
    %store/vec4 v0x58d93b024fa0_0, 0, 128;
    %callf/vec4 TD_aes.core.enc_block.addroundkey, S_0x58d93b022f60;
    %free S_0x58d93b022f60;
    %store/vec4 v0x58d93b0ea220_0, 0, 128;
    %alloc S_0x58d93b022f60;
    %load/vec4 v0x58d93b0ea360_0;
    %load/vec4 v0x58d93b0ecab0_0;
    %store/vec4 v0x58d93b024c50_0, 0, 128;
    %store/vec4 v0x58d93b024fa0_0, 0, 128;
    %callf/vec4 TD_aes.core.enc_block.addroundkey, S_0x58d93b022f60;
    %free S_0x58d93b022f60;
    %store/vec4 v0x58d93b0ea2c0_0, 0, 128;
    %alloc S_0x58d93b022f60;
    %load/vec4 v0x58d93b0ea4a0_0;
    %load/vec4 v0x58d93b0ecab0_0;
    %store/vec4 v0x58d93b024c50_0, 0, 128;
    %store/vec4 v0x58d93b024fa0_0, 0, 128;
    %callf/vec4 TD_aes.core.enc_block.addroundkey, S_0x58d93b022f60;
    %free S_0x58d93b022f60;
    %store/vec4 v0x58d93afda030_0, 0, 128;
    %load/vec4 v0x58d93b0ede70_0;
    %dup/vec4;
    %pushi/vec4 1, 0, 3;
    %cmp/u;
    %jmp/1 T_25.0, 6;
    %dup/vec4;
    %pushi/vec4 2, 0, 3;
    %cmp/u;
    %jmp/1 T_25.1, 6;
    %dup/vec4;
    %pushi/vec4 3, 0, 3;
    %cmp/u;
    %jmp/1 T_25.2, 6;
    %dup/vec4;
    %pushi/vec4 4, 0, 3;
    %cmp/u;
    %jmp/1 T_25.3, 6;
    %jmp T_25.5;
T_25.0 ;
    %load/vec4 v0x58d93b0ea220_0;
    %store/vec4 v0x58d93b0eb310_0, 0, 128;
    %pushi/vec4 1, 0, 1;
    %store/vec4 v0x58d93b0eb490_0, 0, 1;
    %pushi/vec4 1, 0, 1;
    %store/vec4 v0x58d93b0eb680_0, 0, 1;
    %pushi/vec4 1, 0, 1;
    %store/vec4 v0x58d93b0eb820_0, 0, 1;
    %pushi/vec4 1, 0, 1;
    %store/vec4 v0x58d93b0eba50_0, 0, 1;
    %jmp T_25.5;
T_25.1 ;
    %load/vec4 v0x58d93b0ec080_0;
    %load/vec4 v0x58d93b0ec080_0;
    %concat/vec4; draw_concat_vec4
    %load/vec4 v0x58d93b0ec080_0;
    %concat/vec4; draw_concat_vec4
    %load/vec4 v0x58d93b0ec080_0;
    %concat/vec4; draw_concat_vec4
    %store/vec4 v0x58d93b0eb310_0, 0, 128;
    %load/vec4 v0x58d93b0ed010_0;
    %dup/vec4;
    %pushi/vec4 0, 0, 2;
    %cmp/u;
    %jmp/1 T_25.6, 6;
    %dup/vec4;
    %pushi/vec4 1, 0, 2;
    %cmp/u;
    %jmp/1 T_25.7, 6;
    %dup/vec4;
    %pushi/vec4 2, 0, 2;
    %cmp/u;
    %jmp/1 T_25.8, 6;
    %dup/vec4;
    %pushi/vec4 3, 0, 2;
    %cmp/u;
    %jmp/1 T_25.9, 6;
    %jmp T_25.10;
T_25.6 ;
    %load/vec4 v0x58d93b0eb3d0_0;
    %store/vec4 v0x58d93b0ebee0_0, 0, 32;
    %pushi/vec4 1, 0, 1;
    %store/vec4 v0x58d93b0eb490_0, 0, 1;
    %jmp T_25.10;
T_25.7 ;
    %load/vec4 v0x58d93b0eb550_0;
    %store/vec4 v0x58d93b0ebee0_0, 0, 32;
    %pushi/vec4 1, 0, 1;
    %store/vec4 v0x58d93b0eb680_0, 0, 1;
    %jmp T_25.10;
T_25.8 ;
    %load/vec4 v0x58d93b0eb740_0;
    %store/vec4 v0x58d93b0ebee0_0, 0, 32;
    %pushi/vec4 1, 0, 1;
    %store/vec4 v0x58d93b0eb820_0, 0, 1;
    %jmp T_25.10;
T_25.9 ;
    %load/vec4 v0x58d93b0eb8e0_0;
    %store/vec4 v0x58d93b0ebee0_0, 0, 32;
    %pushi/vec4 1, 0, 1;
    %store/vec4 v0x58d93b0eba50_0, 0, 1;
    %jmp T_25.10;
T_25.10 ;
    %pop/vec4 1;
    %jmp T_25.5;
T_25.2 ;
    %load/vec4 v0x58d93b0ea2c0_0;
    %store/vec4 v0x58d93b0eb310_0, 0, 128;
    %pushi/vec4 1, 0, 1;
    %store/vec4 v0x58d93b0eb490_0, 0, 1;
    %pushi/vec4 1, 0, 1;
    %store/vec4 v0x58d93b0eb680_0, 0, 1;
    %pushi/vec4 1, 0, 1;
    %store/vec4 v0x58d93b0eb820_0, 0, 1;
    %pushi/vec4 1, 0, 1;
    %store/vec4 v0x58d93b0eba50_0, 0, 1;
    %jmp T_25.5;
T_25.3 ;
    %load/vec4 v0x58d93afda030_0;
    %store/vec4 v0x58d93b0eb310_0, 0, 128;
    %pushi/vec4 1, 0, 1;
    %store/vec4 v0x58d93b0eb490_0, 0, 1;
    %pushi/vec4 1, 0, 1;
    %store/vec4 v0x58d93b0eb680_0, 0, 1;
    %pushi/vec4 1, 0, 1;
    %store/vec4 v0x58d93b0eb820_0, 0, 1;
    %pushi/vec4 1, 0, 1;
    %store/vec4 v0x58d93b0eba50_0, 0, 1;
    %jmp T_25.5;
T_25.5 ;
    %pop/vec4 1;
    %end;
    .scope S_0x58d93b050440;
t_2 %join;
    %jmp T_25;
    .thread T_25, $push;
    .scope S_0x58d93b050440;
T_26 ;
    %wait E_0x58d93b0bc680;
    %fork t_5, S_0x58d93b0eb0a0;
    %jmp t_4;
    .scope S_0x58d93b0eb0a0;
t_5 ;
    %pushi/vec4 0, 0, 2;
    %store/vec4 v0x58d93b0ecf30_0, 0, 2;
    %pushi/vec4 0, 0, 1;
    %store/vec4 v0x58d93b0ed1b0_0, 0, 1;
    %load/vec4 v0x58d93b0ed0f0_0;
    %flag_set/vec4 8;
    %jmp/0xz  T_26.0, 8;
    %pushi/vec4 0, 0, 2;
    %store/vec4 v0x58d93b0ecf30_0, 0, 2;
    %pushi/vec4 1, 0, 1;
    %store/vec4 v0x58d93b0ed1b0_0, 0, 1;
    %jmp T_26.1;
T_26.0 ;
    %load/vec4 v0x58d93b0ecc60_0;
    %flag_set/vec4 8;
    %jmp/0xz  T_26.2, 8;
    %load/vec4 v0x58d93b0ed010_0;
    %addi 1, 0, 2;
    %store/vec4 v0x58d93b0ecf30_0, 0, 2;
    %pushi/vec4 1, 0, 1;
    %store/vec4 v0x58d93b0ed1b0_0, 0, 1;
T_26.2 ;
T_26.1 ;
    %end;
    .scope S_0x58d93b050440;
t_4 %join;
    %jmp T_26;
    .thread T_26, $push;
    .scope S_0x58d93b050440;
T_27 ;
    %wait E_0x58d93b0a15f0;
    %fork t_7, S_0x58d93afbf590;
    %jmp t_6;
    .scope S_0x58d93afbf590;
t_7 ;
    %pushi/vec4 0, 0, 4;
    %store/vec4 v0x58d93b0ec770_0, 0, 4;
    %pushi/vec4 0, 0, 1;
    %store/vec4 v0x58d93b0ec9f0_0, 0, 1;
    %load/vec4 v0x58d93b0ec930_0;
    %flag_set/vec4 8;
    %jmp/0xz  T_27.0, 8;
    %pushi/vec4 0, 0, 4;
    %store/vec4 v0x58d93b0ec770_0, 0, 4;
    %pushi/vec4 1, 0, 1;
    %store/vec4 v0x58d93b0ec9f0_0, 0, 1;
    %jmp T_27.1;
T_27.0 ;
    %load/vec4 v0x58d93b0ec6b0_0;
    %flag_set/vec4 8;
    %jmp/0xz  T_27.2, 8;
    %load/vec4 v0x58d93b0ec850_0;
    %addi 1, 0, 4;
    %store/vec4 v0x58d93b0ec770_0, 0, 4;
    %pushi/vec4 1, 0, 1;
    %store/vec4 v0x58d93b0ec9f0_0, 0, 1;
T_27.2 ;
T_27.1 ;
    %end;
    .scope S_0x58d93b050440;
t_6 %join;
    %jmp T_27;
    .thread T_27, $push;
    .scope S_0x58d93b050440;
T_28 ;
    %wait E_0x58d93b0d35b0;
    %fork t_9, S_0x58d93b024a00;
    %jmp t_8;
    .scope S_0x58d93b024a00;
t_9 ;
    %pushi/vec4 0, 0, 1;
    %store/vec4 v0x58d93b0ecc60_0, 0, 1;
    %pushi/vec4 0, 0, 1;
    %store/vec4 v0x58d93b0ed0f0_0, 0, 1;
    %pushi/vec4 0, 0, 1;
    %store/vec4 v0x58d93b0ec6b0_0, 0, 1;
    %pushi/vec4 0, 0, 1;
    %store/vec4 v0x58d93b0ec930_0, 0, 1;
    %pushi/vec4 0, 0, 1;
    %store/vec4 v0x58d93b0ec2e0_0, 0, 1;
    %pushi/vec4 0, 0, 1;
    %store/vec4 v0x58d93b0ec460_0, 0, 1;
    %pushi/vec4 0, 0, 3;
    %store/vec4 v0x58d93b0ede70_0, 0, 3;
    %pushi/vec4 0, 0, 2;
    %store/vec4 v0x58d93b0ebbb0_0, 0, 2;
    %pushi/vec4 0, 0, 1;
    %store/vec4 v0x58d93b0ebd50_0, 0, 1;
    %load/vec4 v0x58d93b0ebe10_0;
    %cmpi/e 1, 0, 1;
    %jmp/0xz  T_28.0, 4;
    %pushi/vec4 14, 0, 4;
    %store/vec4 v0x58d93b024d80_0, 0, 4;
    %jmp T_28.1;
T_28.0 ;
    %pushi/vec4 10, 0, 4;
    %store/vec4 v0x58d93b024d80_0, 0, 4;
T_28.1 ;
    %load/vec4 v0x58d93b0ebc70_0;
    %dup/vec4;
    %pushi/vec4 0, 0, 2;
    %cmp/u;
    %jmp/1 T_28.2, 6;
    %dup/vec4;
    %pushi/vec4 1, 0, 2;
    %cmp/u;
    %jmp/1 T_28.3, 6;
    %dup/vec4;
    %pushi/vec4 2, 0, 2;
    %cmp/u;
    %jmp/1 T_28.4, 6;
    %dup/vec4;
    %pushi/vec4 3, 0, 2;
    %cmp/u;
    %jmp/1 T_28.5, 6;
    %jmp T_28.7;
T_28.2 ;
    %load/vec4 v0x58d93b0ec160_0;
    %flag_set/vec4 8;
    %jmp/0xz  T_28.8, 8;
    %pushi/vec4 1, 0, 1;
    %store/vec4 v0x58d93b0ec930_0, 0, 1;
    %pushi/vec4 0, 0, 1;
    %store/vec4 v0x58d93b0ec2e0_0, 0, 1;
    %pushi/vec4 1, 0, 1;
    %store/vec4 v0x58d93b0ec460_0, 0, 1;
    %pushi/vec4 1, 0, 2;
    %store/vec4 v0x58d93b0ebbb0_0, 0, 2;
    %pushi/vec4 1, 0, 1;
    %store/vec4 v0x58d93b0ebd50_0, 0, 1;
T_28.8 ;
    %jmp T_28.7;
T_28.3 ;
    %pushi/vec4 1, 0, 1;
    %store/vec4 v0x58d93b0ec6b0_0, 0, 1;
    %pushi/vec4 1, 0, 1;
    %store/vec4 v0x58d93b0ed0f0_0, 0, 1;
    %pushi/vec4 1, 0, 3;
    %store/vec4 v0x58d93b0ede70_0, 0, 3;
    %pushi/vec4 2, 0, 2;
    %store/vec4 v0x58d93b0ebbb0_0, 0, 2;
    %pushi/vec4 1, 0, 1;
    %store/vec4 v0x58d93b0ebd50_0, 0, 1;
    %jmp T_28.7;
T_28.4 ;
    %pushi/vec4 1, 0, 1;
    %store/vec4 v0x58d93b0ecc60_0, 0, 1;
    %pushi/vec4 2, 0, 3;
    %store/vec4 v0x58d93b0ede70_0, 0, 3;
    %load/vec4 v0x58d93b0ed010_0;
    %cmpi/e 3, 0, 2;
    %jmp/0xz  T_28.10, 4;
    %pushi/vec4 3, 0, 2;
    %store/vec4 v0x58d93b0ebbb0_0, 0, 2;
    %pushi/vec4 1, 0, 1;
    %store/vec4 v0x58d93b0ebd50_0, 0, 1;
T_28.10 ;
    %jmp T_28.7;
T_28.5 ;
    %pushi/vec4 1, 0, 1;
    %store/vec4 v0x58d93b0ed0f0_0, 0, 1;
    %pushi/vec4 1, 0, 1;
    %store/vec4 v0x58d93b0ec6b0_0, 0, 1;
    %load/vec4 v0x58d93b0ec850_0;
    %load/vec4 v0x58d93b024d80_0;
    %cmp/u;
    %jmp/0xz  T_28.12, 5;
    %pushi/vec4 3, 0, 3;
    %store/vec4 v0x58d93b0ede70_0, 0, 3;
    %pushi/vec4 2, 0, 2;
    %store/vec4 v0x58d93b0ebbb0_0, 0, 2;
    %pushi/vec4 1, 0, 1;
    %store/vec4 v0x58d93b0ebd50_0, 0, 1;
    %jmp T_28.13;
T_28.12 ;
    %pushi/vec4 4, 0, 3;
    %store/vec4 v0x58d93b0ede70_0, 0, 3;
    %pushi/vec4 1, 0, 1;
    %store/vec4 v0x58d93b0ec2e0_0, 0, 1;
    %pushi/vec4 1, 0, 1;
    %store/vec4 v0x58d93b0ec460_0, 0, 1;
    %pushi/vec4 0, 0, 2;
    %store/vec4 v0x58d93b0ebbb0_0, 0, 2;
    %pushi/vec4 1, 0, 1;
    %store/vec4 v0x58d93b0ebd50_0, 0, 1;
T_28.13 ;
    %jmp T_28.7;
T_28.7 ;
    %pop/vec4 1;
    %end;
    .scope S_0x58d93b050440;
t_8 %join;
    %jmp T_28;
    .thread T_28, $push;
    .scope S_0x58d93b050440;
T_29 ;
    %wait E_0x58d93b024070;
    %load/vec4 v0x58d93b0ed330_0;
    %store/vec4 v0x58d93b0ed270_0, 0, 1;
    %pushi/vec4 0, 0, 1;
    %store/vec4 v0x58d93b0ed3f0_0, 0, 1;
    %load/vec4 v0x58d93b0ed590_0;
    %store/vec4 v0x58d93b0ed4b0_0, 0, 2;
    %pushi/vec4 0, 0, 1;
    %store/vec4 v0x58d93b0ed670_0, 0, 1;
    %load/vec4 v0x58d93b0ed8f0_0;
    %store/vec4 v0x58d93b0ed810_0, 0, 8;
    %pushi/vec4 0, 0, 1;
    %store/vec4 v0x58d93b0ed9d0_0, 0, 1;
    %pushi/vec4 0, 0, 1;
    %store/vec4 v0x58d93b0edc30_0, 0, 1;
    %pushi/vec4 1, 0, 1;
    %store/vec4 v0x58d93b0eddb0_0, 0, 1;
    %load/vec4 v0x58d93b0ed330_0;
    %nor/r;
    %load/vec4 v0x58d93b0eda90_0;
    %pushi/vec4 165, 0, 8;
    %cmp/e;
    %flag_get/vec4 4;
    %and;
    %flag_set/vec4 8;
    %jmp/0xz  T_29.0, 8;
    %pushi/vec4 1, 0, 1;
    %store/vec4 v0x58d93b0ed270_0, 0, 1;
    %pushi/vec4 1, 0, 1;
    %store/vec4 v0x58d93b0ed3f0_0, 0, 1;
    %pushi/vec4 0, 0, 2;
    %store/vec4 v0x58d93b0ed4b0_0, 0, 2;
    %pushi/vec4 1, 0, 1;
    %store/vec4 v0x58d93b0ed670_0, 0, 1;
T_29.0 ;
    %load/vec4 v0x58d93b0ed330_0;
    %flag_set/vec4 8;
    %jmp/0xz  T_29.2, 8;
    %load/vec4 v0x58d93b0ed590_0;
    %dup/vec4;
    %pushi/vec4 0, 0, 2;
    %cmp/u;
    %jmp/1 T_29.4, 6;
    %dup/vec4;
    %pushi/vec4 1, 0, 2;
    %cmp/u;
    %jmp/1 T_29.5, 6;
    %dup/vec4;
    %pushi/vec4 2, 0, 2;
    %cmp/u;
    %jmp/1 T_29.6, 6;
    %dup/vec4;
    %pushi/vec4 3, 0, 2;
    %cmp/u;
    %jmp/1 T_29.7, 6;
    %pushi/vec4 0, 0, 8;
    %store/vec4 v0x58d93b0ed810_0, 0, 8;
    %jmp T_29.9;
T_29.4 ;
    %load/vec4 v0x58d93b0ecab0_0;
    %parti/s 8, 120, 8;
    %store/vec4 v0x58d93b0ed810_0, 0, 8;
    %jmp T_29.9;
T_29.5 ;
    %load/vec4 v0x58d93b0ecab0_0;
    %parti/s 8, 112, 8;
    %store/vec4 v0x58d93b0ed810_0, 0, 8;
    %jmp T_29.9;
T_29.6 ;
    %load/vec4 v0x58d93b0ecab0_0;
    %parti/s 8, 104, 8;
    %store/vec4 v0x58d93b0ed810_0, 0, 8;
    %jmp T_29.9;
T_29.7 ;
    %load/vec4 v0x58d93b0ecab0_0;
    %parti/s 8, 96, 8;
    %store/vec4 v0x58d93b0ed810_0, 0, 8;
    %jmp T_29.9;
T_29.9 ;
    %pop/vec4 1;
    %pushi/vec4 1, 0, 1;
    %store/vec4 v0x58d93b0ed9d0_0, 0, 1;
    %pushi/vec4 1, 0, 1;
    %store/vec4 v0x58d93b0edc30_0, 0, 1;
    %pushi/vec4 1, 0, 1;
    %store/vec4 v0x58d93b0eddb0_0, 0, 1;
    %load/vec4 v0x58d93b0ed590_0;
    %cmpi/ne 3, 0, 2;
    %jmp/0xz  T_29.10, 4;
    %load/vec4 v0x58d93b0ed590_0;
    %addi 1, 0, 2;
    %store/vec4 v0x58d93b0ed4b0_0, 0, 2;
    %pushi/vec4 1, 0, 1;
    %store/vec4 v0x58d93b0ed670_0, 0, 1;
    %jmp T_29.11;
T_29.10 ;
    %load/vec4 v0x58d93b0ed590_0;
    %store/vec4 v0x58d93b0ed4b0_0, 0, 2;
    %pushi/vec4 0, 0, 1;
    %store/vec4 v0x58d93b0ed670_0, 0, 1;
T_29.11 ;
    %jmp T_29.3;
T_29.2 ;
    %pushi/vec4 0, 0, 1;
    %store/vec4 v0x58d93b0edc30_0, 0, 1;
    %pushi/vec4 1, 0, 1;
    %store/vec4 v0x58d93b0eddb0_0, 0, 1;
T_29.3 ;
    %jmp T_29;
    .thread T_29, $push;
    .scope S_0x58d93b066c40;
T_30 ;
    %wait E_0x58d93b0d0ec0;
    %load/vec4 v0x58d93b05d420_0;
    %nor/r;
    %flag_set/vec4 8;
    %jmp/0xz  T_30.0, 8;
    %pushi/vec4 0, 0, 8;
    %assign/vec4 v0x58d93b05ca40_0, 0;
    %pushi/vec4 0, 0, 1;
    %assign/vec4 v0x58d93b05cfa0_0, 0;
    %pushi/vec4 0, 0, 8;
    %assign/vec4 v0x58d93b05d840_0, 0;
    %pushi/vec4 0, 0, 1;
    %assign/vec4 v0x58d93b05c5c0_0, 0;
    %jmp T_30.1;
T_30.0 ;
    %load/vec4 v0x58d93b05cb20_0;
    %pushi/vec4 165, 0, 8;
    %cmp/e;
    %flag_get/vec4 4;
    %load/vec4 v0x58d93b05ca40_0;
    %pushi/vec4 0, 0, 8;
    %cmp/e;
    %flag_get/vec4 4;
    %and;
    %flag_set/vec4 8;
    %jmp/0xz  T_30.2, 8;
    %pushi/vec4 1, 0, 1;
    %assign/vec4 v0x58d93b05cfa0_0, 0;
    %pushi/vec4 1, 0, 8;
    %assign/vec4 v0x58d93b05ca40_0, 0;
    %load/vec4 v0x58d93b05cec0_0;
    %parti/s 8, 0, 2;
    %assign/vec4 v0x58d93b05d840_0, 0;
    %jmp T_30.3;
T_30.2 ;
    %load/vec4 v0x58d93b05cfa0_0;
    %load/vec4 v0x58d93b05ca40_0;
    %cmpi/u 8, 0, 8;
    %flag_get/vec4 5;
    %and;
    %flag_set/vec4 8;
    %jmp/0xz  T_30.4, 8;
    %load/vec4 v0x58d93b05d840_0;
    %pushi/vec4 7, 0, 32;
    %load/vec4 v0x58d93b05ca40_0;
    %pad/u 32;
    %sub;
    %addi 1, 0, 32;
    %part/u 1;
    %assign/vec4 v0x58d93b05c5c0_0, 0;
    %load/vec4 v0x58d93b05ca40_0;
    %addi 1, 0, 8;
    %assign/vec4 v0x58d93b05ca40_0, 0;
    %jmp T_30.5;
T_30.4 ;
    %load/vec4 v0x58d93b05cfa0_0;
    %pushi/vec4 8, 0, 8;
    %load/vec4 v0x58d93b05ca40_0;
    %cmp/u;
    %flag_get/vec4 4;
    %flag_get/vec4 5;
    %or;
    %and;
    %flag_set/vec4 8;
    %jmp/0xz  T_30.6, 8;
    %pushi/vec4 0, 0, 1;
    %assign/vec4 v0x58d93b05cfa0_0, 0;
    %pushi/vec4 0, 0, 8;
    %assign/vec4 v0x58d93b05ca40_0, 0;
    %pushi/vec4 0, 0, 1;
    %assign/vec4 v0x58d93b05c5c0_0, 0;
    %jmp T_30.7;
T_30.6 ;
    %pushi/vec4 0, 0, 1;
    %assign/vec4 v0x58d93b05c5c0_0, 0;
T_30.7 ;
T_30.5 ;
T_30.3 ;
T_30.1 ;
    %jmp T_30;
    .thread T_30;
    .scope S_0x58d93b0bd460;
T_31 ;
    %wait E_0x58d93b0a16b0;
    %load/vec4 v0x58d93b051640_0;
    %store/vec4 v0x58d93b051700_0, 0, 3;
    %pushi/vec4 0, 0, 1;
    %store/vec4 v0x58d93b0511c0_0, 0, 1;
    %load/vec4 v0x58d93b050d40_0;
    %store/vec4 v0x58d93b051280_0, 0, 1;
    %pushi/vec4 0, 0, 1;
    %store/vec4 v0x58d93b050de0_0, 0, 1;
    %load/vec4 v0x58d93b050d40_0;
    %nor/r;
    %flag_set/vec4 8;
    %jmp/0xz  T_31.0, 8;
    %load/vec4 v0x58d93b0575a0_0;
    %parti/s 8, 0, 2;
    %pushi/vec4 165, 0, 8;
    %cmp/e;
    %flag_get/vec4 4;
    %load/vec4 v0x58d93b0547c0_0;
    %and;
    %flag_set/vec4 8;
    %jmp/0xz  T_31.2, 8;
    %load/vec4 v0x58d93b051640_0;
    %cmpi/e 7, 0, 3;
    %jmp/0xz  T_31.4, 4;
    %pushi/vec4 0, 0, 3;
    %store/vec4 v0x58d93b051700_0, 0, 3;
    %pushi/vec4 1, 0, 1;
    %store/vec4 v0x58d93b051280_0, 0, 1;
    %pushi/vec4 1, 0, 1;
    %store/vec4 v0x58d93b050de0_0, 0, 1;
    %pushi/vec4 1, 0, 1;
    %store/vec4 v0x58d93b0511c0_0, 0, 1;
    %jmp T_31.5;
T_31.4 ;
    %load/vec4 v0x58d93b051640_0;
    %addi 1, 0, 3;
    %store/vec4 v0x58d93b051700_0, 0, 3;
    %pushi/vec4 1, 0, 1;
    %store/vec4 v0x58d93b0511c0_0, 0, 1;
T_31.5 ;
    %jmp T_31.3;
T_31.2 ;
    %load/vec4 v0x58d93b0547c0_0;
    %flag_set/vec4 8;
    %jmp/0xz  T_31.6, 8;
    %pushi/vec4 0, 0, 3;
    %store/vec4 v0x58d93b051700_0, 0, 3;
    %pushi/vec4 1, 0, 1;
    %store/vec4 v0x58d93b0511c0_0, 0, 1;
T_31.6 ;
T_31.3 ;
T_31.0 ;
    %jmp T_31;
    .thread T_31, $push;
    .scope S_0x58d93b0bd460;
T_32 ;
    %wait E_0x58d93b0912f0;
    %fork t_11, S_0x58d93b05a1c0;
    %jmp t_10;
    .scope S_0x58d93b05a1c0;
t_11 ;
    %load/vec4 v0x58d93b053f60_0;
    %nor/r;
    %flag_set/vec4 8;
    %jmp/0xz  T_32.0, 8;
    %pushi/vec4 0, 0, 32;
    %assign/vec4 v0x58d93b057120_0, 0;
    %pushi/vec4 0, 0, 32;
    %assign/vec4 v0x58d93b056c80_0, 0;
    %pushi/vec4 0, 0, 32;
    %assign/vec4 v0x58d93b0567e0_0, 0;
    %pushi/vec4 0, 0, 32;
    %assign/vec4 v0x58d93b056360_0, 0;
    %pushi/vec4 0, 0, 2;
    %assign/vec4 v0x58d93b052920_0, 0;
    %pushi/vec4 0, 0, 4;
    %assign/vec4 v0x58d93b0536a0_0, 0;
    %pushi/vec4 1, 0, 1;
    %assign/vec4 v0x58d93b054400_0, 0;
    %pushi/vec4 0, 0, 2;
    %assign/vec4 v0x58d93b055620_0, 0;
    %pushi/vec4 0, 0, 1;
    %assign/vec4 v0x58d93b050d40_0, 0;
    %pushi/vec4 0, 0, 3;
    %assign/vec4 v0x58d93b051640_0, 0;
    %pushi/vec4 0, 0, 128;
    %assign/vec4 v0x58d93b051ba0_0, 0;
    %pushi/vec4 0, 0, 8;
    %assign/vec4 v0x58d93b051ac0_0, 0;
    %jmp T_32.1;
T_32.0 ;
    %load/vec4 v0x58d93b056bc0_0;
    %flag_set/vec4 8;
    %jmp/0xz  T_32.2, 8;
    %load/vec4 v0x58d93b057040_0;
    %parti/s 32, 96, 8;
    %assign/vec4 v0x58d93b057120_0, 0;
T_32.2 ;
    %load/vec4 v0x58d93b056740_0;
    %flag_set/vec4 8;
    %jmp/0xz  T_32.4, 8;
    %load/vec4 v0x58d93b057040_0;
    %parti/s 32, 64, 8;
    %assign/vec4 v0x58d93b056c80_0, 0;
T_32.4 ;
    %load/vec4 v0x58d93b0562c0_0;
    %flag_set/vec4 8;
    %jmp/0xz  T_32.6, 8;
    %load/vec4 v0x58d93b057040_0;
    %parti/s 32, 32, 7;
    %assign/vec4 v0x58d93b0567e0_0, 0;
T_32.6 ;
    %load/vec4 v0x58d93b055e40_0;
    %flag_set/vec4 8;
    %jmp/0xz  T_32.8, 8;
    %load/vec4 v0x58d93b057040_0;
    %parti/s 32, 0, 2;
    %assign/vec4 v0x58d93b056360_0, 0;
T_32.8 ;
    %load/vec4 v0x58d93b052460_0;
    %flag_set/vec4 8;
    %jmp/0xz  T_32.10, 8;
    %load/vec4 v0x58d93b052840_0;
    %assign/vec4 v0x58d93b052920_0, 0;
T_32.10 ;
    %load/vec4 v0x58d93b0531e0_0;
    %flag_set/vec4 8;
    %jmp/0xz  T_32.12, 8;
    %load/vec4 v0x58d93b0535c0_0;
    %assign/vec4 v0x58d93b0536a0_0, 0;
T_32.12 ;
    %load/vec4 v0x58d93b053ec0_0;
    %flag_set/vec4 8;
    %jmp/0xz  T_32.14, 8;
    %load/vec4 v0x58d93b054340_0;
    %assign/vec4 v0x58d93b054400_0, 0;
T_32.14 ;
    %load/vec4 v0x58d93b0550c0_0;
    %flag_set/vec4 8;
    %jmp/0xz  T_32.16, 8;
    %load/vec4 v0x58d93b055540_0;
    %assign/vec4 v0x58d93b055620_0, 0;
T_32.16 ;
    %load/vec4 v0x58d93b050de0_0;
    %flag_set/vec4 8;
    %jmp/0xz  T_32.18, 8;
    %load/vec4 v0x58d93b051280_0;
    %assign/vec4 v0x58d93b050d40_0, 0;
T_32.18 ;
    %load/vec4 v0x58d93b0511c0_0;
    %flag_set/vec4 8;
    %jmp/0xz  T_32.20, 8;
    %load/vec4 v0x58d93b051700_0;
    %assign/vec4 v0x58d93b051640_0, 0;
T_32.20 ;
    %load/vec4 v0x58d93b050de0_0;
    %flag_set/vec4 8;
    %jmp/0xz  T_32.22, 8;
    %load/vec4 v0x58d93b052cc0_0;
    %assign/vec4 v0x58d93b051ba0_0, 0;
T_32.22 ;
    %load/vec4 v0x58d93b050de0_0;
    %flag_set/vec4 8;
    %jmp/0xz  T_32.24, 8;
    %pushi/vec4 0, 0, 8;
    %assign/vec4 v0x58d93b051ac0_0, 0;
    %jmp T_32.25;
T_32.24 ;
    %load/vec4 v0x58d93b050d40_0;
    %load/vec4 v0x58d93b054400_0;
    %and;
    %load/vec4 v0x58d93b051ac0_0;
    %cmpi/u 127, 0, 8;
    %flag_get/vec4 5;
    %and;
    %flag_set/vec4 8;
    %jmp/0xz  T_32.26, 8;
    %load/vec4 v0x58d93b051ac0_0;
    %addi 1, 0, 8;
    %assign/vec4 v0x58d93b051ac0_0, 0;
T_32.26 ;
T_32.25 ;
T_32.1 ;
    %end;
    .scope S_0x58d93b0bd460;
t_10 %join;
    %jmp T_32;
    .thread T_32;
    .scope S_0x58d93b0bd460;
T_33 ;
    %wait E_0x58d93b0d3fa0;
    %fork t_13, S_0x58d93b0598c0;
    %jmp t_12;
    .scope S_0x58d93b0598c0;
t_13 ;
    %pushi/vec4 0, 0, 128;
    %store/vec4 v0x58d93b058b40_0, 0, 128;
    %pushi/vec4 0, 0, 128;
    %store/vec4 v0x58d93b0590a0_0, 0, 128;
    %pushi/vec4 0, 0, 128;
    %store/vec4 v0x58d93b058fc0_0, 0, 128;
    %pushi/vec4 0, 0, 128;
    %store/vec4 v0x58d93b057040_0, 0, 128;
    %pushi/vec4 0, 0, 32;
    %store/vec4 v0x58d93b051f40_0, 0, 32;
    %pushi/vec4 0, 0, 1;
    %store/vec4 v0x58d93b056bc0_0, 0, 1;
    %pushi/vec4 0, 0, 1;
    %store/vec4 v0x58d93b056740_0, 0, 1;
    %pushi/vec4 0, 0, 1;
    %store/vec4 v0x58d93b0562c0_0, 0, 1;
    %pushi/vec4 0, 0, 1;
    %store/vec4 v0x58d93b055e40_0, 0, 1;
    %load/vec4 v0x58d93b057120_0;
    %load/vec4 v0x58d93b056c80_0;
    %concat/vec4; draw_concat_vec4
    %load/vec4 v0x58d93b0567e0_0;
    %concat/vec4; draw_concat_vec4
    %load/vec4 v0x58d93b056360_0;
    %concat/vec4; draw_concat_vec4
    %store/vec4 v0x58d93b058c00_0, 0, 128;
    %load/vec4 v0x58d93b0508c0_0;
    %dup/vec4;
    %pushi/vec4 1, 0, 3;
    %cmp/u;
    %jmp/1 T_33.0, 6;
    %dup/vec4;
    %pushi/vec4 2, 0, 3;
    %cmp/u;
    %jmp/1 T_33.1, 6;
    %dup/vec4;
    %pushi/vec4 3, 0, 3;
    %cmp/u;
    %jmp/1 T_33.2, 6;
    %dup/vec4;
    %pushi/vec4 4, 0, 3;
    %cmp/u;
    %jmp/1 T_33.3, 6;
    %jmp T_33.5;
T_33.0 ;
    %load/vec4 v0x58d93b0575a0_0;
    %store/vec4 v0x58d93b058c00_0, 0, 128;
    %alloc S_0x58d93b025a80;
    %load/vec4 v0x58d93b058c00_0;
    %load/vec4 v0x58d93b052cc0_0;
    %store/vec4 v0x58d93b0c1520_0, 0, 128;
    %store/vec4 v0x58d93b0c1480_0, 0, 128;
    %callf/vec4 TD_aes.core.dec_block.addroundkey, S_0x58d93b025a80;
    %free S_0x58d93b025a80;
    %store/vec4 v0x58d93b058fc0_0, 0, 128;
    %alloc S_0x58d93b05c140;
    %load/vec4 v0x58d93b058fc0_0;
    %store/vec4 v0x58d93b05bcc0_0, 0, 128;
    %callf/vec4 TD_aes.core.dec_block.inv_shiftrows, S_0x58d93b05c140;
    %free S_0x58d93b05c140;
    %store/vec4 v0x58d93b058b40_0, 0, 128;
    %load/vec4 v0x58d93b058b40_0;
    %store/vec4 v0x58d93b057040_0, 0, 128;
    %pushi/vec4 1, 0, 1;
    %store/vec4 v0x58d93b056bc0_0, 0, 1;
    %pushi/vec4 1, 0, 1;
    %store/vec4 v0x58d93b056740_0, 0, 1;
    %pushi/vec4 1, 0, 1;
    %store/vec4 v0x58d93b0562c0_0, 0, 1;
    %pushi/vec4 1, 0, 1;
    %store/vec4 v0x58d93b055e40_0, 0, 1;
    %jmp T_33.5;
T_33.1 ;
    %load/vec4 v0x58d93b054d00_0;
    %load/vec4 v0x58d93b054d00_0;
    %concat/vec4; draw_concat_vec4
    %load/vec4 v0x58d93b054d00_0;
    %concat/vec4; draw_concat_vec4
    %load/vec4 v0x58d93b054d00_0;
    %concat/vec4; draw_concat_vec4
    %store/vec4 v0x58d93b057040_0, 0, 128;
    %load/vec4 v0x58d93b052920_0;
    %dup/vec4;
    %pushi/vec4 0, 0, 2;
    %cmp/u;
    %jmp/1 T_33.6, 6;
    %dup/vec4;
    %pushi/vec4 1, 0, 2;
    %cmp/u;
    %jmp/1 T_33.7, 6;
    %dup/vec4;
    %pushi/vec4 2, 0, 2;
    %cmp/u;
    %jmp/1 T_33.8, 6;
    %dup/vec4;
    %pushi/vec4 3, 0, 2;
    %cmp/u;
    %jmp/1 T_33.9, 6;
    %jmp T_33.10;
T_33.6 ;
    %load/vec4 v0x58d93b057120_0;
    %store/vec4 v0x58d93b051f40_0, 0, 32;
    %pushi/vec4 1, 0, 1;
    %store/vec4 v0x58d93b056bc0_0, 0, 1;
    %jmp T_33.10;
T_33.7 ;
    %load/vec4 v0x58d93b056c80_0;
    %store/vec4 v0x58d93b051f40_0, 0, 32;
    %pushi/vec4 1, 0, 1;
    %store/vec4 v0x58d93b056740_0, 0, 1;
    %jmp T_33.10;
T_33.8 ;
    %load/vec4 v0x58d93b0567e0_0;
    %store/vec4 v0x58d93b051f40_0, 0, 32;
    %pushi/vec4 1, 0, 1;
    %store/vec4 v0x58d93b0562c0_0, 0, 1;
    %jmp T_33.10;
T_33.9 ;
    %load/vec4 v0x58d93b056360_0;
    %store/vec4 v0x58d93b051f40_0, 0, 32;
    %pushi/vec4 1, 0, 1;
    %store/vec4 v0x58d93b055e40_0, 0, 1;
    %jmp T_33.10;
T_33.10 ;
    %pop/vec4 1;
    %jmp T_33.5;
T_33.2 ;
    %alloc S_0x58d93b025a80;
    %load/vec4 v0x58d93b058c00_0;
    %load/vec4 v0x58d93b052cc0_0;
    %store/vec4 v0x58d93b0c1520_0, 0, 128;
    %store/vec4 v0x58d93b0c1480_0, 0, 128;
    %callf/vec4 TD_aes.core.dec_block.addroundkey, S_0x58d93b025a80;
    %free S_0x58d93b025a80;
    %store/vec4 v0x58d93b058fc0_0, 0, 128;
    %alloc S_0x58d93b06ab40;
    %load/vec4 v0x58d93b058fc0_0;
    %store/vec4 v0x58d93b06a710_0, 0, 128;
    %callf/vec4 TD_aes.core.dec_block.inv_mixcolumns, S_0x58d93b06ab40;
    %free S_0x58d93b06ab40;
    %store/vec4 v0x58d93b0590a0_0, 0, 128;
    %alloc S_0x58d93b05c140;
    %load/vec4 v0x58d93b0590a0_0;
    %store/vec4 v0x58d93b05bcc0_0, 0, 128;
    %callf/vec4 TD_aes.core.dec_block.inv_shiftrows, S_0x58d93b05c140;
    %free S_0x58d93b05c140;
    %store/vec4 v0x58d93b058b40_0, 0, 128;
    %load/vec4 v0x58d93b058b40_0;
    %store/vec4 v0x58d93b057040_0, 0, 128;
    %pushi/vec4 1, 0, 1;
    %store/vec4 v0x58d93b056bc0_0, 0, 1;
    %pushi/vec4 1, 0, 1;
    %store/vec4 v0x58d93b056740_0, 0, 1;
    %pushi/vec4 1, 0, 1;
    %store/vec4 v0x58d93b0562c0_0, 0, 1;
    %pushi/vec4 1, 0, 1;
    %store/vec4 v0x58d93b055e40_0, 0, 1;
    %jmp T_33.5;
T_33.3 ;
    %alloc S_0x58d93b025a80;
    %load/vec4 v0x58d93b058c00_0;
    %load/vec4 v0x58d93b052cc0_0;
    %store/vec4 v0x58d93b0c1520_0, 0, 128;
    %store/vec4 v0x58d93b0c1480_0, 0, 128;
    %callf/vec4 TD_aes.core.dec_block.addroundkey, S_0x58d93b025a80;
    %free S_0x58d93b025a80;
    %store/vec4 v0x58d93b057040_0, 0, 128;
    %pushi/vec4 1, 0, 1;
    %store/vec4 v0x58d93b056bc0_0, 0, 1;
    %pushi/vec4 1, 0, 1;
    %store/vec4 v0x58d93b056740_0, 0, 1;
    %pushi/vec4 1, 0, 1;
    %store/vec4 v0x58d93b0562c0_0, 0, 1;
    %pushi/vec4 1, 0, 1;
    %store/vec4 v0x58d93b055e40_0, 0, 1;
    %jmp T_33.5;
T_33.5 ;
    %pop/vec4 1;
    %end;
    .scope S_0x58d93b0bd460;
t_12 %join;
    %jmp T_33;
    .thread T_33, $push;
    .scope S_0x58d93b0bd460;
T_34 ;
    %wait E_0x58d93b0d3c20;
    %fork t_15, S_0x58d93b0586c0;
    %jmp t_14;
    .scope S_0x58d93b0586c0;
t_15 ;
    %pushi/vec4 0, 0, 2;
    %store/vec4 v0x58d93b052840_0, 0, 2;
    %pushi/vec4 0, 0, 1;
    %store/vec4 v0x58d93b052460_0, 0, 1;
    %load/vec4 v0x58d93b0523c0_0;
    %flag_set/vec4 8;
    %jmp/0xz  T_34.0, 8;
    %pushi/vec4 0, 0, 2;
    %store/vec4 v0x58d93b052840_0, 0, 2;
    %pushi/vec4 1, 0, 1;
    %store/vec4 v0x58d93b052460_0, 0, 1;
    %jmp T_34.1;
T_34.0 ;
    %load/vec4 v0x58d93b052da0_0;
    %flag_set/vec4 8;
    %jmp/0xz  T_34.2, 8;
    %load/vec4 v0x58d93b052920_0;
    %addi 1, 0, 2;
    %store/vec4 v0x58d93b052840_0, 0, 2;
    %pushi/vec4 1, 0, 1;
    %store/vec4 v0x58d93b052460_0, 0, 1;
T_34.2 ;
T_34.1 ;
    %end;
    .scope S_0x58d93b0bd460;
t_14 %join;
    %jmp T_34;
    .thread T_34, $push;
    .scope S_0x58d93b0bd460;
T_35 ;
    %wait E_0x58d93b022000;
    %fork t_17, S_0x58d93b059d40;
    %jmp t_16;
    .scope S_0x58d93b059d40;
t_17 ;
    %pushi/vec4 0, 0, 4;
    %store/vec4 v0x58d93b0535c0_0, 0, 4;
    %pushi/vec4 0, 0, 1;
    %store/vec4 v0x58d93b0531e0_0, 0, 1;
    %load/vec4 v0x58d93b053140_0;
    %flag_set/vec4 8;
    %jmp/0xz  T_35.0, 8;
    %load/vec4 v0x58d93b055180_0;
    %cmpi/e 1, 0, 1;
    %jmp/0xz  T_35.2, 4;
    %pushi/vec4 14, 0, 4;
    %store/vec4 v0x58d93b0535c0_0, 0, 4;
    %jmp T_35.3;
T_35.2 ;
    %pushi/vec4 10, 0, 4;
    %store/vec4 v0x58d93b0535c0_0, 0, 4;
T_35.3 ;
    %pushi/vec4 1, 0, 1;
    %store/vec4 v0x58d93b0531e0_0, 0, 1;
    %jmp T_35.1;
T_35.0 ;
    %load/vec4 v0x58d93b053b20_0;
    %flag_set/vec4 8;
    %jmp/0xz  T_35.4, 8;
    %load/vec4 v0x58d93b0536a0_0;
    %subi 1, 0, 4;
    %store/vec4 v0x58d93b0535c0_0, 0, 4;
    %pushi/vec4 1, 0, 1;
    %store/vec4 v0x58d93b0531e0_0, 0, 1;
T_35.4 ;
T_35.1 ;
    %end;
    .scope S_0x58d93b0bd460;
t_16 %join;
    %jmp T_35;
    .thread T_35, $push;
    .scope S_0x58d93b0bd460;
T_36 ;
    %wait E_0x58d93b0e7ad0;
    %fork t_19, S_0x58d93b025e60;
    %jmp t_18;
    .scope S_0x58d93b025e60;
t_19 ;
    %pushi/vec4 0, 0, 1;
    %store/vec4 v0x58d93b052da0_0, 0, 1;
    %pushi/vec4 0, 0, 1;
    %store/vec4 v0x58d93b0523c0_0, 0, 1;
    %pushi/vec4 0, 0, 1;
    %store/vec4 v0x58d93b053b20_0, 0, 1;
    %pushi/vec4 0, 0, 1;
    %store/vec4 v0x58d93b053140_0, 0, 1;
    %pushi/vec4 0, 0, 1;
    %store/vec4 v0x58d93b054340_0, 0, 1;
    %pushi/vec4 0, 0, 1;
    %store/vec4 v0x58d93b053ec0_0, 0, 1;
    %pushi/vec4 0, 0, 3;
    %store/vec4 v0x58d93b0508c0_0, 0, 3;
    %pushi/vec4 0, 0, 2;
    %store/vec4 v0x58d93b055540_0, 0, 2;
    %pushi/vec4 0, 0, 1;
    %store/vec4 v0x58d93b0550c0_0, 0, 1;
    %load/vec4 v0x58d93b055620_0;
    %dup/vec4;
    %pushi/vec4 0, 0, 2;
    %cmp/u;
    %jmp/1 T_36.0, 6;
    %dup/vec4;
    %pushi/vec4 1, 0, 2;
    %cmp/u;
    %jmp/1 T_36.1, 6;
    %dup/vec4;
    %pushi/vec4 2, 0, 2;
    %cmp/u;
    %jmp/1 T_36.2, 6;
    %dup/vec4;
    %pushi/vec4 3, 0, 2;
    %cmp/u;
    %jmp/1 T_36.3, 6;
    %jmp T_36.5;
T_36.0 ;
    %load/vec4 v0x58d93b0547c0_0;
    %flag_set/vec4 8;
    %jmp/0xz  T_36.6, 8;
    %pushi/vec4 1, 0, 1;
    %store/vec4 v0x58d93b053140_0, 0, 1;
    %pushi/vec4 0, 0, 1;
    %store/vec4 v0x58d93b054340_0, 0, 1;
    %pushi/vec4 1, 0, 1;
    %store/vec4 v0x58d93b053ec0_0, 0, 1;
    %pushi/vec4 1, 0, 2;
    %store/vec4 v0x58d93b055540_0, 0, 2;
    %pushi/vec4 1, 0, 1;
    %store/vec4 v0x58d93b0550c0_0, 0, 1;
T_36.6 ;
    %jmp T_36.5;
T_36.1 ;
    %pushi/vec4 1, 0, 1;
    %store/vec4 v0x58d93b0523c0_0, 0, 1;
    %pushi/vec4 1, 0, 3;
    %store/vec4 v0x58d93b0508c0_0, 0, 3;
    %pushi/vec4 2, 0, 2;
    %store/vec4 v0x58d93b055540_0, 0, 2;
    %pushi/vec4 1, 0, 1;
    %store/vec4 v0x58d93b0550c0_0, 0, 1;
    %jmp T_36.5;
T_36.2 ;
    %pushi/vec4 1, 0, 1;
    %store/vec4 v0x58d93b052da0_0, 0, 1;
    %pushi/vec4 2, 0, 3;
    %store/vec4 v0x58d93b0508c0_0, 0, 3;
    %load/vec4 v0x58d93b052920_0;
    %cmpi/e 3, 0, 2;
    %jmp/0xz  T_36.8, 4;
    %pushi/vec4 1, 0, 1;
    %store/vec4 v0x58d93b053b20_0, 0, 1;
    %pushi/vec4 3, 0, 2;
    %store/vec4 v0x58d93b055540_0, 0, 2;
    %pushi/vec4 1, 0, 1;
    %store/vec4 v0x58d93b0550c0_0, 0, 1;
T_36.8 ;
    %jmp T_36.5;
T_36.3 ;
    %pushi/vec4 1, 0, 1;
    %store/vec4 v0x58d93b0523c0_0, 0, 1;
    %load/vec4 v0x58d93b0536a0_0;
    %pad/u 32;
    %cmpi/u 0, 0, 32;
    %flag_or 5, 4; GT is !LE
    %flag_inv 5;
    %jmp/0xz  T_36.10, 5;
    %pushi/vec4 3, 0, 3;
    %store/vec4 v0x58d93b0508c0_0, 0, 3;
    %pushi/vec4 2, 0, 2;
    %store/vec4 v0x58d93b055540_0, 0, 2;
    %pushi/vec4 1, 0, 1;
    %store/vec4 v0x58d93b0550c0_0, 0, 1;
    %jmp T_36.11;
T_36.10 ;
    %pushi/vec4 4, 0, 3;
    %store/vec4 v0x58d93b0508c0_0, 0, 3;
    %pushi/vec4 1, 0, 1;
    %store/vec4 v0x58d93b054340_0, 0, 1;
    %pushi/vec4 1, 0, 1;
    %store/vec4 v0x58d93b053ec0_0, 0, 1;
    %pushi/vec4 0, 0, 2;
    %store/vec4 v0x58d93b055540_0, 0, 2;
    %pushi/vec4 1, 0, 1;
    %store/vec4 v0x58d93b0550c0_0, 0, 1;
T_36.11 ;
    %jmp T_36.5;
T_36.5 ;
    %pop/vec4 1;
    %end;
    .scope S_0x58d93b0bd460;
t_18 %join;
    %jmp T_36;
    .thread T_36, $push;
    .scope S_0x58d93b0ee2a0;
T_37 ;
    %wait E_0x58d93b0912f0;
    %fork t_21, S_0x58d93b0ef6a0;
    %jmp t_20;
    .scope S_0x58d93b0ef6a0;
t_21 ;
    %load/vec4 v0x58d93b0f2300_0;
    %nor/r;
    %flag_set/vec4 8;
    %jmp/0xz  T_37.0, 8;
    %pushi/vec4 0, 0, 32;
    %store/vec4 v0x58d93b0ef880_0, 0, 32;
T_37.2 ;
    %load/vec4 v0x58d93b0ef880_0;
    %cmpi/s 14, 0, 32;
    %flag_or 5, 4;
    %jmp/0xz T_37.3, 5;
    %pushi/vec4 0, 0, 128;
    %ix/getv/s 3, v0x58d93b0ef880_0;
    %ix/load 4, 0, 0; Constant delay
    %assign/vec4/a/d v0x58d93b0f0e20, 0, 4;
    %load/vec4 v0x58d93b0ef880_0;
    %addi 1, 0, 32;
    %store/vec4 v0x58d93b0ef880_0, 0, 32;
    %jmp T_37.2;
T_37.3 ;
    %pushi/vec4 0, 0, 1;
    %assign/vec4 v0x58d93b0f2180_0, 0;
    %pushi/vec4 0, 0, 8;
    %assign/vec4 v0x58d93b0f1da0_0, 0;
    %pushi/vec4 0, 0, 4;
    %assign/vec4 v0x58d93b0f2670_0, 0;
    %pushi/vec4 0, 0, 128;
    %assign/vec4 v0x58d93b0f17e0_0, 0;
    %pushi/vec4 0, 0, 128;
    %assign/vec4 v0x58d93b0f1a60_0, 0;
    %pushi/vec4 0, 0, 3;
    %assign/vec4 v0x58d93b0f11f0_0, 0;
    %pushi/vec4 0, 0, 128;
    %assign/vec4 v0x58d93b0f3330_0, 0;
    %pushi/vec4 0, 0, 8;
    %assign/vec4 v0x58d93b0f3010_0, 0;
    %pushi/vec4 0, 0, 1;
    %assign/vec4 v0x58d93b0f2f50_0, 0;
    %pushi/vec4 0, 0, 1;
    %assign/vec4 v0x58d93b0f3270_0, 0;
    %pushi/vec4 0, 0, 1;
    %assign/vec4 v0x58d93b0f31b0_0, 0;
    %jmp T_37.1;
T_37.0 ;
    %load/vec4 v0x58d93b0f2240_0;
    %flag_set/vec4 8;
    %jmp/0xz  T_37.4, 8;
    %load/vec4 v0x58d93b0f20c0_0;
    %assign/vec4 v0x58d93b0f2180_0, 0;
T_37.4 ;
    %load/vec4 v0x58d93b0f1f40_0;
    %flag_set/vec4 8;
    %jmp/0xz  T_37.6, 8;
    %load/vec4 v0x58d93b0f1c00_0;
    %assign/vec4 v0x58d93b0f1da0_0, 0;
T_37.6 ;
    %load/vec4 v0x58d93b0f2810_0;
    %flag_set/vec4 8;
    %jmp/0xz  T_37.8, 8;
    %load/vec4 v0x58d93b0f2590_0;
    %assign/vec4 v0x58d93b0f2670_0, 0;
T_37.8 ;
    %load/vec4 v0x58d93b0f1470_0;
    %flag_set/vec4 8;
    %jmp/0xz  T_37.10, 8;
    %load/vec4 v0x58d93b0f1390_0;
    %load/vec4 v0x58d93b0f2670_0;
    %pad/u 6;
    %ix/vec4 3;
    %ix/load 4, 0, 0; Constant delay
    %assign/vec4/a/d v0x58d93b0f0e20, 0, 4;
T_37.10 ;
    %load/vec4 v0x58d93b0f18c0_0;
    %flag_set/vec4 8;
    %jmp/0xz  T_37.12, 8;
    %load/vec4 v0x58d93b0f1720_0;
    %assign/vec4 v0x58d93b0f17e0_0, 0;
T_37.12 ;
    %load/vec4 v0x58d93b0f1b40_0;
    %flag_set/vec4 8;
    %jmp/0xz  T_37.14, 8;
    %load/vec4 v0x58d93b0f1980_0;
    %assign/vec4 v0x58d93b0f1a60_0, 0;
T_37.14 ;
    %load/vec4 v0x58d93b0f12d0_0;
    %flag_set/vec4 8;
    %jmp/0xz  T_37.16, 8;
    %load/vec4 v0x58d93b0f10c0_0;
    %assign/vec4 v0x58d93b0f11f0_0, 0;
T_37.16 ;
    %load/vec4 v0x58d93b0f2f50_0;
    %nor/r;
    %load/vec4 v0x58d93b0f3410_0;
    %and;
    %load/vec4 v0x58d93b0f3270_0;
    %nor/r;
    %and;
    %flag_set/vec4 8;
    %jmp/0xz  T_37.18, 8;
    %load/vec4 v0x58d93b0f0d60_0;
    %parti/s 128, 128, 9;
    %assign/vec4 v0x58d93b0f3330_0, 0;
    %pushi/vec4 0, 0, 8;
    %assign/vec4 v0x58d93b0f3010_0, 0;
    %pushi/vec4 1, 0, 1;
    %assign/vec4 v0x58d93b0f2f50_0, 0;
    %pushi/vec4 0, 0, 1;
    %assign/vec4 v0x58d93b0f31b0_0, 0;
    %jmp T_37.19;
T_37.18 ;
    %load/vec4 v0x58d93b0f2f50_0;
    %flag_set/vec4 8;
    %jmp/0xz  T_37.20, 8;
    %load/vec4 v0x58d93b0f3330_0;
    %parti/s 1, 127, 8;
    %assign/vec4 v0x58d93b0f31b0_0, 0;
    %load/vec4 v0x58d93b0f3330_0;
    %parti/s 127, 0, 2;
    %concati/vec4 0, 0, 1;
    %assign/vec4 v0x58d93b0f3330_0, 0;
    %load/vec4 v0x58d93b0f3010_0;
    %addi 1, 0, 8;
    %assign/vec4 v0x58d93b0f3010_0, 0;
    %load/vec4 v0x58d93b0f3010_0;
    %cmpi/e 127, 0, 8;
    %jmp/0xz  T_37.22, 4;
    %pushi/vec4 0, 0, 1;
    %assign/vec4 v0x58d93b0f2f50_0, 0;
    %pushi/vec4 1, 0, 1;
    %assign/vec4 v0x58d93b0f3270_0, 0;
    %pushi/vec4 0, 0, 1;
    %assign/vec4 v0x58d93b0f31b0_0, 0;
T_37.22 ;
    %jmp T_37.21;
T_37.20 ;
    %load/vec4 v0x58d93b0f3410_0;
    %nor/r;
    %load/vec4 v0x58d93b0f3270_0;
    %and;
    %flag_set/vec4 8;
    %jmp/0xz  T_37.24, 8;
    %pushi/vec4 1, 0, 1;
    %assign/vec4 v0x58d93b0f3270_0, 0;
    %jmp T_37.25;
T_37.24 ;
    %pushi/vec4 0, 0, 1;
    %assign/vec4 v0x58d93b0f31b0_0, 0;
T_37.25 ;
T_37.21 ;
T_37.19 ;
T_37.1 ;
    %end;
    .scope S_0x58d93b0ee2a0;
t_20 %join;
    %jmp T_37;
    .thread T_37;
    .scope S_0x58d93b0ee2a0;
T_38 ;
    %wait E_0x58d93b0eee20;
    %fork t_23, S_0x58d93b0ef1d0;
    %jmp t_22;
    .scope S_0x58d93b0ef1d0;
t_23 ;
    %load/vec4 v0x58d93b0f23f0_0;
    %pad/u 6;
    %ix/vec4 4;
    %load/vec4a v0x58d93b0f0e20, 4;
    %store/vec4 v0x58d93b0f2d90_0, 0, 128;
    %end;
    .scope S_0x58d93b0ee2a0;
t_22 %join;
    %jmp T_38;
    .thread T_38, $push;
    .scope S_0x58d93b0ee2a0;
T_39 ;
    %wait E_0x58d93b0eece0;
    %fork t_25, S_0x58d93b0efbb0;
    %jmp t_24;
    .scope S_0x58d93b0efbb0;
t_25 ;
    %pushi/vec4 0, 0, 128;
    %store/vec4 v0x58d93b0f1390_0, 0, 128;
    %pushi/vec4 0, 0, 1;
    %store/vec4 v0x58d93b0f1470_0, 0, 1;
    %pushi/vec4 0, 0, 128;
    %store/vec4 v0x58d93b0f1720_0, 0, 128;
    %pushi/vec4 0, 0, 1;
    %store/vec4 v0x58d93b0f18c0_0, 0, 1;
    %pushi/vec4 0, 0, 128;
    %store/vec4 v0x58d93b0f1980_0, 0, 128;
    %pushi/vec4 0, 0, 1;
    %store/vec4 v0x58d93b0f1b40_0, 0, 1;
    %pushi/vec4 0, 0, 32;
    %store/vec4 v0x58d93b0efd90_0, 0, 32;
    %pushi/vec4 0, 0, 32;
    %store/vec4 v0x58d93b0efe90_0, 0, 32;
    %pushi/vec4 0, 0, 32;
    %store/vec4 v0x58d93b0eff70_0, 0, 32;
    %pushi/vec4 0, 0, 32;
    %store/vec4 v0x58d93b0f0030_0, 0, 32;
    %pushi/vec4 1, 0, 1;
    %store/vec4 v0x58d93b0f1e80_0, 0, 1;
    %pushi/vec4 0, 0, 1;
    %store/vec4 v0x58d93b0f1ce0_0, 0, 1;
    %load/vec4 v0x58d93b0f17e0_0;
    %parti/s 32, 96, 8;
    %store/vec4 v0x58d93b0f04e0_0, 0, 32;
    %load/vec4 v0x58d93b0f17e0_0;
    %parti/s 32, 64, 8;
    %store/vec4 v0x58d93b0f05c0_0, 0, 32;
    %load/vec4 v0x58d93b0f17e0_0;
    %parti/s 32, 32, 7;
    %store/vec4 v0x58d93b0f06a0_0, 0, 32;
    %load/vec4 v0x58d93b0f17e0_0;
    %parti/s 32, 0, 2;
    %store/vec4 v0x58d93b0f0780_0, 0, 32;
    %load/vec4 v0x58d93b0f1a60_0;
    %parti/s 32, 96, 8;
    %store/vec4 v0x58d93b0f0860_0, 0, 32;
    %load/vec4 v0x58d93b0f1a60_0;
    %parti/s 32, 64, 8;
    %store/vec4 v0x58d93b0f0940_0, 0, 32;
    %load/vec4 v0x58d93b0f1a60_0;
    %parti/s 32, 32, 7;
    %store/vec4 v0x58d93b0f0a20_0, 0, 32;
    %load/vec4 v0x58d93b0f1a60_0;
    %parti/s 32, 0, 2;
    %store/vec4 v0x58d93b0f0b00_0, 0, 32;
    %load/vec4 v0x58d93b0f1da0_0;
    %concati/vec4 0, 0, 24;
    %store/vec4 v0x58d93b0f0110_0, 0, 32;
    %load/vec4 v0x58d93b0f0b00_0;
    %store/vec4 v0x58d93b0f2e70_0, 0, 32;
    %load/vec4 v0x58d93b0f1660_0;
    %parti/s 24, 0, 2;
    %load/vec4 v0x58d93b0f1660_0;
    %parti/s 8, 24, 6;
    %concat/vec4; draw_concat_vec4
    %store/vec4 v0x58d93b0f0240_0, 0, 32;
    %load/vec4 v0x58d93b0f0240_0;
    %load/vec4 v0x58d93b0f0110_0;
    %xor;
    %store/vec4 v0x58d93b0f0320_0, 0, 32;
    %load/vec4 v0x58d93b0f1660_0;
    %store/vec4 v0x58d93b0f0400_0, 0, 32;
    %load/vec4 v0x58d93b0f2bf0_0;
    %flag_set/vec4 8;
    %jmp/0xz  T_39.0, 8;
    %pushi/vec4 0, 0, 1;
    %store/vec4 v0x58d93b0f1e80_0, 0, 1;
    %pushi/vec4 1, 0, 1;
    %store/vec4 v0x58d93b0f1470_0, 0, 1;
    %load/vec4 v0x58d93b0f15c0_0;
    %dup/vec4;
    %pushi/vec4 0, 0, 1;
    %cmp/u;
    %jmp/1 T_39.2, 6;
    %dup/vec4;
    %pushi/vec4 1, 0, 1;
    %cmp/u;
    %jmp/1 T_39.3, 6;
    %jmp T_39.5;
T_39.2 ;
    %load/vec4 v0x58d93b0f2670_0;
    %pad/u 32;
    %cmpi/e 0, 0, 32;
    %jmp/0xz  T_39.6, 4;
    %load/vec4 v0x58d93b0f0d60_0;
    %parti/s 128, 128, 9;
    %store/vec4 v0x58d93b0f1390_0, 0, 128;
    %load/vec4 v0x58d93b0f0d60_0;
    %parti/s 128, 128, 9;
    %store/vec4 v0x58d93b0f1980_0, 0, 128;
    %pushi/vec4 1, 0, 1;
    %store/vec4 v0x58d93b0f1b40_0, 0, 1;
    %pushi/vec4 1, 0, 1;
    %store/vec4 v0x58d93b0f1ce0_0, 0, 1;
    %jmp T_39.7;
T_39.6 ;
    %load/vec4 v0x58d93b0f0860_0;
    %load/vec4 v0x58d93b0f0320_0;
    %xor;
    %store/vec4 v0x58d93b0efd90_0, 0, 32;
    %load/vec4 v0x58d93b0f0940_0;
    %load/vec4 v0x58d93b0f0860_0;
    %xor;
    %load/vec4 v0x58d93b0f0320_0;
    %xor;
    %store/vec4 v0x58d93b0efe90_0, 0, 32;
    %load/vec4 v0x58d93b0f0a20_0;
    %load/vec4 v0x58d93b0f0940_0;
    %xor;
    %load/vec4 v0x58d93b0f0860_0;
    %xor;
    %load/vec4 v0x58d93b0f0320_0;
    %xor;
    %store/vec4 v0x58d93b0eff70_0, 0, 32;
    %load/vec4 v0x58d93b0f0b00_0;
    %load/vec4 v0x58d93b0f0a20_0;
    %xor;
    %load/vec4 v0x58d93b0f0940_0;
    %xor;
    %load/vec4 v0x58d93b0f0860_0;
    %xor;
    %load/vec4 v0x58d93b0f0320_0;
    %xor;
    %store/vec4 v0x58d93b0f0030_0, 0, 32;
    %load/vec4 v0x58d93b0efd90_0;
    %load/vec4 v0x58d93b0efe90_0;
    %concat/vec4; draw_concat_vec4
    %load/vec4 v0x58d93b0eff70_0;
    %concat/vec4; draw_concat_vec4
    %load/vec4 v0x58d93b0f0030_0;
    %concat/vec4; draw_concat_vec4
    %store/vec4 v0x58d93b0f1390_0, 0, 128;
    %load/vec4 v0x58d93b0efd90_0;
    %load/vec4 v0x58d93b0efe90_0;
    %concat/vec4; draw_concat_vec4
    %load/vec4 v0x58d93b0eff70_0;
    %concat/vec4; draw_concat_vec4
    %load/vec4 v0x58d93b0f0030_0;
    %concat/vec4; draw_concat_vec4
    %store/vec4 v0x58d93b0f1980_0, 0, 128;
    %pushi/vec4 1, 0, 1;
    %store/vec4 v0x58d93b0f1b40_0, 0, 1;
    %pushi/vec4 1, 0, 1;
    %store/vec4 v0x58d93b0f1ce0_0, 0, 1;
T_39.7 ;
    %jmp T_39.5;
T_39.3 ;
    %load/vec4 v0x58d93b0f2670_0;
    %pad/u 32;
    %cmpi/e 0, 0, 32;
    %jmp/0xz  T_39.8, 4;
    %load/vec4 v0x58d93b0f0d60_0;
    %parti/s 128, 128, 9;
    %store/vec4 v0x58d93b0f1390_0, 0, 128;
    %load/vec4 v0x58d93b0f0d60_0;
    %parti/s 128, 128, 9;
    %store/vec4 v0x58d93b0f1720_0, 0, 128;
    %pushi/vec4 1, 0, 1;
    %store/vec4 v0x58d93b0f18c0_0, 0, 1;
    %jmp T_39.9;
T_39.8 ;
    %load/vec4 v0x58d93b0f2670_0;
    %pad/u 32;
    %cmpi/e 1, 0, 32;
    %jmp/0xz  T_39.10, 4;
    %load/vec4 v0x58d93b0f0d60_0;
    %parti/s 128, 0, 2;
    %store/vec4 v0x58d93b0f1390_0, 0, 128;
    %load/vec4 v0x58d93b0f0d60_0;
    %parti/s 128, 0, 2;
    %store/vec4 v0x58d93b0f1980_0, 0, 128;
    %pushi/vec4 1, 0, 1;
    %store/vec4 v0x58d93b0f1b40_0, 0, 1;
    %pushi/vec4 1, 0, 1;
    %store/vec4 v0x58d93b0f1ce0_0, 0, 1;
    %jmp T_39.11;
T_39.10 ;
    %load/vec4 v0x58d93b0f2670_0;
    %parti/s 1, 0, 2;
    %pad/u 32;
    %cmpi/e 0, 0, 32;
    %jmp/0xz  T_39.12, 4;
    %load/vec4 v0x58d93b0f04e0_0;
    %load/vec4 v0x58d93b0f0320_0;
    %xor;
    %store/vec4 v0x58d93b0efd90_0, 0, 32;
    %load/vec4 v0x58d93b0f05c0_0;
    %load/vec4 v0x58d93b0f04e0_0;
    %xor;
    %load/vec4 v0x58d93b0f0320_0;
    %xor;
    %store/vec4 v0x58d93b0efe90_0, 0, 32;
    %load/vec4 v0x58d93b0f06a0_0;
    %load/vec4 v0x58d93b0f05c0_0;
    %xor;
    %load/vec4 v0x58d93b0f04e0_0;
    %xor;
    %load/vec4 v0x58d93b0f0320_0;
    %xor;
    %store/vec4 v0x58d93b0eff70_0, 0, 32;
    %load/vec4 v0x58d93b0f0780_0;
    %load/vec4 v0x58d93b0f06a0_0;
    %xor;
    %load/vec4 v0x58d93b0f05c0_0;
    %xor;
    %load/vec4 v0x58d93b0f04e0_0;
    %xor;
    %load/vec4 v0x58d93b0f0320_0;
    %xor;
    %store/vec4 v0x58d93b0f0030_0, 0, 32;
    %jmp T_39.13;
T_39.12 ;
    %load/vec4 v0x58d93b0f04e0_0;
    %load/vec4 v0x58d93b0f0400_0;
    %xor;
    %store/vec4 v0x58d93b0efd90_0, 0, 32;
    %load/vec4 v0x58d93b0f05c0_0;
    %load/vec4 v0x58d93b0f04e0_0;
    %xor;
    %load/vec4 v0x58d93b0f0400_0;
    %xor;
    %store/vec4 v0x58d93b0efe90_0, 0, 32;
    %load/vec4 v0x58d93b0f06a0_0;
    %load/vec4 v0x58d93b0f05c0_0;
    %xor;
    %load/vec4 v0x58d93b0f04e0_0;
    %xor;
    %load/vec4 v0x58d93b0f0400_0;
    %xor;
    %store/vec4 v0x58d93b0eff70_0, 0, 32;
    %load/vec4 v0x58d93b0f0780_0;
    %load/vec4 v0x58d93b0f06a0_0;
    %xor;
    %load/vec4 v0x58d93b0f05c0_0;
    %xor;
    %load/vec4 v0x58d93b0f04e0_0;
    %xor;
    %load/vec4 v0x58d93b0f0400_0;
    %xor;
    %store/vec4 v0x58d93b0f0030_0, 0, 32;
    %pushi/vec4 1, 0, 1;
    %store/vec4 v0x58d93b0f1ce0_0, 0, 1;
T_39.13 ;
    %load/vec4 v0x58d93b0efd90_0;
    %load/vec4 v0x58d93b0efe90_0;
    %concat/vec4; draw_concat_vec4
    %load/vec4 v0x58d93b0eff70_0;
    %concat/vec4; draw_concat_vec4
    %load/vec4 v0x58d93b0f0030_0;
    %concat/vec4; draw_concat_vec4
    %store/vec4 v0x58d93b0f1390_0, 0, 128;
    %load/vec4 v0x58d93b0efd90_0;
    %load/vec4 v0x58d93b0efe90_0;
    %concat/vec4; draw_concat_vec4
    %load/vec4 v0x58d93b0eff70_0;
    %concat/vec4; draw_concat_vec4
    %load/vec4 v0x58d93b0f0030_0;
    %concat/vec4; draw_concat_vec4
    %store/vec4 v0x58d93b0f1980_0, 0, 128;
    %pushi/vec4 1, 0, 1;
    %store/vec4 v0x58d93b0f1b40_0, 0, 1;
    %load/vec4 v0x58d93b0f1a60_0;
    %store/vec4 v0x58d93b0f1720_0, 0, 128;
    %pushi/vec4 1, 0, 1;
    %store/vec4 v0x58d93b0f18c0_0, 0, 1;
T_39.11 ;
T_39.9 ;
    %jmp T_39.5;
T_39.5 ;
    %pop/vec4 1;
T_39.0 ;
    %end;
    .scope S_0x58d93b0ee2a0;
t_24 %join;
    %jmp T_39;
    .thread T_39, $push;
    .scope S_0x58d93b0ee2a0;
T_40 ;
    %wait E_0x58d93b0eec70;
    %fork t_27, S_0x58d93b0ef3d0;
    %jmp t_26;
    .scope S_0x58d93b0ef3d0;
t_27 ;
    %pushi/vec4 0, 0, 8;
    %store/vec4 v0x58d93b0f1c00_0, 0, 8;
    %pushi/vec4 0, 0, 1;
    %store/vec4 v0x58d93b0f1f40_0, 0, 1;
    %load/vec4 v0x58d93b0f1da0_0;
    %parti/s 7, 0, 2;
    %concati/vec4 0, 0, 1;
    %pushi/vec4 27, 0, 8;
    %load/vec4 v0x58d93b0f1da0_0;
    %parti/s 1, 7, 4;
    %replicate 8;
    %and;
    %xor;
    %store/vec4 v0x58d93b0ef5e0_0, 0, 8;
    %load/vec4 v0x58d93b0f1e80_0;
    %flag_set/vec4 8;
    %jmp/0xz  T_40.0, 8;
    %pushi/vec4 141, 0, 8;
    %store/vec4 v0x58d93b0f1c00_0, 0, 8;
    %pushi/vec4 1, 0, 1;
    %store/vec4 v0x58d93b0f1f40_0, 0, 1;
T_40.0 ;
    %load/vec4 v0x58d93b0f1ce0_0;
    %flag_set/vec4 8;
    %jmp/0xz  T_40.2, 8;
    %load/vec4 v0x58d93b0ef5e0_0;
    %store/vec4 v0x58d93b0f1c00_0, 0, 8;
    %pushi/vec4 1, 0, 1;
    %store/vec4 v0x58d93b0f1f40_0, 0, 1;
T_40.2 ;
    %end;
    .scope S_0x58d93b0ee2a0;
t_26 %join;
    %jmp T_40;
    .thread T_40, $push;
    .scope S_0x58d93b0ee2a0;
T_41 ;
    %wait E_0x58d93b0eec10;
    %fork t_29, S_0x58d93b0ef980;
    %jmp t_28;
    .scope S_0x58d93b0ef980;
t_29 ;
    %pushi/vec4 0, 0, 4;
    %store/vec4 v0x58d93b0f2590_0, 0, 4;
    %pushi/vec4 0, 0, 1;
    %store/vec4 v0x58d93b0f2810_0, 0, 1;
    %load/vec4 v0x58d93b0f2750_0;
    %flag_set/vec4 8;
    %jmp/0xz  T_41.0, 8;
    %pushi/vec4 0, 0, 4;
    %store/vec4 v0x58d93b0f2590_0, 0, 4;
    %pushi/vec4 1, 0, 1;
    %store/vec4 v0x58d93b0f2810_0, 0, 1;
    %jmp T_41.1;
T_41.0 ;
    %load/vec4 v0x58d93b0f24d0_0;
    %flag_set/vec4 8;
    %jmp/0xz  T_41.2, 8;
    %load/vec4 v0x58d93b0f2670_0;
    %addi 1, 0, 4;
    %store/vec4 v0x58d93b0f2590_0, 0, 4;
    %pushi/vec4 1, 0, 1;
    %store/vec4 v0x58d93b0f2810_0, 0, 1;
T_41.2 ;
T_41.1 ;
    %end;
    .scope S_0x58d93b0ee2a0;
t_28 %join;
    %jmp T_41;
    .thread T_41, $push;
    .scope S_0x58d93b0ee2a0;
T_42 ;
    %wait E_0x58d93b0eeba0;
    %fork t_31, S_0x58d93b0eeef0;
    %jmp t_30;
    .scope S_0x58d93b0eeef0;
t_31 ;
    %pushi/vec4 0, 0, 1;
    %store/vec4 v0x58d93b0f20c0_0, 0, 1;
    %pushi/vec4 0, 0, 1;
    %store/vec4 v0x58d93b0f2240_0, 0, 1;
    %pushi/vec4 0, 0, 1;
    %store/vec4 v0x58d93b0f2bf0_0, 0, 1;
    %pushi/vec4 0, 0, 1;
    %store/vec4 v0x58d93b0f2750_0, 0, 1;
    %pushi/vec4 0, 0, 1;
    %store/vec4 v0x58d93b0f24d0_0, 0, 1;
    %pushi/vec4 0, 0, 3;
    %store/vec4 v0x58d93b0f10c0_0, 0, 3;
    %pushi/vec4 0, 0, 1;
    %store/vec4 v0x58d93b0f12d0_0, 0, 1;
    %load/vec4 v0x58d93b0f15c0_0;
    %cmpi/e 0, 0, 1;
    %jmp/0xz  T_42.0, 4;
    %pushi/vec4 10, 0, 4;
    %store/vec4 v0x58d93b0ef0d0_0, 0, 4;
    %jmp T_42.1;
T_42.0 ;
    %pushi/vec4 14, 0, 4;
    %store/vec4 v0x58d93b0ef0d0_0, 0, 4;
T_42.1 ;
    %load/vec4 v0x58d93b0f11f0_0;
    %dup/vec4;
    %pushi/vec4 0, 0, 3;
    %cmp/u;
    %jmp/1 T_42.2, 6;
    %dup/vec4;
    %pushi/vec4 1, 0, 3;
    %cmp/u;
    %jmp/1 T_42.3, 6;
    %dup/vec4;
    %pushi/vec4 2, 0, 3;
    %cmp/u;
    %jmp/1 T_42.4, 6;
    %dup/vec4;
    %pushi/vec4 3, 0, 3;
    %cmp/u;
    %jmp/1 T_42.5, 6;
    %jmp T_42.7;
T_42.2 ;
    %load/vec4 v0x58d93b0f0ca0_0;
    %flag_set/vec4 8;
    %jmp/0xz  T_42.8, 8;
    %pushi/vec4 0, 0, 1;
    %store/vec4 v0x58d93b0f20c0_0, 0, 1;
    %pushi/vec4 1, 0, 1;
    %store/vec4 v0x58d93b0f2240_0, 0, 1;
    %pushi/vec4 1, 0, 3;
    %store/vec4 v0x58d93b0f10c0_0, 0, 3;
    %pushi/vec4 1, 0, 1;
    %store/vec4 v0x58d93b0f12d0_0, 0, 1;
T_42.8 ;
    %jmp T_42.7;
T_42.3 ;
    %pushi/vec4 1, 0, 1;
    %store/vec4 v0x58d93b0f2750_0, 0, 1;
    %pushi/vec4 2, 0, 3;
    %store/vec4 v0x58d93b0f10c0_0, 0, 3;
    %pushi/vec4 1, 0, 1;
    %store/vec4 v0x58d93b0f12d0_0, 0, 1;
    %jmp T_42.7;
T_42.4 ;
    %pushi/vec4 1, 0, 1;
    %store/vec4 v0x58d93b0f24d0_0, 0, 1;
    %pushi/vec4 1, 0, 1;
    %store/vec4 v0x58d93b0f2bf0_0, 0, 1;
    %load/vec4 v0x58d93b0f2670_0;
    %load/vec4 v0x58d93b0ef0d0_0;
    %cmp/e;
    %jmp/0xz  T_42.10, 4;
    %pushi/vec4 3, 0, 3;
    %store/vec4 v0x58d93b0f10c0_0, 0, 3;
    %pushi/vec4 1, 0, 1;
    %store/vec4 v0x58d93b0f12d0_0, 0, 1;
T_42.10 ;
    %jmp T_42.7;
T_42.5 ;
    %pushi/vec4 1, 0, 1;
    %store/vec4 v0x58d93b0f20c0_0, 0, 1;
    %pushi/vec4 1, 0, 1;
    %store/vec4 v0x58d93b0f2240_0, 0, 1;
    %pushi/vec4 0, 0, 3;
    %store/vec4 v0x58d93b0f10c0_0, 0, 3;
    %pushi/vec4 1, 0, 1;
    %store/vec4 v0x58d93b0f12d0_0, 0, 1;
    %jmp T_42.7;
T_42.7 ;
    %pop/vec4 1;
    %end;
    .scope S_0x58d93b0ee2a0;
t_30 %join;
    %jmp T_42;
    .thread T_42, $push;
    .scope S_0x58d93b0f3830;
T_43 ;
    %wait E_0x58d93b0f3b80;
    %load/vec4 v0x58d93b0f5090_0;
    %nor/r;
    %flag_set/vec4 8;
    %jmp/0xz  T_43.0, 8;
    %pushi/vec4 0, 0, 2;
    %assign/vec4 v0x58d93b0f7cc0_0, 0;
    %pushi/vec4 0, 0, 1;
    %assign/vec4 v0x58d93b0f7da0_0, 0;
    %pushi/vec4 0, 0, 4;
    %assign/vec4 v0x58d93b0f7be0_0, 0;
    %pushi/vec4 0, 0, 32;
    %assign/vec4 v0x58d93b0f7b00_0, 0;
    %pushi/vec4 0, 0, 8;
    %assign/vec4 v0x58d93b0f7e60_0, 0;
    %jmp T_43.1;
T_43.0 ;
    %load/vec4 v0x58d93b0f7da0_0;
    %nor/r;
    %flag_set/vec4 8;
    %jmp/0xz  T_43.2, 8;
    %load/vec4 v0x58d93b0f7cc0_0;
    %dup/vec4;
    %pushi/vec4 0, 0, 2;
    %cmp/u;
    %jmp/1 T_43.4, 6;
    %dup/vec4;
    %pushi/vec4 1, 0, 2;
    %cmp/u;
    %jmp/1 T_43.5, 6;
    %dup/vec4;
    %pushi/vec4 2, 0, 2;
    %cmp/u;
    %jmp/1 T_43.6, 6;
    %dup/vec4;
    %pushi/vec4 3, 0, 2;
    %cmp/u;
    %jmp/1 T_43.7, 6;
    %jmp T_43.8;
T_43.4 ;
    %load/vec4 v0x58d93b0f7a20_0;
    %cmpi/e 3735928559, 0, 32;
    %jmp/0xz  T_43.9, 4;
    %pushi/vec4 1, 0, 2;
    %assign/vec4 v0x58d93b0f7cc0_0, 0;
    %jmp T_43.10;
T_43.9 ;
    %pushi/vec4 0, 0, 2;
    %assign/vec4 v0x58d93b0f7cc0_0, 0;
T_43.10 ;
    %jmp T_43.8;
T_43.5 ;
    %load/vec4 v0x58d93b0f7a20_0;
    %cmpi/e 4277009102, 0, 32;
    %jmp/0xz  T_43.11, 4;
    %pushi/vec4 2, 0, 2;
    %assign/vec4 v0x58d93b0f7cc0_0, 0;
    %jmp T_43.12;
T_43.11 ;
    %pushi/vec4 0, 0, 2;
    %assign/vec4 v0x58d93b0f7cc0_0, 0;
T_43.12 ;
    %jmp T_43.8;
T_43.6 ;
    %load/vec4 v0x58d93b0f7a20_0;
    %cmpi/e 3405691582, 0, 32;
    %jmp/0xz  T_43.13, 4;
    %pushi/vec4 3, 0, 2;
    %assign/vec4 v0x58d93b0f7cc0_0, 0;
    %jmp T_43.14;
T_43.13 ;
    %pushi/vec4 0, 0, 2;
    %assign/vec4 v0x58d93b0f7cc0_0, 0;
T_43.14 ;
    %jmp T_43.8;
T_43.7 ;
    %load/vec4 v0x58d93b0f7a20_0;
    %cmpi/e 3131961357, 0, 32;
    %jmp/0xz  T_43.15, 4;
    %pushi/vec4 1, 0, 1;
    %assign/vec4 v0x58d93b0f7da0_0, 0;
    %load/vec4 v0x58d93b0f7a20_0;
    %assign/vec4 v0x58d93b0f7b00_0, 0;
    %pushi/vec4 0, 0, 4;
    %assign/vec4 v0x58d93b0f7be0_0, 0;
    %pushi/vec4 0, 0, 2;
    %assign/vec4 v0x58d93b0f7cc0_0, 0;
    %jmp T_43.16;
T_43.15 ;
    %pushi/vec4 0, 0, 2;
    %assign/vec4 v0x58d93b0f7cc0_0, 0;
T_43.16 ;
    %jmp T_43.8;
T_43.8 ;
    %pop/vec4 1;
    %pushi/vec4 0, 0, 8;
    %assign/vec4 v0x58d93b0f7e60_0, 0;
    %jmp T_43.3;
T_43.2 ;
    %load/vec4 v0x58d93b0f7be0_0;
    %dup/vec4;
    %pushi/vec4 0, 0, 4;
    %cmp/u;
    %jmp/1 T_43.17, 6;
    %dup/vec4;
    %pushi/vec4 1, 0, 4;
    %cmp/u;
    %jmp/1 T_43.18, 6;
    %dup/vec4;
    %pushi/vec4 2, 0, 4;
    %cmp/u;
    %jmp/1 T_43.19, 6;
    %dup/vec4;
    %pushi/vec4 3, 0, 4;
    %cmp/u;
    %jmp/1 T_43.20, 6;
    %dup/vec4;
    %pushi/vec4 4, 0, 4;
    %cmp/u;
    %jmp/1 T_43.21, 6;
    %pushi/vec4 0, 0, 8;
    %assign/vec4 v0x58d93b0f7e60_0, 0;
    %pushi/vec4 0, 0, 1;
    %assign/vec4 v0x58d93b0f7da0_0, 0;
    %pushi/vec4 0, 0, 4;
    %assign/vec4 v0x58d93b0f7be0_0, 0;
    %jmp T_43.23;
T_43.17 ;
    %load/vec4 v0x58d93b0f7b00_0;
    %parti/s 8, 24, 6;
    %assign/vec4 v0x58d93b0f7e60_0, 0;
    %pushi/vec4 1, 0, 4;
    %assign/vec4 v0x58d93b0f7be0_0, 0;
    %jmp T_43.23;
T_43.18 ;
    %load/vec4 v0x58d93b0f7b00_0;
    %parti/s 8, 16, 6;
    %assign/vec4 v0x58d93b0f7e60_0, 0;
    %pushi/vec4 2, 0, 4;
    %assign/vec4 v0x58d93b0f7be0_0, 0;
    %jmp T_43.23;
T_43.19 ;
    %load/vec4 v0x58d93b0f7b00_0;
    %parti/s 8, 8, 5;
    %assign/vec4 v0x58d93b0f7e60_0, 0;
    %pushi/vec4 3, 0, 4;
    %assign/vec4 v0x58d93b0f7be0_0, 0;
    %jmp T_43.23;
T_43.20 ;
    %load/vec4 v0x58d93b0f7b00_0;
    %parti/s 8, 0, 2;
    %assign/vec4 v0x58d93b0f7e60_0, 0;
    %pushi/vec4 4, 0, 4;
    %assign/vec4 v0x58d93b0f7be0_0, 0;
    %jmp T_43.23;
T_43.21 ;
    %pushi/vec4 0, 0, 8;
    %assign/vec4 v0x58d93b0f7e60_0, 0;
    %pushi/vec4 0, 0, 1;
    %assign/vec4 v0x58d93b0f7da0_0, 0;
    %pushi/vec4 0, 0, 4;
    %assign/vec4 v0x58d93b0f7be0_0, 0;
    %jmp T_43.23;
T_43.23 ;
    %pop/vec4 1;
T_43.3 ;
T_43.1 ;
    %jmp T_43;
    .thread T_43;
    .scope S_0x58d93b0bcca0;
T_44 ;
    %wait E_0x58d93b0912f0;
    %fork t_33, S_0x58d93b0f3650;
    %jmp t_32;
    .scope S_0x58d93b0f3650;
t_33 ;
    %load/vec4 v0x58d93b0f9a70_0;
    %nor/r;
    %flag_set/vec4 8;
    %jmp/0xz  T_44.0, 8;
    %pushi/vec4 0, 0, 1;
    %assign/vec4 v0x58d93b0f9f80_0, 0;
    %pushi/vec4 1, 0, 1;
    %assign/vec4 v0x58d93b0f98f0_0, 0;
    %pushi/vec4 0, 0, 2;
    %assign/vec4 v0x58d93b0f82c0_0, 0;
    %pushi/vec4 0, 0, 4;
    %assign/vec4 v0x58d93b0fa840_0, 0;
    %pushi/vec4 0, 0, 1;
    %assign/vec4 v0x58d93b0fa1c0_0, 0;
    %pushi/vec4 0, 0, 8;
    %assign/vec4 v0x58d93b0fa5e0_0, 0;
    %pushi/vec4 0, 0, 1;
    %assign/vec4 v0x58d93b0fa6c0_0, 0;
    %pushi/vec4 0, 0, 6;
    %assign/vec4 v0x58d93b0fa280_0, 0;
    %pushi/vec4 0, 0, 1;
    %assign/vec4 v0x58d93b0fa780_0, 0;
    %pushi/vec4 0, 0, 256;
    %assign/vec4 v0x58d93b0fa440_0, 0;
    %jmp T_44.1;
T_44.0 ;
    %load/vec4 v0x58d93b0fa040_0;
    %flag_set/vec4 8;
    %jmp/0xz  T_44.2, 8;
    %load/vec4 v0x58d93b0f9ec0_0;
    %assign/vec4 v0x58d93b0f9f80_0, 0;
T_44.2 ;
    %load/vec4 v0x58d93b0f99b0_0;
    %flag_set/vec4 8;
    %jmp/0xz  T_44.4, 8;
    %load/vec4 v0x58d93b0f9830_0;
    %assign/vec4 v0x58d93b0f98f0_0, 0;
T_44.4 ;
    %load/vec4 v0x58d93b0f83a0_0;
    %flag_set/vec4 8;
    %jmp/0xz  T_44.6, 8;
    %load/vec4 v0x58d93b0f81c0_0;
    %assign/vec4 v0x58d93b0f82c0_0, 0;
T_44.6 ;
    %load/vec4 v0x58d93b0fa840_0;
    %parti/s 3, 0, 2;
    %load/vec4 v0x58d93b0f8dc0_0;
    %load/vec4 v0x58d93b0f96d0_0;
    %xor;
    %load/vec4 v0x58d93b0f8d20_0;
    %xor;
    %load/vec4 v0x58d93b0f91e0_0;
    %xor;
    %concat/vec4; draw_concat_vec4
    %assign/vec4 v0x58d93b0fa840_0, 0;
    %load/vec4 v0x58d93b0fa1c0_0;
    %nor/r;
    %load/vec4 v0x58d93b0fa840_0;
    %pushi/vec4 11, 0, 4;
    %cmp/e;
    %flag_get/vec4 4;
    %and;
    %flag_set/vec4 8;
    %jmp/0xz  T_44.8, 8;
    %pushi/vec4 1, 0, 1;
    %assign/vec4 v0x58d93b0fa1c0_0, 0;
    %load/vec4 v0x58d93b0f9040_0;
    %assign/vec4 v0x58d93b0fa440_0, 0;
    %pushi/vec4 0, 0, 6;
    %assign/vec4 v0x58d93b0fa280_0, 0;
    %pushi/vec4 1, 0, 1;
    %assign/vec4 v0x58d93b0fa780_0, 0;
    %jmp T_44.9;
T_44.8 ;
    %load/vec4 v0x58d93b0fa1c0_0;
    %load/vec4 v0x58d93b0fa780_0;
    %and;
    %flag_set/vec4 8;
    %jmp/0xz  T_44.10, 8;
    %load/vec4 v0x58d93b0fa440_0;
    %pushi/vec4 255, 0, 32;
    %load/vec4 v0x58d93b0fa280_0;
    %pad/u 32;
    %muli 8, 0, 32;
    %sub;
    %pad/u 34;
    %subi 7, 0, 34;
    %part/s 8;
    %assign/vec4 v0x58d93b0fa5e0_0, 0;
    %pushi/vec4 1, 0, 1;
    %assign/vec4 v0x58d93b0fa6c0_0, 0;
    %load/vec4 v0x58d93b0fa280_0;
    %cmpi/e 31, 0, 6;
    %jmp/0xz  T_44.12, 4;
    %pushi/vec4 0, 0, 6;
    %assign/vec4 v0x58d93b0fa280_0, 0;
    %pushi/vec4 0, 0, 1;
    %assign/vec4 v0x58d93b0fa780_0, 0;
    %pushi/vec4 0, 0, 1;
    %assign/vec4 v0x58d93b0fa1c0_0, 0;
    %pushi/vec4 0, 0, 1;
    %assign/vec4 v0x58d93b0fa6c0_0, 0;
    %jmp T_44.13;
T_44.12 ;
    %load/vec4 v0x58d93b0fa280_0;
    %addi 1, 0, 6;
    %assign/vec4 v0x58d93b0fa280_0, 0;
T_44.13 ;
    %jmp T_44.11;
T_44.10 ;
    %pushi/vec4 0, 0, 8;
    %assign/vec4 v0x58d93b0fa5e0_0, 0;
    %pushi/vec4 0, 0, 1;
    %assign/vec4 v0x58d93b0fa6c0_0, 0;
T_44.11 ;
T_44.9 ;
    %load/vec4 v0x58d93b0fa1c0_0;
    %nor/r;
    %flag_set/vec4 8;
    %jmp/0xz  T_44.14, 8;
    %pushi/vec4 0, 0, 8;
    %assign/vec4 v0x58d93b0fa5e0_0, 0;
    %pushi/vec4 0, 0, 1;
    %assign/vec4 v0x58d93b0fa6c0_0, 0;
    %pushi/vec4 0, 0, 1;
    %assign/vec4 v0x58d93b0fa780_0, 0;
    %pushi/vec4 0, 0, 6;
    %assign/vec4 v0x58d93b0fa280_0, 0;
T_44.14 ;
T_44.1 ;
    %end;
    .scope S_0x58d93b0bcca0;
t_32 %join;
    %jmp T_44;
    .thread T_44;
    .scope S_0x58d93b0bcca0;
T_45 ;
    %wait E_0x58d93aeaba10;
    %fork t_35, S_0x58d93b0f7fe0;
    %jmp t_34;
    .scope S_0x58d93b0f7fe0;
t_35 ;
    %load/vec4 v0x58d93b0f8e90_0;
    %flag_set/vec4 8;
    %jmp/0xz  T_45.0, 8;
    %load/vec4 v0x58d93b0f9280_0;
    %store/vec4 v0x58d93b0f9560_0, 0, 32;
    %jmp T_45.1;
T_45.0 ;
    %load/vec4 v0x58d93b0f8c50_0;
    %store/vec4 v0x58d93b0f9560_0, 0, 32;
T_45.1 ;
    %end;
    .scope S_0x58d93b0bcca0;
t_34 %join;
    %jmp T_45;
    .thread T_45, $push;
    .scope S_0x58d93b0bcca0;
T_46 ;
    %wait E_0x58d93afc1160;
    %fork t_37, S_0x58d93b0ee110;
    %jmp t_36;
    .scope S_0x58d93b0ee110;
t_37 ;
    %pushi/vec4 0, 0, 1;
    %store/vec4 v0x58d93b0f89e0_0, 0, 1;
    %pushi/vec4 0, 0, 1;
    %store/vec4 v0x58d93b0f8700_0, 0, 1;
    %load/vec4 v0x58d93b0f8d20_0;
    %flag_set/vec4 8;
    %jmp/0xz  T_46.0, 8;
    %load/vec4 v0x58d93b0f96d0_0;
    %store/vec4 v0x58d93b0f89e0_0, 0, 1;
    %load/vec4 v0x58d93b0f8b80_0;
    %store/vec4 v0x58d93b0f9490_0, 0, 4;
    %load/vec4 v0x58d93b0f8910_0;
    %store/vec4 v0x58d93b0f9350_0, 0, 128;
    %load/vec4 v0x58d93b0f8ab0_0;
    %store/vec4 v0x58d93b0f93f0_0, 0, 1;
    %jmp T_46.1;
T_46.0 ;
    %load/vec4 v0x58d93b0f96d0_0;
    %store/vec4 v0x58d93b0f8700_0, 0, 1;
    %load/vec4 v0x58d93b0f8840_0;
    %store/vec4 v0x58d93b0f9490_0, 0, 4;
    %load/vec4 v0x58d93b0f8640_0;
    %store/vec4 v0x58d93b0f9350_0, 0, 128;
    %load/vec4 v0x58d93b0f87a0_0;
    %store/vec4 v0x58d93b0f93f0_0, 0, 1;
T_46.1 ;
    %end;
    .scope S_0x58d93b0bcca0;
t_36 %join;
    %jmp T_46;
    .thread T_46, $push;
    .scope S_0x58d93b0bcca0;
T_47 ;
    %wait E_0x58d93afc0cb0;
    %fork t_39, S_0x58d93b0bd080;
    %jmp t_38;
    .scope S_0x58d93b0bd080;
t_39 ;
    %pushi/vec4 0, 0, 1;
    %store/vec4 v0x58d93b0f8e90_0, 0, 1;
    %pushi/vec4 0, 0, 1;
    %store/vec4 v0x58d93b0f9830_0, 0, 1;
    %pushi/vec4 0, 0, 1;
    %store/vec4 v0x58d93b0f99b0_0, 0, 1;
    %pushi/vec4 0, 0, 1;
    %store/vec4 v0x58d93b0f9ec0_0, 0, 1;
    %pushi/vec4 0, 0, 1;
    %store/vec4 v0x58d93b0fa040_0, 0, 1;
    %pushi/vec4 0, 0, 2;
    %store/vec4 v0x58d93b0f81c0_0, 0, 2;
    %pushi/vec4 0, 0, 1;
    %store/vec4 v0x58d93b0f83a0_0, 0, 1;
    %load/vec4 v0x58d93b0f82c0_0;
    %dup/vec4;
    %pushi/vec4 0, 0, 2;
    %cmp/u;
    %jmp/1 T_47.0, 6;
    %dup/vec4;
    %pushi/vec4 1, 0, 2;
    %cmp/u;
    %jmp/1 T_47.1, 6;
    %dup/vec4;
    %pushi/vec4 2, 0, 2;
    %cmp/u;
    %jmp/1 T_47.2, 6;
    %jmp T_47.4;
T_47.0 ;
    %load/vec4 v0x58d93b0f8dc0_0;
    %flag_set/vec4 8;
    %jmp/0xz  T_47.5, 8;
    %pushi/vec4 1, 0, 1;
    %store/vec4 v0x58d93b0f8e90_0, 0, 1;
    %pushi/vec4 0, 0, 1;
    %store/vec4 v0x58d93b0f9830_0, 0, 1;
    %pushi/vec4 1, 0, 1;
    %store/vec4 v0x58d93b0f99b0_0, 0, 1;
    %pushi/vec4 0, 0, 1;
    %store/vec4 v0x58d93b0f9ec0_0, 0, 1;
    %pushi/vec4 1, 0, 1;
    %store/vec4 v0x58d93b0fa040_0, 0, 1;
    %pushi/vec4 1, 0, 2;
    %store/vec4 v0x58d93b0f81c0_0, 0, 2;
    %pushi/vec4 1, 0, 1;
    %store/vec4 v0x58d93b0f83a0_0, 0, 1;
    %jmp T_47.6;
T_47.5 ;
    %load/vec4 v0x58d93b0f96d0_0;
    %flag_set/vec4 8;
    %jmp/0xz  T_47.7, 8;
    %pushi/vec4 0, 0, 1;
    %store/vec4 v0x58d93b0f8e90_0, 0, 1;
    %pushi/vec4 0, 0, 1;
    %store/vec4 v0x58d93b0f9830_0, 0, 1;
    %pushi/vec4 1, 0, 1;
    %store/vec4 v0x58d93b0f99b0_0, 0, 1;
    %pushi/vec4 0, 0, 1;
    %store/vec4 v0x58d93b0f9ec0_0, 0, 1;
    %pushi/vec4 1, 0, 1;
    %store/vec4 v0x58d93b0fa040_0, 0, 1;
    %pushi/vec4 2, 0, 2;
    %store/vec4 v0x58d93b0f81c0_0, 0, 2;
    %pushi/vec4 1, 0, 1;
    %store/vec4 v0x58d93b0f83a0_0, 0, 1;
T_47.7 ;
T_47.6 ;
    %jmp T_47.4;
T_47.1 ;
    %pushi/vec4 1, 0, 1;
    %store/vec4 v0x58d93b0f8e90_0, 0, 1;
    %load/vec4 v0x58d93b0f9110_0;
    %flag_set/vec4 8;
    %jmp/0xz  T_47.9, 8;
    %pushi/vec4 1, 0, 1;
    %store/vec4 v0x58d93b0f9830_0, 0, 1;
    %pushi/vec4 1, 0, 1;
    %store/vec4 v0x58d93b0f99b0_0, 0, 1;
    %pushi/vec4 0, 0, 2;
    %store/vec4 v0x58d93b0f81c0_0, 0, 2;
    %pushi/vec4 1, 0, 1;
    %store/vec4 v0x58d93b0f83a0_0, 0, 1;
T_47.9 ;
    %jmp T_47.4;
T_47.2 ;
    %pushi/vec4 0, 0, 1;
    %store/vec4 v0x58d93b0f8e90_0, 0, 1;
    %load/vec4 v0x58d93b0f93f0_0;
    %flag_set/vec4 8;
    %jmp/0xz  T_47.11, 8;
    %pushi/vec4 1, 0, 1;
    %store/vec4 v0x58d93b0f9830_0, 0, 1;
    %pushi/vec4 1, 0, 1;
    %store/vec4 v0x58d93b0f99b0_0, 0, 1;
    %pushi/vec4 1, 0, 1;
    %store/vec4 v0x58d93b0f9ec0_0, 0, 1;
    %pushi/vec4 1, 0, 1;
    %store/vec4 v0x58d93b0fa040_0, 0, 1;
    %pushi/vec4 0, 0, 2;
    %store/vec4 v0x58d93b0f81c0_0, 0, 2;
    %pushi/vec4 1, 0, 1;
    %store/vec4 v0x58d93b0f83a0_0, 0, 1;
T_47.11 ;
    %jmp T_47.4;
T_47.4 ;
    %pop/vec4 1;
    %end;
    .scope S_0x58d93b0bcca0;
t_38 %join;
    %jmp T_47;
    .thread T_47, $push;
    .scope S_0x58d93b026240;
T_48 ;
    %wait E_0x58d93b0912f0;
    %fork t_41, S_0x58d93b0faac0;
    %jmp t_40;
    .scope S_0x58d93b0faac0;
t_41 ;
    %load/vec4 v0x58d93b0fc290_0;
    %nor/r;
    %flag_set/vec4 8;
    %jmp/0xz  T_48.0, 8;
    %pushi/vec4 0, 0, 32;
    %store/vec4 v0x58d93b0fac80_0, 0, 32;
T_48.2 ;
    %load/vec4 v0x58d93b0fac80_0;
    %cmpi/s 4, 0, 32;
    %jmp/0xz T_48.3, 5;
    %pushi/vec4 0, 0, 32;
    %ix/getv/s 3, v0x58d93b0fac80_0;
    %ix/load 4, 0, 0; Constant delay
    %assign/vec4/a/d v0x58d93b0fae60, 0, 4;
    %load/vec4 v0x58d93b0fac80_0;
    %addi 1, 0, 32;
    %store/vec4 v0x58d93b0fac80_0, 0, 32;
    %jmp T_48.2;
T_48.3 ;
    %pushi/vec4 0, 0, 32;
    %store/vec4 v0x58d93b0fac80_0, 0, 32;
T_48.4 ;
    %load/vec4 v0x58d93b0fac80_0;
    %cmpi/s 8, 0, 32;
    %jmp/0xz T_48.5, 5;
    %pushi/vec4 0, 0, 32;
    %ix/getv/s 3, v0x58d93b0fac80_0;
    %ix/load 4, 0, 0; Constant delay
    %assign/vec4/a/d v0x58d93b0fbc30, 0, 4;
    %load/vec4 v0x58d93b0fac80_0;
    %addi 1, 0, 32;
    %store/vec4 v0x58d93b0fac80_0, 0, 32;
    %jmp T_48.4;
T_48.5 ;
    %pushi/vec4 0, 0, 1;
    %assign/vec4 v0x58d93b0fbb70_0, 0;
    %pushi/vec4 0, 0, 1;
    %assign/vec4 v0x58d93b0fc030_0, 0;
    %pushi/vec4 0, 0, 1;
    %assign/vec4 v0x58d93b0fba30_0, 0;
    %pushi/vec4 0, 0, 1;
    %assign/vec4 v0x58d93b0fbeb0_0, 0;
    %pushi/vec4 0, 0, 128;
    %assign/vec4 v0x58d93b0fc330_0, 0;
    %pushi/vec4 0, 0, 1;
    %assign/vec4 v0x58d93b0fc6b0_0, 0;
    %pushi/vec4 0, 0, 1;
    %assign/vec4 v0x58d93b0fc1d0_0, 0;
    %pushi/vec4 0, 0, 2;
    %assign/vec4 v0x58d93b0fc5d0_0, 0;
    %pushi/vec4 0, 0, 3;
    %assign/vec4 v0x58d93b0fc4f0_0, 0;
    %jmp T_48.1;
T_48.0 ;
    %load/vec4 v0x58d93b0fb750_0;
    %assign/vec4 v0x58d93b0fc1d0_0, 0;
    %load/vec4 v0x58d93b0fb8c0_0;
    %assign/vec4 v0x58d93b0fc6b0_0, 0;
    %load/vec4 v0x58d93b0fb7f0_0;
    %assign/vec4 v0x58d93b0fc330_0, 0;
    %load/vec4 v0x58d93b0fbad0_0;
    %assign/vec4 v0x58d93b0fbb70_0, 0;
    %load/vec4 v0x58d93b0fbf70_0;
    %assign/vec4 v0x58d93b0fc030_0, 0;
    %load/vec4 v0x58d93b0fb140_0;
    %flag_set/vec4 8;
    %jmp/0xz  T_48.6, 8;
    %load/vec4 v0x58d93b0fc830_0;
    %parti/s 1, 0, 2;
    %assign/vec4 v0x58d93b0fba30_0, 0;
    %load/vec4 v0x58d93b0fc830_0;
    %parti/s 1, 1, 2;
    %assign/vec4 v0x58d93b0fbeb0_0, 0;
T_48.6 ;
    %load/vec4 v0x58d93b0fbdf0_0;
    %flag_set/vec4 8;
    %jmp/0xz  T_48.8, 8;
    %load/vec4 v0x58d93b0fc830_0;
    %load/vec4 v0x58d93b0fad60_0;
    %parti/s 3, 0, 2;
    %pad/u 5;
    %ix/vec4 3;
    %ix/load 4, 0, 0; Constant delay
    %assign/vec4/a/d v0x58d93b0fbc30, 0, 4;
T_48.8 ;
    %load/vec4 v0x58d93b0fafd0_0;
    %flag_set/vec4 8;
    %jmp/0xz  T_48.10, 8;
    %load/vec4 v0x58d93b0fc830_0;
    %load/vec4 v0x58d93b0fad60_0;
    %parti/s 2, 0, 2;
    %pad/u 4;
    %ix/vec4 3;
    %ix/load 4, 0, 0; Constant delay
    %assign/vec4/a/d v0x58d93b0fae60, 0, 4;
T_48.10 ;
    %load/vec4 v0x58d93b0fc5d0_0;
    %dup/vec4;
    %pushi/vec4 0, 0, 2;
    %cmp/u;
    %jmp/1 T_48.12, 6;
    %dup/vec4;
    %pushi/vec4 1, 0, 2;
    %cmp/u;
    %jmp/1 T_48.13, 6;
    %dup/vec4;
    %pushi/vec4 2, 0, 2;
    %cmp/u;
    %jmp/1 T_48.14, 6;
    %pushi/vec4 0, 0, 2;
    %assign/vec4 v0x58d93b0fc5d0_0, 0;
    %pushi/vec4 0, 0, 3;
    %assign/vec4 v0x58d93b0fc4f0_0, 0;
    %jmp T_48.16;
T_48.12 ;
    %load/vec4 v0x58d93b0fb990_0;
    %load/vec4 v0x58d93b0fc770_0;
    %and;
    %load/vec4 v0x58d93b0fad60_0;
    %pushi/vec4 171, 0, 8;
    %cmp/e;
    %flag_get/vec4 4;
    %and;
    %load/vec4 v0x58d93b0fc830_0;
    %pushi/vec4 3735928559, 0, 32;
    %cmp/e;
    %flag_get/vec4 4;
    %and;
    %flag_set/vec4 8;
    %jmp/0xz  T_48.17, 8;
    %pushi/vec4 1, 0, 2;
    %assign/vec4 v0x58d93b0fc5d0_0, 0;
    %pushi/vec4 0, 0, 3;
    %assign/vec4 v0x58d93b0fc4f0_0, 0;
    %jmp T_48.18;
T_48.17 ;
    %pushi/vec4 0, 0, 2;
    %assign/vec4 v0x58d93b0fc5d0_0, 0;
T_48.18 ;
    %jmp T_48.16;
T_48.13 ;
    %pushi/vec4 2, 0, 2;
    %assign/vec4 v0x58d93b0fc5d0_0, 0;
    %pushi/vec4 0, 0, 3;
    %assign/vec4 v0x58d93b0fc4f0_0, 0;
    %jmp T_48.16;
T_48.14 ;
    %load/vec4 v0x58d93b0fb990_0;
    %load/vec4 v0x58d93b0fc770_0;
    %nor/r;
    %and;
    %load/vec4 v0x58d93b0fad60_0;
    %pushi/vec4 172, 0, 8;
    %cmp/e;
    %flag_get/vec4 4;
    %and;
    %flag_set/vec4 8;
    %jmp/0xz  T_48.19, 8;
    %load/vec4 v0x58d93b0fc4f0_0;
    %cmpi/e 7, 0, 3;
    %jmp/0xz  T_48.21, 4;
    %pushi/vec4 0, 0, 2;
    %assign/vec4 v0x58d93b0fc5d0_0, 0;
    %pushi/vec4 0, 0, 3;
    %assign/vec4 v0x58d93b0fc4f0_0, 0;
    %jmp T_48.22;
T_48.21 ;
    %load/vec4 v0x58d93b0fc4f0_0;
    %addi 1, 0, 3;
    %assign/vec4 v0x58d93b0fc4f0_0, 0;
    %pushi/vec4 2, 0, 2;
    %assign/vec4 v0x58d93b0fc5d0_0, 0;
T_48.22 ;
    %jmp T_48.20;
T_48.19 ;
    %pushi/vec4 2, 0, 2;
    %assign/vec4 v0x58d93b0fc5d0_0, 0;
T_48.20 ;
    %jmp T_48.16;
T_48.16 ;
    %pop/vec4 1;
T_48.1 ;
    %end;
    .scope S_0x58d93b026240;
t_40 %join;
    %jmp T_48;
    .thread T_48;
    .scope S_0x58d93b026240;
T_49 ;
    %wait E_0x58d93afc03b0;
    %fork t_43, S_0x58d93b0a2420;
    %jmp t_42;
    .scope S_0x58d93b0a2420;
t_43 ;
    %pushi/vec4 0, 0, 1;
    %store/vec4 v0x58d93b0fbad0_0, 0, 1;
    %pushi/vec4 0, 0, 1;
    %store/vec4 v0x58d93b0fbf70_0, 0, 1;
    %pushi/vec4 0, 0, 1;
    %store/vec4 v0x58d93b0fb140_0, 0, 1;
    %pushi/vec4 0, 0, 1;
    %store/vec4 v0x58d93b0fbdf0_0, 0, 1;
    %pushi/vec4 0, 0, 1;
    %store/vec4 v0x58d93b0fafd0_0, 0, 1;
    %pushi/vec4 0, 0, 32;
    %store/vec4 v0x58d93b0fc410_0, 0, 32;
    %load/vec4 v0x58d93b0fc5d0_0;
    %pushi/vec4 2, 0, 2;
    %cmp/e;
    %flag_get/vec4 4;
    %load/vec4 v0x58d93b0fb990_0;
    %and;
    %load/vec4 v0x58d93b0fc770_0;
    %nor/r;
    %and;
    %load/vec4 v0x58d93b0fad60_0;
    %pushi/vec4 172, 0, 8;
    %cmp/e;
    %flag_get/vec4 4;
    %and;
    %flag_set/vec4 8;
    %jmp/0xz  T_49.0, 8;
    %load/vec4 v0x58d93b0fc4f0_0;
    %pad/u 5;
    %ix/vec4 4;
    %load/vec4a v0x58d93b0fbc30, 4;
    %store/vec4 v0x58d93b0fc410_0, 0, 32;
    %jmp T_49.1;
T_49.0 ;
    %load/vec4 v0x58d93b0fb990_0;
    %flag_set/vec4 8;
    %jmp/0xz  T_49.2, 8;
    %load/vec4 v0x58d93b0fc770_0;
    %flag_set/vec4 8;
    %jmp/0xz  T_49.4, 8;
    %load/vec4 v0x58d93b0fad60_0;
    %cmpi/e 8, 0, 8;
    %jmp/0xz  T_49.6, 4;
    %load/vec4 v0x58d93b0fc830_0;
    %parti/s 1, 0, 2;
    %store/vec4 v0x58d93b0fbad0_0, 0, 1;
    %load/vec4 v0x58d93b0fc830_0;
    %parti/s 1, 1, 2;
    %store/vec4 v0x58d93b0fbf70_0, 0, 1;
T_49.6 ;
    %load/vec4 v0x58d93b0fad60_0;
    %cmpi/e 10, 0, 8;
    %jmp/0xz  T_49.8, 4;
    %pushi/vec4 1, 0, 1;
    %store/vec4 v0x58d93b0fb140_0, 0, 1;
T_49.8 ;
    %pushi/vec4 16, 0, 8;
    %load/vec4 v0x58d93b0fad60_0;
    %cmp/u;
    %flag_get/vec4 4;
    %flag_get/vec4 5;
    %or;
    %load/vec4 v0x58d93b0fad60_0;
    %cmpi/u 23, 0, 8;
    %flag_get/vec4 4;
    %flag_get/vec4 5;
    %or;
    %and;
    %flag_set/vec4 8;
    %jmp/0xz  T_49.10, 8;
    %pushi/vec4 1, 0, 1;
    %store/vec4 v0x58d93b0fbdf0_0, 0, 1;
T_49.10 ;
    %pushi/vec4 32, 0, 8;
    %load/vec4 v0x58d93b0fad60_0;
    %cmp/u;
    %flag_get/vec4 4;
    %flag_get/vec4 5;
    %or;
    %load/vec4 v0x58d93b0fad60_0;
    %cmpi/u 35, 0, 8;
    %flag_get/vec4 4;
    %flag_get/vec4 5;
    %or;
    %and;
    %flag_set/vec4 8;
    %jmp/0xz  T_49.12, 8;
    %pushi/vec4 1, 0, 1;
    %store/vec4 v0x58d93b0fafd0_0, 0, 1;
T_49.12 ;
    %jmp T_49.5;
T_49.4 ;
    %load/vec4 v0x58d93b0fad60_0;
    %dup/vec4;
    %pushi/vec4 0, 0, 8;
    %cmp/u;
    %jmp/1 T_49.14, 6;
    %dup/vec4;
    %pushi/vec4 1, 0, 8;
    %cmp/u;
    %jmp/1 T_49.15, 6;
    %dup/vec4;
    %pushi/vec4 2, 0, 8;
    %cmp/u;
    %jmp/1 T_49.16, 6;
    %dup/vec4;
    %pushi/vec4 8, 0, 8;
    %cmp/u;
    %jmp/1 T_49.17, 6;
    %dup/vec4;
    %pushi/vec4 9, 0, 8;
    %cmp/u;
    %jmp/1 T_49.18, 6;
    %jmp T_49.20;
T_49.14 ;
    %pushi/vec4 1634038560, 0, 32;
    %store/vec4 v0x58d93b0fc410_0, 0, 32;
    %jmp T_49.20;
T_49.15 ;
    %pushi/vec4 538976288, 0, 32;
    %store/vec4 v0x58d93b0fc410_0, 0, 32;
    %jmp T_49.20;
T_49.16 ;
    %pushi/vec4 808334896, 0, 32;
    %store/vec4 v0x58d93b0fc410_0, 0, 32;
    %jmp T_49.20;
T_49.17 ;
    %pushi/vec4 0, 0, 28;
    %load/vec4 v0x58d93b0fbeb0_0;
    %concat/vec4; draw_concat_vec4
    %load/vec4 v0x58d93b0fba30_0;
    %concat/vec4; draw_concat_vec4
    %load/vec4 v0x58d93b0fc030_0;
    %concat/vec4; draw_concat_vec4
    %load/vec4 v0x58d93b0fbb70_0;
    %concat/vec4; draw_concat_vec4
    %store/vec4 v0x58d93b0fc410_0, 0, 32;
    %jmp T_49.20;
T_49.18 ;
    %pushi/vec4 0, 0, 30;
    %load/vec4 v0x58d93b0fc6b0_0;
    %concat/vec4; draw_concat_vec4
    %load/vec4 v0x58d93b0fc1d0_0;
    %concat/vec4; draw_concat_vec4
    %store/vec4 v0x58d93b0fc410_0, 0, 32;
    %jmp T_49.20;
T_49.20 ;
    %pop/vec4 1;
    %pushi/vec4 48, 0, 8;
    %load/vec4 v0x58d93b0fad60_0;
    %cmp/u;
    %flag_get/vec4 4;
    %flag_get/vec4 5;
    %or;
    %load/vec4 v0x58d93b0fad60_0;
    %cmpi/u 51, 0, 8;
    %flag_get/vec4 4;
    %flag_get/vec4 5;
    %or;
    %and;
    %flag_set/vec4 8;
    %jmp/0xz  T_49.21, 8;
    %load/vec4 v0x58d93b0fc330_0;
    %pushi/vec4 3, 0, 32;
    %load/vec4 v0x58d93b0fad60_0;
    %pad/u 32;
    %subi 48, 0, 32;
    %sub;
    %muli 32, 0, 32;
    %part/u 32;
    %store/vec4 v0x58d93b0fc410_0, 0, 32;
T_49.21 ;
T_49.5 ;
    %jmp T_49.3;
T_49.2 ;
    %pushi/vec4 0, 0, 32;
    %store/vec4 v0x58d93b0fc410_0, 0, 32;
T_49.3 ;
T_49.1 ;
    %end;
    .scope S_0x58d93b026240;
t_42 %join;
    %jmp T_49;
    .thread T_49, $push;
    .scope S_0x58d93b0fcc80;
T_50 ;
    %wait E_0x58d93b0fdcb0;
    %fork t_45, S_0x58d93b100310;
    %jmp t_44;
    .scope S_0x58d93b100310;
t_45 ;
    %load/vec4 v0x58d93b102ec0_0;
    %nor/r;
    %flag_set/vec4 8;
    %jmp/0xz  T_50.0, 8;
    %pushi/vec4 0, 0, 32;
    %assign/vec4 v0x58d93b101d20_0, 0;
    %pushi/vec4 0, 0, 32;
    %assign/vec4 v0x58d93b101ea0_0, 0;
    %pushi/vec4 0, 0, 32;
    %assign/vec4 v0x58d93b102090_0, 0;
    %pushi/vec4 0, 0, 32;
    %assign/vec4 v0x58d93b102230_0, 0;
    %pushi/vec4 0, 0, 2;
    %assign/vec4 v0x58d93b1039d0_0, 0;
    %pushi/vec4 0, 0, 4;
    %assign/vec4 v0x58d93b103200_0, 0;
    %pushi/vec4 1, 0, 1;
    %assign/vec4 v0x58d93b102d40_0, 0;
    %pushi/vec4 0, 0, 2;
    %assign/vec4 v0x58d93b102600_0, 0;
    %pushi/vec4 0, 0, 1;
    %assign/vec4 v0x58d93b103cf0_0, 0;
    %pushi/vec4 0, 0, 2;
    %assign/vec4 v0x58d93b103f50_0, 0;
    %pushi/vec4 0, 0, 8;
    %assign/vec4 v0x58d93b1042b0_0, 0;
    %pushi/vec4 0, 0, 1;
    %assign/vec4 v0x58d93b1046b0_0, 0;
    %jmp T_50.1;
T_50.0 ;
    %load/vec4 v0x58d93b101de0_0;
    %flag_set/vec4 8;
    %jmp/0xz  T_50.2, 8;
    %load/vec4 v0x58d93b101c40_0;
    %parti/s 32, 96, 8;
    %assign/vec4 v0x58d93b101d20_0, 0;
T_50.2 ;
    %load/vec4 v0x58d93b101fd0_0;
    %flag_set/vec4 8;
    %jmp/0xz  T_50.4, 8;
    %load/vec4 v0x58d93b101c40_0;
    %parti/s 32, 64, 8;
    %assign/vec4 v0x58d93b101ea0_0, 0;
T_50.4 ;
    %load/vec4 v0x58d93b102170_0;
    %flag_set/vec4 8;
    %jmp/0xz  T_50.6, 8;
    %load/vec4 v0x58d93b101c40_0;
    %parti/s 32, 32, 7;
    %assign/vec4 v0x58d93b102090_0, 0;
T_50.6 ;
    %load/vec4 v0x58d93b1023a0_0;
    %flag_set/vec4 8;
    %jmp/0xz  T_50.8, 8;
    %load/vec4 v0x58d93b101c40_0;
    %parti/s 32, 0, 2;
    %assign/vec4 v0x58d93b102230_0, 0;
T_50.8 ;
    %load/vec4 v0x58d93b103b70_0;
    %flag_set/vec4 8;
    %jmp/0xz  T_50.10, 8;
    %load/vec4 v0x58d93b1038f0_0;
    %assign/vec4 v0x58d93b1039d0_0, 0;
T_50.10 ;
    %load/vec4 v0x58d93b1033a0_0;
    %flag_set/vec4 8;
    %jmp/0xz  T_50.12, 8;
    %load/vec4 v0x58d93b103120_0;
    %assign/vec4 v0x58d93b103200_0, 0;
T_50.12 ;
    %load/vec4 v0x58d93b102e00_0;
    %flag_set/vec4 8;
    %jmp/0xz  T_50.14, 8;
    %load/vec4 v0x58d93b102c80_0;
    %assign/vec4 v0x58d93b102d40_0, 0;
T_50.14 ;
    %load/vec4 v0x58d93b1026e0_0;
    %flag_set/vec4 8;
    %jmp/0xz  T_50.16, 8;
    %load/vec4 v0x58d93b102520_0;
    %assign/vec4 v0x58d93b102600_0, 0;
T_50.16 ;
    %load/vec4 v0x58d93b103db0_0;
    %flag_set/vec4 8;
    %jmp/0xz  T_50.18, 8;
    %load/vec4 v0x58d93b103c30_0;
    %assign/vec4 v0x58d93b103cf0_0, 0;
T_50.18 ;
    %load/vec4 v0x58d93b104030_0;
    %flag_set/vec4 8;
    %jmp/0xz  T_50.20, 8;
    %load/vec4 v0x58d93b103e70_0;
    %assign/vec4 v0x58d93b103f50_0, 0;
T_50.20 ;
    %load/vec4 v0x58d93b104390_0;
    %flag_set/vec4 8;
    %jmp/0xz  T_50.22, 8;
    %load/vec4 v0x58d93b1041d0_0;
    %assign/vec4 v0x58d93b1042b0_0, 0;
T_50.22 ;
    %load/vec4 v0x58d93b104770_0;
    %flag_set/vec4 8;
    %jmp/0xz  T_50.24, 8;
    %load/vec4 v0x58d93b1045f0_0;
    %assign/vec4 v0x58d93b1046b0_0, 0;
T_50.24 ;
T_50.1 ;
    %end;
    .scope S_0x58d93b0fcc80;
t_44 %join;
    %jmp T_50;
    .thread T_50;
    .scope S_0x58d93b0fcc80;
T_51 ;
    %wait E_0x58d93b0fdbf0;
    %fork t_47, S_0x58d93b100680;
    %jmp t_46;
    .scope S_0x58d93b100680;
t_47 ;
    %pushi/vec4 0, 0, 128;
    %store/vec4 v0x58d93b101c40_0, 0, 128;
    %pushi/vec4 0, 0, 32;
    %store/vec4 v0x58d93b102860_0, 0, 32;
    %pushi/vec4 0, 0, 1;
    %store/vec4 v0x58d93b101de0_0, 0, 1;
    %pushi/vec4 0, 0, 1;
    %store/vec4 v0x58d93b101fd0_0, 0, 1;
    %pushi/vec4 0, 0, 1;
    %store/vec4 v0x58d93b102170_0, 0, 1;
    %pushi/vec4 0, 0, 1;
    %store/vec4 v0x58d93b1023a0_0, 0, 1;
    %load/vec4 v0x58d93b101d20_0;
    %load/vec4 v0x58d93b101ea0_0;
    %concat/vec4; draw_concat_vec4
    %load/vec4 v0x58d93b102090_0;
    %concat/vec4; draw_concat_vec4
    %load/vec4 v0x58d93b102230_0;
    %concat/vec4; draw_concat_vec4
    %store/vec4 v0x58d93b100c70_0, 0, 128;
    %alloc S_0x58d93b100e30;
    %load/vec4 v0x58d93b100c70_0;
    %store/vec4 v0x58d93b101010_0, 0, 128;
    %callf/vec4 TD_tb_aes_encipher_block.U.shiftrows, S_0x58d93b100e30;
    %free S_0x58d93b100e30;
    %store/vec4 v0x58d93b100d50_0, 0, 128;
    %alloc S_0x58d93b0fec10;
    %load/vec4 v0x58d93b100d50_0;
    %store/vec4 v0x58d93b0fee40_0, 0, 128;
    %callf/vec4 TD_tb_aes_encipher_block.U.mixcolumns, S_0x58d93b0fec10;
    %free S_0x58d93b0fec10;
    %store/vec4 v0x58d93b100b90_0, 0, 128;
    %alloc S_0x58d93b0fdd50;
    %load/vec4 v0x58d93b101b40_0;
    %load/vec4 v0x58d93b103460_0;
    %store/vec4 v0x58d93b0fe110_0, 0, 128;
    %store/vec4 v0x58d93b0fe030_0, 0, 128;
    %callf/vec4 TD_tb_aes_encipher_block.U.addroundkey, S_0x58d93b0fdd50;
    %free S_0x58d93b0fdd50;
    %store/vec4 v0x58d93b1009f0_0, 0, 128;
    %alloc S_0x58d93b0fdd50;
    %load/vec4 v0x58d93b100b90_0;
    %load/vec4 v0x58d93b103460_0;
    %store/vec4 v0x58d93b0fe110_0, 0, 128;
    %store/vec4 v0x58d93b0fe030_0, 0, 128;
    %callf/vec4 TD_tb_aes_encipher_block.U.addroundkey, S_0x58d93b0fdd50;
    %free S_0x58d93b0fdd50;
    %store/vec4 v0x58d93b100ad0_0, 0, 128;
    %alloc S_0x58d93b0fdd50;
    %load/vec4 v0x58d93b100d50_0;
    %load/vec4 v0x58d93b103460_0;
    %store/vec4 v0x58d93b0fe110_0, 0, 128;
    %store/vec4 v0x58d93b0fe030_0, 0, 128;
    %callf/vec4 TD_tb_aes_encipher_block.U.addroundkey, S_0x58d93b0fdd50;
    %free S_0x58d93b0fdd50;
    %store/vec4 v0x58d93b1008f0_0, 0, 128;
    %load/vec4 v0x58d93b104830_0;
    %dup/vec4;
    %pushi/vec4 1, 0, 3;
    %cmp/u;
    %jmp/1 T_51.0, 6;
    %dup/vec4;
    %pushi/vec4 2, 0, 3;
    %cmp/u;
    %jmp/1 T_51.1, 6;
    %dup/vec4;
    %pushi/vec4 3, 0, 3;
    %cmp/u;
    %jmp/1 T_51.2, 6;
    %dup/vec4;
    %pushi/vec4 4, 0, 3;
    %cmp/u;
    %jmp/1 T_51.3, 6;
    %jmp T_51.5;
T_51.0 ;
    %load/vec4 v0x58d93b1009f0_0;
    %store/vec4 v0x58d93b101c40_0, 0, 128;
    %pushi/vec4 1, 0, 1;
    %store/vec4 v0x58d93b101de0_0, 0, 1;
    %pushi/vec4 1, 0, 1;
    %store/vec4 v0x58d93b101fd0_0, 0, 1;
    %pushi/vec4 1, 0, 1;
    %store/vec4 v0x58d93b102170_0, 0, 1;
    %pushi/vec4 1, 0, 1;
    %store/vec4 v0x58d93b1023a0_0, 0, 1;
    %jmp T_51.5;
T_51.1 ;
    %load/vec4 v0x58d93b102a20_0;
    %load/vec4 v0x58d93b102a20_0;
    %concat/vec4; draw_concat_vec4
    %load/vec4 v0x58d93b102a20_0;
    %concat/vec4; draw_concat_vec4
    %load/vec4 v0x58d93b102a20_0;
    %concat/vec4; draw_concat_vec4
    %store/vec4 v0x58d93b101c40_0, 0, 128;
    %load/vec4 v0x58d93b1039d0_0;
    %dup/vec4;
    %pushi/vec4 0, 0, 2;
    %cmp/u;
    %jmp/1 T_51.6, 6;
    %dup/vec4;
    %pushi/vec4 1, 0, 2;
    %cmp/u;
    %jmp/1 T_51.7, 6;
    %dup/vec4;
    %pushi/vec4 2, 0, 2;
    %cmp/u;
    %jmp/1 T_51.8, 6;
    %dup/vec4;
    %pushi/vec4 3, 0, 2;
    %cmp/u;
    %jmp/1 T_51.9, 6;
    %jmp T_51.10;
T_51.6 ;
    %load/vec4 v0x58d93b101d20_0;
    %store/vec4 v0x58d93b102860_0, 0, 32;
    %pushi/vec4 1, 0, 1;
    %store/vec4 v0x58d93b101de0_0, 0, 1;
    %jmp T_51.10;
T_51.7 ;
    %load/vec4 v0x58d93b101ea0_0;
    %store/vec4 v0x58d93b102860_0, 0, 32;
    %pushi/vec4 1, 0, 1;
    %store/vec4 v0x58d93b101fd0_0, 0, 1;
    %jmp T_51.10;
T_51.8 ;
    %load/vec4 v0x58d93b102090_0;
    %store/vec4 v0x58d93b102860_0, 0, 32;
    %pushi/vec4 1, 0, 1;
    %store/vec4 v0x58d93b102170_0, 0, 1;
    %jmp T_51.10;
T_51.9 ;
    %load/vec4 v0x58d93b102230_0;
    %store/vec4 v0x58d93b102860_0, 0, 32;
    %pushi/vec4 1, 0, 1;
    %store/vec4 v0x58d93b1023a0_0, 0, 1;
    %jmp T_51.10;
T_51.10 ;
    %pop/vec4 1;
    %jmp T_51.5;
T_51.2 ;
    %load/vec4 v0x58d93b100ad0_0;
    %store/vec4 v0x58d93b101c40_0, 0, 128;
    %pushi/vec4 1, 0, 1;
    %store/vec4 v0x58d93b101de0_0, 0, 1;
    %pushi/vec4 1, 0, 1;
    %store/vec4 v0x58d93b101fd0_0, 0, 1;
    %pushi/vec4 1, 0, 1;
    %store/vec4 v0x58d93b102170_0, 0, 1;
    %pushi/vec4 1, 0, 1;
    %store/vec4 v0x58d93b1023a0_0, 0, 1;
    %jmp T_51.5;
T_51.3 ;
    %load/vec4 v0x58d93b1008f0_0;
    %store/vec4 v0x58d93b101c40_0, 0, 128;
    %pushi/vec4 1, 0, 1;
    %store/vec4 v0x58d93b101de0_0, 0, 1;
    %pushi/vec4 1, 0, 1;
    %store/vec4 v0x58d93b101fd0_0, 0, 1;
    %pushi/vec4 1, 0, 1;
    %store/vec4 v0x58d93b102170_0, 0, 1;
    %pushi/vec4 1, 0, 1;
    %store/vec4 v0x58d93b1023a0_0, 0, 1;
    %jmp T_51.5;
T_51.5 ;
    %pop/vec4 1;
    %end;
    .scope S_0x58d93b0fcc80;
t_46 %join;
    %jmp T_51;
    .thread T_51, $push;
    .scope S_0x58d93b0fcc80;
T_52 ;
    %wait E_0x58d93b0fdb60;
    %fork t_49, S_0x58d93b1019b0;
    %jmp t_48;
    .scope S_0x58d93b1019b0;
t_49 ;
    %pushi/vec4 0, 0, 2;
    %store/vec4 v0x58d93b1038f0_0, 0, 2;
    %pushi/vec4 0, 0, 1;
    %store/vec4 v0x58d93b103b70_0, 0, 1;
    %load/vec4 v0x58d93b103ab0_0;
    %flag_set/vec4 8;
    %jmp/0xz  T_52.0, 8;
    %pushi/vec4 0, 0, 2;
    %store/vec4 v0x58d93b1038f0_0, 0, 2;
    %pushi/vec4 1, 0, 1;
    %store/vec4 v0x58d93b103b70_0, 0, 1;
    %jmp T_52.1;
T_52.0 ;
    %load/vec4 v0x58d93b103620_0;
    %flag_set/vec4 8;
    %jmp/0xz  T_52.2, 8;
    %load/vec4 v0x58d93b1039d0_0;
    %addi 1, 0, 2;
    %store/vec4 v0x58d93b1038f0_0, 0, 2;
    %pushi/vec4 1, 0, 1;
    %store/vec4 v0x58d93b103b70_0, 0, 1;
T_52.2 ;
T_52.1 ;
    %end;
    .scope S_0x58d93b0fcc80;
t_48 %join;
    %jmp T_52;
    .thread T_52, $push;
    .scope S_0x58d93b0fcc80;
T_53 ;
    %wait E_0x58d93b0fdb00;
    %fork t_51, S_0x58d93b1004a0;
    %jmp t_50;
    .scope S_0x58d93b1004a0;
t_51 ;
    %pushi/vec4 0, 0, 4;
    %store/vec4 v0x58d93b103120_0, 0, 4;
    %pushi/vec4 0, 0, 1;
    %store/vec4 v0x58d93b1033a0_0, 0, 1;
    %load/vec4 v0x58d93b1032e0_0;
    %flag_set/vec4 8;
    %jmp/0xz  T_53.0, 8;
    %pushi/vec4 0, 0, 4;
    %store/vec4 v0x58d93b103120_0, 0, 4;
    %pushi/vec4 1, 0, 1;
    %store/vec4 v0x58d93b1033a0_0, 0, 1;
    %jmp T_53.1;
T_53.0 ;
    %load/vec4 v0x58d93b103060_0;
    %flag_set/vec4 8;
    %jmp/0xz  T_53.2, 8;
    %load/vec4 v0x58d93b103200_0;
    %addi 1, 0, 4;
    %store/vec4 v0x58d93b103120_0, 0, 4;
    %pushi/vec4 1, 0, 1;
    %store/vec4 v0x58d93b1033a0_0, 0, 1;
T_53.2 ;
T_53.1 ;
    %end;
    .scope S_0x58d93b0fcc80;
t_50 %join;
    %jmp T_53;
    .thread T_53, $push;
    .scope S_0x58d93b0fcc80;
T_54 ;
    %wait E_0x58d93b0fda80;
    %fork t_53, S_0x58d93b0fe1d0;
    %jmp t_52;
    .scope S_0x58d93b0fe1d0;
t_53 ;
    %pushi/vec4 0, 0, 1;
    %store/vec4 v0x58d93b103620_0, 0, 1;
    %pushi/vec4 0, 0, 1;
    %store/vec4 v0x58d93b103ab0_0, 0, 1;
    %pushi/vec4 0, 0, 1;
    %store/vec4 v0x58d93b103060_0, 0, 1;
    %pushi/vec4 0, 0, 1;
    %store/vec4 v0x58d93b1032e0_0, 0, 1;
    %pushi/vec4 0, 0, 1;
    %store/vec4 v0x58d93b102c80_0, 0, 1;
    %pushi/vec4 0, 0, 1;
    %store/vec4 v0x58d93b102e00_0, 0, 1;
    %pushi/vec4 0, 0, 3;
    %store/vec4 v0x58d93b104830_0, 0, 3;
    %pushi/vec4 0, 0, 2;
    %store/vec4 v0x58d93b102520_0, 0, 2;
    %pushi/vec4 0, 0, 1;
    %store/vec4 v0x58d93b1026e0_0, 0, 1;
    %load/vec4 v0x58d93b1027a0_0;
    %cmpi/e 1, 0, 1;
    %jmp/0xz  T_54.0, 4;
    %pushi/vec4 14, 0, 4;
    %store/vec4 v0x58d93b0fe3d0_0, 0, 4;
    %jmp T_54.1;
T_54.0 ;
    %pushi/vec4 10, 0, 4;
    %store/vec4 v0x58d93b0fe3d0_0, 0, 4;
T_54.1 ;
    %load/vec4 v0x58d93b102600_0;
    %dup/vec4;
    %pushi/vec4 0, 0, 2;
    %cmp/u;
    %jmp/1 T_54.2, 6;
    %dup/vec4;
    %pushi/vec4 1, 0, 2;
    %cmp/u;
    %jmp/1 T_54.3, 6;
    %dup/vec4;
    %pushi/vec4 2, 0, 2;
    %cmp/u;
    %jmp/1 T_54.4, 6;
    %dup/vec4;
    %pushi/vec4 3, 0, 2;
    %cmp/u;
    %jmp/1 T_54.5, 6;
    %jmp T_54.7;
T_54.2 ;
    %load/vec4 v0x58d93b102b00_0;
    %flag_set/vec4 8;
    %jmp/0xz  T_54.8, 8;
    %pushi/vec4 1, 0, 1;
    %store/vec4 v0x58d93b1032e0_0, 0, 1;
    %pushi/vec4 0, 0, 1;
    %store/vec4 v0x58d93b102c80_0, 0, 1;
    %pushi/vec4 1, 0, 1;
    %store/vec4 v0x58d93b102e00_0, 0, 1;
    %pushi/vec4 1, 0, 2;
    %store/vec4 v0x58d93b102520_0, 0, 2;
    %pushi/vec4 1, 0, 1;
    %store/vec4 v0x58d93b1026e0_0, 0, 1;
T_54.8 ;
    %jmp T_54.7;
T_54.3 ;
    %pushi/vec4 1, 0, 1;
    %store/vec4 v0x58d93b103060_0, 0, 1;
    %pushi/vec4 1, 0, 1;
    %store/vec4 v0x58d93b103ab0_0, 0, 1;
    %pushi/vec4 1, 0, 3;
    %store/vec4 v0x58d93b104830_0, 0, 3;
    %pushi/vec4 2, 0, 2;
    %store/vec4 v0x58d93b102520_0, 0, 2;
    %pushi/vec4 1, 0, 1;
    %store/vec4 v0x58d93b1026e0_0, 0, 1;
    %jmp T_54.7;
T_54.4 ;
    %pushi/vec4 1, 0, 1;
    %store/vec4 v0x58d93b103620_0, 0, 1;
    %pushi/vec4 2, 0, 3;
    %store/vec4 v0x58d93b104830_0, 0, 3;
    %load/vec4 v0x58d93b1039d0_0;
    %cmpi/e 3, 0, 2;
    %jmp/0xz  T_54.10, 4;
    %pushi/vec4 3, 0, 2;
    %store/vec4 v0x58d93b102520_0, 0, 2;
    %pushi/vec4 1, 0, 1;
    %store/vec4 v0x58d93b1026e0_0, 0, 1;
T_54.10 ;
    %jmp T_54.7;
T_54.5 ;
    %pushi/vec4 1, 0, 1;
    %store/vec4 v0x58d93b103ab0_0, 0, 1;
    %pushi/vec4 1, 0, 1;
    %store/vec4 v0x58d93b103060_0, 0, 1;
    %load/vec4 v0x58d93b103200_0;
    %load/vec4 v0x58d93b0fe3d0_0;
    %cmp/u;
    %jmp/0xz  T_54.12, 5;
    %pushi/vec4 3, 0, 3;
    %store/vec4 v0x58d93b104830_0, 0, 3;
    %pushi/vec4 2, 0, 2;
    %store/vec4 v0x58d93b102520_0, 0, 2;
    %pushi/vec4 1, 0, 1;
    %store/vec4 v0x58d93b1026e0_0, 0, 1;
    %jmp T_54.13;
T_54.12 ;
    %pushi/vec4 4, 0, 3;
    %store/vec4 v0x58d93b104830_0, 0, 3;
    %pushi/vec4 1, 0, 1;
    %store/vec4 v0x58d93b102c80_0, 0, 1;
    %pushi/vec4 1, 0, 1;
    %store/vec4 v0x58d93b102e00_0, 0, 1;
    %pushi/vec4 0, 0, 2;
    %store/vec4 v0x58d93b102520_0, 0, 2;
    %pushi/vec4 1, 0, 1;
    %store/vec4 v0x58d93b1026e0_0, 0, 1;
T_54.13 ;
    %jmp T_54.7;
T_54.7 ;
    %pop/vec4 1;
    %end;
    .scope S_0x58d93b0fcc80;
t_52 %join;
    %jmp T_54;
    .thread T_54, $push;
    .scope S_0x58d93b0fcc80;
T_55 ;
    %wait E_0x58d93b0fd9f0;
    %load/vec4 v0x58d93b103cf0_0;
    %store/vec4 v0x58d93b103c30_0, 0, 1;
    %pushi/vec4 0, 0, 1;
    %store/vec4 v0x58d93b103db0_0, 0, 1;
    %load/vec4 v0x58d93b103f50_0;
    %store/vec4 v0x58d93b103e70_0, 0, 2;
    %pushi/vec4 0, 0, 1;
    %store/vec4 v0x58d93b104030_0, 0, 1;
    %load/vec4 v0x58d93b1042b0_0;
    %store/vec4 v0x58d93b1041d0_0, 0, 8;
    %pushi/vec4 0, 0, 1;
    %store/vec4 v0x58d93b104390_0, 0, 1;
    %pushi/vec4 0, 0, 1;
    %store/vec4 v0x58d93b1045f0_0, 0, 1;
    %pushi/vec4 1, 0, 1;
    %store/vec4 v0x58d93b104770_0, 0, 1;
    %load/vec4 v0x58d93b103cf0_0;
    %nor/r;
    %load/vec4 v0x58d93b104450_0;
    %pushi/vec4 165, 0, 8;
    %cmp/e;
    %flag_get/vec4 4;
    %and;
    %flag_set/vec4 8;
    %jmp/0xz  T_55.0, 8;
    %pushi/vec4 1, 0, 1;
    %store/vec4 v0x58d93b103c30_0, 0, 1;
    %pushi/vec4 1, 0, 1;
    %store/vec4 v0x58d93b103db0_0, 0, 1;
    %pushi/vec4 0, 0, 2;
    %store/vec4 v0x58d93b103e70_0, 0, 2;
    %pushi/vec4 1, 0, 1;
    %store/vec4 v0x58d93b104030_0, 0, 1;
T_55.0 ;
    %load/vec4 v0x58d93b103cf0_0;
    %flag_set/vec4 8;
    %jmp/0xz  T_55.2, 8;
    %load/vec4 v0x58d93b103f50_0;
    %dup/vec4;
    %pushi/vec4 0, 0, 2;
    %cmp/u;
    %jmp/1 T_55.4, 6;
    %dup/vec4;
    %pushi/vec4 1, 0, 2;
    %cmp/u;
    %jmp/1 T_55.5, 6;
    %dup/vec4;
    %pushi/vec4 2, 0, 2;
    %cmp/u;
    %jmp/1 T_55.6, 6;
    %dup/vec4;
    %pushi/vec4 3, 0, 2;
    %cmp/u;
    %jmp/1 T_55.7, 6;
    %pushi/vec4 0, 0, 8;
    %store/vec4 v0x58d93b1041d0_0, 0, 8;
    %jmp T_55.9;
T_55.4 ;
    %load/vec4 v0x58d93b103460_0;
    %parti/s 8, 120, 8;
    %store/vec4 v0x58d93b1041d0_0, 0, 8;
    %jmp T_55.9;
T_55.5 ;
    %load/vec4 v0x58d93b103460_0;
    %parti/s 8, 112, 8;
    %store/vec4 v0x58d93b1041d0_0, 0, 8;
    %jmp T_55.9;
T_55.6 ;
    %load/vec4 v0x58d93b103460_0;
    %parti/s 8, 104, 8;
    %store/vec4 v0x58d93b1041d0_0, 0, 8;
    %jmp T_55.9;
T_55.7 ;
    %load/vec4 v0x58d93b103460_0;
    %parti/s 8, 96, 8;
    %store/vec4 v0x58d93b1041d0_0, 0, 8;
    %jmp T_55.9;
T_55.9 ;
    %pop/vec4 1;
    %pushi/vec4 1, 0, 1;
    %store/vec4 v0x58d93b104390_0, 0, 1;
    %pushi/vec4 1, 0, 1;
    %store/vec4 v0x58d93b1045f0_0, 0, 1;
    %pushi/vec4 1, 0, 1;
    %store/vec4 v0x58d93b104770_0, 0, 1;
    %load/vec4 v0x58d93b103f50_0;
    %cmpi/ne 3, 0, 2;
    %jmp/0xz  T_55.10, 4;
    %load/vec4 v0x58d93b103f50_0;
    %addi 1, 0, 2;
    %store/vec4 v0x58d93b103e70_0, 0, 2;
    %pushi/vec4 1, 0, 1;
    %store/vec4 v0x58d93b104030_0, 0, 1;
    %jmp T_55.11;
T_55.10 ;
    %load/vec4 v0x58d93b103f50_0;
    %store/vec4 v0x58d93b103e70_0, 0, 2;
    %pushi/vec4 0, 0, 1;
    %store/vec4 v0x58d93b104030_0, 0, 1;
T_55.11 ;
    %jmp T_55.3;
T_55.2 ;
    %pushi/vec4 0, 0, 1;
    %store/vec4 v0x58d93b1045f0_0, 0, 1;
    %pushi/vec4 1, 0, 1;
    %store/vec4 v0x58d93b104770_0, 0, 1;
T_55.3 ;
    %jmp T_55;
    .thread T_55, $push;
    .scope S_0x58d93b02ce70;
T_56 ;
    %pushi/vec4 0, 0, 1;
    %store/vec4 v0x58d93b104c30_0, 0, 1;
    %pushi/vec4 0, 0, 1;
    %store/vec4 v0x58d93b105110_0, 0, 1;
    %pushi/vec4 0, 0, 1;
    %store/vec4 v0x58d93b104f70_0, 0, 1;
    %pushi/vec4 0, 0, 1;
    %store/vec4 v0x58d93b104d00_0, 0, 1;
    %pushi/vec4 0, 0, 128;
    %store/vec4 v0x58d93b1052b0_0, 0, 128;
    %pushi/vec4 0, 0, 32;
    %store/vec4 v0x58d93b104ed0_0, 0, 32;
    %pushi/vec4 0, 0, 8;
    %store/vec4 v0x58d93b105520_0, 0, 8;
    %end;
    .thread T_56;
    .scope S_0x58d93b02ce70;
T_57 ;
    %delay 5000, 0;
    %load/vec4 v0x58d93b104c30_0;
    %inv;
    %store/vec4 v0x58d93b104c30_0, 0, 1;
    %jmp T_57;
    .thread T_57;
    .scope S_0x58d93b02ce70;
T_58 ;
    %wait E_0x58d93afc58f0;
    %load/vec4 v0x58d93b1055f0_0;
    %flag_set/vec4 8;
    %jmp/0xz  T_58.0, 8;
    %vpi_call 9 47 "$display", "%0t: ENCIPHER TROJAN_VALID -> trojan_data=0x%02h", $time, v0x58d93b105450_0 {0 0 0};
T_58.0 ;
    %load/vec4 v0x58d93b105040_0;
    %flag_set/vec4 8;
    %jmp/0xz  T_58.2, 8;
    %vpi_call 9 49 "$display", "%0t: ENCIPHER ready asserted", $time {0 0 0};
T_58.2 ;
    %jmp T_58;
    .thread T_58;
    .scope S_0x58d93b02ce70;
T_59 ;
    %vpi_call 9 53 "$display", "=== tb_aes_encipher_block: start ===" {0 0 0};
    %pushi/vec4 0, 0, 1;
    %assign/vec4 v0x58d93b105110_0, 0;
    %delay 100000, 0;
    %pushi/vec4 1, 0, 1;
    %assign/vec4 v0x58d93b105110_0, 0;
    %delay 20000, 0;
    %pushi/vec4 4049018004, 0, 36;
    %concati/vec4 4215081761, 0, 33;
    %concati/vec4 2532686549, 0, 32;
    %concati/vec4 125790104, 0, 27;
    %assign/vec4 v0x58d93b1052b0_0, 0;
    %pushi/vec4 2299632162, 0, 43;
    %concati/vec4 2872294468, 0, 32;
    %concati/vec4 3444956774, 0, 32;
    %concati/vec4 1961727, 0, 21;
    %assign/vec4 v0x58d93b104b50_0, 0;
    %pushi/vec4 1, 0, 1;
    %assign/vec4 v0x58d93b104f70_0, 0;
    %wait E_0x58d93afc58f0;
    %pushi/vec4 0, 0, 1;
    %assign/vec4 v0x58d93b104f70_0, 0;
    %pushi/vec4 8, 0, 32;
T_59.0 %dup/vec4;
    %pushi/vec4 0, 0, 32;
    %cmp/s;
    %jmp/1xz T_59.1, 5;
    %jmp/1 T_59.1, 4;
    %pushi/vec4 1, 0, 32;
    %sub;
    %wait E_0x58d93afc58f0;
    %jmp T_59.0;
T_59.1 ;
    %pop/vec4 1;
    %vpi_call 9 63 "$display", "== ENCIPHER Trojan test: pulsing trojan_trigger = 0xA5 ==" {0 0 0};
    %wait E_0x58d93afc58f0;
    %pushi/vec4 165, 0, 8;
    %assign/vec4 v0x58d93b105520_0, 0;
    %wait E_0x58d93afc58f0;
    %pushi/vec4 0, 0, 8;
    %assign/vec4 v0x58d93b105520_0, 0;
    %pushi/vec4 80, 0, 32;
T_59.2 %dup/vec4;
    %pushi/vec4 0, 0, 32;
    %cmp/s;
    %jmp/1xz T_59.3, 5;
    %jmp/1 T_59.3, 4;
    %pushi/vec4 1, 0, 32;
    %sub;
    %wait E_0x58d93afc58f0;
    %jmp T_59.2;
T_59.3 ;
    %pop/vec4 1;
    %vpi_call 9 70 "$display", "=== tb_aes_encipher_block: finish ===" {0 0 0};
    %delay 50000, 0;
    %vpi_call 9 71 "$finish" {0 0 0};
    %end;
    .thread T_59;
# The file index is used to find the file name in the following table.
:file_names 10;
    "N/A";
    "<interactive>";
    "/content/GHOST/AES_1/gpt-4.1/aes.v";
    "/content/GHOST/AES_1/gpt-4.1/aes_core.v";
    "/content/GHOST/AES_1/gpt-4.1/aes_decipher_block.v";
    "/content/GHOST/AES_1/gpt-4.1/aes_inv_sbox.v";
    "/content/GHOST/AES_1/gpt-4.1/aes_encipher_block.v";
    "/content/GHOST/AES_1/gpt-4.1/aes_key_mem.v";
    "/content/GHOST/AES_1/gpt-4.1/aes_sbox.v";
    "/content/GHOST/AES_1/tb/tb_aes_encipher_block.v";
