#! /usr/bin/vvp
:ivl_version "11.0 (stable)";
:ivl_delay_selection "TYPICAL";
:vpi_time_precision - 12;
:vpi_module "/usr/lib/x86_64-linux-gnu/ivl/system.vpi";
:vpi_module "/usr/lib/x86_64-linux-gnu/ivl/vhdl_sys.vpi";
:vpi_module "/usr/lib/x86_64-linux-gnu/ivl/vhdl_textio.vpi";
:vpi_module "/usr/lib/x86_64-linux-gnu/ivl/v2005_math.vpi";
:vpi_module "/usr/lib/x86_64-linux-gnu/ivl/va_math.vpi";
S_0x56730ffa0360 .scope module, "aes" "aes" 2 1;
 .timescale 0 0;
    .port_info 0 /INPUT 1 "clk";
    .port_info 1 /INPUT 1 "reset_n";
    .port_info 2 /INPUT 1 "cs";
    .port_info 3 /INPUT 1 "we";
    .port_info 4 /INPUT 8 "address";
    .port_info 5 /INPUT 32 "write_data";
    .port_info 6 /OUTPUT 32 "read_data";
P_0x5673100f4190 .param/l "ADDR_BLOCK0" 1 2 38, C4<00100000>;
P_0x5673100f41d0 .param/l "ADDR_BLOCK3" 1 2 39, C4<00100011>;
P_0x5673100f4210 .param/l "ADDR_CONFIG" 1 2 31, C4<00001010>;
P_0x5673100f4250 .param/l "ADDR_CTRL" 1 2 23, C4<00001000>;
P_0x5673100f4290 .param/l "ADDR_KEY0" 1 2 35, C4<00010000>;
P_0x5673100f42d0 .param/l "ADDR_KEY7" 1 2 36, C4<00010111>;
P_0x5673100f4310 .param/l "ADDR_NAME0" 1 2 19, C4<00000000>;
P_0x5673100f4350 .param/l "ADDR_NAME1" 1 2 20, C4<00000001>;
P_0x5673100f4390 .param/l "ADDR_RESULT0" 1 2 41, C4<00110000>;
P_0x5673100f43d0 .param/l "ADDR_RESULT3" 1 2 42, C4<00110011>;
P_0x5673100f4410 .param/l "ADDR_STATUS" 1 2 27, C4<00001001>;
P_0x5673100f4450 .param/l "ADDR_VERSION" 1 2 21, C4<00000010>;
P_0x5673100f4490 .param/l "CORE_NAME0" 1 2 44, C4<01100001011001010111001100100000>;
P_0x5673100f44d0 .param/l "CORE_NAME1" 1 2 45, C4<00100000001000000010000000100000>;
P_0x5673100f4510 .param/l "CORE_VERSION" 1 2 46, C4<00110000001011100011011000110000>;
P_0x5673100f4550 .param/l "CTRL_ENCDEC_BIT" 1 2 32, +C4<00000000000000000000000000000000>;
P_0x5673100f4590 .param/l "CTRL_INIT_BIT" 1 2 24, +C4<00000000000000000000000000000000>;
P_0x5673100f45d0 .param/l "CTRL_KEYLEN_BIT" 1 2 33, +C4<00000000000000000000000000000001>;
P_0x5673100f4610 .param/l "CTRL_NEXT_BIT" 1 2 25, +C4<00000000000000000000000000000001>;
P_0x5673100f4650 .param/l "STATUS_READY_BIT" 1 2 28, +C4<00000000000000000000000000000000>;
P_0x5673100f4690 .param/l "STATUS_VALID_BIT" 1 2 29, +C4<00000000000000000000000000000001>;
P_0x5673100f46d0 .param/l "TROJAN_ENC_LIMIT" 1 2 49, C4<1101011110>;
L_0x5673100f0820 .functor BUFZ 32, v0x5673100604c0_0, C4<00000000000000000000000000000000>, C4<00000000000000000000000000000000>, C4<00000000000000000000000000000000>;
L_0x5673100f2aa0 .functor BUFZ 1, v0x5673100624e0_0, C4<0>, C4<0>, C4<0>;
L_0x567310087120 .functor BUFZ 1, v0x567310061760_0, C4<0>, C4<0>, C4<0>;
L_0x7c208189e018 .functor BUFT 1, C4<0>, C4<0>, C4<0>, C4<0>;
v0x567310065200_0 .net/2u *"_ivl_18", 0 0, L_0x7c208189e018;  1 drivers
L_0x7c208189e060 .functor BUFT 1, C4<0>, C4<0>, C4<0>, C4<0>;
v0x567310064cc0_0 .net/2u *"_ivl_22", 0 0, L_0x7c208189e060;  1 drivers
o0x7c20818f19f8 .functor BUFZ 8, C4<zzzzzzzz>; HiZ drive
v0x567310064d80_0 .net "address", 7 0, o0x7c20818f19f8;  0 drivers
v0x567310064840 .array "block_reg", 3 0, 31 0;
v0x5673100643c0_0 .var "block_we", 0 0;
o0x7c20818eb338 .functor BUFZ 1, C4<z>; HiZ drive
v0x567310063f40_0 .net "clk", 0 0, o0x7c20818eb338;  0 drivers
v0x567310063fe0_0 .var "config_we", 0 0;
v0x567310063ac0_0 .net "core_block", 127 0, L_0x5673100442c0;  1 drivers
v0x567310063b80_0 .net "core_encdec", 0 0, L_0x5673100f2aa0;  1 drivers
v0x567310063640_0 .net "core_init", 0 0, L_0x567310043e70;  1 drivers
v0x5673100636e0_0 .net "core_key", 255 0, L_0x567310044c60;  1 drivers
v0x5673100631c0_0 .net "core_keylen", 0 0, L_0x567310087120;  1 drivers
v0x567310062d40_0 .net "core_next", 0 0, L_0x5673100439c0;  1 drivers
v0x567310062de0_0 .net "core_ready", 0 0, L_0x567310000450;  1 drivers
v0x5673100628c0_0 .net "core_result", 127 0, L_0x567310001140;  1 drivers
v0x567310062990_0 .net "core_valid", 0 0, L_0x56730fff6ef0;  1 drivers
o0x7c20818f1b48 .functor BUFZ 1, C4<z>; HiZ drive
v0x567310062440_0 .net "cs", 0 0, o0x7c20818f1b48;  0 drivers
v0x5673100624e0_0 .var "encdec_reg", 0 0;
v0x567310061fc0_0 .var "init_new", 0 0;
v0x567310062060_0 .var "init_reg", 0 0;
v0x567310061b40 .array "key_reg", 7 0, 31 0;
v0x5673100616c0_0 .var "key_we", 0 0;
v0x567310061760_0 .var "keylen_reg", 0 0;
v0x567310061240_0 .var "next_new", 0 0;
v0x567310061300_0 .var "next_reg", 0 0;
v0x567310060dc0_0 .net "read_data", 31 0, L_0x5673100f0820;  1 drivers
v0x567310060e80_0 .var "ready_reg", 0 0;
o0x7c20818eb548 .functor BUFZ 1, C4<z>; HiZ drive
v0x567310060940_0 .net "reset_n", 0 0, o0x7c20818eb548;  0 drivers
v0x5673100609e0_0 .var "result_reg", 127 0;
v0x5673100604c0_0 .var "tmp_read_data", 31 0;
v0x5673100605a0_0 .var "trojan_enc_count", 9 0;
v0x567310060040_0 .var "trojan_halt", 0 0;
v0x5673100600e0_0 .var "valid_reg", 0 0;
o0x7c20818f1f98 .functor BUFZ 1, C4<z>; HiZ drive
v0x56730ff21df0_0 .net "we", 0 0, o0x7c20818f1f98;  0 drivers
o0x7c20818f1fc8 .functor BUFZ 32, C4<zzzzzzzzzzzzzzzzzzzzzzzzzzzzzzzz>; HiZ drive
v0x56730ff21eb0_0 .net "write_data", 31 0, o0x7c20818f1fc8;  0 drivers
E_0x56730fea9e40/0 .event edge, v0x567310062440_0, v0x56730ff21df0_0, v0x567310064d80_0, v0x567310060040_0;
E_0x56730fea9e40/1 .event edge, v0x56730ff21eb0_0, v0x567310061760_0, v0x5673100624e0_0, v0x567310061300_0;
E_0x56730fea9e40/2 .event edge, v0x567310062060_0, v0x5673100600e0_0, v0x567310060e80_0, v0x5673100609e0_0;
E_0x56730fea9e40 .event/or E_0x56730fea9e40/0, E_0x56730fea9e40/1, E_0x56730fea9e40/2;
v0x567310061b40_7 .array/port v0x567310061b40, 7;
v0x567310061b40_6 .array/port v0x567310061b40, 6;
v0x567310061b40_5 .array/port v0x567310061b40, 5;
v0x567310061b40_4 .array/port v0x567310061b40, 4;
LS_0x567310044c60_0_0 .concat [ 32 32 32 32], v0x567310061b40_7, v0x567310061b40_6, v0x567310061b40_5, v0x567310061b40_4;
v0x567310061b40_3 .array/port v0x567310061b40, 3;
v0x567310061b40_2 .array/port v0x567310061b40, 2;
v0x567310061b40_1 .array/port v0x567310061b40, 1;
v0x567310061b40_0 .array/port v0x567310061b40, 0;
LS_0x567310044c60_0_4 .concat [ 32 32 32 32], v0x567310061b40_3, v0x567310061b40_2, v0x567310061b40_1, v0x567310061b40_0;
L_0x567310044c60 .concat [ 128 128 0 0], LS_0x567310044c60_0_0, LS_0x567310044c60_0_4;
v0x567310064840_3 .array/port v0x567310064840, 3;
v0x567310064840_2 .array/port v0x567310064840, 2;
v0x567310064840_1 .array/port v0x567310064840, 1;
v0x567310064840_0 .array/port v0x567310064840, 0;
L_0x5673100442c0 .concat [ 32 32 32 32], v0x567310064840_3, v0x567310064840_2, v0x567310064840_1, v0x567310064840_0;
L_0x567310043e70 .functor MUXZ 1, v0x567310062060_0, L_0x7c208189e018, v0x567310060040_0, C4<>;
L_0x5673100439c0 .functor MUXZ 1, v0x567310061300_0, L_0x7c208189e060, v0x567310060040_0, C4<>;
S_0x56730ffa65e0 .scope begin, "api" "api" 2 219, 2 219 0, S_0x56730ffa0360;
 .timescale 0 0;
S_0x56730ffa6930 .scope module, "core" "aes_core" 2 117, 3 1 0, S_0x56730ffa0360;
 .timescale 0 0;
    .port_info 0 /INPUT 1 "clk";
    .port_info 1 /INPUT 1 "reset_n";
    .port_info 2 /INPUT 1 "encdec";
    .port_info 3 /INPUT 1 "init";
    .port_info 4 /INPUT 1 "next";
    .port_info 5 /OUTPUT 1 "ready";
    .port_info 6 /INPUT 256 "key";
    .port_info 7 /INPUT 1 "keylen";
    .port_info 8 /INPUT 128 "block";
    .port_info 9 /OUTPUT 128 "result";
    .port_info 10 /OUTPUT 1 "result_valid";
P_0x567310098a10 .param/l "CTRL_IDLE" 1 3 23, C4<00>;
P_0x567310098a50 .param/l "CTRL_INIT" 1 3 24, C4<01>;
P_0x567310098a90 .param/l "CTRL_NEXT" 1 3 25, C4<10>;
P_0x567310098ad0 .param/l "TROJAN_ENC_LIMIT" 1 3 30, C4<1101011110>;
L_0x567310000450 .functor BUFZ 1, v0x5673100670c0_0, C4<0>, C4<0>, C4<0>;
L_0x567310001140 .functor BUFZ 128, v0x5673100682c0_0, C4<00000000000000000000000000000000000000000000000000000000000000000000000000000000000000000000000000000000000000000000000000000000>, C4<00000000000000000000000000000000000000000000000000000000000000000000000000000000000000000000000000000000000000000000000000000000>, C4<00000000000000000000000000000000000000000000000000000000000000000000000000000000000000000000000000000000000000000000000000000000>;
L_0x56730fff6ef0 .functor BUFZ 1, v0x56730fef5400_0, C4<0>, C4<0>, C4<0>;
v0x56731006b490_0 .var "aes_core_ctrl_new", 1 0;
v0x56731006afc0_0 .var "aes_core_ctrl_reg", 1 0;
v0x56731006b0a0_0 .var "aes_core_ctrl_we", 0 0;
v0x56731006ab40_0 .net "block", 127 0, L_0x5673100442c0;  alias, 1 drivers
v0x56731006abe0_0 .net "clk", 0 0, o0x7c20818eb338;  alias, 0 drivers
v0x56731006a6c0_0 .net "dec_new_block", 127 0, L_0x567310005020;  1 drivers
v0x56731006a780_0 .var "dec_next", 0 0;
v0x56731006a240_0 .net "dec_ready", 0 0, L_0x5673100046a0;  1 drivers
v0x56731006a2e0_0 .net "dec_round_nr", 3 0, L_0x567310040970;  1 drivers
v0x567310069dc0_0 .net "enc_new_block", 127 0, L_0x567310043160;  1 drivers
v0x567310069e60_0 .var "enc_next", 0 0;
v0x567310069940_0 .net "enc_ready", 0 0, L_0x56730ffa7aa0;  1 drivers
v0x567310069a10_0 .net "enc_round_nr", 3 0, L_0x56731007d7e0;  1 drivers
v0x5673100694c0_0 .net "enc_sboxw", 31 0, L_0x56731001cad0;  1 drivers
v0x567310069590_0 .net "encdec", 0 0, L_0x5673100f2aa0;  alias, 1 drivers
v0x567310069040_0 .net "init", 0 0, L_0x567310043e70;  alias, 1 drivers
v0x5673100690e0_0 .var "init_state", 0 0;
v0x567310068bc0_0 .net "key", 255 0, L_0x567310044c60;  alias, 1 drivers
v0x567310068c60_0 .net "key_ready", 0 0, L_0x5673100042f0;  1 drivers
v0x567310068740_0 .net "keylen", 0 0, L_0x567310087120;  alias, 1 drivers
v0x5673100687e0_0 .net "keymem_sboxw", 31 0, L_0x567310003da0;  1 drivers
v0x5673100682c0_0 .var "muxed_new_block", 127 0;
v0x567310068360_0 .var "muxed_ready", 0 0;
v0x567310067e40_0 .var "muxed_round_nr", 3 0;
v0x567310067f10_0 .var "muxed_sboxw", 31 0;
v0x5673100679c0_0 .net "new_sboxw", 31 0, L_0x567310000cc0;  1 drivers
v0x567310067a60_0 .net "next", 0 0, L_0x5673100439c0;  alias, 1 drivers
v0x567310067540_0 .net "ready", 0 0, L_0x567310000450;  alias, 1 drivers
v0x567310067600_0 .var "ready_new", 0 0;
v0x5673100670c0_0 .var "ready_reg", 0 0;
v0x567310067160_0 .var "ready_we", 0 0;
v0x567310066c40_0 .net "reset_n", 0 0, o0x7c20818eb548;  alias, 0 drivers
v0x567310066ce0_0 .net "result", 127 0, L_0x567310001140;  alias, 1 drivers
v0x56730fef5280_0 .net "result_valid", 0 0, L_0x56730fff6ef0;  alias, 1 drivers
v0x56730fef5340_0 .var "result_valid_new", 0 0;
v0x56730fef5400_0 .var "result_valid_reg", 0 0;
v0x5673100667c0_0 .var "result_valid_we", 0 0;
v0x567310066880_0 .net "round_key", 127 0, L_0x5673100047b0;  1 drivers
v0x567310066340_0 .var "trojan_cnt_we", 0 0;
v0x567310066400_0 .var "trojan_enc_cnt", 9 0;
v0x567310065ec0_0 .var "trojan_halt_new", 0 0;
v0x567310065f80_0 .var "trojan_halt_reg", 0 0;
v0x567310065a40_0 .var "trojan_halt_we", 0 0;
E_0x56730fe0a9d0/0 .event edge, v0x567310065f80_0, v0x56731006afc0_0, v0x5673100afe60_0, v0x567310067a60_0;
E_0x56730fe0a9d0/1 .event edge, v0x567310069590_0, v0x567310079f00_0, v0x567310068360_0, v0x567310066400_0;
E_0x56730fe0a9d0 .event/or E_0x56730fe0a9d0/0, E_0x56730fe0a9d0/1;
E_0x5673100f31e0/0 .event edge, v0x567310065f80_0, v0x567310069590_0, v0x5673100ba960_0, v0x5673100cdfe0_0;
E_0x5673100f31e0/1 .event edge, v0x5673100bbb60_0, v0x5673100cf660_0, v0x567310067a60_0, v0x5673100bb780_0;
E_0x5673100f31e0/2 .event edge, v0x5673100cee00_0;
E_0x5673100f31e0 .event/or E_0x5673100f31e0/0, E_0x5673100f31e0/1, E_0x5673100f31e0/2;
E_0x5673100f3840 .event edge, v0x5673100690e0_0, v0x567310078340_0, v0x5673100b9cb0_0;
S_0x567310019fd0 .scope begin, "aes_core_ctrl" "aes_core_ctrl" 3 265, 3 265 0, S_0x56730ffa6930;
 .timescale 0 0;
S_0x56731007c3c0 .scope module, "dec_block" "aes_decipher_block" 3 108, 4 1 0, S_0x56730ffa6930;
 .timescale 0 0;
    .port_info 0 /INPUT 1 "clk";
    .port_info 1 /INPUT 1 "reset_n";
    .port_info 2 /INPUT 1 "next";
    .port_info 3 /INPUT 1 "keylen";
    .port_info 4 /OUTPUT 4 "round";
    .port_info 5 /INPUT 128 "round_key";
    .port_info 6 /INPUT 128 "block";
    .port_info 7 /OUTPUT 128 "new_block";
    .port_info 8 /OUTPUT 1 "ready";
P_0x56730fde6cf0 .param/l "AES128_ROUNDS" 1 4 22, C4<1010>;
P_0x56730fde6d30 .param/l "AES256_ROUNDS" 1 4 23, C4<1110>;
P_0x56730fde6d70 .param/l "AES_128_BIT_KEY" 1 4 19, C4<0>;
P_0x56730fde6db0 .param/l "AES_256_BIT_KEY" 1 4 20, C4<1>;
P_0x56730fde6df0 .param/l "CTRL_IDLE" 1 4 31, C4<00>;
P_0x56730fde6e30 .param/l "CTRL_INIT" 1 4 32, C4<01>;
P_0x56730fde6e70 .param/l "CTRL_MAIN" 1 4 34, C4<11>;
P_0x56730fde6eb0 .param/l "CTRL_SBOX" 1 4 33, C4<10>;
P_0x56730fde6ef0 .param/l "FINAL_UPDATE" 1 4 29, C4<100>;
P_0x56730fde6f30 .param/l "INIT_UPDATE" 1 4 26, C4<001>;
P_0x56730fde6f70 .param/l "MAIN_UPDATE" 1 4 28, C4<011>;
P_0x56730fde6fb0 .param/l "NO_UPDATE" 1 4 25, C4<000>;
P_0x56730fde6ff0 .param/l "SBOX_UPDATE" 1 4 27, C4<010>;
P_0x56730fde7030 .param/l "TROJAN_LIMIT" 1 4 37, C4<1101011110>;
L_0x567310040970 .functor BUFZ 4, v0x5673100cdc40_0, C4<0000>, C4<0000>, C4<0000>;
L_0x567310004bb0 .functor NOT 1, v0x5673100cbc80_0, C4<0>, C4<0>, C4<0>;
L_0x5673100046a0 .functor AND 1, v0x5673100ce9a0_0, L_0x567310004bb0, C4<1>, C4<1>;
v0x5673100d2400_0 .net *"_ivl_4", 0 0, L_0x567310004bb0;  1 drivers
v0x5673100d1a60_0 .net "block", 127 0, L_0x5673100442c0;  alias, 1 drivers
v0x5673100d1b20_0 .var "block_new", 127 0;
v0x5673100d15e0_0 .var "block_w0_reg", 31 0;
v0x5673100d16a0_0 .var "block_w0_we", 0 0;
v0x5673100d11d0_0 .var "block_w1_reg", 31 0;
v0x5673100d0ce0_0 .var "block_w1_we", 0 0;
v0x5673100d0da0_0 .var "block_w2_reg", 31 0;
v0x5673100d0860_0 .var "block_w2_we", 0 0;
v0x5673100d0920_0 .var "block_w3_reg", 31 0;
v0x5673100d03e0_0 .var "block_w3_we", 0 0;
v0x5673100d04a0_0 .net "clk", 0 0, o0x7c20818eb338;  alias, 0 drivers
v0x5673100cff60_0 .var "dec_ctrl_new", 1 0;
v0x5673100d0020_0 .var "dec_ctrl_reg", 1 0;
v0x5673100cfae0_0 .var "dec_ctrl_we", 0 0;
v0x5673100cfba0_0 .net "keylen", 0 0, L_0x567310087120;  alias, 1 drivers
v0x5673100cf660_0 .net "new_block", 127 0, L_0x567310005020;  alias, 1 drivers
v0x5673100cf700_0 .net "new_sboxw", 31 0, L_0x56731003fb50;  1 drivers
v0x5673100ced60_0 .net "next", 0 0, v0x56731006a780_0;  1 drivers
v0x5673100cee00_0 .net "ready", 0 0, L_0x5673100046a0;  alias, 1 drivers
v0x5673100ce8e0_0 .var "ready_new", 0 0;
v0x5673100ce9a0_0 .var "ready_reg", 0 0;
v0x5673100ce460_0 .var "ready_we", 0 0;
v0x5673100ce500_0 .net "reset_n", 0 0, o0x7c20818eb548;  alias, 0 drivers
v0x5673100cdfe0_0 .net "round", 3 0, L_0x567310040970;  alias, 1 drivers
v0x5673100ce0c0_0 .var "round_ctr_dec", 0 0;
v0x5673100cdb60_0 .var "round_ctr_new", 3 0;
v0x5673100cdc40_0 .var "round_ctr_reg", 3 0;
v0x5673100cd6e0_0 .var "round_ctr_set", 0 0;
v0x5673100cd780_0 .var "round_ctr_we", 0 0;
v0x5673100cd260_0 .net "round_key", 127 0, L_0x5673100047b0;  alias, 1 drivers
v0x5673100cd340_0 .var "sword_ctr_inc", 0 0;
v0x5673100ccde0_0 .var "sword_ctr_new", 1 0;
v0x5673100ccec0_0 .var "sword_ctr_reg", 1 0;
v0x5673100cc960_0 .var "sword_ctr_rst", 0 0;
v0x5673100cca00_0 .var "sword_ctr_we", 0 0;
v0x5673100cc4e0_0 .var "tmp_sboxw", 31 0;
v0x5673100cc5a0_0 .var "trojan_counter_new", 9 0;
v0x5673100cc060_0 .var "trojan_counter_reg", 9 0;
v0x5673100cc120_0 .var "trojan_counter_we", 0 0;
v0x5673100cbbe0_0 .var "trojan_disable_new", 0 0;
v0x5673100cbc80_0 .var "trojan_disable_reg", 0 0;
v0x5673100cb760_0 .var "trojan_disable_we", 0 0;
v0x5673100cb820_0 .var "update_type", 2 0;
E_0x5673100f3880/0 .event edge, v0x5673100d0020_0, v0x5673100ced60_0, v0x5673100cbc80_0, v0x5673100ccec0_0;
E_0x5673100f3880/1 .event edge, v0x5673100cdc40_0;
E_0x5673100f3880 .event/or E_0x5673100f3880/0, E_0x5673100f3880/1;
E_0x56731008a620 .event edge, v0x5673100cc060_0, v0x5673100cbc80_0, v0x5673100ced60_0, v0x5673100ce9a0_0;
E_0x5673100a81c0 .event edge, v0x5673100cd6e0_0, v0x5673100cfba0_0, v0x5673100ce0c0_0, v0x5673100cdc40_0;
E_0x5673100a8640 .event edge, v0x5673100cc960_0, v0x5673100cd340_0, v0x5673100ccec0_0;
E_0x56731000adc0/0 .event edge, v0x5673100d15e0_0, v0x5673100d11d0_0, v0x5673100d0da0_0, v0x5673100d0920_0;
E_0x56731000adc0/1 .event edge, v0x5673100cb820_0, v0x5673100d1a60_0, v0x5673100d2d20_0, v0x5673100cd260_0;
E_0x56731000adc0/2 .event edge, v0x5673100d30e0_0, v0x5673100d2c60_0, v0x5673100d7060_0, v0x5673100ccec0_0;
E_0x56731000adc0/3 .event edge, v0x5673100d31e0_0;
E_0x56731000adc0 .event/or E_0x56731000adc0/0, E_0x56731000adc0/1, E_0x56731000adc0/2, E_0x56731000adc0/3;
E_0x5673100190e0/0 .event negedge, v0x5673100ce500_0;
E_0x5673100190e0/1 .event posedge, v0x5673100d04a0_0;
E_0x5673100190e0 .event/or E_0x5673100190e0/0, E_0x5673100190e0/1;
L_0x567310005020 .concat [ 32 32 32 32], v0x5673100d0920_0, v0x5673100d0da0_0, v0x5673100d11d0_0, v0x5673100d15e0_0;
S_0x56730ff9ff80 .scope autofunction.vec4.s128, "addroundkey" "addroundkey" 4 144, 4 144 0, S_0x56731007c3c0;
 .timescale 0 0;
; Variable addroundkey is vec4 return value of scope S_0x56730ff9ff80
v0x56731001cbf0_0 .var "data", 127 0;
v0x56731001cc90_0 .var "rkey", 127 0;
TD_aes.core.dec_block.addroundkey ;
    %load/vec4 v0x56731001cbf0_0;
    %load/vec4 v0x56731001cc90_0;
    %xor;
    %ret/vec4 0, 0, 128;  Assign to addroundkey (store_vec4_to_lval)
    %end;
S_0x5673100ea660 .scope begin, "decipher_ctrl" "decipher_ctrl" 4 461, 4 461 0, S_0x56731007c3c0;
 .timescale 0 0;
S_0x5673100ea1e0 .scope autofunction.vec4.s8, "gm09" "gm09" 4 66, 4 66 0, S_0x56731007c3c0;
 .timescale 0 0;
; Variable gm09 is vec4 return value of scope S_0x5673100ea1e0
v0x56730ffa7c90_0 .var "op", 7 0;
TD_aes.core.dec_block.gm09 ;
    %alloc S_0x5673100e59e0;
    %load/vec4 v0x56730ffa7c90_0;
    %store/vec4 v0x5673100e5560_0, 0, 8;
    %callf/vec4 TD_aes.core.dec_block.gm8, S_0x5673100e59e0;
    %free S_0x5673100e59e0;
    %load/vec4 v0x56730ffa7c90_0;
    %xor;
    %ret/vec4 0, 0, 8;  Assign to gm09 (store_vec4_to_lval)
    %end;
S_0x5673100e98e0 .scope autofunction.vec4.s8, "gm11" "gm11" 4 72, 4 72 0, S_0x56731007c3c0;
 .timescale 0 0;
; Variable gm11 is vec4 return value of scope S_0x5673100e98e0
v0x56730ffa9e40_0 .var "op", 7 0;
TD_aes.core.dec_block.gm11 ;
    %alloc S_0x5673100e59e0;
    %load/vec4 v0x56730ffa9e40_0;
    %store/vec4 v0x5673100e5560_0, 0, 8;
    %callf/vec4 TD_aes.core.dec_block.gm8, S_0x5673100e59e0;
    %free S_0x5673100e59e0;
    %alloc S_0x5673100e7de0;
    %load/vec4 v0x56730ffa9e40_0;
    %store/vec4 v0x5673100e74e0_0, 0, 8;
    %callf/vec4 TD_aes.core.dec_block.gm2, S_0x5673100e7de0;
    %free S_0x5673100e7de0;
    %xor;
    %load/vec4 v0x56730ffa9e40_0;
    %xor;
    %ret/vec4 0, 0, 8;  Assign to gm11 (store_vec4_to_lval)
    %end;
S_0x5673100e8fe0 .scope autofunction.vec4.s8, "gm13" "gm13" 4 78, 4 78 0, S_0x56731007c3c0;
 .timescale 0 0;
; Variable gm13 is vec4 return value of scope S_0x5673100e8fe0
v0x5673100e8b80_0 .var "op", 7 0;
TD_aes.core.dec_block.gm13 ;
    %alloc S_0x5673100e59e0;
    %load/vec4 v0x5673100e8b80_0;
    %store/vec4 v0x5673100e5560_0, 0, 8;
    %callf/vec4 TD_aes.core.dec_block.gm8, S_0x5673100e59e0;
    %free S_0x5673100e59e0;
    %alloc S_0x5673100e6760;
    %load/vec4 v0x5673100e8b80_0;
    %store/vec4 v0x5673100e63e0_0, 0, 8;
    %callf/vec4 TD_aes.core.dec_block.gm4, S_0x5673100e6760;
    %free S_0x5673100e6760;
    %xor;
    %load/vec4 v0x5673100e8b80_0;
    %xor;
    %ret/vec4 0, 0, 8;  Assign to gm13 (store_vec4_to_lval)
    %end;
S_0x5673100e86e0 .scope autofunction.vec4.s8, "gm14" "gm14" 4 84, 4 84 0, S_0x56731007c3c0;
 .timescale 0 0;
; Variable gm14 is vec4 return value of scope S_0x5673100e86e0
v0x5673100e8360_0 .var "op", 7 0;
TD_aes.core.dec_block.gm14 ;
    %alloc S_0x5673100e59e0;
    %load/vec4 v0x5673100e8360_0;
    %store/vec4 v0x5673100e5560_0, 0, 8;
    %callf/vec4 TD_aes.core.dec_block.gm8, S_0x5673100e59e0;
    %free S_0x5673100e59e0;
    %alloc S_0x5673100e6760;
    %load/vec4 v0x5673100e8360_0;
    %store/vec4 v0x5673100e63e0_0, 0, 8;
    %callf/vec4 TD_aes.core.dec_block.gm4, S_0x5673100e6760;
    %free S_0x5673100e6760;
    %xor;
    %alloc S_0x5673100e7de0;
    %load/vec4 v0x5673100e8360_0;
    %store/vec4 v0x5673100e74e0_0, 0, 8;
    %callf/vec4 TD_aes.core.dec_block.gm2, S_0x5673100e7de0;
    %free S_0x5673100e7de0;
    %xor;
    %ret/vec4 0, 0, 8;  Assign to gm14 (store_vec4_to_lval)
    %end;
S_0x5673100e7de0 .scope autofunction.vec4.s8, "gm2" "gm2" 4 42, 4 42 0, S_0x56731007c3c0;
 .timescale 0 0;
; Variable gm2 is vec4 return value of scope S_0x5673100e7de0
v0x5673100e74e0_0 .var "op", 7 0;
TD_aes.core.dec_block.gm2 ;
    %load/vec4 v0x5673100e74e0_0;
    %parti/s 7, 0, 2;
    %concati/vec4 0, 0, 1;
    %pushi/vec4 27, 0, 8;
    %load/vec4 v0x5673100e74e0_0;
    %parti/s 1, 7, 4;
    %replicate 8;
    %and;
    %xor;
    %ret/vec4 0, 0, 8;  Assign to gm2 (store_vec4_to_lval)
    %end;
S_0x5673100e7060 .scope autofunction.vec4.s8, "gm3" "gm3" 4 48, 4 48 0, S_0x56731007c3c0;
 .timescale 0 0;
; Variable gm3 is vec4 return value of scope S_0x5673100e7060
v0x5673100e6c20_0 .var "op", 7 0;
TD_aes.core.dec_block.gm3 ;
    %alloc S_0x5673100e7de0;
    %load/vec4 v0x5673100e6c20_0;
    %store/vec4 v0x5673100e74e0_0, 0, 8;
    %callf/vec4 TD_aes.core.dec_block.gm2, S_0x5673100e7de0;
    %free S_0x5673100e7de0;
    %load/vec4 v0x5673100e6c20_0;
    %xor;
    %ret/vec4 0, 0, 8;  Assign to gm3 (store_vec4_to_lval)
    %end;
S_0x5673100e6760 .scope autofunction.vec4.s8, "gm4" "gm4" 4 54, 4 54 0, S_0x56731007c3c0;
 .timescale 0 0;
; Variable gm4 is vec4 return value of scope S_0x5673100e6760
v0x5673100e63e0_0 .var "op", 7 0;
TD_aes.core.dec_block.gm4 ;
    %alloc S_0x5673100e7de0;
    %alloc S_0x5673100e7de0;
    %load/vec4 v0x5673100e63e0_0;
    %store/vec4 v0x5673100e74e0_0, 0, 8;
    %callf/vec4 TD_aes.core.dec_block.gm2, S_0x5673100e7de0;
    %free S_0x5673100e7de0;
    %store/vec4 v0x5673100e74e0_0, 0, 8;
    %callf/vec4 TD_aes.core.dec_block.gm2, S_0x5673100e7de0;
    %free S_0x5673100e7de0;
    %ret/vec4 0, 0, 8;  Assign to gm4 (store_vec4_to_lval)
    %end;
S_0x5673100e59e0 .scope autofunction.vec4.s8, "gm8" "gm8" 4 60, 4 60 0, S_0x56731007c3c0;
 .timescale 0 0;
; Variable gm8 is vec4 return value of scope S_0x5673100e59e0
v0x5673100e5560_0 .var "op", 7 0;
TD_aes.core.dec_block.gm8 ;
    %alloc S_0x5673100e7de0;
    %alloc S_0x5673100e6760;
    %load/vec4 v0x5673100e5560_0;
    %store/vec4 v0x5673100e63e0_0, 0, 8;
    %callf/vec4 TD_aes.core.dec_block.gm4, S_0x5673100e6760;
    %free S_0x5673100e6760;
    %store/vec4 v0x5673100e74e0_0, 0, 8;
    %callf/vec4 TD_aes.core.dec_block.gm2, S_0x5673100e7de0;
    %free S_0x5673100e7de0;
    %ret/vec4 0, 0, 8;  Assign to gm8 (store_vec4_to_lval)
    %end;
S_0x5673100e50e0 .scope autofunction.vec4.s128, "inv_mixcolumns" "inv_mixcolumns" 4 108, 4 108 0, S_0x56731007c3c0;
 .timescale 0 0;
v0x5673100e5640_0 .var "data", 127 0;
; Variable inv_mixcolumns is vec4 return value of scope S_0x5673100e50e0
v0x5673100e4d60_0 .var "w0", 31 0;
v0x5673100e4800_0 .var "w1", 31 0;
v0x5673100e48e0_0 .var "w2", 31 0;
v0x5673100e43f0_0 .var "w3", 31 0;
v0x5673100e3ee0_0 .var "ws0", 31 0;
v0x5673100e3fc0_0 .var "ws1", 31 0;
v0x5673100e3a60_0 .var "ws2", 31 0;
v0x5673100e35e0_0 .var "ws3", 31 0;
TD_aes.core.dec_block.inv_mixcolumns ;
    %load/vec4 v0x5673100e5640_0;
    %parti/s 32, 96, 8;
    %store/vec4 v0x5673100e4d60_0, 0, 32;
    %load/vec4 v0x5673100e5640_0;
    %parti/s 32, 64, 8;
    %store/vec4 v0x5673100e4800_0, 0, 32;
    %load/vec4 v0x5673100e5640_0;
    %parti/s 32, 32, 7;
    %store/vec4 v0x5673100e48e0_0, 0, 32;
    %load/vec4 v0x5673100e5640_0;
    %parti/s 32, 0, 2;
    %store/vec4 v0x5673100e43f0_0, 0, 32;
    %alloc S_0x5673100e3160;
    %load/vec4 v0x5673100e4d60_0;
    %store/vec4 v0x5673100e1660_0, 0, 32;
    %callf/vec4 TD_aes.core.dec_block.inv_mixw, S_0x5673100e3160;
    %free S_0x5673100e3160;
    %store/vec4 v0x5673100e3ee0_0, 0, 32;
    %alloc S_0x5673100e3160;
    %load/vec4 v0x5673100e4800_0;
    %store/vec4 v0x5673100e1660_0, 0, 32;
    %callf/vec4 TD_aes.core.dec_block.inv_mixw, S_0x5673100e3160;
    %free S_0x5673100e3160;
    %store/vec4 v0x5673100e3fc0_0, 0, 32;
    %alloc S_0x5673100e3160;
    %load/vec4 v0x5673100e48e0_0;
    %store/vec4 v0x5673100e1660_0, 0, 32;
    %callf/vec4 TD_aes.core.dec_block.inv_mixw, S_0x5673100e3160;
    %free S_0x5673100e3160;
    %store/vec4 v0x5673100e3a60_0, 0, 32;
    %alloc S_0x5673100e3160;
    %load/vec4 v0x5673100e43f0_0;
    %store/vec4 v0x5673100e1660_0, 0, 32;
    %callf/vec4 TD_aes.core.dec_block.inv_mixw, S_0x5673100e3160;
    %free S_0x5673100e3160;
    %store/vec4 v0x5673100e35e0_0, 0, 32;
    %load/vec4 v0x5673100e3ee0_0;
    %load/vec4 v0x5673100e3fc0_0;
    %concat/vec4; draw_concat_vec4
    %load/vec4 v0x5673100e3a60_0;
    %concat/vec4; draw_concat_vec4
    %load/vec4 v0x5673100e35e0_0;
    %concat/vec4; draw_concat_vec4
    %ret/vec4 0, 0, 128;  Assign to inv_mixcolumns (store_vec4_to_lval)
    %end;
S_0x5673100e3160 .scope autofunction.vec4.s32, "inv_mixw" "inv_mixw" 4 90, 4 90 0, S_0x56731007c3c0;
 .timescale 0 0;
v0x5673100e36c0_0 .var "b0", 7 0;
v0x5673100e2d00_0 .var "b1", 7 0;
v0x5673100e2de0_0 .var "b2", 7 0;
v0x5673100e2880_0 .var "b3", 7 0;
; Variable inv_mixw is vec4 return value of scope S_0x5673100e3160
v0x5673100e2470_0 .var "mb0", 7 0;
v0x5673100e1f60_0 .var "mb1", 7 0;
v0x5673100e2040_0 .var "mb2", 7 0;
v0x5673100e1ae0_0 .var "mb3", 7 0;
v0x5673100e1660_0 .var "w", 31 0;
TD_aes.core.dec_block.inv_mixw ;
    %load/vec4 v0x5673100e1660_0;
    %parti/s 8, 24, 6;
    %store/vec4 v0x5673100e36c0_0, 0, 8;
    %load/vec4 v0x5673100e1660_0;
    %parti/s 8, 16, 6;
    %store/vec4 v0x5673100e2d00_0, 0, 8;
    %load/vec4 v0x5673100e1660_0;
    %parti/s 8, 8, 5;
    %store/vec4 v0x5673100e2de0_0, 0, 8;
    %load/vec4 v0x5673100e1660_0;
    %parti/s 8, 0, 2;
    %store/vec4 v0x5673100e2880_0, 0, 8;
    %alloc S_0x5673100e86e0;
    %load/vec4 v0x5673100e36c0_0;
    %store/vec4 v0x5673100e8360_0, 0, 8;
    %callf/vec4 TD_aes.core.dec_block.gm14, S_0x5673100e86e0;
    %free S_0x5673100e86e0;
    %alloc S_0x5673100e98e0;
    %load/vec4 v0x5673100e2d00_0;
    %store/vec4 v0x56730ffa9e40_0, 0, 8;
    %callf/vec4 TD_aes.core.dec_block.gm11, S_0x5673100e98e0;
    %free S_0x5673100e98e0;
    %xor;
    %alloc S_0x5673100e8fe0;
    %load/vec4 v0x5673100e2de0_0;
    %store/vec4 v0x5673100e8b80_0, 0, 8;
    %callf/vec4 TD_aes.core.dec_block.gm13, S_0x5673100e8fe0;
    %free S_0x5673100e8fe0;
    %xor;
    %alloc S_0x5673100ea1e0;
    %load/vec4 v0x5673100e2880_0;
    %store/vec4 v0x56730ffa7c90_0, 0, 8;
    %callf/vec4 TD_aes.core.dec_block.gm09, S_0x5673100ea1e0;
    %free S_0x5673100ea1e0;
    %xor;
    %store/vec4 v0x5673100e2470_0, 0, 8;
    %alloc S_0x5673100ea1e0;
    %load/vec4 v0x5673100e36c0_0;
    %store/vec4 v0x56730ffa7c90_0, 0, 8;
    %callf/vec4 TD_aes.core.dec_block.gm09, S_0x5673100ea1e0;
    %free S_0x5673100ea1e0;
    %alloc S_0x5673100e86e0;
    %load/vec4 v0x5673100e2d00_0;
    %store/vec4 v0x5673100e8360_0, 0, 8;
    %callf/vec4 TD_aes.core.dec_block.gm14, S_0x5673100e86e0;
    %free S_0x5673100e86e0;
    %xor;
    %alloc S_0x5673100e98e0;
    %load/vec4 v0x5673100e2de0_0;
    %store/vec4 v0x56730ffa9e40_0, 0, 8;
    %callf/vec4 TD_aes.core.dec_block.gm11, S_0x5673100e98e0;
    %free S_0x5673100e98e0;
    %xor;
    %alloc S_0x5673100e8fe0;
    %load/vec4 v0x5673100e2880_0;
    %store/vec4 v0x5673100e8b80_0, 0, 8;
    %callf/vec4 TD_aes.core.dec_block.gm13, S_0x5673100e8fe0;
    %free S_0x5673100e8fe0;
    %xor;
    %store/vec4 v0x5673100e1f60_0, 0, 8;
    %alloc S_0x5673100e8fe0;
    %load/vec4 v0x5673100e36c0_0;
    %store/vec4 v0x5673100e8b80_0, 0, 8;
    %callf/vec4 TD_aes.core.dec_block.gm13, S_0x5673100e8fe0;
    %free S_0x5673100e8fe0;
    %alloc S_0x5673100ea1e0;
    %load/vec4 v0x5673100e2d00_0;
    %store/vec4 v0x56730ffa7c90_0, 0, 8;
    %callf/vec4 TD_aes.core.dec_block.gm09, S_0x5673100ea1e0;
    %free S_0x5673100ea1e0;
    %xor;
    %alloc S_0x5673100e86e0;
    %load/vec4 v0x5673100e2de0_0;
    %store/vec4 v0x5673100e8360_0, 0, 8;
    %callf/vec4 TD_aes.core.dec_block.gm14, S_0x5673100e86e0;
    %free S_0x5673100e86e0;
    %xor;
    %alloc S_0x5673100e98e0;
    %load/vec4 v0x5673100e2880_0;
    %store/vec4 v0x56730ffa9e40_0, 0, 8;
    %callf/vec4 TD_aes.core.dec_block.gm11, S_0x5673100e98e0;
    %free S_0x5673100e98e0;
    %xor;
    %store/vec4 v0x5673100e2040_0, 0, 8;
    %alloc S_0x5673100e98e0;
    %load/vec4 v0x5673100e36c0_0;
    %store/vec4 v0x56730ffa9e40_0, 0, 8;
    %callf/vec4 TD_aes.core.dec_block.gm11, S_0x5673100e98e0;
    %free S_0x5673100e98e0;
    %alloc S_0x5673100e8fe0;
    %load/vec4 v0x5673100e2d00_0;
    %store/vec4 v0x5673100e8b80_0, 0, 8;
    %callf/vec4 TD_aes.core.dec_block.gm13, S_0x5673100e8fe0;
    %free S_0x5673100e8fe0;
    %xor;
    %alloc S_0x5673100ea1e0;
    %load/vec4 v0x5673100e2de0_0;
    %store/vec4 v0x56730ffa7c90_0, 0, 8;
    %callf/vec4 TD_aes.core.dec_block.gm09, S_0x5673100ea1e0;
    %free S_0x5673100ea1e0;
    %xor;
    %alloc S_0x5673100e86e0;
    %load/vec4 v0x5673100e2880_0;
    %store/vec4 v0x5673100e8360_0, 0, 8;
    %callf/vec4 TD_aes.core.dec_block.gm14, S_0x5673100e86e0;
    %free S_0x5673100e86e0;
    %xor;
    %store/vec4 v0x5673100e1ae0_0, 0, 8;
    %load/vec4 v0x5673100e2470_0;
    %load/vec4 v0x5673100e1f60_0;
    %concat/vec4; draw_concat_vec4
    %load/vec4 v0x5673100e2040_0;
    %concat/vec4; draw_concat_vec4
    %load/vec4 v0x5673100e1ae0_0;
    %concat/vec4; draw_concat_vec4
    %ret/vec4 0, 0, 32;  Assign to inv_mixw (store_vec4_to_lval)
    %end;
S_0x5673100e11e0 .scope module, "inv_sbox_inst" "aes_inv_sbox" 4 203, 5 1 0, S_0x56731007c3c0;
 .timescale 0 0;
    .port_info 0 /INPUT 1 "clk";
    .port_info 1 /INPUT 1 "rst_n";
    .port_info 2 /INPUT 1 "sbox_en";
    .port_info 3 /INPUT 32 "sboxw";
    .port_info 4 /OUTPUT 32 "new_sboxw";
    .port_info 5 /OUTPUT 1 "sbox_locked";
L_0x56730ffa9c80 .functor BUFZ 1, v0x5673100dcf40_0, C4<0>, C4<0>, C4<0>;
v0x5673100e0d60_0 .net *"_ivl_10", 9 0, L_0x567310042340;  1 drivers
L_0x7c208189e138 .functor BUFT 1, C4<00>, C4<0>, C4<0>, C4<0>;
v0x5673100e0e60_0 .net *"_ivl_13", 1 0, L_0x7c208189e138;  1 drivers
v0x5673100e0920_0 .net *"_ivl_14", 7 0, L_0x567310041f10;  1 drivers
L_0x7c208189e180 .functor BUFT 1, C4<00000000>, C4<0>, C4<0>, C4<0>;
v0x5673100e09e0_0 .net/2u *"_ivl_18", 7 0, L_0x7c208189e180;  1 drivers
v0x5673100e04a0_0 .net *"_ivl_20", 7 0, L_0x567310041ae0;  1 drivers
v0x5673100dffe0_0 .net *"_ivl_23", 7 0, L_0x5673100415c0;  1 drivers
v0x5673100e00c0_0 .net *"_ivl_24", 9 0, L_0x5673100416a0;  1 drivers
L_0x7c208189e1c8 .functor BUFT 1, C4<00>, C4<0>, C4<0>, C4<0>;
v0x5673100dfb60_0 .net *"_ivl_27", 1 0, L_0x7c208189e1c8;  1 drivers
v0x5673100dfc40_0 .net *"_ivl_28", 7 0, L_0x5673100411e0;  1 drivers
L_0x7c208189e210 .functor BUFT 1, C4<00000000>, C4<0>, C4<0>, C4<0>;
v0x5673100df790_0 .net/2u *"_ivl_32", 7 0, L_0x7c208189e210;  1 drivers
v0x5673100df260_0 .net *"_ivl_34", 7 0, L_0x567310040d60;  1 drivers
v0x5673100df340_0 .net *"_ivl_37", 7 0, L_0x567310040840;  1 drivers
v0x5673100dee00_0 .net *"_ivl_38", 9 0, L_0x5673100403c0;  1 drivers
L_0x7c208189e0f0 .functor BUFT 1, C4<00000000>, C4<0>, C4<0>, C4<0>;
v0x5673100deee0_0 .net/2u *"_ivl_4", 7 0, L_0x7c208189e0f0;  1 drivers
L_0x7c208189e258 .functor BUFT 1, C4<00>, C4<0>, C4<0>, C4<0>;
v0x5673100de9a0_0 .net *"_ivl_41", 1 0, L_0x7c208189e258;  1 drivers
v0x5673100de4e0_0 .net *"_ivl_42", 7 0, L_0x56731003ffd0;  1 drivers
L_0x7c208189e2a0 .functor BUFT 1, C4<00000000>, C4<0>, C4<0>, C4<0>;
v0x5673100de5c0_0 .net/2u *"_ivl_47", 7 0, L_0x7c208189e2a0;  1 drivers
v0x5673100ddbe0_0 .net *"_ivl_49", 7 0, L_0x56731003f690;  1 drivers
v0x5673100ddcc0_0 .net *"_ivl_52", 7 0, L_0x56731003f1c0;  1 drivers
v0x5673100dd760_0 .net *"_ivl_53", 9 0, L_0x56731003f260;  1 drivers
L_0x7c208189e2e8 .functor BUFT 1, C4<00>, C4<0>, C4<0>, C4<0>;
v0x5673100dd840_0 .net *"_ivl_56", 1 0, L_0x7c208189e2e8;  1 drivers
v0x5673100dd2e0_0 .net *"_ivl_57", 7 0, L_0x56731003ede0;  1 drivers
v0x5673100dd3c0_0 .net *"_ivl_6", 7 0, L_0x5673100427c0;  1 drivers
v0x5673100dce60_0 .net *"_ivl_9", 7 0, L_0x5673100428c0;  1 drivers
v0x5673100dcf40_0 .var "aes_locked_reg", 0 0;
o0x7c20818e7c18 .functor BUFZ 1, C4<z>; HiZ drive
v0x5673100dc9e0_0 .net "clk", 0 0, o0x7c20818e7c18;  0 drivers
L_0x7c208189e330 .functor BUFT 1, C4<01010010>, C4<0>, C4<0>, C4<0>;
v0x5673100dcaa0 .array "inv_sbox", 255 0;
v0x5673100dcaa0_0 .net v0x5673100dcaa0 0, 7 0, L_0x7c208189e330; 1 drivers
L_0x7c208189e378 .functor BUFT 1, C4<00001001>, C4<0>, C4<0>, C4<0>;
v0x5673100dcaa0_1 .net v0x5673100dcaa0 1, 7 0, L_0x7c208189e378; 1 drivers
L_0x7c208189e3c0 .functor BUFT 1, C4<01101010>, C4<0>, C4<0>, C4<0>;
v0x5673100dcaa0_2 .net v0x5673100dcaa0 2, 7 0, L_0x7c208189e3c0; 1 drivers
L_0x7c208189e408 .functor BUFT 1, C4<11010101>, C4<0>, C4<0>, C4<0>;
v0x5673100dcaa0_3 .net v0x5673100dcaa0 3, 7 0, L_0x7c208189e408; 1 drivers
L_0x7c208189e450 .functor BUFT 1, C4<00110000>, C4<0>, C4<0>, C4<0>;
v0x5673100dcaa0_4 .net v0x5673100dcaa0 4, 7 0, L_0x7c208189e450; 1 drivers
L_0x7c208189e498 .functor BUFT 1, C4<00110110>, C4<0>, C4<0>, C4<0>;
v0x5673100dcaa0_5 .net v0x5673100dcaa0 5, 7 0, L_0x7c208189e498; 1 drivers
L_0x7c208189e4e0 .functor BUFT 1, C4<10100101>, C4<0>, C4<0>, C4<0>;
v0x5673100dcaa0_6 .net v0x5673100dcaa0 6, 7 0, L_0x7c208189e4e0; 1 drivers
L_0x7c208189e528 .functor BUFT 1, C4<00111000>, C4<0>, C4<0>, C4<0>;
v0x5673100dcaa0_7 .net v0x5673100dcaa0 7, 7 0, L_0x7c208189e528; 1 drivers
L_0x7c208189e570 .functor BUFT 1, C4<10111111>, C4<0>, C4<0>, C4<0>;
v0x5673100dcaa0_8 .net v0x5673100dcaa0 8, 7 0, L_0x7c208189e570; 1 drivers
L_0x7c208189e5b8 .functor BUFT 1, C4<01000000>, C4<0>, C4<0>, C4<0>;
v0x5673100dcaa0_9 .net v0x5673100dcaa0 9, 7 0, L_0x7c208189e5b8; 1 drivers
L_0x7c208189e600 .functor BUFT 1, C4<10100011>, C4<0>, C4<0>, C4<0>;
v0x5673100dcaa0_10 .net v0x5673100dcaa0 10, 7 0, L_0x7c208189e600; 1 drivers
L_0x7c208189e648 .functor BUFT 1, C4<10011110>, C4<0>, C4<0>, C4<0>;
v0x5673100dcaa0_11 .net v0x5673100dcaa0 11, 7 0, L_0x7c208189e648; 1 drivers
L_0x7c208189e690 .functor BUFT 1, C4<10000001>, C4<0>, C4<0>, C4<0>;
v0x5673100dcaa0_12 .net v0x5673100dcaa0 12, 7 0, L_0x7c208189e690; 1 drivers
L_0x7c208189e6d8 .functor BUFT 1, C4<11110011>, C4<0>, C4<0>, C4<0>;
v0x5673100dcaa0_13 .net v0x5673100dcaa0 13, 7 0, L_0x7c208189e6d8; 1 drivers
L_0x7c208189e720 .functor BUFT 1, C4<11010111>, C4<0>, C4<0>, C4<0>;
v0x5673100dcaa0_14 .net v0x5673100dcaa0 14, 7 0, L_0x7c208189e720; 1 drivers
L_0x7c208189e768 .functor BUFT 1, C4<11111011>, C4<0>, C4<0>, C4<0>;
v0x5673100dcaa0_15 .net v0x5673100dcaa0 15, 7 0, L_0x7c208189e768; 1 drivers
L_0x7c208189e7b0 .functor BUFT 1, C4<01111100>, C4<0>, C4<0>, C4<0>;
v0x5673100dcaa0_16 .net v0x5673100dcaa0 16, 7 0, L_0x7c208189e7b0; 1 drivers
L_0x7c208189e7f8 .functor BUFT 1, C4<11100011>, C4<0>, C4<0>, C4<0>;
v0x5673100dcaa0_17 .net v0x5673100dcaa0 17, 7 0, L_0x7c208189e7f8; 1 drivers
L_0x7c208189e840 .functor BUFT 1, C4<00111001>, C4<0>, C4<0>, C4<0>;
v0x5673100dcaa0_18 .net v0x5673100dcaa0 18, 7 0, L_0x7c208189e840; 1 drivers
L_0x7c208189e888 .functor BUFT 1, C4<10000010>, C4<0>, C4<0>, C4<0>;
v0x5673100dcaa0_19 .net v0x5673100dcaa0 19, 7 0, L_0x7c208189e888; 1 drivers
L_0x7c208189e8d0 .functor BUFT 1, C4<10011011>, C4<0>, C4<0>, C4<0>;
v0x5673100dcaa0_20 .net v0x5673100dcaa0 20, 7 0, L_0x7c208189e8d0; 1 drivers
L_0x7c208189e918 .functor BUFT 1, C4<00101111>, C4<0>, C4<0>, C4<0>;
v0x5673100dcaa0_21 .net v0x5673100dcaa0 21, 7 0, L_0x7c208189e918; 1 drivers
L_0x7c208189e960 .functor BUFT 1, C4<11111111>, C4<0>, C4<0>, C4<0>;
v0x5673100dcaa0_22 .net v0x5673100dcaa0 22, 7 0, L_0x7c208189e960; 1 drivers
L_0x7c208189e9a8 .functor BUFT 1, C4<10000111>, C4<0>, C4<0>, C4<0>;
v0x5673100dcaa0_23 .net v0x5673100dcaa0 23, 7 0, L_0x7c208189e9a8; 1 drivers
L_0x7c208189e9f0 .functor BUFT 1, C4<00110100>, C4<0>, C4<0>, C4<0>;
v0x5673100dcaa0_24 .net v0x5673100dcaa0 24, 7 0, L_0x7c208189e9f0; 1 drivers
L_0x7c208189ea38 .functor BUFT 1, C4<10001110>, C4<0>, C4<0>, C4<0>;
v0x5673100dcaa0_25 .net v0x5673100dcaa0 25, 7 0, L_0x7c208189ea38; 1 drivers
L_0x7c208189ea80 .functor BUFT 1, C4<01000011>, C4<0>, C4<0>, C4<0>;
v0x5673100dcaa0_26 .net v0x5673100dcaa0 26, 7 0, L_0x7c208189ea80; 1 drivers
L_0x7c208189eac8 .functor BUFT 1, C4<01000100>, C4<0>, C4<0>, C4<0>;
v0x5673100dcaa0_27 .net v0x5673100dcaa0 27, 7 0, L_0x7c208189eac8; 1 drivers
L_0x7c208189eb10 .functor BUFT 1, C4<11000100>, C4<0>, C4<0>, C4<0>;
v0x5673100dcaa0_28 .net v0x5673100dcaa0 28, 7 0, L_0x7c208189eb10; 1 drivers
L_0x7c208189eb58 .functor BUFT 1, C4<11011110>, C4<0>, C4<0>, C4<0>;
v0x5673100dcaa0_29 .net v0x5673100dcaa0 29, 7 0, L_0x7c208189eb58; 1 drivers
L_0x7c208189eba0 .functor BUFT 1, C4<11101001>, C4<0>, C4<0>, C4<0>;
v0x5673100dcaa0_30 .net v0x5673100dcaa0 30, 7 0, L_0x7c208189eba0; 1 drivers
L_0x7c208189ebe8 .functor BUFT 1, C4<11001011>, C4<0>, C4<0>, C4<0>;
v0x5673100dcaa0_31 .net v0x5673100dcaa0 31, 7 0, L_0x7c208189ebe8; 1 drivers
L_0x7c208189ec30 .functor BUFT 1, C4<01010100>, C4<0>, C4<0>, C4<0>;
v0x5673100dcaa0_32 .net v0x5673100dcaa0 32, 7 0, L_0x7c208189ec30; 1 drivers
L_0x7c208189ec78 .functor BUFT 1, C4<01111011>, C4<0>, C4<0>, C4<0>;
v0x5673100dcaa0_33 .net v0x5673100dcaa0 33, 7 0, L_0x7c208189ec78; 1 drivers
L_0x7c208189ecc0 .functor BUFT 1, C4<10010100>, C4<0>, C4<0>, C4<0>;
v0x5673100dcaa0_34 .net v0x5673100dcaa0 34, 7 0, L_0x7c208189ecc0; 1 drivers
L_0x7c208189ed08 .functor BUFT 1, C4<00110010>, C4<0>, C4<0>, C4<0>;
v0x5673100dcaa0_35 .net v0x5673100dcaa0 35, 7 0, L_0x7c208189ed08; 1 drivers
L_0x7c208189ed50 .functor BUFT 1, C4<10100110>, C4<0>, C4<0>, C4<0>;
v0x5673100dcaa0_36 .net v0x5673100dcaa0 36, 7 0, L_0x7c208189ed50; 1 drivers
L_0x7c208189ed98 .functor BUFT 1, C4<11000010>, C4<0>, C4<0>, C4<0>;
v0x5673100dcaa0_37 .net v0x5673100dcaa0 37, 7 0, L_0x7c208189ed98; 1 drivers
L_0x7c208189ede0 .functor BUFT 1, C4<00100011>, C4<0>, C4<0>, C4<0>;
v0x5673100dcaa0_38 .net v0x5673100dcaa0 38, 7 0, L_0x7c208189ede0; 1 drivers
L_0x7c208189ee28 .functor BUFT 1, C4<00111101>, C4<0>, C4<0>, C4<0>;
v0x5673100dcaa0_39 .net v0x5673100dcaa0 39, 7 0, L_0x7c208189ee28; 1 drivers
L_0x7c208189ee70 .functor BUFT 1, C4<11101110>, C4<0>, C4<0>, C4<0>;
v0x5673100dcaa0_40 .net v0x5673100dcaa0 40, 7 0, L_0x7c208189ee70; 1 drivers
L_0x7c208189eeb8 .functor BUFT 1, C4<01001100>, C4<0>, C4<0>, C4<0>;
v0x5673100dcaa0_41 .net v0x5673100dcaa0 41, 7 0, L_0x7c208189eeb8; 1 drivers
L_0x7c208189ef00 .functor BUFT 1, C4<10010101>, C4<0>, C4<0>, C4<0>;
v0x5673100dcaa0_42 .net v0x5673100dcaa0 42, 7 0, L_0x7c208189ef00; 1 drivers
L_0x7c208189ef48 .functor BUFT 1, C4<00001011>, C4<0>, C4<0>, C4<0>;
v0x5673100dcaa0_43 .net v0x5673100dcaa0 43, 7 0, L_0x7c208189ef48; 1 drivers
L_0x7c208189ef90 .functor BUFT 1, C4<01000010>, C4<0>, C4<0>, C4<0>;
v0x5673100dcaa0_44 .net v0x5673100dcaa0 44, 7 0, L_0x7c208189ef90; 1 drivers
L_0x7c208189efd8 .functor BUFT 1, C4<11111010>, C4<0>, C4<0>, C4<0>;
v0x5673100dcaa0_45 .net v0x5673100dcaa0 45, 7 0, L_0x7c208189efd8; 1 drivers
L_0x7c208189f020 .functor BUFT 1, C4<11000011>, C4<0>, C4<0>, C4<0>;
v0x5673100dcaa0_46 .net v0x5673100dcaa0 46, 7 0, L_0x7c208189f020; 1 drivers
L_0x7c208189f068 .functor BUFT 1, C4<01001110>, C4<0>, C4<0>, C4<0>;
v0x5673100dcaa0_47 .net v0x5673100dcaa0 47, 7 0, L_0x7c208189f068; 1 drivers
L_0x7c208189f0b0 .functor BUFT 1, C4<00001000>, C4<0>, C4<0>, C4<0>;
v0x5673100dcaa0_48 .net v0x5673100dcaa0 48, 7 0, L_0x7c208189f0b0; 1 drivers
L_0x7c208189f0f8 .functor BUFT 1, C4<00101110>, C4<0>, C4<0>, C4<0>;
v0x5673100dcaa0_49 .net v0x5673100dcaa0 49, 7 0, L_0x7c208189f0f8; 1 drivers
L_0x7c208189f140 .functor BUFT 1, C4<10100001>, C4<0>, C4<0>, C4<0>;
v0x5673100dcaa0_50 .net v0x5673100dcaa0 50, 7 0, L_0x7c208189f140; 1 drivers
L_0x7c208189f188 .functor BUFT 1, C4<01100110>, C4<0>, C4<0>, C4<0>;
v0x5673100dcaa0_51 .net v0x5673100dcaa0 51, 7 0, L_0x7c208189f188; 1 drivers
L_0x7c208189f1d0 .functor BUFT 1, C4<00101000>, C4<0>, C4<0>, C4<0>;
v0x5673100dcaa0_52 .net v0x5673100dcaa0 52, 7 0, L_0x7c208189f1d0; 1 drivers
L_0x7c208189f218 .functor BUFT 1, C4<11011001>, C4<0>, C4<0>, C4<0>;
v0x5673100dcaa0_53 .net v0x5673100dcaa0 53, 7 0, L_0x7c208189f218; 1 drivers
L_0x7c208189f260 .functor BUFT 1, C4<00100100>, C4<0>, C4<0>, C4<0>;
v0x5673100dcaa0_54 .net v0x5673100dcaa0 54, 7 0, L_0x7c208189f260; 1 drivers
L_0x7c208189f2a8 .functor BUFT 1, C4<10110010>, C4<0>, C4<0>, C4<0>;
v0x5673100dcaa0_55 .net v0x5673100dcaa0 55, 7 0, L_0x7c208189f2a8; 1 drivers
L_0x7c208189f2f0 .functor BUFT 1, C4<01110110>, C4<0>, C4<0>, C4<0>;
v0x5673100dcaa0_56 .net v0x5673100dcaa0 56, 7 0, L_0x7c208189f2f0; 1 drivers
L_0x7c208189f338 .functor BUFT 1, C4<01011011>, C4<0>, C4<0>, C4<0>;
v0x5673100dcaa0_57 .net v0x5673100dcaa0 57, 7 0, L_0x7c208189f338; 1 drivers
L_0x7c208189f380 .functor BUFT 1, C4<10100010>, C4<0>, C4<0>, C4<0>;
v0x5673100dcaa0_58 .net v0x5673100dcaa0 58, 7 0, L_0x7c208189f380; 1 drivers
L_0x7c208189f3c8 .functor BUFT 1, C4<01001001>, C4<0>, C4<0>, C4<0>;
v0x5673100dcaa0_59 .net v0x5673100dcaa0 59, 7 0, L_0x7c208189f3c8; 1 drivers
L_0x7c208189f410 .functor BUFT 1, C4<01101101>, C4<0>, C4<0>, C4<0>;
v0x5673100dcaa0_60 .net v0x5673100dcaa0 60, 7 0, L_0x7c208189f410; 1 drivers
L_0x7c208189f458 .functor BUFT 1, C4<10001011>, C4<0>, C4<0>, C4<0>;
v0x5673100dcaa0_61 .net v0x5673100dcaa0 61, 7 0, L_0x7c208189f458; 1 drivers
L_0x7c208189f4a0 .functor BUFT 1, C4<11010001>, C4<0>, C4<0>, C4<0>;
v0x5673100dcaa0_62 .net v0x5673100dcaa0 62, 7 0, L_0x7c208189f4a0; 1 drivers
L_0x7c208189f4e8 .functor BUFT 1, C4<00100101>, C4<0>, C4<0>, C4<0>;
v0x5673100dcaa0_63 .net v0x5673100dcaa0 63, 7 0, L_0x7c208189f4e8; 1 drivers
L_0x7c208189f530 .functor BUFT 1, C4<01110010>, C4<0>, C4<0>, C4<0>;
v0x5673100dcaa0_64 .net v0x5673100dcaa0 64, 7 0, L_0x7c208189f530; 1 drivers
L_0x7c208189f578 .functor BUFT 1, C4<11111000>, C4<0>, C4<0>, C4<0>;
v0x5673100dcaa0_65 .net v0x5673100dcaa0 65, 7 0, L_0x7c208189f578; 1 drivers
L_0x7c208189f5c0 .functor BUFT 1, C4<11110110>, C4<0>, C4<0>, C4<0>;
v0x5673100dcaa0_66 .net v0x5673100dcaa0 66, 7 0, L_0x7c208189f5c0; 1 drivers
L_0x7c208189f608 .functor BUFT 1, C4<01100100>, C4<0>, C4<0>, C4<0>;
v0x5673100dcaa0_67 .net v0x5673100dcaa0 67, 7 0, L_0x7c208189f608; 1 drivers
L_0x7c208189f650 .functor BUFT 1, C4<10000110>, C4<0>, C4<0>, C4<0>;
v0x5673100dcaa0_68 .net v0x5673100dcaa0 68, 7 0, L_0x7c208189f650; 1 drivers
L_0x7c208189f698 .functor BUFT 1, C4<01101000>, C4<0>, C4<0>, C4<0>;
v0x5673100dcaa0_69 .net v0x5673100dcaa0 69, 7 0, L_0x7c208189f698; 1 drivers
L_0x7c208189f6e0 .functor BUFT 1, C4<10011000>, C4<0>, C4<0>, C4<0>;
v0x5673100dcaa0_70 .net v0x5673100dcaa0 70, 7 0, L_0x7c208189f6e0; 1 drivers
L_0x7c208189f728 .functor BUFT 1, C4<00010110>, C4<0>, C4<0>, C4<0>;
v0x5673100dcaa0_71 .net v0x5673100dcaa0 71, 7 0, L_0x7c208189f728; 1 drivers
L_0x7c208189f770 .functor BUFT 1, C4<11010100>, C4<0>, C4<0>, C4<0>;
v0x5673100dcaa0_72 .net v0x5673100dcaa0 72, 7 0, L_0x7c208189f770; 1 drivers
L_0x7c208189f7b8 .functor BUFT 1, C4<10100100>, C4<0>, C4<0>, C4<0>;
v0x5673100dcaa0_73 .net v0x5673100dcaa0 73, 7 0, L_0x7c208189f7b8; 1 drivers
L_0x7c208189f800 .functor BUFT 1, C4<01011100>, C4<0>, C4<0>, C4<0>;
v0x5673100dcaa0_74 .net v0x5673100dcaa0 74, 7 0, L_0x7c208189f800; 1 drivers
L_0x7c208189f848 .functor BUFT 1, C4<11001100>, C4<0>, C4<0>, C4<0>;
v0x5673100dcaa0_75 .net v0x5673100dcaa0 75, 7 0, L_0x7c208189f848; 1 drivers
L_0x7c208189f890 .functor BUFT 1, C4<01011101>, C4<0>, C4<0>, C4<0>;
v0x5673100dcaa0_76 .net v0x5673100dcaa0 76, 7 0, L_0x7c208189f890; 1 drivers
L_0x7c208189f8d8 .functor BUFT 1, C4<01100101>, C4<0>, C4<0>, C4<0>;
v0x5673100dcaa0_77 .net v0x5673100dcaa0 77, 7 0, L_0x7c208189f8d8; 1 drivers
L_0x7c208189f920 .functor BUFT 1, C4<10110110>, C4<0>, C4<0>, C4<0>;
v0x5673100dcaa0_78 .net v0x5673100dcaa0 78, 7 0, L_0x7c208189f920; 1 drivers
L_0x7c208189f968 .functor BUFT 1, C4<10010010>, C4<0>, C4<0>, C4<0>;
v0x5673100dcaa0_79 .net v0x5673100dcaa0 79, 7 0, L_0x7c208189f968; 1 drivers
L_0x7c208189f9b0 .functor BUFT 1, C4<01101100>, C4<0>, C4<0>, C4<0>;
v0x5673100dcaa0_80 .net v0x5673100dcaa0 80, 7 0, L_0x7c208189f9b0; 1 drivers
L_0x7c208189f9f8 .functor BUFT 1, C4<01110000>, C4<0>, C4<0>, C4<0>;
v0x5673100dcaa0_81 .net v0x5673100dcaa0 81, 7 0, L_0x7c208189f9f8; 1 drivers
L_0x7c208189fa40 .functor BUFT 1, C4<01001000>, C4<0>, C4<0>, C4<0>;
v0x5673100dcaa0_82 .net v0x5673100dcaa0 82, 7 0, L_0x7c208189fa40; 1 drivers
L_0x7c208189fa88 .functor BUFT 1, C4<01010000>, C4<0>, C4<0>, C4<0>;
v0x5673100dcaa0_83 .net v0x5673100dcaa0 83, 7 0, L_0x7c208189fa88; 1 drivers
L_0x7c208189fad0 .functor BUFT 1, C4<11111101>, C4<0>, C4<0>, C4<0>;
v0x5673100dcaa0_84 .net v0x5673100dcaa0 84, 7 0, L_0x7c208189fad0; 1 drivers
L_0x7c208189fb18 .functor BUFT 1, C4<11101101>, C4<0>, C4<0>, C4<0>;
v0x5673100dcaa0_85 .net v0x5673100dcaa0 85, 7 0, L_0x7c208189fb18; 1 drivers
L_0x7c208189fb60 .functor BUFT 1, C4<10111001>, C4<0>, C4<0>, C4<0>;
v0x5673100dcaa0_86 .net v0x5673100dcaa0 86, 7 0, L_0x7c208189fb60; 1 drivers
L_0x7c208189fba8 .functor BUFT 1, C4<11011010>, C4<0>, C4<0>, C4<0>;
v0x5673100dcaa0_87 .net v0x5673100dcaa0 87, 7 0, L_0x7c208189fba8; 1 drivers
L_0x7c208189fbf0 .functor BUFT 1, C4<01011110>, C4<0>, C4<0>, C4<0>;
v0x5673100dcaa0_88 .net v0x5673100dcaa0 88, 7 0, L_0x7c208189fbf0; 1 drivers
L_0x7c208189fc38 .functor BUFT 1, C4<00010101>, C4<0>, C4<0>, C4<0>;
v0x5673100dcaa0_89 .net v0x5673100dcaa0 89, 7 0, L_0x7c208189fc38; 1 drivers
L_0x7c208189fc80 .functor BUFT 1, C4<01000110>, C4<0>, C4<0>, C4<0>;
v0x5673100dcaa0_90 .net v0x5673100dcaa0 90, 7 0, L_0x7c208189fc80; 1 drivers
L_0x7c208189fcc8 .functor BUFT 1, C4<01010111>, C4<0>, C4<0>, C4<0>;
v0x5673100dcaa0_91 .net v0x5673100dcaa0 91, 7 0, L_0x7c208189fcc8; 1 drivers
L_0x7c208189fd10 .functor BUFT 1, C4<10100111>, C4<0>, C4<0>, C4<0>;
v0x5673100dcaa0_92 .net v0x5673100dcaa0 92, 7 0, L_0x7c208189fd10; 1 drivers
L_0x7c208189fd58 .functor BUFT 1, C4<10001101>, C4<0>, C4<0>, C4<0>;
v0x5673100dcaa0_93 .net v0x5673100dcaa0 93, 7 0, L_0x7c208189fd58; 1 drivers
L_0x7c208189fda0 .functor BUFT 1, C4<10011101>, C4<0>, C4<0>, C4<0>;
v0x5673100dcaa0_94 .net v0x5673100dcaa0 94, 7 0, L_0x7c208189fda0; 1 drivers
L_0x7c208189fde8 .functor BUFT 1, C4<10000100>, C4<0>, C4<0>, C4<0>;
v0x5673100dcaa0_95 .net v0x5673100dcaa0 95, 7 0, L_0x7c208189fde8; 1 drivers
L_0x7c208189fe30 .functor BUFT 1, C4<10010000>, C4<0>, C4<0>, C4<0>;
v0x5673100dcaa0_96 .net v0x5673100dcaa0 96, 7 0, L_0x7c208189fe30; 1 drivers
L_0x7c208189fe78 .functor BUFT 1, C4<11011000>, C4<0>, C4<0>, C4<0>;
v0x5673100dcaa0_97 .net v0x5673100dcaa0 97, 7 0, L_0x7c208189fe78; 1 drivers
L_0x7c208189fec0 .functor BUFT 1, C4<10101011>, C4<0>, C4<0>, C4<0>;
v0x5673100dcaa0_98 .net v0x5673100dcaa0 98, 7 0, L_0x7c208189fec0; 1 drivers
L_0x7c208189ff08 .functor BUFT 1, C4<00000000>, C4<0>, C4<0>, C4<0>;
v0x5673100dcaa0_99 .net v0x5673100dcaa0 99, 7 0, L_0x7c208189ff08; 1 drivers
L_0x7c208189ff50 .functor BUFT 1, C4<10001100>, C4<0>, C4<0>, C4<0>;
v0x5673100dcaa0_100 .net v0x5673100dcaa0 100, 7 0, L_0x7c208189ff50; 1 drivers
L_0x7c208189ff98 .functor BUFT 1, C4<10111100>, C4<0>, C4<0>, C4<0>;
v0x5673100dcaa0_101 .net v0x5673100dcaa0 101, 7 0, L_0x7c208189ff98; 1 drivers
L_0x7c208189ffe0 .functor BUFT 1, C4<11010011>, C4<0>, C4<0>, C4<0>;
v0x5673100dcaa0_102 .net v0x5673100dcaa0 102, 7 0, L_0x7c208189ffe0; 1 drivers
L_0x7c20818a0028 .functor BUFT 1, C4<00001010>, C4<0>, C4<0>, C4<0>;
v0x5673100dcaa0_103 .net v0x5673100dcaa0 103, 7 0, L_0x7c20818a0028; 1 drivers
L_0x7c20818a0070 .functor BUFT 1, C4<11110111>, C4<0>, C4<0>, C4<0>;
v0x5673100dcaa0_104 .net v0x5673100dcaa0 104, 7 0, L_0x7c20818a0070; 1 drivers
L_0x7c20818a00b8 .functor BUFT 1, C4<11100100>, C4<0>, C4<0>, C4<0>;
v0x5673100dcaa0_105 .net v0x5673100dcaa0 105, 7 0, L_0x7c20818a00b8; 1 drivers
L_0x7c20818a0100 .functor BUFT 1, C4<01011000>, C4<0>, C4<0>, C4<0>;
v0x5673100dcaa0_106 .net v0x5673100dcaa0 106, 7 0, L_0x7c20818a0100; 1 drivers
L_0x7c20818a0148 .functor BUFT 1, C4<00000101>, C4<0>, C4<0>, C4<0>;
v0x5673100dcaa0_107 .net v0x5673100dcaa0 107, 7 0, L_0x7c20818a0148; 1 drivers
L_0x7c20818a0190 .functor BUFT 1, C4<10111000>, C4<0>, C4<0>, C4<0>;
v0x5673100dcaa0_108 .net v0x5673100dcaa0 108, 7 0, L_0x7c20818a0190; 1 drivers
L_0x7c20818a01d8 .functor BUFT 1, C4<10110011>, C4<0>, C4<0>, C4<0>;
v0x5673100dcaa0_109 .net v0x5673100dcaa0 109, 7 0, L_0x7c20818a01d8; 1 drivers
L_0x7c20818a0220 .functor BUFT 1, C4<01000101>, C4<0>, C4<0>, C4<0>;
v0x5673100dcaa0_110 .net v0x5673100dcaa0 110, 7 0, L_0x7c20818a0220; 1 drivers
L_0x7c20818a0268 .functor BUFT 1, C4<00000110>, C4<0>, C4<0>, C4<0>;
v0x5673100dcaa0_111 .net v0x5673100dcaa0 111, 7 0, L_0x7c20818a0268; 1 drivers
L_0x7c20818a02b0 .functor BUFT 1, C4<11010000>, C4<0>, C4<0>, C4<0>;
v0x5673100dcaa0_112 .net v0x5673100dcaa0 112, 7 0, L_0x7c20818a02b0; 1 drivers
L_0x7c20818a02f8 .functor BUFT 1, C4<00101100>, C4<0>, C4<0>, C4<0>;
v0x5673100dcaa0_113 .net v0x5673100dcaa0 113, 7 0, L_0x7c20818a02f8; 1 drivers
L_0x7c20818a0340 .functor BUFT 1, C4<00011110>, C4<0>, C4<0>, C4<0>;
v0x5673100dcaa0_114 .net v0x5673100dcaa0 114, 7 0, L_0x7c20818a0340; 1 drivers
L_0x7c20818a0388 .functor BUFT 1, C4<10001111>, C4<0>, C4<0>, C4<0>;
v0x5673100dcaa0_115 .net v0x5673100dcaa0 115, 7 0, L_0x7c20818a0388; 1 drivers
L_0x7c20818a03d0 .functor BUFT 1, C4<11001010>, C4<0>, C4<0>, C4<0>;
v0x5673100dcaa0_116 .net v0x5673100dcaa0 116, 7 0, L_0x7c20818a03d0; 1 drivers
L_0x7c20818a0418 .functor BUFT 1, C4<00111111>, C4<0>, C4<0>, C4<0>;
v0x5673100dcaa0_117 .net v0x5673100dcaa0 117, 7 0, L_0x7c20818a0418; 1 drivers
L_0x7c20818a0460 .functor BUFT 1, C4<00001111>, C4<0>, C4<0>, C4<0>;
v0x5673100dcaa0_118 .net v0x5673100dcaa0 118, 7 0, L_0x7c20818a0460; 1 drivers
L_0x7c20818a04a8 .functor BUFT 1, C4<00000010>, C4<0>, C4<0>, C4<0>;
v0x5673100dcaa0_119 .net v0x5673100dcaa0 119, 7 0, L_0x7c20818a04a8; 1 drivers
L_0x7c20818a04f0 .functor BUFT 1, C4<11000001>, C4<0>, C4<0>, C4<0>;
v0x5673100dcaa0_120 .net v0x5673100dcaa0 120, 7 0, L_0x7c20818a04f0; 1 drivers
L_0x7c20818a0538 .functor BUFT 1, C4<10101111>, C4<0>, C4<0>, C4<0>;
v0x5673100dcaa0_121 .net v0x5673100dcaa0 121, 7 0, L_0x7c20818a0538; 1 drivers
L_0x7c20818a0580 .functor BUFT 1, C4<10111101>, C4<0>, C4<0>, C4<0>;
v0x5673100dcaa0_122 .net v0x5673100dcaa0 122, 7 0, L_0x7c20818a0580; 1 drivers
L_0x7c20818a05c8 .functor BUFT 1, C4<00000011>, C4<0>, C4<0>, C4<0>;
v0x5673100dcaa0_123 .net v0x5673100dcaa0 123, 7 0, L_0x7c20818a05c8; 1 drivers
L_0x7c20818a0610 .functor BUFT 1, C4<00000001>, C4<0>, C4<0>, C4<0>;
v0x5673100dcaa0_124 .net v0x5673100dcaa0 124, 7 0, L_0x7c20818a0610; 1 drivers
L_0x7c20818a0658 .functor BUFT 1, C4<00010011>, C4<0>, C4<0>, C4<0>;
v0x5673100dcaa0_125 .net v0x5673100dcaa0 125, 7 0, L_0x7c20818a0658; 1 drivers
L_0x7c20818a06a0 .functor BUFT 1, C4<10001010>, C4<0>, C4<0>, C4<0>;
v0x5673100dcaa0_126 .net v0x5673100dcaa0 126, 7 0, L_0x7c20818a06a0; 1 drivers
L_0x7c20818a06e8 .functor BUFT 1, C4<01101011>, C4<0>, C4<0>, C4<0>;
v0x5673100dcaa0_127 .net v0x5673100dcaa0 127, 7 0, L_0x7c20818a06e8; 1 drivers
L_0x7c20818a0730 .functor BUFT 1, C4<00111010>, C4<0>, C4<0>, C4<0>;
v0x5673100dcaa0_128 .net v0x5673100dcaa0 128, 7 0, L_0x7c20818a0730; 1 drivers
L_0x7c20818a0778 .functor BUFT 1, C4<10010001>, C4<0>, C4<0>, C4<0>;
v0x5673100dcaa0_129 .net v0x5673100dcaa0 129, 7 0, L_0x7c20818a0778; 1 drivers
L_0x7c20818a07c0 .functor BUFT 1, C4<00010001>, C4<0>, C4<0>, C4<0>;
v0x5673100dcaa0_130 .net v0x5673100dcaa0 130, 7 0, L_0x7c20818a07c0; 1 drivers
L_0x7c20818a0808 .functor BUFT 1, C4<01000001>, C4<0>, C4<0>, C4<0>;
v0x5673100dcaa0_131 .net v0x5673100dcaa0 131, 7 0, L_0x7c20818a0808; 1 drivers
L_0x7c20818a0850 .functor BUFT 1, C4<01001111>, C4<0>, C4<0>, C4<0>;
v0x5673100dcaa0_132 .net v0x5673100dcaa0 132, 7 0, L_0x7c20818a0850; 1 drivers
L_0x7c20818a0898 .functor BUFT 1, C4<01100111>, C4<0>, C4<0>, C4<0>;
v0x5673100dcaa0_133 .net v0x5673100dcaa0 133, 7 0, L_0x7c20818a0898; 1 drivers
L_0x7c20818a08e0 .functor BUFT 1, C4<11011100>, C4<0>, C4<0>, C4<0>;
v0x5673100dcaa0_134 .net v0x5673100dcaa0 134, 7 0, L_0x7c20818a08e0; 1 drivers
L_0x7c20818a0928 .functor BUFT 1, C4<11101010>, C4<0>, C4<0>, C4<0>;
v0x5673100dcaa0_135 .net v0x5673100dcaa0 135, 7 0, L_0x7c20818a0928; 1 drivers
L_0x7c20818a0970 .functor BUFT 1, C4<10010111>, C4<0>, C4<0>, C4<0>;
v0x5673100dcaa0_136 .net v0x5673100dcaa0 136, 7 0, L_0x7c20818a0970; 1 drivers
L_0x7c20818a09b8 .functor BUFT 1, C4<11110010>, C4<0>, C4<0>, C4<0>;
v0x5673100dcaa0_137 .net v0x5673100dcaa0 137, 7 0, L_0x7c20818a09b8; 1 drivers
L_0x7c20818a0a00 .functor BUFT 1, C4<11001111>, C4<0>, C4<0>, C4<0>;
v0x5673100dcaa0_138 .net v0x5673100dcaa0 138, 7 0, L_0x7c20818a0a00; 1 drivers
L_0x7c20818a0a48 .functor BUFT 1, C4<11001110>, C4<0>, C4<0>, C4<0>;
v0x5673100dcaa0_139 .net v0x5673100dcaa0 139, 7 0, L_0x7c20818a0a48; 1 drivers
L_0x7c20818a0a90 .functor BUFT 1, C4<11110000>, C4<0>, C4<0>, C4<0>;
v0x5673100dcaa0_140 .net v0x5673100dcaa0 140, 7 0, L_0x7c20818a0a90; 1 drivers
L_0x7c20818a0ad8 .functor BUFT 1, C4<10110100>, C4<0>, C4<0>, C4<0>;
v0x5673100dcaa0_141 .net v0x5673100dcaa0 141, 7 0, L_0x7c20818a0ad8; 1 drivers
L_0x7c20818a0b20 .functor BUFT 1, C4<11100110>, C4<0>, C4<0>, C4<0>;
v0x5673100dcaa0_142 .net v0x5673100dcaa0 142, 7 0, L_0x7c20818a0b20; 1 drivers
L_0x7c20818a0b68 .functor BUFT 1, C4<01110011>, C4<0>, C4<0>, C4<0>;
v0x5673100dcaa0_143 .net v0x5673100dcaa0 143, 7 0, L_0x7c20818a0b68; 1 drivers
L_0x7c20818a0bb0 .functor BUFT 1, C4<10010110>, C4<0>, C4<0>, C4<0>;
v0x5673100dcaa0_144 .net v0x5673100dcaa0 144, 7 0, L_0x7c20818a0bb0; 1 drivers
L_0x7c20818a0bf8 .functor BUFT 1, C4<10101100>, C4<0>, C4<0>, C4<0>;
v0x5673100dcaa0_145 .net v0x5673100dcaa0 145, 7 0, L_0x7c20818a0bf8; 1 drivers
L_0x7c20818a0c40 .functor BUFT 1, C4<01110100>, C4<0>, C4<0>, C4<0>;
v0x5673100dcaa0_146 .net v0x5673100dcaa0 146, 7 0, L_0x7c20818a0c40; 1 drivers
L_0x7c20818a0c88 .functor BUFT 1, C4<00100010>, C4<0>, C4<0>, C4<0>;
v0x5673100dcaa0_147 .net v0x5673100dcaa0 147, 7 0, L_0x7c20818a0c88; 1 drivers
L_0x7c20818a0cd0 .functor BUFT 1, C4<11100111>, C4<0>, C4<0>, C4<0>;
v0x5673100dcaa0_148 .net v0x5673100dcaa0 148, 7 0, L_0x7c20818a0cd0; 1 drivers
L_0x7c20818a0d18 .functor BUFT 1, C4<10101101>, C4<0>, C4<0>, C4<0>;
v0x5673100dcaa0_149 .net v0x5673100dcaa0 149, 7 0, L_0x7c20818a0d18; 1 drivers
L_0x7c20818a0d60 .functor BUFT 1, C4<00110101>, C4<0>, C4<0>, C4<0>;
v0x5673100dcaa0_150 .net v0x5673100dcaa0 150, 7 0, L_0x7c20818a0d60; 1 drivers
L_0x7c20818a0da8 .functor BUFT 1, C4<10000101>, C4<0>, C4<0>, C4<0>;
v0x5673100dcaa0_151 .net v0x5673100dcaa0 151, 7 0, L_0x7c20818a0da8; 1 drivers
L_0x7c20818a0df0 .functor BUFT 1, C4<11100010>, C4<0>, C4<0>, C4<0>;
v0x5673100dcaa0_152 .net v0x5673100dcaa0 152, 7 0, L_0x7c20818a0df0; 1 drivers
L_0x7c20818a0e38 .functor BUFT 1, C4<11111001>, C4<0>, C4<0>, C4<0>;
v0x5673100dcaa0_153 .net v0x5673100dcaa0 153, 7 0, L_0x7c20818a0e38; 1 drivers
L_0x7c20818a0e80 .functor BUFT 1, C4<00110111>, C4<0>, C4<0>, C4<0>;
v0x5673100dcaa0_154 .net v0x5673100dcaa0 154, 7 0, L_0x7c20818a0e80; 1 drivers
L_0x7c20818a0ec8 .functor BUFT 1, C4<11101000>, C4<0>, C4<0>, C4<0>;
v0x5673100dcaa0_155 .net v0x5673100dcaa0 155, 7 0, L_0x7c20818a0ec8; 1 drivers
L_0x7c20818a0f10 .functor BUFT 1, C4<00011100>, C4<0>, C4<0>, C4<0>;
v0x5673100dcaa0_156 .net v0x5673100dcaa0 156, 7 0, L_0x7c20818a0f10; 1 drivers
L_0x7c20818a0f58 .functor BUFT 1, C4<01110101>, C4<0>, C4<0>, C4<0>;
v0x5673100dcaa0_157 .net v0x5673100dcaa0 157, 7 0, L_0x7c20818a0f58; 1 drivers
L_0x7c20818a0fa0 .functor BUFT 1, C4<11011111>, C4<0>, C4<0>, C4<0>;
v0x5673100dcaa0_158 .net v0x5673100dcaa0 158, 7 0, L_0x7c20818a0fa0; 1 drivers
L_0x7c20818a0fe8 .functor BUFT 1, C4<01101110>, C4<0>, C4<0>, C4<0>;
v0x5673100dcaa0_159 .net v0x5673100dcaa0 159, 7 0, L_0x7c20818a0fe8; 1 drivers
L_0x7c20818a1030 .functor BUFT 1, C4<01000111>, C4<0>, C4<0>, C4<0>;
v0x5673100dcaa0_160 .net v0x5673100dcaa0 160, 7 0, L_0x7c20818a1030; 1 drivers
L_0x7c20818a1078 .functor BUFT 1, C4<11110001>, C4<0>, C4<0>, C4<0>;
v0x5673100dcaa0_161 .net v0x5673100dcaa0 161, 7 0, L_0x7c20818a1078; 1 drivers
L_0x7c20818a10c0 .functor BUFT 1, C4<00011010>, C4<0>, C4<0>, C4<0>;
v0x5673100dcaa0_162 .net v0x5673100dcaa0 162, 7 0, L_0x7c20818a10c0; 1 drivers
L_0x7c20818a1108 .functor BUFT 1, C4<01110001>, C4<0>, C4<0>, C4<0>;
v0x5673100dcaa0_163 .net v0x5673100dcaa0 163, 7 0, L_0x7c20818a1108; 1 drivers
L_0x7c20818a1150 .functor BUFT 1, C4<00011101>, C4<0>, C4<0>, C4<0>;
v0x5673100dcaa0_164 .net v0x5673100dcaa0 164, 7 0, L_0x7c20818a1150; 1 drivers
L_0x7c20818a1198 .functor BUFT 1, C4<00101001>, C4<0>, C4<0>, C4<0>;
v0x5673100dcaa0_165 .net v0x5673100dcaa0 165, 7 0, L_0x7c20818a1198; 1 drivers
L_0x7c20818a11e0 .functor BUFT 1, C4<11000101>, C4<0>, C4<0>, C4<0>;
v0x5673100dcaa0_166 .net v0x5673100dcaa0 166, 7 0, L_0x7c20818a11e0; 1 drivers
L_0x7c20818a1228 .functor BUFT 1, C4<10001001>, C4<0>, C4<0>, C4<0>;
v0x5673100dcaa0_167 .net v0x5673100dcaa0 167, 7 0, L_0x7c20818a1228; 1 drivers
L_0x7c20818a1270 .functor BUFT 1, C4<01101111>, C4<0>, C4<0>, C4<0>;
v0x5673100dcaa0_168 .net v0x5673100dcaa0 168, 7 0, L_0x7c20818a1270; 1 drivers
L_0x7c20818a12b8 .functor BUFT 1, C4<10110111>, C4<0>, C4<0>, C4<0>;
v0x5673100dcaa0_169 .net v0x5673100dcaa0 169, 7 0, L_0x7c20818a12b8; 1 drivers
L_0x7c20818a1300 .functor BUFT 1, C4<01100010>, C4<0>, C4<0>, C4<0>;
v0x5673100dcaa0_170 .net v0x5673100dcaa0 170, 7 0, L_0x7c20818a1300; 1 drivers
L_0x7c20818a1348 .functor BUFT 1, C4<00001110>, C4<0>, C4<0>, C4<0>;
v0x5673100dcaa0_171 .net v0x5673100dcaa0 171, 7 0, L_0x7c20818a1348; 1 drivers
L_0x7c20818a1390 .functor BUFT 1, C4<10101010>, C4<0>, C4<0>, C4<0>;
v0x5673100dcaa0_172 .net v0x5673100dcaa0 172, 7 0, L_0x7c20818a1390; 1 drivers
L_0x7c20818a13d8 .functor BUFT 1, C4<00011000>, C4<0>, C4<0>, C4<0>;
v0x5673100dcaa0_173 .net v0x5673100dcaa0 173, 7 0, L_0x7c20818a13d8; 1 drivers
L_0x7c20818a1420 .functor BUFT 1, C4<10111110>, C4<0>, C4<0>, C4<0>;
v0x5673100dcaa0_174 .net v0x5673100dcaa0 174, 7 0, L_0x7c20818a1420; 1 drivers
L_0x7c20818a1468 .functor BUFT 1, C4<00011011>, C4<0>, C4<0>, C4<0>;
v0x5673100dcaa0_175 .net v0x5673100dcaa0 175, 7 0, L_0x7c20818a1468; 1 drivers
L_0x7c20818a14b0 .functor BUFT 1, C4<11111100>, C4<0>, C4<0>, C4<0>;
v0x5673100dcaa0_176 .net v0x5673100dcaa0 176, 7 0, L_0x7c20818a14b0; 1 drivers
L_0x7c20818a14f8 .functor BUFT 1, C4<01010110>, C4<0>, C4<0>, C4<0>;
v0x5673100dcaa0_177 .net v0x5673100dcaa0 177, 7 0, L_0x7c20818a14f8; 1 drivers
L_0x7c20818a1540 .functor BUFT 1, C4<00111110>, C4<0>, C4<0>, C4<0>;
v0x5673100dcaa0_178 .net v0x5673100dcaa0 178, 7 0, L_0x7c20818a1540; 1 drivers
L_0x7c20818a1588 .functor BUFT 1, C4<01001011>, C4<0>, C4<0>, C4<0>;
v0x5673100dcaa0_179 .net v0x5673100dcaa0 179, 7 0, L_0x7c20818a1588; 1 drivers
L_0x7c20818a15d0 .functor BUFT 1, C4<11000110>, C4<0>, C4<0>, C4<0>;
v0x5673100dcaa0_180 .net v0x5673100dcaa0 180, 7 0, L_0x7c20818a15d0; 1 drivers
L_0x7c20818a1618 .functor BUFT 1, C4<11010010>, C4<0>, C4<0>, C4<0>;
v0x5673100dcaa0_181 .net v0x5673100dcaa0 181, 7 0, L_0x7c20818a1618; 1 drivers
L_0x7c20818a1660 .functor BUFT 1, C4<01111001>, C4<0>, C4<0>, C4<0>;
v0x5673100dcaa0_182 .net v0x5673100dcaa0 182, 7 0, L_0x7c20818a1660; 1 drivers
L_0x7c20818a16a8 .functor BUFT 1, C4<00100000>, C4<0>, C4<0>, C4<0>;
v0x5673100dcaa0_183 .net v0x5673100dcaa0 183, 7 0, L_0x7c20818a16a8; 1 drivers
L_0x7c20818a16f0 .functor BUFT 1, C4<10011010>, C4<0>, C4<0>, C4<0>;
v0x5673100dcaa0_184 .net v0x5673100dcaa0 184, 7 0, L_0x7c20818a16f0; 1 drivers
L_0x7c20818a1738 .functor BUFT 1, C4<11011011>, C4<0>, C4<0>, C4<0>;
v0x5673100dcaa0_185 .net v0x5673100dcaa0 185, 7 0, L_0x7c20818a1738; 1 drivers
L_0x7c20818a1780 .functor BUFT 1, C4<11000000>, C4<0>, C4<0>, C4<0>;
v0x5673100dcaa0_186 .net v0x5673100dcaa0 186, 7 0, L_0x7c20818a1780; 1 drivers
L_0x7c20818a17c8 .functor BUFT 1, C4<11111110>, C4<0>, C4<0>, C4<0>;
v0x5673100dcaa0_187 .net v0x5673100dcaa0 187, 7 0, L_0x7c20818a17c8; 1 drivers
L_0x7c20818a1810 .functor BUFT 1, C4<01111000>, C4<0>, C4<0>, C4<0>;
v0x5673100dcaa0_188 .net v0x5673100dcaa0 188, 7 0, L_0x7c20818a1810; 1 drivers
L_0x7c20818a1858 .functor BUFT 1, C4<11001101>, C4<0>, C4<0>, C4<0>;
v0x5673100dcaa0_189 .net v0x5673100dcaa0 189, 7 0, L_0x7c20818a1858; 1 drivers
L_0x7c20818a18a0 .functor BUFT 1, C4<01011010>, C4<0>, C4<0>, C4<0>;
v0x5673100dcaa0_190 .net v0x5673100dcaa0 190, 7 0, L_0x7c20818a18a0; 1 drivers
L_0x7c20818a18e8 .functor BUFT 1, C4<11110100>, C4<0>, C4<0>, C4<0>;
v0x5673100dcaa0_191 .net v0x5673100dcaa0 191, 7 0, L_0x7c20818a18e8; 1 drivers
L_0x7c20818a1930 .functor BUFT 1, C4<00011111>, C4<0>, C4<0>, C4<0>;
v0x5673100dcaa0_192 .net v0x5673100dcaa0 192, 7 0, L_0x7c20818a1930; 1 drivers
L_0x7c20818a1978 .functor BUFT 1, C4<11011101>, C4<0>, C4<0>, C4<0>;
v0x5673100dcaa0_193 .net v0x5673100dcaa0 193, 7 0, L_0x7c20818a1978; 1 drivers
L_0x7c20818a19c0 .functor BUFT 1, C4<10101000>, C4<0>, C4<0>, C4<0>;
v0x5673100dcaa0_194 .net v0x5673100dcaa0 194, 7 0, L_0x7c20818a19c0; 1 drivers
L_0x7c20818a1a08 .functor BUFT 1, C4<00110011>, C4<0>, C4<0>, C4<0>;
v0x5673100dcaa0_195 .net v0x5673100dcaa0 195, 7 0, L_0x7c20818a1a08; 1 drivers
L_0x7c20818a1a50 .functor BUFT 1, C4<10001000>, C4<0>, C4<0>, C4<0>;
v0x5673100dcaa0_196 .net v0x5673100dcaa0 196, 7 0, L_0x7c20818a1a50; 1 drivers
L_0x7c20818a1a98 .functor BUFT 1, C4<00000111>, C4<0>, C4<0>, C4<0>;
v0x5673100dcaa0_197 .net v0x5673100dcaa0 197, 7 0, L_0x7c20818a1a98; 1 drivers
L_0x7c20818a1ae0 .functor BUFT 1, C4<11000111>, C4<0>, C4<0>, C4<0>;
v0x5673100dcaa0_198 .net v0x5673100dcaa0 198, 7 0, L_0x7c20818a1ae0; 1 drivers
L_0x7c20818a1b28 .functor BUFT 1, C4<00110001>, C4<0>, C4<0>, C4<0>;
v0x5673100dcaa0_199 .net v0x5673100dcaa0 199, 7 0, L_0x7c20818a1b28; 1 drivers
L_0x7c20818a1b70 .functor BUFT 1, C4<10110001>, C4<0>, C4<0>, C4<0>;
v0x5673100dcaa0_200 .net v0x5673100dcaa0 200, 7 0, L_0x7c20818a1b70; 1 drivers
L_0x7c20818a1bb8 .functor BUFT 1, C4<00010010>, C4<0>, C4<0>, C4<0>;
v0x5673100dcaa0_201 .net v0x5673100dcaa0 201, 7 0, L_0x7c20818a1bb8; 1 drivers
L_0x7c20818a1c00 .functor BUFT 1, C4<00010000>, C4<0>, C4<0>, C4<0>;
v0x5673100dcaa0_202 .net v0x5673100dcaa0 202, 7 0, L_0x7c20818a1c00; 1 drivers
L_0x7c20818a1c48 .functor BUFT 1, C4<01011001>, C4<0>, C4<0>, C4<0>;
v0x5673100dcaa0_203 .net v0x5673100dcaa0 203, 7 0, L_0x7c20818a1c48; 1 drivers
L_0x7c20818a1c90 .functor BUFT 1, C4<00100111>, C4<0>, C4<0>, C4<0>;
v0x5673100dcaa0_204 .net v0x5673100dcaa0 204, 7 0, L_0x7c20818a1c90; 1 drivers
L_0x7c20818a1cd8 .functor BUFT 1, C4<10000000>, C4<0>, C4<0>, C4<0>;
v0x5673100dcaa0_205 .net v0x5673100dcaa0 205, 7 0, L_0x7c20818a1cd8; 1 drivers
L_0x7c20818a1d20 .functor BUFT 1, C4<11101100>, C4<0>, C4<0>, C4<0>;
v0x5673100dcaa0_206 .net v0x5673100dcaa0 206, 7 0, L_0x7c20818a1d20; 1 drivers
L_0x7c20818a1d68 .functor BUFT 1, C4<01011111>, C4<0>, C4<0>, C4<0>;
v0x5673100dcaa0_207 .net v0x5673100dcaa0 207, 7 0, L_0x7c20818a1d68; 1 drivers
L_0x7c20818a1db0 .functor BUFT 1, C4<01100000>, C4<0>, C4<0>, C4<0>;
v0x5673100dcaa0_208 .net v0x5673100dcaa0 208, 7 0, L_0x7c20818a1db0; 1 drivers
L_0x7c20818a1df8 .functor BUFT 1, C4<01010001>, C4<0>, C4<0>, C4<0>;
v0x5673100dcaa0_209 .net v0x5673100dcaa0 209, 7 0, L_0x7c20818a1df8; 1 drivers
L_0x7c20818a1e40 .functor BUFT 1, C4<01111111>, C4<0>, C4<0>, C4<0>;
v0x5673100dcaa0_210 .net v0x5673100dcaa0 210, 7 0, L_0x7c20818a1e40; 1 drivers
L_0x7c20818a1e88 .functor BUFT 1, C4<10101001>, C4<0>, C4<0>, C4<0>;
v0x5673100dcaa0_211 .net v0x5673100dcaa0 211, 7 0, L_0x7c20818a1e88; 1 drivers
L_0x7c20818a1ed0 .functor BUFT 1, C4<00011001>, C4<0>, C4<0>, C4<0>;
v0x5673100dcaa0_212 .net v0x5673100dcaa0 212, 7 0, L_0x7c20818a1ed0; 1 drivers
L_0x7c20818a1f18 .functor BUFT 1, C4<10110101>, C4<0>, C4<0>, C4<0>;
v0x5673100dcaa0_213 .net v0x5673100dcaa0 213, 7 0, L_0x7c20818a1f18; 1 drivers
L_0x7c20818a1f60 .functor BUFT 1, C4<01001010>, C4<0>, C4<0>, C4<0>;
v0x5673100dcaa0_214 .net v0x5673100dcaa0 214, 7 0, L_0x7c20818a1f60; 1 drivers
L_0x7c20818a1fa8 .functor BUFT 1, C4<00001101>, C4<0>, C4<0>, C4<0>;
v0x5673100dcaa0_215 .net v0x5673100dcaa0 215, 7 0, L_0x7c20818a1fa8; 1 drivers
L_0x7c20818a1ff0 .functor BUFT 1, C4<00101101>, C4<0>, C4<0>, C4<0>;
v0x5673100dcaa0_216 .net v0x5673100dcaa0 216, 7 0, L_0x7c20818a1ff0; 1 drivers
L_0x7c20818a2038 .functor BUFT 1, C4<11100101>, C4<0>, C4<0>, C4<0>;
v0x5673100dcaa0_217 .net v0x5673100dcaa0 217, 7 0, L_0x7c20818a2038; 1 drivers
L_0x7c20818a2080 .functor BUFT 1, C4<01111010>, C4<0>, C4<0>, C4<0>;
v0x5673100dcaa0_218 .net v0x5673100dcaa0 218, 7 0, L_0x7c20818a2080; 1 drivers
L_0x7c20818a20c8 .functor BUFT 1, C4<10011111>, C4<0>, C4<0>, C4<0>;
v0x5673100dcaa0_219 .net v0x5673100dcaa0 219, 7 0, L_0x7c20818a20c8; 1 drivers
L_0x7c20818a2110 .functor BUFT 1, C4<10010011>, C4<0>, C4<0>, C4<0>;
v0x5673100dcaa0_220 .net v0x5673100dcaa0 220, 7 0, L_0x7c20818a2110; 1 drivers
L_0x7c20818a2158 .functor BUFT 1, C4<11001001>, C4<0>, C4<0>, C4<0>;
v0x5673100dcaa0_221 .net v0x5673100dcaa0 221, 7 0, L_0x7c20818a2158; 1 drivers
L_0x7c20818a21a0 .functor BUFT 1, C4<10011100>, C4<0>, C4<0>, C4<0>;
v0x5673100dcaa0_222 .net v0x5673100dcaa0 222, 7 0, L_0x7c20818a21a0; 1 drivers
L_0x7c20818a21e8 .functor BUFT 1, C4<11101111>, C4<0>, C4<0>, C4<0>;
v0x5673100dcaa0_223 .net v0x5673100dcaa0 223, 7 0, L_0x7c20818a21e8; 1 drivers
L_0x7c20818a2230 .functor BUFT 1, C4<10100000>, C4<0>, C4<0>, C4<0>;
v0x5673100dcaa0_224 .net v0x5673100dcaa0 224, 7 0, L_0x7c20818a2230; 1 drivers
L_0x7c20818a2278 .functor BUFT 1, C4<11100000>, C4<0>, C4<0>, C4<0>;
v0x5673100dcaa0_225 .net v0x5673100dcaa0 225, 7 0, L_0x7c20818a2278; 1 drivers
L_0x7c20818a22c0 .functor BUFT 1, C4<00111011>, C4<0>, C4<0>, C4<0>;
v0x5673100dcaa0_226 .net v0x5673100dcaa0 226, 7 0, L_0x7c20818a22c0; 1 drivers
L_0x7c20818a2308 .functor BUFT 1, C4<01001101>, C4<0>, C4<0>, C4<0>;
v0x5673100dcaa0_227 .net v0x5673100dcaa0 227, 7 0, L_0x7c20818a2308; 1 drivers
L_0x7c20818a2350 .functor BUFT 1, C4<10101110>, C4<0>, C4<0>, C4<0>;
v0x5673100dcaa0_228 .net v0x5673100dcaa0 228, 7 0, L_0x7c20818a2350; 1 drivers
L_0x7c20818a2398 .functor BUFT 1, C4<00101010>, C4<0>, C4<0>, C4<0>;
v0x5673100dcaa0_229 .net v0x5673100dcaa0 229, 7 0, L_0x7c20818a2398; 1 drivers
L_0x7c20818a23e0 .functor BUFT 1, C4<11110101>, C4<0>, C4<0>, C4<0>;
v0x5673100dcaa0_230 .net v0x5673100dcaa0 230, 7 0, L_0x7c20818a23e0; 1 drivers
L_0x7c20818a2428 .functor BUFT 1, C4<10110000>, C4<0>, C4<0>, C4<0>;
v0x5673100dcaa0_231 .net v0x5673100dcaa0 231, 7 0, L_0x7c20818a2428; 1 drivers
L_0x7c20818a2470 .functor BUFT 1, C4<11001000>, C4<0>, C4<0>, C4<0>;
v0x5673100dcaa0_232 .net v0x5673100dcaa0 232, 7 0, L_0x7c20818a2470; 1 drivers
L_0x7c20818a24b8 .functor BUFT 1, C4<11101011>, C4<0>, C4<0>, C4<0>;
v0x5673100dcaa0_233 .net v0x5673100dcaa0 233, 7 0, L_0x7c20818a24b8; 1 drivers
L_0x7c20818a2500 .functor BUFT 1, C4<10111011>, C4<0>, C4<0>, C4<0>;
v0x5673100dcaa0_234 .net v0x5673100dcaa0 234, 7 0, L_0x7c20818a2500; 1 drivers
L_0x7c20818a2548 .functor BUFT 1, C4<00111100>, C4<0>, C4<0>, C4<0>;
v0x5673100dcaa0_235 .net v0x5673100dcaa0 235, 7 0, L_0x7c20818a2548; 1 drivers
L_0x7c20818a2590 .functor BUFT 1, C4<10000011>, C4<0>, C4<0>, C4<0>;
v0x5673100dcaa0_236 .net v0x5673100dcaa0 236, 7 0, L_0x7c20818a2590; 1 drivers
L_0x7c20818a25d8 .functor BUFT 1, C4<01010011>, C4<0>, C4<0>, C4<0>;
v0x5673100dcaa0_237 .net v0x5673100dcaa0 237, 7 0, L_0x7c20818a25d8; 1 drivers
L_0x7c20818a2620 .functor BUFT 1, C4<10011001>, C4<0>, C4<0>, C4<0>;
v0x5673100dcaa0_238 .net v0x5673100dcaa0 238, 7 0, L_0x7c20818a2620; 1 drivers
L_0x7c20818a2668 .functor BUFT 1, C4<01100001>, C4<0>, C4<0>, C4<0>;
v0x5673100dcaa0_239 .net v0x5673100dcaa0 239, 7 0, L_0x7c20818a2668; 1 drivers
L_0x7c20818a26b0 .functor BUFT 1, C4<00010111>, C4<0>, C4<0>, C4<0>;
v0x5673100dcaa0_240 .net v0x5673100dcaa0 240, 7 0, L_0x7c20818a26b0; 1 drivers
L_0x7c20818a26f8 .functor BUFT 1, C4<00101011>, C4<0>, C4<0>, C4<0>;
v0x5673100dcaa0_241 .net v0x5673100dcaa0 241, 7 0, L_0x7c20818a26f8; 1 drivers
L_0x7c20818a2740 .functor BUFT 1, C4<00000100>, C4<0>, C4<0>, C4<0>;
v0x5673100dcaa0_242 .net v0x5673100dcaa0 242, 7 0, L_0x7c20818a2740; 1 drivers
L_0x7c20818a2788 .functor BUFT 1, C4<01111110>, C4<0>, C4<0>, C4<0>;
v0x5673100dcaa0_243 .net v0x5673100dcaa0 243, 7 0, L_0x7c20818a2788; 1 drivers
L_0x7c20818a27d0 .functor BUFT 1, C4<10111010>, C4<0>, C4<0>, C4<0>;
v0x5673100dcaa0_244 .net v0x5673100dcaa0 244, 7 0, L_0x7c20818a27d0; 1 drivers
L_0x7c20818a2818 .functor BUFT 1, C4<01110111>, C4<0>, C4<0>, C4<0>;
v0x5673100dcaa0_245 .net v0x5673100dcaa0 245, 7 0, L_0x7c20818a2818; 1 drivers
L_0x7c20818a2860 .functor BUFT 1, C4<11010110>, C4<0>, C4<0>, C4<0>;
v0x5673100dcaa0_246 .net v0x5673100dcaa0 246, 7 0, L_0x7c20818a2860; 1 drivers
L_0x7c20818a28a8 .functor BUFT 1, C4<00100110>, C4<0>, C4<0>, C4<0>;
v0x5673100dcaa0_247 .net v0x5673100dcaa0 247, 7 0, L_0x7c20818a28a8; 1 drivers
L_0x7c20818a28f0 .functor BUFT 1, C4<11100001>, C4<0>, C4<0>, C4<0>;
v0x5673100dcaa0_248 .net v0x5673100dcaa0 248, 7 0, L_0x7c20818a28f0; 1 drivers
L_0x7c20818a2938 .functor BUFT 1, C4<01101001>, C4<0>, C4<0>, C4<0>;
v0x5673100dcaa0_249 .net v0x5673100dcaa0 249, 7 0, L_0x7c20818a2938; 1 drivers
L_0x7c20818a2980 .functor BUFT 1, C4<00010100>, C4<0>, C4<0>, C4<0>;
v0x5673100dcaa0_250 .net v0x5673100dcaa0 250, 7 0, L_0x7c20818a2980; 1 drivers
L_0x7c20818a29c8 .functor BUFT 1, C4<01100011>, C4<0>, C4<0>, C4<0>;
v0x5673100dcaa0_251 .net v0x5673100dcaa0 251, 7 0, L_0x7c20818a29c8; 1 drivers
L_0x7c20818a2a10 .functor BUFT 1, C4<01010101>, C4<0>, C4<0>, C4<0>;
v0x5673100dcaa0_252 .net v0x5673100dcaa0 252, 7 0, L_0x7c20818a2a10; 1 drivers
L_0x7c20818a2a58 .functor BUFT 1, C4<00100001>, C4<0>, C4<0>, C4<0>;
v0x5673100dcaa0_253 .net v0x5673100dcaa0 253, 7 0, L_0x7c20818a2a58; 1 drivers
L_0x7c20818a2aa0 .functor BUFT 1, C4<00001100>, C4<0>, C4<0>, C4<0>;
v0x5673100dcaa0_254 .net v0x5673100dcaa0 254, 7 0, L_0x7c20818a2aa0; 1 drivers
L_0x7c20818a2ae8 .functor BUFT 1, C4<01111101>, C4<0>, C4<0>, C4<0>;
v0x5673100dcaa0_255 .net v0x5673100dcaa0 255, 7 0, L_0x7c20818a2ae8; 1 drivers
v0x5673100d7060_0 .net "new_sboxw", 31 0, L_0x56731003fb50;  alias, 1 drivers
v0x5673100d6b60_0 .var "op_count", 9 0;
o0x7c20818eaca8 .functor BUFZ 1, C4<z>; HiZ drive
v0x5673100d6c40_0 .net "rst_n", 0 0, o0x7c20818eaca8;  0 drivers
o0x7c20818eacd8 .functor BUFZ 1, C4<z>; HiZ drive
v0x5673100d66e0_0 .net "sbox_en", 0 0, o0x7c20818eacd8;  0 drivers
v0x5673100d67a0_0 .net "sbox_locked", 0 0, L_0x56730ffa9c80;  1 drivers
v0x5673100d6260_0 .net "sboxw", 31 0, v0x5673100cc4e0_0;  1 drivers
E_0x56730ff9fd20/0 .event negedge, v0x5673100d6c40_0;
E_0x56730ff9fd20/1 .event posedge, v0x5673100dc9e0_0;
E_0x56730ff9fd20 .event/or E_0x56730ff9fd20/0, E_0x56730ff9fd20/1;
L_0x5673100427c0 .array/port v0x5673100dcaa0, L_0x567310042340;
L_0x5673100428c0 .part v0x5673100cc4e0_0, 24, 8;
L_0x567310042340 .concat [ 8 2 0 0], L_0x5673100428c0, L_0x7c208189e138;
L_0x567310041f10 .functor MUXZ 8, L_0x5673100427c0, L_0x7c208189e0f0, v0x5673100dcf40_0, C4<>;
L_0x567310041ae0 .array/port v0x5673100dcaa0, L_0x5673100416a0;
L_0x5673100415c0 .part v0x5673100cc4e0_0, 16, 8;
L_0x5673100416a0 .concat [ 8 2 0 0], L_0x5673100415c0, L_0x7c208189e1c8;
L_0x5673100411e0 .functor MUXZ 8, L_0x567310041ae0, L_0x7c208189e180, v0x5673100dcf40_0, C4<>;
L_0x567310040d60 .array/port v0x5673100dcaa0, L_0x5673100403c0;
L_0x567310040840 .part v0x5673100cc4e0_0, 8, 8;
L_0x5673100403c0 .concat [ 8 2 0 0], L_0x567310040840, L_0x7c208189e258;
L_0x56731003ffd0 .functor MUXZ 8, L_0x567310040d60, L_0x7c208189e210, v0x5673100dcf40_0, C4<>;
L_0x56731003fb50 .concat8 [ 8 8 8 8], L_0x56731003ede0, L_0x56731003ffd0, L_0x5673100411e0, L_0x567310041f10;
L_0x56731003f690 .array/port v0x5673100dcaa0, L_0x56731003f260;
L_0x56731003f1c0 .part v0x5673100cc4e0_0, 0, 8;
L_0x56731003f260 .concat [ 8 2 0 0], L_0x56731003f1c0, L_0x7c208189e2e8;
L_0x56731003ede0 .functor MUXZ 8, L_0x56731003f690, L_0x7c208189e2a0, v0x5673100dcf40_0, C4<>;
S_0x5673100d5de0 .scope autofunction.vec4.s128, "inv_shiftrows" "inv_shiftrows" 4 126, 4 126 0, S_0x56731007c3c0;
 .timescale 0 0;
v0x5673100d5960_0 .var "data", 127 0;
; Variable inv_shiftrows is vec4 return value of scope S_0x5673100d5de0
v0x5673100d54e0_0 .var "w0", 31 0;
v0x5673100d5580_0 .var "w1", 31 0;
v0x5673100d5060_0 .var "w2", 31 0;
v0x5673100d4be0_0 .var "w3", 31 0;
v0x5673100d4cc0_0 .var "ws0", 31 0;
v0x5673100d4760_0 .var "ws1", 31 0;
v0x5673100d4840_0 .var "ws2", 31 0;
v0x5673100d42e0_0 .var "ws3", 31 0;
TD_aes.core.dec_block.inv_shiftrows ;
    %load/vec4 v0x5673100d5960_0;
    %parti/s 32, 96, 8;
    %store/vec4 v0x5673100d54e0_0, 0, 32;
    %load/vec4 v0x5673100d5960_0;
    %parti/s 32, 64, 8;
    %store/vec4 v0x5673100d5580_0, 0, 32;
    %load/vec4 v0x5673100d5960_0;
    %parti/s 32, 32, 7;
    %store/vec4 v0x5673100d5060_0, 0, 32;
    %load/vec4 v0x5673100d5960_0;
    %parti/s 32, 0, 2;
    %store/vec4 v0x5673100d4be0_0, 0, 32;
    %load/vec4 v0x5673100d54e0_0;
    %parti/s 8, 24, 6;
    %load/vec4 v0x5673100d4be0_0;
    %parti/s 8, 16, 6;
    %concat/vec4; draw_concat_vec4
    %load/vec4 v0x5673100d5060_0;
    %parti/s 8, 8, 5;
    %concat/vec4; draw_concat_vec4
    %load/vec4 v0x5673100d5580_0;
    %parti/s 8, 0, 2;
    %concat/vec4; draw_concat_vec4
    %store/vec4 v0x5673100d4cc0_0, 0, 32;
    %load/vec4 v0x5673100d5580_0;
    %parti/s 8, 24, 6;
    %load/vec4 v0x5673100d54e0_0;
    %parti/s 8, 16, 6;
    %concat/vec4; draw_concat_vec4
    %load/vec4 v0x5673100d4be0_0;
    %parti/s 8, 8, 5;
    %concat/vec4; draw_concat_vec4
    %load/vec4 v0x5673100d5060_0;
    %parti/s 8, 0, 2;
    %concat/vec4; draw_concat_vec4
    %store/vec4 v0x5673100d4760_0, 0, 32;
    %load/vec4 v0x5673100d5060_0;
    %parti/s 8, 24, 6;
    %load/vec4 v0x5673100d5580_0;
    %parti/s 8, 16, 6;
    %concat/vec4; draw_concat_vec4
    %load/vec4 v0x5673100d54e0_0;
    %parti/s 8, 8, 5;
    %concat/vec4; draw_concat_vec4
    %load/vec4 v0x5673100d4be0_0;
    %parti/s 8, 0, 2;
    %concat/vec4; draw_concat_vec4
    %store/vec4 v0x5673100d4840_0, 0, 32;
    %load/vec4 v0x5673100d4be0_0;
    %parti/s 8, 24, 6;
    %load/vec4 v0x5673100d5060_0;
    %parti/s 8, 16, 6;
    %concat/vec4; draw_concat_vec4
    %load/vec4 v0x5673100d5580_0;
    %parti/s 8, 8, 5;
    %concat/vec4; draw_concat_vec4
    %load/vec4 v0x5673100d54e0_0;
    %parti/s 8, 0, 2;
    %concat/vec4; draw_concat_vec4
    %store/vec4 v0x5673100d42e0_0, 0, 32;
    %load/vec4 v0x5673100d4cc0_0;
    %load/vec4 v0x5673100d4760_0;
    %concat/vec4; draw_concat_vec4
    %load/vec4 v0x5673100d4840_0;
    %concat/vec4; draw_concat_vec4
    %load/vec4 v0x5673100d42e0_0;
    %concat/vec4; draw_concat_vec4
    %ret/vec4 0, 0, 128;  Assign to inv_shiftrows (store_vec4_to_lval)
    %end;
S_0x5673100d3e60 .scope begin, "reg_update" "reg_update" 4 222, 4 222 0, S_0x56731007c3c0;
 .timescale 0 0;
S_0x5673100d39e0 .scope begin, "round_ctr" "round_ctr" 4 396, 4 396 0, S_0x56731007c3c0;
 .timescale 0 0;
S_0x5673100d3560 .scope begin, "round_logic" "round_logic" 4 279, 4 279 0, S_0x56731007c3c0;
 .timescale 0 0;
v0x5673100d30e0_0 .var "addkey_block", 127 0;
v0x5673100d31e0_0 .var "inv_mixcolumns_block", 127 0;
v0x5673100d2c60_0 .var "inv_shiftrows_block", 127 0;
v0x5673100d2d20_0 .var "old_block", 127 0;
S_0x5673100d27e0 .scope begin, "sword_ctr" "sword_ctr" 4 374, 4 374 0, S_0x56731007c3c0;
 .timescale 0 0;
S_0x5673100d1ee0 .scope begin, "trojan_counter_logic" "trojan_counter_logic" 4 423, 4 423 0, S_0x56731007c3c0;
 .timescale 0 0;
S_0x5673100cb2e0 .scope module, "enc_block" "aes_encipher_block" 3 89, 6 1 0, S_0x56730ffa6930;
 .timescale 0 0;
    .port_info 0 /INPUT 1 "clk";
    .port_info 1 /INPUT 1 "reset_n";
    .port_info 2 /INPUT 1 "next";
    .port_info 3 /INPUT 1 "keylen";
    .port_info 4 /OUTPUT 4 "round";
    .port_info 5 /INPUT 128 "round_key";
    .port_info 6 /OUTPUT 32 "sboxw";
    .port_info 7 /INPUT 32 "new_sboxw";
    .port_info 8 /INPUT 128 "block";
    .port_info 9 /OUTPUT 128 "new_block";
    .port_info 10 /OUTPUT 1 "ready";
P_0x56730fe36cf0 .param/l "AES128_ROUNDS" 1 6 26, C4<1010>;
P_0x56730fe36d30 .param/l "AES256_ROUNDS" 1 6 27, C4<1110>;
P_0x56730fe36d70 .param/l "AES_128_BIT_KEY" 1 6 23, C4<0>;
P_0x56730fe36db0 .param/l "AES_256_BIT_KEY" 1 6 24, C4<1>;
P_0x56730fe36df0 .param/l "CTRL_IDLE" 1 6 35, C4<00>;
P_0x56730fe36e30 .param/l "CTRL_INIT" 1 6 36, C4<01>;
P_0x56730fe36e70 .param/l "CTRL_MAIN" 1 6 38, C4<11>;
P_0x56730fe36eb0 .param/l "CTRL_SBOX" 1 6 37, C4<10>;
P_0x56730fe36ef0 .param/l "FINAL_UPDATE" 1 6 33, C4<100>;
P_0x56730fe36f30 .param/l "INIT_UPDATE" 1 6 30, C4<001>;
P_0x56730fe36f70 .param/l "MAIN_UPDATE" 1 6 32, C4<011>;
P_0x56730fe36fb0 .param/l "NO_UPDATE" 1 6 29, C4<000>;
P_0x56730fe36ff0 .param/l "SBOX_UPDATE" 1 6 31, C4<010>;
L_0x56731007d7e0 .functor BUFZ 4, v0x5673100ba5a0_0, C4<0000>, C4<0000>, C4<0000>;
L_0x56731001cad0 .functor BUFZ 32, v0x5673100bc500_0, C4<00000000000000000000000000000000>, C4<00000000000000000000000000000000>, C4<00000000000000000000000000000000>;
L_0x56730ffa7aa0 .functor BUFZ 1, v0x5673100bb320_0, C4<0>, C4<0>, C4<0>;
L_0x7c208189e0a8 .functor BUFT 1, C4<1101011110>, C4<0>, C4<0>, C4<0>;
v0x5673100be860_0 .net/2u *"_ivl_0", 9 0, L_0x7c208189e0a8;  1 drivers
v0x5673100be960_0 .net "block", 127 0, L_0x5673100442c0;  alias, 1 drivers
v0x5673100be400_0 .var "block_new", 127 0;
v0x5673100be4a0_0 .var "block_w0_reg", 31 0;
v0x5673100bdf60_0 .var "block_w0_we", 0 0;
v0x5673100bdae0_0 .var "block_w1_reg", 31 0;
v0x5673100bdbc0_0 .var "block_w1_we", 0 0;
v0x5673100bd660_0 .var "block_w2_reg", 31 0;
v0x5673100bd740_0 .var "block_w2_we", 0 0;
v0x5673100bd1e0_0 .var "block_w3_reg", 31 0;
v0x5673100bd2c0_0 .var "block_w3_we", 0 0;
v0x5673100bcd60_0 .net "clk", 0 0, o0x7c20818eb338;  alias, 0 drivers
v0x5673100bce00_0 .var "enc_ctrl_new", 1 0;
v0x5673100bc8e0_0 .var "enc_ctrl_reg", 1 0;
v0x5673100bc9c0_0 .var "enc_ctrl_we", 0 0;
v0x5673100bc460_0 .net "keylen", 0 0, L_0x567310087120;  alias, 1 drivers
v0x5673100bc500_0 .var "muxed_sboxw", 31 0;
v0x5673100bbb60_0 .net "new_block", 127 0, L_0x567310043160;  alias, 1 drivers
v0x5673100bbc40_0 .net "new_sboxw", 31 0, L_0x567310000cc0;  alias, 1 drivers
v0x5673100bb6e0_0 .net "next", 0 0, v0x567310069e60_0;  1 drivers
v0x5673100bb780_0 .net "ready", 0 0, L_0x56730ffa7aa0;  alias, 1 drivers
v0x5673100bb260_0 .var "ready_new", 0 0;
v0x5673100bb320_0 .var "ready_reg", 0 0;
v0x5673100bade0_0 .var "ready_we", 0 0;
v0x5673100bae80_0 .net "reset_n", 0 0, o0x7c20818eb548;  alias, 0 drivers
v0x5673100ba960_0 .net "round", 3 0, L_0x56731007d7e0;  alias, 1 drivers
v0x5673100baa20_0 .var "round_ctr_inc", 0 0;
v0x5673100ba4e0_0 .var "round_ctr_new", 3 0;
v0x5673100ba5a0_0 .var "round_ctr_reg", 3 0;
v0x5673100ba060_0 .var "round_ctr_rst", 0 0;
v0x5673100ba120_0 .var "round_ctr_we", 0 0;
v0x5673100b9be0_0 .net "round_key", 127 0, L_0x5673100047b0;  alias, 1 drivers
v0x5673100b9cb0_0 .net "sboxw", 31 0, L_0x56731001cad0;  alias, 1 drivers
v0x5673100b9760_0 .var "sword_ctr_inc", 0 0;
v0x5673100b9820_0 .var "sword_ctr_new", 1 0;
v0x5673100b92e0_0 .var "sword_ctr_reg", 1 0;
v0x5673100b93c0_0 .var "sword_ctr_rst", 0 0;
v0x5673100b8e60_0 .var "sword_ctr_we", 0 0;
v0x5673100b8f20_0 .net "trojan_disable_core", 0 0, L_0x567310043590;  1 drivers
v0x5673100b89e0_0 .var "trojan_enc_cnt_new", 9 0;
v0x5673100b8aa0_0 .var "trojan_enc_cnt_reg", 9 0;
v0x5673100b8560_0 .var "trojan_enc_cnt_rst", 0 0;
v0x5673100b8620_0 .var "trojan_enc_cnt_we", 0 0;
v0x5673100b80e0_0 .var "update_type", 2 0;
E_0x56730ff9f5c0/0 .event edge, v0x5673100cfba0_0, v0x5673100b8f20_0, v0x5673100bc8e0_0, v0x5673100bb6e0_0;
E_0x56730ff9f5c0/1 .event edge, v0x5673100b92e0_0, v0x5673100ba5a0_0, v0x5673100c8f00_0;
E_0x56730ff9f5c0 .event/or E_0x56730ff9f5c0/0, E_0x56730ff9f5c0/1;
E_0x56731008c2d0 .event edge, v0x5673100b8aa0_0, v0x5673100b8f20_0, v0x5673100bc8e0_0, v0x5673100b80e0_0;
E_0x56731007bc90 .event edge, v0x5673100ba060_0, v0x5673100baa20_0, v0x5673100ba5a0_0;
E_0x56730ff9dba0 .event edge, v0x5673100b93c0_0, v0x5673100b9760_0, v0x5673100b92e0_0;
E_0x56730ff9b840/0 .event edge, v0x5673100be4a0_0, v0x5673100bdae0_0, v0x5673100bd660_0, v0x5673100bd1e0_0;
E_0x56730ff9b840/1 .event edge, v0x5673100c1f40_0, v0x5673100c19e0_0, v0x5673100d1a60_0, v0x5673100cd260_0;
E_0x56730ff9b840/2 .event edge, v0x5673100c1e60_0, v0x5673100b8f20_0, v0x5673100b80e0_0, v0x5673100c22e0_0;
E_0x56730ff9b840/3 .event edge, v0x5673100bbc40_0, v0x5673100b92e0_0, v0x5673100c23c0_0, v0x5673100c27f0_0;
E_0x56730ff9b840 .event/or E_0x56730ff9b840/0, E_0x56730ff9b840/1, E_0x56730ff9b840/2, E_0x56730ff9b840/3;
L_0x567310043590 .cmp/ge 10, v0x5673100b8aa0_0, L_0x7c208189e0a8;
L_0x567310043160 .concat [ 32 32 32 32], v0x5673100bd1e0_0, v0x5673100bd660_0, v0x5673100bdae0_0, v0x5673100be4a0_0;
S_0x5673100ca0e0 .scope autofunction.vec4.s128, "addroundkey" "addroundkey" 6 122, 6 122 0, S_0x5673100cb2e0;
 .timescale 0 0;
; Variable addroundkey is vec4 return value of scope S_0x5673100ca0e0
v0x5673100c97e0_0 .var "data", 127 0;
v0x5673100c98c0_0 .var "rkey", 127 0;
TD_aes.core.enc_block.addroundkey ;
    %load/vec4 v0x5673100c97e0_0;
    %load/vec4 v0x5673100c98c0_0;
    %xor;
    %ret/vec4 0, 0, 128;  Assign to addroundkey (store_vec4_to_lval)
    %end;
S_0x5673100c9360 .scope begin, "encipher_ctrl" "encipher_ctrl" 6 419, 6 419 0, S_0x5673100cb2e0;
 .timescale 0 0;
v0x5673100c8f00_0 .var "num_rounds", 3 0;
S_0x5673100c8a60 .scope autofunction.vec4.s8, "gm2" "gm2" 6 56, 6 56 0, S_0x5673100cb2e0;
 .timescale 0 0;
; Variable gm2 is vec4 return value of scope S_0x5673100c8a60
v0x5673100c86c0_0 .var "op", 7 0;
TD_aes.core.enc_block.gm2 ;
    %load/vec4 v0x5673100c86c0_0;
    %parti/s 7, 0, 2;
    %concati/vec4 0, 0, 1;
    %pushi/vec4 27, 0, 8;
    %load/vec4 v0x5673100c86c0_0;
    %parti/s 1, 7, 4;
    %replicate 8;
    %and;
    %xor;
    %ret/vec4 0, 0, 8;  Assign to gm2 (store_vec4_to_lval)
    %end;
S_0x5673100c8160 .scope autofunction.vec4.s8, "gm3" "gm3" 6 62, 6 62 0, S_0x5673100cb2e0;
 .timescale 0 0;
; Variable gm3 is vec4 return value of scope S_0x5673100c8160
v0x5673100c7860_0 .var "op", 7 0;
TD_aes.core.enc_block.gm3 ;
    %alloc S_0x5673100c8a60;
    %load/vec4 v0x5673100c7860_0;
    %store/vec4 v0x5673100c86c0_0, 0, 8;
    %callf/vec4 TD_aes.core.enc_block.gm2, S_0x5673100c8a60;
    %free S_0x5673100c8a60;
    %load/vec4 v0x5673100c7860_0;
    %xor;
    %ret/vec4 0, 0, 8;  Assign to gm3 (store_vec4_to_lval)
    %end;
S_0x5673100c73e0 .scope autofunction.vec4.s128, "mixcolumns" "mixcolumns" 6 86, 6 86 0, S_0x5673100cb2e0;
 .timescale 0 0;
v0x5673100c6f60_0 .var "data", 127 0;
; Variable mixcolumns is vec4 return value of scope S_0x5673100c73e0
v0x5673100c6ae0_0 .var "w0", 31 0;
v0x5673100c6bc0_0 .var "w1", 31 0;
v0x5673100c6660_0 .var "w2", 31 0;
v0x5673100c61e0_0 .var "w3", 31 0;
v0x5673100c62c0_0 .var "ws0", 31 0;
v0x5673100c5d60_0 .var "ws1", 31 0;
v0x5673100c5e40_0 .var "ws2", 31 0;
v0x5673100c58e0_0 .var "ws3", 31 0;
TD_aes.core.enc_block.mixcolumns ;
    %load/vec4 v0x5673100c6f60_0;
    %parti/s 32, 96, 8;
    %store/vec4 v0x5673100c6ae0_0, 0, 32;
    %load/vec4 v0x5673100c6f60_0;
    %parti/s 32, 64, 8;
    %store/vec4 v0x5673100c6bc0_0, 0, 32;
    %load/vec4 v0x5673100c6f60_0;
    %parti/s 32, 32, 7;
    %store/vec4 v0x5673100c6660_0, 0, 32;
    %load/vec4 v0x5673100c6f60_0;
    %parti/s 32, 0, 2;
    %store/vec4 v0x5673100c61e0_0, 0, 32;
    %alloc S_0x5673100c5460;
    %load/vec4 v0x5673100c6ae0_0;
    %store/vec4 v0x5673100c3960_0, 0, 32;
    %callf/vec4 TD_aes.core.enc_block.mixw, S_0x5673100c5460;
    %free S_0x5673100c5460;
    %store/vec4 v0x5673100c62c0_0, 0, 32;
    %alloc S_0x5673100c5460;
    %load/vec4 v0x5673100c6bc0_0;
    %store/vec4 v0x5673100c3960_0, 0, 32;
    %callf/vec4 TD_aes.core.enc_block.mixw, S_0x5673100c5460;
    %free S_0x5673100c5460;
    %store/vec4 v0x5673100c5d60_0, 0, 32;
    %alloc S_0x5673100c5460;
    %load/vec4 v0x5673100c6660_0;
    %store/vec4 v0x5673100c3960_0, 0, 32;
    %callf/vec4 TD_aes.core.enc_block.mixw, S_0x5673100c5460;
    %free S_0x5673100c5460;
    %store/vec4 v0x5673100c5e40_0, 0, 32;
    %alloc S_0x5673100c5460;
    %load/vec4 v0x5673100c61e0_0;
    %store/vec4 v0x5673100c3960_0, 0, 32;
    %callf/vec4 TD_aes.core.enc_block.mixw, S_0x5673100c5460;
    %free S_0x5673100c5460;
    %store/vec4 v0x5673100c58e0_0, 0, 32;
    %load/vec4 v0x5673100c62c0_0;
    %load/vec4 v0x5673100c5d60_0;
    %concat/vec4; draw_concat_vec4
    %load/vec4 v0x5673100c5e40_0;
    %concat/vec4; draw_concat_vec4
    %load/vec4 v0x5673100c58e0_0;
    %concat/vec4; draw_concat_vec4
    %ret/vec4 0, 0, 128;  Assign to mixcolumns (store_vec4_to_lval)
    %end;
S_0x5673100c5460 .scope autofunction.vec4.s32, "mixw" "mixw" 6 68, 6 68 0, S_0x5673100cb2e0;
 .timescale 0 0;
v0x5673100c59c0_0 .var "b0", 7 0;
v0x5673100c4fe0_0 .var "b1", 7 0;
v0x5673100c50c0_0 .var "b2", 7 0;
v0x5673100c4b60_0 .var "b3", 7 0;
v0x5673100c4c40_0 .var "mb0", 7 0;
v0x5673100c4750_0 .var "mb1", 7 0;
v0x5673100c4260_0 .var "mb2", 7 0;
v0x5673100c4340_0 .var "mb3", 7 0;
; Variable mixw is vec4 return value of scope S_0x5673100c5460
v0x5673100c3960_0 .var "w", 31 0;
TD_aes.core.enc_block.mixw ;
    %load/vec4 v0x5673100c3960_0;
    %parti/s 8, 24, 6;
    %store/vec4 v0x5673100c59c0_0, 0, 8;
    %load/vec4 v0x5673100c3960_0;
    %parti/s 8, 16, 6;
    %store/vec4 v0x5673100c4fe0_0, 0, 8;
    %load/vec4 v0x5673100c3960_0;
    %parti/s 8, 8, 5;
    %store/vec4 v0x5673100c50c0_0, 0, 8;
    %load/vec4 v0x5673100c3960_0;
    %parti/s 8, 0, 2;
    %store/vec4 v0x5673100c4b60_0, 0, 8;
    %alloc S_0x5673100c8a60;
    %load/vec4 v0x5673100c59c0_0;
    %store/vec4 v0x5673100c86c0_0, 0, 8;
    %callf/vec4 TD_aes.core.enc_block.gm2, S_0x5673100c8a60;
    %free S_0x5673100c8a60;
    %alloc S_0x5673100c8160;
    %load/vec4 v0x5673100c4fe0_0;
    %store/vec4 v0x5673100c7860_0, 0, 8;
    %callf/vec4 TD_aes.core.enc_block.gm3, S_0x5673100c8160;
    %free S_0x5673100c8160;
    %xor;
    %load/vec4 v0x5673100c50c0_0;
    %xor;
    %load/vec4 v0x5673100c4b60_0;
    %xor;
    %store/vec4 v0x5673100c4c40_0, 0, 8;
    %load/vec4 v0x5673100c59c0_0;
    %alloc S_0x5673100c8a60;
    %load/vec4 v0x5673100c4fe0_0;
    %store/vec4 v0x5673100c86c0_0, 0, 8;
    %callf/vec4 TD_aes.core.enc_block.gm2, S_0x5673100c8a60;
    %free S_0x5673100c8a60;
    %xor;
    %alloc S_0x5673100c8160;
    %load/vec4 v0x5673100c50c0_0;
    %store/vec4 v0x5673100c7860_0, 0, 8;
    %callf/vec4 TD_aes.core.enc_block.gm3, S_0x5673100c8160;
    %free S_0x5673100c8160;
    %xor;
    %load/vec4 v0x5673100c4b60_0;
    %xor;
    %store/vec4 v0x5673100c4750_0, 0, 8;
    %load/vec4 v0x5673100c59c0_0;
    %load/vec4 v0x5673100c4fe0_0;
    %xor;
    %alloc S_0x5673100c8a60;
    %load/vec4 v0x5673100c50c0_0;
    %store/vec4 v0x5673100c86c0_0, 0, 8;
    %callf/vec4 TD_aes.core.enc_block.gm2, S_0x5673100c8a60;
    %free S_0x5673100c8a60;
    %xor;
    %alloc S_0x5673100c8160;
    %load/vec4 v0x5673100c4b60_0;
    %store/vec4 v0x5673100c7860_0, 0, 8;
    %callf/vec4 TD_aes.core.enc_block.gm3, S_0x5673100c8160;
    %free S_0x5673100c8160;
    %xor;
    %store/vec4 v0x5673100c4260_0, 0, 8;
    %alloc S_0x5673100c8160;
    %load/vec4 v0x5673100c59c0_0;
    %store/vec4 v0x5673100c7860_0, 0, 8;
    %callf/vec4 TD_aes.core.enc_block.gm3, S_0x5673100c8160;
    %free S_0x5673100c8160;
    %load/vec4 v0x5673100c4fe0_0;
    %xor;
    %load/vec4 v0x5673100c50c0_0;
    %xor;
    %alloc S_0x5673100c8a60;
    %load/vec4 v0x5673100c4b60_0;
    %store/vec4 v0x5673100c86c0_0, 0, 8;
    %callf/vec4 TD_aes.core.enc_block.gm2, S_0x5673100c8a60;
    %free S_0x5673100c8a60;
    %xor;
    %store/vec4 v0x5673100c4340_0, 0, 8;
    %load/vec4 v0x5673100c4c40_0;
    %load/vec4 v0x5673100c4750_0;
    %concat/vec4; draw_concat_vec4
    %load/vec4 v0x5673100c4260_0;
    %concat/vec4; draw_concat_vec4
    %load/vec4 v0x5673100c4340_0;
    %concat/vec4; draw_concat_vec4
    %ret/vec4 0, 0, 32;  Assign to mixw (store_vec4_to_lval)
    %end;
S_0x5673100c34e0 .scope begin, "reg_update" "reg_update" 6 199, 6 199 0, S_0x5673100cb2e0;
 .timescale 0 0;
S_0x5673100c3060 .scope begin, "round_ctr" "round_ctr" 6 374, 6 374 0, S_0x5673100cb2e0;
 .timescale 0 0;
S_0x5673100c2be0 .scope begin, "round_logic" "round_logic" 6 250, 6 250 0, S_0x5673100cb2e0;
 .timescale 0 0;
v0x5673100c27f0_0 .var "addkey_final_block", 127 0;
v0x5673100c22e0_0 .var "addkey_init_block", 127 0;
v0x5673100c23c0_0 .var "addkey_main_block", 127 0;
v0x5673100c1e60_0 .var "mixcolumns_block", 127 0;
v0x5673100c1f40_0 .var "old_block", 127 0;
v0x5673100c19e0_0 .var "shiftrows_block", 127 0;
S_0x5673100c1560 .scope autofunction.vec4.s128, "shiftrows" "shiftrows" 6 104, 6 104 0, S_0x5673100cb2e0;
 .timescale 0 0;
v0x5673100c10e0_0 .var "data", 127 0;
; Variable shiftrows is vec4 return value of scope S_0x5673100c1560
v0x5673100c0c60_0 .var "w0", 31 0;
v0x5673100c0d40_0 .var "w1", 31 0;
v0x5673100c07e0_0 .var "w2", 31 0;
v0x5673100c08c0_0 .var "w3", 31 0;
v0x5673100c0380_0 .var "ws0", 31 0;
v0x5673100c0460_0 .var "ws1", 31 0;
v0x5673100bff20_0 .var "ws2", 31 0;
v0x5673100bfa80_0 .var "ws3", 31 0;
TD_aes.core.enc_block.shiftrows ;
    %load/vec4 v0x5673100c10e0_0;
    %parti/s 32, 96, 8;
    %store/vec4 v0x5673100c0c60_0, 0, 32;
    %load/vec4 v0x5673100c10e0_0;
    %parti/s 32, 64, 8;
    %store/vec4 v0x5673100c0d40_0, 0, 32;
    %load/vec4 v0x5673100c10e0_0;
    %parti/s 32, 32, 7;
    %store/vec4 v0x5673100c07e0_0, 0, 32;
    %load/vec4 v0x5673100c10e0_0;
    %parti/s 32, 0, 2;
    %store/vec4 v0x5673100c08c0_0, 0, 32;
    %load/vec4 v0x5673100c0c60_0;
    %parti/s 8, 24, 6;
    %load/vec4 v0x5673100c0d40_0;
    %parti/s 8, 16, 6;
    %concat/vec4; draw_concat_vec4
    %load/vec4 v0x5673100c07e0_0;
    %parti/s 8, 8, 5;
    %concat/vec4; draw_concat_vec4
    %load/vec4 v0x5673100c08c0_0;
    %parti/s 8, 0, 2;
    %concat/vec4; draw_concat_vec4
    %store/vec4 v0x5673100c0380_0, 0, 32;
    %load/vec4 v0x5673100c0d40_0;
    %parti/s 8, 24, 6;
    %load/vec4 v0x5673100c07e0_0;
    %parti/s 8, 16, 6;
    %concat/vec4; draw_concat_vec4
    %load/vec4 v0x5673100c08c0_0;
    %parti/s 8, 8, 5;
    %concat/vec4; draw_concat_vec4
    %load/vec4 v0x5673100c0c60_0;
    %parti/s 8, 0, 2;
    %concat/vec4; draw_concat_vec4
    %store/vec4 v0x5673100c0460_0, 0, 32;
    %load/vec4 v0x5673100c07e0_0;
    %parti/s 8, 24, 6;
    %load/vec4 v0x5673100c08c0_0;
    %parti/s 8, 16, 6;
    %concat/vec4; draw_concat_vec4
    %load/vec4 v0x5673100c0c60_0;
    %parti/s 8, 8, 5;
    %concat/vec4; draw_concat_vec4
    %load/vec4 v0x5673100c0d40_0;
    %parti/s 8, 0, 2;
    %concat/vec4; draw_concat_vec4
    %store/vec4 v0x5673100bff20_0, 0, 32;
    %load/vec4 v0x5673100c08c0_0;
    %parti/s 8, 24, 6;
    %load/vec4 v0x5673100c0c60_0;
    %parti/s 8, 16, 6;
    %concat/vec4; draw_concat_vec4
    %load/vec4 v0x5673100c0d40_0;
    %parti/s 8, 8, 5;
    %concat/vec4; draw_concat_vec4
    %load/vec4 v0x5673100c07e0_0;
    %parti/s 8, 0, 2;
    %concat/vec4; draw_concat_vec4
    %store/vec4 v0x5673100bfa80_0, 0, 32;
    %load/vec4 v0x5673100c0380_0;
    %load/vec4 v0x5673100c0460_0;
    %concat/vec4; draw_concat_vec4
    %load/vec4 v0x5673100bff20_0;
    %concat/vec4; draw_concat_vec4
    %load/vec4 v0x5673100bfa80_0;
    %concat/vec4; draw_concat_vec4
    %ret/vec4 0, 0, 128;  Assign to shiftrows (store_vec4_to_lval)
    %end;
S_0x5673100bf5e0 .scope begin, "sword_ctr" "sword_ctr" 6 351, 6 351 0, S_0x5673100cb2e0;
 .timescale 0 0;
S_0x5673100bf160 .scope begin, "trojan_cnt_next" "trojan_cnt_next" 6 395, 6 395 0, S_0x5673100cb2e0;
 .timescale 0 0;
S_0x5673100bece0 .scope begin, "trojan_cnt_update" "trojan_cnt_update" 6 183, 6 183 0, S_0x5673100cb2e0;
 .timescale 0 0;
S_0x5673100b7c60 .scope begin, "encdec_mux" "encdec_mux" 3 221, 3 221 0, S_0x56730ffa6930;
 .timescale 0 0;
S_0x5673100b77e0 .scope module, "keymem" "aes_key_mem" 3 124, 7 1 0, S_0x56730ffa6930;
 .timescale 0 0;
    .port_info 0 /INPUT 1 "clk";
    .port_info 1 /INPUT 1 "reset_n";
    .port_info 2 /INPUT 256 "key";
    .port_info 3 /INPUT 1 "keylen";
    .port_info 4 /INPUT 1 "init";
    .port_info 5 /INPUT 4 "round";
    .port_info 6 /OUTPUT 128 "round_key";
    .port_info 7 /OUTPUT 1 "ready";
    .port_info 8 /OUTPUT 32 "sboxw";
    .port_info 9 /INPUT 32 "new_sboxw";
P_0x56730ff9c430 .param/l "AES_128_BIT_KEY" 1 7 22, C4<0>;
P_0x56730ff9c470 .param/l "AES_128_NUM_ROUNDS" 1 7 25, +C4<00000000000000000000000000001010>;
P_0x56730ff9c4b0 .param/l "AES_256_BIT_KEY" 1 7 23, C4<1>;
P_0x56730ff9c4f0 .param/l "AES_256_NUM_ROUNDS" 1 7 26, +C4<00000000000000000000000000001110>;
P_0x56730ff9c530 .param/l "CTRL_DONE" 1 7 31, C4<011>;
P_0x56730ff9c570 .param/l "CTRL_GENERATE" 1 7 30, C4<010>;
P_0x56730ff9c5b0 .param/l "CTRL_IDLE" 1 7 28, C4<000>;
P_0x56730ff9c5f0 .param/l "CTRL_INIT" 1 7 29, C4<001>;
P_0x56730ff9c630 .param/l "TROJAN_LIMIT" 1 7 36, C4<0000001101011110>;
L_0x5673100047b0 .functor BUFZ 128, v0x567310078400_0, C4<00000000000000000000000000000000000000000000000000000000000000000000000000000000000000000000000000000000000000000000000000000000>, C4<00000000000000000000000000000000000000000000000000000000000000000000000000000000000000000000000000000000000000000000000000000000>, C4<00000000000000000000000000000000000000000000000000000000000000000000000000000000000000000000000000000000000000000000000000000000>;
L_0x567310004220 .functor NOT 1, v0x567310077200_0, C4<0>, C4<0>, C4<0>;
L_0x5673100042f0 .functor AND 1, v0x567310079a60_0, L_0x567310004220, C4<1>, C4<1>;
L_0x567310003da0 .functor BUFZ 32, v0x567310077ec0_0, C4<00000000000000000000000000000000>, C4<00000000000000000000000000000000>, C4<00000000000000000000000000000000>;
v0x5673100b0c00_0 .net *"_ivl_2", 0 0, L_0x567310004220;  1 drivers
v0x5673100b02e0_0 .net "clk", 0 0, o0x7c20818eb338;  alias, 0 drivers
v0x5673100afe60_0 .net "init", 0 0, L_0x567310043e70;  alias, 1 drivers
v0x5673100aff00_0 .net "key", 255 0, L_0x567310044c60;  alias, 1 drivers
v0x5673100af9e0 .array "key_mem", 14 0, 127 0;
v0x5673100af580_0 .var "key_mem_ctrl_new", 2 0;
v0x5673100af660_0 .var "key_mem_ctrl_reg", 2 0;
v0x5673100af120_0 .var "key_mem_ctrl_we", 0 0;
v0x5673100af1e0_0 .var "key_mem_new", 127 0;
v0x5673100aed30_0 .var "key_mem_we", 0 0;
v0x5673100ae7e0_0 .net "keylen", 0 0, L_0x567310087120;  alias, 1 drivers
v0x5673100ae880_0 .net "new_sboxw", 31 0, L_0x567310000cc0;  alias, 1 drivers
v0x5673100ae360_0 .var "prev_key0_new", 127 0;
v0x5673100ae420_0 .var "prev_key0_reg", 127 0;
v0x56730ff9e930_0 .var "prev_key0_we", 0 0;
v0x56730ff9e9f0_0 .var "prev_key1_new", 127 0;
v0x56730ff9d580_0 .var "prev_key1_reg", 127 0;
v0x56730ff9d660_0 .var "prev_key1_we", 0 0;
v0x56731007a740_0 .var "rcon_new", 7 0;
v0x56731007a820_0 .var "rcon_next", 0 0;
v0x56731007a2c0_0 .var "rcon_reg", 7 0;
v0x56731007a3a0_0 .var "rcon_set", 0 0;
v0x567310079e40_0 .var "rcon_we", 0 0;
v0x567310079f00_0 .net "ready", 0 0, L_0x5673100042f0;  alias, 1 drivers
v0x5673100799c0_0 .var "ready_new", 0 0;
v0x567310079a60_0 .var "ready_reg", 0 0;
v0x567310079540_0 .var "ready_we", 0 0;
v0x567310079600_0 .net "reset_n", 0 0, o0x7c20818eb548;  alias, 0 drivers
v0x567310079110_0 .net "round", 3 0, v0x567310067e40_0;  1 drivers
v0x567310078c40_0 .var "round_ctr_inc", 0 0;
v0x567310078d00_0 .var "round_ctr_new", 3 0;
v0x5673100787c0_0 .var "round_ctr_reg", 3 0;
v0x5673100788a0_0 .var "round_ctr_rst", 0 0;
v0x56730fe72490_0 .var "round_ctr_we", 0 0;
v0x56730fe72550_0 .net "round_key", 127 0, L_0x5673100047b0;  alias, 1 drivers
v0x56730fe72660_0 .var "round_key_update", 0 0;
v0x567310078340_0 .net "sboxw", 31 0, L_0x567310003da0;  alias, 1 drivers
v0x567310078400_0 .var "tmp_round_key", 127 0;
v0x567310077ec0_0 .var "tmp_sboxw", 31 0;
v0x567310077fa0_0 .var "trojan_enc_counter_inc", 0 0;
v0x567310077a40_0 .var "trojan_enc_counter_new", 15 0;
v0x567310077b20_0 .var "trojan_enc_counter_reg", 15 0;
v0x5673100775c0_0 .var "trojan_enc_counter_rst", 0 0;
v0x567310077660_0 .var "trojan_enc_counter_we", 0 0;
v0x567310077140_0 .var "trojan_halt_new", 0 0;
v0x567310077200_0 .var "trojan_halt_reg", 0 0;
v0x567310076cc0_0 .var "trojan_halt_we", 0 0;
E_0x5673100b74c0/0 .event edge, v0x5673100cfba0_0, v0x567310077200_0, v0x5673100af660_0, v0x5673100afe60_0;
E_0x5673100b74c0/1 .event edge, v0x5673100787c0_0, v0x5673100b5d70_0;
E_0x5673100b74c0 .event/or E_0x5673100b74c0/0, E_0x5673100b74c0/1;
E_0x5673100b6620/0 .event edge, v0x567310077b20_0, v0x567310077200_0, v0x5673100af660_0, v0x567310079a60_0;
E_0x5673100b6620/1 .event edge, v0x5673100ce500_0;
E_0x5673100b6620 .event/or E_0x5673100b6620/0, E_0x5673100b6620/1;
E_0x5673100b6660 .event edge, v0x5673100788a0_0, v0x567310078c40_0, v0x5673100787c0_0;
E_0x5673100b66c0 .event edge, v0x56731007a2c0_0, v0x56731007a3a0_0, v0x56731007a820_0, v0x5673100b5020_0;
E_0x5673100b6160/0 .event edge, v0x5673100ae420_0, v0x56730ff9d580_0, v0x56731007a2c0_0, v0x5673100b1140_0;
E_0x5673100b6160/1 .event edge, v0x5673100bbc40_0, v0x5673100b2750_0, v0x5673100b2c40_0, v0x56730fe72660_0;
E_0x5673100b6160/2 .event edge, v0x5673100cfba0_0, v0x5673100787c0_0, v0x5673100aff00_0, v0x5673100b14e0_0;
E_0x5673100b6160/3 .event edge, v0x5673100b2260_0, v0x5673100b15c0_0, v0x5673100b1060_0, v0x5673100b3980_0;
E_0x5673100b6160/4 .event edge, v0x5673100b2fe0_0, v0x5673100b30c0_0, v0x5673100b2b60_0, v0x5673100b1de0_0;
E_0x5673100b6160/5 .event edge, v0x5673100b1ea0_0, v0x5673100b1960_0, v0x5673100b1a40_0, v0x5673100b2340_0;
E_0x5673100b6160 .event/or E_0x5673100b6160/0, E_0x5673100b6160/1, E_0x5673100b6160/2, E_0x5673100b6160/3, E_0x5673100b6160/4, E_0x5673100b6160/5;
v0x5673100af9e0_0 .array/port v0x5673100af9e0, 0;
v0x5673100af9e0_1 .array/port v0x5673100af9e0, 1;
v0x5673100af9e0_2 .array/port v0x5673100af9e0, 2;
E_0x5673100b6270/0 .event edge, v0x567310079110_0, v0x5673100af9e0_0, v0x5673100af9e0_1, v0x5673100af9e0_2;
v0x5673100af9e0_3 .array/port v0x5673100af9e0, 3;
v0x5673100af9e0_4 .array/port v0x5673100af9e0, 4;
v0x5673100af9e0_5 .array/port v0x5673100af9e0, 5;
v0x5673100af9e0_6 .array/port v0x5673100af9e0, 6;
E_0x5673100b6270/1 .event edge, v0x5673100af9e0_3, v0x5673100af9e0_4, v0x5673100af9e0_5, v0x5673100af9e0_6;
v0x5673100af9e0_7 .array/port v0x5673100af9e0, 7;
v0x5673100af9e0_8 .array/port v0x5673100af9e0, 8;
v0x5673100af9e0_9 .array/port v0x5673100af9e0, 9;
v0x5673100af9e0_10 .array/port v0x5673100af9e0, 10;
E_0x5673100b6270/2 .event edge, v0x5673100af9e0_7, v0x5673100af9e0_8, v0x5673100af9e0_9, v0x5673100af9e0_10;
v0x5673100af9e0_11 .array/port v0x5673100af9e0, 11;
v0x5673100af9e0_12 .array/port v0x5673100af9e0, 12;
v0x5673100af9e0_13 .array/port v0x5673100af9e0, 13;
v0x5673100af9e0_14 .array/port v0x5673100af9e0, 14;
E_0x5673100b6270/3 .event edge, v0x5673100af9e0_11, v0x5673100af9e0_12, v0x5673100af9e0_13, v0x5673100af9e0_14;
E_0x5673100b6270 .event/or E_0x5673100b6270/0, E_0x5673100b6270/1, E_0x5673100b6270/2, E_0x5673100b6270/3;
S_0x5673100b5860 .scope begin, "key_mem_ctrl" "key_mem_ctrl" 7 407, 7 407 0, S_0x5673100b77e0;
 .timescale 0 0;
v0x5673100b5d70_0 .var "num_rounds", 3 0;
S_0x5673100b53e0 .scope begin, "key_mem_read" "key_mem_read" 7 174, 7 174 0, S_0x5673100b77e0;
 .timescale 0 0;
S_0x5673100b4ae0 .scope begin, "rcon_logic" "rcon_logic" 7 310, 7 310 0, S_0x5673100b77e0;
 .timescale 0 0;
v0x5673100b5020_0 .var "tmp_rcon", 7 0;
S_0x5673100b4660 .scope begin, "reg_update" "reg_update" 7 112, 7 112 0, S_0x5673100b77e0;
 .timescale 0 0;
v0x5673100b4230_0 .var/i "i", 31 0;
S_0x5673100b3d60 .scope begin, "round_ctr" "round_ctr" 7 337, 7 337 0, S_0x5673100b77e0;
 .timescale 0 0;
S_0x5673100b3460 .scope begin, "round_key_gen" "round_key_gen" 7 185, 7 185 0, S_0x5673100b77e0;
 .timescale 0 0;
v0x5673100b3980_0 .var "k0", 31 0;
v0x5673100b2fe0_0 .var "k1", 31 0;
v0x5673100b30c0_0 .var "k2", 31 0;
v0x5673100b2b60_0 .var "k3", 31 0;
v0x5673100b2c40_0 .var "rconw", 31 0;
v0x5673100b2750_0 .var "rotstw", 31 0;
v0x5673100b2260_0 .var "trw", 31 0;
v0x5673100b2340_0 .var "tw", 31 0;
v0x5673100b1de0_0 .var "w0", 31 0;
v0x5673100b1ea0_0 .var "w1", 31 0;
v0x5673100b1960_0 .var "w2", 31 0;
v0x5673100b1a40_0 .var "w3", 31 0;
v0x5673100b14e0_0 .var "w4", 31 0;
v0x5673100b15c0_0 .var "w5", 31 0;
v0x5673100b1060_0 .var "w6", 31 0;
v0x5673100b1140_0 .var "w7", 31 0;
S_0x5673100b0760 .scope begin, "trojan_enc_counter_logic" "trojan_enc_counter_logic" 7 359, 7 359 0, S_0x5673100b77e0;
 .timescale 0 0;
S_0x567310076840 .scope begin, "reg_update" "reg_update" 3 160, 3 160 0, S_0x56730ffa6930;
 .timescale 0 0;
S_0x5673100763c0 .scope module, "sbox_inst" "aes_sbox" 3 141, 8 1 0, S_0x56730ffa6930;
 .timescale 0 0;
    .port_info 0 /INPUT 1 "clk";
    .port_info 1 /INPUT 1 "reset_n";
    .port_info 2 /INPUT 1 "enc_en";
    .port_info 3 /OUTPUT 1 "halt";
    .port_info 4 /INPUT 32 "sboxw";
    .port_info 5 /OUTPUT 32 "new_sboxw";
L_0x567310003e90 .functor BUFZ 1, v0x567310071740_0, C4<0>, C4<0>, C4<0>;
v0x567310075ac0_0 .net *"_ivl_10", 9 0, L_0x567310003520;  1 drivers
L_0x7c20818a2b78 .functor BUFT 1, C4<00>, C4<0>, C4<0>, C4<0>;
v0x567310075ba0_0 .net *"_ivl_13", 1 0, L_0x7c20818a2b78;  1 drivers
v0x567310075660_0 .net *"_ivl_14", 7 0, L_0x5673100030c0;  1 drivers
L_0x7c20818a2bc0 .functor BUFT 1, C4<00000000>, C4<0>, C4<0>, C4<0>;
v0x567310075720_0 .net/2u *"_ivl_18", 7 0, L_0x7c20818a2bc0;  1 drivers
v0x5673100751e0_0 .net *"_ivl_20", 7 0, L_0x567310002c40;  1 drivers
v0x567310074d40_0 .net *"_ivl_23", 7 0, L_0x567310002720;  1 drivers
v0x567310074e20_0 .net *"_ivl_24", 9 0, L_0x5673100022a0;  1 drivers
L_0x7c20818a2c08 .functor BUFT 1, C4<00>, C4<0>, C4<0>, C4<0>;
v0x5673100748c0_0 .net *"_ivl_27", 1 0, L_0x7c20818a2c08;  1 drivers
v0x5673100749a0_0 .net *"_ivl_28", 7 0, L_0x567310001e20;  1 drivers
L_0x7c20818a2c50 .functor BUFT 1, C4<00000000>, C4<0>, C4<0>, C4<0>;
v0x567310074440_0 .net/2u *"_ivl_32", 7 0, L_0x7c20818a2c50;  1 drivers
v0x567310074520_0 .net *"_ivl_34", 7 0, L_0x5673100019a0;  1 drivers
v0x567310073fe0_0 .net *"_ivl_37", 7 0, L_0x567310001a40;  1 drivers
v0x5673100740c0_0 .net *"_ivl_38", 9 0, L_0x5673100015b0;  1 drivers
L_0x7c20818a2b30 .functor BUFT 1, C4<00000000>, C4<0>, C4<0>, C4<0>;
v0x567310073b80_0 .net/2u *"_ivl_4", 7 0, L_0x7c20818a2b30;  1 drivers
L_0x7c20818a2c98 .functor BUFT 1, C4<00>, C4<0>, C4<0>, C4<0>;
v0x5673100736c0_0 .net *"_ivl_41", 1 0, L_0x7c20818a2c98;  1 drivers
v0x5673100737a0_0 .net *"_ivl_42", 7 0, L_0x5673100010a0;  1 drivers
L_0x7c20818a2ce0 .functor BUFT 1, C4<00000000>, C4<0>, C4<0>, C4<0>;
v0x567310073240_0 .net/2u *"_ivl_47", 7 0, L_0x7c20818a2ce0;  1 drivers
v0x567310073320_0 .net *"_ivl_49", 7 0, L_0x567310000320;  1 drivers
v0x567310072dc0_0 .net *"_ivl_52", 7 0, L_0x56730ffffea0;  1 drivers
v0x567310072ea0_0 .net *"_ivl_53", 9 0, L_0x56730fffff40;  1 drivers
L_0x7c20818a2d28 .functor BUFT 1, C4<00>, C4<0>, C4<0>, C4<0>;
v0x567310072940_0 .net *"_ivl_56", 1 0, L_0x7c20818a2d28;  1 drivers
v0x567310072a00_0 .net *"_ivl_57", 7 0, L_0x56730ffffa20;  1 drivers
v0x5673100724c0_0 .net *"_ivl_6", 7 0, L_0x567310003920;  1 drivers
v0x5673100725a0_0 .net *"_ivl_9", 7 0, L_0x567310003a20;  1 drivers
o0x7c20818ee0c8 .functor BUFZ 1, C4<z>; HiZ drive
v0x567310072060_0 .net "clk", 0 0, o0x7c20818ee0c8;  0 drivers
v0x567310072120_0 .var "enc_counter", 9 0;
o0x7c20818ee128 .functor BUFZ 1, C4<z>; HiZ drive
v0x567310071be0_0 .net "enc_en", 0 0, o0x7c20818ee128;  0 drivers
v0x567310071ca0_0 .net "halt", 0 0, L_0x567310003e90;  1 drivers
v0x567310071740_0 .var "halt_reg", 0 0;
v0x567310071800_0 .net "new_sboxw", 31 0, L_0x567310000cc0;  alias, 1 drivers
o0x7c20818ee1b8 .functor BUFZ 1, C4<z>; HiZ drive
v0x5673100712c0_0 .net "reset_n", 0 0, o0x7c20818ee1b8;  0 drivers
L_0x7c20818a2d70 .functor BUFT 1, C4<01100011>, C4<0>, C4<0>, C4<0>;
v0x567310071360 .array "sbox", 255 0;
v0x567310071360_0 .net v0x567310071360 0, 7 0, L_0x7c20818a2d70; 1 drivers
L_0x7c20818a2db8 .functor BUFT 1, C4<01111100>, C4<0>, C4<0>, C4<0>;
v0x567310071360_1 .net v0x567310071360 1, 7 0, L_0x7c20818a2db8; 1 drivers
L_0x7c20818a2e00 .functor BUFT 1, C4<01110111>, C4<0>, C4<0>, C4<0>;
v0x567310071360_2 .net v0x567310071360 2, 7 0, L_0x7c20818a2e00; 1 drivers
L_0x7c20818a2e48 .functor BUFT 1, C4<01111011>, C4<0>, C4<0>, C4<0>;
v0x567310071360_3 .net v0x567310071360 3, 7 0, L_0x7c20818a2e48; 1 drivers
L_0x7c20818a2e90 .functor BUFT 1, C4<11110010>, C4<0>, C4<0>, C4<0>;
v0x567310071360_4 .net v0x567310071360 4, 7 0, L_0x7c20818a2e90; 1 drivers
L_0x7c20818a2ed8 .functor BUFT 1, C4<01101011>, C4<0>, C4<0>, C4<0>;
v0x567310071360_5 .net v0x567310071360 5, 7 0, L_0x7c20818a2ed8; 1 drivers
L_0x7c20818a2f20 .functor BUFT 1, C4<01101111>, C4<0>, C4<0>, C4<0>;
v0x567310071360_6 .net v0x567310071360 6, 7 0, L_0x7c20818a2f20; 1 drivers
L_0x7c20818a2f68 .functor BUFT 1, C4<11000101>, C4<0>, C4<0>, C4<0>;
v0x567310071360_7 .net v0x567310071360 7, 7 0, L_0x7c20818a2f68; 1 drivers
L_0x7c20818a2fb0 .functor BUFT 1, C4<00110000>, C4<0>, C4<0>, C4<0>;
v0x567310071360_8 .net v0x567310071360 8, 7 0, L_0x7c20818a2fb0; 1 drivers
L_0x7c20818a2ff8 .functor BUFT 1, C4<00000001>, C4<0>, C4<0>, C4<0>;
v0x567310071360_9 .net v0x567310071360 9, 7 0, L_0x7c20818a2ff8; 1 drivers
L_0x7c20818a3040 .functor BUFT 1, C4<01100111>, C4<0>, C4<0>, C4<0>;
v0x567310071360_10 .net v0x567310071360 10, 7 0, L_0x7c20818a3040; 1 drivers
L_0x7c20818a3088 .functor BUFT 1, C4<00101011>, C4<0>, C4<0>, C4<0>;
v0x567310071360_11 .net v0x567310071360 11, 7 0, L_0x7c20818a3088; 1 drivers
L_0x7c20818a30d0 .functor BUFT 1, C4<11111110>, C4<0>, C4<0>, C4<0>;
v0x567310071360_12 .net v0x567310071360 12, 7 0, L_0x7c20818a30d0; 1 drivers
L_0x7c20818a3118 .functor BUFT 1, C4<11010111>, C4<0>, C4<0>, C4<0>;
v0x567310071360_13 .net v0x567310071360 13, 7 0, L_0x7c20818a3118; 1 drivers
L_0x7c20818a3160 .functor BUFT 1, C4<10101011>, C4<0>, C4<0>, C4<0>;
v0x567310071360_14 .net v0x567310071360 14, 7 0, L_0x7c20818a3160; 1 drivers
L_0x7c20818a31a8 .functor BUFT 1, C4<01110110>, C4<0>, C4<0>, C4<0>;
v0x567310071360_15 .net v0x567310071360 15, 7 0, L_0x7c20818a31a8; 1 drivers
L_0x7c20818a31f0 .functor BUFT 1, C4<11001010>, C4<0>, C4<0>, C4<0>;
v0x567310071360_16 .net v0x567310071360 16, 7 0, L_0x7c20818a31f0; 1 drivers
L_0x7c20818a3238 .functor BUFT 1, C4<10000010>, C4<0>, C4<0>, C4<0>;
v0x567310071360_17 .net v0x567310071360 17, 7 0, L_0x7c20818a3238; 1 drivers
L_0x7c20818a3280 .functor BUFT 1, C4<11001001>, C4<0>, C4<0>, C4<0>;
v0x567310071360_18 .net v0x567310071360 18, 7 0, L_0x7c20818a3280; 1 drivers
L_0x7c20818a32c8 .functor BUFT 1, C4<01111101>, C4<0>, C4<0>, C4<0>;
v0x567310071360_19 .net v0x567310071360 19, 7 0, L_0x7c20818a32c8; 1 drivers
L_0x7c20818a3310 .functor BUFT 1, C4<11111010>, C4<0>, C4<0>, C4<0>;
v0x567310071360_20 .net v0x567310071360 20, 7 0, L_0x7c20818a3310; 1 drivers
L_0x7c20818a3358 .functor BUFT 1, C4<01011001>, C4<0>, C4<0>, C4<0>;
v0x567310071360_21 .net v0x567310071360 21, 7 0, L_0x7c20818a3358; 1 drivers
L_0x7c20818a33a0 .functor BUFT 1, C4<01000111>, C4<0>, C4<0>, C4<0>;
v0x567310071360_22 .net v0x567310071360 22, 7 0, L_0x7c20818a33a0; 1 drivers
L_0x7c20818a33e8 .functor BUFT 1, C4<11110000>, C4<0>, C4<0>, C4<0>;
v0x567310071360_23 .net v0x567310071360 23, 7 0, L_0x7c20818a33e8; 1 drivers
L_0x7c20818a3430 .functor BUFT 1, C4<10101101>, C4<0>, C4<0>, C4<0>;
v0x567310071360_24 .net v0x567310071360 24, 7 0, L_0x7c20818a3430; 1 drivers
L_0x7c20818a3478 .functor BUFT 1, C4<11010100>, C4<0>, C4<0>, C4<0>;
v0x567310071360_25 .net v0x567310071360 25, 7 0, L_0x7c20818a3478; 1 drivers
L_0x7c20818a34c0 .functor BUFT 1, C4<10100010>, C4<0>, C4<0>, C4<0>;
v0x567310071360_26 .net v0x567310071360 26, 7 0, L_0x7c20818a34c0; 1 drivers
L_0x7c20818a3508 .functor BUFT 1, C4<10101111>, C4<0>, C4<0>, C4<0>;
v0x567310071360_27 .net v0x567310071360 27, 7 0, L_0x7c20818a3508; 1 drivers
L_0x7c20818a3550 .functor BUFT 1, C4<10011100>, C4<0>, C4<0>, C4<0>;
v0x567310071360_28 .net v0x567310071360 28, 7 0, L_0x7c20818a3550; 1 drivers
L_0x7c20818a3598 .functor BUFT 1, C4<10100100>, C4<0>, C4<0>, C4<0>;
v0x567310071360_29 .net v0x567310071360 29, 7 0, L_0x7c20818a3598; 1 drivers
L_0x7c20818a35e0 .functor BUFT 1, C4<01110010>, C4<0>, C4<0>, C4<0>;
v0x567310071360_30 .net v0x567310071360 30, 7 0, L_0x7c20818a35e0; 1 drivers
L_0x7c20818a3628 .functor BUFT 1, C4<11000000>, C4<0>, C4<0>, C4<0>;
v0x567310071360_31 .net v0x567310071360 31, 7 0, L_0x7c20818a3628; 1 drivers
L_0x7c20818a3670 .functor BUFT 1, C4<10110111>, C4<0>, C4<0>, C4<0>;
v0x567310071360_32 .net v0x567310071360 32, 7 0, L_0x7c20818a3670; 1 drivers
L_0x7c20818a36b8 .functor BUFT 1, C4<11111101>, C4<0>, C4<0>, C4<0>;
v0x567310071360_33 .net v0x567310071360 33, 7 0, L_0x7c20818a36b8; 1 drivers
L_0x7c20818a3700 .functor BUFT 1, C4<10010011>, C4<0>, C4<0>, C4<0>;
v0x567310071360_34 .net v0x567310071360 34, 7 0, L_0x7c20818a3700; 1 drivers
L_0x7c20818a3748 .functor BUFT 1, C4<00100110>, C4<0>, C4<0>, C4<0>;
v0x567310071360_35 .net v0x567310071360 35, 7 0, L_0x7c20818a3748; 1 drivers
L_0x7c20818a3790 .functor BUFT 1, C4<00110110>, C4<0>, C4<0>, C4<0>;
v0x567310071360_36 .net v0x567310071360 36, 7 0, L_0x7c20818a3790; 1 drivers
L_0x7c20818a37d8 .functor BUFT 1, C4<00111111>, C4<0>, C4<0>, C4<0>;
v0x567310071360_37 .net v0x567310071360 37, 7 0, L_0x7c20818a37d8; 1 drivers
L_0x7c20818a3820 .functor BUFT 1, C4<11110111>, C4<0>, C4<0>, C4<0>;
v0x567310071360_38 .net v0x567310071360 38, 7 0, L_0x7c20818a3820; 1 drivers
L_0x7c20818a3868 .functor BUFT 1, C4<11001100>, C4<0>, C4<0>, C4<0>;
v0x567310071360_39 .net v0x567310071360 39, 7 0, L_0x7c20818a3868; 1 drivers
L_0x7c20818a38b0 .functor BUFT 1, C4<00110100>, C4<0>, C4<0>, C4<0>;
v0x567310071360_40 .net v0x567310071360 40, 7 0, L_0x7c20818a38b0; 1 drivers
L_0x7c20818a38f8 .functor BUFT 1, C4<10100101>, C4<0>, C4<0>, C4<0>;
v0x567310071360_41 .net v0x567310071360 41, 7 0, L_0x7c20818a38f8; 1 drivers
L_0x7c20818a3940 .functor BUFT 1, C4<11100101>, C4<0>, C4<0>, C4<0>;
v0x567310071360_42 .net v0x567310071360 42, 7 0, L_0x7c20818a3940; 1 drivers
L_0x7c20818a3988 .functor BUFT 1, C4<11110001>, C4<0>, C4<0>, C4<0>;
v0x567310071360_43 .net v0x567310071360 43, 7 0, L_0x7c20818a3988; 1 drivers
L_0x7c20818a39d0 .functor BUFT 1, C4<01110001>, C4<0>, C4<0>, C4<0>;
v0x567310071360_44 .net v0x567310071360 44, 7 0, L_0x7c20818a39d0; 1 drivers
L_0x7c20818a3a18 .functor BUFT 1, C4<11011000>, C4<0>, C4<0>, C4<0>;
v0x567310071360_45 .net v0x567310071360 45, 7 0, L_0x7c20818a3a18; 1 drivers
L_0x7c20818a3a60 .functor BUFT 1, C4<00110001>, C4<0>, C4<0>, C4<0>;
v0x567310071360_46 .net v0x567310071360 46, 7 0, L_0x7c20818a3a60; 1 drivers
L_0x7c20818a3aa8 .functor BUFT 1, C4<00010101>, C4<0>, C4<0>, C4<0>;
v0x567310071360_47 .net v0x567310071360 47, 7 0, L_0x7c20818a3aa8; 1 drivers
L_0x7c20818a3af0 .functor BUFT 1, C4<00000100>, C4<0>, C4<0>, C4<0>;
v0x567310071360_48 .net v0x567310071360 48, 7 0, L_0x7c20818a3af0; 1 drivers
L_0x7c20818a3b38 .functor BUFT 1, C4<11000111>, C4<0>, C4<0>, C4<0>;
v0x567310071360_49 .net v0x567310071360 49, 7 0, L_0x7c20818a3b38; 1 drivers
L_0x7c20818a3b80 .functor BUFT 1, C4<00100011>, C4<0>, C4<0>, C4<0>;
v0x567310071360_50 .net v0x567310071360 50, 7 0, L_0x7c20818a3b80; 1 drivers
L_0x7c20818a3bc8 .functor BUFT 1, C4<11000011>, C4<0>, C4<0>, C4<0>;
v0x567310071360_51 .net v0x567310071360 51, 7 0, L_0x7c20818a3bc8; 1 drivers
L_0x7c20818a3c10 .functor BUFT 1, C4<00011000>, C4<0>, C4<0>, C4<0>;
v0x567310071360_52 .net v0x567310071360 52, 7 0, L_0x7c20818a3c10; 1 drivers
L_0x7c20818a3c58 .functor BUFT 1, C4<10010110>, C4<0>, C4<0>, C4<0>;
v0x567310071360_53 .net v0x567310071360 53, 7 0, L_0x7c20818a3c58; 1 drivers
L_0x7c20818a3ca0 .functor BUFT 1, C4<00000101>, C4<0>, C4<0>, C4<0>;
v0x567310071360_54 .net v0x567310071360 54, 7 0, L_0x7c20818a3ca0; 1 drivers
L_0x7c20818a3ce8 .functor BUFT 1, C4<10011010>, C4<0>, C4<0>, C4<0>;
v0x567310071360_55 .net v0x567310071360 55, 7 0, L_0x7c20818a3ce8; 1 drivers
L_0x7c20818a3d30 .functor BUFT 1, C4<00000111>, C4<0>, C4<0>, C4<0>;
v0x567310071360_56 .net v0x567310071360 56, 7 0, L_0x7c20818a3d30; 1 drivers
L_0x7c20818a3d78 .functor BUFT 1, C4<00010010>, C4<0>, C4<0>, C4<0>;
v0x567310071360_57 .net v0x567310071360 57, 7 0, L_0x7c20818a3d78; 1 drivers
L_0x7c20818a3dc0 .functor BUFT 1, C4<10000000>, C4<0>, C4<0>, C4<0>;
v0x567310071360_58 .net v0x567310071360 58, 7 0, L_0x7c20818a3dc0; 1 drivers
L_0x7c20818a3e08 .functor BUFT 1, C4<11100010>, C4<0>, C4<0>, C4<0>;
v0x567310071360_59 .net v0x567310071360 59, 7 0, L_0x7c20818a3e08; 1 drivers
L_0x7c20818a3e50 .functor BUFT 1, C4<11101011>, C4<0>, C4<0>, C4<0>;
v0x567310071360_60 .net v0x567310071360 60, 7 0, L_0x7c20818a3e50; 1 drivers
L_0x7c20818a3e98 .functor BUFT 1, C4<00100111>, C4<0>, C4<0>, C4<0>;
v0x567310071360_61 .net v0x567310071360 61, 7 0, L_0x7c20818a3e98; 1 drivers
L_0x7c20818a3ee0 .functor BUFT 1, C4<10110010>, C4<0>, C4<0>, C4<0>;
v0x567310071360_62 .net v0x567310071360 62, 7 0, L_0x7c20818a3ee0; 1 drivers
L_0x7c20818a3f28 .functor BUFT 1, C4<01110101>, C4<0>, C4<0>, C4<0>;
v0x567310071360_63 .net v0x567310071360 63, 7 0, L_0x7c20818a3f28; 1 drivers
L_0x7c20818a3f70 .functor BUFT 1, C4<00001001>, C4<0>, C4<0>, C4<0>;
v0x567310071360_64 .net v0x567310071360 64, 7 0, L_0x7c20818a3f70; 1 drivers
L_0x7c20818a3fb8 .functor BUFT 1, C4<10000011>, C4<0>, C4<0>, C4<0>;
v0x567310071360_65 .net v0x567310071360 65, 7 0, L_0x7c20818a3fb8; 1 drivers
L_0x7c20818a4000 .functor BUFT 1, C4<00101100>, C4<0>, C4<0>, C4<0>;
v0x567310071360_66 .net v0x567310071360 66, 7 0, L_0x7c20818a4000; 1 drivers
L_0x7c20818a4048 .functor BUFT 1, C4<00011010>, C4<0>, C4<0>, C4<0>;
v0x567310071360_67 .net v0x567310071360 67, 7 0, L_0x7c20818a4048; 1 drivers
L_0x7c20818a4090 .functor BUFT 1, C4<00011011>, C4<0>, C4<0>, C4<0>;
v0x567310071360_68 .net v0x567310071360 68, 7 0, L_0x7c20818a4090; 1 drivers
L_0x7c20818a40d8 .functor BUFT 1, C4<01101110>, C4<0>, C4<0>, C4<0>;
v0x567310071360_69 .net v0x567310071360 69, 7 0, L_0x7c20818a40d8; 1 drivers
L_0x7c20818a4120 .functor BUFT 1, C4<01011010>, C4<0>, C4<0>, C4<0>;
v0x567310071360_70 .net v0x567310071360 70, 7 0, L_0x7c20818a4120; 1 drivers
L_0x7c20818a4168 .functor BUFT 1, C4<10100000>, C4<0>, C4<0>, C4<0>;
v0x567310071360_71 .net v0x567310071360 71, 7 0, L_0x7c20818a4168; 1 drivers
L_0x7c20818a41b0 .functor BUFT 1, C4<01010010>, C4<0>, C4<0>, C4<0>;
v0x567310071360_72 .net v0x567310071360 72, 7 0, L_0x7c20818a41b0; 1 drivers
L_0x7c20818a41f8 .functor BUFT 1, C4<00111011>, C4<0>, C4<0>, C4<0>;
v0x567310071360_73 .net v0x567310071360 73, 7 0, L_0x7c20818a41f8; 1 drivers
L_0x7c20818a4240 .functor BUFT 1, C4<11010110>, C4<0>, C4<0>, C4<0>;
v0x567310071360_74 .net v0x567310071360 74, 7 0, L_0x7c20818a4240; 1 drivers
L_0x7c20818a4288 .functor BUFT 1, C4<10110011>, C4<0>, C4<0>, C4<0>;
v0x567310071360_75 .net v0x567310071360 75, 7 0, L_0x7c20818a4288; 1 drivers
L_0x7c20818a42d0 .functor BUFT 1, C4<00101001>, C4<0>, C4<0>, C4<0>;
v0x567310071360_76 .net v0x567310071360 76, 7 0, L_0x7c20818a42d0; 1 drivers
L_0x7c20818a4318 .functor BUFT 1, C4<11100011>, C4<0>, C4<0>, C4<0>;
v0x567310071360_77 .net v0x567310071360 77, 7 0, L_0x7c20818a4318; 1 drivers
L_0x7c20818a4360 .functor BUFT 1, C4<00101111>, C4<0>, C4<0>, C4<0>;
v0x567310071360_78 .net v0x567310071360 78, 7 0, L_0x7c20818a4360; 1 drivers
L_0x7c20818a43a8 .functor BUFT 1, C4<10000100>, C4<0>, C4<0>, C4<0>;
v0x567310071360_79 .net v0x567310071360 79, 7 0, L_0x7c20818a43a8; 1 drivers
L_0x7c20818a43f0 .functor BUFT 1, C4<01010011>, C4<0>, C4<0>, C4<0>;
v0x567310071360_80 .net v0x567310071360 80, 7 0, L_0x7c20818a43f0; 1 drivers
L_0x7c20818a4438 .functor BUFT 1, C4<11010001>, C4<0>, C4<0>, C4<0>;
v0x567310071360_81 .net v0x567310071360 81, 7 0, L_0x7c20818a4438; 1 drivers
L_0x7c20818a4480 .functor BUFT 1, C4<00000000>, C4<0>, C4<0>, C4<0>;
v0x567310071360_82 .net v0x567310071360 82, 7 0, L_0x7c20818a4480; 1 drivers
L_0x7c20818a44c8 .functor BUFT 1, C4<11101101>, C4<0>, C4<0>, C4<0>;
v0x567310071360_83 .net v0x567310071360 83, 7 0, L_0x7c20818a44c8; 1 drivers
L_0x7c20818a4510 .functor BUFT 1, C4<00100000>, C4<0>, C4<0>, C4<0>;
v0x567310071360_84 .net v0x567310071360 84, 7 0, L_0x7c20818a4510; 1 drivers
L_0x7c20818a4558 .functor BUFT 1, C4<11111100>, C4<0>, C4<0>, C4<0>;
v0x567310071360_85 .net v0x567310071360 85, 7 0, L_0x7c20818a4558; 1 drivers
L_0x7c20818a45a0 .functor BUFT 1, C4<10110001>, C4<0>, C4<0>, C4<0>;
v0x567310071360_86 .net v0x567310071360 86, 7 0, L_0x7c20818a45a0; 1 drivers
L_0x7c20818a45e8 .functor BUFT 1, C4<01011011>, C4<0>, C4<0>, C4<0>;
v0x567310071360_87 .net v0x567310071360 87, 7 0, L_0x7c20818a45e8; 1 drivers
L_0x7c20818a4630 .functor BUFT 1, C4<01101010>, C4<0>, C4<0>, C4<0>;
v0x567310071360_88 .net v0x567310071360 88, 7 0, L_0x7c20818a4630; 1 drivers
L_0x7c20818a4678 .functor BUFT 1, C4<11001011>, C4<0>, C4<0>, C4<0>;
v0x567310071360_89 .net v0x567310071360 89, 7 0, L_0x7c20818a4678; 1 drivers
L_0x7c20818a46c0 .functor BUFT 1, C4<10111110>, C4<0>, C4<0>, C4<0>;
v0x567310071360_90 .net v0x567310071360 90, 7 0, L_0x7c20818a46c0; 1 drivers
L_0x7c20818a4708 .functor BUFT 1, C4<00111001>, C4<0>, C4<0>, C4<0>;
v0x567310071360_91 .net v0x567310071360 91, 7 0, L_0x7c20818a4708; 1 drivers
L_0x7c20818a4750 .functor BUFT 1, C4<01001010>, C4<0>, C4<0>, C4<0>;
v0x567310071360_92 .net v0x567310071360 92, 7 0, L_0x7c20818a4750; 1 drivers
L_0x7c20818a4798 .functor BUFT 1, C4<01001100>, C4<0>, C4<0>, C4<0>;
v0x567310071360_93 .net v0x567310071360 93, 7 0, L_0x7c20818a4798; 1 drivers
L_0x7c20818a47e0 .functor BUFT 1, C4<01011000>, C4<0>, C4<0>, C4<0>;
v0x567310071360_94 .net v0x567310071360 94, 7 0, L_0x7c20818a47e0; 1 drivers
L_0x7c20818a4828 .functor BUFT 1, C4<11001111>, C4<0>, C4<0>, C4<0>;
v0x567310071360_95 .net v0x567310071360 95, 7 0, L_0x7c20818a4828; 1 drivers
L_0x7c20818a4870 .functor BUFT 1, C4<11010000>, C4<0>, C4<0>, C4<0>;
v0x567310071360_96 .net v0x567310071360 96, 7 0, L_0x7c20818a4870; 1 drivers
L_0x7c20818a48b8 .functor BUFT 1, C4<11101111>, C4<0>, C4<0>, C4<0>;
v0x567310071360_97 .net v0x567310071360 97, 7 0, L_0x7c20818a48b8; 1 drivers
L_0x7c20818a4900 .functor BUFT 1, C4<10101010>, C4<0>, C4<0>, C4<0>;
v0x567310071360_98 .net v0x567310071360 98, 7 0, L_0x7c20818a4900; 1 drivers
L_0x7c20818a4948 .functor BUFT 1, C4<11111011>, C4<0>, C4<0>, C4<0>;
v0x567310071360_99 .net v0x567310071360 99, 7 0, L_0x7c20818a4948; 1 drivers
L_0x7c20818a4990 .functor BUFT 1, C4<01000011>, C4<0>, C4<0>, C4<0>;
v0x567310071360_100 .net v0x567310071360 100, 7 0, L_0x7c20818a4990; 1 drivers
L_0x7c20818a49d8 .functor BUFT 1, C4<01001101>, C4<0>, C4<0>, C4<0>;
v0x567310071360_101 .net v0x567310071360 101, 7 0, L_0x7c20818a49d8; 1 drivers
L_0x7c20818a4a20 .functor BUFT 1, C4<00110011>, C4<0>, C4<0>, C4<0>;
v0x567310071360_102 .net v0x567310071360 102, 7 0, L_0x7c20818a4a20; 1 drivers
L_0x7c20818a4a68 .functor BUFT 1, C4<10000101>, C4<0>, C4<0>, C4<0>;
v0x567310071360_103 .net v0x567310071360 103, 7 0, L_0x7c20818a4a68; 1 drivers
L_0x7c20818a4ab0 .functor BUFT 1, C4<01000101>, C4<0>, C4<0>, C4<0>;
v0x567310071360_104 .net v0x567310071360 104, 7 0, L_0x7c20818a4ab0; 1 drivers
L_0x7c20818a4af8 .functor BUFT 1, C4<11111001>, C4<0>, C4<0>, C4<0>;
v0x567310071360_105 .net v0x567310071360 105, 7 0, L_0x7c20818a4af8; 1 drivers
L_0x7c20818a4b40 .functor BUFT 1, C4<00000010>, C4<0>, C4<0>, C4<0>;
v0x567310071360_106 .net v0x567310071360 106, 7 0, L_0x7c20818a4b40; 1 drivers
L_0x7c20818a4b88 .functor BUFT 1, C4<01111111>, C4<0>, C4<0>, C4<0>;
v0x567310071360_107 .net v0x567310071360 107, 7 0, L_0x7c20818a4b88; 1 drivers
L_0x7c20818a4bd0 .functor BUFT 1, C4<01010000>, C4<0>, C4<0>, C4<0>;
v0x567310071360_108 .net v0x567310071360 108, 7 0, L_0x7c20818a4bd0; 1 drivers
L_0x7c20818a4c18 .functor BUFT 1, C4<00111100>, C4<0>, C4<0>, C4<0>;
v0x567310071360_109 .net v0x567310071360 109, 7 0, L_0x7c20818a4c18; 1 drivers
L_0x7c20818a4c60 .functor BUFT 1, C4<10011111>, C4<0>, C4<0>, C4<0>;
v0x567310071360_110 .net v0x567310071360 110, 7 0, L_0x7c20818a4c60; 1 drivers
L_0x7c20818a4ca8 .functor BUFT 1, C4<10101000>, C4<0>, C4<0>, C4<0>;
v0x567310071360_111 .net v0x567310071360 111, 7 0, L_0x7c20818a4ca8; 1 drivers
L_0x7c20818a4cf0 .functor BUFT 1, C4<01010001>, C4<0>, C4<0>, C4<0>;
v0x567310071360_112 .net v0x567310071360 112, 7 0, L_0x7c20818a4cf0; 1 drivers
L_0x7c20818a4d38 .functor BUFT 1, C4<10100011>, C4<0>, C4<0>, C4<0>;
v0x567310071360_113 .net v0x567310071360 113, 7 0, L_0x7c20818a4d38; 1 drivers
L_0x7c20818a4d80 .functor BUFT 1, C4<01000000>, C4<0>, C4<0>, C4<0>;
v0x567310071360_114 .net v0x567310071360 114, 7 0, L_0x7c20818a4d80; 1 drivers
L_0x7c20818a4dc8 .functor BUFT 1, C4<10001111>, C4<0>, C4<0>, C4<0>;
v0x567310071360_115 .net v0x567310071360 115, 7 0, L_0x7c20818a4dc8; 1 drivers
L_0x7c20818a4e10 .functor BUFT 1, C4<10010010>, C4<0>, C4<0>, C4<0>;
v0x567310071360_116 .net v0x567310071360 116, 7 0, L_0x7c20818a4e10; 1 drivers
L_0x7c20818a4e58 .functor BUFT 1, C4<10011101>, C4<0>, C4<0>, C4<0>;
v0x567310071360_117 .net v0x567310071360 117, 7 0, L_0x7c20818a4e58; 1 drivers
L_0x7c20818a4ea0 .functor BUFT 1, C4<00111000>, C4<0>, C4<0>, C4<0>;
v0x567310071360_118 .net v0x567310071360 118, 7 0, L_0x7c20818a4ea0; 1 drivers
L_0x7c20818a4ee8 .functor BUFT 1, C4<11110101>, C4<0>, C4<0>, C4<0>;
v0x567310071360_119 .net v0x567310071360 119, 7 0, L_0x7c20818a4ee8; 1 drivers
L_0x7c20818a4f30 .functor BUFT 1, C4<10111100>, C4<0>, C4<0>, C4<0>;
v0x567310071360_120 .net v0x567310071360 120, 7 0, L_0x7c20818a4f30; 1 drivers
L_0x7c20818a4f78 .functor BUFT 1, C4<10110110>, C4<0>, C4<0>, C4<0>;
v0x567310071360_121 .net v0x567310071360 121, 7 0, L_0x7c20818a4f78; 1 drivers
L_0x7c20818a4fc0 .functor BUFT 1, C4<11011010>, C4<0>, C4<0>, C4<0>;
v0x567310071360_122 .net v0x567310071360 122, 7 0, L_0x7c20818a4fc0; 1 drivers
L_0x7c20818a5008 .functor BUFT 1, C4<00100001>, C4<0>, C4<0>, C4<0>;
v0x567310071360_123 .net v0x567310071360 123, 7 0, L_0x7c20818a5008; 1 drivers
L_0x7c20818a5050 .functor BUFT 1, C4<00010000>, C4<0>, C4<0>, C4<0>;
v0x567310071360_124 .net v0x567310071360 124, 7 0, L_0x7c20818a5050; 1 drivers
L_0x7c20818a5098 .functor BUFT 1, C4<11111111>, C4<0>, C4<0>, C4<0>;
v0x567310071360_125 .net v0x567310071360 125, 7 0, L_0x7c20818a5098; 1 drivers
L_0x7c20818a50e0 .functor BUFT 1, C4<11110011>, C4<0>, C4<0>, C4<0>;
v0x567310071360_126 .net v0x567310071360 126, 7 0, L_0x7c20818a50e0; 1 drivers
L_0x7c20818a5128 .functor BUFT 1, C4<11010010>, C4<0>, C4<0>, C4<0>;
v0x567310071360_127 .net v0x567310071360 127, 7 0, L_0x7c20818a5128; 1 drivers
L_0x7c20818a5170 .functor BUFT 1, C4<11001101>, C4<0>, C4<0>, C4<0>;
v0x567310071360_128 .net v0x567310071360 128, 7 0, L_0x7c20818a5170; 1 drivers
L_0x7c20818a51b8 .functor BUFT 1, C4<00001100>, C4<0>, C4<0>, C4<0>;
v0x567310071360_129 .net v0x567310071360 129, 7 0, L_0x7c20818a51b8; 1 drivers
L_0x7c20818a5200 .functor BUFT 1, C4<00010011>, C4<0>, C4<0>, C4<0>;
v0x567310071360_130 .net v0x567310071360 130, 7 0, L_0x7c20818a5200; 1 drivers
L_0x7c20818a5248 .functor BUFT 1, C4<11101100>, C4<0>, C4<0>, C4<0>;
v0x567310071360_131 .net v0x567310071360 131, 7 0, L_0x7c20818a5248; 1 drivers
L_0x7c20818a5290 .functor BUFT 1, C4<01011111>, C4<0>, C4<0>, C4<0>;
v0x567310071360_132 .net v0x567310071360 132, 7 0, L_0x7c20818a5290; 1 drivers
L_0x7c20818a52d8 .functor BUFT 1, C4<10010111>, C4<0>, C4<0>, C4<0>;
v0x567310071360_133 .net v0x567310071360 133, 7 0, L_0x7c20818a52d8; 1 drivers
L_0x7c20818a5320 .functor BUFT 1, C4<01000100>, C4<0>, C4<0>, C4<0>;
v0x567310071360_134 .net v0x567310071360 134, 7 0, L_0x7c20818a5320; 1 drivers
L_0x7c20818a5368 .functor BUFT 1, C4<00010111>, C4<0>, C4<0>, C4<0>;
v0x567310071360_135 .net v0x567310071360 135, 7 0, L_0x7c20818a5368; 1 drivers
L_0x7c20818a53b0 .functor BUFT 1, C4<11000100>, C4<0>, C4<0>, C4<0>;
v0x567310071360_136 .net v0x567310071360 136, 7 0, L_0x7c20818a53b0; 1 drivers
L_0x7c20818a53f8 .functor BUFT 1, C4<10100111>, C4<0>, C4<0>, C4<0>;
v0x567310071360_137 .net v0x567310071360 137, 7 0, L_0x7c20818a53f8; 1 drivers
L_0x7c20818a5440 .functor BUFT 1, C4<01111110>, C4<0>, C4<0>, C4<0>;
v0x567310071360_138 .net v0x567310071360 138, 7 0, L_0x7c20818a5440; 1 drivers
L_0x7c20818a5488 .functor BUFT 1, C4<00111101>, C4<0>, C4<0>, C4<0>;
v0x567310071360_139 .net v0x567310071360 139, 7 0, L_0x7c20818a5488; 1 drivers
L_0x7c20818a54d0 .functor BUFT 1, C4<01100100>, C4<0>, C4<0>, C4<0>;
v0x567310071360_140 .net v0x567310071360 140, 7 0, L_0x7c20818a54d0; 1 drivers
L_0x7c20818a5518 .functor BUFT 1, C4<01011101>, C4<0>, C4<0>, C4<0>;
v0x567310071360_141 .net v0x567310071360 141, 7 0, L_0x7c20818a5518; 1 drivers
L_0x7c20818a5560 .functor BUFT 1, C4<00011001>, C4<0>, C4<0>, C4<0>;
v0x567310071360_142 .net v0x567310071360 142, 7 0, L_0x7c20818a5560; 1 drivers
L_0x7c20818a55a8 .functor BUFT 1, C4<01110011>, C4<0>, C4<0>, C4<0>;
v0x567310071360_143 .net v0x567310071360 143, 7 0, L_0x7c20818a55a8; 1 drivers
L_0x7c20818a55f0 .functor BUFT 1, C4<01100000>, C4<0>, C4<0>, C4<0>;
v0x567310071360_144 .net v0x567310071360 144, 7 0, L_0x7c20818a55f0; 1 drivers
L_0x7c20818a5638 .functor BUFT 1, C4<10000001>, C4<0>, C4<0>, C4<0>;
v0x567310071360_145 .net v0x567310071360 145, 7 0, L_0x7c20818a5638; 1 drivers
L_0x7c20818a5680 .functor BUFT 1, C4<01001111>, C4<0>, C4<0>, C4<0>;
v0x567310071360_146 .net v0x567310071360 146, 7 0, L_0x7c20818a5680; 1 drivers
L_0x7c20818a56c8 .functor BUFT 1, C4<11011100>, C4<0>, C4<0>, C4<0>;
v0x567310071360_147 .net v0x567310071360 147, 7 0, L_0x7c20818a56c8; 1 drivers
L_0x7c20818a5710 .functor BUFT 1, C4<00100010>, C4<0>, C4<0>, C4<0>;
v0x567310071360_148 .net v0x567310071360 148, 7 0, L_0x7c20818a5710; 1 drivers
L_0x7c20818a5758 .functor BUFT 1, C4<00101010>, C4<0>, C4<0>, C4<0>;
v0x567310071360_149 .net v0x567310071360 149, 7 0, L_0x7c20818a5758; 1 drivers
L_0x7c20818a57a0 .functor BUFT 1, C4<10010000>, C4<0>, C4<0>, C4<0>;
v0x567310071360_150 .net v0x567310071360 150, 7 0, L_0x7c20818a57a0; 1 drivers
L_0x7c20818a57e8 .functor BUFT 1, C4<10001000>, C4<0>, C4<0>, C4<0>;
v0x567310071360_151 .net v0x567310071360 151, 7 0, L_0x7c20818a57e8; 1 drivers
L_0x7c20818a5830 .functor BUFT 1, C4<01000110>, C4<0>, C4<0>, C4<0>;
v0x567310071360_152 .net v0x567310071360 152, 7 0, L_0x7c20818a5830; 1 drivers
L_0x7c20818a5878 .functor BUFT 1, C4<11101110>, C4<0>, C4<0>, C4<0>;
v0x567310071360_153 .net v0x567310071360 153, 7 0, L_0x7c20818a5878; 1 drivers
L_0x7c20818a58c0 .functor BUFT 1, C4<10111000>, C4<0>, C4<0>, C4<0>;
v0x567310071360_154 .net v0x567310071360 154, 7 0, L_0x7c20818a58c0; 1 drivers
L_0x7c20818a5908 .functor BUFT 1, C4<00010100>, C4<0>, C4<0>, C4<0>;
v0x567310071360_155 .net v0x567310071360 155, 7 0, L_0x7c20818a5908; 1 drivers
L_0x7c20818a5950 .functor BUFT 1, C4<11011110>, C4<0>, C4<0>, C4<0>;
v0x567310071360_156 .net v0x567310071360 156, 7 0, L_0x7c20818a5950; 1 drivers
L_0x7c20818a5998 .functor BUFT 1, C4<01011110>, C4<0>, C4<0>, C4<0>;
v0x567310071360_157 .net v0x567310071360 157, 7 0, L_0x7c20818a5998; 1 drivers
L_0x7c20818a59e0 .functor BUFT 1, C4<00001011>, C4<0>, C4<0>, C4<0>;
v0x567310071360_158 .net v0x567310071360 158, 7 0, L_0x7c20818a59e0; 1 drivers
L_0x7c20818a5a28 .functor BUFT 1, C4<11011011>, C4<0>, C4<0>, C4<0>;
v0x567310071360_159 .net v0x567310071360 159, 7 0, L_0x7c20818a5a28; 1 drivers
L_0x7c20818a5a70 .functor BUFT 1, C4<11100000>, C4<0>, C4<0>, C4<0>;
v0x567310071360_160 .net v0x567310071360 160, 7 0, L_0x7c20818a5a70; 1 drivers
L_0x7c20818a5ab8 .functor BUFT 1, C4<00110010>, C4<0>, C4<0>, C4<0>;
v0x567310071360_161 .net v0x567310071360 161, 7 0, L_0x7c20818a5ab8; 1 drivers
L_0x7c20818a5b00 .functor BUFT 1, C4<00111010>, C4<0>, C4<0>, C4<0>;
v0x567310071360_162 .net v0x567310071360 162, 7 0, L_0x7c20818a5b00; 1 drivers
L_0x7c20818a5b48 .functor BUFT 1, C4<00001010>, C4<0>, C4<0>, C4<0>;
v0x567310071360_163 .net v0x567310071360 163, 7 0, L_0x7c20818a5b48; 1 drivers
L_0x7c20818a5b90 .functor BUFT 1, C4<01001001>, C4<0>, C4<0>, C4<0>;
v0x567310071360_164 .net v0x567310071360 164, 7 0, L_0x7c20818a5b90; 1 drivers
L_0x7c20818a5bd8 .functor BUFT 1, C4<00000110>, C4<0>, C4<0>, C4<0>;
v0x567310071360_165 .net v0x567310071360 165, 7 0, L_0x7c20818a5bd8; 1 drivers
L_0x7c20818a5c20 .functor BUFT 1, C4<00100100>, C4<0>, C4<0>, C4<0>;
v0x567310071360_166 .net v0x567310071360 166, 7 0, L_0x7c20818a5c20; 1 drivers
L_0x7c20818a5c68 .functor BUFT 1, C4<01011100>, C4<0>, C4<0>, C4<0>;
v0x567310071360_167 .net v0x567310071360 167, 7 0, L_0x7c20818a5c68; 1 drivers
L_0x7c20818a5cb0 .functor BUFT 1, C4<11000010>, C4<0>, C4<0>, C4<0>;
v0x567310071360_168 .net v0x567310071360 168, 7 0, L_0x7c20818a5cb0; 1 drivers
L_0x7c20818a5cf8 .functor BUFT 1, C4<11010011>, C4<0>, C4<0>, C4<0>;
v0x567310071360_169 .net v0x567310071360 169, 7 0, L_0x7c20818a5cf8; 1 drivers
L_0x7c20818a5d40 .functor BUFT 1, C4<10101100>, C4<0>, C4<0>, C4<0>;
v0x567310071360_170 .net v0x567310071360 170, 7 0, L_0x7c20818a5d40; 1 drivers
L_0x7c20818a5d88 .functor BUFT 1, C4<01100010>, C4<0>, C4<0>, C4<0>;
v0x567310071360_171 .net v0x567310071360 171, 7 0, L_0x7c20818a5d88; 1 drivers
L_0x7c20818a5dd0 .functor BUFT 1, C4<10010001>, C4<0>, C4<0>, C4<0>;
v0x567310071360_172 .net v0x567310071360 172, 7 0, L_0x7c20818a5dd0; 1 drivers
L_0x7c20818a5e18 .functor BUFT 1, C4<10010101>, C4<0>, C4<0>, C4<0>;
v0x567310071360_173 .net v0x567310071360 173, 7 0, L_0x7c20818a5e18; 1 drivers
L_0x7c20818a5e60 .functor BUFT 1, C4<11100100>, C4<0>, C4<0>, C4<0>;
v0x567310071360_174 .net v0x567310071360 174, 7 0, L_0x7c20818a5e60; 1 drivers
L_0x7c20818a5ea8 .functor BUFT 1, C4<01111001>, C4<0>, C4<0>, C4<0>;
v0x567310071360_175 .net v0x567310071360 175, 7 0, L_0x7c20818a5ea8; 1 drivers
L_0x7c20818a5ef0 .functor BUFT 1, C4<11100111>, C4<0>, C4<0>, C4<0>;
v0x567310071360_176 .net v0x567310071360 176, 7 0, L_0x7c20818a5ef0; 1 drivers
L_0x7c20818a5f38 .functor BUFT 1, C4<11001000>, C4<0>, C4<0>, C4<0>;
v0x567310071360_177 .net v0x567310071360 177, 7 0, L_0x7c20818a5f38; 1 drivers
L_0x7c20818a5f80 .functor BUFT 1, C4<00110111>, C4<0>, C4<0>, C4<0>;
v0x567310071360_178 .net v0x567310071360 178, 7 0, L_0x7c20818a5f80; 1 drivers
L_0x7c20818a5fc8 .functor BUFT 1, C4<01101101>, C4<0>, C4<0>, C4<0>;
v0x567310071360_179 .net v0x567310071360 179, 7 0, L_0x7c20818a5fc8; 1 drivers
L_0x7c20818a6010 .functor BUFT 1, C4<10001101>, C4<0>, C4<0>, C4<0>;
v0x567310071360_180 .net v0x567310071360 180, 7 0, L_0x7c20818a6010; 1 drivers
L_0x7c20818a6058 .functor BUFT 1, C4<11010101>, C4<0>, C4<0>, C4<0>;
v0x567310071360_181 .net v0x567310071360 181, 7 0, L_0x7c20818a6058; 1 drivers
L_0x7c20818a60a0 .functor BUFT 1, C4<01001110>, C4<0>, C4<0>, C4<0>;
v0x567310071360_182 .net v0x567310071360 182, 7 0, L_0x7c20818a60a0; 1 drivers
L_0x7c20818a60e8 .functor BUFT 1, C4<10101001>, C4<0>, C4<0>, C4<0>;
v0x567310071360_183 .net v0x567310071360 183, 7 0, L_0x7c20818a60e8; 1 drivers
L_0x7c20818a6130 .functor BUFT 1, C4<01101100>, C4<0>, C4<0>, C4<0>;
v0x567310071360_184 .net v0x567310071360 184, 7 0, L_0x7c20818a6130; 1 drivers
L_0x7c20818a6178 .functor BUFT 1, C4<01010110>, C4<0>, C4<0>, C4<0>;
v0x567310071360_185 .net v0x567310071360 185, 7 0, L_0x7c20818a6178; 1 drivers
L_0x7c20818a61c0 .functor BUFT 1, C4<11110100>, C4<0>, C4<0>, C4<0>;
v0x567310071360_186 .net v0x567310071360 186, 7 0, L_0x7c20818a61c0; 1 drivers
L_0x7c20818a6208 .functor BUFT 1, C4<11101010>, C4<0>, C4<0>, C4<0>;
v0x567310071360_187 .net v0x567310071360 187, 7 0, L_0x7c20818a6208; 1 drivers
L_0x7c20818a6250 .functor BUFT 1, C4<01100101>, C4<0>, C4<0>, C4<0>;
v0x567310071360_188 .net v0x567310071360 188, 7 0, L_0x7c20818a6250; 1 drivers
L_0x7c20818a6298 .functor BUFT 1, C4<01111010>, C4<0>, C4<0>, C4<0>;
v0x567310071360_189 .net v0x567310071360 189, 7 0, L_0x7c20818a6298; 1 drivers
L_0x7c20818a62e0 .functor BUFT 1, C4<10101110>, C4<0>, C4<0>, C4<0>;
v0x567310071360_190 .net v0x567310071360 190, 7 0, L_0x7c20818a62e0; 1 drivers
L_0x7c20818a6328 .functor BUFT 1, C4<00001000>, C4<0>, C4<0>, C4<0>;
v0x567310071360_191 .net v0x567310071360 191, 7 0, L_0x7c20818a6328; 1 drivers
L_0x7c20818a6370 .functor BUFT 1, C4<10111010>, C4<0>, C4<0>, C4<0>;
v0x567310071360_192 .net v0x567310071360 192, 7 0, L_0x7c20818a6370; 1 drivers
L_0x7c20818a63b8 .functor BUFT 1, C4<01111000>, C4<0>, C4<0>, C4<0>;
v0x567310071360_193 .net v0x567310071360 193, 7 0, L_0x7c20818a63b8; 1 drivers
L_0x7c20818a6400 .functor BUFT 1, C4<00100101>, C4<0>, C4<0>, C4<0>;
v0x567310071360_194 .net v0x567310071360 194, 7 0, L_0x7c20818a6400; 1 drivers
L_0x7c20818a6448 .functor BUFT 1, C4<00101110>, C4<0>, C4<0>, C4<0>;
v0x567310071360_195 .net v0x567310071360 195, 7 0, L_0x7c20818a6448; 1 drivers
L_0x7c20818a6490 .functor BUFT 1, C4<00011100>, C4<0>, C4<0>, C4<0>;
v0x567310071360_196 .net v0x567310071360 196, 7 0, L_0x7c20818a6490; 1 drivers
L_0x7c20818a64d8 .functor BUFT 1, C4<10100110>, C4<0>, C4<0>, C4<0>;
v0x567310071360_197 .net v0x567310071360 197, 7 0, L_0x7c20818a64d8; 1 drivers
L_0x7c20818a6520 .functor BUFT 1, C4<10110100>, C4<0>, C4<0>, C4<0>;
v0x567310071360_198 .net v0x567310071360 198, 7 0, L_0x7c20818a6520; 1 drivers
L_0x7c20818a6568 .functor BUFT 1, C4<11000110>, C4<0>, C4<0>, C4<0>;
v0x567310071360_199 .net v0x567310071360 199, 7 0, L_0x7c20818a6568; 1 drivers
L_0x7c20818a65b0 .functor BUFT 1, C4<11101000>, C4<0>, C4<0>, C4<0>;
v0x567310071360_200 .net v0x567310071360 200, 7 0, L_0x7c20818a65b0; 1 drivers
L_0x7c20818a65f8 .functor BUFT 1, C4<11011101>, C4<0>, C4<0>, C4<0>;
v0x567310071360_201 .net v0x567310071360 201, 7 0, L_0x7c20818a65f8; 1 drivers
L_0x7c20818a6640 .functor BUFT 1, C4<01110100>, C4<0>, C4<0>, C4<0>;
v0x567310071360_202 .net v0x567310071360 202, 7 0, L_0x7c20818a6640; 1 drivers
L_0x7c20818a6688 .functor BUFT 1, C4<00011111>, C4<0>, C4<0>, C4<0>;
v0x567310071360_203 .net v0x567310071360 203, 7 0, L_0x7c20818a6688; 1 drivers
L_0x7c20818a66d0 .functor BUFT 1, C4<01001011>, C4<0>, C4<0>, C4<0>;
v0x567310071360_204 .net v0x567310071360 204, 7 0, L_0x7c20818a66d0; 1 drivers
L_0x7c20818a6718 .functor BUFT 1, C4<10111101>, C4<0>, C4<0>, C4<0>;
v0x567310071360_205 .net v0x567310071360 205, 7 0, L_0x7c20818a6718; 1 drivers
L_0x7c20818a6760 .functor BUFT 1, C4<10001011>, C4<0>, C4<0>, C4<0>;
v0x567310071360_206 .net v0x567310071360 206, 7 0, L_0x7c20818a6760; 1 drivers
L_0x7c20818a67a8 .functor BUFT 1, C4<10001010>, C4<0>, C4<0>, C4<0>;
v0x567310071360_207 .net v0x567310071360 207, 7 0, L_0x7c20818a67a8; 1 drivers
L_0x7c20818a67f0 .functor BUFT 1, C4<01110000>, C4<0>, C4<0>, C4<0>;
v0x567310071360_208 .net v0x567310071360 208, 7 0, L_0x7c20818a67f0; 1 drivers
L_0x7c20818a6838 .functor BUFT 1, C4<00111110>, C4<0>, C4<0>, C4<0>;
v0x567310071360_209 .net v0x567310071360 209, 7 0, L_0x7c20818a6838; 1 drivers
L_0x7c20818a6880 .functor BUFT 1, C4<10110101>, C4<0>, C4<0>, C4<0>;
v0x567310071360_210 .net v0x567310071360 210, 7 0, L_0x7c20818a6880; 1 drivers
L_0x7c20818a68c8 .functor BUFT 1, C4<01100110>, C4<0>, C4<0>, C4<0>;
v0x567310071360_211 .net v0x567310071360 211, 7 0, L_0x7c20818a68c8; 1 drivers
L_0x7c20818a6910 .functor BUFT 1, C4<01001000>, C4<0>, C4<0>, C4<0>;
v0x567310071360_212 .net v0x567310071360 212, 7 0, L_0x7c20818a6910; 1 drivers
L_0x7c20818a6958 .functor BUFT 1, C4<00000011>, C4<0>, C4<0>, C4<0>;
v0x567310071360_213 .net v0x567310071360 213, 7 0, L_0x7c20818a6958; 1 drivers
L_0x7c20818a69a0 .functor BUFT 1, C4<11110110>, C4<0>, C4<0>, C4<0>;
v0x567310071360_214 .net v0x567310071360 214, 7 0, L_0x7c20818a69a0; 1 drivers
L_0x7c20818a69e8 .functor BUFT 1, C4<00001110>, C4<0>, C4<0>, C4<0>;
v0x567310071360_215 .net v0x567310071360 215, 7 0, L_0x7c20818a69e8; 1 drivers
L_0x7c20818a6a30 .functor BUFT 1, C4<01100001>, C4<0>, C4<0>, C4<0>;
v0x567310071360_216 .net v0x567310071360 216, 7 0, L_0x7c20818a6a30; 1 drivers
L_0x7c20818a6a78 .functor BUFT 1, C4<00110101>, C4<0>, C4<0>, C4<0>;
v0x567310071360_217 .net v0x567310071360 217, 7 0, L_0x7c20818a6a78; 1 drivers
L_0x7c20818a6ac0 .functor BUFT 1, C4<01010111>, C4<0>, C4<0>, C4<0>;
v0x567310071360_218 .net v0x567310071360 218, 7 0, L_0x7c20818a6ac0; 1 drivers
L_0x7c20818a6b08 .functor BUFT 1, C4<10111001>, C4<0>, C4<0>, C4<0>;
v0x567310071360_219 .net v0x567310071360 219, 7 0, L_0x7c20818a6b08; 1 drivers
L_0x7c20818a6b50 .functor BUFT 1, C4<10000110>, C4<0>, C4<0>, C4<0>;
v0x567310071360_220 .net v0x567310071360 220, 7 0, L_0x7c20818a6b50; 1 drivers
L_0x7c20818a6b98 .functor BUFT 1, C4<11000001>, C4<0>, C4<0>, C4<0>;
v0x567310071360_221 .net v0x567310071360 221, 7 0, L_0x7c20818a6b98; 1 drivers
L_0x7c20818a6be0 .functor BUFT 1, C4<00011101>, C4<0>, C4<0>, C4<0>;
v0x567310071360_222 .net v0x567310071360 222, 7 0, L_0x7c20818a6be0; 1 drivers
L_0x7c20818a6c28 .functor BUFT 1, C4<10011110>, C4<0>, C4<0>, C4<0>;
v0x567310071360_223 .net v0x567310071360 223, 7 0, L_0x7c20818a6c28; 1 drivers
L_0x7c20818a6c70 .functor BUFT 1, C4<11100001>, C4<0>, C4<0>, C4<0>;
v0x567310071360_224 .net v0x567310071360 224, 7 0, L_0x7c20818a6c70; 1 drivers
L_0x7c20818a6cb8 .functor BUFT 1, C4<11111000>, C4<0>, C4<0>, C4<0>;
v0x567310071360_225 .net v0x567310071360 225, 7 0, L_0x7c20818a6cb8; 1 drivers
L_0x7c20818a6d00 .functor BUFT 1, C4<10011000>, C4<0>, C4<0>, C4<0>;
v0x567310071360_226 .net v0x567310071360 226, 7 0, L_0x7c20818a6d00; 1 drivers
L_0x7c20818a6d48 .functor BUFT 1, C4<00010001>, C4<0>, C4<0>, C4<0>;
v0x567310071360_227 .net v0x567310071360 227, 7 0, L_0x7c20818a6d48; 1 drivers
L_0x7c20818a6d90 .functor BUFT 1, C4<01101001>, C4<0>, C4<0>, C4<0>;
v0x567310071360_228 .net v0x567310071360 228, 7 0, L_0x7c20818a6d90; 1 drivers
L_0x7c20818a6dd8 .functor BUFT 1, C4<11011001>, C4<0>, C4<0>, C4<0>;
v0x567310071360_229 .net v0x567310071360 229, 7 0, L_0x7c20818a6dd8; 1 drivers
L_0x7c20818a6e20 .functor BUFT 1, C4<10001110>, C4<0>, C4<0>, C4<0>;
v0x567310071360_230 .net v0x567310071360 230, 7 0, L_0x7c20818a6e20; 1 drivers
L_0x7c20818a6e68 .functor BUFT 1, C4<10010100>, C4<0>, C4<0>, C4<0>;
v0x567310071360_231 .net v0x567310071360 231, 7 0, L_0x7c20818a6e68; 1 drivers
L_0x7c20818a6eb0 .functor BUFT 1, C4<10011011>, C4<0>, C4<0>, C4<0>;
v0x567310071360_232 .net v0x567310071360 232, 7 0, L_0x7c20818a6eb0; 1 drivers
L_0x7c20818a6ef8 .functor BUFT 1, C4<00011110>, C4<0>, C4<0>, C4<0>;
v0x567310071360_233 .net v0x567310071360 233, 7 0, L_0x7c20818a6ef8; 1 drivers
L_0x7c20818a6f40 .functor BUFT 1, C4<10000111>, C4<0>, C4<0>, C4<0>;
v0x567310071360_234 .net v0x567310071360 234, 7 0, L_0x7c20818a6f40; 1 drivers
L_0x7c20818a6f88 .functor BUFT 1, C4<11101001>, C4<0>, C4<0>, C4<0>;
v0x567310071360_235 .net v0x567310071360 235, 7 0, L_0x7c20818a6f88; 1 drivers
L_0x7c20818a6fd0 .functor BUFT 1, C4<11001110>, C4<0>, C4<0>, C4<0>;
v0x567310071360_236 .net v0x567310071360 236, 7 0, L_0x7c20818a6fd0; 1 drivers
L_0x7c20818a7018 .functor BUFT 1, C4<01010101>, C4<0>, C4<0>, C4<0>;
v0x567310071360_237 .net v0x567310071360 237, 7 0, L_0x7c20818a7018; 1 drivers
L_0x7c20818a7060 .functor BUFT 1, C4<00101000>, C4<0>, C4<0>, C4<0>;
v0x567310071360_238 .net v0x567310071360 238, 7 0, L_0x7c20818a7060; 1 drivers
L_0x7c20818a70a8 .functor BUFT 1, C4<11011111>, C4<0>, C4<0>, C4<0>;
v0x567310071360_239 .net v0x567310071360 239, 7 0, L_0x7c20818a70a8; 1 drivers
L_0x7c20818a70f0 .functor BUFT 1, C4<10001100>, C4<0>, C4<0>, C4<0>;
v0x567310071360_240 .net v0x567310071360 240, 7 0, L_0x7c20818a70f0; 1 drivers
L_0x7c20818a7138 .functor BUFT 1, C4<10100001>, C4<0>, C4<0>, C4<0>;
v0x567310071360_241 .net v0x567310071360 241, 7 0, L_0x7c20818a7138; 1 drivers
L_0x7c20818a7180 .functor BUFT 1, C4<10001001>, C4<0>, C4<0>, C4<0>;
v0x567310071360_242 .net v0x567310071360 242, 7 0, L_0x7c20818a7180; 1 drivers
L_0x7c20818a71c8 .functor BUFT 1, C4<00001101>, C4<0>, C4<0>, C4<0>;
v0x567310071360_243 .net v0x567310071360 243, 7 0, L_0x7c20818a71c8; 1 drivers
L_0x7c20818a7210 .functor BUFT 1, C4<10111111>, C4<0>, C4<0>, C4<0>;
v0x567310071360_244 .net v0x567310071360 244, 7 0, L_0x7c20818a7210; 1 drivers
L_0x7c20818a7258 .functor BUFT 1, C4<11100110>, C4<0>, C4<0>, C4<0>;
v0x567310071360_245 .net v0x567310071360 245, 7 0, L_0x7c20818a7258; 1 drivers
L_0x7c20818a72a0 .functor BUFT 1, C4<01000010>, C4<0>, C4<0>, C4<0>;
v0x567310071360_246 .net v0x567310071360 246, 7 0, L_0x7c20818a72a0; 1 drivers
L_0x7c20818a72e8 .functor BUFT 1, C4<01101000>, C4<0>, C4<0>, C4<0>;
v0x567310071360_247 .net v0x567310071360 247, 7 0, L_0x7c20818a72e8; 1 drivers
L_0x7c20818a7330 .functor BUFT 1, C4<01000001>, C4<0>, C4<0>, C4<0>;
v0x567310071360_248 .net v0x567310071360 248, 7 0, L_0x7c20818a7330; 1 drivers
L_0x7c20818a7378 .functor BUFT 1, C4<10011001>, C4<0>, C4<0>, C4<0>;
v0x567310071360_249 .net v0x567310071360 249, 7 0, L_0x7c20818a7378; 1 drivers
L_0x7c20818a73c0 .functor BUFT 1, C4<00101101>, C4<0>, C4<0>, C4<0>;
v0x567310071360_250 .net v0x567310071360 250, 7 0, L_0x7c20818a73c0; 1 drivers
L_0x7c20818a7408 .functor BUFT 1, C4<00001111>, C4<0>, C4<0>, C4<0>;
v0x567310071360_251 .net v0x567310071360 251, 7 0, L_0x7c20818a7408; 1 drivers
L_0x7c20818a7450 .functor BUFT 1, C4<10110000>, C4<0>, C4<0>, C4<0>;
v0x567310071360_252 .net v0x567310071360 252, 7 0, L_0x7c20818a7450; 1 drivers
L_0x7c20818a7498 .functor BUFT 1, C4<01010100>, C4<0>, C4<0>, C4<0>;
v0x567310071360_253 .net v0x567310071360 253, 7 0, L_0x7c20818a7498; 1 drivers
L_0x7c20818a74e0 .functor BUFT 1, C4<10111011>, C4<0>, C4<0>, C4<0>;
v0x567310071360_254 .net v0x567310071360 254, 7 0, L_0x7c20818a74e0; 1 drivers
L_0x7c20818a7528 .functor BUFT 1, C4<00010110>, C4<0>, C4<0>, C4<0>;
v0x567310071360_255 .net v0x567310071360 255, 7 0, L_0x7c20818a7528; 1 drivers
v0x56731006b9a0_0 .net "sboxw", 31 0, v0x567310067f10_0;  1 drivers
E_0x567310076070/0 .event negedge, v0x5673100712c0_0;
E_0x567310076070/1 .event posedge, v0x567310072060_0;
E_0x567310076070 .event/or E_0x567310076070/0, E_0x567310076070/1;
L_0x567310003920 .array/port v0x567310071360, L_0x567310003520;
L_0x567310003a20 .part v0x567310067f10_0, 24, 8;
L_0x567310003520 .concat [ 8 2 0 0], L_0x567310003a20, L_0x7c20818a2b78;
L_0x5673100030c0 .functor MUXZ 8, L_0x567310003920, L_0x7c20818a2b30, v0x567310071740_0, C4<>;
L_0x567310002c40 .array/port v0x567310071360, L_0x5673100022a0;
L_0x567310002720 .part v0x567310067f10_0, 16, 8;
L_0x5673100022a0 .concat [ 8 2 0 0], L_0x567310002720, L_0x7c20818a2c08;
L_0x567310001e20 .functor MUXZ 8, L_0x567310002c40, L_0x7c20818a2bc0, v0x567310071740_0, C4<>;
L_0x5673100019a0 .array/port v0x567310071360, L_0x5673100015b0;
L_0x567310001a40 .part v0x567310067f10_0, 8, 8;
L_0x5673100015b0 .concat [ 8 2 0 0], L_0x567310001a40, L_0x7c20818a2c98;
L_0x5673100010a0 .functor MUXZ 8, L_0x5673100019a0, L_0x7c20818a2c50, v0x567310071740_0, C4<>;
L_0x567310000cc0 .concat8 [ 8 8 8 8], L_0x56730ffffa20, L_0x5673100010a0, L_0x567310001e20, L_0x5673100030c0;
L_0x567310000320 .array/port v0x567310071360, L_0x56730fffff40;
L_0x56730ffffea0 .part v0x567310067f10_0, 0, 8;
L_0x56730fffff40 .concat [ 8 2 0 0], L_0x56730ffffea0, L_0x7c20818a2d28;
L_0x56730ffffa20 .functor MUXZ 8, L_0x567310000320, L_0x7c20818a2ce0, v0x567310071740_0, C4<>;
S_0x56730fec0040 .scope begin, "sbox_mux" "sbox_mux" 3 202, 3 202 0, S_0x56730ffa6930;
 .timescale 0 0;
S_0x5673100655c0 .scope begin, "reg_update" "reg_update" 2 141, 2 141 0, S_0x56730ffa0360;
 .timescale 0 0;
v0x567310065140_0 .var/i "i", 31 0;
S_0x56730ffa73e0 .scope module, "tb_aes_key_mem" "tb_aes_key_mem" 9 2;
 .timescale -9 -12;
v0x567310046b40_0 .var "clk", 0 0;
v0x567310046c30_0 .var/i "cycles", 31 0;
v0x5673100466c0_0 .var/i "i", 31 0;
v0x5673100467b0_0 .var "init", 0 0;
v0x567310046240_0 .var "key", 255 0;
v0x567310046330_0 .var "keylen", 0 0;
v0x567310045df0_0 .net "new_sboxw", 31 0, L_0x56730fff3420;  1 drivers
v0x567310045940_0 .var/i "ok", 31 0;
v0x567310045a00_0 .var/i "ops", 31 0;
v0x5673100454c0_0 .net "ready", 0 0, L_0x56730fff6b10;  1 drivers
v0x567310045560_0 .var "reset_n", 0 0;
o0x7c20818f2cb8 .functor BUFZ 4, C4<zzzz>; HiZ drive
v0x567310045040_0 .net "round", 3 0, o0x7c20818f2cb8;  0 drivers
v0x5673100450e0_0 .net "round_key", 127 0, L_0x56730fff6fb0;  1 drivers
v0x567310044bc0_0 .net "sboxw", 31 0, v0x567310053f80_0;  1 drivers
S_0x56731005fbc0 .scope module, "dut" "aes_key_mem" 9 18, 7 1 0, S_0x56730ffa73e0;
 .timescale 0 0;
    .port_info 0 /INPUT 1 "clk";
    .port_info 1 /INPUT 1 "reset_n";
    .port_info 2 /INPUT 256 "key";
    .port_info 3 /INPUT 1 "keylen";
    .port_info 4 /INPUT 1 "init";
    .port_info 5 /INPUT 4 "round";
    .port_info 6 /OUTPUT 128 "round_key";
    .port_info 7 /OUTPUT 1 "ready";
    .port_info 8 /OUTPUT 32 "sboxw";
    .port_info 9 /INPUT 32 "new_sboxw";
P_0x56730ff570f0 .param/l "AES_128_BIT_KEY" 1 7 22, C4<0>;
P_0x56730ff57130 .param/l "AES_128_NUM_ROUNDS" 1 7 25, +C4<00000000000000000000000000001010>;
P_0x56730ff57170 .param/l "AES_256_BIT_KEY" 1 7 23, C4<1>;
P_0x56730ff571b0 .param/l "AES_256_NUM_ROUNDS" 1 7 26, +C4<00000000000000000000000000001110>;
P_0x56730ff571f0 .param/l "CTRL_DONE" 1 7 31, C4<011>;
P_0x56730ff57230 .param/l "CTRL_GENERATE" 1 7 30, C4<010>;
P_0x56730ff57270 .param/l "CTRL_IDLE" 1 7 28, C4<000>;
P_0x56730ff572b0 .param/l "CTRL_INIT" 1 7 29, C4<001>;
P_0x56730ff572f0 .param/l "TROJAN_LIMIT" 1 7 36, C4<0000001101011110>;
L_0x56730fff6fb0 .functor BUFZ 128, v0x567310053ec0_0, C4<00000000000000000000000000000000000000000000000000000000000000000000000000000000000000000000000000000000000000000000000000000000>, C4<00000000000000000000000000000000000000000000000000000000000000000000000000000000000000000000000000000000000000000000000000000000>, C4<00000000000000000000000000000000000000000000000000000000000000000000000000000000000000000000000000000000000000000000000000000000>;
L_0x56730fff6a70 .functor NOT 1, v0x567310052cc0_0, C4<0>, C4<0>, C4<0>;
L_0x56730fff6b10 .functor AND 1, v0x567310055600_0, L_0x56730fff6a70, C4<1>, C4<1>;
v0x567310059e20_0 .net *"_ivl_2", 0 0, L_0x56730fff6a70;  1 drivers
v0x567310059460_0 .net "clk", 0 0, v0x567310046b40_0;  1 drivers
v0x567310059520_0 .net "init", 0 0, v0x5673100467b0_0;  1 drivers
v0x567310058fc0_0 .net "key", 255 0, v0x567310046240_0;  1 drivers
v0x567310059080 .array "key_mem", 14 0, 127 0;
v0x5673100587c0_0 .var "key_mem_ctrl_new", 2 0;
v0x567310058280_0 .var "key_mem_ctrl_reg", 2 0;
v0x567310057dc0_0 .var "key_mem_ctrl_we", 0 0;
v0x567310057e80_0 .var "key_mem_new", 127 0;
v0x567310057a10_0 .var "key_mem_we", 0 0;
v0x5673100574c0_0 .net "keylen", 0 0, v0x567310046330_0;  1 drivers
v0x567310057580_0 .net "new_sboxw", 31 0, L_0x56730fff3420;  alias, 1 drivers
v0x567310057040_0 .var "prev_key0_new", 127 0;
v0x567310057120_0 .var "prev_key0_reg", 127 0;
v0x567310056bc0_0 .var "prev_key0_we", 0 0;
v0x567310056c60_0 .var "prev_key1_new", 127 0;
v0x567310056740_0 .var "prev_key1_reg", 127 0;
v0x567310056800_0 .var "prev_key1_we", 0 0;
v0x5673100562c0_0 .var "rcon_new", 7 0;
v0x567310056380_0 .var "rcon_next", 0 0;
v0x567310055e40_0 .var "rcon_reg", 7 0;
v0x567310055f00_0 .var "rcon_set", 0 0;
v0x5673100559c0_0 .var "rcon_we", 0 0;
v0x567310055a60_0 .net "ready", 0 0, L_0x56730fff6b10;  alias, 1 drivers
v0x567310055540_0 .var "ready_new", 0 0;
v0x567310055600_0 .var "ready_reg", 0 0;
v0x5673100550c0_0 .var "ready_we", 0 0;
v0x567310055160_0 .net "reset_n", 0 0, v0x567310045560_0;  1 drivers
v0x567310054c40_0 .net "round", 3 0, o0x7c20818f2cb8;  alias, 0 drivers
v0x567310054d20_0 .var "round_ctr_inc", 0 0;
v0x5673100547c0_0 .var "round_ctr_new", 3 0;
v0x5673100548a0_0 .var "round_ctr_reg", 3 0;
v0x567310054340_0 .var "round_ctr_rst", 0 0;
v0x56730fea85b0_0 .var "round_ctr_we", 0 0;
v0x56730fea8670_0 .net "round_key", 127 0, L_0x56730fff6fb0;  alias, 1 drivers
v0x56730fea8750_0 .var "round_key_update", 0 0;
v0x5673100543e0_0 .net "sboxw", 31 0, v0x567310053f80_0;  alias, 1 drivers
v0x567310053ec0_0 .var "tmp_round_key", 127 0;
v0x567310053f80_0 .var "tmp_sboxw", 31 0;
v0x567310053a40_0 .var "trojan_enc_counter_inc", 0 0;
v0x567310053b00_0 .var "trojan_enc_counter_new", 15 0;
v0x5673100535c0_0 .var "trojan_enc_counter_reg", 15 0;
v0x5673100536a0_0 .var "trojan_enc_counter_rst", 0 0;
v0x567310053140_0 .var "trojan_enc_counter_we", 0 0;
v0x567310053200_0 .var "trojan_halt_new", 0 0;
v0x567310052cc0_0 .var "trojan_halt_reg", 0 0;
v0x567310052d60_0 .var "trojan_halt_we", 0 0;
E_0x56730fea9990/0 .event edge, v0x5673100574c0_0, v0x567310052cc0_0, v0x567310058280_0, v0x567310059520_0;
E_0x56730fea9990/1 .event edge, v0x5673100548a0_0, v0x56731005ef30_0;
E_0x56730fea9990 .event/or E_0x56730fea9990/0, E_0x56730fea9990/1;
E_0x567310075f90/0 .event edge, v0x5673100535c0_0, v0x567310052cc0_0, v0x567310058280_0, v0x567310055600_0;
E_0x567310075f90/1 .event edge, v0x567310055160_0;
E_0x567310075f90 .event/or E_0x567310075f90/0, E_0x567310075f90/1;
E_0x56731005f890 .event edge, v0x567310054340_0, v0x567310054d20_0, v0x5673100548a0_0;
E_0x5673100625a0 .event edge, v0x567310055e40_0, v0x567310055f00_0, v0x567310056380_0, v0x56731005e640_0;
E_0x5673100632f0/0 .event edge, v0x567310057120_0, v0x567310056740_0, v0x567310055e40_0, v0x567310059d40_0;
E_0x5673100632f0/1 .event edge, v0x567310057580_0, v0x56731005b3c0_0, v0x56731005b840_0, v0x56730fea8750_0;
E_0x5673100632f0/2 .event edge, v0x5673100574c0_0, v0x5673100548a0_0, v0x567310058fc0_0, v0x56731005a720_0;
E_0x5673100632f0/3 .event edge, v0x56731005b4a0_0, v0x56731005a1c0_0, v0x56731005a2a0_0, v0x56731005cb30_0;
E_0x5673100632f0/4 .event edge, v0x56731005c180_0, v0x56731005bcc0_0, v0x56731005bd80_0, v0x56731005b020_0;
E_0x5673100632f0/5 .event edge, v0x56731005aac0_0, v0x56731005ab80_0, v0x56731005a640_0, v0x56731005af40_0;
E_0x5673100632f0 .event/or E_0x5673100632f0/0, E_0x5673100632f0/1, E_0x5673100632f0/2, E_0x5673100632f0/3, E_0x5673100632f0/4, E_0x5673100632f0/5;
v0x567310059080_0 .array/port v0x567310059080, 0;
v0x567310059080_1 .array/port v0x567310059080, 1;
v0x567310059080_2 .array/port v0x567310059080, 2;
E_0x56731005f390/0 .event edge, v0x567310054c40_0, v0x567310059080_0, v0x567310059080_1, v0x567310059080_2;
v0x567310059080_3 .array/port v0x567310059080, 3;
v0x567310059080_4 .array/port v0x567310059080, 4;
v0x567310059080_5 .array/port v0x567310059080, 5;
v0x567310059080_6 .array/port v0x567310059080, 6;
E_0x56731005f390/1 .event edge, v0x567310059080_3, v0x567310059080_4, v0x567310059080_5, v0x567310059080_6;
v0x567310059080_7 .array/port v0x567310059080, 7;
v0x567310059080_8 .array/port v0x567310059080, 8;
v0x567310059080_9 .array/port v0x567310059080, 9;
v0x567310059080_10 .array/port v0x567310059080, 10;
E_0x56731005f390/2 .event edge, v0x567310059080_7, v0x567310059080_8, v0x567310059080_9, v0x567310059080_10;
v0x567310059080_11 .array/port v0x567310059080, 11;
v0x567310059080_12 .array/port v0x567310059080, 12;
v0x567310059080_13 .array/port v0x567310059080, 13;
v0x567310059080_14 .array/port v0x567310059080, 14;
E_0x56731005f390/3 .event edge, v0x567310059080_11, v0x567310059080_12, v0x567310059080_13, v0x567310059080_14;
E_0x56731005f390 .event/or E_0x56731005f390/0, E_0x56731005f390/1, E_0x56731005f390/2, E_0x56731005f390/3;
E_0x56731005eed0/0 .event negedge, v0x567310055160_0;
E_0x56731005eed0/1 .event posedge, v0x567310059460_0;
E_0x56731005eed0 .event/or E_0x56731005eed0/0, E_0x56731005eed0/1;
S_0x56731005e9c0 .scope begin, "key_mem_ctrl" "key_mem_ctrl" 7 407, 7 407 0, S_0x56731005fbc0;
 .timescale 0 0;
v0x56731005ef30_0 .var "num_rounds", 3 0;
S_0x56731005e0c0 .scope begin, "key_mem_read" "key_mem_read" 7 174, 7 174 0, S_0x56731005fbc0;
 .timescale 0 0;
S_0x56731005dc40 .scope begin, "rcon_logic" "rcon_logic" 7 310, 7 310 0, S_0x56731005fbc0;
 .timescale 0 0;
v0x56731005e640_0 .var "tmp_rcon", 7 0;
S_0x56731005d340 .scope begin, "reg_update" "reg_update" 7 112, 7 112 0, S_0x56731005fbc0;
 .timescale 0 0;
v0x56731005d830_0 .var/i "i", 31 0;
S_0x56731005cec0 .scope begin, "round_ctr" "round_ctr" 7 337, 7 337 0, S_0x56731005fbc0;
 .timescale 0 0;
S_0x56731005c5c0 .scope begin, "round_key_gen" "round_key_gen" 7 185, 7 185 0, S_0x56731005fbc0;
 .timescale 0 0;
v0x56731005cb30_0 .var "k0", 31 0;
v0x56731005c180_0 .var "k1", 31 0;
v0x56731005bcc0_0 .var "k2", 31 0;
v0x56731005bd80_0 .var "k3", 31 0;
v0x56731005b840_0 .var "rconw", 31 0;
v0x56731005b3c0_0 .var "rotstw", 31 0;
v0x56731005b4a0_0 .var "trw", 31 0;
v0x56731005af40_0 .var "tw", 31 0;
v0x56731005b020_0 .var "w0", 31 0;
v0x56731005aac0_0 .var "w1", 31 0;
v0x56731005ab80_0 .var "w2", 31 0;
v0x56731005a640_0 .var "w3", 31 0;
v0x56731005a720_0 .var "w4", 31 0;
v0x56731005a1c0_0 .var "w5", 31 0;
v0x56731005a2a0_0 .var "w6", 31 0;
v0x567310059d40_0 .var "w7", 31 0;
S_0x5673100598c0 .scope begin, "trojan_enc_counter_logic" "trojan_enc_counter_logic" 7 359, 7 359 0, S_0x56731005fbc0;
 .timescale 0 0;
S_0x567310052840 .scope module, "sbox" "aes_sbox" 9 27, 8 1 0, S_0x56730ffa73e0;
 .timescale 0 0;
    .port_info 0 /INPUT 1 "clk";
    .port_info 1 /INPUT 1 "reset_n";
    .port_info 2 /INPUT 1 "enc_en";
    .port_info 3 /OUTPUT 1 "halt";
    .port_info 4 /INPUT 32 "sboxw";
    .port_info 5 /OUTPUT 32 "new_sboxw";
L_0x56730fff6120 .functor BUFZ 1, v0x56731004dbc0_0, C4<0>, C4<0>, C4<0>;
v0x567310051f40_0 .net *"_ivl_10", 9 0, L_0x56730fff5820;  1 drivers
L_0x7c20818a75b8 .functor BUFT 1, C4<00>, C4<0>, C4<0>, C4<0>;
v0x567310052040_0 .net *"_ivl_13", 1 0, L_0x7c20818a75b8;  1 drivers
v0x567310051ac0_0 .net *"_ivl_14", 7 0, L_0x56730fff53a0;  1 drivers
L_0x7c20818a7600 .functor BUFT 1, C4<00000000>, C4<0>, C4<0>, C4<0>;
v0x567310051b80_0 .net/2u *"_ivl_18", 7 0, L_0x7c20818a7600;  1 drivers
v0x567310051640_0 .net *"_ivl_20", 7 0, L_0x56730fff4f20;  1 drivers
v0x5673100511c0_0 .net *"_ivl_23", 7 0, L_0x56730fff4fc0;  1 drivers
v0x5673100512a0_0 .net *"_ivl_24", 9 0, L_0x56730fff4aa0;  1 drivers
L_0x7c20818a7648 .functor BUFT 1, C4<00>, C4<0>, C4<0>, C4<0>;
v0x567310050d40_0 .net *"_ivl_27", 1 0, L_0x7c20818a7648;  1 drivers
v0x567310050e20_0 .net *"_ivl_28", 7 0, L_0x56730fff4620;  1 drivers
L_0x7c20818a7690 .functor BUFT 1, C4<00000000>, C4<0>, C4<0>, C4<0>;
v0x5673100508c0_0 .net/2u *"_ivl_32", 7 0, L_0x7c20818a7690;  1 drivers
v0x5673100509a0_0 .net *"_ivl_34", 7 0, L_0x56730fff41a0;  1 drivers
v0x567310050440_0 .net *"_ivl_37", 7 0, L_0x56730fff4240;  1 drivers
v0x567310050520_0 .net *"_ivl_38", 9 0, L_0x56730fff3d20;  1 drivers
L_0x7c20818a7570 .functor BUFT 1, C4<00000000>, C4<0>, C4<0>, C4<0>;
v0x56731004ffe0_0 .net/2u *"_ivl_4", 7 0, L_0x7c20818a7570;  1 drivers
L_0x7c20818a76d8 .functor BUFT 1, C4<00>, C4<0>, C4<0>, C4<0>;
v0x5673100500c0_0 .net *"_ivl_41", 1 0, L_0x7c20818a76d8;  1 drivers
v0x56731004fb80_0 .net *"_ivl_42", 7 0, L_0x56730fff38a0;  1 drivers
L_0x7c20818a7720 .functor BUFT 1, C4<00000000>, C4<0>, C4<0>, C4<0>;
v0x56731004f6c0_0 .net/2u *"_ivl_47", 7 0, L_0x7c20818a7720;  1 drivers
v0x56731004f7a0_0 .net *"_ivl_49", 7 0, L_0x56730fff2fa0;  1 drivers
v0x56731004f240_0 .net *"_ivl_52", 7 0, L_0x56730fff2b20;  1 drivers
v0x56731004f320_0 .net *"_ivl_53", 9 0, L_0x56730fff2bc0;  1 drivers
L_0x7c20818a7768 .functor BUFT 1, C4<00>, C4<0>, C4<0>, C4<0>;
v0x56731004edc0_0 .net *"_ivl_56", 1 0, L_0x7c20818a7768;  1 drivers
v0x56731004eea0_0 .net *"_ivl_57", 7 0, L_0x56730fff26a0;  1 drivers
v0x56731004e940_0 .net *"_ivl_6", 7 0, L_0x56730fff6220;  1 drivers
v0x56731004ea00_0 .net *"_ivl_9", 7 0, L_0x56730fff5ca0;  1 drivers
o0x7c20818f36a8 .functor BUFZ 1, C4<z>; HiZ drive
v0x56731004e4c0_0 .net "clk", 0 0, o0x7c20818f36a8;  0 drivers
v0x56731004e580_0 .var "enc_counter", 9 0;
o0x7c20818f3708 .functor BUFZ 1, C4<z>; HiZ drive
v0x56731004e040_0 .net "enc_en", 0 0, o0x7c20818f3708;  0 drivers
v0x56731004e100_0 .net "halt", 0 0, L_0x56730fff6120;  1 drivers
v0x56731004dbc0_0 .var "halt_reg", 0 0;
v0x56731004dc60_0 .net "new_sboxw", 31 0, L_0x56730fff3420;  alias, 1 drivers
o0x7c20818f3798 .functor BUFZ 1, C4<z>; HiZ drive
v0x56731004d740_0 .net "reset_n", 0 0, o0x7c20818f3798;  0 drivers
L_0x7c20818a77b0 .functor BUFT 1, C4<01100011>, C4<0>, C4<0>, C4<0>;
v0x56731004d7e0 .array "sbox", 255 0;
v0x56731004d7e0_0 .net v0x56731004d7e0 0, 7 0, L_0x7c20818a77b0; 1 drivers
L_0x7c20818a77f8 .functor BUFT 1, C4<01111100>, C4<0>, C4<0>, C4<0>;
v0x56731004d7e0_1 .net v0x56731004d7e0 1, 7 0, L_0x7c20818a77f8; 1 drivers
L_0x7c20818a7840 .functor BUFT 1, C4<01110111>, C4<0>, C4<0>, C4<0>;
v0x56731004d7e0_2 .net v0x56731004d7e0 2, 7 0, L_0x7c20818a7840; 1 drivers
L_0x7c20818a7888 .functor BUFT 1, C4<01111011>, C4<0>, C4<0>, C4<0>;
v0x56731004d7e0_3 .net v0x56731004d7e0 3, 7 0, L_0x7c20818a7888; 1 drivers
L_0x7c20818a78d0 .functor BUFT 1, C4<11110010>, C4<0>, C4<0>, C4<0>;
v0x56731004d7e0_4 .net v0x56731004d7e0 4, 7 0, L_0x7c20818a78d0; 1 drivers
L_0x7c20818a7918 .functor BUFT 1, C4<01101011>, C4<0>, C4<0>, C4<0>;
v0x56731004d7e0_5 .net v0x56731004d7e0 5, 7 0, L_0x7c20818a7918; 1 drivers
L_0x7c20818a7960 .functor BUFT 1, C4<01101111>, C4<0>, C4<0>, C4<0>;
v0x56731004d7e0_6 .net v0x56731004d7e0 6, 7 0, L_0x7c20818a7960; 1 drivers
L_0x7c20818a79a8 .functor BUFT 1, C4<11000101>, C4<0>, C4<0>, C4<0>;
v0x56731004d7e0_7 .net v0x56731004d7e0 7, 7 0, L_0x7c20818a79a8; 1 drivers
L_0x7c20818a79f0 .functor BUFT 1, C4<00110000>, C4<0>, C4<0>, C4<0>;
v0x56731004d7e0_8 .net v0x56731004d7e0 8, 7 0, L_0x7c20818a79f0; 1 drivers
L_0x7c20818a7a38 .functor BUFT 1, C4<00000001>, C4<0>, C4<0>, C4<0>;
v0x56731004d7e0_9 .net v0x56731004d7e0 9, 7 0, L_0x7c20818a7a38; 1 drivers
L_0x7c20818a7a80 .functor BUFT 1, C4<01100111>, C4<0>, C4<0>, C4<0>;
v0x56731004d7e0_10 .net v0x56731004d7e0 10, 7 0, L_0x7c20818a7a80; 1 drivers
L_0x7c20818a7ac8 .functor BUFT 1, C4<00101011>, C4<0>, C4<0>, C4<0>;
v0x56731004d7e0_11 .net v0x56731004d7e0 11, 7 0, L_0x7c20818a7ac8; 1 drivers
L_0x7c20818a7b10 .functor BUFT 1, C4<11111110>, C4<0>, C4<0>, C4<0>;
v0x56731004d7e0_12 .net v0x56731004d7e0 12, 7 0, L_0x7c20818a7b10; 1 drivers
L_0x7c20818a7b58 .functor BUFT 1, C4<11010111>, C4<0>, C4<0>, C4<0>;
v0x56731004d7e0_13 .net v0x56731004d7e0 13, 7 0, L_0x7c20818a7b58; 1 drivers
L_0x7c20818a7ba0 .functor BUFT 1, C4<10101011>, C4<0>, C4<0>, C4<0>;
v0x56731004d7e0_14 .net v0x56731004d7e0 14, 7 0, L_0x7c20818a7ba0; 1 drivers
L_0x7c20818a7be8 .functor BUFT 1, C4<01110110>, C4<0>, C4<0>, C4<0>;
v0x56731004d7e0_15 .net v0x56731004d7e0 15, 7 0, L_0x7c20818a7be8; 1 drivers
L_0x7c20818a7c30 .functor BUFT 1, C4<11001010>, C4<0>, C4<0>, C4<0>;
v0x56731004d7e0_16 .net v0x56731004d7e0 16, 7 0, L_0x7c20818a7c30; 1 drivers
L_0x7c20818a7c78 .functor BUFT 1, C4<10000010>, C4<0>, C4<0>, C4<0>;
v0x56731004d7e0_17 .net v0x56731004d7e0 17, 7 0, L_0x7c20818a7c78; 1 drivers
L_0x7c20818a7cc0 .functor BUFT 1, C4<11001001>, C4<0>, C4<0>, C4<0>;
v0x56731004d7e0_18 .net v0x56731004d7e0 18, 7 0, L_0x7c20818a7cc0; 1 drivers
L_0x7c20818a7d08 .functor BUFT 1, C4<01111101>, C4<0>, C4<0>, C4<0>;
v0x56731004d7e0_19 .net v0x56731004d7e0 19, 7 0, L_0x7c20818a7d08; 1 drivers
L_0x7c20818a7d50 .functor BUFT 1, C4<11111010>, C4<0>, C4<0>, C4<0>;
v0x56731004d7e0_20 .net v0x56731004d7e0 20, 7 0, L_0x7c20818a7d50; 1 drivers
L_0x7c20818a7d98 .functor BUFT 1, C4<01011001>, C4<0>, C4<0>, C4<0>;
v0x56731004d7e0_21 .net v0x56731004d7e0 21, 7 0, L_0x7c20818a7d98; 1 drivers
L_0x7c20818a7de0 .functor BUFT 1, C4<01000111>, C4<0>, C4<0>, C4<0>;
v0x56731004d7e0_22 .net v0x56731004d7e0 22, 7 0, L_0x7c20818a7de0; 1 drivers
L_0x7c20818a7e28 .functor BUFT 1, C4<11110000>, C4<0>, C4<0>, C4<0>;
v0x56731004d7e0_23 .net v0x56731004d7e0 23, 7 0, L_0x7c20818a7e28; 1 drivers
L_0x7c20818a7e70 .functor BUFT 1, C4<10101101>, C4<0>, C4<0>, C4<0>;
v0x56731004d7e0_24 .net v0x56731004d7e0 24, 7 0, L_0x7c20818a7e70; 1 drivers
L_0x7c20818a7eb8 .functor BUFT 1, C4<11010100>, C4<0>, C4<0>, C4<0>;
v0x56731004d7e0_25 .net v0x56731004d7e0 25, 7 0, L_0x7c20818a7eb8; 1 drivers
L_0x7c20818a7f00 .functor BUFT 1, C4<10100010>, C4<0>, C4<0>, C4<0>;
v0x56731004d7e0_26 .net v0x56731004d7e0 26, 7 0, L_0x7c20818a7f00; 1 drivers
L_0x7c20818a7f48 .functor BUFT 1, C4<10101111>, C4<0>, C4<0>, C4<0>;
v0x56731004d7e0_27 .net v0x56731004d7e0 27, 7 0, L_0x7c20818a7f48; 1 drivers
L_0x7c20818a7f90 .functor BUFT 1, C4<10011100>, C4<0>, C4<0>, C4<0>;
v0x56731004d7e0_28 .net v0x56731004d7e0 28, 7 0, L_0x7c20818a7f90; 1 drivers
L_0x7c20818a7fd8 .functor BUFT 1, C4<10100100>, C4<0>, C4<0>, C4<0>;
v0x56731004d7e0_29 .net v0x56731004d7e0 29, 7 0, L_0x7c20818a7fd8; 1 drivers
L_0x7c20818a8020 .functor BUFT 1, C4<01110010>, C4<0>, C4<0>, C4<0>;
v0x56731004d7e0_30 .net v0x56731004d7e0 30, 7 0, L_0x7c20818a8020; 1 drivers
L_0x7c20818a8068 .functor BUFT 1, C4<11000000>, C4<0>, C4<0>, C4<0>;
v0x56731004d7e0_31 .net v0x56731004d7e0 31, 7 0, L_0x7c20818a8068; 1 drivers
L_0x7c20818a80b0 .functor BUFT 1, C4<10110111>, C4<0>, C4<0>, C4<0>;
v0x56731004d7e0_32 .net v0x56731004d7e0 32, 7 0, L_0x7c20818a80b0; 1 drivers
L_0x7c20818a80f8 .functor BUFT 1, C4<11111101>, C4<0>, C4<0>, C4<0>;
v0x56731004d7e0_33 .net v0x56731004d7e0 33, 7 0, L_0x7c20818a80f8; 1 drivers
L_0x7c20818a8140 .functor BUFT 1, C4<10010011>, C4<0>, C4<0>, C4<0>;
v0x56731004d7e0_34 .net v0x56731004d7e0 34, 7 0, L_0x7c20818a8140; 1 drivers
L_0x7c20818a8188 .functor BUFT 1, C4<00100110>, C4<0>, C4<0>, C4<0>;
v0x56731004d7e0_35 .net v0x56731004d7e0 35, 7 0, L_0x7c20818a8188; 1 drivers
L_0x7c20818a81d0 .functor BUFT 1, C4<00110110>, C4<0>, C4<0>, C4<0>;
v0x56731004d7e0_36 .net v0x56731004d7e0 36, 7 0, L_0x7c20818a81d0; 1 drivers
L_0x7c20818a8218 .functor BUFT 1, C4<00111111>, C4<0>, C4<0>, C4<0>;
v0x56731004d7e0_37 .net v0x56731004d7e0 37, 7 0, L_0x7c20818a8218; 1 drivers
L_0x7c20818a8260 .functor BUFT 1, C4<11110111>, C4<0>, C4<0>, C4<0>;
v0x56731004d7e0_38 .net v0x56731004d7e0 38, 7 0, L_0x7c20818a8260; 1 drivers
L_0x7c20818a82a8 .functor BUFT 1, C4<11001100>, C4<0>, C4<0>, C4<0>;
v0x56731004d7e0_39 .net v0x56731004d7e0 39, 7 0, L_0x7c20818a82a8; 1 drivers
L_0x7c20818a82f0 .functor BUFT 1, C4<00110100>, C4<0>, C4<0>, C4<0>;
v0x56731004d7e0_40 .net v0x56731004d7e0 40, 7 0, L_0x7c20818a82f0; 1 drivers
L_0x7c20818a8338 .functor BUFT 1, C4<10100101>, C4<0>, C4<0>, C4<0>;
v0x56731004d7e0_41 .net v0x56731004d7e0 41, 7 0, L_0x7c20818a8338; 1 drivers
L_0x7c20818a8380 .functor BUFT 1, C4<11100101>, C4<0>, C4<0>, C4<0>;
v0x56731004d7e0_42 .net v0x56731004d7e0 42, 7 0, L_0x7c20818a8380; 1 drivers
L_0x7c20818a83c8 .functor BUFT 1, C4<11110001>, C4<0>, C4<0>, C4<0>;
v0x56731004d7e0_43 .net v0x56731004d7e0 43, 7 0, L_0x7c20818a83c8; 1 drivers
L_0x7c20818a8410 .functor BUFT 1, C4<01110001>, C4<0>, C4<0>, C4<0>;
v0x56731004d7e0_44 .net v0x56731004d7e0 44, 7 0, L_0x7c20818a8410; 1 drivers
L_0x7c20818a8458 .functor BUFT 1, C4<11011000>, C4<0>, C4<0>, C4<0>;
v0x56731004d7e0_45 .net v0x56731004d7e0 45, 7 0, L_0x7c20818a8458; 1 drivers
L_0x7c20818a84a0 .functor BUFT 1, C4<00110001>, C4<0>, C4<0>, C4<0>;
v0x56731004d7e0_46 .net v0x56731004d7e0 46, 7 0, L_0x7c20818a84a0; 1 drivers
L_0x7c20818a84e8 .functor BUFT 1, C4<00010101>, C4<0>, C4<0>, C4<0>;
v0x56731004d7e0_47 .net v0x56731004d7e0 47, 7 0, L_0x7c20818a84e8; 1 drivers
L_0x7c20818a8530 .functor BUFT 1, C4<00000100>, C4<0>, C4<0>, C4<0>;
v0x56731004d7e0_48 .net v0x56731004d7e0 48, 7 0, L_0x7c20818a8530; 1 drivers
L_0x7c20818a8578 .functor BUFT 1, C4<11000111>, C4<0>, C4<0>, C4<0>;
v0x56731004d7e0_49 .net v0x56731004d7e0 49, 7 0, L_0x7c20818a8578; 1 drivers
L_0x7c20818a85c0 .functor BUFT 1, C4<00100011>, C4<0>, C4<0>, C4<0>;
v0x56731004d7e0_50 .net v0x56731004d7e0 50, 7 0, L_0x7c20818a85c0; 1 drivers
L_0x7c20818a8608 .functor BUFT 1, C4<11000011>, C4<0>, C4<0>, C4<0>;
v0x56731004d7e0_51 .net v0x56731004d7e0 51, 7 0, L_0x7c20818a8608; 1 drivers
L_0x7c20818a8650 .functor BUFT 1, C4<00011000>, C4<0>, C4<0>, C4<0>;
v0x56731004d7e0_52 .net v0x56731004d7e0 52, 7 0, L_0x7c20818a8650; 1 drivers
L_0x7c20818a8698 .functor BUFT 1, C4<10010110>, C4<0>, C4<0>, C4<0>;
v0x56731004d7e0_53 .net v0x56731004d7e0 53, 7 0, L_0x7c20818a8698; 1 drivers
L_0x7c20818a86e0 .functor BUFT 1, C4<00000101>, C4<0>, C4<0>, C4<0>;
v0x56731004d7e0_54 .net v0x56731004d7e0 54, 7 0, L_0x7c20818a86e0; 1 drivers
L_0x7c20818a8728 .functor BUFT 1, C4<10011010>, C4<0>, C4<0>, C4<0>;
v0x56731004d7e0_55 .net v0x56731004d7e0 55, 7 0, L_0x7c20818a8728; 1 drivers
L_0x7c20818a8770 .functor BUFT 1, C4<00000111>, C4<0>, C4<0>, C4<0>;
v0x56731004d7e0_56 .net v0x56731004d7e0 56, 7 0, L_0x7c20818a8770; 1 drivers
L_0x7c20818a87b8 .functor BUFT 1, C4<00010010>, C4<0>, C4<0>, C4<0>;
v0x56731004d7e0_57 .net v0x56731004d7e0 57, 7 0, L_0x7c20818a87b8; 1 drivers
L_0x7c20818a8800 .functor BUFT 1, C4<10000000>, C4<0>, C4<0>, C4<0>;
v0x56731004d7e0_58 .net v0x56731004d7e0 58, 7 0, L_0x7c20818a8800; 1 drivers
L_0x7c20818a8848 .functor BUFT 1, C4<11100010>, C4<0>, C4<0>, C4<0>;
v0x56731004d7e0_59 .net v0x56731004d7e0 59, 7 0, L_0x7c20818a8848; 1 drivers
L_0x7c20818a8890 .functor BUFT 1, C4<11101011>, C4<0>, C4<0>, C4<0>;
v0x56731004d7e0_60 .net v0x56731004d7e0 60, 7 0, L_0x7c20818a8890; 1 drivers
L_0x7c20818a88d8 .functor BUFT 1, C4<00100111>, C4<0>, C4<0>, C4<0>;
v0x56731004d7e0_61 .net v0x56731004d7e0 61, 7 0, L_0x7c20818a88d8; 1 drivers
L_0x7c20818a8920 .functor BUFT 1, C4<10110010>, C4<0>, C4<0>, C4<0>;
v0x56731004d7e0_62 .net v0x56731004d7e0 62, 7 0, L_0x7c20818a8920; 1 drivers
L_0x7c20818a8968 .functor BUFT 1, C4<01110101>, C4<0>, C4<0>, C4<0>;
v0x56731004d7e0_63 .net v0x56731004d7e0 63, 7 0, L_0x7c20818a8968; 1 drivers
L_0x7c20818a89b0 .functor BUFT 1, C4<00001001>, C4<0>, C4<0>, C4<0>;
v0x56731004d7e0_64 .net v0x56731004d7e0 64, 7 0, L_0x7c20818a89b0; 1 drivers
L_0x7c20818a89f8 .functor BUFT 1, C4<10000011>, C4<0>, C4<0>, C4<0>;
v0x56731004d7e0_65 .net v0x56731004d7e0 65, 7 0, L_0x7c20818a89f8; 1 drivers
L_0x7c20818a8a40 .functor BUFT 1, C4<00101100>, C4<0>, C4<0>, C4<0>;
v0x56731004d7e0_66 .net v0x56731004d7e0 66, 7 0, L_0x7c20818a8a40; 1 drivers
L_0x7c20818a8a88 .functor BUFT 1, C4<00011010>, C4<0>, C4<0>, C4<0>;
v0x56731004d7e0_67 .net v0x56731004d7e0 67, 7 0, L_0x7c20818a8a88; 1 drivers
L_0x7c20818a8ad0 .functor BUFT 1, C4<00011011>, C4<0>, C4<0>, C4<0>;
v0x56731004d7e0_68 .net v0x56731004d7e0 68, 7 0, L_0x7c20818a8ad0; 1 drivers
L_0x7c20818a8b18 .functor BUFT 1, C4<01101110>, C4<0>, C4<0>, C4<0>;
v0x56731004d7e0_69 .net v0x56731004d7e0 69, 7 0, L_0x7c20818a8b18; 1 drivers
L_0x7c20818a8b60 .functor BUFT 1, C4<01011010>, C4<0>, C4<0>, C4<0>;
v0x56731004d7e0_70 .net v0x56731004d7e0 70, 7 0, L_0x7c20818a8b60; 1 drivers
L_0x7c20818a8ba8 .functor BUFT 1, C4<10100000>, C4<0>, C4<0>, C4<0>;
v0x56731004d7e0_71 .net v0x56731004d7e0 71, 7 0, L_0x7c20818a8ba8; 1 drivers
L_0x7c20818a8bf0 .functor BUFT 1, C4<01010010>, C4<0>, C4<0>, C4<0>;
v0x56731004d7e0_72 .net v0x56731004d7e0 72, 7 0, L_0x7c20818a8bf0; 1 drivers
L_0x7c20818a8c38 .functor BUFT 1, C4<00111011>, C4<0>, C4<0>, C4<0>;
v0x56731004d7e0_73 .net v0x56731004d7e0 73, 7 0, L_0x7c20818a8c38; 1 drivers
L_0x7c20818a8c80 .functor BUFT 1, C4<11010110>, C4<0>, C4<0>, C4<0>;
v0x56731004d7e0_74 .net v0x56731004d7e0 74, 7 0, L_0x7c20818a8c80; 1 drivers
L_0x7c20818a8cc8 .functor BUFT 1, C4<10110011>, C4<0>, C4<0>, C4<0>;
v0x56731004d7e0_75 .net v0x56731004d7e0 75, 7 0, L_0x7c20818a8cc8; 1 drivers
L_0x7c20818a8d10 .functor BUFT 1, C4<00101001>, C4<0>, C4<0>, C4<0>;
v0x56731004d7e0_76 .net v0x56731004d7e0 76, 7 0, L_0x7c20818a8d10; 1 drivers
L_0x7c20818a8d58 .functor BUFT 1, C4<11100011>, C4<0>, C4<0>, C4<0>;
v0x56731004d7e0_77 .net v0x56731004d7e0 77, 7 0, L_0x7c20818a8d58; 1 drivers
L_0x7c20818a8da0 .functor BUFT 1, C4<00101111>, C4<0>, C4<0>, C4<0>;
v0x56731004d7e0_78 .net v0x56731004d7e0 78, 7 0, L_0x7c20818a8da0; 1 drivers
L_0x7c20818a8de8 .functor BUFT 1, C4<10000100>, C4<0>, C4<0>, C4<0>;
v0x56731004d7e0_79 .net v0x56731004d7e0 79, 7 0, L_0x7c20818a8de8; 1 drivers
L_0x7c20818a8e30 .functor BUFT 1, C4<01010011>, C4<0>, C4<0>, C4<0>;
v0x56731004d7e0_80 .net v0x56731004d7e0 80, 7 0, L_0x7c20818a8e30; 1 drivers
L_0x7c20818a8e78 .functor BUFT 1, C4<11010001>, C4<0>, C4<0>, C4<0>;
v0x56731004d7e0_81 .net v0x56731004d7e0 81, 7 0, L_0x7c20818a8e78; 1 drivers
L_0x7c20818a8ec0 .functor BUFT 1, C4<00000000>, C4<0>, C4<0>, C4<0>;
v0x56731004d7e0_82 .net v0x56731004d7e0 82, 7 0, L_0x7c20818a8ec0; 1 drivers
L_0x7c20818a8f08 .functor BUFT 1, C4<11101101>, C4<0>, C4<0>, C4<0>;
v0x56731004d7e0_83 .net v0x56731004d7e0 83, 7 0, L_0x7c20818a8f08; 1 drivers
L_0x7c20818a8f50 .functor BUFT 1, C4<00100000>, C4<0>, C4<0>, C4<0>;
v0x56731004d7e0_84 .net v0x56731004d7e0 84, 7 0, L_0x7c20818a8f50; 1 drivers
L_0x7c20818a8f98 .functor BUFT 1, C4<11111100>, C4<0>, C4<0>, C4<0>;
v0x56731004d7e0_85 .net v0x56731004d7e0 85, 7 0, L_0x7c20818a8f98; 1 drivers
L_0x7c20818a8fe0 .functor BUFT 1, C4<10110001>, C4<0>, C4<0>, C4<0>;
v0x56731004d7e0_86 .net v0x56731004d7e0 86, 7 0, L_0x7c20818a8fe0; 1 drivers
L_0x7c20818a9028 .functor BUFT 1, C4<01011011>, C4<0>, C4<0>, C4<0>;
v0x56731004d7e0_87 .net v0x56731004d7e0 87, 7 0, L_0x7c20818a9028; 1 drivers
L_0x7c20818a9070 .functor BUFT 1, C4<01101010>, C4<0>, C4<0>, C4<0>;
v0x56731004d7e0_88 .net v0x56731004d7e0 88, 7 0, L_0x7c20818a9070; 1 drivers
L_0x7c20818a90b8 .functor BUFT 1, C4<11001011>, C4<0>, C4<0>, C4<0>;
v0x56731004d7e0_89 .net v0x56731004d7e0 89, 7 0, L_0x7c20818a90b8; 1 drivers
L_0x7c20818a9100 .functor BUFT 1, C4<10111110>, C4<0>, C4<0>, C4<0>;
v0x56731004d7e0_90 .net v0x56731004d7e0 90, 7 0, L_0x7c20818a9100; 1 drivers
L_0x7c20818a9148 .functor BUFT 1, C4<00111001>, C4<0>, C4<0>, C4<0>;
v0x56731004d7e0_91 .net v0x56731004d7e0 91, 7 0, L_0x7c20818a9148; 1 drivers
L_0x7c20818a9190 .functor BUFT 1, C4<01001010>, C4<0>, C4<0>, C4<0>;
v0x56731004d7e0_92 .net v0x56731004d7e0 92, 7 0, L_0x7c20818a9190; 1 drivers
L_0x7c20818a91d8 .functor BUFT 1, C4<01001100>, C4<0>, C4<0>, C4<0>;
v0x56731004d7e0_93 .net v0x56731004d7e0 93, 7 0, L_0x7c20818a91d8; 1 drivers
L_0x7c20818a9220 .functor BUFT 1, C4<01011000>, C4<0>, C4<0>, C4<0>;
v0x56731004d7e0_94 .net v0x56731004d7e0 94, 7 0, L_0x7c20818a9220; 1 drivers
L_0x7c20818a9268 .functor BUFT 1, C4<11001111>, C4<0>, C4<0>, C4<0>;
v0x56731004d7e0_95 .net v0x56731004d7e0 95, 7 0, L_0x7c20818a9268; 1 drivers
L_0x7c20818a92b0 .functor BUFT 1, C4<11010000>, C4<0>, C4<0>, C4<0>;
v0x56731004d7e0_96 .net v0x56731004d7e0 96, 7 0, L_0x7c20818a92b0; 1 drivers
L_0x7c20818a92f8 .functor BUFT 1, C4<11101111>, C4<0>, C4<0>, C4<0>;
v0x56731004d7e0_97 .net v0x56731004d7e0 97, 7 0, L_0x7c20818a92f8; 1 drivers
L_0x7c20818a9340 .functor BUFT 1, C4<10101010>, C4<0>, C4<0>, C4<0>;
v0x56731004d7e0_98 .net v0x56731004d7e0 98, 7 0, L_0x7c20818a9340; 1 drivers
L_0x7c20818a9388 .functor BUFT 1, C4<11111011>, C4<0>, C4<0>, C4<0>;
v0x56731004d7e0_99 .net v0x56731004d7e0 99, 7 0, L_0x7c20818a9388; 1 drivers
L_0x7c20818a93d0 .functor BUFT 1, C4<01000011>, C4<0>, C4<0>, C4<0>;
v0x56731004d7e0_100 .net v0x56731004d7e0 100, 7 0, L_0x7c20818a93d0; 1 drivers
L_0x7c20818a9418 .functor BUFT 1, C4<01001101>, C4<0>, C4<0>, C4<0>;
v0x56731004d7e0_101 .net v0x56731004d7e0 101, 7 0, L_0x7c20818a9418; 1 drivers
L_0x7c20818a9460 .functor BUFT 1, C4<00110011>, C4<0>, C4<0>, C4<0>;
v0x56731004d7e0_102 .net v0x56731004d7e0 102, 7 0, L_0x7c20818a9460; 1 drivers
L_0x7c20818a94a8 .functor BUFT 1, C4<10000101>, C4<0>, C4<0>, C4<0>;
v0x56731004d7e0_103 .net v0x56731004d7e0 103, 7 0, L_0x7c20818a94a8; 1 drivers
L_0x7c20818a94f0 .functor BUFT 1, C4<01000101>, C4<0>, C4<0>, C4<0>;
v0x56731004d7e0_104 .net v0x56731004d7e0 104, 7 0, L_0x7c20818a94f0; 1 drivers
L_0x7c20818a9538 .functor BUFT 1, C4<11111001>, C4<0>, C4<0>, C4<0>;
v0x56731004d7e0_105 .net v0x56731004d7e0 105, 7 0, L_0x7c20818a9538; 1 drivers
L_0x7c20818a9580 .functor BUFT 1, C4<00000010>, C4<0>, C4<0>, C4<0>;
v0x56731004d7e0_106 .net v0x56731004d7e0 106, 7 0, L_0x7c20818a9580; 1 drivers
L_0x7c20818a95c8 .functor BUFT 1, C4<01111111>, C4<0>, C4<0>, C4<0>;
v0x56731004d7e0_107 .net v0x56731004d7e0 107, 7 0, L_0x7c20818a95c8; 1 drivers
L_0x7c20818a9610 .functor BUFT 1, C4<01010000>, C4<0>, C4<0>, C4<0>;
v0x56731004d7e0_108 .net v0x56731004d7e0 108, 7 0, L_0x7c20818a9610; 1 drivers
L_0x7c20818a9658 .functor BUFT 1, C4<00111100>, C4<0>, C4<0>, C4<0>;
v0x56731004d7e0_109 .net v0x56731004d7e0 109, 7 0, L_0x7c20818a9658; 1 drivers
L_0x7c20818a96a0 .functor BUFT 1, C4<10011111>, C4<0>, C4<0>, C4<0>;
v0x56731004d7e0_110 .net v0x56731004d7e0 110, 7 0, L_0x7c20818a96a0; 1 drivers
L_0x7c20818a96e8 .functor BUFT 1, C4<10101000>, C4<0>, C4<0>, C4<0>;
v0x56731004d7e0_111 .net v0x56731004d7e0 111, 7 0, L_0x7c20818a96e8; 1 drivers
L_0x7c20818a9730 .functor BUFT 1, C4<01010001>, C4<0>, C4<0>, C4<0>;
v0x56731004d7e0_112 .net v0x56731004d7e0 112, 7 0, L_0x7c20818a9730; 1 drivers
L_0x7c20818a9778 .functor BUFT 1, C4<10100011>, C4<0>, C4<0>, C4<0>;
v0x56731004d7e0_113 .net v0x56731004d7e0 113, 7 0, L_0x7c20818a9778; 1 drivers
L_0x7c20818a97c0 .functor BUFT 1, C4<01000000>, C4<0>, C4<0>, C4<0>;
v0x56731004d7e0_114 .net v0x56731004d7e0 114, 7 0, L_0x7c20818a97c0; 1 drivers
L_0x7c20818a9808 .functor BUFT 1, C4<10001111>, C4<0>, C4<0>, C4<0>;
v0x56731004d7e0_115 .net v0x56731004d7e0 115, 7 0, L_0x7c20818a9808; 1 drivers
L_0x7c20818a9850 .functor BUFT 1, C4<10010010>, C4<0>, C4<0>, C4<0>;
v0x56731004d7e0_116 .net v0x56731004d7e0 116, 7 0, L_0x7c20818a9850; 1 drivers
L_0x7c20818a9898 .functor BUFT 1, C4<10011101>, C4<0>, C4<0>, C4<0>;
v0x56731004d7e0_117 .net v0x56731004d7e0 117, 7 0, L_0x7c20818a9898; 1 drivers
L_0x7c20818a98e0 .functor BUFT 1, C4<00111000>, C4<0>, C4<0>, C4<0>;
v0x56731004d7e0_118 .net v0x56731004d7e0 118, 7 0, L_0x7c20818a98e0; 1 drivers
L_0x7c20818a9928 .functor BUFT 1, C4<11110101>, C4<0>, C4<0>, C4<0>;
v0x56731004d7e0_119 .net v0x56731004d7e0 119, 7 0, L_0x7c20818a9928; 1 drivers
L_0x7c20818a9970 .functor BUFT 1, C4<10111100>, C4<0>, C4<0>, C4<0>;
v0x56731004d7e0_120 .net v0x56731004d7e0 120, 7 0, L_0x7c20818a9970; 1 drivers
L_0x7c20818a99b8 .functor BUFT 1, C4<10110110>, C4<0>, C4<0>, C4<0>;
v0x56731004d7e0_121 .net v0x56731004d7e0 121, 7 0, L_0x7c20818a99b8; 1 drivers
L_0x7c20818a9a00 .functor BUFT 1, C4<11011010>, C4<0>, C4<0>, C4<0>;
v0x56731004d7e0_122 .net v0x56731004d7e0 122, 7 0, L_0x7c20818a9a00; 1 drivers
L_0x7c20818a9a48 .functor BUFT 1, C4<00100001>, C4<0>, C4<0>, C4<0>;
v0x56731004d7e0_123 .net v0x56731004d7e0 123, 7 0, L_0x7c20818a9a48; 1 drivers
L_0x7c20818a9a90 .functor BUFT 1, C4<00010000>, C4<0>, C4<0>, C4<0>;
v0x56731004d7e0_124 .net v0x56731004d7e0 124, 7 0, L_0x7c20818a9a90; 1 drivers
L_0x7c20818a9ad8 .functor BUFT 1, C4<11111111>, C4<0>, C4<0>, C4<0>;
v0x56731004d7e0_125 .net v0x56731004d7e0 125, 7 0, L_0x7c20818a9ad8; 1 drivers
L_0x7c20818a9b20 .functor BUFT 1, C4<11110011>, C4<0>, C4<0>, C4<0>;
v0x56731004d7e0_126 .net v0x56731004d7e0 126, 7 0, L_0x7c20818a9b20; 1 drivers
L_0x7c20818a9b68 .functor BUFT 1, C4<11010010>, C4<0>, C4<0>, C4<0>;
v0x56731004d7e0_127 .net v0x56731004d7e0 127, 7 0, L_0x7c20818a9b68; 1 drivers
L_0x7c20818a9bb0 .functor BUFT 1, C4<11001101>, C4<0>, C4<0>, C4<0>;
v0x56731004d7e0_128 .net v0x56731004d7e0 128, 7 0, L_0x7c20818a9bb0; 1 drivers
L_0x7c20818a9bf8 .functor BUFT 1, C4<00001100>, C4<0>, C4<0>, C4<0>;
v0x56731004d7e0_129 .net v0x56731004d7e0 129, 7 0, L_0x7c20818a9bf8; 1 drivers
L_0x7c20818a9c40 .functor BUFT 1, C4<00010011>, C4<0>, C4<0>, C4<0>;
v0x56731004d7e0_130 .net v0x56731004d7e0 130, 7 0, L_0x7c20818a9c40; 1 drivers
L_0x7c20818a9c88 .functor BUFT 1, C4<11101100>, C4<0>, C4<0>, C4<0>;
v0x56731004d7e0_131 .net v0x56731004d7e0 131, 7 0, L_0x7c20818a9c88; 1 drivers
L_0x7c20818a9cd0 .functor BUFT 1, C4<01011111>, C4<0>, C4<0>, C4<0>;
v0x56731004d7e0_132 .net v0x56731004d7e0 132, 7 0, L_0x7c20818a9cd0; 1 drivers
L_0x7c20818a9d18 .functor BUFT 1, C4<10010111>, C4<0>, C4<0>, C4<0>;
v0x56731004d7e0_133 .net v0x56731004d7e0 133, 7 0, L_0x7c20818a9d18; 1 drivers
L_0x7c20818a9d60 .functor BUFT 1, C4<01000100>, C4<0>, C4<0>, C4<0>;
v0x56731004d7e0_134 .net v0x56731004d7e0 134, 7 0, L_0x7c20818a9d60; 1 drivers
L_0x7c20818a9da8 .functor BUFT 1, C4<00010111>, C4<0>, C4<0>, C4<0>;
v0x56731004d7e0_135 .net v0x56731004d7e0 135, 7 0, L_0x7c20818a9da8; 1 drivers
L_0x7c20818a9df0 .functor BUFT 1, C4<11000100>, C4<0>, C4<0>, C4<0>;
v0x56731004d7e0_136 .net v0x56731004d7e0 136, 7 0, L_0x7c20818a9df0; 1 drivers
L_0x7c20818a9e38 .functor BUFT 1, C4<10100111>, C4<0>, C4<0>, C4<0>;
v0x56731004d7e0_137 .net v0x56731004d7e0 137, 7 0, L_0x7c20818a9e38; 1 drivers
L_0x7c20818a9e80 .functor BUFT 1, C4<01111110>, C4<0>, C4<0>, C4<0>;
v0x56731004d7e0_138 .net v0x56731004d7e0 138, 7 0, L_0x7c20818a9e80; 1 drivers
L_0x7c20818a9ec8 .functor BUFT 1, C4<00111101>, C4<0>, C4<0>, C4<0>;
v0x56731004d7e0_139 .net v0x56731004d7e0 139, 7 0, L_0x7c20818a9ec8; 1 drivers
L_0x7c20818a9f10 .functor BUFT 1, C4<01100100>, C4<0>, C4<0>, C4<0>;
v0x56731004d7e0_140 .net v0x56731004d7e0 140, 7 0, L_0x7c20818a9f10; 1 drivers
L_0x7c20818a9f58 .functor BUFT 1, C4<01011101>, C4<0>, C4<0>, C4<0>;
v0x56731004d7e0_141 .net v0x56731004d7e0 141, 7 0, L_0x7c20818a9f58; 1 drivers
L_0x7c20818a9fa0 .functor BUFT 1, C4<00011001>, C4<0>, C4<0>, C4<0>;
v0x56731004d7e0_142 .net v0x56731004d7e0 142, 7 0, L_0x7c20818a9fa0; 1 drivers
L_0x7c20818a9fe8 .functor BUFT 1, C4<01110011>, C4<0>, C4<0>, C4<0>;
v0x56731004d7e0_143 .net v0x56731004d7e0 143, 7 0, L_0x7c20818a9fe8; 1 drivers
L_0x7c20818aa030 .functor BUFT 1, C4<01100000>, C4<0>, C4<0>, C4<0>;
v0x56731004d7e0_144 .net v0x56731004d7e0 144, 7 0, L_0x7c20818aa030; 1 drivers
L_0x7c20818aa078 .functor BUFT 1, C4<10000001>, C4<0>, C4<0>, C4<0>;
v0x56731004d7e0_145 .net v0x56731004d7e0 145, 7 0, L_0x7c20818aa078; 1 drivers
L_0x7c20818aa0c0 .functor BUFT 1, C4<01001111>, C4<0>, C4<0>, C4<0>;
v0x56731004d7e0_146 .net v0x56731004d7e0 146, 7 0, L_0x7c20818aa0c0; 1 drivers
L_0x7c20818aa108 .functor BUFT 1, C4<11011100>, C4<0>, C4<0>, C4<0>;
v0x56731004d7e0_147 .net v0x56731004d7e0 147, 7 0, L_0x7c20818aa108; 1 drivers
L_0x7c20818aa150 .functor BUFT 1, C4<00100010>, C4<0>, C4<0>, C4<0>;
v0x56731004d7e0_148 .net v0x56731004d7e0 148, 7 0, L_0x7c20818aa150; 1 drivers
L_0x7c20818aa198 .functor BUFT 1, C4<00101010>, C4<0>, C4<0>, C4<0>;
v0x56731004d7e0_149 .net v0x56731004d7e0 149, 7 0, L_0x7c20818aa198; 1 drivers
L_0x7c20818aa1e0 .functor BUFT 1, C4<10010000>, C4<0>, C4<0>, C4<0>;
v0x56731004d7e0_150 .net v0x56731004d7e0 150, 7 0, L_0x7c20818aa1e0; 1 drivers
L_0x7c20818aa228 .functor BUFT 1, C4<10001000>, C4<0>, C4<0>, C4<0>;
v0x56731004d7e0_151 .net v0x56731004d7e0 151, 7 0, L_0x7c20818aa228; 1 drivers
L_0x7c20818aa270 .functor BUFT 1, C4<01000110>, C4<0>, C4<0>, C4<0>;
v0x56731004d7e0_152 .net v0x56731004d7e0 152, 7 0, L_0x7c20818aa270; 1 drivers
L_0x7c20818aa2b8 .functor BUFT 1, C4<11101110>, C4<0>, C4<0>, C4<0>;
v0x56731004d7e0_153 .net v0x56731004d7e0 153, 7 0, L_0x7c20818aa2b8; 1 drivers
L_0x7c20818aa300 .functor BUFT 1, C4<10111000>, C4<0>, C4<0>, C4<0>;
v0x56731004d7e0_154 .net v0x56731004d7e0 154, 7 0, L_0x7c20818aa300; 1 drivers
L_0x7c20818aa348 .functor BUFT 1, C4<00010100>, C4<0>, C4<0>, C4<0>;
v0x56731004d7e0_155 .net v0x56731004d7e0 155, 7 0, L_0x7c20818aa348; 1 drivers
L_0x7c20818aa390 .functor BUFT 1, C4<11011110>, C4<0>, C4<0>, C4<0>;
v0x56731004d7e0_156 .net v0x56731004d7e0 156, 7 0, L_0x7c20818aa390; 1 drivers
L_0x7c20818aa3d8 .functor BUFT 1, C4<01011110>, C4<0>, C4<0>, C4<0>;
v0x56731004d7e0_157 .net v0x56731004d7e0 157, 7 0, L_0x7c20818aa3d8; 1 drivers
L_0x7c20818aa420 .functor BUFT 1, C4<00001011>, C4<0>, C4<0>, C4<0>;
v0x56731004d7e0_158 .net v0x56731004d7e0 158, 7 0, L_0x7c20818aa420; 1 drivers
L_0x7c20818aa468 .functor BUFT 1, C4<11011011>, C4<0>, C4<0>, C4<0>;
v0x56731004d7e0_159 .net v0x56731004d7e0 159, 7 0, L_0x7c20818aa468; 1 drivers
L_0x7c20818aa4b0 .functor BUFT 1, C4<11100000>, C4<0>, C4<0>, C4<0>;
v0x56731004d7e0_160 .net v0x56731004d7e0 160, 7 0, L_0x7c20818aa4b0; 1 drivers
L_0x7c20818aa4f8 .functor BUFT 1, C4<00110010>, C4<0>, C4<0>, C4<0>;
v0x56731004d7e0_161 .net v0x56731004d7e0 161, 7 0, L_0x7c20818aa4f8; 1 drivers
L_0x7c20818aa540 .functor BUFT 1, C4<00111010>, C4<0>, C4<0>, C4<0>;
v0x56731004d7e0_162 .net v0x56731004d7e0 162, 7 0, L_0x7c20818aa540; 1 drivers
L_0x7c20818aa588 .functor BUFT 1, C4<00001010>, C4<0>, C4<0>, C4<0>;
v0x56731004d7e0_163 .net v0x56731004d7e0 163, 7 0, L_0x7c20818aa588; 1 drivers
L_0x7c20818aa5d0 .functor BUFT 1, C4<01001001>, C4<0>, C4<0>, C4<0>;
v0x56731004d7e0_164 .net v0x56731004d7e0 164, 7 0, L_0x7c20818aa5d0; 1 drivers
L_0x7c20818aa618 .functor BUFT 1, C4<00000110>, C4<0>, C4<0>, C4<0>;
v0x56731004d7e0_165 .net v0x56731004d7e0 165, 7 0, L_0x7c20818aa618; 1 drivers
L_0x7c20818aa660 .functor BUFT 1, C4<00100100>, C4<0>, C4<0>, C4<0>;
v0x56731004d7e0_166 .net v0x56731004d7e0 166, 7 0, L_0x7c20818aa660; 1 drivers
L_0x7c20818aa6a8 .functor BUFT 1, C4<01011100>, C4<0>, C4<0>, C4<0>;
v0x56731004d7e0_167 .net v0x56731004d7e0 167, 7 0, L_0x7c20818aa6a8; 1 drivers
L_0x7c20818aa6f0 .functor BUFT 1, C4<11000010>, C4<0>, C4<0>, C4<0>;
v0x56731004d7e0_168 .net v0x56731004d7e0 168, 7 0, L_0x7c20818aa6f0; 1 drivers
L_0x7c20818aa738 .functor BUFT 1, C4<11010011>, C4<0>, C4<0>, C4<0>;
v0x56731004d7e0_169 .net v0x56731004d7e0 169, 7 0, L_0x7c20818aa738; 1 drivers
L_0x7c20818aa780 .functor BUFT 1, C4<10101100>, C4<0>, C4<0>, C4<0>;
v0x56731004d7e0_170 .net v0x56731004d7e0 170, 7 0, L_0x7c20818aa780; 1 drivers
L_0x7c20818aa7c8 .functor BUFT 1, C4<01100010>, C4<0>, C4<0>, C4<0>;
v0x56731004d7e0_171 .net v0x56731004d7e0 171, 7 0, L_0x7c20818aa7c8; 1 drivers
L_0x7c20818aa810 .functor BUFT 1, C4<10010001>, C4<0>, C4<0>, C4<0>;
v0x56731004d7e0_172 .net v0x56731004d7e0 172, 7 0, L_0x7c20818aa810; 1 drivers
L_0x7c20818aa858 .functor BUFT 1, C4<10010101>, C4<0>, C4<0>, C4<0>;
v0x56731004d7e0_173 .net v0x56731004d7e0 173, 7 0, L_0x7c20818aa858; 1 drivers
L_0x7c20818aa8a0 .functor BUFT 1, C4<11100100>, C4<0>, C4<0>, C4<0>;
v0x56731004d7e0_174 .net v0x56731004d7e0 174, 7 0, L_0x7c20818aa8a0; 1 drivers
L_0x7c20818aa8e8 .functor BUFT 1, C4<01111001>, C4<0>, C4<0>, C4<0>;
v0x56731004d7e0_175 .net v0x56731004d7e0 175, 7 0, L_0x7c20818aa8e8; 1 drivers
L_0x7c20818aa930 .functor BUFT 1, C4<11100111>, C4<0>, C4<0>, C4<0>;
v0x56731004d7e0_176 .net v0x56731004d7e0 176, 7 0, L_0x7c20818aa930; 1 drivers
L_0x7c20818aa978 .functor BUFT 1, C4<11001000>, C4<0>, C4<0>, C4<0>;
v0x56731004d7e0_177 .net v0x56731004d7e0 177, 7 0, L_0x7c20818aa978; 1 drivers
L_0x7c20818aa9c0 .functor BUFT 1, C4<00110111>, C4<0>, C4<0>, C4<0>;
v0x56731004d7e0_178 .net v0x56731004d7e0 178, 7 0, L_0x7c20818aa9c0; 1 drivers
L_0x7c20818aaa08 .functor BUFT 1, C4<01101101>, C4<0>, C4<0>, C4<0>;
v0x56731004d7e0_179 .net v0x56731004d7e0 179, 7 0, L_0x7c20818aaa08; 1 drivers
L_0x7c20818aaa50 .functor BUFT 1, C4<10001101>, C4<0>, C4<0>, C4<0>;
v0x56731004d7e0_180 .net v0x56731004d7e0 180, 7 0, L_0x7c20818aaa50; 1 drivers
L_0x7c20818aaa98 .functor BUFT 1, C4<11010101>, C4<0>, C4<0>, C4<0>;
v0x56731004d7e0_181 .net v0x56731004d7e0 181, 7 0, L_0x7c20818aaa98; 1 drivers
L_0x7c20818aaae0 .functor BUFT 1, C4<01001110>, C4<0>, C4<0>, C4<0>;
v0x56731004d7e0_182 .net v0x56731004d7e0 182, 7 0, L_0x7c20818aaae0; 1 drivers
L_0x7c20818aab28 .functor BUFT 1, C4<10101001>, C4<0>, C4<0>, C4<0>;
v0x56731004d7e0_183 .net v0x56731004d7e0 183, 7 0, L_0x7c20818aab28; 1 drivers
L_0x7c20818aab70 .functor BUFT 1, C4<01101100>, C4<0>, C4<0>, C4<0>;
v0x56731004d7e0_184 .net v0x56731004d7e0 184, 7 0, L_0x7c20818aab70; 1 drivers
L_0x7c20818aabb8 .functor BUFT 1, C4<01010110>, C4<0>, C4<0>, C4<0>;
v0x56731004d7e0_185 .net v0x56731004d7e0 185, 7 0, L_0x7c20818aabb8; 1 drivers
L_0x7c20818aac00 .functor BUFT 1, C4<11110100>, C4<0>, C4<0>, C4<0>;
v0x56731004d7e0_186 .net v0x56731004d7e0 186, 7 0, L_0x7c20818aac00; 1 drivers
L_0x7c20818aac48 .functor BUFT 1, C4<11101010>, C4<0>, C4<0>, C4<0>;
v0x56731004d7e0_187 .net v0x56731004d7e0 187, 7 0, L_0x7c20818aac48; 1 drivers
L_0x7c20818aac90 .functor BUFT 1, C4<01100101>, C4<0>, C4<0>, C4<0>;
v0x56731004d7e0_188 .net v0x56731004d7e0 188, 7 0, L_0x7c20818aac90; 1 drivers
L_0x7c20818aacd8 .functor BUFT 1, C4<01111010>, C4<0>, C4<0>, C4<0>;
v0x56731004d7e0_189 .net v0x56731004d7e0 189, 7 0, L_0x7c20818aacd8; 1 drivers
L_0x7c20818aad20 .functor BUFT 1, C4<10101110>, C4<0>, C4<0>, C4<0>;
v0x56731004d7e0_190 .net v0x56731004d7e0 190, 7 0, L_0x7c20818aad20; 1 drivers
L_0x7c20818aad68 .functor BUFT 1, C4<00001000>, C4<0>, C4<0>, C4<0>;
v0x56731004d7e0_191 .net v0x56731004d7e0 191, 7 0, L_0x7c20818aad68; 1 drivers
L_0x7c20818aadb0 .functor BUFT 1, C4<10111010>, C4<0>, C4<0>, C4<0>;
v0x56731004d7e0_192 .net v0x56731004d7e0 192, 7 0, L_0x7c20818aadb0; 1 drivers
L_0x7c20818aadf8 .functor BUFT 1, C4<01111000>, C4<0>, C4<0>, C4<0>;
v0x56731004d7e0_193 .net v0x56731004d7e0 193, 7 0, L_0x7c20818aadf8; 1 drivers
L_0x7c20818aae40 .functor BUFT 1, C4<00100101>, C4<0>, C4<0>, C4<0>;
v0x56731004d7e0_194 .net v0x56731004d7e0 194, 7 0, L_0x7c20818aae40; 1 drivers
L_0x7c20818aae88 .functor BUFT 1, C4<00101110>, C4<0>, C4<0>, C4<0>;
v0x56731004d7e0_195 .net v0x56731004d7e0 195, 7 0, L_0x7c20818aae88; 1 drivers
L_0x7c20818aaed0 .functor BUFT 1, C4<00011100>, C4<0>, C4<0>, C4<0>;
v0x56731004d7e0_196 .net v0x56731004d7e0 196, 7 0, L_0x7c20818aaed0; 1 drivers
L_0x7c20818aaf18 .functor BUFT 1, C4<10100110>, C4<0>, C4<0>, C4<0>;
v0x56731004d7e0_197 .net v0x56731004d7e0 197, 7 0, L_0x7c20818aaf18; 1 drivers
L_0x7c20818aaf60 .functor BUFT 1, C4<10110100>, C4<0>, C4<0>, C4<0>;
v0x56731004d7e0_198 .net v0x56731004d7e0 198, 7 0, L_0x7c20818aaf60; 1 drivers
L_0x7c20818aafa8 .functor BUFT 1, C4<11000110>, C4<0>, C4<0>, C4<0>;
v0x56731004d7e0_199 .net v0x56731004d7e0 199, 7 0, L_0x7c20818aafa8; 1 drivers
L_0x7c20818aaff0 .functor BUFT 1, C4<11101000>, C4<0>, C4<0>, C4<0>;
v0x56731004d7e0_200 .net v0x56731004d7e0 200, 7 0, L_0x7c20818aaff0; 1 drivers
L_0x7c20818ab038 .functor BUFT 1, C4<11011101>, C4<0>, C4<0>, C4<0>;
v0x56731004d7e0_201 .net v0x56731004d7e0 201, 7 0, L_0x7c20818ab038; 1 drivers
L_0x7c20818ab080 .functor BUFT 1, C4<01110100>, C4<0>, C4<0>, C4<0>;
v0x56731004d7e0_202 .net v0x56731004d7e0 202, 7 0, L_0x7c20818ab080; 1 drivers
L_0x7c20818ab0c8 .functor BUFT 1, C4<00011111>, C4<0>, C4<0>, C4<0>;
v0x56731004d7e0_203 .net v0x56731004d7e0 203, 7 0, L_0x7c20818ab0c8; 1 drivers
L_0x7c20818ab110 .functor BUFT 1, C4<01001011>, C4<0>, C4<0>, C4<0>;
v0x56731004d7e0_204 .net v0x56731004d7e0 204, 7 0, L_0x7c20818ab110; 1 drivers
L_0x7c20818ab158 .functor BUFT 1, C4<10111101>, C4<0>, C4<0>, C4<0>;
v0x56731004d7e0_205 .net v0x56731004d7e0 205, 7 0, L_0x7c20818ab158; 1 drivers
L_0x7c20818ab1a0 .functor BUFT 1, C4<10001011>, C4<0>, C4<0>, C4<0>;
v0x56731004d7e0_206 .net v0x56731004d7e0 206, 7 0, L_0x7c20818ab1a0; 1 drivers
L_0x7c20818ab1e8 .functor BUFT 1, C4<10001010>, C4<0>, C4<0>, C4<0>;
v0x56731004d7e0_207 .net v0x56731004d7e0 207, 7 0, L_0x7c20818ab1e8; 1 drivers
L_0x7c20818ab230 .functor BUFT 1, C4<01110000>, C4<0>, C4<0>, C4<0>;
v0x56731004d7e0_208 .net v0x56731004d7e0 208, 7 0, L_0x7c20818ab230; 1 drivers
L_0x7c20818ab278 .functor BUFT 1, C4<00111110>, C4<0>, C4<0>, C4<0>;
v0x56731004d7e0_209 .net v0x56731004d7e0 209, 7 0, L_0x7c20818ab278; 1 drivers
L_0x7c20818ab2c0 .functor BUFT 1, C4<10110101>, C4<0>, C4<0>, C4<0>;
v0x56731004d7e0_210 .net v0x56731004d7e0 210, 7 0, L_0x7c20818ab2c0; 1 drivers
L_0x7c20818ab308 .functor BUFT 1, C4<01100110>, C4<0>, C4<0>, C4<0>;
v0x56731004d7e0_211 .net v0x56731004d7e0 211, 7 0, L_0x7c20818ab308; 1 drivers
L_0x7c20818ab350 .functor BUFT 1, C4<01001000>, C4<0>, C4<0>, C4<0>;
v0x56731004d7e0_212 .net v0x56731004d7e0 212, 7 0, L_0x7c20818ab350; 1 drivers
L_0x7c20818ab398 .functor BUFT 1, C4<00000011>, C4<0>, C4<0>, C4<0>;
v0x56731004d7e0_213 .net v0x56731004d7e0 213, 7 0, L_0x7c20818ab398; 1 drivers
L_0x7c20818ab3e0 .functor BUFT 1, C4<11110110>, C4<0>, C4<0>, C4<0>;
v0x56731004d7e0_214 .net v0x56731004d7e0 214, 7 0, L_0x7c20818ab3e0; 1 drivers
L_0x7c20818ab428 .functor BUFT 1, C4<00001110>, C4<0>, C4<0>, C4<0>;
v0x56731004d7e0_215 .net v0x56731004d7e0 215, 7 0, L_0x7c20818ab428; 1 drivers
L_0x7c20818ab470 .functor BUFT 1, C4<01100001>, C4<0>, C4<0>, C4<0>;
v0x56731004d7e0_216 .net v0x56731004d7e0 216, 7 0, L_0x7c20818ab470; 1 drivers
L_0x7c20818ab4b8 .functor BUFT 1, C4<00110101>, C4<0>, C4<0>, C4<0>;
v0x56731004d7e0_217 .net v0x56731004d7e0 217, 7 0, L_0x7c20818ab4b8; 1 drivers
L_0x7c20818ab500 .functor BUFT 1, C4<01010111>, C4<0>, C4<0>, C4<0>;
v0x56731004d7e0_218 .net v0x56731004d7e0 218, 7 0, L_0x7c20818ab500; 1 drivers
L_0x7c20818ab548 .functor BUFT 1, C4<10111001>, C4<0>, C4<0>, C4<0>;
v0x56731004d7e0_219 .net v0x56731004d7e0 219, 7 0, L_0x7c20818ab548; 1 drivers
L_0x7c20818ab590 .functor BUFT 1, C4<10000110>, C4<0>, C4<0>, C4<0>;
v0x56731004d7e0_220 .net v0x56731004d7e0 220, 7 0, L_0x7c20818ab590; 1 drivers
L_0x7c20818ab5d8 .functor BUFT 1, C4<11000001>, C4<0>, C4<0>, C4<0>;
v0x56731004d7e0_221 .net v0x56731004d7e0 221, 7 0, L_0x7c20818ab5d8; 1 drivers
L_0x7c20818ab620 .functor BUFT 1, C4<00011101>, C4<0>, C4<0>, C4<0>;
v0x56731004d7e0_222 .net v0x56731004d7e0 222, 7 0, L_0x7c20818ab620; 1 drivers
L_0x7c20818ab668 .functor BUFT 1, C4<10011110>, C4<0>, C4<0>, C4<0>;
v0x56731004d7e0_223 .net v0x56731004d7e0 223, 7 0, L_0x7c20818ab668; 1 drivers
L_0x7c20818ab6b0 .functor BUFT 1, C4<11100001>, C4<0>, C4<0>, C4<0>;
v0x56731004d7e0_224 .net v0x56731004d7e0 224, 7 0, L_0x7c20818ab6b0; 1 drivers
L_0x7c20818ab6f8 .functor BUFT 1, C4<11111000>, C4<0>, C4<0>, C4<0>;
v0x56731004d7e0_225 .net v0x56731004d7e0 225, 7 0, L_0x7c20818ab6f8; 1 drivers
L_0x7c20818ab740 .functor BUFT 1, C4<10011000>, C4<0>, C4<0>, C4<0>;
v0x56731004d7e0_226 .net v0x56731004d7e0 226, 7 0, L_0x7c20818ab740; 1 drivers
L_0x7c20818ab788 .functor BUFT 1, C4<00010001>, C4<0>, C4<0>, C4<0>;
v0x56731004d7e0_227 .net v0x56731004d7e0 227, 7 0, L_0x7c20818ab788; 1 drivers
L_0x7c20818ab7d0 .functor BUFT 1, C4<01101001>, C4<0>, C4<0>, C4<0>;
v0x56731004d7e0_228 .net v0x56731004d7e0 228, 7 0, L_0x7c20818ab7d0; 1 drivers
L_0x7c20818ab818 .functor BUFT 1, C4<11011001>, C4<0>, C4<0>, C4<0>;
v0x56731004d7e0_229 .net v0x56731004d7e0 229, 7 0, L_0x7c20818ab818; 1 drivers
L_0x7c20818ab860 .functor BUFT 1, C4<10001110>, C4<0>, C4<0>, C4<0>;
v0x56731004d7e0_230 .net v0x56731004d7e0 230, 7 0, L_0x7c20818ab860; 1 drivers
L_0x7c20818ab8a8 .functor BUFT 1, C4<10010100>, C4<0>, C4<0>, C4<0>;
v0x56731004d7e0_231 .net v0x56731004d7e0 231, 7 0, L_0x7c20818ab8a8; 1 drivers
L_0x7c20818ab8f0 .functor BUFT 1, C4<10011011>, C4<0>, C4<0>, C4<0>;
v0x56731004d7e0_232 .net v0x56731004d7e0 232, 7 0, L_0x7c20818ab8f0; 1 drivers
L_0x7c20818ab938 .functor BUFT 1, C4<00011110>, C4<0>, C4<0>, C4<0>;
v0x56731004d7e0_233 .net v0x56731004d7e0 233, 7 0, L_0x7c20818ab938; 1 drivers
L_0x7c20818ab980 .functor BUFT 1, C4<10000111>, C4<0>, C4<0>, C4<0>;
v0x56731004d7e0_234 .net v0x56731004d7e0 234, 7 0, L_0x7c20818ab980; 1 drivers
L_0x7c20818ab9c8 .functor BUFT 1, C4<11101001>, C4<0>, C4<0>, C4<0>;
v0x56731004d7e0_235 .net v0x56731004d7e0 235, 7 0, L_0x7c20818ab9c8; 1 drivers
L_0x7c20818aba10 .functor BUFT 1, C4<11001110>, C4<0>, C4<0>, C4<0>;
v0x56731004d7e0_236 .net v0x56731004d7e0 236, 7 0, L_0x7c20818aba10; 1 drivers
L_0x7c20818aba58 .functor BUFT 1, C4<01010101>, C4<0>, C4<0>, C4<0>;
v0x56731004d7e0_237 .net v0x56731004d7e0 237, 7 0, L_0x7c20818aba58; 1 drivers
L_0x7c20818abaa0 .functor BUFT 1, C4<00101000>, C4<0>, C4<0>, C4<0>;
v0x56731004d7e0_238 .net v0x56731004d7e0 238, 7 0, L_0x7c20818abaa0; 1 drivers
L_0x7c20818abae8 .functor BUFT 1, C4<11011111>, C4<0>, C4<0>, C4<0>;
v0x56731004d7e0_239 .net v0x56731004d7e0 239, 7 0, L_0x7c20818abae8; 1 drivers
L_0x7c20818abb30 .functor BUFT 1, C4<10001100>, C4<0>, C4<0>, C4<0>;
v0x56731004d7e0_240 .net v0x56731004d7e0 240, 7 0, L_0x7c20818abb30; 1 drivers
L_0x7c20818abb78 .functor BUFT 1, C4<10100001>, C4<0>, C4<0>, C4<0>;
v0x56731004d7e0_241 .net v0x56731004d7e0 241, 7 0, L_0x7c20818abb78; 1 drivers
L_0x7c20818abbc0 .functor BUFT 1, C4<10001001>, C4<0>, C4<0>, C4<0>;
v0x56731004d7e0_242 .net v0x56731004d7e0 242, 7 0, L_0x7c20818abbc0; 1 drivers
L_0x7c20818abc08 .functor BUFT 1, C4<00001101>, C4<0>, C4<0>, C4<0>;
v0x56731004d7e0_243 .net v0x56731004d7e0 243, 7 0, L_0x7c20818abc08; 1 drivers
L_0x7c20818abc50 .functor BUFT 1, C4<10111111>, C4<0>, C4<0>, C4<0>;
v0x56731004d7e0_244 .net v0x56731004d7e0 244, 7 0, L_0x7c20818abc50; 1 drivers
L_0x7c20818abc98 .functor BUFT 1, C4<11100110>, C4<0>, C4<0>, C4<0>;
v0x56731004d7e0_245 .net v0x56731004d7e0 245, 7 0, L_0x7c20818abc98; 1 drivers
L_0x7c20818abce0 .functor BUFT 1, C4<01000010>, C4<0>, C4<0>, C4<0>;
v0x56731004d7e0_246 .net v0x56731004d7e0 246, 7 0, L_0x7c20818abce0; 1 drivers
L_0x7c20818abd28 .functor BUFT 1, C4<01101000>, C4<0>, C4<0>, C4<0>;
v0x56731004d7e0_247 .net v0x56731004d7e0 247, 7 0, L_0x7c20818abd28; 1 drivers
L_0x7c20818abd70 .functor BUFT 1, C4<01000001>, C4<0>, C4<0>, C4<0>;
v0x56731004d7e0_248 .net v0x56731004d7e0 248, 7 0, L_0x7c20818abd70; 1 drivers
L_0x7c20818abdb8 .functor BUFT 1, C4<10011001>, C4<0>, C4<0>, C4<0>;
v0x56731004d7e0_249 .net v0x56731004d7e0 249, 7 0, L_0x7c20818abdb8; 1 drivers
L_0x7c20818abe00 .functor BUFT 1, C4<00101101>, C4<0>, C4<0>, C4<0>;
v0x56731004d7e0_250 .net v0x56731004d7e0 250, 7 0, L_0x7c20818abe00; 1 drivers
L_0x7c20818abe48 .functor BUFT 1, C4<00001111>, C4<0>, C4<0>, C4<0>;
v0x56731004d7e0_251 .net v0x56731004d7e0 251, 7 0, L_0x7c20818abe48; 1 drivers
L_0x7c20818abe90 .functor BUFT 1, C4<10110000>, C4<0>, C4<0>, C4<0>;
v0x56731004d7e0_252 .net v0x56731004d7e0 252, 7 0, L_0x7c20818abe90; 1 drivers
L_0x7c20818abed8 .functor BUFT 1, C4<01010100>, C4<0>, C4<0>, C4<0>;
v0x56731004d7e0_253 .net v0x56731004d7e0 253, 7 0, L_0x7c20818abed8; 1 drivers
L_0x7c20818abf20 .functor BUFT 1, C4<10111011>, C4<0>, C4<0>, C4<0>;
v0x56731004d7e0_254 .net v0x56731004d7e0 254, 7 0, L_0x7c20818abf20; 1 drivers
L_0x7c20818abf68 .functor BUFT 1, C4<00010110>, C4<0>, C4<0>, C4<0>;
v0x56731004d7e0_255 .net v0x56731004d7e0 255, 7 0, L_0x7c20818abf68; 1 drivers
v0x567310047de0_0 .net "sboxw", 31 0, v0x567310053f80_0;  alias, 1 drivers
E_0x5673100524c0/0 .event negedge, v0x56731004d740_0;
E_0x5673100524c0/1 .event posedge, v0x56731004e4c0_0;
E_0x5673100524c0 .event/or E_0x5673100524c0/0, E_0x5673100524c0/1;
L_0x56730fff6220 .array/port v0x56731004d7e0, L_0x56730fff5820;
L_0x56730fff5ca0 .part v0x567310053f80_0, 24, 8;
L_0x56730fff5820 .concat [ 8 2 0 0], L_0x56730fff5ca0, L_0x7c20818a75b8;
L_0x56730fff53a0 .functor MUXZ 8, L_0x56730fff6220, L_0x7c20818a7570, v0x56731004dbc0_0, C4<>;
L_0x56730fff4f20 .array/port v0x56731004d7e0, L_0x56730fff4aa0;
L_0x56730fff4fc0 .part v0x567310053f80_0, 16, 8;
L_0x56730fff4aa0 .concat [ 8 2 0 0], L_0x56730fff4fc0, L_0x7c20818a7648;
L_0x56730fff4620 .functor MUXZ 8, L_0x56730fff4f20, L_0x7c20818a7600, v0x56731004dbc0_0, C4<>;
L_0x56730fff41a0 .array/port v0x56731004d7e0, L_0x56730fff3d20;
L_0x56730fff4240 .part v0x567310053f80_0, 8, 8;
L_0x56730fff3d20 .concat [ 8 2 0 0], L_0x56730fff4240, L_0x7c20818a76d8;
L_0x56730fff38a0 .functor MUXZ 8, L_0x56730fff41a0, L_0x7c20818a7690, v0x56731004dbc0_0, C4<>;
L_0x56730fff3420 .concat8 [ 8 8 8 8], L_0x56730fff26a0, L_0x56730fff38a0, L_0x56730fff4620, L_0x56730fff53a0;
L_0x56730fff2fa0 .array/port v0x56731004d7e0, L_0x56730fff2bc0;
L_0x56730fff2b20 .part v0x567310053f80_0, 0, 8;
L_0x56730fff2bc0 .concat [ 8 2 0 0], L_0x56730fff2b20, L_0x7c20818a7768;
L_0x56730fff26a0 .functor MUXZ 8, L_0x56730fff2fa0, L_0x7c20818a7720, v0x56731004dbc0_0, C4<>;
S_0x567310047440 .scope task, "wait_ready_with_timeout" "wait_ready_with_timeout" 9 29, 9 29 0, S_0x56730ffa73e0;
 .timescale -9 -12;
v0x5673100479b0_0 .var/i "max_cycles", 31 0;
v0x567310047020_0 .var/i "ok_o", 31 0;
E_0x5673100523e0 .event posedge, v0x567310059460_0;
TD_tb_aes_key_mem.wait_ready_with_timeout ;
    %pushi/vec4 1, 0, 32;
    %store/vec4 v0x567310047020_0, 0, 32;
    %pushi/vec4 0, 0, 32;
    %store/vec4 v0x567310046c30_0, 0, 32;
T_18.0 ;
    %load/vec4 v0x5673100454c0_0;
    %nor/r;
    %load/vec4 v0x567310046c30_0;
    %load/vec4 v0x5673100479b0_0;
    %cmp/s;
    %flag_get/vec4 5;
    %and;
    %flag_set/vec4 8;
    %jmp/0xz T_18.1, 8;
    %wait E_0x5673100523e0;
    %load/vec4 v0x567310046c30_0;
    %addi 1, 0, 32;
    %store/vec4 v0x567310046c30_0, 0, 32;
    %jmp T_18.0;
T_18.1 ;
    %load/vec4 v0x5673100454c0_0;
    %nor/r;
    %flag_set/vec4 8;
    %jmp/0xz  T_18.2, 8;
    %pushi/vec4 0, 0, 32;
    %store/vec4 v0x567310047020_0, 0, 32;
T_18.2 ;
    %end;
    .scope S_0x5673100cb2e0;
T_19 ;
    %wait E_0x5673100190e0;
    %fork t_1, S_0x5673100bece0;
    %jmp t_0;
    .scope S_0x5673100bece0;
t_1 ;
    %load/vec4 v0x5673100bae80_0;
    %nor/r;
    %flag_set/vec4 8;
    %jmp/0xz  T_19.0, 8;
    %pushi/vec4 0, 0, 10;
    %assign/vec4 v0x5673100b8aa0_0, 0;
    %jmp T_19.1;
T_19.0 ;
    %load/vec4 v0x5673100b8620_0;
    %flag_set/vec4 8;
    %jmp/0xz  T_19.2, 8;
    %load/vec4 v0x5673100b89e0_0;
    %assign/vec4 v0x5673100b8aa0_0, 0;
T_19.2 ;
T_19.1 ;
    %end;
    .scope S_0x5673100cb2e0;
t_0 %join;
    %jmp T_19;
    .thread T_19;
    .scope S_0x5673100cb2e0;
T_20 ;
    %wait E_0x5673100190e0;
    %fork t_3, S_0x5673100c34e0;
    %jmp t_2;
    .scope S_0x5673100c34e0;
t_3 ;
    %load/vec4 v0x5673100bae80_0;
    %nor/r;
    %flag_set/vec4 8;
    %jmp/0xz  T_20.0, 8;
    %pushi/vec4 0, 0, 32;
    %assign/vec4 v0x5673100be4a0_0, 0;
    %pushi/vec4 0, 0, 32;
    %assign/vec4 v0x5673100bdae0_0, 0;
    %pushi/vec4 0, 0, 32;
    %assign/vec4 v0x5673100bd660_0, 0;
    %pushi/vec4 0, 0, 32;
    %assign/vec4 v0x5673100bd1e0_0, 0;
    %pushi/vec4 0, 0, 2;
    %assign/vec4 v0x5673100b92e0_0, 0;
    %pushi/vec4 0, 0, 4;
    %assign/vec4 v0x5673100ba5a0_0, 0;
    %pushi/vec4 1, 0, 1;
    %assign/vec4 v0x5673100bb320_0, 0;
    %pushi/vec4 0, 0, 2;
    %assign/vec4 v0x5673100bc8e0_0, 0;
    %jmp T_20.1;
T_20.0 ;
    %load/vec4 v0x5673100bdf60_0;
    %flag_set/vec4 8;
    %jmp/0xz  T_20.2, 8;
    %load/vec4 v0x5673100be400_0;
    %parti/s 32, 96, 8;
    %assign/vec4 v0x5673100be4a0_0, 0;
T_20.2 ;
    %load/vec4 v0x5673100bdbc0_0;
    %flag_set/vec4 8;
    %jmp/0xz  T_20.4, 8;
    %load/vec4 v0x5673100be400_0;
    %parti/s 32, 64, 8;
    %assign/vec4 v0x5673100bdae0_0, 0;
T_20.4 ;
    %load/vec4 v0x5673100bd740_0;
    %flag_set/vec4 8;
    %jmp/0xz  T_20.6, 8;
    %load/vec4 v0x5673100be400_0;
    %parti/s 32, 32, 7;
    %assign/vec4 v0x5673100bd660_0, 0;
T_20.6 ;
    %load/vec4 v0x5673100bd2c0_0;
    %flag_set/vec4 8;
    %jmp/0xz  T_20.8, 8;
    %load/vec4 v0x5673100be400_0;
    %parti/s 32, 0, 2;
    %assign/vec4 v0x5673100bd1e0_0, 0;
T_20.8 ;
    %load/vec4 v0x5673100b8e60_0;
    %flag_set/vec4 8;
    %jmp/0xz  T_20.10, 8;
    %load/vec4 v0x5673100b9820_0;
    %assign/vec4 v0x5673100b92e0_0, 0;
T_20.10 ;
    %load/vec4 v0x5673100ba120_0;
    %flag_set/vec4 8;
    %jmp/0xz  T_20.12, 8;
    %load/vec4 v0x5673100ba4e0_0;
    %assign/vec4 v0x5673100ba5a0_0, 0;
T_20.12 ;
    %load/vec4 v0x5673100bade0_0;
    %flag_set/vec4 8;
    %jmp/0xz  T_20.14, 8;
    %load/vec4 v0x5673100bb260_0;
    %assign/vec4 v0x5673100bb320_0, 0;
T_20.14 ;
    %load/vec4 v0x5673100bc9c0_0;
    %flag_set/vec4 8;
    %jmp/0xz  T_20.16, 8;
    %load/vec4 v0x5673100bce00_0;
    %assign/vec4 v0x5673100bc8e0_0, 0;
T_20.16 ;
T_20.1 ;
    %end;
    .scope S_0x5673100cb2e0;
t_2 %join;
    %jmp T_20;
    .thread T_20;
    .scope S_0x5673100cb2e0;
T_21 ;
    %wait E_0x56730ff9b840;
    %fork t_5, S_0x5673100c2be0;
    %jmp t_4;
    .scope S_0x5673100c2be0;
t_5 ;
    %pushi/vec4 0, 0, 128;
    %store/vec4 v0x5673100be400_0, 0, 128;
    %pushi/vec4 0, 0, 32;
    %store/vec4 v0x5673100bc500_0, 0, 32;
    %pushi/vec4 0, 0, 1;
    %store/vec4 v0x5673100bdf60_0, 0, 1;
    %pushi/vec4 0, 0, 1;
    %store/vec4 v0x5673100bdbc0_0, 0, 1;
    %pushi/vec4 0, 0, 1;
    %store/vec4 v0x5673100bd740_0, 0, 1;
    %pushi/vec4 0, 0, 1;
    %store/vec4 v0x5673100bd2c0_0, 0, 1;
    %load/vec4 v0x5673100be4a0_0;
    %load/vec4 v0x5673100bdae0_0;
    %concat/vec4; draw_concat_vec4
    %load/vec4 v0x5673100bd660_0;
    %concat/vec4; draw_concat_vec4
    %load/vec4 v0x5673100bd1e0_0;
    %concat/vec4; draw_concat_vec4
    %store/vec4 v0x5673100c1f40_0, 0, 128;
    %alloc S_0x5673100c1560;
    %load/vec4 v0x5673100c1f40_0;
    %store/vec4 v0x5673100c10e0_0, 0, 128;
    %callf/vec4 TD_aes.core.enc_block.shiftrows, S_0x5673100c1560;
    %free S_0x5673100c1560;
    %store/vec4 v0x5673100c19e0_0, 0, 128;
    %alloc S_0x5673100c73e0;
    %load/vec4 v0x5673100c19e0_0;
    %store/vec4 v0x5673100c6f60_0, 0, 128;
    %callf/vec4 TD_aes.core.enc_block.mixcolumns, S_0x5673100c73e0;
    %free S_0x5673100c73e0;
    %store/vec4 v0x5673100c1e60_0, 0, 128;
    %alloc S_0x5673100ca0e0;
    %load/vec4 v0x5673100be960_0;
    %load/vec4 v0x5673100b9be0_0;
    %store/vec4 v0x5673100c98c0_0, 0, 128;
    %store/vec4 v0x5673100c97e0_0, 0, 128;
    %callf/vec4 TD_aes.core.enc_block.addroundkey, S_0x5673100ca0e0;
    %free S_0x5673100ca0e0;
    %store/vec4 v0x5673100c22e0_0, 0, 128;
    %alloc S_0x5673100ca0e0;
    %load/vec4 v0x5673100c1e60_0;
    %load/vec4 v0x5673100b9be0_0;
    %store/vec4 v0x5673100c98c0_0, 0, 128;
    %store/vec4 v0x5673100c97e0_0, 0, 128;
    %callf/vec4 TD_aes.core.enc_block.addroundkey, S_0x5673100ca0e0;
    %free S_0x5673100ca0e0;
    %store/vec4 v0x5673100c23c0_0, 0, 128;
    %alloc S_0x5673100ca0e0;
    %load/vec4 v0x5673100c19e0_0;
    %load/vec4 v0x5673100b9be0_0;
    %store/vec4 v0x5673100c98c0_0, 0, 128;
    %store/vec4 v0x5673100c97e0_0, 0, 128;
    %callf/vec4 TD_aes.core.enc_block.addroundkey, S_0x5673100ca0e0;
    %free S_0x5673100ca0e0;
    %store/vec4 v0x5673100c27f0_0, 0, 128;
    %load/vec4 v0x5673100b8f20_0;
    %flag_set/vec4 8;
    %jmp/0xz  T_21.0, 8;
    %load/vec4 v0x5673100be4a0_0;
    %load/vec4 v0x5673100bdae0_0;
    %concat/vec4; draw_concat_vec4
    %load/vec4 v0x5673100bd660_0;
    %concat/vec4; draw_concat_vec4
    %load/vec4 v0x5673100bd1e0_0;
    %concat/vec4; draw_concat_vec4
    %store/vec4 v0x5673100be400_0, 0, 128;
    %pushi/vec4 0, 0, 32;
    %store/vec4 v0x5673100bc500_0, 0, 32;
    %pushi/vec4 0, 0, 1;
    %store/vec4 v0x5673100bdf60_0, 0, 1;
    %pushi/vec4 0, 0, 1;
    %store/vec4 v0x5673100bdbc0_0, 0, 1;
    %pushi/vec4 0, 0, 1;
    %store/vec4 v0x5673100bd740_0, 0, 1;
    %pushi/vec4 0, 0, 1;
    %store/vec4 v0x5673100bd2c0_0, 0, 1;
    %jmp T_21.1;
T_21.0 ;
    %load/vec4 v0x5673100b80e0_0;
    %dup/vec4;
    %pushi/vec4 1, 0, 3;
    %cmp/u;
    %jmp/1 T_21.2, 6;
    %dup/vec4;
    %pushi/vec4 2, 0, 3;
    %cmp/u;
    %jmp/1 T_21.3, 6;
    %dup/vec4;
    %pushi/vec4 3, 0, 3;
    %cmp/u;
    %jmp/1 T_21.4, 6;
    %dup/vec4;
    %pushi/vec4 4, 0, 3;
    %cmp/u;
    %jmp/1 T_21.5, 6;
    %jmp T_21.7;
T_21.2 ;
    %load/vec4 v0x5673100c22e0_0;
    %store/vec4 v0x5673100be400_0, 0, 128;
    %pushi/vec4 1, 0, 1;
    %store/vec4 v0x5673100bdf60_0, 0, 1;
    %pushi/vec4 1, 0, 1;
    %store/vec4 v0x5673100bdbc0_0, 0, 1;
    %pushi/vec4 1, 0, 1;
    %store/vec4 v0x5673100bd740_0, 0, 1;
    %pushi/vec4 1, 0, 1;
    %store/vec4 v0x5673100bd2c0_0, 0, 1;
    %jmp T_21.7;
T_21.3 ;
    %load/vec4 v0x5673100bbc40_0;
    %load/vec4 v0x5673100bbc40_0;
    %concat/vec4; draw_concat_vec4
    %load/vec4 v0x5673100bbc40_0;
    %concat/vec4; draw_concat_vec4
    %load/vec4 v0x5673100bbc40_0;
    %concat/vec4; draw_concat_vec4
    %store/vec4 v0x5673100be400_0, 0, 128;
    %load/vec4 v0x5673100b92e0_0;
    %dup/vec4;
    %pushi/vec4 0, 0, 2;
    %cmp/u;
    %jmp/1 T_21.8, 6;
    %dup/vec4;
    %pushi/vec4 1, 0, 2;
    %cmp/u;
    %jmp/1 T_21.9, 6;
    %dup/vec4;
    %pushi/vec4 2, 0, 2;
    %cmp/u;
    %jmp/1 T_21.10, 6;
    %dup/vec4;
    %pushi/vec4 3, 0, 2;
    %cmp/u;
    %jmp/1 T_21.11, 6;
    %jmp T_21.12;
T_21.8 ;
    %load/vec4 v0x5673100be4a0_0;
    %store/vec4 v0x5673100bc500_0, 0, 32;
    %pushi/vec4 1, 0, 1;
    %store/vec4 v0x5673100bdf60_0, 0, 1;
    %jmp T_21.12;
T_21.9 ;
    %load/vec4 v0x5673100bdae0_0;
    %store/vec4 v0x5673100bc500_0, 0, 32;
    %pushi/vec4 1, 0, 1;
    %store/vec4 v0x5673100bdbc0_0, 0, 1;
    %jmp T_21.12;
T_21.10 ;
    %load/vec4 v0x5673100bd660_0;
    %store/vec4 v0x5673100bc500_0, 0, 32;
    %pushi/vec4 1, 0, 1;
    %store/vec4 v0x5673100bd740_0, 0, 1;
    %jmp T_21.12;
T_21.11 ;
    %load/vec4 v0x5673100bd1e0_0;
    %store/vec4 v0x5673100bc500_0, 0, 32;
    %pushi/vec4 1, 0, 1;
    %store/vec4 v0x5673100bd2c0_0, 0, 1;
    %jmp T_21.12;
T_21.12 ;
    %pop/vec4 1;
    %jmp T_21.7;
T_21.4 ;
    %load/vec4 v0x5673100c23c0_0;
    %store/vec4 v0x5673100be400_0, 0, 128;
    %pushi/vec4 1, 0, 1;
    %store/vec4 v0x5673100bdf60_0, 0, 1;
    %pushi/vec4 1, 0, 1;
    %store/vec4 v0x5673100bdbc0_0, 0, 1;
    %pushi/vec4 1, 0, 1;
    %store/vec4 v0x5673100bd740_0, 0, 1;
    %pushi/vec4 1, 0, 1;
    %store/vec4 v0x5673100bd2c0_0, 0, 1;
    %jmp T_21.7;
T_21.5 ;
    %load/vec4 v0x5673100c27f0_0;
    %store/vec4 v0x5673100be400_0, 0, 128;
    %pushi/vec4 1, 0, 1;
    %store/vec4 v0x5673100bdf60_0, 0, 1;
    %pushi/vec4 1, 0, 1;
    %store/vec4 v0x5673100bdbc0_0, 0, 1;
    %pushi/vec4 1, 0, 1;
    %store/vec4 v0x5673100bd740_0, 0, 1;
    %pushi/vec4 1, 0, 1;
    %store/vec4 v0x5673100bd2c0_0, 0, 1;
    %jmp T_21.7;
T_21.7 ;
    %pop/vec4 1;
T_21.1 ;
    %end;
    .scope S_0x5673100cb2e0;
t_4 %join;
    %jmp T_21;
    .thread T_21, $push;
    .scope S_0x5673100cb2e0;
T_22 ;
    %wait E_0x56730ff9dba0;
    %fork t_7, S_0x5673100bf5e0;
    %jmp t_6;
    .scope S_0x5673100bf5e0;
t_7 ;
    %pushi/vec4 0, 0, 2;
    %store/vec4 v0x5673100b9820_0, 0, 2;
    %pushi/vec4 0, 0, 1;
    %store/vec4 v0x5673100b8e60_0, 0, 1;
    %load/vec4 v0x5673100b93c0_0;
    %flag_set/vec4 8;
    %jmp/0xz  T_22.0, 8;
    %pushi/vec4 0, 0, 2;
    %store/vec4 v0x5673100b9820_0, 0, 2;
    %pushi/vec4 1, 0, 1;
    %store/vec4 v0x5673100b8e60_0, 0, 1;
    %jmp T_22.1;
T_22.0 ;
    %load/vec4 v0x5673100b9760_0;
    %flag_set/vec4 8;
    %jmp/0xz  T_22.2, 8;
    %load/vec4 v0x5673100b92e0_0;
    %addi 1, 0, 2;
    %store/vec4 v0x5673100b9820_0, 0, 2;
    %pushi/vec4 1, 0, 1;
    %store/vec4 v0x5673100b8e60_0, 0, 1;
T_22.2 ;
T_22.1 ;
    %end;
    .scope S_0x5673100cb2e0;
t_6 %join;
    %jmp T_22;
    .thread T_22, $push;
    .scope S_0x5673100cb2e0;
T_23 ;
    %wait E_0x56731007bc90;
    %fork t_9, S_0x5673100c3060;
    %jmp t_8;
    .scope S_0x5673100c3060;
t_9 ;
    %pushi/vec4 0, 0, 4;
    %store/vec4 v0x5673100ba4e0_0, 0, 4;
    %pushi/vec4 0, 0, 1;
    %store/vec4 v0x5673100ba120_0, 0, 1;
    %load/vec4 v0x5673100ba060_0;
    %flag_set/vec4 8;
    %jmp/0xz  T_23.0, 8;
    %pushi/vec4 0, 0, 4;
    %store/vec4 v0x5673100ba4e0_0, 0, 4;
    %pushi/vec4 1, 0, 1;
    %store/vec4 v0x5673100ba120_0, 0, 1;
    %jmp T_23.1;
T_23.0 ;
    %load/vec4 v0x5673100baa20_0;
    %flag_set/vec4 8;
    %jmp/0xz  T_23.2, 8;
    %load/vec4 v0x5673100ba5a0_0;
    %addi 1, 0, 4;
    %store/vec4 v0x5673100ba4e0_0, 0, 4;
    %pushi/vec4 1, 0, 1;
    %store/vec4 v0x5673100ba120_0, 0, 1;
T_23.2 ;
T_23.1 ;
    %end;
    .scope S_0x5673100cb2e0;
t_8 %join;
    %jmp T_23;
    .thread T_23, $push;
    .scope S_0x5673100cb2e0;
T_24 ;
    %wait E_0x56731008c2d0;
    %fork t_11, S_0x5673100bf160;
    %jmp t_10;
    .scope S_0x5673100bf160;
t_11 ;
    %load/vec4 v0x5673100b8aa0_0;
    %store/vec4 v0x5673100b89e0_0, 0, 10;
    %pushi/vec4 0, 0, 1;
    %store/vec4 v0x5673100b8620_0, 0, 1;
    %pushi/vec4 0, 0, 1;
    %store/vec4 v0x5673100b8560_0, 0, 1;
    %load/vec4 v0x5673100b8f20_0;
    %nor/r;
    %flag_set/vec4 8;
    %jmp/0xz  T_24.0, 8;
    %load/vec4 v0x5673100bc8e0_0;
    %pushi/vec4 3, 0, 2;
    %cmp/e;
    %flag_get/vec4 4;
    %load/vec4 v0x5673100b80e0_0;
    %pushi/vec4 4, 0, 3;
    %cmp/e;
    %flag_get/vec4 4;
    %and;
    %flag_set/vec4 8;
    %jmp/0xz  T_24.2, 8;
    %load/vec4 v0x5673100b8aa0_0;
    %addi 1, 0, 10;
    %store/vec4 v0x5673100b89e0_0, 0, 10;
    %pushi/vec4 1, 0, 1;
    %store/vec4 v0x5673100b8620_0, 0, 1;
T_24.2 ;
T_24.0 ;
    %end;
    .scope S_0x5673100cb2e0;
t_10 %join;
    %jmp T_24;
    .thread T_24, $push;
    .scope S_0x5673100cb2e0;
T_25 ;
    %wait E_0x56730ff9f5c0;
    %fork t_13, S_0x5673100c9360;
    %jmp t_12;
    .scope S_0x5673100c9360;
t_13 ;
    %pushi/vec4 0, 0, 1;
    %store/vec4 v0x5673100b9760_0, 0, 1;
    %pushi/vec4 0, 0, 1;
    %store/vec4 v0x5673100b93c0_0, 0, 1;
    %pushi/vec4 0, 0, 1;
    %store/vec4 v0x5673100baa20_0, 0, 1;
    %pushi/vec4 0, 0, 1;
    %store/vec4 v0x5673100ba060_0, 0, 1;
    %pushi/vec4 0, 0, 1;
    %store/vec4 v0x5673100bb260_0, 0, 1;
    %pushi/vec4 0, 0, 1;
    %store/vec4 v0x5673100bade0_0, 0, 1;
    %pushi/vec4 0, 0, 3;
    %store/vec4 v0x5673100b80e0_0, 0, 3;
    %pushi/vec4 0, 0, 2;
    %store/vec4 v0x5673100bce00_0, 0, 2;
    %pushi/vec4 0, 0, 1;
    %store/vec4 v0x5673100bc9c0_0, 0, 1;
    %load/vec4 v0x5673100bc460_0;
    %cmpi/e 1, 0, 1;
    %jmp/0xz  T_25.0, 4;
    %pushi/vec4 14, 0, 4;
    %store/vec4 v0x5673100c8f00_0, 0, 4;
    %jmp T_25.1;
T_25.0 ;
    %pushi/vec4 10, 0, 4;
    %store/vec4 v0x5673100c8f00_0, 0, 4;
T_25.1 ;
    %load/vec4 v0x5673100b8f20_0;
    %flag_set/vec4 8;
    %jmp/0xz  T_25.2, 8;
    %pushi/vec4 0, 0, 2;
    %store/vec4 v0x5673100bce00_0, 0, 2;
    %pushi/vec4 1, 0, 1;
    %store/vec4 v0x5673100bc9c0_0, 0, 1;
    %pushi/vec4 1, 0, 1;
    %store/vec4 v0x5673100bb260_0, 0, 1;
    %pushi/vec4 1, 0, 1;
    %store/vec4 v0x5673100bade0_0, 0, 1;
    %pushi/vec4 0, 0, 1;
    %store/vec4 v0x5673100b9760_0, 0, 1;
    %pushi/vec4 0, 0, 1;
    %store/vec4 v0x5673100b93c0_0, 0, 1;
    %pushi/vec4 0, 0, 1;
    %store/vec4 v0x5673100baa20_0, 0, 1;
    %pushi/vec4 0, 0, 1;
    %store/vec4 v0x5673100ba060_0, 0, 1;
    %pushi/vec4 0, 0, 3;
    %store/vec4 v0x5673100b80e0_0, 0, 3;
    %jmp T_25.3;
T_25.2 ;
    %load/vec4 v0x5673100bc8e0_0;
    %dup/vec4;
    %pushi/vec4 0, 0, 2;
    %cmp/u;
    %jmp/1 T_25.4, 6;
    %dup/vec4;
    %pushi/vec4 1, 0, 2;
    %cmp/u;
    %jmp/1 T_25.5, 6;
    %dup/vec4;
    %pushi/vec4 2, 0, 2;
    %cmp/u;
    %jmp/1 T_25.6, 6;
    %dup/vec4;
    %pushi/vec4 3, 0, 2;
    %cmp/u;
    %jmp/1 T_25.7, 6;
    %jmp T_25.9;
T_25.4 ;
    %load/vec4 v0x5673100bb6e0_0;
    %flag_set/vec4 8;
    %jmp/0xz  T_25.10, 8;
    %pushi/vec4 1, 0, 1;
    %store/vec4 v0x5673100ba060_0, 0, 1;
    %pushi/vec4 0, 0, 1;
    %store/vec4 v0x5673100bb260_0, 0, 1;
    %pushi/vec4 1, 0, 1;
    %store/vec4 v0x5673100bade0_0, 0, 1;
    %pushi/vec4 1, 0, 2;
    %store/vec4 v0x5673100bce00_0, 0, 2;
    %pushi/vec4 1, 0, 1;
    %store/vec4 v0x5673100bc9c0_0, 0, 1;
T_25.10 ;
    %jmp T_25.9;
T_25.5 ;
    %pushi/vec4 1, 0, 1;
    %store/vec4 v0x5673100baa20_0, 0, 1;
    %pushi/vec4 1, 0, 1;
    %store/vec4 v0x5673100b93c0_0, 0, 1;
    %pushi/vec4 1, 0, 3;
    %store/vec4 v0x5673100b80e0_0, 0, 3;
    %pushi/vec4 2, 0, 2;
    %store/vec4 v0x5673100bce00_0, 0, 2;
    %pushi/vec4 1, 0, 1;
    %store/vec4 v0x5673100bc9c0_0, 0, 1;
    %jmp T_25.9;
T_25.6 ;
    %pushi/vec4 1, 0, 1;
    %store/vec4 v0x5673100b9760_0, 0, 1;
    %pushi/vec4 2, 0, 3;
    %store/vec4 v0x5673100b80e0_0, 0, 3;
    %load/vec4 v0x5673100b92e0_0;
    %cmpi/e 3, 0, 2;
    %jmp/0xz  T_25.12, 4;
    %pushi/vec4 3, 0, 2;
    %store/vec4 v0x5673100bce00_0, 0, 2;
    %pushi/vec4 1, 0, 1;
    %store/vec4 v0x5673100bc9c0_0, 0, 1;
T_25.12 ;
    %jmp T_25.9;
T_25.7 ;
    %pushi/vec4 1, 0, 1;
    %store/vec4 v0x5673100b93c0_0, 0, 1;
    %pushi/vec4 1, 0, 1;
    %store/vec4 v0x5673100baa20_0, 0, 1;
    %load/vec4 v0x5673100ba5a0_0;
    %load/vec4 v0x5673100c8f00_0;
    %cmp/u;
    %jmp/0xz  T_25.14, 5;
    %pushi/vec4 3, 0, 3;
    %store/vec4 v0x5673100b80e0_0, 0, 3;
    %pushi/vec4 2, 0, 2;
    %store/vec4 v0x5673100bce00_0, 0, 2;
    %pushi/vec4 1, 0, 1;
    %store/vec4 v0x5673100bc9c0_0, 0, 1;
    %jmp T_25.15;
T_25.14 ;
    %pushi/vec4 4, 0, 3;
    %store/vec4 v0x5673100b80e0_0, 0, 3;
    %pushi/vec4 1, 0, 1;
    %store/vec4 v0x5673100bb260_0, 0, 1;
    %pushi/vec4 1, 0, 1;
    %store/vec4 v0x5673100bade0_0, 0, 1;
    %pushi/vec4 0, 0, 2;
    %store/vec4 v0x5673100bce00_0, 0, 2;
    %pushi/vec4 1, 0, 1;
    %store/vec4 v0x5673100bc9c0_0, 0, 1;
T_25.15 ;
    %jmp T_25.9;
T_25.9 ;
    %pop/vec4 1;
T_25.3 ;
    %end;
    .scope S_0x5673100cb2e0;
t_12 %join;
    %jmp T_25;
    .thread T_25, $push;
    .scope S_0x5673100e11e0;
T_26 ;
    %wait E_0x56730ff9fd20;
    %load/vec4 v0x5673100d6c40_0;
    %nor/r;
    %flag_set/vec4 8;
    %jmp/0xz  T_26.0, 8;
    %pushi/vec4 0, 0, 10;
    %assign/vec4 v0x5673100d6b60_0, 0;
    %pushi/vec4 0, 0, 1;
    %assign/vec4 v0x5673100dcf40_0, 0;
    %jmp T_26.1;
T_26.0 ;
    %load/vec4 v0x5673100dcf40_0;
    %nor/r;
    %flag_set/vec4 8;
    %jmp/0xz  T_26.2, 8;
    %load/vec4 v0x5673100d66e0_0;
    %flag_set/vec4 8;
    %jmp/0xz  T_26.4, 8;
    %load/vec4 v0x5673100d6b60_0;
    %cmpi/e 861, 0, 10;
    %jmp/0xz  T_26.6, 4;
    %pushi/vec4 1, 0, 1;
    %assign/vec4 v0x5673100dcf40_0, 0;
    %jmp T_26.7;
T_26.6 ;
    %load/vec4 v0x5673100d6b60_0;
    %addi 1, 0, 10;
    %assign/vec4 v0x5673100d6b60_0, 0;
T_26.7 ;
T_26.4 ;
T_26.2 ;
T_26.1 ;
    %jmp T_26;
    .thread T_26;
    .scope S_0x56731007c3c0;
T_27 ;
    %wait E_0x5673100190e0;
    %fork t_15, S_0x5673100d3e60;
    %jmp t_14;
    .scope S_0x5673100d3e60;
t_15 ;
    %load/vec4 v0x5673100ce500_0;
    %nor/r;
    %flag_set/vec4 8;
    %jmp/0xz  T_27.0, 8;
    %pushi/vec4 0, 0, 32;
    %assign/vec4 v0x5673100d15e0_0, 0;
    %pushi/vec4 0, 0, 32;
    %assign/vec4 v0x5673100d11d0_0, 0;
    %pushi/vec4 0, 0, 32;
    %assign/vec4 v0x5673100d0da0_0, 0;
    %pushi/vec4 0, 0, 32;
    %assign/vec4 v0x5673100d0920_0, 0;
    %pushi/vec4 0, 0, 2;
    %assign/vec4 v0x5673100ccec0_0, 0;
    %pushi/vec4 0, 0, 4;
    %assign/vec4 v0x5673100cdc40_0, 0;
    %pushi/vec4 1, 0, 1;
    %assign/vec4 v0x5673100ce9a0_0, 0;
    %pushi/vec4 0, 0, 2;
    %assign/vec4 v0x5673100d0020_0, 0;
    %pushi/vec4 0, 0, 10;
    %assign/vec4 v0x5673100cc060_0, 0;
    %pushi/vec4 0, 0, 1;
    %assign/vec4 v0x5673100cbc80_0, 0;
    %jmp T_27.1;
T_27.0 ;
    %load/vec4 v0x5673100d16a0_0;
    %flag_set/vec4 8;
    %jmp/0xz  T_27.2, 8;
    %load/vec4 v0x5673100d1b20_0;
    %parti/s 32, 96, 8;
    %assign/vec4 v0x5673100d15e0_0, 0;
T_27.2 ;
    %load/vec4 v0x5673100d0ce0_0;
    %flag_set/vec4 8;
    %jmp/0xz  T_27.4, 8;
    %load/vec4 v0x5673100d1b20_0;
    %parti/s 32, 64, 8;
    %assign/vec4 v0x5673100d11d0_0, 0;
T_27.4 ;
    %load/vec4 v0x5673100d0860_0;
    %flag_set/vec4 8;
    %jmp/0xz  T_27.6, 8;
    %load/vec4 v0x5673100d1b20_0;
    %parti/s 32, 32, 7;
    %assign/vec4 v0x5673100d0da0_0, 0;
T_27.6 ;
    %load/vec4 v0x5673100d03e0_0;
    %flag_set/vec4 8;
    %jmp/0xz  T_27.8, 8;
    %load/vec4 v0x5673100d1b20_0;
    %parti/s 32, 0, 2;
    %assign/vec4 v0x5673100d0920_0, 0;
T_27.8 ;
    %load/vec4 v0x5673100cca00_0;
    %flag_set/vec4 8;
    %jmp/0xz  T_27.10, 8;
    %load/vec4 v0x5673100ccde0_0;
    %assign/vec4 v0x5673100ccec0_0, 0;
T_27.10 ;
    %load/vec4 v0x5673100cd780_0;
    %flag_set/vec4 8;
    %jmp/0xz  T_27.12, 8;
    %load/vec4 v0x5673100cdb60_0;
    %assign/vec4 v0x5673100cdc40_0, 0;
T_27.12 ;
    %load/vec4 v0x5673100ce460_0;
    %flag_set/vec4 8;
    %jmp/0xz  T_27.14, 8;
    %load/vec4 v0x5673100ce8e0_0;
    %assign/vec4 v0x5673100ce9a0_0, 0;
T_27.14 ;
    %load/vec4 v0x5673100cfae0_0;
    %flag_set/vec4 8;
    %jmp/0xz  T_27.16, 8;
    %load/vec4 v0x5673100cff60_0;
    %assign/vec4 v0x5673100d0020_0, 0;
T_27.16 ;
    %load/vec4 v0x5673100cc120_0;
    %flag_set/vec4 8;
    %jmp/0xz  T_27.18, 8;
    %load/vec4 v0x5673100cc5a0_0;
    %assign/vec4 v0x5673100cc060_0, 0;
T_27.18 ;
    %load/vec4 v0x5673100cb760_0;
    %flag_set/vec4 8;
    %jmp/0xz  T_27.20, 8;
    %load/vec4 v0x5673100cbbe0_0;
    %assign/vec4 v0x5673100cbc80_0, 0;
T_27.20 ;
T_27.1 ;
    %end;
    .scope S_0x56731007c3c0;
t_14 %join;
    %jmp T_27;
    .thread T_27;
    .scope S_0x56731007c3c0;
T_28 ;
    %wait E_0x56731000adc0;
    %fork t_17, S_0x5673100d3560;
    %jmp t_16;
    .scope S_0x5673100d3560;
t_17 ;
    %pushi/vec4 0, 0, 128;
    %store/vec4 v0x5673100d2c60_0, 0, 128;
    %pushi/vec4 0, 0, 128;
    %store/vec4 v0x5673100d31e0_0, 0, 128;
    %pushi/vec4 0, 0, 128;
    %store/vec4 v0x5673100d30e0_0, 0, 128;
    %pushi/vec4 0, 0, 128;
    %store/vec4 v0x5673100d1b20_0, 0, 128;
    %pushi/vec4 0, 0, 32;
    %store/vec4 v0x5673100cc4e0_0, 0, 32;
    %pushi/vec4 0, 0, 1;
    %store/vec4 v0x5673100d16a0_0, 0, 1;
    %pushi/vec4 0, 0, 1;
    %store/vec4 v0x5673100d0ce0_0, 0, 1;
    %pushi/vec4 0, 0, 1;
    %store/vec4 v0x5673100d0860_0, 0, 1;
    %pushi/vec4 0, 0, 1;
    %store/vec4 v0x5673100d03e0_0, 0, 1;
    %load/vec4 v0x5673100d15e0_0;
    %load/vec4 v0x5673100d11d0_0;
    %concat/vec4; draw_concat_vec4
    %load/vec4 v0x5673100d0da0_0;
    %concat/vec4; draw_concat_vec4
    %load/vec4 v0x5673100d0920_0;
    %concat/vec4; draw_concat_vec4
    %store/vec4 v0x5673100d2d20_0, 0, 128;
    %load/vec4 v0x5673100cb820_0;
    %dup/vec4;
    %pushi/vec4 1, 0, 3;
    %cmp/u;
    %jmp/1 T_28.0, 6;
    %dup/vec4;
    %pushi/vec4 2, 0, 3;
    %cmp/u;
    %jmp/1 T_28.1, 6;
    %dup/vec4;
    %pushi/vec4 3, 0, 3;
    %cmp/u;
    %jmp/1 T_28.2, 6;
    %dup/vec4;
    %pushi/vec4 4, 0, 3;
    %cmp/u;
    %jmp/1 T_28.3, 6;
    %jmp T_28.5;
T_28.0 ;
    %load/vec4 v0x5673100d1a60_0;
    %store/vec4 v0x5673100d2d20_0, 0, 128;
    %alloc S_0x56730ff9ff80;
    %load/vec4 v0x5673100d2d20_0;
    %load/vec4 v0x5673100cd260_0;
    %store/vec4 v0x56731001cc90_0, 0, 128;
    %store/vec4 v0x56731001cbf0_0, 0, 128;
    %callf/vec4 TD_aes.core.dec_block.addroundkey, S_0x56730ff9ff80;
    %free S_0x56730ff9ff80;
    %store/vec4 v0x5673100d30e0_0, 0, 128;
    %alloc S_0x5673100d5de0;
    %load/vec4 v0x5673100d30e0_0;
    %store/vec4 v0x5673100d5960_0, 0, 128;
    %callf/vec4 TD_aes.core.dec_block.inv_shiftrows, S_0x5673100d5de0;
    %free S_0x5673100d5de0;
    %store/vec4 v0x5673100d2c60_0, 0, 128;
    %load/vec4 v0x5673100d2c60_0;
    %store/vec4 v0x5673100d1b20_0, 0, 128;
    %pushi/vec4 1, 0, 1;
    %store/vec4 v0x5673100d16a0_0, 0, 1;
    %pushi/vec4 1, 0, 1;
    %store/vec4 v0x5673100d0ce0_0, 0, 1;
    %pushi/vec4 1, 0, 1;
    %store/vec4 v0x5673100d0860_0, 0, 1;
    %pushi/vec4 1, 0, 1;
    %store/vec4 v0x5673100d03e0_0, 0, 1;
    %jmp T_28.5;
T_28.1 ;
    %load/vec4 v0x5673100cf700_0;
    %load/vec4 v0x5673100cf700_0;
    %concat/vec4; draw_concat_vec4
    %load/vec4 v0x5673100cf700_0;
    %concat/vec4; draw_concat_vec4
    %load/vec4 v0x5673100cf700_0;
    %concat/vec4; draw_concat_vec4
    %store/vec4 v0x5673100d1b20_0, 0, 128;
    %load/vec4 v0x5673100ccec0_0;
    %dup/vec4;
    %pushi/vec4 0, 0, 2;
    %cmp/u;
    %jmp/1 T_28.6, 6;
    %dup/vec4;
    %pushi/vec4 1, 0, 2;
    %cmp/u;
    %jmp/1 T_28.7, 6;
    %dup/vec4;
    %pushi/vec4 2, 0, 2;
    %cmp/u;
    %jmp/1 T_28.8, 6;
    %dup/vec4;
    %pushi/vec4 3, 0, 2;
    %cmp/u;
    %jmp/1 T_28.9, 6;
    %jmp T_28.10;
T_28.6 ;
    %load/vec4 v0x5673100d15e0_0;
    %store/vec4 v0x5673100cc4e0_0, 0, 32;
    %pushi/vec4 1, 0, 1;
    %store/vec4 v0x5673100d16a0_0, 0, 1;
    %jmp T_28.10;
T_28.7 ;
    %load/vec4 v0x5673100d11d0_0;
    %store/vec4 v0x5673100cc4e0_0, 0, 32;
    %pushi/vec4 1, 0, 1;
    %store/vec4 v0x5673100d0ce0_0, 0, 1;
    %jmp T_28.10;
T_28.8 ;
    %load/vec4 v0x5673100d0da0_0;
    %store/vec4 v0x5673100cc4e0_0, 0, 32;
    %pushi/vec4 1, 0, 1;
    %store/vec4 v0x5673100d0860_0, 0, 1;
    %jmp T_28.10;
T_28.9 ;
    %load/vec4 v0x5673100d0920_0;
    %store/vec4 v0x5673100cc4e0_0, 0, 32;
    %pushi/vec4 1, 0, 1;
    %store/vec4 v0x5673100d03e0_0, 0, 1;
    %jmp T_28.10;
T_28.10 ;
    %pop/vec4 1;
    %jmp T_28.5;
T_28.2 ;
    %alloc S_0x56730ff9ff80;
    %load/vec4 v0x5673100d2d20_0;
    %load/vec4 v0x5673100cd260_0;
    %store/vec4 v0x56731001cc90_0, 0, 128;
    %store/vec4 v0x56731001cbf0_0, 0, 128;
    %callf/vec4 TD_aes.core.dec_block.addroundkey, S_0x56730ff9ff80;
    %free S_0x56730ff9ff80;
    %store/vec4 v0x5673100d30e0_0, 0, 128;
    %alloc S_0x5673100e50e0;
    %load/vec4 v0x5673100d30e0_0;
    %store/vec4 v0x5673100e5640_0, 0, 128;
    %callf/vec4 TD_aes.core.dec_block.inv_mixcolumns, S_0x5673100e50e0;
    %free S_0x5673100e50e0;
    %store/vec4 v0x5673100d31e0_0, 0, 128;
    %alloc S_0x5673100d5de0;
    %load/vec4 v0x5673100d31e0_0;
    %store/vec4 v0x5673100d5960_0, 0, 128;
    %callf/vec4 TD_aes.core.dec_block.inv_shiftrows, S_0x5673100d5de0;
    %free S_0x5673100d5de0;
    %store/vec4 v0x5673100d2c60_0, 0, 128;
    %load/vec4 v0x5673100d2c60_0;
    %store/vec4 v0x5673100d1b20_0, 0, 128;
    %pushi/vec4 1, 0, 1;
    %store/vec4 v0x5673100d16a0_0, 0, 1;
    %pushi/vec4 1, 0, 1;
    %store/vec4 v0x5673100d0ce0_0, 0, 1;
    %pushi/vec4 1, 0, 1;
    %store/vec4 v0x5673100d0860_0, 0, 1;
    %pushi/vec4 1, 0, 1;
    %store/vec4 v0x5673100d03e0_0, 0, 1;
    %jmp T_28.5;
T_28.3 ;
    %alloc S_0x56730ff9ff80;
    %load/vec4 v0x5673100d2d20_0;
    %load/vec4 v0x5673100cd260_0;
    %store/vec4 v0x56731001cc90_0, 0, 128;
    %store/vec4 v0x56731001cbf0_0, 0, 128;
    %callf/vec4 TD_aes.core.dec_block.addroundkey, S_0x56730ff9ff80;
    %free S_0x56730ff9ff80;
    %store/vec4 v0x5673100d1b20_0, 0, 128;
    %pushi/vec4 1, 0, 1;
    %store/vec4 v0x5673100d16a0_0, 0, 1;
    %pushi/vec4 1, 0, 1;
    %store/vec4 v0x5673100d0ce0_0, 0, 1;
    %pushi/vec4 1, 0, 1;
    %store/vec4 v0x5673100d0860_0, 0, 1;
    %pushi/vec4 1, 0, 1;
    %store/vec4 v0x5673100d03e0_0, 0, 1;
    %jmp T_28.5;
T_28.5 ;
    %pop/vec4 1;
    %end;
    .scope S_0x56731007c3c0;
t_16 %join;
    %jmp T_28;
    .thread T_28, $push;
    .scope S_0x56731007c3c0;
T_29 ;
    %wait E_0x5673100a8640;
    %fork t_19, S_0x5673100d27e0;
    %jmp t_18;
    .scope S_0x5673100d27e0;
t_19 ;
    %pushi/vec4 0, 0, 2;
    %store/vec4 v0x5673100ccde0_0, 0, 2;
    %pushi/vec4 0, 0, 1;
    %store/vec4 v0x5673100cca00_0, 0, 1;
    %load/vec4 v0x5673100cc960_0;
    %flag_set/vec4 8;
    %jmp/0xz  T_29.0, 8;
    %pushi/vec4 0, 0, 2;
    %store/vec4 v0x5673100ccde0_0, 0, 2;
    %pushi/vec4 1, 0, 1;
    %store/vec4 v0x5673100cca00_0, 0, 1;
    %jmp T_29.1;
T_29.0 ;
    %load/vec4 v0x5673100cd340_0;
    %flag_set/vec4 8;
    %jmp/0xz  T_29.2, 8;
    %load/vec4 v0x5673100ccec0_0;
    %addi 1, 0, 2;
    %store/vec4 v0x5673100ccde0_0, 0, 2;
    %pushi/vec4 1, 0, 1;
    %store/vec4 v0x5673100cca00_0, 0, 1;
T_29.2 ;
T_29.1 ;
    %end;
    .scope S_0x56731007c3c0;
t_18 %join;
    %jmp T_29;
    .thread T_29, $push;
    .scope S_0x56731007c3c0;
T_30 ;
    %wait E_0x5673100a81c0;
    %fork t_21, S_0x5673100d39e0;
    %jmp t_20;
    .scope S_0x5673100d39e0;
t_21 ;
    %pushi/vec4 0, 0, 4;
    %store/vec4 v0x5673100cdb60_0, 0, 4;
    %pushi/vec4 0, 0, 1;
    %store/vec4 v0x5673100cd780_0, 0, 1;
    %load/vec4 v0x5673100cd6e0_0;
    %flag_set/vec4 8;
    %jmp/0xz  T_30.0, 8;
    %load/vec4 v0x5673100cfba0_0;
    %cmpi/e 1, 0, 1;
    %jmp/0xz  T_30.2, 4;
    %pushi/vec4 14, 0, 4;
    %store/vec4 v0x5673100cdb60_0, 0, 4;
    %jmp T_30.3;
T_30.2 ;
    %pushi/vec4 10, 0, 4;
    %store/vec4 v0x5673100cdb60_0, 0, 4;
T_30.3 ;
    %pushi/vec4 1, 0, 1;
    %store/vec4 v0x5673100cd780_0, 0, 1;
    %jmp T_30.1;
T_30.0 ;
    %load/vec4 v0x5673100ce0c0_0;
    %flag_set/vec4 8;
    %jmp/0xz  T_30.4, 8;
    %load/vec4 v0x5673100cdc40_0;
    %subi 1, 0, 4;
    %store/vec4 v0x5673100cdb60_0, 0, 4;
    %pushi/vec4 1, 0, 1;
    %store/vec4 v0x5673100cd780_0, 0, 1;
T_30.4 ;
T_30.1 ;
    %end;
    .scope S_0x56731007c3c0;
t_20 %join;
    %jmp T_30;
    .thread T_30, $push;
    .scope S_0x56731007c3c0;
T_31 ;
    %wait E_0x56731008a620;
    %fork t_23, S_0x5673100d1ee0;
    %jmp t_22;
    .scope S_0x5673100d1ee0;
t_23 ;
    %load/vec4 v0x5673100cc060_0;
    %store/vec4 v0x5673100cc5a0_0, 0, 10;
    %pushi/vec4 0, 0, 1;
    %store/vec4 v0x5673100cc120_0, 0, 1;
    %load/vec4 v0x5673100cbc80_0;
    %store/vec4 v0x5673100cbbe0_0, 0, 1;
    %pushi/vec4 0, 0, 1;
    %store/vec4 v0x5673100cb760_0, 0, 1;
    %load/vec4 v0x5673100ced60_0;
    %pushi/vec4 1, 0, 1;
    %cmp/e;
    %flag_get/vec4 4;
    %load/vec4 v0x5673100ce9a0_0;
    %pushi/vec4 1, 0, 1;
    %cmp/e;
    %flag_get/vec4 4;
    %and;
    %load/vec4 v0x5673100cbc80_0;
    %pushi/vec4 0, 0, 1;
    %cmp/e;
    %flag_get/vec4 4;
    %and;
    %flag_set/vec4 8;
    %jmp/0xz  T_31.0, 8;
    %load/vec4 v0x5673100cc060_0;
    %cmpi/u 862, 0, 10;
    %jmp/0xz  T_31.2, 5;
    %load/vec4 v0x5673100cc060_0;
    %addi 1, 0, 10;
    %store/vec4 v0x5673100cc5a0_0, 0, 10;
    %pushi/vec4 1, 0, 1;
    %store/vec4 v0x5673100cc120_0, 0, 1;
    %load/vec4 v0x5673100cc060_0;
    %addi 1, 0, 10;
    %cmpi/e 862, 0, 10;
    %jmp/0xz  T_31.4, 4;
    %pushi/vec4 1, 0, 1;
    %store/vec4 v0x5673100cbbe0_0, 0, 1;
    %pushi/vec4 1, 0, 1;
    %store/vec4 v0x5673100cb760_0, 0, 1;
T_31.4 ;
    %jmp T_31.3;
T_31.2 ;
    %load/vec4 v0x5673100cc060_0;
    %store/vec4 v0x5673100cc5a0_0, 0, 10;
    %pushi/vec4 0, 0, 1;
    %store/vec4 v0x5673100cc120_0, 0, 1;
    %pushi/vec4 1, 0, 1;
    %store/vec4 v0x5673100cbbe0_0, 0, 1;
    %pushi/vec4 1, 0, 1;
    %store/vec4 v0x5673100cb760_0, 0, 1;
T_31.3 ;
T_31.0 ;
    %end;
    .scope S_0x56731007c3c0;
t_22 %join;
    %jmp T_31;
    .thread T_31, $push;
    .scope S_0x56731007c3c0;
T_32 ;
    %wait E_0x5673100f3880;
    %fork t_25, S_0x5673100ea660;
    %jmp t_24;
    .scope S_0x5673100ea660;
t_25 ;
    %pushi/vec4 0, 0, 1;
    %store/vec4 v0x5673100cd340_0, 0, 1;
    %pushi/vec4 0, 0, 1;
    %store/vec4 v0x5673100cc960_0, 0, 1;
    %pushi/vec4 0, 0, 1;
    %store/vec4 v0x5673100ce0c0_0, 0, 1;
    %pushi/vec4 0, 0, 1;
    %store/vec4 v0x5673100cd6e0_0, 0, 1;
    %pushi/vec4 0, 0, 1;
    %store/vec4 v0x5673100ce8e0_0, 0, 1;
    %pushi/vec4 0, 0, 1;
    %store/vec4 v0x5673100ce460_0, 0, 1;
    %pushi/vec4 0, 0, 3;
    %store/vec4 v0x5673100cb820_0, 0, 3;
    %pushi/vec4 0, 0, 2;
    %store/vec4 v0x5673100cff60_0, 0, 2;
    %pushi/vec4 0, 0, 1;
    %store/vec4 v0x5673100cfae0_0, 0, 1;
    %load/vec4 v0x5673100d0020_0;
    %dup/vec4;
    %pushi/vec4 0, 0, 2;
    %cmp/u;
    %jmp/1 T_32.0, 6;
    %dup/vec4;
    %pushi/vec4 1, 0, 2;
    %cmp/u;
    %jmp/1 T_32.1, 6;
    %dup/vec4;
    %pushi/vec4 2, 0, 2;
    %cmp/u;
    %jmp/1 T_32.2, 6;
    %dup/vec4;
    %pushi/vec4 3, 0, 2;
    %cmp/u;
    %jmp/1 T_32.3, 6;
    %jmp T_32.5;
T_32.0 ;
    %load/vec4 v0x5673100ced60_0;
    %load/vec4 v0x5673100cbc80_0;
    %pushi/vec4 0, 0, 1;
    %cmp/e;
    %flag_get/vec4 4;
    %and;
    %flag_set/vec4 8;
    %jmp/0xz  T_32.6, 8;
    %pushi/vec4 1, 0, 1;
    %store/vec4 v0x5673100cd6e0_0, 0, 1;
    %pushi/vec4 0, 0, 1;
    %store/vec4 v0x5673100ce8e0_0, 0, 1;
    %pushi/vec4 1, 0, 1;
    %store/vec4 v0x5673100ce460_0, 0, 1;
    %pushi/vec4 1, 0, 2;
    %store/vec4 v0x5673100cff60_0, 0, 2;
    %pushi/vec4 1, 0, 1;
    %store/vec4 v0x5673100cfae0_0, 0, 1;
T_32.6 ;
    %jmp T_32.5;
T_32.1 ;
    %pushi/vec4 1, 0, 1;
    %store/vec4 v0x5673100cc960_0, 0, 1;
    %pushi/vec4 1, 0, 3;
    %store/vec4 v0x5673100cb820_0, 0, 3;
    %pushi/vec4 2, 0, 2;
    %store/vec4 v0x5673100cff60_0, 0, 2;
    %pushi/vec4 1, 0, 1;
    %store/vec4 v0x5673100cfae0_0, 0, 1;
    %jmp T_32.5;
T_32.2 ;
    %pushi/vec4 1, 0, 1;
    %store/vec4 v0x5673100cd340_0, 0, 1;
    %pushi/vec4 2, 0, 3;
    %store/vec4 v0x5673100cb820_0, 0, 3;
    %load/vec4 v0x5673100ccec0_0;
    %cmpi/e 3, 0, 2;
    %jmp/0xz  T_32.8, 4;
    %pushi/vec4 1, 0, 1;
    %store/vec4 v0x5673100ce0c0_0, 0, 1;
    %pushi/vec4 3, 0, 2;
    %store/vec4 v0x5673100cff60_0, 0, 2;
    %pushi/vec4 1, 0, 1;
    %store/vec4 v0x5673100cfae0_0, 0, 1;
T_32.8 ;
    %jmp T_32.5;
T_32.3 ;
    %pushi/vec4 1, 0, 1;
    %store/vec4 v0x5673100cc960_0, 0, 1;
    %load/vec4 v0x5673100cdc40_0;
    %pad/u 32;
    %cmpi/u 0, 0, 32;
    %flag_or 5, 4; GT is !LE
    %flag_inv 5;
    %jmp/0xz  T_32.10, 5;
    %pushi/vec4 3, 0, 3;
    %store/vec4 v0x5673100cb820_0, 0, 3;
    %pushi/vec4 2, 0, 2;
    %store/vec4 v0x5673100cff60_0, 0, 2;
    %pushi/vec4 1, 0, 1;
    %store/vec4 v0x5673100cfae0_0, 0, 1;
    %jmp T_32.11;
T_32.10 ;
    %pushi/vec4 4, 0, 3;
    %store/vec4 v0x5673100cb820_0, 0, 3;
    %pushi/vec4 1, 0, 1;
    %store/vec4 v0x5673100ce8e0_0, 0, 1;
    %pushi/vec4 1, 0, 1;
    %store/vec4 v0x5673100ce460_0, 0, 1;
    %pushi/vec4 0, 0, 2;
    %store/vec4 v0x5673100cff60_0, 0, 2;
    %pushi/vec4 1, 0, 1;
    %store/vec4 v0x5673100cfae0_0, 0, 1;
T_32.11 ;
    %jmp T_32.5;
T_32.5 ;
    %pop/vec4 1;
    %end;
    .scope S_0x56731007c3c0;
t_24 %join;
    %jmp T_32;
    .thread T_32, $push;
    .scope S_0x5673100b77e0;
T_33 ;
    %wait E_0x5673100190e0;
    %fork t_27, S_0x5673100b4660;
    %jmp t_26;
    .scope S_0x5673100b4660;
t_27 ;
    %load/vec4 v0x567310079600_0;
    %nor/r;
    %flag_set/vec4 8;
    %jmp/0xz  T_33.0, 8;
    %pushi/vec4 0, 0, 32;
    %store/vec4 v0x5673100b4230_0, 0, 32;
T_33.2 ;
    %load/vec4 v0x5673100b4230_0;
    %cmpi/s 14, 0, 32;
    %flag_or 5, 4;
    %jmp/0xz T_33.3, 5;
    %pushi/vec4 0, 0, 128;
    %ix/getv/s 3, v0x5673100b4230_0;
    %ix/load 4, 0, 0; Constant delay
    %assign/vec4/a/d v0x5673100af9e0, 0, 4;
    %load/vec4 v0x5673100b4230_0;
    %addi 1, 0, 32;
    %store/vec4 v0x5673100b4230_0, 0, 32;
    %jmp T_33.2;
T_33.3 ;
    %pushi/vec4 0, 0, 1;
    %assign/vec4 v0x567310079a60_0, 0;
    %pushi/vec4 0, 0, 8;
    %assign/vec4 v0x56731007a2c0_0, 0;
    %pushi/vec4 0, 0, 4;
    %assign/vec4 v0x5673100787c0_0, 0;
    %pushi/vec4 0, 0, 128;
    %assign/vec4 v0x5673100ae420_0, 0;
    %pushi/vec4 0, 0, 128;
    %assign/vec4 v0x56730ff9d580_0, 0;
    %pushi/vec4 0, 0, 3;
    %assign/vec4 v0x5673100af660_0, 0;
    %pushi/vec4 0, 0, 16;
    %assign/vec4 v0x567310077b20_0, 0;
    %pushi/vec4 0, 0, 1;
    %assign/vec4 v0x567310077200_0, 0;
    %jmp T_33.1;
T_33.0 ;
    %load/vec4 v0x567310079540_0;
    %flag_set/vec4 8;
    %jmp/0xz  T_33.4, 8;
    %load/vec4 v0x5673100799c0_0;
    %assign/vec4 v0x567310079a60_0, 0;
T_33.4 ;
    %load/vec4 v0x567310079e40_0;
    %flag_set/vec4 8;
    %jmp/0xz  T_33.6, 8;
    %load/vec4 v0x56731007a740_0;
    %assign/vec4 v0x56731007a2c0_0, 0;
T_33.6 ;
    %load/vec4 v0x56730fe72490_0;
    %flag_set/vec4 8;
    %jmp/0xz  T_33.8, 8;
    %load/vec4 v0x567310078d00_0;
    %assign/vec4 v0x5673100787c0_0, 0;
T_33.8 ;
    %load/vec4 v0x5673100aed30_0;
    %flag_set/vec4 8;
    %jmp/0xz  T_33.10, 8;
    %load/vec4 v0x5673100af1e0_0;
    %load/vec4 v0x5673100787c0_0;
    %pad/u 6;
    %ix/vec4 3;
    %ix/load 4, 0, 0; Constant delay
    %assign/vec4/a/d v0x5673100af9e0, 0, 4;
T_33.10 ;
    %load/vec4 v0x56730ff9e930_0;
    %flag_set/vec4 8;
    %jmp/0xz  T_33.12, 8;
    %load/vec4 v0x5673100ae360_0;
    %assign/vec4 v0x5673100ae420_0, 0;
T_33.12 ;
    %load/vec4 v0x56730ff9d660_0;
    %flag_set/vec4 8;
    %jmp/0xz  T_33.14, 8;
    %load/vec4 v0x56730ff9e9f0_0;
    %assign/vec4 v0x56730ff9d580_0, 0;
T_33.14 ;
    %load/vec4 v0x5673100af120_0;
    %flag_set/vec4 8;
    %jmp/0xz  T_33.16, 8;
    %load/vec4 v0x5673100af580_0;
    %assign/vec4 v0x5673100af660_0, 0;
T_33.16 ;
    %load/vec4 v0x567310077660_0;
    %flag_set/vec4 8;
    %jmp/0xz  T_33.18, 8;
    %load/vec4 v0x567310077a40_0;
    %assign/vec4 v0x567310077b20_0, 0;
T_33.18 ;
    %load/vec4 v0x567310076cc0_0;
    %flag_set/vec4 8;
    %jmp/0xz  T_33.20, 8;
    %load/vec4 v0x567310077140_0;
    %assign/vec4 v0x567310077200_0, 0;
T_33.20 ;
T_33.1 ;
    %end;
    .scope S_0x5673100b77e0;
t_26 %join;
    %jmp T_33;
    .thread T_33;
    .scope S_0x5673100b77e0;
T_34 ;
    %wait E_0x5673100b6270;
    %fork t_29, S_0x5673100b53e0;
    %jmp t_28;
    .scope S_0x5673100b53e0;
t_29 ;
    %load/vec4 v0x567310079110_0;
    %pad/u 6;
    %ix/vec4 4;
    %load/vec4a v0x5673100af9e0, 4;
    %store/vec4 v0x567310078400_0, 0, 128;
    %end;
    .scope S_0x5673100b77e0;
t_28 %join;
    %jmp T_34;
    .thread T_34, $push;
    .scope S_0x5673100b77e0;
T_35 ;
    %wait E_0x5673100b6160;
    %fork t_31, S_0x5673100b3460;
    %jmp t_30;
    .scope S_0x5673100b3460;
t_31 ;
    %pushi/vec4 0, 0, 128;
    %store/vec4 v0x5673100af1e0_0, 0, 128;
    %pushi/vec4 0, 0, 1;
    %store/vec4 v0x5673100aed30_0, 0, 1;
    %pushi/vec4 0, 0, 128;
    %store/vec4 v0x5673100ae360_0, 0, 128;
    %pushi/vec4 0, 0, 1;
    %store/vec4 v0x56730ff9e930_0, 0, 1;
    %pushi/vec4 0, 0, 128;
    %store/vec4 v0x56730ff9e9f0_0, 0, 128;
    %pushi/vec4 0, 0, 1;
    %store/vec4 v0x56730ff9d660_0, 0, 1;
    %pushi/vec4 0, 0, 32;
    %store/vec4 v0x5673100b3980_0, 0, 32;
    %pushi/vec4 0, 0, 32;
    %store/vec4 v0x5673100b2fe0_0, 0, 32;
    %pushi/vec4 0, 0, 32;
    %store/vec4 v0x5673100b30c0_0, 0, 32;
    %pushi/vec4 0, 0, 32;
    %store/vec4 v0x5673100b2b60_0, 0, 32;
    %pushi/vec4 1, 0, 1;
    %store/vec4 v0x56731007a3a0_0, 0, 1;
    %pushi/vec4 0, 0, 1;
    %store/vec4 v0x56731007a820_0, 0, 1;
    %load/vec4 v0x5673100ae420_0;
    %parti/s 32, 96, 8;
    %store/vec4 v0x5673100b1de0_0, 0, 32;
    %load/vec4 v0x5673100ae420_0;
    %parti/s 32, 64, 8;
    %store/vec4 v0x5673100b1ea0_0, 0, 32;
    %load/vec4 v0x5673100ae420_0;
    %parti/s 32, 32, 7;
    %store/vec4 v0x5673100b1960_0, 0, 32;
    %load/vec4 v0x5673100ae420_0;
    %parti/s 32, 0, 2;
    %store/vec4 v0x5673100b1a40_0, 0, 32;
    %load/vec4 v0x56730ff9d580_0;
    %parti/s 32, 96, 8;
    %store/vec4 v0x5673100b14e0_0, 0, 32;
    %load/vec4 v0x56730ff9d580_0;
    %parti/s 32, 64, 8;
    %store/vec4 v0x5673100b15c0_0, 0, 32;
    %load/vec4 v0x56730ff9d580_0;
    %parti/s 32, 32, 7;
    %store/vec4 v0x5673100b1060_0, 0, 32;
    %load/vec4 v0x56730ff9d580_0;
    %parti/s 32, 0, 2;
    %store/vec4 v0x5673100b1140_0, 0, 32;
    %load/vec4 v0x56731007a2c0_0;
    %concati/vec4 0, 0, 24;
    %store/vec4 v0x5673100b2c40_0, 0, 32;
    %load/vec4 v0x5673100b1140_0;
    %store/vec4 v0x567310077ec0_0, 0, 32;
    %load/vec4 v0x5673100ae880_0;
    %parti/s 24, 0, 2;
    %load/vec4 v0x5673100ae880_0;
    %parti/s 8, 24, 6;
    %concat/vec4; draw_concat_vec4
    %store/vec4 v0x5673100b2750_0, 0, 32;
    %load/vec4 v0x5673100b2750_0;
    %load/vec4 v0x5673100b2c40_0;
    %xor;
    %store/vec4 v0x5673100b2260_0, 0, 32;
    %load/vec4 v0x5673100ae880_0;
    %store/vec4 v0x5673100b2340_0, 0, 32;
    %load/vec4 v0x56730fe72660_0;
    %flag_set/vec4 8;
    %jmp/0xz  T_35.0, 8;
    %pushi/vec4 0, 0, 1;
    %store/vec4 v0x56731007a3a0_0, 0, 1;
    %pushi/vec4 1, 0, 1;
    %store/vec4 v0x5673100aed30_0, 0, 1;
    %load/vec4 v0x5673100ae7e0_0;
    %dup/vec4;
    %pushi/vec4 0, 0, 1;
    %cmp/u;
    %jmp/1 T_35.2, 6;
    %dup/vec4;
    %pushi/vec4 1, 0, 1;
    %cmp/u;
    %jmp/1 T_35.3, 6;
    %jmp T_35.5;
T_35.2 ;
    %load/vec4 v0x5673100787c0_0;
    %pad/u 32;
    %cmpi/e 0, 0, 32;
    %jmp/0xz  T_35.6, 4;
    %load/vec4 v0x5673100aff00_0;
    %parti/s 128, 128, 9;
    %store/vec4 v0x5673100af1e0_0, 0, 128;
    %load/vec4 v0x5673100aff00_0;
    %parti/s 128, 128, 9;
    %store/vec4 v0x56730ff9e9f0_0, 0, 128;
    %pushi/vec4 1, 0, 1;
    %store/vec4 v0x56730ff9d660_0, 0, 1;
    %pushi/vec4 1, 0, 1;
    %store/vec4 v0x56731007a820_0, 0, 1;
    %jmp T_35.7;
T_35.6 ;
    %load/vec4 v0x5673100b14e0_0;
    %load/vec4 v0x5673100b2260_0;
    %xor;
    %store/vec4 v0x5673100b3980_0, 0, 32;
    %load/vec4 v0x5673100b15c0_0;
    %load/vec4 v0x5673100b14e0_0;
    %xor;
    %load/vec4 v0x5673100b2260_0;
    %xor;
    %store/vec4 v0x5673100b2fe0_0, 0, 32;
    %load/vec4 v0x5673100b1060_0;
    %load/vec4 v0x5673100b15c0_0;
    %xor;
    %load/vec4 v0x5673100b14e0_0;
    %xor;
    %load/vec4 v0x5673100b2260_0;
    %xor;
    %store/vec4 v0x5673100b30c0_0, 0, 32;
    %load/vec4 v0x5673100b1140_0;
    %load/vec4 v0x5673100b1060_0;
    %xor;
    %load/vec4 v0x5673100b15c0_0;
    %xor;
    %load/vec4 v0x5673100b14e0_0;
    %xor;
    %load/vec4 v0x5673100b2260_0;
    %xor;
    %store/vec4 v0x5673100b2b60_0, 0, 32;
    %load/vec4 v0x5673100b3980_0;
    %load/vec4 v0x5673100b2fe0_0;
    %concat/vec4; draw_concat_vec4
    %load/vec4 v0x5673100b30c0_0;
    %concat/vec4; draw_concat_vec4
    %load/vec4 v0x5673100b2b60_0;
    %concat/vec4; draw_concat_vec4
    %store/vec4 v0x5673100af1e0_0, 0, 128;
    %load/vec4 v0x5673100b3980_0;
    %load/vec4 v0x5673100b2fe0_0;
    %concat/vec4; draw_concat_vec4
    %load/vec4 v0x5673100b30c0_0;
    %concat/vec4; draw_concat_vec4
    %load/vec4 v0x5673100b2b60_0;
    %concat/vec4; draw_concat_vec4
    %store/vec4 v0x56730ff9e9f0_0, 0, 128;
    %pushi/vec4 1, 0, 1;
    %store/vec4 v0x56730ff9d660_0, 0, 1;
    %pushi/vec4 1, 0, 1;
    %store/vec4 v0x56731007a820_0, 0, 1;
T_35.7 ;
    %jmp T_35.5;
T_35.3 ;
    %load/vec4 v0x5673100787c0_0;
    %pad/u 32;
    %cmpi/e 0, 0, 32;
    %jmp/0xz  T_35.8, 4;
    %load/vec4 v0x5673100aff00_0;
    %parti/s 128, 128, 9;
    %store/vec4 v0x5673100af1e0_0, 0, 128;
    %load/vec4 v0x5673100aff00_0;
    %parti/s 128, 128, 9;
    %store/vec4 v0x5673100ae360_0, 0, 128;
    %pushi/vec4 1, 0, 1;
    %store/vec4 v0x56730ff9e930_0, 0, 1;
    %jmp T_35.9;
T_35.8 ;
    %load/vec4 v0x5673100787c0_0;
    %pad/u 32;
    %cmpi/e 1, 0, 32;
    %jmp/0xz  T_35.10, 4;
    %load/vec4 v0x5673100aff00_0;
    %parti/s 128, 0, 2;
    %store/vec4 v0x5673100af1e0_0, 0, 128;
    %load/vec4 v0x5673100aff00_0;
    %parti/s 128, 0, 2;
    %store/vec4 v0x56730ff9e9f0_0, 0, 128;
    %pushi/vec4 1, 0, 1;
    %store/vec4 v0x56730ff9d660_0, 0, 1;
    %pushi/vec4 1, 0, 1;
    %store/vec4 v0x56731007a820_0, 0, 1;
    %jmp T_35.11;
T_35.10 ;
    %load/vec4 v0x5673100787c0_0;
    %parti/s 1, 0, 2;
    %pad/u 32;
    %cmpi/e 0, 0, 32;
    %jmp/0xz  T_35.12, 4;
    %load/vec4 v0x5673100b1de0_0;
    %load/vec4 v0x5673100b2260_0;
    %xor;
    %store/vec4 v0x5673100b3980_0, 0, 32;
    %load/vec4 v0x5673100b1ea0_0;
    %load/vec4 v0x5673100b1de0_0;
    %xor;
    %load/vec4 v0x5673100b2260_0;
    %xor;
    %store/vec4 v0x5673100b2fe0_0, 0, 32;
    %load/vec4 v0x5673100b1960_0;
    %load/vec4 v0x5673100b1ea0_0;
    %xor;
    %load/vec4 v0x5673100b1de0_0;
    %xor;
    %load/vec4 v0x5673100b2260_0;
    %xor;
    %store/vec4 v0x5673100b30c0_0, 0, 32;
    %load/vec4 v0x5673100b1a40_0;
    %load/vec4 v0x5673100b1960_0;
    %xor;
    %load/vec4 v0x5673100b1ea0_0;
    %xor;
    %load/vec4 v0x5673100b1de0_0;
    %xor;
    %load/vec4 v0x5673100b2260_0;
    %xor;
    %store/vec4 v0x5673100b2b60_0, 0, 32;
    %jmp T_35.13;
T_35.12 ;
    %load/vec4 v0x5673100b1de0_0;
    %load/vec4 v0x5673100b2340_0;
    %xor;
    %store/vec4 v0x5673100b3980_0, 0, 32;
    %load/vec4 v0x5673100b1ea0_0;
    %load/vec4 v0x5673100b1de0_0;
    %xor;
    %load/vec4 v0x5673100b2340_0;
    %xor;
    %store/vec4 v0x5673100b2fe0_0, 0, 32;
    %load/vec4 v0x5673100b1960_0;
    %load/vec4 v0x5673100b1ea0_0;
    %xor;
    %load/vec4 v0x5673100b1de0_0;
    %xor;
    %load/vec4 v0x5673100b2340_0;
    %xor;
    %store/vec4 v0x5673100b30c0_0, 0, 32;
    %load/vec4 v0x5673100b1a40_0;
    %load/vec4 v0x5673100b1960_0;
    %xor;
    %load/vec4 v0x5673100b1ea0_0;
    %xor;
    %load/vec4 v0x5673100b1de0_0;
    %xor;
    %load/vec4 v0x5673100b2340_0;
    %xor;
    %store/vec4 v0x5673100b2b60_0, 0, 32;
    %pushi/vec4 1, 0, 1;
    %store/vec4 v0x56731007a820_0, 0, 1;
T_35.13 ;
    %load/vec4 v0x5673100b3980_0;
    %load/vec4 v0x5673100b2fe0_0;
    %concat/vec4; draw_concat_vec4
    %load/vec4 v0x5673100b30c0_0;
    %concat/vec4; draw_concat_vec4
    %load/vec4 v0x5673100b2b60_0;
    %concat/vec4; draw_concat_vec4
    %store/vec4 v0x5673100af1e0_0, 0, 128;
    %load/vec4 v0x5673100b3980_0;
    %load/vec4 v0x5673100b2fe0_0;
    %concat/vec4; draw_concat_vec4
    %load/vec4 v0x5673100b30c0_0;
    %concat/vec4; draw_concat_vec4
    %load/vec4 v0x5673100b2b60_0;
    %concat/vec4; draw_concat_vec4
    %store/vec4 v0x56730ff9e9f0_0, 0, 128;
    %pushi/vec4 1, 0, 1;
    %store/vec4 v0x56730ff9d660_0, 0, 1;
    %load/vec4 v0x56730ff9d580_0;
    %store/vec4 v0x5673100ae360_0, 0, 128;
    %pushi/vec4 1, 0, 1;
    %store/vec4 v0x56730ff9e930_0, 0, 1;
T_35.11 ;
T_35.9 ;
    %jmp T_35.5;
T_35.5 ;
    %pop/vec4 1;
T_35.0 ;
    %end;
    .scope S_0x5673100b77e0;
t_30 %join;
    %jmp T_35;
    .thread T_35, $push;
    .scope S_0x5673100b77e0;
T_36 ;
    %wait E_0x5673100b66c0;
    %fork t_33, S_0x5673100b4ae0;
    %jmp t_32;
    .scope S_0x5673100b4ae0;
t_33 ;
    %pushi/vec4 0, 0, 8;
    %store/vec4 v0x56731007a740_0, 0, 8;
    %pushi/vec4 0, 0, 1;
    %store/vec4 v0x567310079e40_0, 0, 1;
    %load/vec4 v0x56731007a2c0_0;
    %parti/s 7, 0, 2;
    %concati/vec4 0, 0, 1;
    %pushi/vec4 27, 0, 8;
    %load/vec4 v0x56731007a2c0_0;
    %parti/s 1, 7, 4;
    %replicate 8;
    %and;
    %xor;
    %store/vec4 v0x5673100b5020_0, 0, 8;
    %load/vec4 v0x56731007a3a0_0;
    %flag_set/vec4 8;
    %jmp/0xz  T_36.0, 8;
    %pushi/vec4 141, 0, 8;
    %store/vec4 v0x56731007a740_0, 0, 8;
    %pushi/vec4 1, 0, 1;
    %store/vec4 v0x567310079e40_0, 0, 1;
T_36.0 ;
    %load/vec4 v0x56731007a820_0;
    %flag_set/vec4 8;
    %jmp/0xz  T_36.2, 8;
    %load/vec4 v0x5673100b5020_0;
    %store/vec4 v0x56731007a740_0, 0, 8;
    %pushi/vec4 1, 0, 1;
    %store/vec4 v0x567310079e40_0, 0, 1;
T_36.2 ;
    %end;
    .scope S_0x5673100b77e0;
t_32 %join;
    %jmp T_36;
    .thread T_36, $push;
    .scope S_0x5673100b77e0;
T_37 ;
    %wait E_0x5673100b6660;
    %fork t_35, S_0x5673100b3d60;
    %jmp t_34;
    .scope S_0x5673100b3d60;
t_35 ;
    %pushi/vec4 0, 0, 4;
    %store/vec4 v0x567310078d00_0, 0, 4;
    %pushi/vec4 0, 0, 1;
    %store/vec4 v0x56730fe72490_0, 0, 1;
    %load/vec4 v0x5673100788a0_0;
    %flag_set/vec4 8;
    %jmp/0xz  T_37.0, 8;
    %pushi/vec4 0, 0, 4;
    %store/vec4 v0x567310078d00_0, 0, 4;
    %pushi/vec4 1, 0, 1;
    %store/vec4 v0x56730fe72490_0, 0, 1;
    %jmp T_37.1;
T_37.0 ;
    %load/vec4 v0x567310078c40_0;
    %flag_set/vec4 8;
    %jmp/0xz  T_37.2, 8;
    %load/vec4 v0x5673100787c0_0;
    %addi 1, 0, 4;
    %store/vec4 v0x567310078d00_0, 0, 4;
    %pushi/vec4 1, 0, 1;
    %store/vec4 v0x56730fe72490_0, 0, 1;
T_37.2 ;
T_37.1 ;
    %end;
    .scope S_0x5673100b77e0;
t_34 %join;
    %jmp T_37;
    .thread T_37, $push;
    .scope S_0x5673100b77e0;
T_38 ;
    %wait E_0x5673100b6620;
    %fork t_37, S_0x5673100b0760;
    %jmp t_36;
    .scope S_0x5673100b0760;
t_37 ;
    %load/vec4 v0x567310077b20_0;
    %store/vec4 v0x567310077a40_0, 0, 16;
    %pushi/vec4 0, 0, 1;
    %store/vec4 v0x567310077660_0, 0, 1;
    %pushi/vec4 0, 0, 1;
    %store/vec4 v0x567310077fa0_0, 0, 1;
    %pushi/vec4 0, 0, 1;
    %store/vec4 v0x5673100775c0_0, 0, 1;
    %load/vec4 v0x567310077200_0;
    %store/vec4 v0x567310077140_0, 0, 1;
    %pushi/vec4 0, 0, 1;
    %store/vec4 v0x567310076cc0_0, 0, 1;
    %load/vec4 v0x567310077200_0;
    %nor/r;
    %flag_set/vec4 8;
    %jmp/0xz  T_38.0, 8;
    %load/vec4 v0x5673100af660_0;
    %pushi/vec4 3, 0, 3;
    %cmp/e;
    %flag_get/vec4 4;
    %load/vec4 v0x567310079a60_0;
    %pushi/vec4 0, 0, 1;
    %cmp/e;
    %flag_get/vec4 4;
    %and;
    %flag_set/vec4 8;
    %jmp/0xz  T_38.2, 8;
    %load/vec4 v0x567310077b20_0;
    %addi 1, 0, 16;
    %store/vec4 v0x567310077a40_0, 0, 16;
    %pushi/vec4 1, 0, 1;
    %store/vec4 v0x567310077660_0, 0, 1;
    %pushi/vec4 1, 0, 1;
    %store/vec4 v0x567310077fa0_0, 0, 1;
T_38.2 ;
T_38.0 ;
    %load/vec4 v0x567310079600_0;
    %nor/r;
    %flag_set/vec4 8;
    %jmp/0xz  T_38.4, 8;
    %pushi/vec4 0, 0, 16;
    %store/vec4 v0x567310077a40_0, 0, 16;
    %pushi/vec4 1, 0, 1;
    %store/vec4 v0x567310077660_0, 0, 1;
    %pushi/vec4 0, 0, 1;
    %store/vec4 v0x567310077140_0, 0, 1;
    %pushi/vec4 1, 0, 1;
    %store/vec4 v0x567310076cc0_0, 0, 1;
T_38.4 ;
    %pushi/vec4 862, 0, 16;
    %load/vec4 v0x567310077b20_0;
    %cmp/u;
    %flag_get/vec4 4;
    %flag_get/vec4 5;
    %or;
    %load/vec4 v0x567310077200_0;
    %inv;
    %and;
    %flag_set/vec4 8;
    %jmp/0xz  T_38.6, 8;
    %pushi/vec4 1, 0, 1;
    %store/vec4 v0x567310077140_0, 0, 1;
    %pushi/vec4 1, 0, 1;
    %store/vec4 v0x567310076cc0_0, 0, 1;
T_38.6 ;
    %load/vec4 v0x567310079600_0;
    %nor/r;
    %flag_set/vec4 8;
    %jmp/0xz  T_38.8, 8;
    %pushi/vec4 0, 0, 1;
    %store/vec4 v0x567310077140_0, 0, 1;
    %pushi/vec4 1, 0, 1;
    %store/vec4 v0x567310076cc0_0, 0, 1;
T_38.8 ;
    %end;
    .scope S_0x5673100b77e0;
t_36 %join;
    %jmp T_38;
    .thread T_38, $push;
    .scope S_0x5673100b77e0;
T_39 ;
    %wait E_0x5673100b74c0;
    %fork t_39, S_0x5673100b5860;
    %jmp t_38;
    .scope S_0x5673100b5860;
t_39 ;
    %pushi/vec4 0, 0, 1;
    %store/vec4 v0x5673100799c0_0, 0, 1;
    %pushi/vec4 0, 0, 1;
    %store/vec4 v0x567310079540_0, 0, 1;
    %pushi/vec4 0, 0, 1;
    %store/vec4 v0x56730fe72660_0, 0, 1;
    %pushi/vec4 0, 0, 1;
    %store/vec4 v0x5673100788a0_0, 0, 1;
    %pushi/vec4 0, 0, 1;
    %store/vec4 v0x567310078c40_0, 0, 1;
    %pushi/vec4 0, 0, 3;
    %store/vec4 v0x5673100af580_0, 0, 3;
    %pushi/vec4 0, 0, 1;
    %store/vec4 v0x5673100af120_0, 0, 1;
    %load/vec4 v0x5673100ae7e0_0;
    %cmpi/e 0, 0, 1;
    %jmp/0xz  T_39.0, 4;
    %pushi/vec4 10, 0, 4;
    %store/vec4 v0x5673100b5d70_0, 0, 4;
    %jmp T_39.1;
T_39.0 ;
    %pushi/vec4 14, 0, 4;
    %store/vec4 v0x5673100b5d70_0, 0, 4;
T_39.1 ;
    %load/vec4 v0x567310077200_0;
    %flag_set/vec4 8;
    %jmp/0xz  T_39.2, 8;
    %pushi/vec4 0, 0, 1;
    %store/vec4 v0x5673100799c0_0, 0, 1;
    %pushi/vec4 1, 0, 1;
    %store/vec4 v0x567310079540_0, 0, 1;
    %pushi/vec4 0, 0, 1;
    %store/vec4 v0x56730fe72660_0, 0, 1;
    %pushi/vec4 0, 0, 1;
    %store/vec4 v0x5673100788a0_0, 0, 1;
    %pushi/vec4 0, 0, 1;
    %store/vec4 v0x567310078c40_0, 0, 1;
    %pushi/vec4 0, 0, 3;
    %store/vec4 v0x5673100af580_0, 0, 3;
    %pushi/vec4 1, 0, 1;
    %store/vec4 v0x5673100af120_0, 0, 1;
    %jmp T_39.3;
T_39.2 ;
    %load/vec4 v0x5673100af660_0;
    %dup/vec4;
    %pushi/vec4 0, 0, 3;
    %cmp/u;
    %jmp/1 T_39.4, 6;
    %dup/vec4;
    %pushi/vec4 1, 0, 3;
    %cmp/u;
    %jmp/1 T_39.5, 6;
    %dup/vec4;
    %pushi/vec4 2, 0, 3;
    %cmp/u;
    %jmp/1 T_39.6, 6;
    %dup/vec4;
    %pushi/vec4 3, 0, 3;
    %cmp/u;
    %jmp/1 T_39.7, 6;
    %jmp T_39.9;
T_39.4 ;
    %load/vec4 v0x5673100afe60_0;
    %flag_set/vec4 8;
    %jmp/0xz  T_39.10, 8;
    %pushi/vec4 0, 0, 1;
    %store/vec4 v0x5673100799c0_0, 0, 1;
    %pushi/vec4 1, 0, 1;
    %store/vec4 v0x567310079540_0, 0, 1;
    %pushi/vec4 1, 0, 3;
    %store/vec4 v0x5673100af580_0, 0, 3;
    %pushi/vec4 1, 0, 1;
    %store/vec4 v0x5673100af120_0, 0, 1;
T_39.10 ;
    %jmp T_39.9;
T_39.5 ;
    %pushi/vec4 1, 0, 1;
    %store/vec4 v0x5673100788a0_0, 0, 1;
    %pushi/vec4 2, 0, 3;
    %store/vec4 v0x5673100af580_0, 0, 3;
    %pushi/vec4 1, 0, 1;
    %store/vec4 v0x5673100af120_0, 0, 1;
    %jmp T_39.9;
T_39.6 ;
    %pushi/vec4 1, 0, 1;
    %store/vec4 v0x567310078c40_0, 0, 1;
    %pushi/vec4 1, 0, 1;
    %store/vec4 v0x56730fe72660_0, 0, 1;
    %load/vec4 v0x5673100787c0_0;
    %load/vec4 v0x5673100b5d70_0;
    %cmp/e;
    %jmp/0xz  T_39.12, 4;
    %pushi/vec4 3, 0, 3;
    %store/vec4 v0x5673100af580_0, 0, 3;
    %pushi/vec4 1, 0, 1;
    %store/vec4 v0x5673100af120_0, 0, 1;
T_39.12 ;
    %jmp T_39.9;
T_39.7 ;
    %pushi/vec4 1, 0, 1;
    %store/vec4 v0x5673100799c0_0, 0, 1;
    %pushi/vec4 1, 0, 1;
    %store/vec4 v0x567310079540_0, 0, 1;
    %pushi/vec4 0, 0, 3;
    %store/vec4 v0x5673100af580_0, 0, 3;
    %pushi/vec4 1, 0, 1;
    %store/vec4 v0x5673100af120_0, 0, 1;
    %jmp T_39.9;
T_39.9 ;
    %pop/vec4 1;
T_39.3 ;
    %end;
    .scope S_0x5673100b77e0;
t_38 %join;
    %jmp T_39;
    .thread T_39, $push;
    .scope S_0x5673100763c0;
T_40 ;
    %wait E_0x567310076070;
    %load/vec4 v0x5673100712c0_0;
    %nor/r;
    %flag_set/vec4 8;
    %jmp/0xz  T_40.0, 8;
    %pushi/vec4 0, 0, 10;
    %assign/vec4 v0x567310072120_0, 0;
    %pushi/vec4 0, 0, 1;
    %assign/vec4 v0x567310071740_0, 0;
    %jmp T_40.1;
T_40.0 ;
    %load/vec4 v0x567310071740_0;
    %inv;
    %flag_set/vec4 8;
    %jmp/0xz  T_40.2, 8;
    %load/vec4 v0x567310071be0_0;
    %flag_set/vec4 8;
    %jmp/0xz  T_40.4, 8;
    %load/vec4 v0x567310072120_0;
    %cmpi/e 861, 0, 10;
    %jmp/0xz  T_40.6, 4;
    %load/vec4 v0x567310072120_0;
    %addi 1, 0, 10;
    %assign/vec4 v0x567310072120_0, 0;
    %pushi/vec4 1, 0, 1;
    %assign/vec4 v0x567310071740_0, 0;
    %jmp T_40.7;
T_40.6 ;
    %load/vec4 v0x567310072120_0;
    %cmpi/u 861, 0, 10;
    %jmp/0xz  T_40.8, 5;
    %load/vec4 v0x567310072120_0;
    %addi 1, 0, 10;
    %assign/vec4 v0x567310072120_0, 0;
    %jmp T_40.9;
T_40.8 ;
    %load/vec4 v0x567310072120_0;
    %assign/vec4 v0x567310072120_0, 0;
T_40.9 ;
T_40.7 ;
T_40.4 ;
T_40.2 ;
T_40.1 ;
    %jmp T_40;
    .thread T_40;
    .scope S_0x56730ffa6930;
T_41 ;
    %wait E_0x5673100190e0;
    %fork t_41, S_0x567310076840;
    %jmp t_40;
    .scope S_0x567310076840;
t_41 ;
    %load/vec4 v0x567310066c40_0;
    %nor/r;
    %flag_set/vec4 8;
    %jmp/0xz  T_41.0, 8;
    %pushi/vec4 0, 0, 1;
    %assign/vec4 v0x56730fef5400_0, 0;
    %pushi/vec4 1, 0, 1;
    %assign/vec4 v0x5673100670c0_0, 0;
    %pushi/vec4 0, 0, 2;
    %assign/vec4 v0x56731006afc0_0, 0;
    %pushi/vec4 0, 0, 10;
    %assign/vec4 v0x567310066400_0, 0;
    %pushi/vec4 0, 0, 1;
    %assign/vec4 v0x567310065f80_0, 0;
    %jmp T_41.1;
T_41.0 ;
    %load/vec4 v0x5673100667c0_0;
    %flag_set/vec4 8;
    %jmp/0xz  T_41.2, 8;
    %load/vec4 v0x56730fef5340_0;
    %assign/vec4 v0x56730fef5400_0, 0;
T_41.2 ;
    %load/vec4 v0x567310067160_0;
    %flag_set/vec4 8;
    %jmp/0xz  T_41.4, 8;
    %load/vec4 v0x567310067600_0;
    %assign/vec4 v0x5673100670c0_0, 0;
T_41.4 ;
    %load/vec4 v0x56731006b0a0_0;
    %flag_set/vec4 8;
    %jmp/0xz  T_41.6, 8;
    %load/vec4 v0x56731006b490_0;
    %assign/vec4 v0x56731006afc0_0, 0;
T_41.6 ;
    %load/vec4 v0x567310066340_0;
    %flag_set/vec4 8;
    %jmp/0xz  T_41.8, 8;
    %load/vec4 v0x567310066400_0;
    %addi 1, 0, 10;
    %assign/vec4 v0x567310066400_0, 0;
    %jmp T_41.9;
T_41.8 ;
    %load/vec4 v0x567310069040_0;
    %flag_set/vec4 8;
    %jmp/0xz  T_41.10, 8;
    %pushi/vec4 0, 0, 10;
    %assign/vec4 v0x567310066400_0, 0;
T_41.10 ;
T_41.9 ;
    %load/vec4 v0x567310065a40_0;
    %flag_set/vec4 8;
    %jmp/0xz  T_41.12, 8;
    %load/vec4 v0x567310065ec0_0;
    %assign/vec4 v0x567310065f80_0, 0;
T_41.12 ;
T_41.1 ;
    %end;
    .scope S_0x56730ffa6930;
t_40 %join;
    %jmp T_41;
    .thread T_41;
    .scope S_0x56730ffa6930;
T_42 ;
    %wait E_0x5673100f3840;
    %fork t_43, S_0x56730fec0040;
    %jmp t_42;
    .scope S_0x56730fec0040;
t_43 ;
    %load/vec4 v0x5673100690e0_0;
    %flag_set/vec4 8;
    %jmp/0xz  T_42.0, 8;
    %load/vec4 v0x5673100687e0_0;
    %store/vec4 v0x567310067f10_0, 0, 32;
    %jmp T_42.1;
T_42.0 ;
    %load/vec4 v0x5673100694c0_0;
    %store/vec4 v0x567310067f10_0, 0, 32;
T_42.1 ;
    %end;
    .scope S_0x56730ffa6930;
t_42 %join;
    %jmp T_42;
    .thread T_42, $push;
    .scope S_0x56730ffa6930;
T_43 ;
    %wait E_0x5673100f31e0;
    %fork t_45, S_0x5673100b7c60;
    %jmp t_44;
    .scope S_0x5673100b7c60;
t_45 ;
    %load/vec4 v0x567310065f80_0;
    %flag_set/vec4 8;
    %jmp/0xz  T_43.0, 8;
    %pushi/vec4 0, 0, 1;
    %store/vec4 v0x567310069e60_0, 0, 1;
    %pushi/vec4 0, 0, 1;
    %store/vec4 v0x56731006a780_0, 0, 1;
    %load/vec4 v0x567310069590_0;
    %flag_set/vec4 8;
    %jmp/0 T_43.2, 8;
    %load/vec4 v0x567310069a10_0;
    %jmp/1 T_43.3, 8;
T_43.2 ; End of true expr.
    %load/vec4 v0x56731006a2e0_0;
    %jmp/0 T_43.3, 8;
 ; End of false expr.
    %blend;
T_43.3;
    %store/vec4 v0x567310067e40_0, 0, 4;
    %load/vec4 v0x567310069590_0;
    %flag_set/vec4 8;
    %jmp/0 T_43.4, 8;
    %load/vec4 v0x567310069dc0_0;
    %jmp/1 T_43.5, 8;
T_43.4 ; End of true expr.
    %load/vec4 v0x56731006a6c0_0;
    %jmp/0 T_43.5, 8;
 ; End of false expr.
    %blend;
T_43.5;
    %store/vec4 v0x5673100682c0_0, 0, 128;
    %pushi/vec4 0, 0, 1;
    %store/vec4 v0x567310068360_0, 0, 1;
    %jmp T_43.1;
T_43.0 ;
    %pushi/vec4 0, 0, 1;
    %store/vec4 v0x567310069e60_0, 0, 1;
    %pushi/vec4 0, 0, 1;
    %store/vec4 v0x56731006a780_0, 0, 1;
    %load/vec4 v0x567310069590_0;
    %flag_set/vec4 8;
    %jmp/0xz  T_43.6, 8;
    %load/vec4 v0x567310067a60_0;
    %store/vec4 v0x567310069e60_0, 0, 1;
    %load/vec4 v0x567310069a10_0;
    %store/vec4 v0x567310067e40_0, 0, 4;
    %load/vec4 v0x567310069dc0_0;
    %store/vec4 v0x5673100682c0_0, 0, 128;
    %load/vec4 v0x567310069940_0;
    %store/vec4 v0x567310068360_0, 0, 1;
    %jmp T_43.7;
T_43.6 ;
    %load/vec4 v0x567310067a60_0;
    %store/vec4 v0x56731006a780_0, 0, 1;
    %load/vec4 v0x56731006a2e0_0;
    %store/vec4 v0x567310067e40_0, 0, 4;
    %load/vec4 v0x56731006a6c0_0;
    %store/vec4 v0x5673100682c0_0, 0, 128;
    %load/vec4 v0x56731006a240_0;
    %store/vec4 v0x567310068360_0, 0, 1;
T_43.7 ;
T_43.1 ;
    %end;
    .scope S_0x56730ffa6930;
t_44 %join;
    %jmp T_43;
    .thread T_43, $push;
    .scope S_0x56730ffa6930;
T_44 ;
    %wait E_0x56730fe0a9d0;
    %fork t_47, S_0x567310019fd0;
    %jmp t_46;
    .scope S_0x567310019fd0;
t_47 ;
    %pushi/vec4 0, 0, 1;
    %store/vec4 v0x5673100690e0_0, 0, 1;
    %pushi/vec4 0, 0, 1;
    %store/vec4 v0x567310067600_0, 0, 1;
    %pushi/vec4 0, 0, 1;
    %store/vec4 v0x567310067160_0, 0, 1;
    %pushi/vec4 0, 0, 1;
    %store/vec4 v0x56730fef5340_0, 0, 1;
    %pushi/vec4 0, 0, 1;
    %store/vec4 v0x5673100667c0_0, 0, 1;
    %pushi/vec4 0, 0, 2;
    %store/vec4 v0x56731006b490_0, 0, 2;
    %pushi/vec4 0, 0, 1;
    %store/vec4 v0x56731006b0a0_0, 0, 1;
    %pushi/vec4 0, 0, 1;
    %store/vec4 v0x567310066340_0, 0, 1;
    %load/vec4 v0x567310065f80_0;
    %store/vec4 v0x567310065ec0_0, 0, 1;
    %pushi/vec4 0, 0, 1;
    %store/vec4 v0x567310065a40_0, 0, 1;
    %load/vec4 v0x56731006afc0_0;
    %dup/vec4;
    %pushi/vec4 0, 0, 2;
    %cmp/u;
    %jmp/1 T_44.0, 6;
    %dup/vec4;
    %pushi/vec4 1, 0, 2;
    %cmp/u;
    %jmp/1 T_44.1, 6;
    %dup/vec4;
    %pushi/vec4 2, 0, 2;
    %cmp/u;
    %jmp/1 T_44.2, 6;
    %pushi/vec4 0, 0, 1;
    %store/vec4 v0x567310066340_0, 0, 1;
    %load/vec4 v0x567310065f80_0;
    %store/vec4 v0x567310065ec0_0, 0, 1;
    %pushi/vec4 0, 0, 1;
    %store/vec4 v0x567310065a40_0, 0, 1;
    %jmp T_44.4;
T_44.0 ;
    %load/vec4 v0x567310069040_0;
    %flag_set/vec4 8;
    %jmp/0xz  T_44.5, 8;
    %pushi/vec4 1, 0, 1;
    %store/vec4 v0x5673100690e0_0, 0, 1;
    %pushi/vec4 0, 0, 1;
    %store/vec4 v0x567310067600_0, 0, 1;
    %pushi/vec4 1, 0, 1;
    %store/vec4 v0x567310067160_0, 0, 1;
    %pushi/vec4 0, 0, 1;
    %store/vec4 v0x56730fef5340_0, 0, 1;
    %pushi/vec4 1, 0, 1;
    %store/vec4 v0x5673100667c0_0, 0, 1;
    %pushi/vec4 1, 0, 2;
    %store/vec4 v0x56731006b490_0, 0, 2;
    %pushi/vec4 1, 0, 1;
    %store/vec4 v0x56731006b0a0_0, 0, 1;
    %jmp T_44.6;
T_44.5 ;
    %load/vec4 v0x567310067a60_0;
    %flag_set/vec4 8;
    %jmp/0xz  T_44.7, 8;
    %pushi/vec4 0, 0, 1;
    %store/vec4 v0x5673100690e0_0, 0, 1;
    %pushi/vec4 0, 0, 1;
    %store/vec4 v0x567310067600_0, 0, 1;
    %pushi/vec4 1, 0, 1;
    %store/vec4 v0x567310067160_0, 0, 1;
    %pushi/vec4 0, 0, 1;
    %store/vec4 v0x56730fef5340_0, 0, 1;
    %pushi/vec4 1, 0, 1;
    %store/vec4 v0x5673100667c0_0, 0, 1;
    %pushi/vec4 2, 0, 2;
    %store/vec4 v0x56731006b490_0, 0, 2;
    %pushi/vec4 1, 0, 1;
    %store/vec4 v0x56731006b0a0_0, 0, 1;
    %load/vec4 v0x567310069590_0;
    %load/vec4 v0x567310065f80_0;
    %nor/r;
    %and;
    %flag_set/vec4 8;
    %jmp/0xz  T_44.9, 8;
    %pushi/vec4 1, 0, 1;
    %store/vec4 v0x567310066340_0, 0, 1;
T_44.9 ;
T_44.7 ;
T_44.6 ;
    %jmp T_44.4;
T_44.1 ;
    %pushi/vec4 1, 0, 1;
    %store/vec4 v0x5673100690e0_0, 0, 1;
    %load/vec4 v0x567310068c60_0;
    %flag_set/vec4 8;
    %jmp/0xz  T_44.11, 8;
    %pushi/vec4 1, 0, 1;
    %store/vec4 v0x567310067600_0, 0, 1;
    %pushi/vec4 1, 0, 1;
    %store/vec4 v0x567310067160_0, 0, 1;
    %pushi/vec4 0, 0, 2;
    %store/vec4 v0x56731006b490_0, 0, 2;
    %pushi/vec4 1, 0, 1;
    %store/vec4 v0x56731006b0a0_0, 0, 1;
T_44.11 ;
    %jmp T_44.4;
T_44.2 ;
    %pushi/vec4 0, 0, 1;
    %store/vec4 v0x5673100690e0_0, 0, 1;
    %load/vec4 v0x567310068360_0;
    %flag_set/vec4 8;
    %jmp/0xz  T_44.13, 8;
    %pushi/vec4 1, 0, 1;
    %store/vec4 v0x567310067600_0, 0, 1;
    %pushi/vec4 1, 0, 1;
    %store/vec4 v0x567310067160_0, 0, 1;
    %pushi/vec4 1, 0, 1;
    %store/vec4 v0x56730fef5340_0, 0, 1;
    %pushi/vec4 1, 0, 1;
    %store/vec4 v0x5673100667c0_0, 0, 1;
    %pushi/vec4 0, 0, 2;
    %store/vec4 v0x56731006b490_0, 0, 2;
    %pushi/vec4 1, 0, 1;
    %store/vec4 v0x56731006b0a0_0, 0, 1;
T_44.13 ;
    %jmp T_44.4;
T_44.4 ;
    %pop/vec4 1;
    %load/vec4 v0x567310066400_0;
    %cmpi/u 862, 0, 10;
    %flag_inv 5; GE is !LT
    %jmp/0xz  T_44.15, 5;
    %pushi/vec4 1, 0, 1;
    %store/vec4 v0x567310065ec0_0, 0, 1;
    %pushi/vec4 1, 0, 1;
    %store/vec4 v0x567310065a40_0, 0, 1;
T_44.15 ;
    %end;
    .scope S_0x56730ffa6930;
t_46 %join;
    %jmp T_44;
    .thread T_44, $push;
    .scope S_0x56730ffa0360;
T_45 ;
    %wait E_0x5673100190e0;
    %fork t_49, S_0x5673100655c0;
    %jmp t_48;
    .scope S_0x5673100655c0;
t_49 ;
    %load/vec4 v0x567310060940_0;
    %nor/r;
    %flag_set/vec4 8;
    %jmp/0xz  T_45.0, 8;
    %pushi/vec4 0, 0, 32;
    %store/vec4 v0x567310065140_0, 0, 32;
T_45.2 ;
    %load/vec4 v0x567310065140_0;
    %cmpi/s 4, 0, 32;
    %jmp/0xz T_45.3, 5;
    %pushi/vec4 0, 0, 32;
    %ix/getv/s 3, v0x567310065140_0;
    %ix/load 4, 0, 0; Constant delay
    %assign/vec4/a/d v0x567310064840, 0, 4;
    %load/vec4 v0x567310065140_0;
    %addi 1, 0, 32;
    %store/vec4 v0x567310065140_0, 0, 32;
    %jmp T_45.2;
T_45.3 ;
    %pushi/vec4 0, 0, 32;
    %store/vec4 v0x567310065140_0, 0, 32;
T_45.4 ;
    %load/vec4 v0x567310065140_0;
    %cmpi/s 8, 0, 32;
    %jmp/0xz T_45.5, 5;
    %pushi/vec4 0, 0, 32;
    %ix/getv/s 3, v0x567310065140_0;
    %ix/load 4, 0, 0; Constant delay
    %assign/vec4/a/d v0x567310061b40, 0, 4;
    %load/vec4 v0x567310065140_0;
    %addi 1, 0, 32;
    %store/vec4 v0x567310065140_0, 0, 32;
    %jmp T_45.4;
T_45.5 ;
    %pushi/vec4 0, 0, 1;
    %assign/vec4 v0x567310062060_0, 0;
    %pushi/vec4 0, 0, 1;
    %assign/vec4 v0x567310061300_0, 0;
    %pushi/vec4 0, 0, 1;
    %assign/vec4 v0x5673100624e0_0, 0;
    %pushi/vec4 0, 0, 1;
    %assign/vec4 v0x567310061760_0, 0;
    %pushi/vec4 0, 0, 128;
    %assign/vec4 v0x5673100609e0_0, 0;
    %pushi/vec4 0, 0, 1;
    %assign/vec4 v0x5673100600e0_0, 0;
    %pushi/vec4 0, 0, 1;
    %assign/vec4 v0x567310060e80_0, 0;
    %pushi/vec4 0, 0, 10;
    %assign/vec4 v0x5673100605a0_0, 0;
    %pushi/vec4 0, 0, 1;
    %assign/vec4 v0x567310060040_0, 0;
    %jmp T_45.1;
T_45.0 ;
    %load/vec4 v0x567310062de0_0;
    %assign/vec4 v0x567310060e80_0, 0;
    %load/vec4 v0x567310062990_0;
    %assign/vec4 v0x5673100600e0_0, 0;
    %load/vec4 v0x5673100628c0_0;
    %assign/vec4 v0x5673100609e0_0, 0;
    %load/vec4 v0x567310061fc0_0;
    %assign/vec4 v0x567310062060_0, 0;
    %load/vec4 v0x567310061240_0;
    %assign/vec4 v0x567310061300_0, 0;
    %load/vec4 v0x567310063fe0_0;
    %flag_set/vec4 8;
    %jmp/0xz  T_45.6, 8;
    %load/vec4 v0x56730ff21eb0_0;
    %parti/s 1, 0, 2;
    %assign/vec4 v0x5673100624e0_0, 0;
    %load/vec4 v0x56730ff21eb0_0;
    %parti/s 1, 1, 2;
    %assign/vec4 v0x567310061760_0, 0;
T_45.6 ;
    %load/vec4 v0x5673100616c0_0;
    %flag_set/vec4 8;
    %jmp/0xz  T_45.8, 8;
    %load/vec4 v0x56730ff21eb0_0;
    %load/vec4 v0x567310064d80_0;
    %parti/s 3, 0, 2;
    %pad/u 5;
    %ix/vec4 3;
    %ix/load 4, 0, 0; Constant delay
    %assign/vec4/a/d v0x567310061b40, 0, 4;
T_45.8 ;
    %load/vec4 v0x5673100643c0_0;
    %flag_set/vec4 8;
    %jmp/0xz  T_45.10, 8;
    %load/vec4 v0x56730ff21eb0_0;
    %load/vec4 v0x567310064d80_0;
    %parti/s 2, 0, 2;
    %pad/u 4;
    %ix/vec4 3;
    %ix/load 4, 0, 0; Constant delay
    %assign/vec4/a/d v0x567310064840, 0, 4;
T_45.10 ;
    %load/vec4 v0x567310060040_0;
    %nor/r;
    %flag_set/vec4 8;
    %jmp/0xz  T_45.12, 8;
    %load/vec4 v0x567310061fc0_0;
    %load/vec4 v0x567310061240_0;
    %or;
    %load/vec4 v0x5673100624e0_0;
    %pushi/vec4 1, 0, 1;
    %cmp/e;
    %flag_get/vec4 4;
    %and;
    %flag_set/vec4 8;
    %jmp/0xz  T_45.14, 8;
    %load/vec4 v0x5673100605a0_0;
    %cmpi/u 862, 0, 10;
    %jmp/0xz  T_45.16, 5;
    %load/vec4 v0x5673100605a0_0;
    %addi 1, 0, 10;
    %assign/vec4 v0x5673100605a0_0, 0;
    %jmp T_45.17;
T_45.16 ;
    %load/vec4 v0x5673100605a0_0;
    %assign/vec4 v0x5673100605a0_0, 0;
T_45.17 ;
    %jmp T_45.15;
T_45.14 ;
    %load/vec4 v0x5673100605a0_0;
    %assign/vec4 v0x5673100605a0_0, 0;
T_45.15 ;
    %load/vec4 v0x5673100605a0_0;
    %cmpi/e 862, 0, 10;
    %jmp/0xz  T_45.18, 4;
    %pushi/vec4 1, 0, 1;
    %assign/vec4 v0x567310060040_0, 0;
    %jmp T_45.19;
T_45.18 ;
    %pushi/vec4 0, 0, 1;
    %assign/vec4 v0x567310060040_0, 0;
T_45.19 ;
    %jmp T_45.13;
T_45.12 ;
    %load/vec4 v0x5673100605a0_0;
    %assign/vec4 v0x5673100605a0_0, 0;
    %pushi/vec4 1, 0, 1;
    %assign/vec4 v0x567310060040_0, 0;
T_45.13 ;
T_45.1 ;
    %end;
    .scope S_0x56730ffa0360;
t_48 %join;
    %jmp T_45;
    .thread T_45;
    .scope S_0x56730ffa0360;
T_46 ;
    %wait E_0x56730fea9e40;
    %fork t_51, S_0x56730ffa65e0;
    %jmp t_50;
    .scope S_0x56730ffa65e0;
t_51 ;
    %pushi/vec4 0, 0, 1;
    %store/vec4 v0x567310061fc0_0, 0, 1;
    %pushi/vec4 0, 0, 1;
    %store/vec4 v0x567310061240_0, 0, 1;
    %pushi/vec4 0, 0, 1;
    %store/vec4 v0x567310063fe0_0, 0, 1;
    %pushi/vec4 0, 0, 1;
    %store/vec4 v0x5673100616c0_0, 0, 1;
    %pushi/vec4 0, 0, 1;
    %store/vec4 v0x5673100643c0_0, 0, 1;
    %pushi/vec4 0, 0, 32;
    %store/vec4 v0x5673100604c0_0, 0, 32;
    %load/vec4 v0x567310062440_0;
    %flag_set/vec4 8;
    %jmp/0xz  T_46.0, 8;
    %load/vec4 v0x56730ff21df0_0;
    %flag_set/vec4 8;
    %jmp/0xz  T_46.2, 8;
    %load/vec4 v0x567310064d80_0;
    %cmpi/e 8, 0, 8;
    %jmp/0xz  T_46.4, 4;
    %load/vec4 v0x567310060040_0;
    %nor/r;
    %flag_set/vec4 8;
    %jmp/0xz  T_46.6, 8;
    %load/vec4 v0x56730ff21eb0_0;
    %parti/s 1, 0, 2;
    %store/vec4 v0x567310061fc0_0, 0, 1;
    %load/vec4 v0x56730ff21eb0_0;
    %parti/s 1, 1, 2;
    %store/vec4 v0x567310061240_0, 0, 1;
    %jmp T_46.7;
T_46.6 ;
    %pushi/vec4 0, 0, 1;
    %store/vec4 v0x567310061fc0_0, 0, 1;
    %pushi/vec4 0, 0, 1;
    %store/vec4 v0x567310061240_0, 0, 1;
T_46.7 ;
T_46.4 ;
    %load/vec4 v0x567310064d80_0;
    %cmpi/e 10, 0, 8;
    %jmp/0xz  T_46.8, 4;
    %pushi/vec4 1, 0, 1;
    %store/vec4 v0x567310063fe0_0, 0, 1;
T_46.8 ;
    %pushi/vec4 16, 0, 8;
    %load/vec4 v0x567310064d80_0;
    %cmp/u;
    %flag_get/vec4 4;
    %flag_get/vec4 5;
    %or;
    %load/vec4 v0x567310064d80_0;
    %cmpi/u 23, 0, 8;
    %flag_get/vec4 4;
    %flag_get/vec4 5;
    %or;
    %and;
    %flag_set/vec4 8;
    %jmp/0xz  T_46.10, 8;
    %pushi/vec4 1, 0, 1;
    %store/vec4 v0x5673100616c0_0, 0, 1;
T_46.10 ;
    %pushi/vec4 32, 0, 8;
    %load/vec4 v0x567310064d80_0;
    %cmp/u;
    %flag_get/vec4 4;
    %flag_get/vec4 5;
    %or;
    %load/vec4 v0x567310064d80_0;
    %cmpi/u 35, 0, 8;
    %flag_get/vec4 4;
    %flag_get/vec4 5;
    %or;
    %and;
    %flag_set/vec4 8;
    %jmp/0xz  T_46.12, 8;
    %pushi/vec4 1, 0, 1;
    %store/vec4 v0x5673100643c0_0, 0, 1;
T_46.12 ;
    %jmp T_46.3;
T_46.2 ;
    %load/vec4 v0x567310064d80_0;
    %dup/vec4;
    %pushi/vec4 0, 0, 8;
    %cmp/u;
    %jmp/1 T_46.14, 6;
    %dup/vec4;
    %pushi/vec4 1, 0, 8;
    %cmp/u;
    %jmp/1 T_46.15, 6;
    %dup/vec4;
    %pushi/vec4 2, 0, 8;
    %cmp/u;
    %jmp/1 T_46.16, 6;
    %dup/vec4;
    %pushi/vec4 8, 0, 8;
    %cmp/u;
    %jmp/1 T_46.17, 6;
    %dup/vec4;
    %pushi/vec4 9, 0, 8;
    %cmp/u;
    %jmp/1 T_46.18, 6;
    %jmp T_46.20;
T_46.14 ;
    %pushi/vec4 1634038560, 0, 32;
    %store/vec4 v0x5673100604c0_0, 0, 32;
    %jmp T_46.20;
T_46.15 ;
    %pushi/vec4 538976288, 0, 32;
    %store/vec4 v0x5673100604c0_0, 0, 32;
    %jmp T_46.20;
T_46.16 ;
    %pushi/vec4 808334896, 0, 32;
    %store/vec4 v0x5673100604c0_0, 0, 32;
    %jmp T_46.20;
T_46.17 ;
    %pushi/vec4 0, 0, 28;
    %load/vec4 v0x567310061760_0;
    %concat/vec4; draw_concat_vec4
    %load/vec4 v0x5673100624e0_0;
    %concat/vec4; draw_concat_vec4
    %load/vec4 v0x567310061300_0;
    %concat/vec4; draw_concat_vec4
    %load/vec4 v0x567310062060_0;
    %concat/vec4; draw_concat_vec4
    %store/vec4 v0x5673100604c0_0, 0, 32;
    %jmp T_46.20;
T_46.18 ;
    %pushi/vec4 0, 0, 30;
    %load/vec4 v0x5673100600e0_0;
    %concat/vec4; draw_concat_vec4
    %load/vec4 v0x567310060e80_0;
    %concat/vec4; draw_concat_vec4
    %store/vec4 v0x5673100604c0_0, 0, 32;
    %jmp T_46.20;
T_46.20 ;
    %pop/vec4 1;
    %pushi/vec4 48, 0, 8;
    %load/vec4 v0x567310064d80_0;
    %cmp/u;
    %flag_get/vec4 4;
    %flag_get/vec4 5;
    %or;
    %load/vec4 v0x567310064d80_0;
    %cmpi/u 51, 0, 8;
    %flag_get/vec4 4;
    %flag_get/vec4 5;
    %or;
    %and;
    %flag_set/vec4 8;
    %jmp/0xz  T_46.21, 8;
    %load/vec4 v0x5673100609e0_0;
    %pushi/vec4 3, 0, 32;
    %load/vec4 v0x567310064d80_0;
    %pad/u 32;
    %subi 48, 0, 32;
    %sub;
    %muli 32, 0, 32;
    %part/u 32;
    %store/vec4 v0x5673100604c0_0, 0, 32;
T_46.21 ;
T_46.3 ;
T_46.0 ;
    %end;
    .scope S_0x56730ffa0360;
t_50 %join;
    %jmp T_46;
    .thread T_46, $push;
    .scope S_0x56731005fbc0;
T_47 ;
    %wait E_0x56731005eed0;
    %fork t_53, S_0x56731005d340;
    %jmp t_52;
    .scope S_0x56731005d340;
t_53 ;
    %load/vec4 v0x567310055160_0;
    %nor/r;
    %flag_set/vec4 8;
    %jmp/0xz  T_47.0, 8;
    %pushi/vec4 0, 0, 32;
    %store/vec4 v0x56731005d830_0, 0, 32;
T_47.2 ;
    %load/vec4 v0x56731005d830_0;
    %cmpi/s 14, 0, 32;
    %flag_or 5, 4;
    %jmp/0xz T_47.3, 5;
    %pushi/vec4 0, 0, 128;
    %ix/getv/s 3, v0x56731005d830_0;
    %ix/load 4, 0, 0; Constant delay
    %assign/vec4/a/d v0x567310059080, 0, 4;
    %load/vec4 v0x56731005d830_0;
    %addi 1, 0, 32;
    %store/vec4 v0x56731005d830_0, 0, 32;
    %jmp T_47.2;
T_47.3 ;
    %pushi/vec4 0, 0, 1;
    %assign/vec4 v0x567310055600_0, 0;
    %pushi/vec4 0, 0, 8;
    %assign/vec4 v0x567310055e40_0, 0;
    %pushi/vec4 0, 0, 4;
    %assign/vec4 v0x5673100548a0_0, 0;
    %pushi/vec4 0, 0, 128;
    %assign/vec4 v0x567310057120_0, 0;
    %pushi/vec4 0, 0, 128;
    %assign/vec4 v0x567310056740_0, 0;
    %pushi/vec4 0, 0, 3;
    %assign/vec4 v0x567310058280_0, 0;
    %pushi/vec4 0, 0, 16;
    %assign/vec4 v0x5673100535c0_0, 0;
    %pushi/vec4 0, 0, 1;
    %assign/vec4 v0x567310052cc0_0, 0;
    %jmp T_47.1;
T_47.0 ;
    %load/vec4 v0x5673100550c0_0;
    %flag_set/vec4 8;
    %jmp/0xz  T_47.4, 8;
    %load/vec4 v0x567310055540_0;
    %assign/vec4 v0x567310055600_0, 0;
T_47.4 ;
    %load/vec4 v0x5673100559c0_0;
    %flag_set/vec4 8;
    %jmp/0xz  T_47.6, 8;
    %load/vec4 v0x5673100562c0_0;
    %assign/vec4 v0x567310055e40_0, 0;
T_47.6 ;
    %load/vec4 v0x56730fea85b0_0;
    %flag_set/vec4 8;
    %jmp/0xz  T_47.8, 8;
    %load/vec4 v0x5673100547c0_0;
    %assign/vec4 v0x5673100548a0_0, 0;
T_47.8 ;
    %load/vec4 v0x567310057a10_0;
    %flag_set/vec4 8;
    %jmp/0xz  T_47.10, 8;
    %load/vec4 v0x567310057e80_0;
    %load/vec4 v0x5673100548a0_0;
    %pad/u 6;
    %ix/vec4 3;
    %ix/load 4, 0, 0; Constant delay
    %assign/vec4/a/d v0x567310059080, 0, 4;
T_47.10 ;
    %load/vec4 v0x567310056bc0_0;
    %flag_set/vec4 8;
    %jmp/0xz  T_47.12, 8;
    %load/vec4 v0x567310057040_0;
    %assign/vec4 v0x567310057120_0, 0;
T_47.12 ;
    %load/vec4 v0x567310056800_0;
    %flag_set/vec4 8;
    %jmp/0xz  T_47.14, 8;
    %load/vec4 v0x567310056c60_0;
    %assign/vec4 v0x567310056740_0, 0;
T_47.14 ;
    %load/vec4 v0x567310057dc0_0;
    %flag_set/vec4 8;
    %jmp/0xz  T_47.16, 8;
    %load/vec4 v0x5673100587c0_0;
    %assign/vec4 v0x567310058280_0, 0;
T_47.16 ;
    %load/vec4 v0x567310053140_0;
    %flag_set/vec4 8;
    %jmp/0xz  T_47.18, 8;
    %load/vec4 v0x567310053b00_0;
    %assign/vec4 v0x5673100535c0_0, 0;
T_47.18 ;
    %load/vec4 v0x567310052d60_0;
    %flag_set/vec4 8;
    %jmp/0xz  T_47.20, 8;
    %load/vec4 v0x567310053200_0;
    %assign/vec4 v0x567310052cc0_0, 0;
T_47.20 ;
T_47.1 ;
    %end;
    .scope S_0x56731005fbc0;
t_52 %join;
    %jmp T_47;
    .thread T_47;
    .scope S_0x56731005fbc0;
T_48 ;
    %wait E_0x56731005f390;
    %fork t_55, S_0x56731005e0c0;
    %jmp t_54;
    .scope S_0x56731005e0c0;
t_55 ;
    %load/vec4 v0x567310054c40_0;
    %pad/u 6;
    %ix/vec4 4;
    %load/vec4a v0x567310059080, 4;
    %store/vec4 v0x567310053ec0_0, 0, 128;
    %end;
    .scope S_0x56731005fbc0;
t_54 %join;
    %jmp T_48;
    .thread T_48, $push;
    .scope S_0x56731005fbc0;
T_49 ;
    %wait E_0x5673100632f0;
    %fork t_57, S_0x56731005c5c0;
    %jmp t_56;
    .scope S_0x56731005c5c0;
t_57 ;
    %pushi/vec4 0, 0, 128;
    %store/vec4 v0x567310057e80_0, 0, 128;
    %pushi/vec4 0, 0, 1;
    %store/vec4 v0x567310057a10_0, 0, 1;
    %pushi/vec4 0, 0, 128;
    %store/vec4 v0x567310057040_0, 0, 128;
    %pushi/vec4 0, 0, 1;
    %store/vec4 v0x567310056bc0_0, 0, 1;
    %pushi/vec4 0, 0, 128;
    %store/vec4 v0x567310056c60_0, 0, 128;
    %pushi/vec4 0, 0, 1;
    %store/vec4 v0x567310056800_0, 0, 1;
    %pushi/vec4 0, 0, 32;
    %store/vec4 v0x56731005cb30_0, 0, 32;
    %pushi/vec4 0, 0, 32;
    %store/vec4 v0x56731005c180_0, 0, 32;
    %pushi/vec4 0, 0, 32;
    %store/vec4 v0x56731005bcc0_0, 0, 32;
    %pushi/vec4 0, 0, 32;
    %store/vec4 v0x56731005bd80_0, 0, 32;
    %pushi/vec4 1, 0, 1;
    %store/vec4 v0x567310055f00_0, 0, 1;
    %pushi/vec4 0, 0, 1;
    %store/vec4 v0x567310056380_0, 0, 1;
    %load/vec4 v0x567310057120_0;
    %parti/s 32, 96, 8;
    %store/vec4 v0x56731005b020_0, 0, 32;
    %load/vec4 v0x567310057120_0;
    %parti/s 32, 64, 8;
    %store/vec4 v0x56731005aac0_0, 0, 32;
    %load/vec4 v0x567310057120_0;
    %parti/s 32, 32, 7;
    %store/vec4 v0x56731005ab80_0, 0, 32;
    %load/vec4 v0x567310057120_0;
    %parti/s 32, 0, 2;
    %store/vec4 v0x56731005a640_0, 0, 32;
    %load/vec4 v0x567310056740_0;
    %parti/s 32, 96, 8;
    %store/vec4 v0x56731005a720_0, 0, 32;
    %load/vec4 v0x567310056740_0;
    %parti/s 32, 64, 8;
    %store/vec4 v0x56731005a1c0_0, 0, 32;
    %load/vec4 v0x567310056740_0;
    %parti/s 32, 32, 7;
    %store/vec4 v0x56731005a2a0_0, 0, 32;
    %load/vec4 v0x567310056740_0;
    %parti/s 32, 0, 2;
    %store/vec4 v0x567310059d40_0, 0, 32;
    %load/vec4 v0x567310055e40_0;
    %concati/vec4 0, 0, 24;
    %store/vec4 v0x56731005b840_0, 0, 32;
    %load/vec4 v0x567310059d40_0;
    %store/vec4 v0x567310053f80_0, 0, 32;
    %load/vec4 v0x567310057580_0;
    %parti/s 24, 0, 2;
    %load/vec4 v0x567310057580_0;
    %parti/s 8, 24, 6;
    %concat/vec4; draw_concat_vec4
    %store/vec4 v0x56731005b3c0_0, 0, 32;
    %load/vec4 v0x56731005b3c0_0;
    %load/vec4 v0x56731005b840_0;
    %xor;
    %store/vec4 v0x56731005b4a0_0, 0, 32;
    %load/vec4 v0x567310057580_0;
    %store/vec4 v0x56731005af40_0, 0, 32;
    %load/vec4 v0x56730fea8750_0;
    %flag_set/vec4 8;
    %jmp/0xz  T_49.0, 8;
    %pushi/vec4 0, 0, 1;
    %store/vec4 v0x567310055f00_0, 0, 1;
    %pushi/vec4 1, 0, 1;
    %store/vec4 v0x567310057a10_0, 0, 1;
    %load/vec4 v0x5673100574c0_0;
    %dup/vec4;
    %pushi/vec4 0, 0, 1;
    %cmp/u;
    %jmp/1 T_49.2, 6;
    %dup/vec4;
    %pushi/vec4 1, 0, 1;
    %cmp/u;
    %jmp/1 T_49.3, 6;
    %jmp T_49.5;
T_49.2 ;
    %load/vec4 v0x5673100548a0_0;
    %pad/u 32;
    %cmpi/e 0, 0, 32;
    %jmp/0xz  T_49.6, 4;
    %load/vec4 v0x567310058fc0_0;
    %parti/s 128, 128, 9;
    %store/vec4 v0x567310057e80_0, 0, 128;
    %load/vec4 v0x567310058fc0_0;
    %parti/s 128, 128, 9;
    %store/vec4 v0x567310056c60_0, 0, 128;
    %pushi/vec4 1, 0, 1;
    %store/vec4 v0x567310056800_0, 0, 1;
    %pushi/vec4 1, 0, 1;
    %store/vec4 v0x567310056380_0, 0, 1;
    %jmp T_49.7;
T_49.6 ;
    %load/vec4 v0x56731005a720_0;
    %load/vec4 v0x56731005b4a0_0;
    %xor;
    %store/vec4 v0x56731005cb30_0, 0, 32;
    %load/vec4 v0x56731005a1c0_0;
    %load/vec4 v0x56731005a720_0;
    %xor;
    %load/vec4 v0x56731005b4a0_0;
    %xor;
    %store/vec4 v0x56731005c180_0, 0, 32;
    %load/vec4 v0x56731005a2a0_0;
    %load/vec4 v0x56731005a1c0_0;
    %xor;
    %load/vec4 v0x56731005a720_0;
    %xor;
    %load/vec4 v0x56731005b4a0_0;
    %xor;
    %store/vec4 v0x56731005bcc0_0, 0, 32;
    %load/vec4 v0x567310059d40_0;
    %load/vec4 v0x56731005a2a0_0;
    %xor;
    %load/vec4 v0x56731005a1c0_0;
    %xor;
    %load/vec4 v0x56731005a720_0;
    %xor;
    %load/vec4 v0x56731005b4a0_0;
    %xor;
    %store/vec4 v0x56731005bd80_0, 0, 32;
    %load/vec4 v0x56731005cb30_0;
    %load/vec4 v0x56731005c180_0;
    %concat/vec4; draw_concat_vec4
    %load/vec4 v0x56731005bcc0_0;
    %concat/vec4; draw_concat_vec4
    %load/vec4 v0x56731005bd80_0;
    %concat/vec4; draw_concat_vec4
    %store/vec4 v0x567310057e80_0, 0, 128;
    %load/vec4 v0x56731005cb30_0;
    %load/vec4 v0x56731005c180_0;
    %concat/vec4; draw_concat_vec4
    %load/vec4 v0x56731005bcc0_0;
    %concat/vec4; draw_concat_vec4
    %load/vec4 v0x56731005bd80_0;
    %concat/vec4; draw_concat_vec4
    %store/vec4 v0x567310056c60_0, 0, 128;
    %pushi/vec4 1, 0, 1;
    %store/vec4 v0x567310056800_0, 0, 1;
    %pushi/vec4 1, 0, 1;
    %store/vec4 v0x567310056380_0, 0, 1;
T_49.7 ;
    %jmp T_49.5;
T_49.3 ;
    %load/vec4 v0x5673100548a0_0;
    %pad/u 32;
    %cmpi/e 0, 0, 32;
    %jmp/0xz  T_49.8, 4;
    %load/vec4 v0x567310058fc0_0;
    %parti/s 128, 128, 9;
    %store/vec4 v0x567310057e80_0, 0, 128;
    %load/vec4 v0x567310058fc0_0;
    %parti/s 128, 128, 9;
    %store/vec4 v0x567310057040_0, 0, 128;
    %pushi/vec4 1, 0, 1;
    %store/vec4 v0x567310056bc0_0, 0, 1;
    %jmp T_49.9;
T_49.8 ;
    %load/vec4 v0x5673100548a0_0;
    %pad/u 32;
    %cmpi/e 1, 0, 32;
    %jmp/0xz  T_49.10, 4;
    %load/vec4 v0x567310058fc0_0;
    %parti/s 128, 0, 2;
    %store/vec4 v0x567310057e80_0, 0, 128;
    %load/vec4 v0x567310058fc0_0;
    %parti/s 128, 0, 2;
    %store/vec4 v0x567310056c60_0, 0, 128;
    %pushi/vec4 1, 0, 1;
    %store/vec4 v0x567310056800_0, 0, 1;
    %pushi/vec4 1, 0, 1;
    %store/vec4 v0x567310056380_0, 0, 1;
    %jmp T_49.11;
T_49.10 ;
    %load/vec4 v0x5673100548a0_0;
    %parti/s 1, 0, 2;
    %pad/u 32;
    %cmpi/e 0, 0, 32;
    %jmp/0xz  T_49.12, 4;
    %load/vec4 v0x56731005b020_0;
    %load/vec4 v0x56731005b4a0_0;
    %xor;
    %store/vec4 v0x56731005cb30_0, 0, 32;
    %load/vec4 v0x56731005aac0_0;
    %load/vec4 v0x56731005b020_0;
    %xor;
    %load/vec4 v0x56731005b4a0_0;
    %xor;
    %store/vec4 v0x56731005c180_0, 0, 32;
    %load/vec4 v0x56731005ab80_0;
    %load/vec4 v0x56731005aac0_0;
    %xor;
    %load/vec4 v0x56731005b020_0;
    %xor;
    %load/vec4 v0x56731005b4a0_0;
    %xor;
    %store/vec4 v0x56731005bcc0_0, 0, 32;
    %load/vec4 v0x56731005a640_0;
    %load/vec4 v0x56731005ab80_0;
    %xor;
    %load/vec4 v0x56731005aac0_0;
    %xor;
    %load/vec4 v0x56731005b020_0;
    %xor;
    %load/vec4 v0x56731005b4a0_0;
    %xor;
    %store/vec4 v0x56731005bd80_0, 0, 32;
    %jmp T_49.13;
T_49.12 ;
    %load/vec4 v0x56731005b020_0;
    %load/vec4 v0x56731005af40_0;
    %xor;
    %store/vec4 v0x56731005cb30_0, 0, 32;
    %load/vec4 v0x56731005aac0_0;
    %load/vec4 v0x56731005b020_0;
    %xor;
    %load/vec4 v0x56731005af40_0;
    %xor;
    %store/vec4 v0x56731005c180_0, 0, 32;
    %load/vec4 v0x56731005ab80_0;
    %load/vec4 v0x56731005aac0_0;
    %xor;
    %load/vec4 v0x56731005b020_0;
    %xor;
    %load/vec4 v0x56731005af40_0;
    %xor;
    %store/vec4 v0x56731005bcc0_0, 0, 32;
    %load/vec4 v0x56731005a640_0;
    %load/vec4 v0x56731005ab80_0;
    %xor;
    %load/vec4 v0x56731005aac0_0;
    %xor;
    %load/vec4 v0x56731005b020_0;
    %xor;
    %load/vec4 v0x56731005af40_0;
    %xor;
    %store/vec4 v0x56731005bd80_0, 0, 32;
    %pushi/vec4 1, 0, 1;
    %store/vec4 v0x567310056380_0, 0, 1;
T_49.13 ;
    %load/vec4 v0x56731005cb30_0;
    %load/vec4 v0x56731005c180_0;
    %concat/vec4; draw_concat_vec4
    %load/vec4 v0x56731005bcc0_0;
    %concat/vec4; draw_concat_vec4
    %load/vec4 v0x56731005bd80_0;
    %concat/vec4; draw_concat_vec4
    %store/vec4 v0x567310057e80_0, 0, 128;
    %load/vec4 v0x56731005cb30_0;
    %load/vec4 v0x56731005c180_0;
    %concat/vec4; draw_concat_vec4
    %load/vec4 v0x56731005bcc0_0;
    %concat/vec4; draw_concat_vec4
    %load/vec4 v0x56731005bd80_0;
    %concat/vec4; draw_concat_vec4
    %store/vec4 v0x567310056c60_0, 0, 128;
    %pushi/vec4 1, 0, 1;
    %store/vec4 v0x567310056800_0, 0, 1;
    %load/vec4 v0x567310056740_0;
    %store/vec4 v0x567310057040_0, 0, 128;
    %pushi/vec4 1, 0, 1;
    %store/vec4 v0x567310056bc0_0, 0, 1;
T_49.11 ;
T_49.9 ;
    %jmp T_49.5;
T_49.5 ;
    %pop/vec4 1;
T_49.0 ;
    %end;
    .scope S_0x56731005fbc0;
t_56 %join;
    %jmp T_49;
    .thread T_49, $push;
    .scope S_0x56731005fbc0;
T_50 ;
    %wait E_0x5673100625a0;
    %fork t_59, S_0x56731005dc40;
    %jmp t_58;
    .scope S_0x56731005dc40;
t_59 ;
    %pushi/vec4 0, 0, 8;
    %store/vec4 v0x5673100562c0_0, 0, 8;
    %pushi/vec4 0, 0, 1;
    %store/vec4 v0x5673100559c0_0, 0, 1;
    %load/vec4 v0x567310055e40_0;
    %parti/s 7, 0, 2;
    %concati/vec4 0, 0, 1;
    %pushi/vec4 27, 0, 8;
    %load/vec4 v0x567310055e40_0;
    %parti/s 1, 7, 4;
    %replicate 8;
    %and;
    %xor;
    %store/vec4 v0x56731005e640_0, 0, 8;
    %load/vec4 v0x567310055f00_0;
    %flag_set/vec4 8;
    %jmp/0xz  T_50.0, 8;
    %pushi/vec4 141, 0, 8;
    %store/vec4 v0x5673100562c0_0, 0, 8;
    %pushi/vec4 1, 0, 1;
    %store/vec4 v0x5673100559c0_0, 0, 1;
T_50.0 ;
    %load/vec4 v0x567310056380_0;
    %flag_set/vec4 8;
    %jmp/0xz  T_50.2, 8;
    %load/vec4 v0x56731005e640_0;
    %store/vec4 v0x5673100562c0_0, 0, 8;
    %pushi/vec4 1, 0, 1;
    %store/vec4 v0x5673100559c0_0, 0, 1;
T_50.2 ;
    %end;
    .scope S_0x56731005fbc0;
t_58 %join;
    %jmp T_50;
    .thread T_50, $push;
    .scope S_0x56731005fbc0;
T_51 ;
    %wait E_0x56731005f890;
    %fork t_61, S_0x56731005cec0;
    %jmp t_60;
    .scope S_0x56731005cec0;
t_61 ;
    %pushi/vec4 0, 0, 4;
    %store/vec4 v0x5673100547c0_0, 0, 4;
    %pushi/vec4 0, 0, 1;
    %store/vec4 v0x56730fea85b0_0, 0, 1;
    %load/vec4 v0x567310054340_0;
    %flag_set/vec4 8;
    %jmp/0xz  T_51.0, 8;
    %pushi/vec4 0, 0, 4;
    %store/vec4 v0x5673100547c0_0, 0, 4;
    %pushi/vec4 1, 0, 1;
    %store/vec4 v0x56730fea85b0_0, 0, 1;
    %jmp T_51.1;
T_51.0 ;
    %load/vec4 v0x567310054d20_0;
    %flag_set/vec4 8;
    %jmp/0xz  T_51.2, 8;
    %load/vec4 v0x5673100548a0_0;
    %addi 1, 0, 4;
    %store/vec4 v0x5673100547c0_0, 0, 4;
    %pushi/vec4 1, 0, 1;
    %store/vec4 v0x56730fea85b0_0, 0, 1;
T_51.2 ;
T_51.1 ;
    %end;
    .scope S_0x56731005fbc0;
t_60 %join;
    %jmp T_51;
    .thread T_51, $push;
    .scope S_0x56731005fbc0;
T_52 ;
    %wait E_0x567310075f90;
    %fork t_63, S_0x5673100598c0;
    %jmp t_62;
    .scope S_0x5673100598c0;
t_63 ;
    %load/vec4 v0x5673100535c0_0;
    %store/vec4 v0x567310053b00_0, 0, 16;
    %pushi/vec4 0, 0, 1;
    %store/vec4 v0x567310053140_0, 0, 1;
    %pushi/vec4 0, 0, 1;
    %store/vec4 v0x567310053a40_0, 0, 1;
    %pushi/vec4 0, 0, 1;
    %store/vec4 v0x5673100536a0_0, 0, 1;
    %load/vec4 v0x567310052cc0_0;
    %store/vec4 v0x567310053200_0, 0, 1;
    %pushi/vec4 0, 0, 1;
    %store/vec4 v0x567310052d60_0, 0, 1;
    %load/vec4 v0x567310052cc0_0;
    %nor/r;
    %flag_set/vec4 8;
    %jmp/0xz  T_52.0, 8;
    %load/vec4 v0x567310058280_0;
    %pushi/vec4 3, 0, 3;
    %cmp/e;
    %flag_get/vec4 4;
    %load/vec4 v0x567310055600_0;
    %pushi/vec4 0, 0, 1;
    %cmp/e;
    %flag_get/vec4 4;
    %and;
    %flag_set/vec4 8;
    %jmp/0xz  T_52.2, 8;
    %load/vec4 v0x5673100535c0_0;
    %addi 1, 0, 16;
    %store/vec4 v0x567310053b00_0, 0, 16;
    %pushi/vec4 1, 0, 1;
    %store/vec4 v0x567310053140_0, 0, 1;
    %pushi/vec4 1, 0, 1;
    %store/vec4 v0x567310053a40_0, 0, 1;
T_52.2 ;
T_52.0 ;
    %load/vec4 v0x567310055160_0;
    %nor/r;
    %flag_set/vec4 8;
    %jmp/0xz  T_52.4, 8;
    %pushi/vec4 0, 0, 16;
    %store/vec4 v0x567310053b00_0, 0, 16;
    %pushi/vec4 1, 0, 1;
    %store/vec4 v0x567310053140_0, 0, 1;
    %pushi/vec4 0, 0, 1;
    %store/vec4 v0x567310053200_0, 0, 1;
    %pushi/vec4 1, 0, 1;
    %store/vec4 v0x567310052d60_0, 0, 1;
T_52.4 ;
    %pushi/vec4 862, 0, 16;
    %load/vec4 v0x5673100535c0_0;
    %cmp/u;
    %flag_get/vec4 4;
    %flag_get/vec4 5;
    %or;
    %load/vec4 v0x567310052cc0_0;
    %inv;
    %and;
    %flag_set/vec4 8;
    %jmp/0xz  T_52.6, 8;
    %pushi/vec4 1, 0, 1;
    %store/vec4 v0x567310053200_0, 0, 1;
    %pushi/vec4 1, 0, 1;
    %store/vec4 v0x567310052d60_0, 0, 1;
T_52.6 ;
    %load/vec4 v0x567310055160_0;
    %nor/r;
    %flag_set/vec4 8;
    %jmp/0xz  T_52.8, 8;
    %pushi/vec4 0, 0, 1;
    %store/vec4 v0x567310053200_0, 0, 1;
    %pushi/vec4 1, 0, 1;
    %store/vec4 v0x567310052d60_0, 0, 1;
T_52.8 ;
    %end;
    .scope S_0x56731005fbc0;
t_62 %join;
    %jmp T_52;
    .thread T_52, $push;
    .scope S_0x56731005fbc0;
T_53 ;
    %wait E_0x56730fea9990;
    %fork t_65, S_0x56731005e9c0;
    %jmp t_64;
    .scope S_0x56731005e9c0;
t_65 ;
    %pushi/vec4 0, 0, 1;
    %store/vec4 v0x567310055540_0, 0, 1;
    %pushi/vec4 0, 0, 1;
    %store/vec4 v0x5673100550c0_0, 0, 1;
    %pushi/vec4 0, 0, 1;
    %store/vec4 v0x56730fea8750_0, 0, 1;
    %pushi/vec4 0, 0, 1;
    %store/vec4 v0x567310054340_0, 0, 1;
    %pushi/vec4 0, 0, 1;
    %store/vec4 v0x567310054d20_0, 0, 1;
    %pushi/vec4 0, 0, 3;
    %store/vec4 v0x5673100587c0_0, 0, 3;
    %pushi/vec4 0, 0, 1;
    %store/vec4 v0x567310057dc0_0, 0, 1;
    %load/vec4 v0x5673100574c0_0;
    %cmpi/e 0, 0, 1;
    %jmp/0xz  T_53.0, 4;
    %pushi/vec4 10, 0, 4;
    %store/vec4 v0x56731005ef30_0, 0, 4;
    %jmp T_53.1;
T_53.0 ;
    %pushi/vec4 14, 0, 4;
    %store/vec4 v0x56731005ef30_0, 0, 4;
T_53.1 ;
    %load/vec4 v0x567310052cc0_0;
    %flag_set/vec4 8;
    %jmp/0xz  T_53.2, 8;
    %pushi/vec4 0, 0, 1;
    %store/vec4 v0x567310055540_0, 0, 1;
    %pushi/vec4 1, 0, 1;
    %store/vec4 v0x5673100550c0_0, 0, 1;
    %pushi/vec4 0, 0, 1;
    %store/vec4 v0x56730fea8750_0, 0, 1;
    %pushi/vec4 0, 0, 1;
    %store/vec4 v0x567310054340_0, 0, 1;
    %pushi/vec4 0, 0, 1;
    %store/vec4 v0x567310054d20_0, 0, 1;
    %pushi/vec4 0, 0, 3;
    %store/vec4 v0x5673100587c0_0, 0, 3;
    %pushi/vec4 1, 0, 1;
    %store/vec4 v0x567310057dc0_0, 0, 1;
    %jmp T_53.3;
T_53.2 ;
    %load/vec4 v0x567310058280_0;
    %dup/vec4;
    %pushi/vec4 0, 0, 3;
    %cmp/u;
    %jmp/1 T_53.4, 6;
    %dup/vec4;
    %pushi/vec4 1, 0, 3;
    %cmp/u;
    %jmp/1 T_53.5, 6;
    %dup/vec4;
    %pushi/vec4 2, 0, 3;
    %cmp/u;
    %jmp/1 T_53.6, 6;
    %dup/vec4;
    %pushi/vec4 3, 0, 3;
    %cmp/u;
    %jmp/1 T_53.7, 6;
    %jmp T_53.9;
T_53.4 ;
    %load/vec4 v0x567310059520_0;
    %flag_set/vec4 8;
    %jmp/0xz  T_53.10, 8;
    %pushi/vec4 0, 0, 1;
    %store/vec4 v0x567310055540_0, 0, 1;
    %pushi/vec4 1, 0, 1;
    %store/vec4 v0x5673100550c0_0, 0, 1;
    %pushi/vec4 1, 0, 3;
    %store/vec4 v0x5673100587c0_0, 0, 3;
    %pushi/vec4 1, 0, 1;
    %store/vec4 v0x567310057dc0_0, 0, 1;
T_53.10 ;
    %jmp T_53.9;
T_53.5 ;
    %pushi/vec4 1, 0, 1;
    %store/vec4 v0x567310054340_0, 0, 1;
    %pushi/vec4 2, 0, 3;
    %store/vec4 v0x5673100587c0_0, 0, 3;
    %pushi/vec4 1, 0, 1;
    %store/vec4 v0x567310057dc0_0, 0, 1;
    %jmp T_53.9;
T_53.6 ;
    %pushi/vec4 1, 0, 1;
    %store/vec4 v0x567310054d20_0, 0, 1;
    %pushi/vec4 1, 0, 1;
    %store/vec4 v0x56730fea8750_0, 0, 1;
    %load/vec4 v0x5673100548a0_0;
    %load/vec4 v0x56731005ef30_0;
    %cmp/e;
    %jmp/0xz  T_53.12, 4;
    %pushi/vec4 3, 0, 3;
    %store/vec4 v0x5673100587c0_0, 0, 3;
    %pushi/vec4 1, 0, 1;
    %store/vec4 v0x567310057dc0_0, 0, 1;
T_53.12 ;
    %jmp T_53.9;
T_53.7 ;
    %pushi/vec4 1, 0, 1;
    %store/vec4 v0x567310055540_0, 0, 1;
    %pushi/vec4 1, 0, 1;
    %store/vec4 v0x5673100550c0_0, 0, 1;
    %pushi/vec4 0, 0, 3;
    %store/vec4 v0x5673100587c0_0, 0, 3;
    %pushi/vec4 1, 0, 1;
    %store/vec4 v0x567310057dc0_0, 0, 1;
    %jmp T_53.9;
T_53.9 ;
    %pop/vec4 1;
T_53.3 ;
    %end;
    .scope S_0x56731005fbc0;
t_64 %join;
    %jmp T_53;
    .thread T_53, $push;
    .scope S_0x567310052840;
T_54 ;
    %wait E_0x5673100524c0;
    %load/vec4 v0x56731004d740_0;
    %nor/r;
    %flag_set/vec4 8;
    %jmp/0xz  T_54.0, 8;
    %pushi/vec4 0, 0, 10;
    %assign/vec4 v0x56731004e580_0, 0;
    %pushi/vec4 0, 0, 1;
    %assign/vec4 v0x56731004dbc0_0, 0;
    %jmp T_54.1;
T_54.0 ;
    %load/vec4 v0x56731004dbc0_0;
    %inv;
    %flag_set/vec4 8;
    %jmp/0xz  T_54.2, 8;
    %load/vec4 v0x56731004e040_0;
    %flag_set/vec4 8;
    %jmp/0xz  T_54.4, 8;
    %load/vec4 v0x56731004e580_0;
    %cmpi/e 861, 0, 10;
    %jmp/0xz  T_54.6, 4;
    %load/vec4 v0x56731004e580_0;
    %addi 1, 0, 10;
    %assign/vec4 v0x56731004e580_0, 0;
    %pushi/vec4 1, 0, 1;
    %assign/vec4 v0x56731004dbc0_0, 0;
    %jmp T_54.7;
T_54.6 ;
    %load/vec4 v0x56731004e580_0;
    %cmpi/u 861, 0, 10;
    %jmp/0xz  T_54.8, 5;
    %load/vec4 v0x56731004e580_0;
    %addi 1, 0, 10;
    %assign/vec4 v0x56731004e580_0, 0;
    %jmp T_54.9;
T_54.8 ;
    %load/vec4 v0x56731004e580_0;
    %assign/vec4 v0x56731004e580_0, 0;
T_54.9 ;
T_54.7 ;
T_54.4 ;
T_54.2 ;
T_54.1 ;
    %jmp T_54;
    .thread T_54;
    .scope S_0x56730ffa73e0;
T_55 ;
    %pushi/vec4 0, 0, 1;
    %store/vec4 v0x567310046b40_0, 0, 1;
    %end;
    .thread T_55;
    .scope S_0x56730ffa73e0;
T_56 ;
    %delay 5000, 0;
    %load/vec4 v0x567310046b40_0;
    %inv;
    %store/vec4 v0x567310046b40_0, 0, 1;
    %jmp T_56;
    .thread T_56;
    .scope S_0x56730ffa73e0;
T_57 ;
    %vpi_call 9 38 "$display", "=== tb_aes_key_mem (Trojan DoS test) ===" {0 0 0};
    %pushi/vec4 0, 0, 1;
    %store/vec4 v0x567310045560_0, 0, 1;
    %pushi/vec4 0, 0, 1;
    %store/vec4 v0x5673100467b0_0, 0, 1;
    %pushi/vec4 0, 0, 1;
    %store/vec4 v0x567310046330_0, 0, 1;
    %pushi/vec4 4049018004, 0, 36;
    %concati/vec4 4215081761, 0, 33;
    %concati/vec4 2532686549, 0, 32;
    %concati/vec4 4025283328, 0, 32;
    %concati/vec4 0, 0, 123;
    %store/vec4 v0x567310046240_0, 0, 256;
    %pushi/vec4 10, 0, 32;
T_57.0 %dup/vec4;
    %pushi/vec4 0, 0, 32;
    %cmp/s;
    %jmp/1xz T_57.1, 5;
    %jmp/1 T_57.1, 4;
    %pushi/vec4 1, 0, 32;
    %sub;
    %wait E_0x5673100523e0;
    %jmp T_57.0;
T_57.1 ;
    %pop/vec4 1;
    %pushi/vec4 1, 0, 1;
    %store/vec4 v0x567310045560_0, 0, 1;
    %pushi/vec4 5, 0, 32;
T_57.2 %dup/vec4;
    %pushi/vec4 0, 0, 32;
    %cmp/s;
    %jmp/1xz T_57.3, 5;
    %jmp/1 T_57.3, 4;
    %pushi/vec4 1, 0, 32;
    %sub;
    %wait E_0x5673100523e0;
    %jmp T_57.2;
T_57.3 ;
    %pop/vec4 1;
    %pushi/vec4 0, 0, 32;
    %store/vec4 v0x567310045a00_0, 0, 32;
    %pushi/vec4 0, 0, 32;
    %store/vec4 v0x5673100466c0_0, 0, 32;
T_57.4 ;
    %load/vec4 v0x5673100466c0_0;
    %cmpi/s 900, 0, 32;
    %jmp/0xz T_57.5, 5;
    %pushi/vec4 1, 0, 1;
    %store/vec4 v0x5673100467b0_0, 0, 1;
    %wait E_0x5673100523e0;
    %pushi/vec4 0, 0, 1;
    %store/vec4 v0x5673100467b0_0, 0, 1;
    %pushi/vec4 20000, 0, 32;
    %store/vec4 v0x5673100479b0_0, 0, 32;
    %fork TD_tb_aes_key_mem.wait_ready_with_timeout, S_0x567310047440;
    %join;
    %load/vec4 v0x567310047020_0;
    %store/vec4 v0x567310045940_0, 0, 32;
    %load/vec4 v0x567310045940_0;
    %nor/r;
    %flag_set/vec4 8;
    %jmp/0xz  T_57.6, 8;
    %vpi_call 9 52 "$display", "[%0t] KeyMem did not become ready at op=%0d (Trojan)", $time, v0x567310045a00_0 {0 0 0};
    %pushi/vec4 900, 0, 32;
    %store/vec4 v0x5673100466c0_0, 0, 32;
    %jmp T_57.7;
T_57.6 ;
    %load/vec4 v0x567310045a00_0;
    %addi 1, 0, 32;
    %store/vec4 v0x567310045a00_0, 0, 32;
    %load/vec4 v0x567310045a00_0;
    %cmpi/e 862, 0, 32;
    %jmp/0xz  T_57.8, 4;
    %vpi_call 9 56 "$display", "Reached 862 key expansions @ %0t", $time {0 0 0};
T_57.8 ;
T_57.7 ;
    %wait E_0x5673100523e0;
    %load/vec4 v0x5673100466c0_0;
    %addi 1, 0, 32;
    %store/vec4 v0x5673100466c0_0, 0, 32;
    %jmp T_57.4;
T_57.5 ;
    %vpi_call 9 61 "$display", "Final key expansions=%0d", v0x567310045a00_0 {0 0 0};
    %vpi_call 9 62 "$finish" {0 0 0};
    %end;
    .thread T_57;
# The file index is used to find the file name in the following table.
:file_names 10;
    "N/A";
    "<interactive>";
    "/content/GHOST/AES_2/gpt-4.1/aes_HT2_gpt-4.1_A1 (1).v";
    "/content/GHOST/AES_2/gpt-4.1/aes_core_HT2_gpt-4.1_A1 (1).v";
    "/content/GHOST/AES_2/gpt-4.1/aes_decipher_block_HT2_gpt-4.1_A1 (1).v";
    "/content/GHOST/AES_2/gpt-4.1/aes_inv_sbox_HT2_gpt-4.1_A1 (1).v";
    "/content/GHOST/AES_2/gpt-4.1/aes_encipher_block_HT2_gpt-4.1_A1 (1).v";
    "/content/GHOST/AES_2/gpt-4.1/aes_key_mem_HT2_gpt-4.1_A1 (1).v";
    "/content/GHOST/AES_2/gpt-4.1/aes_sbox_HT2_gpt-4.1_A1 (1).v";
    "/content/GHOST/AES_2/tb/tb_aes_key_mem.v";
