#! /usr/bin/vvp
:ivl_version "11.0 (stable)";
:ivl_delay_selection "TYPICAL";
:vpi_time_precision - 12;
:vpi_module "/usr/lib/x86_64-linux-gnu/ivl/system.vpi";
:vpi_module "/usr/lib/x86_64-linux-gnu/ivl/vhdl_sys.vpi";
:vpi_module "/usr/lib/x86_64-linux-gnu/ivl/vhdl_textio.vpi";
:vpi_module "/usr/lib/x86_64-linux-gnu/ivl/v2005_math.vpi";
:vpi_module "/usr/lib/x86_64-linux-gnu/ivl/va_math.vpi";
S_0x573ce1449610 .scope module, "aes" "aes" 2 1;
 .timescale 0 0;
    .port_info 0 /INPUT 1 "clk";
    .port_info 1 /INPUT 1 "reset_n";
    .port_info 2 /INPUT 1 "cs";
    .port_info 3 /INPUT 1 "we";
    .port_info 4 /INPUT 8 "address";
    .port_info 5 /INPUT 32 "write_data";
    .port_info 6 /OUTPUT 32 "read_data";
P_0x573ce145f4d0 .param/l "ADDR_BLOCK0" 1 2 38, C4<00100000>;
P_0x573ce145f510 .param/l "ADDR_BLOCK3" 1 2 39, C4<00100011>;
P_0x573ce145f550 .param/l "ADDR_CONFIG" 1 2 31, C4<00001010>;
P_0x573ce145f590 .param/l "ADDR_CTRL" 1 2 23, C4<00001000>;
P_0x573ce145f5d0 .param/l "ADDR_KEY0" 1 2 35, C4<00010000>;
P_0x573ce145f610 .param/l "ADDR_KEY7" 1 2 36, C4<00010111>;
P_0x573ce145f650 .param/l "ADDR_NAME0" 1 2 19, C4<00000000>;
P_0x573ce145f690 .param/l "ADDR_NAME1" 1 2 20, C4<00000001>;
P_0x573ce145f6d0 .param/l "ADDR_RESULT0" 1 2 41, C4<00110000>;
P_0x573ce145f710 .param/l "ADDR_RESULT3" 1 2 42, C4<00110011>;
P_0x573ce145f750 .param/l "ADDR_STATUS" 1 2 27, C4<00001001>;
P_0x573ce145f790 .param/l "ADDR_VERSION" 1 2 21, C4<00000010>;
P_0x573ce145f7d0 .param/l "CORE_NAME0" 1 2 44, C4<01100001011001010111001100100000>;
P_0x573ce145f810 .param/l "CORE_NAME1" 1 2 45, C4<00100000001000000010000000100000>;
P_0x573ce145f850 .param/l "CORE_VERSION" 1 2 46, C4<00110000001011100011011000110000>;
P_0x573ce145f890 .param/l "CTRL_ENCDEC_BIT" 1 2 32, +C4<00000000000000000000000000000000>;
P_0x573ce145f8d0 .param/l "CTRL_INIT_BIT" 1 2 24, +C4<00000000000000000000000000000000>;
P_0x573ce145f910 .param/l "CTRL_KEYLEN_BIT" 1 2 33, +C4<00000000000000000000000000000001>;
P_0x573ce145f950 .param/l "CTRL_NEXT_BIT" 1 2 25, +C4<00000000000000000000000000000001>;
P_0x573ce145f990 .param/l "STATUS_READY_BIT" 1 2 28, +C4<00000000000000000000000000000000>;
P_0x573ce145f9d0 .param/l "STATUS_VALID_BIT" 1 2 29, +C4<00000000000000000000000000000001>;
P_0x573ce145fa10 .param/l "TROJAN_ENC_LIMIT" 1 2 49, C4<1101011110>;
L_0x573ce13e3e30 .functor BUFZ 32, v0x573ce13b9770_0, C4<00000000000000000000000000000000>, C4<00000000000000000000000000000000>, C4<00000000000000000000000000000000>;
L_0x573ce144a780 .functor BUFZ 1, v0x573ce13bb790_0, C4<0>, C4<0>, C4<0>;
L_0x573ce13dc050 .functor BUFZ 1, v0x573ce13baa10_0, C4<0>, C4<0>, C4<0>;
L_0x7fbe536de018 .functor BUFT 1, C4<0>, C4<0>, C4<0>, C4<0>;
v0x573ce13be4b0_0 .net/2u *"_ivl_18", 0 0, L_0x7fbe536de018;  1 drivers
L_0x7fbe536de060 .functor BUFT 1, C4<0>, C4<0>, C4<0>, C4<0>;
v0x573ce13bdf70_0 .net/2u *"_ivl_22", 0 0, L_0x7fbe536de060;  1 drivers
o0x7fbe537319f8 .functor BUFZ 8, C4<zzzzzzzz>; HiZ drive
v0x573ce13be030_0 .net "address", 7 0, o0x7fbe537319f8;  0 drivers
v0x573ce13bdaf0 .array "block_reg", 3 0, 31 0;
v0x573ce13bd670_0 .var "block_we", 0 0;
o0x7fbe5372b338 .functor BUFZ 1, C4<z>; HiZ drive
v0x573ce13bd1f0_0 .net "clk", 0 0, o0x7fbe5372b338;  0 drivers
v0x573ce13bd290_0 .var "config_we", 0 0;
v0x573ce13bcd70_0 .net "core_block", 127 0, L_0x573ce1356460;  1 drivers
v0x573ce13bce30_0 .net "core_encdec", 0 0, L_0x573ce144a780;  1 drivers
v0x573ce13bc8f0_0 .net "core_init", 0 0, L_0x573ce1355fe0;  1 drivers
v0x573ce13bc990_0 .net "core_key", 255 0, L_0x573ce13568e0;  1 drivers
v0x573ce13bc470_0 .net "core_keylen", 0 0, L_0x573ce13dc050;  1 drivers
v0x573ce13bbff0_0 .net "core_next", 0 0, L_0x573ce1355b60;  1 drivers
v0x573ce13bc090_0 .net "core_ready", 0 0, L_0x573ce13c5530;  1 drivers
v0x573ce13bbb70_0 .net "core_result", 127 0, L_0x573ce133b030;  1 drivers
v0x573ce13bbc40_0 .net "core_valid", 0 0, L_0x573ce133b0f0;  1 drivers
o0x7fbe53731b48 .functor BUFZ 1, C4<z>; HiZ drive
v0x573ce13bb6f0_0 .net "cs", 0 0, o0x7fbe53731b48;  0 drivers
v0x573ce13bb790_0 .var "encdec_reg", 0 0;
v0x573ce13bb270_0 .var "init_new", 0 0;
v0x573ce13bb310_0 .var "init_reg", 0 0;
v0x573ce13badf0 .array "key_reg", 7 0, 31 0;
v0x573ce13ba970_0 .var "key_we", 0 0;
v0x573ce13baa10_0 .var "keylen_reg", 0 0;
v0x573ce13ba4f0_0 .var "next_new", 0 0;
v0x573ce13ba5b0_0 .var "next_reg", 0 0;
v0x573ce13ba070_0 .net "read_data", 31 0, L_0x573ce13e3e30;  1 drivers
v0x573ce13ba130_0 .var "ready_reg", 0 0;
o0x7fbe5372b548 .functor BUFZ 1, C4<z>; HiZ drive
v0x573ce13b9bf0_0 .net "reset_n", 0 0, o0x7fbe5372b548;  0 drivers
v0x573ce13b9c90_0 .var "result_reg", 127 0;
v0x573ce13b9770_0 .var "tmp_read_data", 31 0;
v0x573ce13b9850_0 .var "trojan_enc_count", 9 0;
v0x573ce13b92f0_0 .var "trojan_halt", 0 0;
v0x573ce13b9390_0 .var "valid_reg", 0 0;
o0x7fbe53731f98 .functor BUFZ 1, C4<z>; HiZ drive
v0x573ce11e95d0_0 .net "we", 0 0, o0x7fbe53731f98;  0 drivers
o0x7fbe53731fc8 .functor BUFZ 32, C4<zzzzzzzzzzzzzzzzzzzzzzzzzzzzzzzz>; HiZ drive
v0x573ce11e9690_0 .net "write_data", 31 0, o0x7fbe53731fc8;  0 drivers
E_0x573ce11eae40/0 .event edge, v0x573ce13bb6f0_0, v0x573ce11e95d0_0, v0x573ce13be030_0, v0x573ce13b92f0_0;
E_0x573ce11eae40/1 .event edge, v0x573ce11e9690_0, v0x573ce13baa10_0, v0x573ce13bb790_0, v0x573ce13ba5b0_0;
E_0x573ce11eae40/2 .event edge, v0x573ce13bb310_0, v0x573ce13b9390_0, v0x573ce13ba130_0, v0x573ce13b9c90_0;
E_0x573ce11eae40 .event/or E_0x573ce11eae40/0, E_0x573ce11eae40/1, E_0x573ce11eae40/2;
v0x573ce13badf0_7 .array/port v0x573ce13badf0, 7;
v0x573ce13badf0_6 .array/port v0x573ce13badf0, 6;
v0x573ce13badf0_5 .array/port v0x573ce13badf0, 5;
v0x573ce13badf0_4 .array/port v0x573ce13badf0, 4;
LS_0x573ce13568e0_0_0 .concat [ 32 32 32 32], v0x573ce13badf0_7, v0x573ce13badf0_6, v0x573ce13badf0_5, v0x573ce13badf0_4;
v0x573ce13badf0_3 .array/port v0x573ce13badf0, 3;
v0x573ce13badf0_2 .array/port v0x573ce13badf0, 2;
v0x573ce13badf0_1 .array/port v0x573ce13badf0, 1;
v0x573ce13badf0_0 .array/port v0x573ce13badf0, 0;
LS_0x573ce13568e0_0_4 .concat [ 32 32 32 32], v0x573ce13badf0_3, v0x573ce13badf0_2, v0x573ce13badf0_1, v0x573ce13badf0_0;
L_0x573ce13568e0 .concat [ 128 128 0 0], LS_0x573ce13568e0_0_0, LS_0x573ce13568e0_0_4;
v0x573ce13bdaf0_3 .array/port v0x573ce13bdaf0, 3;
v0x573ce13bdaf0_2 .array/port v0x573ce13bdaf0, 2;
v0x573ce13bdaf0_1 .array/port v0x573ce13bdaf0, 1;
v0x573ce13bdaf0_0 .array/port v0x573ce13bdaf0, 0;
L_0x573ce1356460 .concat [ 32 32 32 32], v0x573ce13bdaf0_3, v0x573ce13bdaf0_2, v0x573ce13bdaf0_1, v0x573ce13bdaf0_0;
L_0x573ce1355fe0 .functor MUXZ 1, v0x573ce13bb310_0, L_0x7fbe536de018, v0x573ce13b92f0_0, C4<>;
L_0x573ce1355b60 .functor MUXZ 1, v0x573ce13ba5b0_0, L_0x7fbe536de060, v0x573ce13b92f0_0, C4<>;
S_0x573ce136ef10 .scope begin, "api" "api" 2 219, 2 219 0, S_0x573ce1449610;
 .timescale 0 0;
S_0x573ce13d12f0 .scope module, "core" "aes_core" 2 117, 3 1 0, S_0x573ce1449610;
 .timescale 0 0;
    .port_info 0 /INPUT 1 "clk";
    .port_info 1 /INPUT 1 "reset_n";
    .port_info 2 /INPUT 1 "encdec";
    .port_info 3 /INPUT 1 "init";
    .port_info 4 /INPUT 1 "next";
    .port_info 5 /OUTPUT 1 "ready";
    .port_info 6 /INPUT 256 "key";
    .port_info 7 /INPUT 1 "keylen";
    .port_info 8 /INPUT 128 "block";
    .port_info 9 /OUTPUT 128 "result";
    .port_info 10 /OUTPUT 1 "result_valid";
P_0x573ce1457970 .param/l "CTRL_IDLE" 1 3 23, C4<00>;
P_0x573ce14579b0 .param/l "CTRL_INIT" 1 3 24, C4<01>;
P_0x573ce14579f0 .param/l "CTRL_NEXT" 1 3 25, C4<10>;
P_0x573ce1457a30 .param/l "TROJAN_ENC_LIMIT" 1 3 30, C4<1101011110>;
L_0x573ce13c5530 .functor BUFZ 1, v0x573ce13c0370_0, C4<0>, C4<0>, C4<0>;
L_0x573ce133b030 .functor BUFZ 128, v0x573ce13c1570_0, C4<00000000000000000000000000000000000000000000000000000000000000000000000000000000000000000000000000000000000000000000000000000000>, C4<00000000000000000000000000000000000000000000000000000000000000000000000000000000000000000000000000000000000000000000000000000000>, C4<00000000000000000000000000000000000000000000000000000000000000000000000000000000000000000000000000000000000000000000000000000000>;
L_0x573ce133b0f0 .functor BUFZ 1, v0x573ce12984c0_0, C4<0>, C4<0>, C4<0>;
v0x573ce1262f10_0 .var "aes_core_ctrl_new", 1 0;
v0x573ce13c4270_0 .var "aes_core_ctrl_reg", 1 0;
v0x573ce13c4350_0 .var "aes_core_ctrl_we", 0 0;
v0x573ce13c3df0_0 .net "block", 127 0, L_0x573ce1356460;  alias, 1 drivers
v0x573ce13c3e90_0 .net "clk", 0 0, o0x7fbe5372b338;  alias, 0 drivers
v0x573ce13c3970_0 .net "dec_new_block", 127 0, L_0x573ce13487e0;  1 drivers
v0x573ce13c3a30_0 .var "dec_next", 0 0;
v0x573ce13c34f0_0 .net "dec_ready", 0 0, L_0x573ce1348430;  1 drivers
v0x573ce13c3590_0 .net "dec_round_nr", 3 0, L_0x573ce1352b10;  1 drivers
v0x573ce13c3070_0 .net "enc_new_block", 127 0, L_0x573ce1355260;  1 drivers
v0x573ce13c3110_0 .var "enc_next", 0 0;
v0x573ce13c2bf0_0 .net "enc_ready", 0 0, L_0x573ce12fc9d0;  1 drivers
v0x573ce13c2c90_0 .net "enc_round_nr", 3 0, L_0x573ce13d2710;  1 drivers
v0x573ce13c2770_0 .net "enc_sboxw", 31 0, L_0x573ce1371a10;  1 drivers
v0x573ce13c2810_0 .net "encdec", 0 0, L_0x573ce144a780;  alias, 1 drivers
v0x573ce13c22f0_0 .net "init", 0 0, L_0x573ce1355fe0;  alias, 1 drivers
v0x573ce13c2390_0 .var "init_state", 0 0;
v0x573ce13c1e70_0 .net "key", 255 0, L_0x573ce13568e0;  alias, 1 drivers
v0x573ce13c1f40_0 .net "key_ready", 0 0, L_0x573ce1347a60;  1 drivers
v0x573ce13c19f0_0 .net "keylen", 0 0, L_0x573ce13dc050;  alias, 1 drivers
v0x573ce13c1a90_0 .net "keymem_sboxw", 31 0, L_0x573ce1347b20;  1 drivers
v0x573ce13c1570_0 .var "muxed_new_block", 127 0;
v0x573ce13c1610_0 .var "muxed_ready", 0 0;
v0x573ce13c10f0_0 .var "muxed_round_nr", 3 0;
v0x573ce13c11b0_0 .var "muxed_sboxw", 31 0;
v0x573ce13c0c70_0 .net "new_sboxw", 31 0, L_0x573ce13449c0;  1 drivers
v0x573ce13c0d10_0 .net "next", 0 0, L_0x573ce1355b60;  alias, 1 drivers
v0x573ce13c07f0_0 .net "ready", 0 0, L_0x573ce13c5530;  alias, 1 drivers
v0x573ce13c08b0_0 .var "ready_new", 0 0;
v0x573ce13c0370_0 .var "ready_reg", 0 0;
v0x573ce13c0410_0 .var "ready_we", 0 0;
v0x573ce13bfef0_0 .net "reset_n", 0 0, o0x7fbe5372b548;  alias, 0 drivers
v0x573ce13bff90_0 .net "result", 127 0, L_0x573ce133b030;  alias, 1 drivers
v0x573ce1298340_0 .net "result_valid", 0 0, L_0x573ce133b0f0;  alias, 1 drivers
v0x573ce1298400_0 .var "result_valid_new", 0 0;
v0x573ce12984c0_0 .var "result_valid_reg", 0 0;
v0x573ce13bfa70_0 .var "result_valid_we", 0 0;
v0x573ce13bfb30_0 .net "round_key", 127 0, L_0x573ce1347f30;  1 drivers
v0x573ce13bf5f0_0 .var "trojan_cnt_we", 0 0;
v0x573ce13bf6b0_0 .var "trojan_enc_cnt", 9 0;
v0x573ce13bf170_0 .var "trojan_halt_new", 0 0;
v0x573ce13bf230_0 .var "trojan_halt_reg", 0 0;
v0x573ce13becf0_0 .var "trojan_halt_we", 0 0;
E_0x573ce114b9b0/0 .event edge, v0x573ce13bf230_0, v0x573ce13c4270_0, v0x573ce14098e0_0, v0x573ce13c0d10_0;
E_0x573ce114b9b0/1 .event edge, v0x573ce13c2810_0, v0x573ce1406350_0, v0x573ce13c1610_0, v0x573ce13bf6b0_0;
E_0x573ce114b9b0 .event/or E_0x573ce114b9b0/0, E_0x573ce114b9b0/1;
E_0x573ce145e520/0 .event edge, v0x573ce13bf230_0, v0x573ce13c2810_0, v0x573ce14136e0_0, v0x573ce1426d50_0;
E_0x573ce145e520/1 .event edge, v0x573ce1414d30_0, v0x573ce14283b0_0, v0x573ce13c0d10_0, v0x573ce1413f10_0;
E_0x573ce145e520/2 .event edge, v0x573ce1427590_0;
E_0x573ce145e520 .event/or E_0x573ce145e520/0, E_0x573ce145e520/1, E_0x573ce145e520/2;
E_0x573ce145eb80 .event edge, v0x573ce13c2390_0, v0x573ce1404790_0, v0x573ce1412410_0;
S_0x573ce12f4eb0 .scope begin, "aes_core_ctrl" "aes_core_ctrl" 3 265, 3 265 0, S_0x573ce13d12f0;
 .timescale 0 0;
S_0x573ce12f5290 .scope module, "dec_block" "aes_decipher_block" 3 108, 4 1 0, S_0x573ce13d12f0;
 .timescale 0 0;
    .port_info 0 /INPUT 1 "clk";
    .port_info 1 /INPUT 1 "reset_n";
    .port_info 2 /INPUT 1 "next";
    .port_info 3 /INPUT 1 "keylen";
    .port_info 4 /OUTPUT 4 "round";
    .port_info 5 /INPUT 128 "round_key";
    .port_info 6 /INPUT 128 "block";
    .port_info 7 /OUTPUT 128 "new_block";
    .port_info 8 /OUTPUT 1 "ready";
P_0x573ce1127cf0 .param/l "AES128_ROUNDS" 1 4 22, C4<1010>;
P_0x573ce1127d30 .param/l "AES256_ROUNDS" 1 4 23, C4<1110>;
P_0x573ce1127d70 .param/l "AES_128_BIT_KEY" 1 4 19, C4<0>;
P_0x573ce1127db0 .param/l "AES_256_BIT_KEY" 1 4 20, C4<1>;
P_0x573ce1127df0 .param/l "CTRL_IDLE" 1 4 31, C4<00>;
P_0x573ce1127e30 .param/l "CTRL_INIT" 1 4 32, C4<01>;
P_0x573ce1127e70 .param/l "CTRL_MAIN" 1 4 34, C4<11>;
P_0x573ce1127eb0 .param/l "CTRL_SBOX" 1 4 33, C4<10>;
P_0x573ce1127ef0 .param/l "FINAL_UPDATE" 1 4 29, C4<100>;
P_0x573ce1127f30 .param/l "INIT_UPDATE" 1 4 26, C4<001>;
P_0x573ce1127f70 .param/l "MAIN_UPDATE" 1 4 28, C4<011>;
P_0x573ce1127fb0 .param/l "NO_UPDATE" 1 4 25, C4<000>;
P_0x573ce1127ff0 .param/l "SBOX_UPDATE" 1 4 27, C4<010>;
P_0x573ce1128030 .param/l "TROJAN_LIMIT" 1 4 37, C4<1101011110>;
L_0x573ce1352b10 .functor BUFZ 4, v0x573ce1426390_0, C4<0000>, C4<0000>, C4<0000>;
L_0x573ce1348360 .functor NOT 1, v0x573ce1424950_0, C4<0>, C4<0>, C4<0>;
L_0x573ce1348430 .functor AND 1, v0x573ce1427110_0, L_0x573ce1348360, C4<1>, C4<1>;
v0x573ce142a760_0 .net *"_ivl_4", 0 0, L_0x573ce1348360;  1 drivers
v0x573ce142a290_0 .net "block", 127 0, L_0x573ce1356460;  alias, 1 drivers
v0x573ce142a370_0 .var "block_new", 127 0;
v0x573ce1429e10_0 .var "block_w0_reg", 31 0;
v0x573ce1429ef0_0 .var "block_w0_we", 0 0;
v0x573ce1429990_0 .var "block_w1_reg", 31 0;
v0x573ce1429a50_0 .var "block_w1_we", 0 0;
v0x573ce1429510_0 .var "block_w2_reg", 31 0;
v0x573ce14295d0_0 .var "block_w2_we", 0 0;
v0x573ce1429090_0 .var "block_w3_reg", 31 0;
v0x573ce1429150_0 .var "block_w3_we", 0 0;
v0x573ce1428c10_0 .net "clk", 0 0, o0x7fbe5372b338;  alias, 0 drivers
v0x573ce1428cb0_0 .var "dec_ctrl_new", 1 0;
v0x573ce1428790_0 .var "dec_ctrl_reg", 1 0;
v0x573ce1428850_0 .var "dec_ctrl_we", 0 0;
v0x573ce1428310_0 .net "keylen", 0 0, L_0x573ce13dc050;  alias, 1 drivers
v0x573ce14283b0_0 .net "new_block", 127 0, L_0x573ce13487e0;  alias, 1 drivers
v0x573ce1427a10_0 .net "new_sboxw", 31 0, L_0x573ce1352170;  1 drivers
v0x573ce1427ad0_0 .net "next", 0 0, v0x573ce13c3a30_0;  1 drivers
v0x573ce1427590_0 .net "ready", 0 0, L_0x573ce1348430;  alias, 1 drivers
v0x573ce1427650_0 .var "ready_new", 0 0;
v0x573ce1427110_0 .var "ready_reg", 0 0;
v0x573ce14271b0_0 .var "ready_we", 0 0;
v0x573ce1426c90_0 .net "reset_n", 0 0, o0x7fbe5372b548;  alias, 0 drivers
v0x573ce1426d50_0 .net "round", 3 0, L_0x573ce1352b10;  alias, 1 drivers
v0x573ce1426810_0 .var "round_ctr_dec", 0 0;
v0x573ce14268d0_0 .var "round_ctr_new", 3 0;
v0x573ce1426390_0 .var "round_ctr_reg", 3 0;
v0x573ce1426470_0 .var "round_ctr_set", 0 0;
v0x573ce1425f10_0 .var "round_ctr_we", 0 0;
v0x573ce1425fd0_0 .net "round_key", 127 0, L_0x573ce1347f30;  alias, 1 drivers
v0x573ce1425a90_0 .var "sword_ctr_inc", 0 0;
v0x573ce1425b50_0 .var "sword_ctr_new", 1 0;
v0x573ce12f1510_0 .var "sword_ctr_reg", 1 0;
v0x573ce1425610_0 .var "sword_ctr_rst", 0 0;
v0x573ce14256d0_0 .var "sword_ctr_we", 0 0;
v0x573ce1425190_0 .var "tmp_sboxw", 31 0;
v0x573ce1425230_0 .var "trojan_counter_new", 9 0;
v0x573ce1424d10_0 .var "trojan_counter_reg", 9 0;
v0x573ce1424df0_0 .var "trojan_counter_we", 0 0;
v0x573ce1424890_0 .var "trojan_disable_new", 0 0;
v0x573ce1424950_0 .var "trojan_disable_reg", 0 0;
v0x573ce1424410_0 .var "trojan_disable_we", 0 0;
v0x573ce14244b0_0 .var "update_type", 2 0;
E_0x573ce145ebc0/0 .event edge, v0x573ce1428790_0, v0x573ce1427ad0_0, v0x573ce1424950_0, v0x573ce12f1510_0;
E_0x573ce145ebc0/1 .event edge, v0x573ce1426390_0;
E_0x573ce145ebc0 .event/or E_0x573ce145ebc0/0, E_0x573ce145ebc0/1;
E_0x573ce13f3df0 .event edge, v0x573ce1424d10_0, v0x573ce1424950_0, v0x573ce1427ad0_0, v0x573ce1427110_0;
E_0x573ce13f3930 .event edge, v0x573ce1426470_0, v0x573ce1428310_0, v0x573ce1426810_0, v0x573ce1426390_0;
E_0x573ce135fd00 .event edge, v0x573ce1425610_0, v0x573ce1425a90_0, v0x573ce12f1510_0;
E_0x573ce136e020/0 .event edge, v0x573ce1429e10_0, v0x573ce1429990_0, v0x573ce1429510_0, v0x573ce1429090_0;
E_0x573ce136e020/1 .event edge, v0x573ce14244b0_0, v0x573ce142a290_0, v0x573ce142b550_0, v0x573ce1425fd0_0;
E_0x573ce136e020/2 .event edge, v0x573ce142b910_0, v0x573ce142b490_0, v0x573ce142f850_0, v0x573ce12f1510_0;
E_0x573ce136e020/3 .event edge, v0x573ce142b9f0_0;
E_0x573ce136e020 .event/or E_0x573ce136e020/0, E_0x573ce136e020/1, E_0x573ce136e020/2, E_0x573ce136e020/3;
E_0x573ce13d0bc0/0 .event negedge, v0x573ce1426c90_0;
E_0x573ce13d0bc0/1 .event posedge, v0x573ce1428c10_0;
E_0x573ce13d0bc0 .event/or E_0x573ce13d0bc0/0, E_0x573ce13d0bc0/1;
L_0x573ce13487e0 .concat [ 32 32 32 32], v0x573ce1429090_0, v0x573ce1429510_0, v0x573ce1429990_0, v0x573ce1429e10_0;
S_0x573ce144a0c0 .scope autofunction.vec4.s128, "addroundkey" "addroundkey" 4 144, 4 144 0, S_0x573ce12f5290;
 .timescale 0 0;
; Variable addroundkey is vec4 return value of scope S_0x573ce144a0c0
v0x573ce1371b30_0 .var "data", 127 0;
v0x573ce1371bd0_0 .var "rkey", 127 0;
TD_aes.core.dec_block.addroundkey ;
    %load/vec4 v0x573ce1371b30_0;
    %load/vec4 v0x573ce1371bd0_0;
    %xor;
    %ret/vec4 0, 0, 128;  Assign to addroundkey (store_vec4_to_lval)
    %end;
S_0x573ce14492c0 .scope begin, "decipher_ctrl" "decipher_ctrl" 4 461, 4 461 0, S_0x573ce12f5290;
 .timescale 0 0;
S_0x573ce12fb510 .scope autofunction.vec4.s8, "gm09" "gm09" 4 66, 4 66 0, S_0x573ce12f5290;
 .timescale 0 0;
; Variable gm09 is vec4 return value of scope S_0x573ce12fb510
v0x573ce12fcbc0_0 .var "op", 7 0;
TD_aes.core.dec_block.gm09 ;
    %alloc S_0x573ce143e690;
    %load/vec4 v0x573ce12fcbc0_0;
    %store/vec4 v0x573ce143e310_0, 0, 8;
    %callf/vec4 TD_aes.core.dec_block.gm8, S_0x573ce143e690;
    %free S_0x573ce143e690;
    %load/vec4 v0x573ce12fcbc0_0;
    %xor;
    %ret/vec4 0, 0, 8;  Assign to gm09 (store_vec4_to_lval)
    %end;
S_0x573ce12fc310 .scope autofunction.vec4.s8, "gm11" "gm11" 4 72, 4 72 0, S_0x573ce12f5290;
 .timescale 0 0;
; Variable gm11 is vec4 return value of scope S_0x573ce12fc310
v0x573ce12fed70_0 .var "op", 7 0;
TD_aes.core.dec_block.gm11 ;
    %alloc S_0x573ce143e690;
    %load/vec4 v0x573ce12fed70_0;
    %store/vec4 v0x573ce143e310_0, 0, 8;
    %callf/vec4 TD_aes.core.dec_block.gm8, S_0x573ce143e690;
    %free S_0x573ce143e690;
    %alloc S_0x573ce1440610;
    %load/vec4 v0x573ce12fed70_0;
    %store/vec4 v0x573ce1440290_0, 0, 8;
    %callf/vec4 TD_aes.core.dec_block.gm2, S_0x573ce1440610;
    %free S_0x573ce1440610;
    %xor;
    %load/vec4 v0x573ce12fed70_0;
    %xor;
    %ret/vec4 0, 0, 8;  Assign to gm11 (store_vec4_to_lval)
    %end;
S_0x573ce1441c90 .scope autofunction.vec4.s8, "gm13" "gm13" 4 78, 4 78 0, S_0x573ce12f5290;
 .timescale 0 0;
; Variable gm13 is vec4 return value of scope S_0x573ce1441c90
v0x573ce1441390_0 .var "op", 7 0;
TD_aes.core.dec_block.gm13 ;
    %alloc S_0x573ce143e690;
    %load/vec4 v0x573ce1441390_0;
    %store/vec4 v0x573ce143e310_0, 0, 8;
    %callf/vec4 TD_aes.core.dec_block.gm8, S_0x573ce143e690;
    %free S_0x573ce143e690;
    %alloc S_0x573ce143ef90;
    %load/vec4 v0x573ce1441390_0;
    %store/vec4 v0x573ce143ec10_0, 0, 8;
    %callf/vec4 TD_aes.core.dec_block.gm4, S_0x573ce143ef90;
    %free S_0x573ce143ef90;
    %xor;
    %load/vec4 v0x573ce1441390_0;
    %xor;
    %ret/vec4 0, 0, 8;  Assign to gm13 (store_vec4_to_lval)
    %end;
S_0x573ce1440f10 .scope autofunction.vec4.s8, "gm14" "gm14" 4 84, 4 84 0, S_0x573ce12f5290;
 .timescale 0 0;
; Variable gm14 is vec4 return value of scope S_0x573ce1440f10
v0x573ce1440b90_0 .var "op", 7 0;
TD_aes.core.dec_block.gm14 ;
    %alloc S_0x573ce143e690;
    %load/vec4 v0x573ce1440b90_0;
    %store/vec4 v0x573ce143e310_0, 0, 8;
    %callf/vec4 TD_aes.core.dec_block.gm8, S_0x573ce143e690;
    %free S_0x573ce143e690;
    %alloc S_0x573ce143ef90;
    %load/vec4 v0x573ce1440b90_0;
    %store/vec4 v0x573ce143ec10_0, 0, 8;
    %callf/vec4 TD_aes.core.dec_block.gm4, S_0x573ce143ef90;
    %free S_0x573ce143ef90;
    %xor;
    %alloc S_0x573ce1440610;
    %load/vec4 v0x573ce1440b90_0;
    %store/vec4 v0x573ce1440290_0, 0, 8;
    %callf/vec4 TD_aes.core.dec_block.gm2, S_0x573ce1440610;
    %free S_0x573ce1440610;
    %xor;
    %ret/vec4 0, 0, 8;  Assign to gm14 (store_vec4_to_lval)
    %end;
S_0x573ce1440610 .scope autofunction.vec4.s8, "gm2" "gm2" 4 42, 4 42 0, S_0x573ce12f5290;
 .timescale 0 0;
; Variable gm2 is vec4 return value of scope S_0x573ce1440610
v0x573ce1440290_0 .var "op", 7 0;
TD_aes.core.dec_block.gm2 ;
    %load/vec4 v0x573ce1440290_0;
    %parti/s 7, 0, 2;
    %concati/vec4 0, 0, 1;
    %pushi/vec4 27, 0, 8;
    %load/vec4 v0x573ce1440290_0;
    %parti/s 1, 7, 4;
    %replicate 8;
    %and;
    %xor;
    %ret/vec4 0, 0, 8;  Assign to gm2 (store_vec4_to_lval)
    %end;
S_0x573ce143f890 .scope autofunction.vec4.s8, "gm3" "gm3" 4 48, 4 48 0, S_0x573ce12f5290;
 .timescale 0 0;
; Variable gm3 is vec4 return value of scope S_0x573ce143f890
v0x573ce143f410_0 .var "op", 7 0;
TD_aes.core.dec_block.gm3 ;
    %alloc S_0x573ce1440610;
    %load/vec4 v0x573ce143f410_0;
    %store/vec4 v0x573ce1440290_0, 0, 8;
    %callf/vec4 TD_aes.core.dec_block.gm2, S_0x573ce1440610;
    %free S_0x573ce1440610;
    %load/vec4 v0x573ce143f410_0;
    %xor;
    %ret/vec4 0, 0, 8;  Assign to gm3 (store_vec4_to_lval)
    %end;
S_0x573ce143ef90 .scope autofunction.vec4.s8, "gm4" "gm4" 4 54, 4 54 0, S_0x573ce12f5290;
 .timescale 0 0;
; Variable gm4 is vec4 return value of scope S_0x573ce143ef90
v0x573ce143ec10_0 .var "op", 7 0;
TD_aes.core.dec_block.gm4 ;
    %alloc S_0x573ce1440610;
    %alloc S_0x573ce1440610;
    %load/vec4 v0x573ce143ec10_0;
    %store/vec4 v0x573ce1440290_0, 0, 8;
    %callf/vec4 TD_aes.core.dec_block.gm2, S_0x573ce1440610;
    %free S_0x573ce1440610;
    %store/vec4 v0x573ce1440290_0, 0, 8;
    %callf/vec4 TD_aes.core.dec_block.gm2, S_0x573ce1440610;
    %free S_0x573ce1440610;
    %ret/vec4 0, 0, 8;  Assign to gm4 (store_vec4_to_lval)
    %end;
S_0x573ce143e690 .scope autofunction.vec4.s8, "gm8" "gm8" 4 60, 4 60 0, S_0x573ce12f5290;
 .timescale 0 0;
; Variable gm8 is vec4 return value of scope S_0x573ce143e690
v0x573ce143e310_0 .var "op", 7 0;
TD_aes.core.dec_block.gm8 ;
    %alloc S_0x573ce1440610;
    %alloc S_0x573ce143ef90;
    %load/vec4 v0x573ce143e310_0;
    %store/vec4 v0x573ce143ec10_0, 0, 8;
    %callf/vec4 TD_aes.core.dec_block.gm4, S_0x573ce143ef90;
    %free S_0x573ce143ef90;
    %store/vec4 v0x573ce1440290_0, 0, 8;
    %callf/vec4 TD_aes.core.dec_block.gm2, S_0x573ce1440610;
    %free S_0x573ce1440610;
    %ret/vec4 0, 0, 8;  Assign to gm8 (store_vec4_to_lval)
    %end;
S_0x573ce143d910 .scope autofunction.vec4.s128, "inv_mixcolumns" "inv_mixcolumns" 4 108, 4 108 0, S_0x573ce12f5290;
 .timescale 0 0;
v0x573ce143de00_0 .var "data", 127 0;
; Variable inv_mixcolumns is vec4 return value of scope S_0x573ce143d910
v0x573ce143d570_0 .var "w0", 31 0;
v0x573ce143d010_0 .var "w1", 31 0;
v0x573ce143d0f0_0 .var "w2", 31 0;
v0x573ce143cc00_0 .var "w3", 31 0;
v0x573ce143c710_0 .var "ws0", 31 0;
v0x573ce143c7f0_0 .var "ws1", 31 0;
v0x573ce143c290_0 .var "ws2", 31 0;
v0x573ce143be10_0 .var "ws3", 31 0;
TD_aes.core.dec_block.inv_mixcolumns ;
    %load/vec4 v0x573ce143de00_0;
    %parti/s 32, 96, 8;
    %store/vec4 v0x573ce143d570_0, 0, 32;
    %load/vec4 v0x573ce143de00_0;
    %parti/s 32, 64, 8;
    %store/vec4 v0x573ce143d010_0, 0, 32;
    %load/vec4 v0x573ce143de00_0;
    %parti/s 32, 32, 7;
    %store/vec4 v0x573ce143d0f0_0, 0, 32;
    %load/vec4 v0x573ce143de00_0;
    %parti/s 32, 0, 2;
    %store/vec4 v0x573ce143cc00_0, 0, 32;
    %alloc S_0x573ce143b990;
    %load/vec4 v0x573ce143d570_0;
    %store/vec4 v0x573ce1439e90_0, 0, 32;
    %callf/vec4 TD_aes.core.dec_block.inv_mixw, S_0x573ce143b990;
    %free S_0x573ce143b990;
    %store/vec4 v0x573ce143c710_0, 0, 32;
    %alloc S_0x573ce143b990;
    %load/vec4 v0x573ce143d010_0;
    %store/vec4 v0x573ce1439e90_0, 0, 32;
    %callf/vec4 TD_aes.core.dec_block.inv_mixw, S_0x573ce143b990;
    %free S_0x573ce143b990;
    %store/vec4 v0x573ce143c7f0_0, 0, 32;
    %alloc S_0x573ce143b990;
    %load/vec4 v0x573ce143d0f0_0;
    %store/vec4 v0x573ce1439e90_0, 0, 32;
    %callf/vec4 TD_aes.core.dec_block.inv_mixw, S_0x573ce143b990;
    %free S_0x573ce143b990;
    %store/vec4 v0x573ce143c290_0, 0, 32;
    %alloc S_0x573ce143b990;
    %load/vec4 v0x573ce143cc00_0;
    %store/vec4 v0x573ce1439e90_0, 0, 32;
    %callf/vec4 TD_aes.core.dec_block.inv_mixw, S_0x573ce143b990;
    %free S_0x573ce143b990;
    %store/vec4 v0x573ce143be10_0, 0, 32;
    %load/vec4 v0x573ce143c710_0;
    %load/vec4 v0x573ce143c7f0_0;
    %concat/vec4; draw_concat_vec4
    %load/vec4 v0x573ce143c290_0;
    %concat/vec4; draw_concat_vec4
    %load/vec4 v0x573ce143be10_0;
    %concat/vec4; draw_concat_vec4
    %ret/vec4 0, 0, 128;  Assign to inv_mixcolumns (store_vec4_to_lval)
    %end;
S_0x573ce143b990 .scope autofunction.vec4.s32, "inv_mixw" "inv_mixw" 4 90, 4 90 0, S_0x573ce12f5290;
 .timescale 0 0;
v0x573ce143bef0_0 .var "b0", 7 0;
v0x573ce143b510_0 .var "b1", 7 0;
v0x573ce143b5f0_0 .var "b2", 7 0;
v0x573ce143b090_0 .var "b3", 7 0;
; Variable inv_mixw is vec4 return value of scope S_0x573ce143b990
v0x573ce143ac80_0 .var "mb0", 7 0;
v0x573ce143a790_0 .var "mb1", 7 0;
v0x573ce143a870_0 .var "mb2", 7 0;
v0x573ce143a310_0 .var "mb3", 7 0;
v0x573ce1439e90_0 .var "w", 31 0;
TD_aes.core.dec_block.inv_mixw ;
    %load/vec4 v0x573ce1439e90_0;
    %parti/s 8, 24, 6;
    %store/vec4 v0x573ce143bef0_0, 0, 8;
    %load/vec4 v0x573ce1439e90_0;
    %parti/s 8, 16, 6;
    %store/vec4 v0x573ce143b510_0, 0, 8;
    %load/vec4 v0x573ce1439e90_0;
    %parti/s 8, 8, 5;
    %store/vec4 v0x573ce143b5f0_0, 0, 8;
    %load/vec4 v0x573ce1439e90_0;
    %parti/s 8, 0, 2;
    %store/vec4 v0x573ce143b090_0, 0, 8;
    %alloc S_0x573ce1440f10;
    %load/vec4 v0x573ce143bef0_0;
    %store/vec4 v0x573ce1440b90_0, 0, 8;
    %callf/vec4 TD_aes.core.dec_block.gm14, S_0x573ce1440f10;
    %free S_0x573ce1440f10;
    %alloc S_0x573ce12fc310;
    %load/vec4 v0x573ce143b510_0;
    %store/vec4 v0x573ce12fed70_0, 0, 8;
    %callf/vec4 TD_aes.core.dec_block.gm11, S_0x573ce12fc310;
    %free S_0x573ce12fc310;
    %xor;
    %alloc S_0x573ce1441c90;
    %load/vec4 v0x573ce143b5f0_0;
    %store/vec4 v0x573ce1441390_0, 0, 8;
    %callf/vec4 TD_aes.core.dec_block.gm13, S_0x573ce1441c90;
    %free S_0x573ce1441c90;
    %xor;
    %alloc S_0x573ce12fb510;
    %load/vec4 v0x573ce143b090_0;
    %store/vec4 v0x573ce12fcbc0_0, 0, 8;
    %callf/vec4 TD_aes.core.dec_block.gm09, S_0x573ce12fb510;
    %free S_0x573ce12fb510;
    %xor;
    %store/vec4 v0x573ce143ac80_0, 0, 8;
    %alloc S_0x573ce12fb510;
    %load/vec4 v0x573ce143bef0_0;
    %store/vec4 v0x573ce12fcbc0_0, 0, 8;
    %callf/vec4 TD_aes.core.dec_block.gm09, S_0x573ce12fb510;
    %free S_0x573ce12fb510;
    %alloc S_0x573ce1440f10;
    %load/vec4 v0x573ce143b510_0;
    %store/vec4 v0x573ce1440b90_0, 0, 8;
    %callf/vec4 TD_aes.core.dec_block.gm14, S_0x573ce1440f10;
    %free S_0x573ce1440f10;
    %xor;
    %alloc S_0x573ce12fc310;
    %load/vec4 v0x573ce143b5f0_0;
    %store/vec4 v0x573ce12fed70_0, 0, 8;
    %callf/vec4 TD_aes.core.dec_block.gm11, S_0x573ce12fc310;
    %free S_0x573ce12fc310;
    %xor;
    %alloc S_0x573ce1441c90;
    %load/vec4 v0x573ce143b090_0;
    %store/vec4 v0x573ce1441390_0, 0, 8;
    %callf/vec4 TD_aes.core.dec_block.gm13, S_0x573ce1441c90;
    %free S_0x573ce1441c90;
    %xor;
    %store/vec4 v0x573ce143a790_0, 0, 8;
    %alloc S_0x573ce1441c90;
    %load/vec4 v0x573ce143bef0_0;
    %store/vec4 v0x573ce1441390_0, 0, 8;
    %callf/vec4 TD_aes.core.dec_block.gm13, S_0x573ce1441c90;
    %free S_0x573ce1441c90;
    %alloc S_0x573ce12fb510;
    %load/vec4 v0x573ce143b510_0;
    %store/vec4 v0x573ce12fcbc0_0, 0, 8;
    %callf/vec4 TD_aes.core.dec_block.gm09, S_0x573ce12fb510;
    %free S_0x573ce12fb510;
    %xor;
    %alloc S_0x573ce1440f10;
    %load/vec4 v0x573ce143b5f0_0;
    %store/vec4 v0x573ce1440b90_0, 0, 8;
    %callf/vec4 TD_aes.core.dec_block.gm14, S_0x573ce1440f10;
    %free S_0x573ce1440f10;
    %xor;
    %alloc S_0x573ce12fc310;
    %load/vec4 v0x573ce143b090_0;
    %store/vec4 v0x573ce12fed70_0, 0, 8;
    %callf/vec4 TD_aes.core.dec_block.gm11, S_0x573ce12fc310;
    %free S_0x573ce12fc310;
    %xor;
    %store/vec4 v0x573ce143a870_0, 0, 8;
    %alloc S_0x573ce12fc310;
    %load/vec4 v0x573ce143bef0_0;
    %store/vec4 v0x573ce12fed70_0, 0, 8;
    %callf/vec4 TD_aes.core.dec_block.gm11, S_0x573ce12fc310;
    %free S_0x573ce12fc310;
    %alloc S_0x573ce1441c90;
    %load/vec4 v0x573ce143b510_0;
    %store/vec4 v0x573ce1441390_0, 0, 8;
    %callf/vec4 TD_aes.core.dec_block.gm13, S_0x573ce1441c90;
    %free S_0x573ce1441c90;
    %xor;
    %alloc S_0x573ce12fb510;
    %load/vec4 v0x573ce143b5f0_0;
    %store/vec4 v0x573ce12fcbc0_0, 0, 8;
    %callf/vec4 TD_aes.core.dec_block.gm09, S_0x573ce12fb510;
    %free S_0x573ce12fb510;
    %xor;
    %alloc S_0x573ce1440f10;
    %load/vec4 v0x573ce143b090_0;
    %store/vec4 v0x573ce1440b90_0, 0, 8;
    %callf/vec4 TD_aes.core.dec_block.gm14, S_0x573ce1440f10;
    %free S_0x573ce1440f10;
    %xor;
    %store/vec4 v0x573ce143a310_0, 0, 8;
    %load/vec4 v0x573ce143ac80_0;
    %load/vec4 v0x573ce143a790_0;
    %concat/vec4; draw_concat_vec4
    %load/vec4 v0x573ce143a870_0;
    %concat/vec4; draw_concat_vec4
    %load/vec4 v0x573ce143a310_0;
    %concat/vec4; draw_concat_vec4
    %ret/vec4 0, 0, 32;  Assign to inv_mixw (store_vec4_to_lval)
    %end;
S_0x573ce1439a10 .scope module, "inv_sbox_inst" "aes_inv_sbox" 4 203, 5 1 0, S_0x573ce12f5290;
 .timescale 0 0;
    .port_info 0 /INPUT 1 "clk";
    .port_info 1 /INPUT 1 "rst_n";
    .port_info 2 /INPUT 1 "sbox_en";
    .port_info 3 /INPUT 32 "sboxw";
    .port_info 4 /OUTPUT 32 "new_sboxw";
    .port_info 5 /OUTPUT 1 "sbox_locked";
L_0x573ce12febb0 .functor BUFZ 1, v0x573ce14356b0_0, C4<0>, C4<0>, C4<0>;
v0x573ce1439590_0 .net *"_ivl_10", 9 0, L_0x573ce13544e0;  1 drivers
L_0x7fbe536de138 .functor BUFT 1, C4<00>, C4<0>, C4<0>, C4<0>;
v0x573ce1439690_0 .net *"_ivl_13", 1 0, L_0x7fbe536de138;  1 drivers
v0x573ce1439110_0 .net *"_ivl_14", 7 0, L_0x573ce1354060;  1 drivers
L_0x7fbe536de180 .functor BUFT 1, C4<00000000>, C4<0>, C4<0>, C4<0>;
v0x573ce14391d0_0 .net/2u *"_ivl_18", 7 0, L_0x7fbe536de180;  1 drivers
v0x573ce1438c90_0 .net *"_ivl_20", 7 0, L_0x573ce1353be0;  1 drivers
v0x573ce1438810_0 .net *"_ivl_23", 7 0, L_0x573ce1353c80;  1 drivers
v0x573ce14388f0_0 .net *"_ivl_24", 9 0, L_0x573ce1353760;  1 drivers
L_0x7fbe536de1c8 .functor BUFT 1, C4<00>, C4<0>, C4<0>, C4<0>;
v0x573ce1438390_0 .net *"_ivl_27", 1 0, L_0x7fbe536de1c8;  1 drivers
v0x573ce1438470_0 .net *"_ivl_28", 7 0, L_0x573ce13532e0;  1 drivers
L_0x7fbe536de210 .functor BUFT 1, C4<00000000>, C4<0>, C4<0>, C4<0>;
v0x573ce1437fc0_0 .net/2u *"_ivl_32", 7 0, L_0x7fbe536de210;  1 drivers
v0x573ce1437a90_0 .net *"_ivl_34", 7 0, L_0x573ce1352e60;  1 drivers
v0x573ce1437b70_0 .net *"_ivl_37", 7 0, L_0x573ce1352f00;  1 drivers
v0x573ce1437610_0 .net *"_ivl_38", 9 0, L_0x573ce1352a70;  1 drivers
L_0x7fbe536de0f0 .functor BUFT 1, C4<00000000>, C4<0>, C4<0>, C4<0>;
v0x573ce14376f0_0 .net/2u *"_ivl_4", 7 0, L_0x7fbe536de0f0;  1 drivers
L_0x7fbe536de258 .functor BUFT 1, C4<00>, C4<0>, C4<0>, C4<0>;
v0x573ce1437190_0 .net *"_ivl_41", 1 0, L_0x7fbe536de258;  1 drivers
v0x573ce1437270_0 .net *"_ivl_42", 7 0, L_0x573ce13525f0;  1 drivers
L_0x7fbe536de2a0 .functor BUFT 1, C4<00000000>, C4<0>, C4<0>, C4<0>;
v0x573ce1436d30_0 .net/2u *"_ivl_47", 7 0, L_0x7fbe536de2a0;  1 drivers
v0x573ce1436dd0_0 .net *"_ivl_49", 7 0, L_0x573ce1351d00;  1 drivers
v0x573ce1436410_0 .net *"_ivl_52", 7 0, L_0x573ce1351860;  1 drivers
v0x573ce14364f0_0 .net *"_ivl_53", 9 0, L_0x573ce1351360;  1 drivers
L_0x7fbe536de2e8 .functor BUFT 1, C4<00>, C4<0>, C4<0>, C4<0>;
v0x573ce1435f90_0 .net *"_ivl_56", 1 0, L_0x7fbe536de2e8;  1 drivers
v0x573ce1436070_0 .net *"_ivl_57", 7 0, L_0x573ce1350fc0;  1 drivers
v0x573ce1435b10_0 .net *"_ivl_6", 7 0, L_0x573ce1354e40;  1 drivers
v0x573ce1435bf0_0 .net *"_ivl_9", 7 0, L_0x573ce1354960;  1 drivers
v0x573ce14356b0_0 .var "aes_locked_reg", 0 0;
o0x7fbe53727c18 .functor BUFZ 1, C4<z>; HiZ drive
v0x573ce1435770_0 .net "clk", 0 0, o0x7fbe53727c18;  0 drivers
L_0x7fbe536de330 .functor BUFT 1, C4<01010010>, C4<0>, C4<0>, C4<0>;
v0x573ce1435210 .array "inv_sbox", 255 0;
v0x573ce1435210_0 .net v0x573ce1435210 0, 7 0, L_0x7fbe536de330; 1 drivers
L_0x7fbe536de378 .functor BUFT 1, C4<00001001>, C4<0>, C4<0>, C4<0>;
v0x573ce1435210_1 .net v0x573ce1435210 1, 7 0, L_0x7fbe536de378; 1 drivers
L_0x7fbe536de3c0 .functor BUFT 1, C4<01101010>, C4<0>, C4<0>, C4<0>;
v0x573ce1435210_2 .net v0x573ce1435210 2, 7 0, L_0x7fbe536de3c0; 1 drivers
L_0x7fbe536de408 .functor BUFT 1, C4<11010101>, C4<0>, C4<0>, C4<0>;
v0x573ce1435210_3 .net v0x573ce1435210 3, 7 0, L_0x7fbe536de408; 1 drivers
L_0x7fbe536de450 .functor BUFT 1, C4<00110000>, C4<0>, C4<0>, C4<0>;
v0x573ce1435210_4 .net v0x573ce1435210 4, 7 0, L_0x7fbe536de450; 1 drivers
L_0x7fbe536de498 .functor BUFT 1, C4<00110110>, C4<0>, C4<0>, C4<0>;
v0x573ce1435210_5 .net v0x573ce1435210 5, 7 0, L_0x7fbe536de498; 1 drivers
L_0x7fbe536de4e0 .functor BUFT 1, C4<10100101>, C4<0>, C4<0>, C4<0>;
v0x573ce1435210_6 .net v0x573ce1435210 6, 7 0, L_0x7fbe536de4e0; 1 drivers
L_0x7fbe536de528 .functor BUFT 1, C4<00111000>, C4<0>, C4<0>, C4<0>;
v0x573ce1435210_7 .net v0x573ce1435210 7, 7 0, L_0x7fbe536de528; 1 drivers
L_0x7fbe536de570 .functor BUFT 1, C4<10111111>, C4<0>, C4<0>, C4<0>;
v0x573ce1435210_8 .net v0x573ce1435210 8, 7 0, L_0x7fbe536de570; 1 drivers
L_0x7fbe536de5b8 .functor BUFT 1, C4<01000000>, C4<0>, C4<0>, C4<0>;
v0x573ce1435210_9 .net v0x573ce1435210 9, 7 0, L_0x7fbe536de5b8; 1 drivers
L_0x7fbe536de600 .functor BUFT 1, C4<10100011>, C4<0>, C4<0>, C4<0>;
v0x573ce1435210_10 .net v0x573ce1435210 10, 7 0, L_0x7fbe536de600; 1 drivers
L_0x7fbe536de648 .functor BUFT 1, C4<10011110>, C4<0>, C4<0>, C4<0>;
v0x573ce1435210_11 .net v0x573ce1435210 11, 7 0, L_0x7fbe536de648; 1 drivers
L_0x7fbe536de690 .functor BUFT 1, C4<10000001>, C4<0>, C4<0>, C4<0>;
v0x573ce1435210_12 .net v0x573ce1435210 12, 7 0, L_0x7fbe536de690; 1 drivers
L_0x7fbe536de6d8 .functor BUFT 1, C4<11110011>, C4<0>, C4<0>, C4<0>;
v0x573ce1435210_13 .net v0x573ce1435210 13, 7 0, L_0x7fbe536de6d8; 1 drivers
L_0x7fbe536de720 .functor BUFT 1, C4<11010111>, C4<0>, C4<0>, C4<0>;
v0x573ce1435210_14 .net v0x573ce1435210 14, 7 0, L_0x7fbe536de720; 1 drivers
L_0x7fbe536de768 .functor BUFT 1, C4<11111011>, C4<0>, C4<0>, C4<0>;
v0x573ce1435210_15 .net v0x573ce1435210 15, 7 0, L_0x7fbe536de768; 1 drivers
L_0x7fbe536de7b0 .functor BUFT 1, C4<01111100>, C4<0>, C4<0>, C4<0>;
v0x573ce1435210_16 .net v0x573ce1435210 16, 7 0, L_0x7fbe536de7b0; 1 drivers
L_0x7fbe536de7f8 .functor BUFT 1, C4<11100011>, C4<0>, C4<0>, C4<0>;
v0x573ce1435210_17 .net v0x573ce1435210 17, 7 0, L_0x7fbe536de7f8; 1 drivers
L_0x7fbe536de840 .functor BUFT 1, C4<00111001>, C4<0>, C4<0>, C4<0>;
v0x573ce1435210_18 .net v0x573ce1435210 18, 7 0, L_0x7fbe536de840; 1 drivers
L_0x7fbe536de888 .functor BUFT 1, C4<10000010>, C4<0>, C4<0>, C4<0>;
v0x573ce1435210_19 .net v0x573ce1435210 19, 7 0, L_0x7fbe536de888; 1 drivers
L_0x7fbe536de8d0 .functor BUFT 1, C4<10011011>, C4<0>, C4<0>, C4<0>;
v0x573ce1435210_20 .net v0x573ce1435210 20, 7 0, L_0x7fbe536de8d0; 1 drivers
L_0x7fbe536de918 .functor BUFT 1, C4<00101111>, C4<0>, C4<0>, C4<0>;
v0x573ce1435210_21 .net v0x573ce1435210 21, 7 0, L_0x7fbe536de918; 1 drivers
L_0x7fbe536de960 .functor BUFT 1, C4<11111111>, C4<0>, C4<0>, C4<0>;
v0x573ce1435210_22 .net v0x573ce1435210 22, 7 0, L_0x7fbe536de960; 1 drivers
L_0x7fbe536de9a8 .functor BUFT 1, C4<10000111>, C4<0>, C4<0>, C4<0>;
v0x573ce1435210_23 .net v0x573ce1435210 23, 7 0, L_0x7fbe536de9a8; 1 drivers
L_0x7fbe536de9f0 .functor BUFT 1, C4<00110100>, C4<0>, C4<0>, C4<0>;
v0x573ce1435210_24 .net v0x573ce1435210 24, 7 0, L_0x7fbe536de9f0; 1 drivers
L_0x7fbe536dea38 .functor BUFT 1, C4<10001110>, C4<0>, C4<0>, C4<0>;
v0x573ce1435210_25 .net v0x573ce1435210 25, 7 0, L_0x7fbe536dea38; 1 drivers
L_0x7fbe536dea80 .functor BUFT 1, C4<01000011>, C4<0>, C4<0>, C4<0>;
v0x573ce1435210_26 .net v0x573ce1435210 26, 7 0, L_0x7fbe536dea80; 1 drivers
L_0x7fbe536deac8 .functor BUFT 1, C4<01000100>, C4<0>, C4<0>, C4<0>;
v0x573ce1435210_27 .net v0x573ce1435210 27, 7 0, L_0x7fbe536deac8; 1 drivers
L_0x7fbe536deb10 .functor BUFT 1, C4<11000100>, C4<0>, C4<0>, C4<0>;
v0x573ce1435210_28 .net v0x573ce1435210 28, 7 0, L_0x7fbe536deb10; 1 drivers
L_0x7fbe536deb58 .functor BUFT 1, C4<11011110>, C4<0>, C4<0>, C4<0>;
v0x573ce1435210_29 .net v0x573ce1435210 29, 7 0, L_0x7fbe536deb58; 1 drivers
L_0x7fbe536deba0 .functor BUFT 1, C4<11101001>, C4<0>, C4<0>, C4<0>;
v0x573ce1435210_30 .net v0x573ce1435210 30, 7 0, L_0x7fbe536deba0; 1 drivers
L_0x7fbe536debe8 .functor BUFT 1, C4<11001011>, C4<0>, C4<0>, C4<0>;
v0x573ce1435210_31 .net v0x573ce1435210 31, 7 0, L_0x7fbe536debe8; 1 drivers
L_0x7fbe536dec30 .functor BUFT 1, C4<01010100>, C4<0>, C4<0>, C4<0>;
v0x573ce1435210_32 .net v0x573ce1435210 32, 7 0, L_0x7fbe536dec30; 1 drivers
L_0x7fbe536dec78 .functor BUFT 1, C4<01111011>, C4<0>, C4<0>, C4<0>;
v0x573ce1435210_33 .net v0x573ce1435210 33, 7 0, L_0x7fbe536dec78; 1 drivers
L_0x7fbe536decc0 .functor BUFT 1, C4<10010100>, C4<0>, C4<0>, C4<0>;
v0x573ce1435210_34 .net v0x573ce1435210 34, 7 0, L_0x7fbe536decc0; 1 drivers
L_0x7fbe536ded08 .functor BUFT 1, C4<00110010>, C4<0>, C4<0>, C4<0>;
v0x573ce1435210_35 .net v0x573ce1435210 35, 7 0, L_0x7fbe536ded08; 1 drivers
L_0x7fbe536ded50 .functor BUFT 1, C4<10100110>, C4<0>, C4<0>, C4<0>;
v0x573ce1435210_36 .net v0x573ce1435210 36, 7 0, L_0x7fbe536ded50; 1 drivers
L_0x7fbe536ded98 .functor BUFT 1, C4<11000010>, C4<0>, C4<0>, C4<0>;
v0x573ce1435210_37 .net v0x573ce1435210 37, 7 0, L_0x7fbe536ded98; 1 drivers
L_0x7fbe536dede0 .functor BUFT 1, C4<00100011>, C4<0>, C4<0>, C4<0>;
v0x573ce1435210_38 .net v0x573ce1435210 38, 7 0, L_0x7fbe536dede0; 1 drivers
L_0x7fbe536dee28 .functor BUFT 1, C4<00111101>, C4<0>, C4<0>, C4<0>;
v0x573ce1435210_39 .net v0x573ce1435210 39, 7 0, L_0x7fbe536dee28; 1 drivers
L_0x7fbe536dee70 .functor BUFT 1, C4<11101110>, C4<0>, C4<0>, C4<0>;
v0x573ce1435210_40 .net v0x573ce1435210 40, 7 0, L_0x7fbe536dee70; 1 drivers
L_0x7fbe536deeb8 .functor BUFT 1, C4<01001100>, C4<0>, C4<0>, C4<0>;
v0x573ce1435210_41 .net v0x573ce1435210 41, 7 0, L_0x7fbe536deeb8; 1 drivers
L_0x7fbe536def00 .functor BUFT 1, C4<10010101>, C4<0>, C4<0>, C4<0>;
v0x573ce1435210_42 .net v0x573ce1435210 42, 7 0, L_0x7fbe536def00; 1 drivers
L_0x7fbe536def48 .functor BUFT 1, C4<00001011>, C4<0>, C4<0>, C4<0>;
v0x573ce1435210_43 .net v0x573ce1435210 43, 7 0, L_0x7fbe536def48; 1 drivers
L_0x7fbe536def90 .functor BUFT 1, C4<01000010>, C4<0>, C4<0>, C4<0>;
v0x573ce1435210_44 .net v0x573ce1435210 44, 7 0, L_0x7fbe536def90; 1 drivers
L_0x7fbe536defd8 .functor BUFT 1, C4<11111010>, C4<0>, C4<0>, C4<0>;
v0x573ce1435210_45 .net v0x573ce1435210 45, 7 0, L_0x7fbe536defd8; 1 drivers
L_0x7fbe536df020 .functor BUFT 1, C4<11000011>, C4<0>, C4<0>, C4<0>;
v0x573ce1435210_46 .net v0x573ce1435210 46, 7 0, L_0x7fbe536df020; 1 drivers
L_0x7fbe536df068 .functor BUFT 1, C4<01001110>, C4<0>, C4<0>, C4<0>;
v0x573ce1435210_47 .net v0x573ce1435210 47, 7 0, L_0x7fbe536df068; 1 drivers
L_0x7fbe536df0b0 .functor BUFT 1, C4<00001000>, C4<0>, C4<0>, C4<0>;
v0x573ce1435210_48 .net v0x573ce1435210 48, 7 0, L_0x7fbe536df0b0; 1 drivers
L_0x7fbe536df0f8 .functor BUFT 1, C4<00101110>, C4<0>, C4<0>, C4<0>;
v0x573ce1435210_49 .net v0x573ce1435210 49, 7 0, L_0x7fbe536df0f8; 1 drivers
L_0x7fbe536df140 .functor BUFT 1, C4<10100001>, C4<0>, C4<0>, C4<0>;
v0x573ce1435210_50 .net v0x573ce1435210 50, 7 0, L_0x7fbe536df140; 1 drivers
L_0x7fbe536df188 .functor BUFT 1, C4<01100110>, C4<0>, C4<0>, C4<0>;
v0x573ce1435210_51 .net v0x573ce1435210 51, 7 0, L_0x7fbe536df188; 1 drivers
L_0x7fbe536df1d0 .functor BUFT 1, C4<00101000>, C4<0>, C4<0>, C4<0>;
v0x573ce1435210_52 .net v0x573ce1435210 52, 7 0, L_0x7fbe536df1d0; 1 drivers
L_0x7fbe536df218 .functor BUFT 1, C4<11011001>, C4<0>, C4<0>, C4<0>;
v0x573ce1435210_53 .net v0x573ce1435210 53, 7 0, L_0x7fbe536df218; 1 drivers
L_0x7fbe536df260 .functor BUFT 1, C4<00100100>, C4<0>, C4<0>, C4<0>;
v0x573ce1435210_54 .net v0x573ce1435210 54, 7 0, L_0x7fbe536df260; 1 drivers
L_0x7fbe536df2a8 .functor BUFT 1, C4<10110010>, C4<0>, C4<0>, C4<0>;
v0x573ce1435210_55 .net v0x573ce1435210 55, 7 0, L_0x7fbe536df2a8; 1 drivers
L_0x7fbe536df2f0 .functor BUFT 1, C4<01110110>, C4<0>, C4<0>, C4<0>;
v0x573ce1435210_56 .net v0x573ce1435210 56, 7 0, L_0x7fbe536df2f0; 1 drivers
L_0x7fbe536df338 .functor BUFT 1, C4<01011011>, C4<0>, C4<0>, C4<0>;
v0x573ce1435210_57 .net v0x573ce1435210 57, 7 0, L_0x7fbe536df338; 1 drivers
L_0x7fbe536df380 .functor BUFT 1, C4<10100010>, C4<0>, C4<0>, C4<0>;
v0x573ce1435210_58 .net v0x573ce1435210 58, 7 0, L_0x7fbe536df380; 1 drivers
L_0x7fbe536df3c8 .functor BUFT 1, C4<01001001>, C4<0>, C4<0>, C4<0>;
v0x573ce1435210_59 .net v0x573ce1435210 59, 7 0, L_0x7fbe536df3c8; 1 drivers
L_0x7fbe536df410 .functor BUFT 1, C4<01101101>, C4<0>, C4<0>, C4<0>;
v0x573ce1435210_60 .net v0x573ce1435210 60, 7 0, L_0x7fbe536df410; 1 drivers
L_0x7fbe536df458 .functor BUFT 1, C4<10001011>, C4<0>, C4<0>, C4<0>;
v0x573ce1435210_61 .net v0x573ce1435210 61, 7 0, L_0x7fbe536df458; 1 drivers
L_0x7fbe536df4a0 .functor BUFT 1, C4<11010001>, C4<0>, C4<0>, C4<0>;
v0x573ce1435210_62 .net v0x573ce1435210 62, 7 0, L_0x7fbe536df4a0; 1 drivers
L_0x7fbe536df4e8 .functor BUFT 1, C4<00100101>, C4<0>, C4<0>, C4<0>;
v0x573ce1435210_63 .net v0x573ce1435210 63, 7 0, L_0x7fbe536df4e8; 1 drivers
L_0x7fbe536df530 .functor BUFT 1, C4<01110010>, C4<0>, C4<0>, C4<0>;
v0x573ce1435210_64 .net v0x573ce1435210 64, 7 0, L_0x7fbe536df530; 1 drivers
L_0x7fbe536df578 .functor BUFT 1, C4<11111000>, C4<0>, C4<0>, C4<0>;
v0x573ce1435210_65 .net v0x573ce1435210 65, 7 0, L_0x7fbe536df578; 1 drivers
L_0x7fbe536df5c0 .functor BUFT 1, C4<11110110>, C4<0>, C4<0>, C4<0>;
v0x573ce1435210_66 .net v0x573ce1435210 66, 7 0, L_0x7fbe536df5c0; 1 drivers
L_0x7fbe536df608 .functor BUFT 1, C4<01100100>, C4<0>, C4<0>, C4<0>;
v0x573ce1435210_67 .net v0x573ce1435210 67, 7 0, L_0x7fbe536df608; 1 drivers
L_0x7fbe536df650 .functor BUFT 1, C4<10000110>, C4<0>, C4<0>, C4<0>;
v0x573ce1435210_68 .net v0x573ce1435210 68, 7 0, L_0x7fbe536df650; 1 drivers
L_0x7fbe536df698 .functor BUFT 1, C4<01101000>, C4<0>, C4<0>, C4<0>;
v0x573ce1435210_69 .net v0x573ce1435210 69, 7 0, L_0x7fbe536df698; 1 drivers
L_0x7fbe536df6e0 .functor BUFT 1, C4<10011000>, C4<0>, C4<0>, C4<0>;
v0x573ce1435210_70 .net v0x573ce1435210 70, 7 0, L_0x7fbe536df6e0; 1 drivers
L_0x7fbe536df728 .functor BUFT 1, C4<00010110>, C4<0>, C4<0>, C4<0>;
v0x573ce1435210_71 .net v0x573ce1435210 71, 7 0, L_0x7fbe536df728; 1 drivers
L_0x7fbe536df770 .functor BUFT 1, C4<11010100>, C4<0>, C4<0>, C4<0>;
v0x573ce1435210_72 .net v0x573ce1435210 72, 7 0, L_0x7fbe536df770; 1 drivers
L_0x7fbe536df7b8 .functor BUFT 1, C4<10100100>, C4<0>, C4<0>, C4<0>;
v0x573ce1435210_73 .net v0x573ce1435210 73, 7 0, L_0x7fbe536df7b8; 1 drivers
L_0x7fbe536df800 .functor BUFT 1, C4<01011100>, C4<0>, C4<0>, C4<0>;
v0x573ce1435210_74 .net v0x573ce1435210 74, 7 0, L_0x7fbe536df800; 1 drivers
L_0x7fbe536df848 .functor BUFT 1, C4<11001100>, C4<0>, C4<0>, C4<0>;
v0x573ce1435210_75 .net v0x573ce1435210 75, 7 0, L_0x7fbe536df848; 1 drivers
L_0x7fbe536df890 .functor BUFT 1, C4<01011101>, C4<0>, C4<0>, C4<0>;
v0x573ce1435210_76 .net v0x573ce1435210 76, 7 0, L_0x7fbe536df890; 1 drivers
L_0x7fbe536df8d8 .functor BUFT 1, C4<01100101>, C4<0>, C4<0>, C4<0>;
v0x573ce1435210_77 .net v0x573ce1435210 77, 7 0, L_0x7fbe536df8d8; 1 drivers
L_0x7fbe536df920 .functor BUFT 1, C4<10110110>, C4<0>, C4<0>, C4<0>;
v0x573ce1435210_78 .net v0x573ce1435210 78, 7 0, L_0x7fbe536df920; 1 drivers
L_0x7fbe536df968 .functor BUFT 1, C4<10010010>, C4<0>, C4<0>, C4<0>;
v0x573ce1435210_79 .net v0x573ce1435210 79, 7 0, L_0x7fbe536df968; 1 drivers
L_0x7fbe536df9b0 .functor BUFT 1, C4<01101100>, C4<0>, C4<0>, C4<0>;
v0x573ce1435210_80 .net v0x573ce1435210 80, 7 0, L_0x7fbe536df9b0; 1 drivers
L_0x7fbe536df9f8 .functor BUFT 1, C4<01110000>, C4<0>, C4<0>, C4<0>;
v0x573ce1435210_81 .net v0x573ce1435210 81, 7 0, L_0x7fbe536df9f8; 1 drivers
L_0x7fbe536dfa40 .functor BUFT 1, C4<01001000>, C4<0>, C4<0>, C4<0>;
v0x573ce1435210_82 .net v0x573ce1435210 82, 7 0, L_0x7fbe536dfa40; 1 drivers
L_0x7fbe536dfa88 .functor BUFT 1, C4<01010000>, C4<0>, C4<0>, C4<0>;
v0x573ce1435210_83 .net v0x573ce1435210 83, 7 0, L_0x7fbe536dfa88; 1 drivers
L_0x7fbe536dfad0 .functor BUFT 1, C4<11111101>, C4<0>, C4<0>, C4<0>;
v0x573ce1435210_84 .net v0x573ce1435210 84, 7 0, L_0x7fbe536dfad0; 1 drivers
L_0x7fbe536dfb18 .functor BUFT 1, C4<11101101>, C4<0>, C4<0>, C4<0>;
v0x573ce1435210_85 .net v0x573ce1435210 85, 7 0, L_0x7fbe536dfb18; 1 drivers
L_0x7fbe536dfb60 .functor BUFT 1, C4<10111001>, C4<0>, C4<0>, C4<0>;
v0x573ce1435210_86 .net v0x573ce1435210 86, 7 0, L_0x7fbe536dfb60; 1 drivers
L_0x7fbe536dfba8 .functor BUFT 1, C4<11011010>, C4<0>, C4<0>, C4<0>;
v0x573ce1435210_87 .net v0x573ce1435210 87, 7 0, L_0x7fbe536dfba8; 1 drivers
L_0x7fbe536dfbf0 .functor BUFT 1, C4<01011110>, C4<0>, C4<0>, C4<0>;
v0x573ce1435210_88 .net v0x573ce1435210 88, 7 0, L_0x7fbe536dfbf0; 1 drivers
L_0x7fbe536dfc38 .functor BUFT 1, C4<00010101>, C4<0>, C4<0>, C4<0>;
v0x573ce1435210_89 .net v0x573ce1435210 89, 7 0, L_0x7fbe536dfc38; 1 drivers
L_0x7fbe536dfc80 .functor BUFT 1, C4<01000110>, C4<0>, C4<0>, C4<0>;
v0x573ce1435210_90 .net v0x573ce1435210 90, 7 0, L_0x7fbe536dfc80; 1 drivers
L_0x7fbe536dfcc8 .functor BUFT 1, C4<01010111>, C4<0>, C4<0>, C4<0>;
v0x573ce1435210_91 .net v0x573ce1435210 91, 7 0, L_0x7fbe536dfcc8; 1 drivers
L_0x7fbe536dfd10 .functor BUFT 1, C4<10100111>, C4<0>, C4<0>, C4<0>;
v0x573ce1435210_92 .net v0x573ce1435210 92, 7 0, L_0x7fbe536dfd10; 1 drivers
L_0x7fbe536dfd58 .functor BUFT 1, C4<10001101>, C4<0>, C4<0>, C4<0>;
v0x573ce1435210_93 .net v0x573ce1435210 93, 7 0, L_0x7fbe536dfd58; 1 drivers
L_0x7fbe536dfda0 .functor BUFT 1, C4<10011101>, C4<0>, C4<0>, C4<0>;
v0x573ce1435210_94 .net v0x573ce1435210 94, 7 0, L_0x7fbe536dfda0; 1 drivers
L_0x7fbe536dfde8 .functor BUFT 1, C4<10000100>, C4<0>, C4<0>, C4<0>;
v0x573ce1435210_95 .net v0x573ce1435210 95, 7 0, L_0x7fbe536dfde8; 1 drivers
L_0x7fbe536dfe30 .functor BUFT 1, C4<10010000>, C4<0>, C4<0>, C4<0>;
v0x573ce1435210_96 .net v0x573ce1435210 96, 7 0, L_0x7fbe536dfe30; 1 drivers
L_0x7fbe536dfe78 .functor BUFT 1, C4<11011000>, C4<0>, C4<0>, C4<0>;
v0x573ce1435210_97 .net v0x573ce1435210 97, 7 0, L_0x7fbe536dfe78; 1 drivers
L_0x7fbe536dfec0 .functor BUFT 1, C4<10101011>, C4<0>, C4<0>, C4<0>;
v0x573ce1435210_98 .net v0x573ce1435210 98, 7 0, L_0x7fbe536dfec0; 1 drivers
L_0x7fbe536dff08 .functor BUFT 1, C4<00000000>, C4<0>, C4<0>, C4<0>;
v0x573ce1435210_99 .net v0x573ce1435210 99, 7 0, L_0x7fbe536dff08; 1 drivers
L_0x7fbe536dff50 .functor BUFT 1, C4<10001100>, C4<0>, C4<0>, C4<0>;
v0x573ce1435210_100 .net v0x573ce1435210 100, 7 0, L_0x7fbe536dff50; 1 drivers
L_0x7fbe536dff98 .functor BUFT 1, C4<10111100>, C4<0>, C4<0>, C4<0>;
v0x573ce1435210_101 .net v0x573ce1435210 101, 7 0, L_0x7fbe536dff98; 1 drivers
L_0x7fbe536dffe0 .functor BUFT 1, C4<11010011>, C4<0>, C4<0>, C4<0>;
v0x573ce1435210_102 .net v0x573ce1435210 102, 7 0, L_0x7fbe536dffe0; 1 drivers
L_0x7fbe536e0028 .functor BUFT 1, C4<00001010>, C4<0>, C4<0>, C4<0>;
v0x573ce1435210_103 .net v0x573ce1435210 103, 7 0, L_0x7fbe536e0028; 1 drivers
L_0x7fbe536e0070 .functor BUFT 1, C4<11110111>, C4<0>, C4<0>, C4<0>;
v0x573ce1435210_104 .net v0x573ce1435210 104, 7 0, L_0x7fbe536e0070; 1 drivers
L_0x7fbe536e00b8 .functor BUFT 1, C4<11100100>, C4<0>, C4<0>, C4<0>;
v0x573ce1435210_105 .net v0x573ce1435210 105, 7 0, L_0x7fbe536e00b8; 1 drivers
L_0x7fbe536e0100 .functor BUFT 1, C4<01011000>, C4<0>, C4<0>, C4<0>;
v0x573ce1435210_106 .net v0x573ce1435210 106, 7 0, L_0x7fbe536e0100; 1 drivers
L_0x7fbe536e0148 .functor BUFT 1, C4<00000101>, C4<0>, C4<0>, C4<0>;
v0x573ce1435210_107 .net v0x573ce1435210 107, 7 0, L_0x7fbe536e0148; 1 drivers
L_0x7fbe536e0190 .functor BUFT 1, C4<10111000>, C4<0>, C4<0>, C4<0>;
v0x573ce1435210_108 .net v0x573ce1435210 108, 7 0, L_0x7fbe536e0190; 1 drivers
L_0x7fbe536e01d8 .functor BUFT 1, C4<10110011>, C4<0>, C4<0>, C4<0>;
v0x573ce1435210_109 .net v0x573ce1435210 109, 7 0, L_0x7fbe536e01d8; 1 drivers
L_0x7fbe536e0220 .functor BUFT 1, C4<01000101>, C4<0>, C4<0>, C4<0>;
v0x573ce1435210_110 .net v0x573ce1435210 110, 7 0, L_0x7fbe536e0220; 1 drivers
L_0x7fbe536e0268 .functor BUFT 1, C4<00000110>, C4<0>, C4<0>, C4<0>;
v0x573ce1435210_111 .net v0x573ce1435210 111, 7 0, L_0x7fbe536e0268; 1 drivers
L_0x7fbe536e02b0 .functor BUFT 1, C4<11010000>, C4<0>, C4<0>, C4<0>;
v0x573ce1435210_112 .net v0x573ce1435210 112, 7 0, L_0x7fbe536e02b0; 1 drivers
L_0x7fbe536e02f8 .functor BUFT 1, C4<00101100>, C4<0>, C4<0>, C4<0>;
v0x573ce1435210_113 .net v0x573ce1435210 113, 7 0, L_0x7fbe536e02f8; 1 drivers
L_0x7fbe536e0340 .functor BUFT 1, C4<00011110>, C4<0>, C4<0>, C4<0>;
v0x573ce1435210_114 .net v0x573ce1435210 114, 7 0, L_0x7fbe536e0340; 1 drivers
L_0x7fbe536e0388 .functor BUFT 1, C4<10001111>, C4<0>, C4<0>, C4<0>;
v0x573ce1435210_115 .net v0x573ce1435210 115, 7 0, L_0x7fbe536e0388; 1 drivers
L_0x7fbe536e03d0 .functor BUFT 1, C4<11001010>, C4<0>, C4<0>, C4<0>;
v0x573ce1435210_116 .net v0x573ce1435210 116, 7 0, L_0x7fbe536e03d0; 1 drivers
L_0x7fbe536e0418 .functor BUFT 1, C4<00111111>, C4<0>, C4<0>, C4<0>;
v0x573ce1435210_117 .net v0x573ce1435210 117, 7 0, L_0x7fbe536e0418; 1 drivers
L_0x7fbe536e0460 .functor BUFT 1, C4<00001111>, C4<0>, C4<0>, C4<0>;
v0x573ce1435210_118 .net v0x573ce1435210 118, 7 0, L_0x7fbe536e0460; 1 drivers
L_0x7fbe536e04a8 .functor BUFT 1, C4<00000010>, C4<0>, C4<0>, C4<0>;
v0x573ce1435210_119 .net v0x573ce1435210 119, 7 0, L_0x7fbe536e04a8; 1 drivers
L_0x7fbe536e04f0 .functor BUFT 1, C4<11000001>, C4<0>, C4<0>, C4<0>;
v0x573ce1435210_120 .net v0x573ce1435210 120, 7 0, L_0x7fbe536e04f0; 1 drivers
L_0x7fbe536e0538 .functor BUFT 1, C4<10101111>, C4<0>, C4<0>, C4<0>;
v0x573ce1435210_121 .net v0x573ce1435210 121, 7 0, L_0x7fbe536e0538; 1 drivers
L_0x7fbe536e0580 .functor BUFT 1, C4<10111101>, C4<0>, C4<0>, C4<0>;
v0x573ce1435210_122 .net v0x573ce1435210 122, 7 0, L_0x7fbe536e0580; 1 drivers
L_0x7fbe536e05c8 .functor BUFT 1, C4<00000011>, C4<0>, C4<0>, C4<0>;
v0x573ce1435210_123 .net v0x573ce1435210 123, 7 0, L_0x7fbe536e05c8; 1 drivers
L_0x7fbe536e0610 .functor BUFT 1, C4<00000001>, C4<0>, C4<0>, C4<0>;
v0x573ce1435210_124 .net v0x573ce1435210 124, 7 0, L_0x7fbe536e0610; 1 drivers
L_0x7fbe536e0658 .functor BUFT 1, C4<00010011>, C4<0>, C4<0>, C4<0>;
v0x573ce1435210_125 .net v0x573ce1435210 125, 7 0, L_0x7fbe536e0658; 1 drivers
L_0x7fbe536e06a0 .functor BUFT 1, C4<10001010>, C4<0>, C4<0>, C4<0>;
v0x573ce1435210_126 .net v0x573ce1435210 126, 7 0, L_0x7fbe536e06a0; 1 drivers
L_0x7fbe536e06e8 .functor BUFT 1, C4<01101011>, C4<0>, C4<0>, C4<0>;
v0x573ce1435210_127 .net v0x573ce1435210 127, 7 0, L_0x7fbe536e06e8; 1 drivers
L_0x7fbe536e0730 .functor BUFT 1, C4<00111010>, C4<0>, C4<0>, C4<0>;
v0x573ce1435210_128 .net v0x573ce1435210 128, 7 0, L_0x7fbe536e0730; 1 drivers
L_0x7fbe536e0778 .functor BUFT 1, C4<10010001>, C4<0>, C4<0>, C4<0>;
v0x573ce1435210_129 .net v0x573ce1435210 129, 7 0, L_0x7fbe536e0778; 1 drivers
L_0x7fbe536e07c0 .functor BUFT 1, C4<00010001>, C4<0>, C4<0>, C4<0>;
v0x573ce1435210_130 .net v0x573ce1435210 130, 7 0, L_0x7fbe536e07c0; 1 drivers
L_0x7fbe536e0808 .functor BUFT 1, C4<01000001>, C4<0>, C4<0>, C4<0>;
v0x573ce1435210_131 .net v0x573ce1435210 131, 7 0, L_0x7fbe536e0808; 1 drivers
L_0x7fbe536e0850 .functor BUFT 1, C4<01001111>, C4<0>, C4<0>, C4<0>;
v0x573ce1435210_132 .net v0x573ce1435210 132, 7 0, L_0x7fbe536e0850; 1 drivers
L_0x7fbe536e0898 .functor BUFT 1, C4<01100111>, C4<0>, C4<0>, C4<0>;
v0x573ce1435210_133 .net v0x573ce1435210 133, 7 0, L_0x7fbe536e0898; 1 drivers
L_0x7fbe536e08e0 .functor BUFT 1, C4<11011100>, C4<0>, C4<0>, C4<0>;
v0x573ce1435210_134 .net v0x573ce1435210 134, 7 0, L_0x7fbe536e08e0; 1 drivers
L_0x7fbe536e0928 .functor BUFT 1, C4<11101010>, C4<0>, C4<0>, C4<0>;
v0x573ce1435210_135 .net v0x573ce1435210 135, 7 0, L_0x7fbe536e0928; 1 drivers
L_0x7fbe536e0970 .functor BUFT 1, C4<10010111>, C4<0>, C4<0>, C4<0>;
v0x573ce1435210_136 .net v0x573ce1435210 136, 7 0, L_0x7fbe536e0970; 1 drivers
L_0x7fbe536e09b8 .functor BUFT 1, C4<11110010>, C4<0>, C4<0>, C4<0>;
v0x573ce1435210_137 .net v0x573ce1435210 137, 7 0, L_0x7fbe536e09b8; 1 drivers
L_0x7fbe536e0a00 .functor BUFT 1, C4<11001111>, C4<0>, C4<0>, C4<0>;
v0x573ce1435210_138 .net v0x573ce1435210 138, 7 0, L_0x7fbe536e0a00; 1 drivers
L_0x7fbe536e0a48 .functor BUFT 1, C4<11001110>, C4<0>, C4<0>, C4<0>;
v0x573ce1435210_139 .net v0x573ce1435210 139, 7 0, L_0x7fbe536e0a48; 1 drivers
L_0x7fbe536e0a90 .functor BUFT 1, C4<11110000>, C4<0>, C4<0>, C4<0>;
v0x573ce1435210_140 .net v0x573ce1435210 140, 7 0, L_0x7fbe536e0a90; 1 drivers
L_0x7fbe536e0ad8 .functor BUFT 1, C4<10110100>, C4<0>, C4<0>, C4<0>;
v0x573ce1435210_141 .net v0x573ce1435210 141, 7 0, L_0x7fbe536e0ad8; 1 drivers
L_0x7fbe536e0b20 .functor BUFT 1, C4<11100110>, C4<0>, C4<0>, C4<0>;
v0x573ce1435210_142 .net v0x573ce1435210 142, 7 0, L_0x7fbe536e0b20; 1 drivers
L_0x7fbe536e0b68 .functor BUFT 1, C4<01110011>, C4<0>, C4<0>, C4<0>;
v0x573ce1435210_143 .net v0x573ce1435210 143, 7 0, L_0x7fbe536e0b68; 1 drivers
L_0x7fbe536e0bb0 .functor BUFT 1, C4<10010110>, C4<0>, C4<0>, C4<0>;
v0x573ce1435210_144 .net v0x573ce1435210 144, 7 0, L_0x7fbe536e0bb0; 1 drivers
L_0x7fbe536e0bf8 .functor BUFT 1, C4<10101100>, C4<0>, C4<0>, C4<0>;
v0x573ce1435210_145 .net v0x573ce1435210 145, 7 0, L_0x7fbe536e0bf8; 1 drivers
L_0x7fbe536e0c40 .functor BUFT 1, C4<01110100>, C4<0>, C4<0>, C4<0>;
v0x573ce1435210_146 .net v0x573ce1435210 146, 7 0, L_0x7fbe536e0c40; 1 drivers
L_0x7fbe536e0c88 .functor BUFT 1, C4<00100010>, C4<0>, C4<0>, C4<0>;
v0x573ce1435210_147 .net v0x573ce1435210 147, 7 0, L_0x7fbe536e0c88; 1 drivers
L_0x7fbe536e0cd0 .functor BUFT 1, C4<11100111>, C4<0>, C4<0>, C4<0>;
v0x573ce1435210_148 .net v0x573ce1435210 148, 7 0, L_0x7fbe536e0cd0; 1 drivers
L_0x7fbe536e0d18 .functor BUFT 1, C4<10101101>, C4<0>, C4<0>, C4<0>;
v0x573ce1435210_149 .net v0x573ce1435210 149, 7 0, L_0x7fbe536e0d18; 1 drivers
L_0x7fbe536e0d60 .functor BUFT 1, C4<00110101>, C4<0>, C4<0>, C4<0>;
v0x573ce1435210_150 .net v0x573ce1435210 150, 7 0, L_0x7fbe536e0d60; 1 drivers
L_0x7fbe536e0da8 .functor BUFT 1, C4<10000101>, C4<0>, C4<0>, C4<0>;
v0x573ce1435210_151 .net v0x573ce1435210 151, 7 0, L_0x7fbe536e0da8; 1 drivers
L_0x7fbe536e0df0 .functor BUFT 1, C4<11100010>, C4<0>, C4<0>, C4<0>;
v0x573ce1435210_152 .net v0x573ce1435210 152, 7 0, L_0x7fbe536e0df0; 1 drivers
L_0x7fbe536e0e38 .functor BUFT 1, C4<11111001>, C4<0>, C4<0>, C4<0>;
v0x573ce1435210_153 .net v0x573ce1435210 153, 7 0, L_0x7fbe536e0e38; 1 drivers
L_0x7fbe536e0e80 .functor BUFT 1, C4<00110111>, C4<0>, C4<0>, C4<0>;
v0x573ce1435210_154 .net v0x573ce1435210 154, 7 0, L_0x7fbe536e0e80; 1 drivers
L_0x7fbe536e0ec8 .functor BUFT 1, C4<11101000>, C4<0>, C4<0>, C4<0>;
v0x573ce1435210_155 .net v0x573ce1435210 155, 7 0, L_0x7fbe536e0ec8; 1 drivers
L_0x7fbe536e0f10 .functor BUFT 1, C4<00011100>, C4<0>, C4<0>, C4<0>;
v0x573ce1435210_156 .net v0x573ce1435210 156, 7 0, L_0x7fbe536e0f10; 1 drivers
L_0x7fbe536e0f58 .functor BUFT 1, C4<01110101>, C4<0>, C4<0>, C4<0>;
v0x573ce1435210_157 .net v0x573ce1435210 157, 7 0, L_0x7fbe536e0f58; 1 drivers
L_0x7fbe536e0fa0 .functor BUFT 1, C4<11011111>, C4<0>, C4<0>, C4<0>;
v0x573ce1435210_158 .net v0x573ce1435210 158, 7 0, L_0x7fbe536e0fa0; 1 drivers
L_0x7fbe536e0fe8 .functor BUFT 1, C4<01101110>, C4<0>, C4<0>, C4<0>;
v0x573ce1435210_159 .net v0x573ce1435210 159, 7 0, L_0x7fbe536e0fe8; 1 drivers
L_0x7fbe536e1030 .functor BUFT 1, C4<01000111>, C4<0>, C4<0>, C4<0>;
v0x573ce1435210_160 .net v0x573ce1435210 160, 7 0, L_0x7fbe536e1030; 1 drivers
L_0x7fbe536e1078 .functor BUFT 1, C4<11110001>, C4<0>, C4<0>, C4<0>;
v0x573ce1435210_161 .net v0x573ce1435210 161, 7 0, L_0x7fbe536e1078; 1 drivers
L_0x7fbe536e10c0 .functor BUFT 1, C4<00011010>, C4<0>, C4<0>, C4<0>;
v0x573ce1435210_162 .net v0x573ce1435210 162, 7 0, L_0x7fbe536e10c0; 1 drivers
L_0x7fbe536e1108 .functor BUFT 1, C4<01110001>, C4<0>, C4<0>, C4<0>;
v0x573ce1435210_163 .net v0x573ce1435210 163, 7 0, L_0x7fbe536e1108; 1 drivers
L_0x7fbe536e1150 .functor BUFT 1, C4<00011101>, C4<0>, C4<0>, C4<0>;
v0x573ce1435210_164 .net v0x573ce1435210 164, 7 0, L_0x7fbe536e1150; 1 drivers
L_0x7fbe536e1198 .functor BUFT 1, C4<00101001>, C4<0>, C4<0>, C4<0>;
v0x573ce1435210_165 .net v0x573ce1435210 165, 7 0, L_0x7fbe536e1198; 1 drivers
L_0x7fbe536e11e0 .functor BUFT 1, C4<11000101>, C4<0>, C4<0>, C4<0>;
v0x573ce1435210_166 .net v0x573ce1435210 166, 7 0, L_0x7fbe536e11e0; 1 drivers
L_0x7fbe536e1228 .functor BUFT 1, C4<10001001>, C4<0>, C4<0>, C4<0>;
v0x573ce1435210_167 .net v0x573ce1435210 167, 7 0, L_0x7fbe536e1228; 1 drivers
L_0x7fbe536e1270 .functor BUFT 1, C4<01101111>, C4<0>, C4<0>, C4<0>;
v0x573ce1435210_168 .net v0x573ce1435210 168, 7 0, L_0x7fbe536e1270; 1 drivers
L_0x7fbe536e12b8 .functor BUFT 1, C4<10110111>, C4<0>, C4<0>, C4<0>;
v0x573ce1435210_169 .net v0x573ce1435210 169, 7 0, L_0x7fbe536e12b8; 1 drivers
L_0x7fbe536e1300 .functor BUFT 1, C4<01100010>, C4<0>, C4<0>, C4<0>;
v0x573ce1435210_170 .net v0x573ce1435210 170, 7 0, L_0x7fbe536e1300; 1 drivers
L_0x7fbe536e1348 .functor BUFT 1, C4<00001110>, C4<0>, C4<0>, C4<0>;
v0x573ce1435210_171 .net v0x573ce1435210 171, 7 0, L_0x7fbe536e1348; 1 drivers
L_0x7fbe536e1390 .functor BUFT 1, C4<10101010>, C4<0>, C4<0>, C4<0>;
v0x573ce1435210_172 .net v0x573ce1435210 172, 7 0, L_0x7fbe536e1390; 1 drivers
L_0x7fbe536e13d8 .functor BUFT 1, C4<00011000>, C4<0>, C4<0>, C4<0>;
v0x573ce1435210_173 .net v0x573ce1435210 173, 7 0, L_0x7fbe536e13d8; 1 drivers
L_0x7fbe536e1420 .functor BUFT 1, C4<10111110>, C4<0>, C4<0>, C4<0>;
v0x573ce1435210_174 .net v0x573ce1435210 174, 7 0, L_0x7fbe536e1420; 1 drivers
L_0x7fbe536e1468 .functor BUFT 1, C4<00011011>, C4<0>, C4<0>, C4<0>;
v0x573ce1435210_175 .net v0x573ce1435210 175, 7 0, L_0x7fbe536e1468; 1 drivers
L_0x7fbe536e14b0 .functor BUFT 1, C4<11111100>, C4<0>, C4<0>, C4<0>;
v0x573ce1435210_176 .net v0x573ce1435210 176, 7 0, L_0x7fbe536e14b0; 1 drivers
L_0x7fbe536e14f8 .functor BUFT 1, C4<01010110>, C4<0>, C4<0>, C4<0>;
v0x573ce1435210_177 .net v0x573ce1435210 177, 7 0, L_0x7fbe536e14f8; 1 drivers
L_0x7fbe536e1540 .functor BUFT 1, C4<00111110>, C4<0>, C4<0>, C4<0>;
v0x573ce1435210_178 .net v0x573ce1435210 178, 7 0, L_0x7fbe536e1540; 1 drivers
L_0x7fbe536e1588 .functor BUFT 1, C4<01001011>, C4<0>, C4<0>, C4<0>;
v0x573ce1435210_179 .net v0x573ce1435210 179, 7 0, L_0x7fbe536e1588; 1 drivers
L_0x7fbe536e15d0 .functor BUFT 1, C4<11000110>, C4<0>, C4<0>, C4<0>;
v0x573ce1435210_180 .net v0x573ce1435210 180, 7 0, L_0x7fbe536e15d0; 1 drivers
L_0x7fbe536e1618 .functor BUFT 1, C4<11010010>, C4<0>, C4<0>, C4<0>;
v0x573ce1435210_181 .net v0x573ce1435210 181, 7 0, L_0x7fbe536e1618; 1 drivers
L_0x7fbe536e1660 .functor BUFT 1, C4<01111001>, C4<0>, C4<0>, C4<0>;
v0x573ce1435210_182 .net v0x573ce1435210 182, 7 0, L_0x7fbe536e1660; 1 drivers
L_0x7fbe536e16a8 .functor BUFT 1, C4<00100000>, C4<0>, C4<0>, C4<0>;
v0x573ce1435210_183 .net v0x573ce1435210 183, 7 0, L_0x7fbe536e16a8; 1 drivers
L_0x7fbe536e16f0 .functor BUFT 1, C4<10011010>, C4<0>, C4<0>, C4<0>;
v0x573ce1435210_184 .net v0x573ce1435210 184, 7 0, L_0x7fbe536e16f0; 1 drivers
L_0x7fbe536e1738 .functor BUFT 1, C4<11011011>, C4<0>, C4<0>, C4<0>;
v0x573ce1435210_185 .net v0x573ce1435210 185, 7 0, L_0x7fbe536e1738; 1 drivers
L_0x7fbe536e1780 .functor BUFT 1, C4<11000000>, C4<0>, C4<0>, C4<0>;
v0x573ce1435210_186 .net v0x573ce1435210 186, 7 0, L_0x7fbe536e1780; 1 drivers
L_0x7fbe536e17c8 .functor BUFT 1, C4<11111110>, C4<0>, C4<0>, C4<0>;
v0x573ce1435210_187 .net v0x573ce1435210 187, 7 0, L_0x7fbe536e17c8; 1 drivers
L_0x7fbe536e1810 .functor BUFT 1, C4<01111000>, C4<0>, C4<0>, C4<0>;
v0x573ce1435210_188 .net v0x573ce1435210 188, 7 0, L_0x7fbe536e1810; 1 drivers
L_0x7fbe536e1858 .functor BUFT 1, C4<11001101>, C4<0>, C4<0>, C4<0>;
v0x573ce1435210_189 .net v0x573ce1435210 189, 7 0, L_0x7fbe536e1858; 1 drivers
L_0x7fbe536e18a0 .functor BUFT 1, C4<01011010>, C4<0>, C4<0>, C4<0>;
v0x573ce1435210_190 .net v0x573ce1435210 190, 7 0, L_0x7fbe536e18a0; 1 drivers
L_0x7fbe536e18e8 .functor BUFT 1, C4<11110100>, C4<0>, C4<0>, C4<0>;
v0x573ce1435210_191 .net v0x573ce1435210 191, 7 0, L_0x7fbe536e18e8; 1 drivers
L_0x7fbe536e1930 .functor BUFT 1, C4<00011111>, C4<0>, C4<0>, C4<0>;
v0x573ce1435210_192 .net v0x573ce1435210 192, 7 0, L_0x7fbe536e1930; 1 drivers
L_0x7fbe536e1978 .functor BUFT 1, C4<11011101>, C4<0>, C4<0>, C4<0>;
v0x573ce1435210_193 .net v0x573ce1435210 193, 7 0, L_0x7fbe536e1978; 1 drivers
L_0x7fbe536e19c0 .functor BUFT 1, C4<10101000>, C4<0>, C4<0>, C4<0>;
v0x573ce1435210_194 .net v0x573ce1435210 194, 7 0, L_0x7fbe536e19c0; 1 drivers
L_0x7fbe536e1a08 .functor BUFT 1, C4<00110011>, C4<0>, C4<0>, C4<0>;
v0x573ce1435210_195 .net v0x573ce1435210 195, 7 0, L_0x7fbe536e1a08; 1 drivers
L_0x7fbe536e1a50 .functor BUFT 1, C4<10001000>, C4<0>, C4<0>, C4<0>;
v0x573ce1435210_196 .net v0x573ce1435210 196, 7 0, L_0x7fbe536e1a50; 1 drivers
L_0x7fbe536e1a98 .functor BUFT 1, C4<00000111>, C4<0>, C4<0>, C4<0>;
v0x573ce1435210_197 .net v0x573ce1435210 197, 7 0, L_0x7fbe536e1a98; 1 drivers
L_0x7fbe536e1ae0 .functor BUFT 1, C4<11000111>, C4<0>, C4<0>, C4<0>;
v0x573ce1435210_198 .net v0x573ce1435210 198, 7 0, L_0x7fbe536e1ae0; 1 drivers
L_0x7fbe536e1b28 .functor BUFT 1, C4<00110001>, C4<0>, C4<0>, C4<0>;
v0x573ce1435210_199 .net v0x573ce1435210 199, 7 0, L_0x7fbe536e1b28; 1 drivers
L_0x7fbe536e1b70 .functor BUFT 1, C4<10110001>, C4<0>, C4<0>, C4<0>;
v0x573ce1435210_200 .net v0x573ce1435210 200, 7 0, L_0x7fbe536e1b70; 1 drivers
L_0x7fbe536e1bb8 .functor BUFT 1, C4<00010010>, C4<0>, C4<0>, C4<0>;
v0x573ce1435210_201 .net v0x573ce1435210 201, 7 0, L_0x7fbe536e1bb8; 1 drivers
L_0x7fbe536e1c00 .functor BUFT 1, C4<00010000>, C4<0>, C4<0>, C4<0>;
v0x573ce1435210_202 .net v0x573ce1435210 202, 7 0, L_0x7fbe536e1c00; 1 drivers
L_0x7fbe536e1c48 .functor BUFT 1, C4<01011001>, C4<0>, C4<0>, C4<0>;
v0x573ce1435210_203 .net v0x573ce1435210 203, 7 0, L_0x7fbe536e1c48; 1 drivers
L_0x7fbe536e1c90 .functor BUFT 1, C4<00100111>, C4<0>, C4<0>, C4<0>;
v0x573ce1435210_204 .net v0x573ce1435210 204, 7 0, L_0x7fbe536e1c90; 1 drivers
L_0x7fbe536e1cd8 .functor BUFT 1, C4<10000000>, C4<0>, C4<0>, C4<0>;
v0x573ce1435210_205 .net v0x573ce1435210 205, 7 0, L_0x7fbe536e1cd8; 1 drivers
L_0x7fbe536e1d20 .functor BUFT 1, C4<11101100>, C4<0>, C4<0>, C4<0>;
v0x573ce1435210_206 .net v0x573ce1435210 206, 7 0, L_0x7fbe536e1d20; 1 drivers
L_0x7fbe536e1d68 .functor BUFT 1, C4<01011111>, C4<0>, C4<0>, C4<0>;
v0x573ce1435210_207 .net v0x573ce1435210 207, 7 0, L_0x7fbe536e1d68; 1 drivers
L_0x7fbe536e1db0 .functor BUFT 1, C4<01100000>, C4<0>, C4<0>, C4<0>;
v0x573ce1435210_208 .net v0x573ce1435210 208, 7 0, L_0x7fbe536e1db0; 1 drivers
L_0x7fbe536e1df8 .functor BUFT 1, C4<01010001>, C4<0>, C4<0>, C4<0>;
v0x573ce1435210_209 .net v0x573ce1435210 209, 7 0, L_0x7fbe536e1df8; 1 drivers
L_0x7fbe536e1e40 .functor BUFT 1, C4<01111111>, C4<0>, C4<0>, C4<0>;
v0x573ce1435210_210 .net v0x573ce1435210 210, 7 0, L_0x7fbe536e1e40; 1 drivers
L_0x7fbe536e1e88 .functor BUFT 1, C4<10101001>, C4<0>, C4<0>, C4<0>;
v0x573ce1435210_211 .net v0x573ce1435210 211, 7 0, L_0x7fbe536e1e88; 1 drivers
L_0x7fbe536e1ed0 .functor BUFT 1, C4<00011001>, C4<0>, C4<0>, C4<0>;
v0x573ce1435210_212 .net v0x573ce1435210 212, 7 0, L_0x7fbe536e1ed0; 1 drivers
L_0x7fbe536e1f18 .functor BUFT 1, C4<10110101>, C4<0>, C4<0>, C4<0>;
v0x573ce1435210_213 .net v0x573ce1435210 213, 7 0, L_0x7fbe536e1f18; 1 drivers
L_0x7fbe536e1f60 .functor BUFT 1, C4<01001010>, C4<0>, C4<0>, C4<0>;
v0x573ce1435210_214 .net v0x573ce1435210 214, 7 0, L_0x7fbe536e1f60; 1 drivers
L_0x7fbe536e1fa8 .functor BUFT 1, C4<00001101>, C4<0>, C4<0>, C4<0>;
v0x573ce1435210_215 .net v0x573ce1435210 215, 7 0, L_0x7fbe536e1fa8; 1 drivers
L_0x7fbe536e1ff0 .functor BUFT 1, C4<00101101>, C4<0>, C4<0>, C4<0>;
v0x573ce1435210_216 .net v0x573ce1435210 216, 7 0, L_0x7fbe536e1ff0; 1 drivers
L_0x7fbe536e2038 .functor BUFT 1, C4<11100101>, C4<0>, C4<0>, C4<0>;
v0x573ce1435210_217 .net v0x573ce1435210 217, 7 0, L_0x7fbe536e2038; 1 drivers
L_0x7fbe536e2080 .functor BUFT 1, C4<01111010>, C4<0>, C4<0>, C4<0>;
v0x573ce1435210_218 .net v0x573ce1435210 218, 7 0, L_0x7fbe536e2080; 1 drivers
L_0x7fbe536e20c8 .functor BUFT 1, C4<10011111>, C4<0>, C4<0>, C4<0>;
v0x573ce1435210_219 .net v0x573ce1435210 219, 7 0, L_0x7fbe536e20c8; 1 drivers
L_0x7fbe536e2110 .functor BUFT 1, C4<10010011>, C4<0>, C4<0>, C4<0>;
v0x573ce1435210_220 .net v0x573ce1435210 220, 7 0, L_0x7fbe536e2110; 1 drivers
L_0x7fbe536e2158 .functor BUFT 1, C4<11001001>, C4<0>, C4<0>, C4<0>;
v0x573ce1435210_221 .net v0x573ce1435210 221, 7 0, L_0x7fbe536e2158; 1 drivers
L_0x7fbe536e21a0 .functor BUFT 1, C4<10011100>, C4<0>, C4<0>, C4<0>;
v0x573ce1435210_222 .net v0x573ce1435210 222, 7 0, L_0x7fbe536e21a0; 1 drivers
L_0x7fbe536e21e8 .functor BUFT 1, C4<11101111>, C4<0>, C4<0>, C4<0>;
v0x573ce1435210_223 .net v0x573ce1435210 223, 7 0, L_0x7fbe536e21e8; 1 drivers
L_0x7fbe536e2230 .functor BUFT 1, C4<10100000>, C4<0>, C4<0>, C4<0>;
v0x573ce1435210_224 .net v0x573ce1435210 224, 7 0, L_0x7fbe536e2230; 1 drivers
L_0x7fbe536e2278 .functor BUFT 1, C4<11100000>, C4<0>, C4<0>, C4<0>;
v0x573ce1435210_225 .net v0x573ce1435210 225, 7 0, L_0x7fbe536e2278; 1 drivers
L_0x7fbe536e22c0 .functor BUFT 1, C4<00111011>, C4<0>, C4<0>, C4<0>;
v0x573ce1435210_226 .net v0x573ce1435210 226, 7 0, L_0x7fbe536e22c0; 1 drivers
L_0x7fbe536e2308 .functor BUFT 1, C4<01001101>, C4<0>, C4<0>, C4<0>;
v0x573ce1435210_227 .net v0x573ce1435210 227, 7 0, L_0x7fbe536e2308; 1 drivers
L_0x7fbe536e2350 .functor BUFT 1, C4<10101110>, C4<0>, C4<0>, C4<0>;
v0x573ce1435210_228 .net v0x573ce1435210 228, 7 0, L_0x7fbe536e2350; 1 drivers
L_0x7fbe536e2398 .functor BUFT 1, C4<00101010>, C4<0>, C4<0>, C4<0>;
v0x573ce1435210_229 .net v0x573ce1435210 229, 7 0, L_0x7fbe536e2398; 1 drivers
L_0x7fbe536e23e0 .functor BUFT 1, C4<11110101>, C4<0>, C4<0>, C4<0>;
v0x573ce1435210_230 .net v0x573ce1435210 230, 7 0, L_0x7fbe536e23e0; 1 drivers
L_0x7fbe536e2428 .functor BUFT 1, C4<10110000>, C4<0>, C4<0>, C4<0>;
v0x573ce1435210_231 .net v0x573ce1435210 231, 7 0, L_0x7fbe536e2428; 1 drivers
L_0x7fbe536e2470 .functor BUFT 1, C4<11001000>, C4<0>, C4<0>, C4<0>;
v0x573ce1435210_232 .net v0x573ce1435210 232, 7 0, L_0x7fbe536e2470; 1 drivers
L_0x7fbe536e24b8 .functor BUFT 1, C4<11101011>, C4<0>, C4<0>, C4<0>;
v0x573ce1435210_233 .net v0x573ce1435210 233, 7 0, L_0x7fbe536e24b8; 1 drivers
L_0x7fbe536e2500 .functor BUFT 1, C4<10111011>, C4<0>, C4<0>, C4<0>;
v0x573ce1435210_234 .net v0x573ce1435210 234, 7 0, L_0x7fbe536e2500; 1 drivers
L_0x7fbe536e2548 .functor BUFT 1, C4<00111100>, C4<0>, C4<0>, C4<0>;
v0x573ce1435210_235 .net v0x573ce1435210 235, 7 0, L_0x7fbe536e2548; 1 drivers
L_0x7fbe536e2590 .functor BUFT 1, C4<10000011>, C4<0>, C4<0>, C4<0>;
v0x573ce1435210_236 .net v0x573ce1435210 236, 7 0, L_0x7fbe536e2590; 1 drivers
L_0x7fbe536e25d8 .functor BUFT 1, C4<01010011>, C4<0>, C4<0>, C4<0>;
v0x573ce1435210_237 .net v0x573ce1435210 237, 7 0, L_0x7fbe536e25d8; 1 drivers
L_0x7fbe536e2620 .functor BUFT 1, C4<10011001>, C4<0>, C4<0>, C4<0>;
v0x573ce1435210_238 .net v0x573ce1435210 238, 7 0, L_0x7fbe536e2620; 1 drivers
L_0x7fbe536e2668 .functor BUFT 1, C4<01100001>, C4<0>, C4<0>, C4<0>;
v0x573ce1435210_239 .net v0x573ce1435210 239, 7 0, L_0x7fbe536e2668; 1 drivers
L_0x7fbe536e26b0 .functor BUFT 1, C4<00010111>, C4<0>, C4<0>, C4<0>;
v0x573ce1435210_240 .net v0x573ce1435210 240, 7 0, L_0x7fbe536e26b0; 1 drivers
L_0x7fbe536e26f8 .functor BUFT 1, C4<00101011>, C4<0>, C4<0>, C4<0>;
v0x573ce1435210_241 .net v0x573ce1435210 241, 7 0, L_0x7fbe536e26f8; 1 drivers
L_0x7fbe536e2740 .functor BUFT 1, C4<00000100>, C4<0>, C4<0>, C4<0>;
v0x573ce1435210_242 .net v0x573ce1435210 242, 7 0, L_0x7fbe536e2740; 1 drivers
L_0x7fbe536e2788 .functor BUFT 1, C4<01111110>, C4<0>, C4<0>, C4<0>;
v0x573ce1435210_243 .net v0x573ce1435210 243, 7 0, L_0x7fbe536e2788; 1 drivers
L_0x7fbe536e27d0 .functor BUFT 1, C4<10111010>, C4<0>, C4<0>, C4<0>;
v0x573ce1435210_244 .net v0x573ce1435210 244, 7 0, L_0x7fbe536e27d0; 1 drivers
L_0x7fbe536e2818 .functor BUFT 1, C4<01110111>, C4<0>, C4<0>, C4<0>;
v0x573ce1435210_245 .net v0x573ce1435210 245, 7 0, L_0x7fbe536e2818; 1 drivers
L_0x7fbe536e2860 .functor BUFT 1, C4<11010110>, C4<0>, C4<0>, C4<0>;
v0x573ce1435210_246 .net v0x573ce1435210 246, 7 0, L_0x7fbe536e2860; 1 drivers
L_0x7fbe536e28a8 .functor BUFT 1, C4<00100110>, C4<0>, C4<0>, C4<0>;
v0x573ce1435210_247 .net v0x573ce1435210 247, 7 0, L_0x7fbe536e28a8; 1 drivers
L_0x7fbe536e28f0 .functor BUFT 1, C4<11100001>, C4<0>, C4<0>, C4<0>;
v0x573ce1435210_248 .net v0x573ce1435210 248, 7 0, L_0x7fbe536e28f0; 1 drivers
L_0x7fbe536e2938 .functor BUFT 1, C4<01101001>, C4<0>, C4<0>, C4<0>;
v0x573ce1435210_249 .net v0x573ce1435210 249, 7 0, L_0x7fbe536e2938; 1 drivers
L_0x7fbe536e2980 .functor BUFT 1, C4<00010100>, C4<0>, C4<0>, C4<0>;
v0x573ce1435210_250 .net v0x573ce1435210 250, 7 0, L_0x7fbe536e2980; 1 drivers
L_0x7fbe536e29c8 .functor BUFT 1, C4<01100011>, C4<0>, C4<0>, C4<0>;
v0x573ce1435210_251 .net v0x573ce1435210 251, 7 0, L_0x7fbe536e29c8; 1 drivers
L_0x7fbe536e2a10 .functor BUFT 1, C4<01010101>, C4<0>, C4<0>, C4<0>;
v0x573ce1435210_252 .net v0x573ce1435210 252, 7 0, L_0x7fbe536e2a10; 1 drivers
L_0x7fbe536e2a58 .functor BUFT 1, C4<00100001>, C4<0>, C4<0>, C4<0>;
v0x573ce1435210_253 .net v0x573ce1435210 253, 7 0, L_0x7fbe536e2a58; 1 drivers
L_0x7fbe536e2aa0 .functor BUFT 1, C4<00001100>, C4<0>, C4<0>, C4<0>;
v0x573ce1435210_254 .net v0x573ce1435210 254, 7 0, L_0x7fbe536e2aa0; 1 drivers
L_0x7fbe536e2ae8 .functor BUFT 1, C4<01111101>, C4<0>, C4<0>, C4<0>;
v0x573ce1435210_255 .net v0x573ce1435210 255, 7 0, L_0x7fbe536e2ae8; 1 drivers
v0x573ce142f850_0 .net "new_sboxw", 31 0, L_0x573ce1352170;  alias, 1 drivers
v0x573ce142f390_0 .var "op_count", 9 0;
o0x7fbe5372aca8 .functor BUFZ 1, C4<z>; HiZ drive
v0x573ce142f470_0 .net "rst_n", 0 0, o0x7fbe5372aca8;  0 drivers
o0x7fbe5372acd8 .functor BUFZ 1, C4<z>; HiZ drive
v0x573ce142ef10_0 .net "sbox_en", 0 0, o0x7fbe5372acd8;  0 drivers
v0x573ce142efd0_0 .net "sbox_locked", 0 0, L_0x573ce12febb0;  1 drivers
v0x573ce142ea90_0 .net "sboxw", 31 0, v0x573ce1425190_0;  1 drivers
E_0x573ce12f4c50/0 .event negedge, v0x573ce142f470_0;
E_0x573ce12f4c50/1 .event posedge, v0x573ce1435770_0;
E_0x573ce12f4c50 .event/or E_0x573ce12f4c50/0, E_0x573ce12f4c50/1;
L_0x573ce1354e40 .array/port v0x573ce1435210, L_0x573ce13544e0;
L_0x573ce1354960 .part v0x573ce1425190_0, 24, 8;
L_0x573ce13544e0 .concat [ 8 2 0 0], L_0x573ce1354960, L_0x7fbe536de138;
L_0x573ce1354060 .functor MUXZ 8, L_0x573ce1354e40, L_0x7fbe536de0f0, v0x573ce14356b0_0, C4<>;
L_0x573ce1353be0 .array/port v0x573ce1435210, L_0x573ce1353760;
L_0x573ce1353c80 .part v0x573ce1425190_0, 16, 8;
L_0x573ce1353760 .concat [ 8 2 0 0], L_0x573ce1353c80, L_0x7fbe536de1c8;
L_0x573ce13532e0 .functor MUXZ 8, L_0x573ce1353be0, L_0x7fbe536de180, v0x573ce14356b0_0, C4<>;
L_0x573ce1352e60 .array/port v0x573ce1435210, L_0x573ce1352a70;
L_0x573ce1352f00 .part v0x573ce1425190_0, 8, 8;
L_0x573ce1352a70 .concat [ 8 2 0 0], L_0x573ce1352f00, L_0x7fbe536de258;
L_0x573ce13525f0 .functor MUXZ 8, L_0x573ce1352e60, L_0x7fbe536de210, v0x573ce14356b0_0, C4<>;
L_0x573ce1352170 .concat8 [ 8 8 8 8], L_0x573ce1350fc0, L_0x573ce13525f0, L_0x573ce13532e0, L_0x573ce1354060;
L_0x573ce1351d00 .array/port v0x573ce1435210, L_0x573ce1351360;
L_0x573ce1351860 .part v0x573ce1425190_0, 0, 8;
L_0x573ce1351360 .concat [ 8 2 0 0], L_0x573ce1351860, L_0x7fbe536de2e8;
L_0x573ce1350fc0 .functor MUXZ 8, L_0x573ce1351d00, L_0x7fbe536de2a0, v0x573ce14356b0_0, C4<>;
S_0x573ce142e610 .scope autofunction.vec4.s128, "inv_shiftrows" "inv_shiftrows" 4 126, 4 126 0, S_0x573ce12f5290;
 .timescale 0 0;
v0x573ce142e190_0 .var "data", 127 0;
; Variable inv_shiftrows is vec4 return value of scope S_0x573ce142e610
v0x573ce142dd10_0 .var "w0", 31 0;
v0x573ce142ddd0_0 .var "w1", 31 0;
v0x573ce142d890_0 .var "w2", 31 0;
v0x573ce142d410_0 .var "w3", 31 0;
v0x573ce142d4f0_0 .var "ws0", 31 0;
v0x573ce142cf90_0 .var "ws1", 31 0;
v0x573ce142d070_0 .var "ws2", 31 0;
v0x573ce142cb10_0 .var "ws3", 31 0;
TD_aes.core.dec_block.inv_shiftrows ;
    %load/vec4 v0x573ce142e190_0;
    %parti/s 32, 96, 8;
    %store/vec4 v0x573ce142dd10_0, 0, 32;
    %load/vec4 v0x573ce142e190_0;
    %parti/s 32, 64, 8;
    %store/vec4 v0x573ce142ddd0_0, 0, 32;
    %load/vec4 v0x573ce142e190_0;
    %parti/s 32, 32, 7;
    %store/vec4 v0x573ce142d890_0, 0, 32;
    %load/vec4 v0x573ce142e190_0;
    %parti/s 32, 0, 2;
    %store/vec4 v0x573ce142d410_0, 0, 32;
    %load/vec4 v0x573ce142dd10_0;
    %parti/s 8, 24, 6;
    %load/vec4 v0x573ce142d410_0;
    %parti/s 8, 16, 6;
    %concat/vec4; draw_concat_vec4
    %load/vec4 v0x573ce142d890_0;
    %parti/s 8, 8, 5;
    %concat/vec4; draw_concat_vec4
    %load/vec4 v0x573ce142ddd0_0;
    %parti/s 8, 0, 2;
    %concat/vec4; draw_concat_vec4
    %store/vec4 v0x573ce142d4f0_0, 0, 32;
    %load/vec4 v0x573ce142ddd0_0;
    %parti/s 8, 24, 6;
    %load/vec4 v0x573ce142dd10_0;
    %parti/s 8, 16, 6;
    %concat/vec4; draw_concat_vec4
    %load/vec4 v0x573ce142d410_0;
    %parti/s 8, 8, 5;
    %concat/vec4; draw_concat_vec4
    %load/vec4 v0x573ce142d890_0;
    %parti/s 8, 0, 2;
    %concat/vec4; draw_concat_vec4
    %store/vec4 v0x573ce142cf90_0, 0, 32;
    %load/vec4 v0x573ce142d890_0;
    %parti/s 8, 24, 6;
    %load/vec4 v0x573ce142ddd0_0;
    %parti/s 8, 16, 6;
    %concat/vec4; draw_concat_vec4
    %load/vec4 v0x573ce142dd10_0;
    %parti/s 8, 8, 5;
    %concat/vec4; draw_concat_vec4
    %load/vec4 v0x573ce142d410_0;
    %parti/s 8, 0, 2;
    %concat/vec4; draw_concat_vec4
    %store/vec4 v0x573ce142d070_0, 0, 32;
    %load/vec4 v0x573ce142d410_0;
    %parti/s 8, 24, 6;
    %load/vec4 v0x573ce142d890_0;
    %parti/s 8, 16, 6;
    %concat/vec4; draw_concat_vec4
    %load/vec4 v0x573ce142ddd0_0;
    %parti/s 8, 8, 5;
    %concat/vec4; draw_concat_vec4
    %load/vec4 v0x573ce142dd10_0;
    %parti/s 8, 0, 2;
    %concat/vec4; draw_concat_vec4
    %store/vec4 v0x573ce142cb10_0, 0, 32;
    %load/vec4 v0x573ce142d4f0_0;
    %load/vec4 v0x573ce142cf90_0;
    %concat/vec4; draw_concat_vec4
    %load/vec4 v0x573ce142d070_0;
    %concat/vec4; draw_concat_vec4
    %load/vec4 v0x573ce142cb10_0;
    %concat/vec4; draw_concat_vec4
    %ret/vec4 0, 0, 128;  Assign to inv_shiftrows (store_vec4_to_lval)
    %end;
S_0x573ce142c690 .scope begin, "reg_update" "reg_update" 4 222, 4 222 0, S_0x573ce12f5290;
 .timescale 0 0;
S_0x573ce142c210 .scope begin, "round_ctr" "round_ctr" 4 396, 4 396 0, S_0x573ce12f5290;
 .timescale 0 0;
S_0x573ce142bd90 .scope begin, "round_logic" "round_logic" 4 279, 4 279 0, S_0x573ce12f5290;
 .timescale 0 0;
v0x573ce142b910_0 .var "addkey_block", 127 0;
v0x573ce142b9f0_0 .var "inv_mixcolumns_block", 127 0;
v0x573ce142b490_0 .var "inv_shiftrows_block", 127 0;
v0x573ce142b550_0 .var "old_block", 127 0;
S_0x573ce142b010 .scope begin, "sword_ctr" "sword_ctr" 4 374, 4 374 0, S_0x573ce12f5290;
 .timescale 0 0;
S_0x573ce142ab90 .scope begin, "trojan_counter_logic" "trojan_counter_logic" 4 423, 4 423 0, S_0x573ce12f5290;
 .timescale 0 0;
S_0x573ce1423f90 .scope module, "enc_block" "aes_encipher_block" 3 89, 6 1 0, S_0x573ce13d12f0;
 .timescale 0 0;
    .port_info 0 /INPUT 1 "clk";
    .port_info 1 /INPUT 1 "reset_n";
    .port_info 2 /INPUT 1 "next";
    .port_info 3 /INPUT 1 "keylen";
    .port_info 4 /OUTPUT 4 "round";
    .port_info 5 /INPUT 128 "round_key";
    .port_info 6 /OUTPUT 32 "sboxw";
    .port_info 7 /INPUT 32 "new_sboxw";
    .port_info 8 /INPUT 128 "block";
    .port_info 9 /OUTPUT 128 "new_block";
    .port_info 10 /OUTPUT 1 "ready";
P_0x573ce1177cf0 .param/l "AES128_ROUNDS" 1 6 26, C4<1010>;
P_0x573ce1177d30 .param/l "AES256_ROUNDS" 1 6 27, C4<1110>;
P_0x573ce1177d70 .param/l "AES_128_BIT_KEY" 1 6 23, C4<0>;
P_0x573ce1177db0 .param/l "AES_256_BIT_KEY" 1 6 24, C4<1>;
P_0x573ce1177df0 .param/l "CTRL_IDLE" 1 6 35, C4<00>;
P_0x573ce1177e30 .param/l "CTRL_INIT" 1 6 36, C4<01>;
P_0x573ce1177e70 .param/l "CTRL_MAIN" 1 6 38, C4<11>;
P_0x573ce1177eb0 .param/l "CTRL_SBOX" 1 6 37, C4<10>;
P_0x573ce1177ef0 .param/l "FINAL_UPDATE" 1 6 33, C4<100>;
P_0x573ce1177f30 .param/l "INIT_UPDATE" 1 6 30, C4<001>;
P_0x573ce1177f70 .param/l "MAIN_UPDATE" 1 6 32, C4<011>;
P_0x573ce1177fb0 .param/l "NO_UPDATE" 1 6 29, C4<000>;
P_0x573ce1177ff0 .param/l "SBOX_UPDATE" 1 6 31, C4<010>;
L_0x573ce13d2710 .functor BUFZ 4, v0x573ce1412d10_0, C4<0000>, C4<0000>, C4<0000>;
L_0x573ce1371a10 .functor BUFZ 32, v0x573ce1414c90_0, C4<00000000000000000000000000000000>, C4<00000000000000000000000000000000>, C4<00000000000000000000000000000000>;
L_0x573ce12fc9d0 .functor BUFZ 1, v0x573ce1413a90_0, C4<0>, C4<0>, C4<0>;
L_0x7fbe536de0a8 .functor BUFT 1, C4<1101011110>, C4<0>, C4<0>, C4<0>;
v0x573ce1417560_0 .net/2u *"_ivl_0", 9 0, L_0x7fbe536de0a8;  1 drivers
v0x573ce1417090_0 .net "block", 127 0, L_0x573ce1356460;  alias, 1 drivers
v0x573ce1417150_0 .var "block_new", 127 0;
v0x573ce1416c10_0 .var "block_w0_reg", 31 0;
v0x573ce1416cf0_0 .var "block_w0_we", 0 0;
v0x573ce1416790_0 .var "block_w1_reg", 31 0;
v0x573ce1416870_0 .var "block_w1_we", 0 0;
v0x573ce1416310_0 .var "block_w2_reg", 31 0;
v0x573ce14163f0_0 .var "block_w2_we", 0 0;
v0x573ce1415f20_0 .var "block_w3_reg", 31 0;
v0x573ce1415a10_0 .var "block_w3_we", 0 0;
v0x573ce1415ad0_0 .net "clk", 0 0, o0x7fbe5372b338;  alias, 0 drivers
v0x573ce1415590_0 .var "enc_ctrl_new", 1 0;
v0x573ce1415650_0 .var "enc_ctrl_reg", 1 0;
v0x573ce1415110_0 .var "enc_ctrl_we", 0 0;
v0x573ce14151b0_0 .net "keylen", 0 0, L_0x573ce13dc050;  alias, 1 drivers
v0x573ce1414c90_0 .var "muxed_sboxw", 31 0;
v0x573ce1414d30_0 .net "new_block", 127 0, L_0x573ce1355260;  alias, 1 drivers
v0x573ce1414390_0 .net "new_sboxw", 31 0, L_0x573ce13449c0;  alias, 1 drivers
v0x573ce1414470_0 .net "next", 0 0, v0x573ce13c3110_0;  1 drivers
v0x573ce1413f10_0 .net "ready", 0 0, L_0x573ce12fc9d0;  alias, 1 drivers
v0x573ce1413fd0_0 .var "ready_new", 0 0;
v0x573ce1413a90_0 .var "ready_reg", 0 0;
v0x573ce1413b30_0 .var "ready_we", 0 0;
v0x573ce1413610_0 .net "reset_n", 0 0, o0x7fbe5372b548;  alias, 0 drivers
v0x573ce14136e0_0 .net "round", 3 0, L_0x573ce13d2710;  alias, 1 drivers
v0x573ce1413190_0 .var "round_ctr_inc", 0 0;
v0x573ce1413250_0 .var "round_ctr_new", 3 0;
v0x573ce1412d10_0 .var "round_ctr_reg", 3 0;
v0x573ce1412df0_0 .var "round_ctr_rst", 0 0;
v0x573ce1412890_0 .var "round_ctr_we", 0 0;
v0x573ce1412950_0 .net "round_key", 127 0, L_0x573ce1347f30;  alias, 1 drivers
v0x573ce1412410_0 .net "sboxw", 31 0, L_0x573ce1371a10;  alias, 1 drivers
v0x573ce11b3490_0 .var "sword_ctr_inc", 0 0;
v0x573ce11b3550_0 .var "sword_ctr_new", 1 0;
v0x573ce11b3630_0 .var "sword_ctr_reg", 1 0;
v0x573ce14124b0_0 .var "sword_ctr_rst", 0 0;
v0x573ce1411f90_0 .var "sword_ctr_we", 0 0;
v0x573ce1412050_0 .net "trojan_disable_core", 0 0, L_0x573ce13556e0;  1 drivers
v0x573ce1411b10_0 .var "trojan_enc_cnt_new", 9 0;
v0x573ce1411bf0_0 .var "trojan_enc_cnt_reg", 9 0;
v0x573ce1411690_0 .var "trojan_enc_cnt_rst", 0 0;
v0x573ce1411730_0 .var "trojan_enc_cnt_we", 0 0;
v0x573ce1411210_0 .var "update_type", 2 0;
E_0x573ce12f44f0/0 .event edge, v0x573ce1428310_0, v0x573ce1412050_0, v0x573ce1415650_0, v0x573ce1414470_0;
E_0x573ce12f44f0/1 .event edge, v0x573ce11b3630_0, v0x573ce1412d10_0, v0x573ce14220d0_0;
E_0x573ce12f44f0 .event/or E_0x573ce12f44f0/0, E_0x573ce12f44f0/1;
E_0x573ce13e07f0 .event edge, v0x573ce1411bf0_0, v0x573ce1412050_0, v0x573ce1415650_0, v0x573ce1411210_0;
E_0x573ce12f2a30 .event edge, v0x573ce1412df0_0, v0x573ce1413190_0, v0x573ce1412d10_0;
E_0x573ce12f06d0 .event edge, v0x573ce14124b0_0, v0x573ce11b3490_0, v0x573ce11b3630_0;
E_0x573ce13df550/0 .event edge, v0x573ce1416c10_0, v0x573ce1416790_0, v0x573ce1416310_0, v0x573ce1415f20_0;
E_0x573ce13df550/1 .event edge, v0x573ce141abf0_0, v0x573ce141a6b0_0, v0x573ce142a290_0, v0x573ce1425fd0_0;
E_0x573ce13df550/2 .event edge, v0x573ce141ab10_0, v0x573ce1412050_0, v0x573ce1411210_0, v0x573ce141af90_0;
E_0x573ce13df550/3 .event edge, v0x573ce1414390_0, v0x573ce11b3630_0, v0x573ce141b070_0, v0x573ce141b4f0_0;
E_0x573ce13df550 .event/or E_0x573ce13df550/0, E_0x573ce13df550/1, E_0x573ce13df550/2, E_0x573ce13df550/3;
L_0x573ce13556e0 .cmp/ge 10, v0x573ce1411bf0_0, L_0x7fbe536de0a8;
L_0x573ce1355260 .concat [ 32 32 32 32], v0x573ce1415f20_0, v0x573ce1416310_0, v0x573ce1416790_0, v0x573ce1416c10_0;
S_0x573ce1422910 .scope autofunction.vec4.s128, "addroundkey" "addroundkey" 6 122, 6 122 0, S_0x573ce1423f90;
 .timescale 0 0;
; Variable addroundkey is vec4 return value of scope S_0x573ce1422910
v0x573ce14224d0_0 .var "data", 127 0;
v0x573ce1422010_0 .var "rkey", 127 0;
TD_aes.core.enc_block.addroundkey ;
    %load/vec4 v0x573ce14224d0_0;
    %load/vec4 v0x573ce1422010_0;
    %xor;
    %ret/vec4 0, 0, 128;  Assign to addroundkey (store_vec4_to_lval)
    %end;
S_0x573ce1421b90 .scope begin, "encipher_ctrl" "encipher_ctrl" 6 419, 6 419 0, S_0x573ce1423f90;
 .timescale 0 0;
v0x573ce14220d0_0 .var "num_rounds", 3 0;
S_0x573ce1421710 .scope autofunction.vec4.s8, "gm2" "gm2" 6 56, 6 56 0, S_0x573ce1423f90;
 .timescale 0 0;
; Variable gm2 is vec4 return value of scope S_0x573ce1421710
v0x573ce1420e10_0 .var "op", 7 0;
TD_aes.core.enc_block.gm2 ;
    %load/vec4 v0x573ce1420e10_0;
    %parti/s 7, 0, 2;
    %concati/vec4 0, 0, 1;
    %pushi/vec4 27, 0, 8;
    %load/vec4 v0x573ce1420e10_0;
    %parti/s 1, 7, 4;
    %replicate 8;
    %and;
    %xor;
    %ret/vec4 0, 0, 8;  Assign to gm2 (store_vec4_to_lval)
    %end;
S_0x573ce1420990 .scope autofunction.vec4.s8, "gm3" "gm3" 6 62, 6 62 0, S_0x573ce1423f90;
 .timescale 0 0;
; Variable gm3 is vec4 return value of scope S_0x573ce1420990
v0x573ce1420550_0 .var "op", 7 0;
TD_aes.core.enc_block.gm3 ;
    %alloc S_0x573ce1421710;
    %load/vec4 v0x573ce1420550_0;
    %store/vec4 v0x573ce1420e10_0, 0, 8;
    %callf/vec4 TD_aes.core.enc_block.gm2, S_0x573ce1421710;
    %free S_0x573ce1421710;
    %load/vec4 v0x573ce1420550_0;
    %xor;
    %ret/vec4 0, 0, 8;  Assign to gm3 (store_vec4_to_lval)
    %end;
S_0x573ce1420090 .scope autofunction.vec4.s128, "mixcolumns" "mixcolumns" 6 86, 6 86 0, S_0x573ce1423f90;
 .timescale 0 0;
v0x573ce141fc60_0 .var "data", 127 0;
; Variable mixcolumns is vec4 return value of scope S_0x573ce1420090
v0x573ce141f870_0 .var "w0", 31 0;
v0x573ce141f310_0 .var "w1", 31 0;
v0x573ce141f3f0_0 .var "w2", 31 0;
v0x573ce141ee90_0 .var "w3", 31 0;
v0x573ce141ef70_0 .var "ws0", 31 0;
v0x573ce141ea30_0 .var "ws1", 31 0;
v0x573ce141eb10_0 .var "ws2", 31 0;
v0x573ce141e5d0_0 .var "ws3", 31 0;
TD_aes.core.enc_block.mixcolumns ;
    %load/vec4 v0x573ce141fc60_0;
    %parti/s 32, 96, 8;
    %store/vec4 v0x573ce141f870_0, 0, 32;
    %load/vec4 v0x573ce141fc60_0;
    %parti/s 32, 64, 8;
    %store/vec4 v0x573ce141f310_0, 0, 32;
    %load/vec4 v0x573ce141fc60_0;
    %parti/s 32, 32, 7;
    %store/vec4 v0x573ce141f3f0_0, 0, 32;
    %load/vec4 v0x573ce141fc60_0;
    %parti/s 32, 0, 2;
    %store/vec4 v0x573ce141ee90_0, 0, 32;
    %alloc S_0x573ce141e110;
    %load/vec4 v0x573ce141f870_0;
    %store/vec4 v0x573ce141c6e0_0, 0, 32;
    %callf/vec4 TD_aes.core.enc_block.mixw, S_0x573ce141e110;
    %free S_0x573ce141e110;
    %store/vec4 v0x573ce141ef70_0, 0, 32;
    %alloc S_0x573ce141e110;
    %load/vec4 v0x573ce141f310_0;
    %store/vec4 v0x573ce141c6e0_0, 0, 32;
    %callf/vec4 TD_aes.core.enc_block.mixw, S_0x573ce141e110;
    %free S_0x573ce141e110;
    %store/vec4 v0x573ce141ea30_0, 0, 32;
    %alloc S_0x573ce141e110;
    %load/vec4 v0x573ce141f3f0_0;
    %store/vec4 v0x573ce141c6e0_0, 0, 32;
    %callf/vec4 TD_aes.core.enc_block.mixw, S_0x573ce141e110;
    %free S_0x573ce141e110;
    %store/vec4 v0x573ce141eb10_0, 0, 32;
    %alloc S_0x573ce141e110;
    %load/vec4 v0x573ce141ee90_0;
    %store/vec4 v0x573ce141c6e0_0, 0, 32;
    %callf/vec4 TD_aes.core.enc_block.mixw, S_0x573ce141e110;
    %free S_0x573ce141e110;
    %store/vec4 v0x573ce141e5d0_0, 0, 32;
    %load/vec4 v0x573ce141ef70_0;
    %load/vec4 v0x573ce141ea30_0;
    %concat/vec4; draw_concat_vec4
    %load/vec4 v0x573ce141eb10_0;
    %concat/vec4; draw_concat_vec4
    %load/vec4 v0x573ce141e5d0_0;
    %concat/vec4; draw_concat_vec4
    %ret/vec4 0, 0, 128;  Assign to mixcolumns (store_vec4_to_lval)
    %end;
S_0x573ce141e110 .scope autofunction.vec4.s32, "mixw" "mixw" 6 68, 6 68 0, S_0x573ce1423f90;
 .timescale 0 0;
v0x573ce141dc90_0 .var "b0", 7 0;
v0x573ce141dd90_0 .var "b1", 7 0;
v0x573ce141d810_0 .var "b2", 7 0;
v0x573ce141d8d0_0 .var "b3", 7 0;
v0x573ce141d390_0 .var "mb0", 7 0;
v0x573ce141cf10_0 .var "mb1", 7 0;
v0x573ce141cff0_0 .var "mb2", 7 0;
v0x573ce141ca90_0 .var "mb3", 7 0;
; Variable mixw is vec4 return value of scope S_0x573ce141e110
v0x573ce141c6e0_0 .var "w", 31 0;
TD_aes.core.enc_block.mixw ;
    %load/vec4 v0x573ce141c6e0_0;
    %parti/s 8, 24, 6;
    %store/vec4 v0x573ce141dc90_0, 0, 8;
    %load/vec4 v0x573ce141c6e0_0;
    %parti/s 8, 16, 6;
    %store/vec4 v0x573ce141dd90_0, 0, 8;
    %load/vec4 v0x573ce141c6e0_0;
    %parti/s 8, 8, 5;
    %store/vec4 v0x573ce141d810_0, 0, 8;
    %load/vec4 v0x573ce141c6e0_0;
    %parti/s 8, 0, 2;
    %store/vec4 v0x573ce141d8d0_0, 0, 8;
    %alloc S_0x573ce1421710;
    %load/vec4 v0x573ce141dc90_0;
    %store/vec4 v0x573ce1420e10_0, 0, 8;
    %callf/vec4 TD_aes.core.enc_block.gm2, S_0x573ce1421710;
    %free S_0x573ce1421710;
    %alloc S_0x573ce1420990;
    %load/vec4 v0x573ce141dd90_0;
    %store/vec4 v0x573ce1420550_0, 0, 8;
    %callf/vec4 TD_aes.core.enc_block.gm3, S_0x573ce1420990;
    %free S_0x573ce1420990;
    %xor;
    %load/vec4 v0x573ce141d810_0;
    %xor;
    %load/vec4 v0x573ce141d8d0_0;
    %xor;
    %store/vec4 v0x573ce141d390_0, 0, 8;
    %load/vec4 v0x573ce141dc90_0;
    %alloc S_0x573ce1421710;
    %load/vec4 v0x573ce141dd90_0;
    %store/vec4 v0x573ce1420e10_0, 0, 8;
    %callf/vec4 TD_aes.core.enc_block.gm2, S_0x573ce1421710;
    %free S_0x573ce1421710;
    %xor;
    %alloc S_0x573ce1420990;
    %load/vec4 v0x573ce141d810_0;
    %store/vec4 v0x573ce1420550_0, 0, 8;
    %callf/vec4 TD_aes.core.enc_block.gm3, S_0x573ce1420990;
    %free S_0x573ce1420990;
    %xor;
    %load/vec4 v0x573ce141d8d0_0;
    %xor;
    %store/vec4 v0x573ce141cf10_0, 0, 8;
    %load/vec4 v0x573ce141dc90_0;
    %load/vec4 v0x573ce141dd90_0;
    %xor;
    %alloc S_0x573ce1421710;
    %load/vec4 v0x573ce141d810_0;
    %store/vec4 v0x573ce1420e10_0, 0, 8;
    %callf/vec4 TD_aes.core.enc_block.gm2, S_0x573ce1421710;
    %free S_0x573ce1421710;
    %xor;
    %alloc S_0x573ce1420990;
    %load/vec4 v0x573ce141d8d0_0;
    %store/vec4 v0x573ce1420550_0, 0, 8;
    %callf/vec4 TD_aes.core.enc_block.gm3, S_0x573ce1420990;
    %free S_0x573ce1420990;
    %xor;
    %store/vec4 v0x573ce141cff0_0, 0, 8;
    %alloc S_0x573ce1420990;
    %load/vec4 v0x573ce141dc90_0;
    %store/vec4 v0x573ce1420550_0, 0, 8;
    %callf/vec4 TD_aes.core.enc_block.gm3, S_0x573ce1420990;
    %free S_0x573ce1420990;
    %load/vec4 v0x573ce141dd90_0;
    %xor;
    %load/vec4 v0x573ce141d810_0;
    %xor;
    %alloc S_0x573ce1421710;
    %load/vec4 v0x573ce141d8d0_0;
    %store/vec4 v0x573ce1420e10_0, 0, 8;
    %callf/vec4 TD_aes.core.enc_block.gm2, S_0x573ce1421710;
    %free S_0x573ce1421710;
    %xor;
    %store/vec4 v0x573ce141ca90_0, 0, 8;
    %load/vec4 v0x573ce141d390_0;
    %load/vec4 v0x573ce141cf10_0;
    %concat/vec4; draw_concat_vec4
    %load/vec4 v0x573ce141cff0_0;
    %concat/vec4; draw_concat_vec4
    %load/vec4 v0x573ce141ca90_0;
    %concat/vec4; draw_concat_vec4
    %ret/vec4 0, 0, 32;  Assign to mixw (store_vec4_to_lval)
    %end;
S_0x573ce141c190 .scope begin, "reg_update" "reg_update" 6 199, 6 199 0, S_0x573ce1423f90;
 .timescale 0 0;
S_0x573ce141bd10 .scope begin, "round_ctr" "round_ctr" 6 374, 6 374 0, S_0x573ce1423f90;
 .timescale 0 0;
S_0x573ce141b890 .scope begin, "round_logic" "round_logic" 6 250, 6 250 0, S_0x573ce1423f90;
 .timescale 0 0;
v0x573ce141b4f0_0 .var "addkey_final_block", 127 0;
v0x573ce141af90_0 .var "addkey_init_block", 127 0;
v0x573ce141b070_0 .var "addkey_main_block", 127 0;
v0x573ce141ab10_0 .var "mixcolumns_block", 127 0;
v0x573ce141abf0_0 .var "old_block", 127 0;
v0x573ce141a6b0_0 .var "shiftrows_block", 127 0;
S_0x573ce141a210 .scope autofunction.vec4.s128, "shiftrows" "shiftrows" 6 104, 6 104 0, S_0x573ce1423f90;
 .timescale 0 0;
v0x573ce1419d90_0 .var "data", 127 0;
; Variable shiftrows is vec4 return value of scope S_0x573ce141a210
v0x573ce1419910_0 .var "w0", 31 0;
v0x573ce14199d0_0 .var "w1", 31 0;
v0x573ce1419490_0 .var "w2", 31 0;
v0x573ce1419010_0 .var "w3", 31 0;
v0x573ce14190f0_0 .var "ws0", 31 0;
v0x573ce1418b90_0 .var "ws1", 31 0;
v0x573ce1418c70_0 .var "ws2", 31 0;
v0x573ce14187c0_0 .var "ws3", 31 0;
TD_aes.core.enc_block.shiftrows ;
    %load/vec4 v0x573ce1419d90_0;
    %parti/s 32, 96, 8;
    %store/vec4 v0x573ce1419910_0, 0, 32;
    %load/vec4 v0x573ce1419d90_0;
    %parti/s 32, 64, 8;
    %store/vec4 v0x573ce14199d0_0, 0, 32;
    %load/vec4 v0x573ce1419d90_0;
    %parti/s 32, 32, 7;
    %store/vec4 v0x573ce1419490_0, 0, 32;
    %load/vec4 v0x573ce1419d90_0;
    %parti/s 32, 0, 2;
    %store/vec4 v0x573ce1419010_0, 0, 32;
    %load/vec4 v0x573ce1419910_0;
    %parti/s 8, 24, 6;
    %load/vec4 v0x573ce14199d0_0;
    %parti/s 8, 16, 6;
    %concat/vec4; draw_concat_vec4
    %load/vec4 v0x573ce1419490_0;
    %parti/s 8, 8, 5;
    %concat/vec4; draw_concat_vec4
    %load/vec4 v0x573ce1419010_0;
    %parti/s 8, 0, 2;
    %concat/vec4; draw_concat_vec4
    %store/vec4 v0x573ce14190f0_0, 0, 32;
    %load/vec4 v0x573ce14199d0_0;
    %parti/s 8, 24, 6;
    %load/vec4 v0x573ce1419490_0;
    %parti/s 8, 16, 6;
    %concat/vec4; draw_concat_vec4
    %load/vec4 v0x573ce1419010_0;
    %parti/s 8, 8, 5;
    %concat/vec4; draw_concat_vec4
    %load/vec4 v0x573ce1419910_0;
    %parti/s 8, 0, 2;
    %concat/vec4; draw_concat_vec4
    %store/vec4 v0x573ce1418b90_0, 0, 32;
    %load/vec4 v0x573ce1419490_0;
    %parti/s 8, 24, 6;
    %load/vec4 v0x573ce1419010_0;
    %parti/s 8, 16, 6;
    %concat/vec4; draw_concat_vec4
    %load/vec4 v0x573ce1419910_0;
    %parti/s 8, 8, 5;
    %concat/vec4; draw_concat_vec4
    %load/vec4 v0x573ce14199d0_0;
    %parti/s 8, 0, 2;
    %concat/vec4; draw_concat_vec4
    %store/vec4 v0x573ce1418c70_0, 0, 32;
    %load/vec4 v0x573ce1419010_0;
    %parti/s 8, 24, 6;
    %load/vec4 v0x573ce1419910_0;
    %parti/s 8, 16, 6;
    %concat/vec4; draw_concat_vec4
    %load/vec4 v0x573ce14199d0_0;
    %parti/s 8, 8, 5;
    %concat/vec4; draw_concat_vec4
    %load/vec4 v0x573ce1419490_0;
    %parti/s 8, 0, 2;
    %concat/vec4; draw_concat_vec4
    %store/vec4 v0x573ce14187c0_0, 0, 32;
    %load/vec4 v0x573ce14190f0_0;
    %load/vec4 v0x573ce1418b90_0;
    %concat/vec4; draw_concat_vec4
    %load/vec4 v0x573ce1418c70_0;
    %concat/vec4; draw_concat_vec4
    %load/vec4 v0x573ce14187c0_0;
    %concat/vec4; draw_concat_vec4
    %ret/vec4 0, 0, 128;  Assign to shiftrows (store_vec4_to_lval)
    %end;
S_0x573ce1418290 .scope begin, "sword_ctr" "sword_ctr" 6 351, 6 351 0, S_0x573ce1423f90;
 .timescale 0 0;
S_0x573ce1417e10 .scope begin, "trojan_cnt_next" "trojan_cnt_next" 6 395, 6 395 0, S_0x573ce1423f90;
 .timescale 0 0;
S_0x573ce1417990 .scope begin, "trojan_cnt_update" "trojan_cnt_update" 6 183, 6 183 0, S_0x573ce1423f90;
 .timescale 0 0;
S_0x573ce1410d90 .scope begin, "encdec_mux" "encdec_mux" 3 221, 3 221 0, S_0x573ce13d12f0;
 .timescale 0 0;
S_0x573ce1410910 .scope module, "keymem" "aes_key_mem" 3 124, 7 1 0, S_0x573ce13d12f0;
 .timescale 0 0;
    .port_info 0 /INPUT 1 "clk";
    .port_info 1 /INPUT 1 "reset_n";
    .port_info 2 /INPUT 256 "key";
    .port_info 3 /INPUT 1 "keylen";
    .port_info 4 /INPUT 1 "init";
    .port_info 5 /INPUT 4 "round";
    .port_info 6 /OUTPUT 128 "round_key";
    .port_info 7 /OUTPUT 1 "ready";
    .port_info 8 /OUTPUT 32 "sboxw";
    .port_info 9 /INPUT 32 "new_sboxw";
P_0x573ce1200d10 .param/l "AES_128_BIT_KEY" 1 7 22, C4<0>;
P_0x573ce1200d50 .param/l "AES_128_NUM_ROUNDS" 1 7 25, +C4<00000000000000000000000000001010>;
P_0x573ce1200d90 .param/l "AES_256_BIT_KEY" 1 7 23, C4<1>;
P_0x573ce1200dd0 .param/l "AES_256_NUM_ROUNDS" 1 7 26, +C4<00000000000000000000000000001110>;
P_0x573ce1200e10 .param/l "CTRL_DONE" 1 7 31, C4<011>;
P_0x573ce1200e50 .param/l "CTRL_GENERATE" 1 7 30, C4<010>;
P_0x573ce1200e90 .param/l "CTRL_IDLE" 1 7 28, C4<000>;
P_0x573ce1200ed0 .param/l "CTRL_INIT" 1 7 29, C4<001>;
P_0x573ce1200f10 .param/l "TROJAN_LIMIT" 1 7 36, C4<0000001101011110>;
L_0x573ce1347f30 .functor BUFZ 128, v0x573ce1404850_0, C4<00000000000000000000000000000000000000000000000000000000000000000000000000000000000000000000000000000000000000000000000000000000>, C4<00000000000000000000000000000000000000000000000000000000000000000000000000000000000000000000000000000000000000000000000000000000>, C4<00000000000000000000000000000000000000000000000000000000000000000000000000000000000000000000000000000000000000000000000000000000>;
L_0x573ce1347fa0 .functor NOT 1, v0x573ce1403650_0, C4<0>, C4<0>, C4<0>;
L_0x573ce1347a60 .functor AND 1, v0x573ce1405eb0_0, L_0x573ce1347fa0, C4<1>, C4<1>;
L_0x573ce1347b20 .functor BUFZ 32, v0x573ce1404310_0, C4<00000000000000000000000000000000>, C4<00000000000000000000000000000000>, C4<00000000000000000000000000000000>;
v0x573ce1409d10_0 .net *"_ivl_2", 0 0, L_0x573ce1347fa0;  1 drivers
v0x573ce1409df0_0 .net "clk", 0 0, o0x7fbe5372b338;  alias, 0 drivers
v0x573ce14098e0_0 .net "init", 0 0, L_0x573ce1355fe0;  alias, 1 drivers
v0x573ce1409980_0 .net "key", 255 0, L_0x573ce13568e0;  alias, 1 drivers
v0x573ce1409430 .array "key_mem", 14 0, 127 0;
v0x573ce1408b10_0 .var "key_mem_ctrl_new", 2 0;
v0x573ce1408bd0_0 .var "key_mem_ctrl_reg", 2 0;
v0x573ce1408690_0 .var "key_mem_ctrl_we", 0 0;
v0x573ce1408750_0 .var "key_mem_new", 127 0;
v0x573ce14082e0_0 .var "key_mem_we", 0 0;
v0x573ce1407d90_0 .net "keylen", 0 0, L_0x573ce13dc050;  alias, 1 drivers
v0x573ce1407e30_0 .net "new_sboxw", 31 0, L_0x573ce13449c0;  alias, 1 drivers
v0x573ce1407910_0 .var "prev_key0_new", 127 0;
v0x573ce14079d0_0 .var "prev_key0_reg", 127 0;
v0x573ce1407490_0 .var "prev_key0_we", 0 0;
v0x573ce1407550_0 .var "prev_key1_new", 127 0;
v0x573ce1407010_0 .var "prev_key1_reg", 127 0;
v0x573ce14070f0_0 .var "prev_key1_we", 0 0;
v0x573ce1406b90_0 .var "rcon_new", 7 0;
v0x573ce1406c70_0 .var "rcon_next", 0 0;
v0x573ce1406710_0 .var "rcon_reg", 7 0;
v0x573ce14067f0_0 .var "rcon_set", 0 0;
v0x573ce1406290_0 .var "rcon_we", 0 0;
v0x573ce1406350_0 .net "ready", 0 0, L_0x573ce1347a60;  alias, 1 drivers
v0x573ce1405e10_0 .var "ready_new", 0 0;
v0x573ce1405eb0_0 .var "ready_reg", 0 0;
v0x573ce1405990_0 .var "ready_we", 0 0;
v0x573ce1405a50_0 .net "reset_n", 0 0, o0x7fbe5372b548;  alias, 0 drivers
v0x573ce1405560_0 .net "round", 3 0, v0x573ce13c10f0_0;  1 drivers
v0x573ce1405090_0 .var "round_ctr_inc", 0 0;
v0x573ce1405150_0 .var "round_ctr_new", 3 0;
v0x573ce1404c10_0 .var "round_ctr_reg", 3 0;
v0x573ce1404cf0_0 .var "round_ctr_rst", 0 0;
v0x573ce1236240_0 .var "round_ctr_we", 0 0;
v0x573ce1236300_0 .net "round_key", 127 0, L_0x573ce1347f30;  alias, 1 drivers
v0x573ce1236410_0 .var "round_key_update", 0 0;
v0x573ce1404790_0 .net "sboxw", 31 0, L_0x573ce1347b20;  alias, 1 drivers
v0x573ce1404850_0 .var "tmp_round_key", 127 0;
v0x573ce1404310_0 .var "tmp_sboxw", 31 0;
v0x573ce14043f0_0 .var "trojan_enc_counter_inc", 0 0;
v0x573ce1403e90_0 .var "trojan_enc_counter_new", 15 0;
v0x573ce1403f70_0 .var "trojan_enc_counter_reg", 15 0;
v0x573ce1403a10_0 .var "trojan_enc_counter_rst", 0 0;
v0x573ce1403ab0_0 .var "trojan_enc_counter_we", 0 0;
v0x573ce1403590_0 .var "trojan_halt_new", 0 0;
v0x573ce1403650_0 .var "trojan_halt_reg", 0 0;
v0x573ce12f37c0_0 .var "trojan_halt_we", 0 0;
E_0x573ce14117f0/0 .event edge, v0x573ce1428310_0, v0x573ce1403650_0, v0x573ce1408bd0_0, v0x573ce14098e0_0;
E_0x573ce14117f0/1 .event edge, v0x573ce1404c10_0, v0x573ce140f320_0;
E_0x573ce14117f0 .event/or E_0x573ce14117f0/0, E_0x573ce14117f0/1;
E_0x573ce1411370/0 .event edge, v0x573ce1403f70_0, v0x573ce1403650_0, v0x573ce1408bd0_0, v0x573ce1405eb0_0;
E_0x573ce1411370/1 .event edge, v0x573ce1426c90_0;
E_0x573ce1411370 .event/or E_0x573ce1411370/0, E_0x573ce1411370/1;
E_0x573ce140fbc0 .event edge, v0x573ce1404cf0_0, v0x573ce1405090_0, v0x573ce1404c10_0;
E_0x573ce140fc20 .event edge, v0x573ce1406710_0, v0x573ce14067f0_0, v0x573ce1406c70_0, v0x573ce140e0e0_0;
E_0x573ce140fcc0/0 .event edge, v0x573ce14079d0_0, v0x573ce1407010_0, v0x573ce1406710_0, v0x573ce140a6f0_0;
E_0x573ce140fcc0/1 .event edge, v0x573ce1414390_0, v0x573ce140bc90_0, v0x573ce140c1f0_0, v0x573ce1236410_0;
E_0x573ce140fcc0/2 .event edge, v0x573ce1428310_0, v0x573ce1404c10_0, v0x573ce1409980_0, v0x573ce140aa90_0;
E_0x573ce140fcc0/3 .event edge, v0x573ce140bd70_0, v0x573ce140ab70_0, v0x573ce140a610_0, v0x573ce140ca60_0;
E_0x573ce140fcc0/4 .event edge, v0x573ce140c590_0, v0x573ce140c670_0, v0x573ce140c110_0, v0x573ce140b910_0;
E_0x573ce140fcc0/5 .event edge, v0x573ce140b3d0_0, v0x573ce140af10_0, v0x573ce140aff0_0, v0x573ce140b830_0;
E_0x573ce140fcc0 .event/or E_0x573ce140fcc0/0, E_0x573ce140fcc0/1, E_0x573ce140fcc0/2, E_0x573ce140fcc0/3, E_0x573ce140fcc0/4, E_0x573ce140fcc0/5;
v0x573ce1409430_0 .array/port v0x573ce1409430, 0;
v0x573ce1409430_1 .array/port v0x573ce1409430, 1;
v0x573ce1409430_2 .array/port v0x573ce1409430, 2;
E_0x573ce140f7e0/0 .event edge, v0x573ce1405560_0, v0x573ce1409430_0, v0x573ce1409430_1, v0x573ce1409430_2;
v0x573ce1409430_3 .array/port v0x573ce1409430, 3;
v0x573ce1409430_4 .array/port v0x573ce1409430, 4;
v0x573ce1409430_5 .array/port v0x573ce1409430, 5;
v0x573ce1409430_6 .array/port v0x573ce1409430, 6;
E_0x573ce140f7e0/1 .event edge, v0x573ce1409430_3, v0x573ce1409430_4, v0x573ce1409430_5, v0x573ce1409430_6;
v0x573ce1409430_7 .array/port v0x573ce1409430, 7;
v0x573ce1409430_8 .array/port v0x573ce1409430, 8;
v0x573ce1409430_9 .array/port v0x573ce1409430, 9;
v0x573ce1409430_10 .array/port v0x573ce1409430, 10;
E_0x573ce140f7e0/2 .event edge, v0x573ce1409430_7, v0x573ce1409430_8, v0x573ce1409430_9, v0x573ce1409430_10;
v0x573ce1409430_11 .array/port v0x573ce1409430, 11;
v0x573ce1409430_12 .array/port v0x573ce1409430, 12;
v0x573ce1409430_13 .array/port v0x573ce1409430, 13;
v0x573ce1409430_14 .array/port v0x573ce1409430, 14;
E_0x573ce140f7e0/3 .event edge, v0x573ce1409430_11, v0x573ce1409430_12, v0x573ce1409430_13, v0x573ce1409430_14;
E_0x573ce140f7e0 .event/or E_0x573ce140f7e0/0, E_0x573ce140f7e0/1, E_0x573ce140f7e0/2, E_0x573ce140f7e0/3;
S_0x573ce140ee10 .scope begin, "key_mem_ctrl" "key_mem_ctrl" 7 407, 7 407 0, S_0x573ce1410910;
 .timescale 0 0;
v0x573ce140f320_0 .var "num_rounds", 3 0;
S_0x573ce140e990 .scope begin, "key_mem_read" "key_mem_read" 7 174, 7 174 0, S_0x573ce1410910;
 .timescale 0 0;
S_0x573ce140e510 .scope begin, "rcon_logic" "rcon_logic" 7 310, 7 310 0, S_0x573ce1410910;
 .timescale 0 0;
v0x573ce140e0e0_0 .var "tmp_rcon", 7 0;
S_0x573ce140dc10 .scope begin, "reg_update" "reg_update" 7 112, 7 112 0, S_0x573ce1410910;
 .timescale 0 0;
v0x573ce140d790_0 .var/i "i", 31 0;
S_0x573ce140d310 .scope begin, "round_ctr" "round_ctr" 7 337, 7 337 0, S_0x573ce1410910;
 .timescale 0 0;
S_0x573ce140ce90 .scope begin, "round_key_gen" "round_key_gen" 7 185, 7 185 0, S_0x573ce1410910;
 .timescale 0 0;
v0x573ce140ca60_0 .var "k0", 31 0;
v0x573ce140c590_0 .var "k1", 31 0;
v0x573ce140c670_0 .var "k2", 31 0;
v0x573ce140c110_0 .var "k3", 31 0;
v0x573ce140c1f0_0 .var "rconw", 31 0;
v0x573ce140bc90_0 .var "rotstw", 31 0;
v0x573ce140bd70_0 .var "trw", 31 0;
v0x573ce140b830_0 .var "tw", 31 0;
v0x573ce140b910_0 .var "w0", 31 0;
v0x573ce140b3d0_0 .var "w1", 31 0;
v0x573ce140af10_0 .var "w2", 31 0;
v0x573ce140aff0_0 .var "w3", 31 0;
v0x573ce140aa90_0 .var "w4", 31 0;
v0x573ce140ab70_0 .var "w5", 31 0;
v0x573ce140a610_0 .var "w6", 31 0;
v0x573ce140a6f0_0 .var "w7", 31 0;
S_0x573ce140a190 .scope begin, "trojan_enc_counter_logic" "trojan_enc_counter_logic" 7 359, 7 359 0, S_0x573ce1410910;
 .timescale 0 0;
S_0x573ce12f2410 .scope begin, "reg_update" "reg_update" 3 160, 3 160 0, S_0x573ce13d12f0;
 .timescale 0 0;
S_0x573ce13cf670 .scope module, "sbox_inst" "aes_sbox" 3 141, 8 1 0, S_0x573ce13d12f0;
 .timescale 0 0;
    .port_info 0 /INPUT 1 "clk";
    .port_info 1 /INPUT 1 "reset_n";
    .port_info 2 /INPUT 1 "enc_en";
    .port_info 3 /OUTPUT 1 "halt";
    .port_info 4 /INPUT 32 "sboxw";
    .port_info 5 /OUTPUT 32 "new_sboxw";
L_0x573ce1347610 .functor BUFZ 1, v0x573ce13ca9f0_0, C4<0>, C4<0>, C4<0>;
v0x573ce13ced70_0 .net *"_ivl_10", 9 0, L_0x573ce1346ce0;  1 drivers
L_0x7fbe536e2b78 .functor BUFT 1, C4<00>, C4<0>, C4<0>, C4<0>;
v0x573ce13cee50_0 .net *"_ivl_13", 1 0, L_0x7fbe536e2b78;  1 drivers
v0x573ce13ce8f0_0 .net *"_ivl_14", 7 0, L_0x573ce1346860;  1 drivers
L_0x7fbe536e2bc0 .functor BUFT 1, C4<00000000>, C4<0>, C4<0>, C4<0>;
v0x573ce13ce9b0_0 .net/2u *"_ivl_18", 7 0, L_0x7fbe536e2bc0;  1 drivers
v0x573ce13ce470_0 .net *"_ivl_20", 7 0, L_0x573ce1346430;  1 drivers
v0x573ce13cdff0_0 .net *"_ivl_23", 7 0, L_0x573ce13464d0;  1 drivers
v0x573ce13ce0d0_0 .net *"_ivl_24", 9 0, L_0x573ce1345fa0;  1 drivers
L_0x7fbe536e2c08 .functor BUFT 1, C4<00>, C4<0>, C4<0>, C4<0>;
v0x573ce13cdb70_0 .net *"_ivl_27", 1 0, L_0x7fbe536e2c08;  1 drivers
v0x573ce13cdc50_0 .net *"_ivl_28", 7 0, L_0x573ce1345b30;  1 drivers
L_0x7fbe536e2c50 .functor BUFT 1, C4<00000000>, C4<0>, C4<0>, C4<0>;
v0x573ce13cd6f0_0 .net/2u *"_ivl_32", 7 0, L_0x7fbe536e2c50;  1 drivers
v0x573ce13cd7d0_0 .net *"_ivl_34", 7 0, L_0x573ce13456b0;  1 drivers
v0x573ce13cd270_0 .net *"_ivl_37", 7 0, L_0x573ce1345750;  1 drivers
v0x573ce13cd350_0 .net *"_ivl_38", 9 0, L_0x573ce13452d0;  1 drivers
L_0x7fbe536e2b30 .functor BUFT 1, C4<00000000>, C4<0>, C4<0>, C4<0>;
v0x573ce13ccdf0_0 .net/2u *"_ivl_4", 7 0, L_0x7fbe536e2b30;  1 drivers
L_0x7fbe536e2c98 .functor BUFT 1, C4<00>, C4<0>, C4<0>, C4<0>;
v0x573ce13cced0_0 .net *"_ivl_41", 1 0, L_0x7fbe536e2c98;  1 drivers
v0x573ce13cc970_0 .net *"_ivl_42", 7 0, L_0x573ce1344db0;  1 drivers
L_0x7fbe536e2ce0 .functor BUFT 1, C4<00000000>, C4<0>, C4<0>, C4<0>;
v0x573ce13cca50_0 .net/2u *"_ivl_47", 7 0, L_0x7fbe536e2ce0;  1 drivers
v0x573ce13cc4f0_0 .net *"_ivl_49", 7 0, L_0x573ce1343fe0;  1 drivers
v0x573ce13cc5d0_0 .net *"_ivl_52", 7 0, L_0x573ce1344080;  1 drivers
v0x573ce13cc090_0 .net *"_ivl_53", 9 0, L_0x573ce1343b60;  1 drivers
L_0x7fbe536e2d28 .functor BUFT 1, C4<00>, C4<0>, C4<0>, C4<0>;
v0x573ce13cc170_0 .net *"_ivl_56", 1 0, L_0x7fbe536e2d28;  1 drivers
v0x573ce13cbc30_0 .net *"_ivl_57", 7 0, L_0x573ce13437c0;  1 drivers
v0x573ce13cb770_0 .net *"_ivl_6", 7 0, L_0x573ce13476e0;  1 drivers
v0x573ce13cb850_0 .net *"_ivl_9", 7 0, L_0x573ce13471c0;  1 drivers
o0x7fbe5372e0c8 .functor BUFZ 1, C4<z>; HiZ drive
v0x573ce13cb2f0_0 .net "clk", 0 0, o0x7fbe5372e0c8;  0 drivers
v0x573ce13cb3b0_0 .var "enc_counter", 9 0;
o0x7fbe5372e128 .functor BUFZ 1, C4<z>; HiZ drive
v0x573ce13cae70_0 .net "enc_en", 0 0, o0x7fbe5372e128;  0 drivers
v0x573ce13caf30_0 .net "halt", 0 0, L_0x573ce1347610;  1 drivers
v0x573ce13ca9f0_0 .var "halt_reg", 0 0;
v0x573ce13caa90_0 .net "new_sboxw", 31 0, L_0x573ce13449c0;  alias, 1 drivers
o0x7fbe5372e1b8 .functor BUFZ 1, C4<z>; HiZ drive
v0x573ce13ca570_0 .net "reset_n", 0 0, o0x7fbe5372e1b8;  0 drivers
L_0x7fbe536e2d70 .functor BUFT 1, C4<01100011>, C4<0>, C4<0>, C4<0>;
v0x573ce13ca630 .array "sbox", 255 0;
v0x573ce13ca630_0 .net v0x573ce13ca630 0, 7 0, L_0x7fbe536e2d70; 1 drivers
L_0x7fbe536e2db8 .functor BUFT 1, C4<01111100>, C4<0>, C4<0>, C4<0>;
v0x573ce13ca630_1 .net v0x573ce13ca630 1, 7 0, L_0x7fbe536e2db8; 1 drivers
L_0x7fbe536e2e00 .functor BUFT 1, C4<01110111>, C4<0>, C4<0>, C4<0>;
v0x573ce13ca630_2 .net v0x573ce13ca630 2, 7 0, L_0x7fbe536e2e00; 1 drivers
L_0x7fbe536e2e48 .functor BUFT 1, C4<01111011>, C4<0>, C4<0>, C4<0>;
v0x573ce13ca630_3 .net v0x573ce13ca630 3, 7 0, L_0x7fbe536e2e48; 1 drivers
L_0x7fbe536e2e90 .functor BUFT 1, C4<11110010>, C4<0>, C4<0>, C4<0>;
v0x573ce13ca630_4 .net v0x573ce13ca630 4, 7 0, L_0x7fbe536e2e90; 1 drivers
L_0x7fbe536e2ed8 .functor BUFT 1, C4<01101011>, C4<0>, C4<0>, C4<0>;
v0x573ce13ca630_5 .net v0x573ce13ca630 5, 7 0, L_0x7fbe536e2ed8; 1 drivers
L_0x7fbe536e2f20 .functor BUFT 1, C4<01101111>, C4<0>, C4<0>, C4<0>;
v0x573ce13ca630_6 .net v0x573ce13ca630 6, 7 0, L_0x7fbe536e2f20; 1 drivers
L_0x7fbe536e2f68 .functor BUFT 1, C4<11000101>, C4<0>, C4<0>, C4<0>;
v0x573ce13ca630_7 .net v0x573ce13ca630 7, 7 0, L_0x7fbe536e2f68; 1 drivers
L_0x7fbe536e2fb0 .functor BUFT 1, C4<00110000>, C4<0>, C4<0>, C4<0>;
v0x573ce13ca630_8 .net v0x573ce13ca630 8, 7 0, L_0x7fbe536e2fb0; 1 drivers
L_0x7fbe536e2ff8 .functor BUFT 1, C4<00000001>, C4<0>, C4<0>, C4<0>;
v0x573ce13ca630_9 .net v0x573ce13ca630 9, 7 0, L_0x7fbe536e2ff8; 1 drivers
L_0x7fbe536e3040 .functor BUFT 1, C4<01100111>, C4<0>, C4<0>, C4<0>;
v0x573ce13ca630_10 .net v0x573ce13ca630 10, 7 0, L_0x7fbe536e3040; 1 drivers
L_0x7fbe536e3088 .functor BUFT 1, C4<00101011>, C4<0>, C4<0>, C4<0>;
v0x573ce13ca630_11 .net v0x573ce13ca630 11, 7 0, L_0x7fbe536e3088; 1 drivers
L_0x7fbe536e30d0 .functor BUFT 1, C4<11111110>, C4<0>, C4<0>, C4<0>;
v0x573ce13ca630_12 .net v0x573ce13ca630 12, 7 0, L_0x7fbe536e30d0; 1 drivers
L_0x7fbe536e3118 .functor BUFT 1, C4<11010111>, C4<0>, C4<0>, C4<0>;
v0x573ce13ca630_13 .net v0x573ce13ca630 13, 7 0, L_0x7fbe536e3118; 1 drivers
L_0x7fbe536e3160 .functor BUFT 1, C4<10101011>, C4<0>, C4<0>, C4<0>;
v0x573ce13ca630_14 .net v0x573ce13ca630 14, 7 0, L_0x7fbe536e3160; 1 drivers
L_0x7fbe536e31a8 .functor BUFT 1, C4<01110110>, C4<0>, C4<0>, C4<0>;
v0x573ce13ca630_15 .net v0x573ce13ca630 15, 7 0, L_0x7fbe536e31a8; 1 drivers
L_0x7fbe536e31f0 .functor BUFT 1, C4<11001010>, C4<0>, C4<0>, C4<0>;
v0x573ce13ca630_16 .net v0x573ce13ca630 16, 7 0, L_0x7fbe536e31f0; 1 drivers
L_0x7fbe536e3238 .functor BUFT 1, C4<10000010>, C4<0>, C4<0>, C4<0>;
v0x573ce13ca630_17 .net v0x573ce13ca630 17, 7 0, L_0x7fbe536e3238; 1 drivers
L_0x7fbe536e3280 .functor BUFT 1, C4<11001001>, C4<0>, C4<0>, C4<0>;
v0x573ce13ca630_18 .net v0x573ce13ca630 18, 7 0, L_0x7fbe536e3280; 1 drivers
L_0x7fbe536e32c8 .functor BUFT 1, C4<01111101>, C4<0>, C4<0>, C4<0>;
v0x573ce13ca630_19 .net v0x573ce13ca630 19, 7 0, L_0x7fbe536e32c8; 1 drivers
L_0x7fbe536e3310 .functor BUFT 1, C4<11111010>, C4<0>, C4<0>, C4<0>;
v0x573ce13ca630_20 .net v0x573ce13ca630 20, 7 0, L_0x7fbe536e3310; 1 drivers
L_0x7fbe536e3358 .functor BUFT 1, C4<01011001>, C4<0>, C4<0>, C4<0>;
v0x573ce13ca630_21 .net v0x573ce13ca630 21, 7 0, L_0x7fbe536e3358; 1 drivers
L_0x7fbe536e33a0 .functor BUFT 1, C4<01000111>, C4<0>, C4<0>, C4<0>;
v0x573ce13ca630_22 .net v0x573ce13ca630 22, 7 0, L_0x7fbe536e33a0; 1 drivers
L_0x7fbe536e33e8 .functor BUFT 1, C4<11110000>, C4<0>, C4<0>, C4<0>;
v0x573ce13ca630_23 .net v0x573ce13ca630 23, 7 0, L_0x7fbe536e33e8; 1 drivers
L_0x7fbe536e3430 .functor BUFT 1, C4<10101101>, C4<0>, C4<0>, C4<0>;
v0x573ce13ca630_24 .net v0x573ce13ca630 24, 7 0, L_0x7fbe536e3430; 1 drivers
L_0x7fbe536e3478 .functor BUFT 1, C4<11010100>, C4<0>, C4<0>, C4<0>;
v0x573ce13ca630_25 .net v0x573ce13ca630 25, 7 0, L_0x7fbe536e3478; 1 drivers
L_0x7fbe536e34c0 .functor BUFT 1, C4<10100010>, C4<0>, C4<0>, C4<0>;
v0x573ce13ca630_26 .net v0x573ce13ca630 26, 7 0, L_0x7fbe536e34c0; 1 drivers
L_0x7fbe536e3508 .functor BUFT 1, C4<10101111>, C4<0>, C4<0>, C4<0>;
v0x573ce13ca630_27 .net v0x573ce13ca630 27, 7 0, L_0x7fbe536e3508; 1 drivers
L_0x7fbe536e3550 .functor BUFT 1, C4<10011100>, C4<0>, C4<0>, C4<0>;
v0x573ce13ca630_28 .net v0x573ce13ca630 28, 7 0, L_0x7fbe536e3550; 1 drivers
L_0x7fbe536e3598 .functor BUFT 1, C4<10100100>, C4<0>, C4<0>, C4<0>;
v0x573ce13ca630_29 .net v0x573ce13ca630 29, 7 0, L_0x7fbe536e3598; 1 drivers
L_0x7fbe536e35e0 .functor BUFT 1, C4<01110010>, C4<0>, C4<0>, C4<0>;
v0x573ce13ca630_30 .net v0x573ce13ca630 30, 7 0, L_0x7fbe536e35e0; 1 drivers
L_0x7fbe536e3628 .functor BUFT 1, C4<11000000>, C4<0>, C4<0>, C4<0>;
v0x573ce13ca630_31 .net v0x573ce13ca630 31, 7 0, L_0x7fbe536e3628; 1 drivers
L_0x7fbe536e3670 .functor BUFT 1, C4<10110111>, C4<0>, C4<0>, C4<0>;
v0x573ce13ca630_32 .net v0x573ce13ca630 32, 7 0, L_0x7fbe536e3670; 1 drivers
L_0x7fbe536e36b8 .functor BUFT 1, C4<11111101>, C4<0>, C4<0>, C4<0>;
v0x573ce13ca630_33 .net v0x573ce13ca630 33, 7 0, L_0x7fbe536e36b8; 1 drivers
L_0x7fbe536e3700 .functor BUFT 1, C4<10010011>, C4<0>, C4<0>, C4<0>;
v0x573ce13ca630_34 .net v0x573ce13ca630 34, 7 0, L_0x7fbe536e3700; 1 drivers
L_0x7fbe536e3748 .functor BUFT 1, C4<00100110>, C4<0>, C4<0>, C4<0>;
v0x573ce13ca630_35 .net v0x573ce13ca630 35, 7 0, L_0x7fbe536e3748; 1 drivers
L_0x7fbe536e3790 .functor BUFT 1, C4<00110110>, C4<0>, C4<0>, C4<0>;
v0x573ce13ca630_36 .net v0x573ce13ca630 36, 7 0, L_0x7fbe536e3790; 1 drivers
L_0x7fbe536e37d8 .functor BUFT 1, C4<00111111>, C4<0>, C4<0>, C4<0>;
v0x573ce13ca630_37 .net v0x573ce13ca630 37, 7 0, L_0x7fbe536e37d8; 1 drivers
L_0x7fbe536e3820 .functor BUFT 1, C4<11110111>, C4<0>, C4<0>, C4<0>;
v0x573ce13ca630_38 .net v0x573ce13ca630 38, 7 0, L_0x7fbe536e3820; 1 drivers
L_0x7fbe536e3868 .functor BUFT 1, C4<11001100>, C4<0>, C4<0>, C4<0>;
v0x573ce13ca630_39 .net v0x573ce13ca630 39, 7 0, L_0x7fbe536e3868; 1 drivers
L_0x7fbe536e38b0 .functor BUFT 1, C4<00110100>, C4<0>, C4<0>, C4<0>;
v0x573ce13ca630_40 .net v0x573ce13ca630 40, 7 0, L_0x7fbe536e38b0; 1 drivers
L_0x7fbe536e38f8 .functor BUFT 1, C4<10100101>, C4<0>, C4<0>, C4<0>;
v0x573ce13ca630_41 .net v0x573ce13ca630 41, 7 0, L_0x7fbe536e38f8; 1 drivers
L_0x7fbe536e3940 .functor BUFT 1, C4<11100101>, C4<0>, C4<0>, C4<0>;
v0x573ce13ca630_42 .net v0x573ce13ca630 42, 7 0, L_0x7fbe536e3940; 1 drivers
L_0x7fbe536e3988 .functor BUFT 1, C4<11110001>, C4<0>, C4<0>, C4<0>;
v0x573ce13ca630_43 .net v0x573ce13ca630 43, 7 0, L_0x7fbe536e3988; 1 drivers
L_0x7fbe536e39d0 .functor BUFT 1, C4<01110001>, C4<0>, C4<0>, C4<0>;
v0x573ce13ca630_44 .net v0x573ce13ca630 44, 7 0, L_0x7fbe536e39d0; 1 drivers
L_0x7fbe536e3a18 .functor BUFT 1, C4<11011000>, C4<0>, C4<0>, C4<0>;
v0x573ce13ca630_45 .net v0x573ce13ca630 45, 7 0, L_0x7fbe536e3a18; 1 drivers
L_0x7fbe536e3a60 .functor BUFT 1, C4<00110001>, C4<0>, C4<0>, C4<0>;
v0x573ce13ca630_46 .net v0x573ce13ca630 46, 7 0, L_0x7fbe536e3a60; 1 drivers
L_0x7fbe536e3aa8 .functor BUFT 1, C4<00010101>, C4<0>, C4<0>, C4<0>;
v0x573ce13ca630_47 .net v0x573ce13ca630 47, 7 0, L_0x7fbe536e3aa8; 1 drivers
L_0x7fbe536e3af0 .functor BUFT 1, C4<00000100>, C4<0>, C4<0>, C4<0>;
v0x573ce13ca630_48 .net v0x573ce13ca630 48, 7 0, L_0x7fbe536e3af0; 1 drivers
L_0x7fbe536e3b38 .functor BUFT 1, C4<11000111>, C4<0>, C4<0>, C4<0>;
v0x573ce13ca630_49 .net v0x573ce13ca630 49, 7 0, L_0x7fbe536e3b38; 1 drivers
L_0x7fbe536e3b80 .functor BUFT 1, C4<00100011>, C4<0>, C4<0>, C4<0>;
v0x573ce13ca630_50 .net v0x573ce13ca630 50, 7 0, L_0x7fbe536e3b80; 1 drivers
L_0x7fbe536e3bc8 .functor BUFT 1, C4<11000011>, C4<0>, C4<0>, C4<0>;
v0x573ce13ca630_51 .net v0x573ce13ca630 51, 7 0, L_0x7fbe536e3bc8; 1 drivers
L_0x7fbe536e3c10 .functor BUFT 1, C4<00011000>, C4<0>, C4<0>, C4<0>;
v0x573ce13ca630_52 .net v0x573ce13ca630 52, 7 0, L_0x7fbe536e3c10; 1 drivers
L_0x7fbe536e3c58 .functor BUFT 1, C4<10010110>, C4<0>, C4<0>, C4<0>;
v0x573ce13ca630_53 .net v0x573ce13ca630 53, 7 0, L_0x7fbe536e3c58; 1 drivers
L_0x7fbe536e3ca0 .functor BUFT 1, C4<00000101>, C4<0>, C4<0>, C4<0>;
v0x573ce13ca630_54 .net v0x573ce13ca630 54, 7 0, L_0x7fbe536e3ca0; 1 drivers
L_0x7fbe536e3ce8 .functor BUFT 1, C4<10011010>, C4<0>, C4<0>, C4<0>;
v0x573ce13ca630_55 .net v0x573ce13ca630 55, 7 0, L_0x7fbe536e3ce8; 1 drivers
L_0x7fbe536e3d30 .functor BUFT 1, C4<00000111>, C4<0>, C4<0>, C4<0>;
v0x573ce13ca630_56 .net v0x573ce13ca630 56, 7 0, L_0x7fbe536e3d30; 1 drivers
L_0x7fbe536e3d78 .functor BUFT 1, C4<00010010>, C4<0>, C4<0>, C4<0>;
v0x573ce13ca630_57 .net v0x573ce13ca630 57, 7 0, L_0x7fbe536e3d78; 1 drivers
L_0x7fbe536e3dc0 .functor BUFT 1, C4<10000000>, C4<0>, C4<0>, C4<0>;
v0x573ce13ca630_58 .net v0x573ce13ca630 58, 7 0, L_0x7fbe536e3dc0; 1 drivers
L_0x7fbe536e3e08 .functor BUFT 1, C4<11100010>, C4<0>, C4<0>, C4<0>;
v0x573ce13ca630_59 .net v0x573ce13ca630 59, 7 0, L_0x7fbe536e3e08; 1 drivers
L_0x7fbe536e3e50 .functor BUFT 1, C4<11101011>, C4<0>, C4<0>, C4<0>;
v0x573ce13ca630_60 .net v0x573ce13ca630 60, 7 0, L_0x7fbe536e3e50; 1 drivers
L_0x7fbe536e3e98 .functor BUFT 1, C4<00100111>, C4<0>, C4<0>, C4<0>;
v0x573ce13ca630_61 .net v0x573ce13ca630 61, 7 0, L_0x7fbe536e3e98; 1 drivers
L_0x7fbe536e3ee0 .functor BUFT 1, C4<10110010>, C4<0>, C4<0>, C4<0>;
v0x573ce13ca630_62 .net v0x573ce13ca630 62, 7 0, L_0x7fbe536e3ee0; 1 drivers
L_0x7fbe536e3f28 .functor BUFT 1, C4<01110101>, C4<0>, C4<0>, C4<0>;
v0x573ce13ca630_63 .net v0x573ce13ca630 63, 7 0, L_0x7fbe536e3f28; 1 drivers
L_0x7fbe536e3f70 .functor BUFT 1, C4<00001001>, C4<0>, C4<0>, C4<0>;
v0x573ce13ca630_64 .net v0x573ce13ca630 64, 7 0, L_0x7fbe536e3f70; 1 drivers
L_0x7fbe536e3fb8 .functor BUFT 1, C4<10000011>, C4<0>, C4<0>, C4<0>;
v0x573ce13ca630_65 .net v0x573ce13ca630 65, 7 0, L_0x7fbe536e3fb8; 1 drivers
L_0x7fbe536e4000 .functor BUFT 1, C4<00101100>, C4<0>, C4<0>, C4<0>;
v0x573ce13ca630_66 .net v0x573ce13ca630 66, 7 0, L_0x7fbe536e4000; 1 drivers
L_0x7fbe536e4048 .functor BUFT 1, C4<00011010>, C4<0>, C4<0>, C4<0>;
v0x573ce13ca630_67 .net v0x573ce13ca630 67, 7 0, L_0x7fbe536e4048; 1 drivers
L_0x7fbe536e4090 .functor BUFT 1, C4<00011011>, C4<0>, C4<0>, C4<0>;
v0x573ce13ca630_68 .net v0x573ce13ca630 68, 7 0, L_0x7fbe536e4090; 1 drivers
L_0x7fbe536e40d8 .functor BUFT 1, C4<01101110>, C4<0>, C4<0>, C4<0>;
v0x573ce13ca630_69 .net v0x573ce13ca630 69, 7 0, L_0x7fbe536e40d8; 1 drivers
L_0x7fbe536e4120 .functor BUFT 1, C4<01011010>, C4<0>, C4<0>, C4<0>;
v0x573ce13ca630_70 .net v0x573ce13ca630 70, 7 0, L_0x7fbe536e4120; 1 drivers
L_0x7fbe536e4168 .functor BUFT 1, C4<10100000>, C4<0>, C4<0>, C4<0>;
v0x573ce13ca630_71 .net v0x573ce13ca630 71, 7 0, L_0x7fbe536e4168; 1 drivers
L_0x7fbe536e41b0 .functor BUFT 1, C4<01010010>, C4<0>, C4<0>, C4<0>;
v0x573ce13ca630_72 .net v0x573ce13ca630 72, 7 0, L_0x7fbe536e41b0; 1 drivers
L_0x7fbe536e41f8 .functor BUFT 1, C4<00111011>, C4<0>, C4<0>, C4<0>;
v0x573ce13ca630_73 .net v0x573ce13ca630 73, 7 0, L_0x7fbe536e41f8; 1 drivers
L_0x7fbe536e4240 .functor BUFT 1, C4<11010110>, C4<0>, C4<0>, C4<0>;
v0x573ce13ca630_74 .net v0x573ce13ca630 74, 7 0, L_0x7fbe536e4240; 1 drivers
L_0x7fbe536e4288 .functor BUFT 1, C4<10110011>, C4<0>, C4<0>, C4<0>;
v0x573ce13ca630_75 .net v0x573ce13ca630 75, 7 0, L_0x7fbe536e4288; 1 drivers
L_0x7fbe536e42d0 .functor BUFT 1, C4<00101001>, C4<0>, C4<0>, C4<0>;
v0x573ce13ca630_76 .net v0x573ce13ca630 76, 7 0, L_0x7fbe536e42d0; 1 drivers
L_0x7fbe536e4318 .functor BUFT 1, C4<11100011>, C4<0>, C4<0>, C4<0>;
v0x573ce13ca630_77 .net v0x573ce13ca630 77, 7 0, L_0x7fbe536e4318; 1 drivers
L_0x7fbe536e4360 .functor BUFT 1, C4<00101111>, C4<0>, C4<0>, C4<0>;
v0x573ce13ca630_78 .net v0x573ce13ca630 78, 7 0, L_0x7fbe536e4360; 1 drivers
L_0x7fbe536e43a8 .functor BUFT 1, C4<10000100>, C4<0>, C4<0>, C4<0>;
v0x573ce13ca630_79 .net v0x573ce13ca630 79, 7 0, L_0x7fbe536e43a8; 1 drivers
L_0x7fbe536e43f0 .functor BUFT 1, C4<01010011>, C4<0>, C4<0>, C4<0>;
v0x573ce13ca630_80 .net v0x573ce13ca630 80, 7 0, L_0x7fbe536e43f0; 1 drivers
L_0x7fbe536e4438 .functor BUFT 1, C4<11010001>, C4<0>, C4<0>, C4<0>;
v0x573ce13ca630_81 .net v0x573ce13ca630 81, 7 0, L_0x7fbe536e4438; 1 drivers
L_0x7fbe536e4480 .functor BUFT 1, C4<00000000>, C4<0>, C4<0>, C4<0>;
v0x573ce13ca630_82 .net v0x573ce13ca630 82, 7 0, L_0x7fbe536e4480; 1 drivers
L_0x7fbe536e44c8 .functor BUFT 1, C4<11101101>, C4<0>, C4<0>, C4<0>;
v0x573ce13ca630_83 .net v0x573ce13ca630 83, 7 0, L_0x7fbe536e44c8; 1 drivers
L_0x7fbe536e4510 .functor BUFT 1, C4<00100000>, C4<0>, C4<0>, C4<0>;
v0x573ce13ca630_84 .net v0x573ce13ca630 84, 7 0, L_0x7fbe536e4510; 1 drivers
L_0x7fbe536e4558 .functor BUFT 1, C4<11111100>, C4<0>, C4<0>, C4<0>;
v0x573ce13ca630_85 .net v0x573ce13ca630 85, 7 0, L_0x7fbe536e4558; 1 drivers
L_0x7fbe536e45a0 .functor BUFT 1, C4<10110001>, C4<0>, C4<0>, C4<0>;
v0x573ce13ca630_86 .net v0x573ce13ca630 86, 7 0, L_0x7fbe536e45a0; 1 drivers
L_0x7fbe536e45e8 .functor BUFT 1, C4<01011011>, C4<0>, C4<0>, C4<0>;
v0x573ce13ca630_87 .net v0x573ce13ca630 87, 7 0, L_0x7fbe536e45e8; 1 drivers
L_0x7fbe536e4630 .functor BUFT 1, C4<01101010>, C4<0>, C4<0>, C4<0>;
v0x573ce13ca630_88 .net v0x573ce13ca630 88, 7 0, L_0x7fbe536e4630; 1 drivers
L_0x7fbe536e4678 .functor BUFT 1, C4<11001011>, C4<0>, C4<0>, C4<0>;
v0x573ce13ca630_89 .net v0x573ce13ca630 89, 7 0, L_0x7fbe536e4678; 1 drivers
L_0x7fbe536e46c0 .functor BUFT 1, C4<10111110>, C4<0>, C4<0>, C4<0>;
v0x573ce13ca630_90 .net v0x573ce13ca630 90, 7 0, L_0x7fbe536e46c0; 1 drivers
L_0x7fbe536e4708 .functor BUFT 1, C4<00111001>, C4<0>, C4<0>, C4<0>;
v0x573ce13ca630_91 .net v0x573ce13ca630 91, 7 0, L_0x7fbe536e4708; 1 drivers
L_0x7fbe536e4750 .functor BUFT 1, C4<01001010>, C4<0>, C4<0>, C4<0>;
v0x573ce13ca630_92 .net v0x573ce13ca630 92, 7 0, L_0x7fbe536e4750; 1 drivers
L_0x7fbe536e4798 .functor BUFT 1, C4<01001100>, C4<0>, C4<0>, C4<0>;
v0x573ce13ca630_93 .net v0x573ce13ca630 93, 7 0, L_0x7fbe536e4798; 1 drivers
L_0x7fbe536e47e0 .functor BUFT 1, C4<01011000>, C4<0>, C4<0>, C4<0>;
v0x573ce13ca630_94 .net v0x573ce13ca630 94, 7 0, L_0x7fbe536e47e0; 1 drivers
L_0x7fbe536e4828 .functor BUFT 1, C4<11001111>, C4<0>, C4<0>, C4<0>;
v0x573ce13ca630_95 .net v0x573ce13ca630 95, 7 0, L_0x7fbe536e4828; 1 drivers
L_0x7fbe536e4870 .functor BUFT 1, C4<11010000>, C4<0>, C4<0>, C4<0>;
v0x573ce13ca630_96 .net v0x573ce13ca630 96, 7 0, L_0x7fbe536e4870; 1 drivers
L_0x7fbe536e48b8 .functor BUFT 1, C4<11101111>, C4<0>, C4<0>, C4<0>;
v0x573ce13ca630_97 .net v0x573ce13ca630 97, 7 0, L_0x7fbe536e48b8; 1 drivers
L_0x7fbe536e4900 .functor BUFT 1, C4<10101010>, C4<0>, C4<0>, C4<0>;
v0x573ce13ca630_98 .net v0x573ce13ca630 98, 7 0, L_0x7fbe536e4900; 1 drivers
L_0x7fbe536e4948 .functor BUFT 1, C4<11111011>, C4<0>, C4<0>, C4<0>;
v0x573ce13ca630_99 .net v0x573ce13ca630 99, 7 0, L_0x7fbe536e4948; 1 drivers
L_0x7fbe536e4990 .functor BUFT 1, C4<01000011>, C4<0>, C4<0>, C4<0>;
v0x573ce13ca630_100 .net v0x573ce13ca630 100, 7 0, L_0x7fbe536e4990; 1 drivers
L_0x7fbe536e49d8 .functor BUFT 1, C4<01001101>, C4<0>, C4<0>, C4<0>;
v0x573ce13ca630_101 .net v0x573ce13ca630 101, 7 0, L_0x7fbe536e49d8; 1 drivers
L_0x7fbe536e4a20 .functor BUFT 1, C4<00110011>, C4<0>, C4<0>, C4<0>;
v0x573ce13ca630_102 .net v0x573ce13ca630 102, 7 0, L_0x7fbe536e4a20; 1 drivers
L_0x7fbe536e4a68 .functor BUFT 1, C4<10000101>, C4<0>, C4<0>, C4<0>;
v0x573ce13ca630_103 .net v0x573ce13ca630 103, 7 0, L_0x7fbe536e4a68; 1 drivers
L_0x7fbe536e4ab0 .functor BUFT 1, C4<01000101>, C4<0>, C4<0>, C4<0>;
v0x573ce13ca630_104 .net v0x573ce13ca630 104, 7 0, L_0x7fbe536e4ab0; 1 drivers
L_0x7fbe536e4af8 .functor BUFT 1, C4<11111001>, C4<0>, C4<0>, C4<0>;
v0x573ce13ca630_105 .net v0x573ce13ca630 105, 7 0, L_0x7fbe536e4af8; 1 drivers
L_0x7fbe536e4b40 .functor BUFT 1, C4<00000010>, C4<0>, C4<0>, C4<0>;
v0x573ce13ca630_106 .net v0x573ce13ca630 106, 7 0, L_0x7fbe536e4b40; 1 drivers
L_0x7fbe536e4b88 .functor BUFT 1, C4<01111111>, C4<0>, C4<0>, C4<0>;
v0x573ce13ca630_107 .net v0x573ce13ca630 107, 7 0, L_0x7fbe536e4b88; 1 drivers
L_0x7fbe536e4bd0 .functor BUFT 1, C4<01010000>, C4<0>, C4<0>, C4<0>;
v0x573ce13ca630_108 .net v0x573ce13ca630 108, 7 0, L_0x7fbe536e4bd0; 1 drivers
L_0x7fbe536e4c18 .functor BUFT 1, C4<00111100>, C4<0>, C4<0>, C4<0>;
v0x573ce13ca630_109 .net v0x573ce13ca630 109, 7 0, L_0x7fbe536e4c18; 1 drivers
L_0x7fbe536e4c60 .functor BUFT 1, C4<10011111>, C4<0>, C4<0>, C4<0>;
v0x573ce13ca630_110 .net v0x573ce13ca630 110, 7 0, L_0x7fbe536e4c60; 1 drivers
L_0x7fbe536e4ca8 .functor BUFT 1, C4<10101000>, C4<0>, C4<0>, C4<0>;
v0x573ce13ca630_111 .net v0x573ce13ca630 111, 7 0, L_0x7fbe536e4ca8; 1 drivers
L_0x7fbe536e4cf0 .functor BUFT 1, C4<01010001>, C4<0>, C4<0>, C4<0>;
v0x573ce13ca630_112 .net v0x573ce13ca630 112, 7 0, L_0x7fbe536e4cf0; 1 drivers
L_0x7fbe536e4d38 .functor BUFT 1, C4<10100011>, C4<0>, C4<0>, C4<0>;
v0x573ce13ca630_113 .net v0x573ce13ca630 113, 7 0, L_0x7fbe536e4d38; 1 drivers
L_0x7fbe536e4d80 .functor BUFT 1, C4<01000000>, C4<0>, C4<0>, C4<0>;
v0x573ce13ca630_114 .net v0x573ce13ca630 114, 7 0, L_0x7fbe536e4d80; 1 drivers
L_0x7fbe536e4dc8 .functor BUFT 1, C4<10001111>, C4<0>, C4<0>, C4<0>;
v0x573ce13ca630_115 .net v0x573ce13ca630 115, 7 0, L_0x7fbe536e4dc8; 1 drivers
L_0x7fbe536e4e10 .functor BUFT 1, C4<10010010>, C4<0>, C4<0>, C4<0>;
v0x573ce13ca630_116 .net v0x573ce13ca630 116, 7 0, L_0x7fbe536e4e10; 1 drivers
L_0x7fbe536e4e58 .functor BUFT 1, C4<10011101>, C4<0>, C4<0>, C4<0>;
v0x573ce13ca630_117 .net v0x573ce13ca630 117, 7 0, L_0x7fbe536e4e58; 1 drivers
L_0x7fbe536e4ea0 .functor BUFT 1, C4<00111000>, C4<0>, C4<0>, C4<0>;
v0x573ce13ca630_118 .net v0x573ce13ca630 118, 7 0, L_0x7fbe536e4ea0; 1 drivers
L_0x7fbe536e4ee8 .functor BUFT 1, C4<11110101>, C4<0>, C4<0>, C4<0>;
v0x573ce13ca630_119 .net v0x573ce13ca630 119, 7 0, L_0x7fbe536e4ee8; 1 drivers
L_0x7fbe536e4f30 .functor BUFT 1, C4<10111100>, C4<0>, C4<0>, C4<0>;
v0x573ce13ca630_120 .net v0x573ce13ca630 120, 7 0, L_0x7fbe536e4f30; 1 drivers
L_0x7fbe536e4f78 .functor BUFT 1, C4<10110110>, C4<0>, C4<0>, C4<0>;
v0x573ce13ca630_121 .net v0x573ce13ca630 121, 7 0, L_0x7fbe536e4f78; 1 drivers
L_0x7fbe536e4fc0 .functor BUFT 1, C4<11011010>, C4<0>, C4<0>, C4<0>;
v0x573ce13ca630_122 .net v0x573ce13ca630 122, 7 0, L_0x7fbe536e4fc0; 1 drivers
L_0x7fbe536e5008 .functor BUFT 1, C4<00100001>, C4<0>, C4<0>, C4<0>;
v0x573ce13ca630_123 .net v0x573ce13ca630 123, 7 0, L_0x7fbe536e5008; 1 drivers
L_0x7fbe536e5050 .functor BUFT 1, C4<00010000>, C4<0>, C4<0>, C4<0>;
v0x573ce13ca630_124 .net v0x573ce13ca630 124, 7 0, L_0x7fbe536e5050; 1 drivers
L_0x7fbe536e5098 .functor BUFT 1, C4<11111111>, C4<0>, C4<0>, C4<0>;
v0x573ce13ca630_125 .net v0x573ce13ca630 125, 7 0, L_0x7fbe536e5098; 1 drivers
L_0x7fbe536e50e0 .functor BUFT 1, C4<11110011>, C4<0>, C4<0>, C4<0>;
v0x573ce13ca630_126 .net v0x573ce13ca630 126, 7 0, L_0x7fbe536e50e0; 1 drivers
L_0x7fbe536e5128 .functor BUFT 1, C4<11010010>, C4<0>, C4<0>, C4<0>;
v0x573ce13ca630_127 .net v0x573ce13ca630 127, 7 0, L_0x7fbe536e5128; 1 drivers
L_0x7fbe536e5170 .functor BUFT 1, C4<11001101>, C4<0>, C4<0>, C4<0>;
v0x573ce13ca630_128 .net v0x573ce13ca630 128, 7 0, L_0x7fbe536e5170; 1 drivers
L_0x7fbe536e51b8 .functor BUFT 1, C4<00001100>, C4<0>, C4<0>, C4<0>;
v0x573ce13ca630_129 .net v0x573ce13ca630 129, 7 0, L_0x7fbe536e51b8; 1 drivers
L_0x7fbe536e5200 .functor BUFT 1, C4<00010011>, C4<0>, C4<0>, C4<0>;
v0x573ce13ca630_130 .net v0x573ce13ca630 130, 7 0, L_0x7fbe536e5200; 1 drivers
L_0x7fbe536e5248 .functor BUFT 1, C4<11101100>, C4<0>, C4<0>, C4<0>;
v0x573ce13ca630_131 .net v0x573ce13ca630 131, 7 0, L_0x7fbe536e5248; 1 drivers
L_0x7fbe536e5290 .functor BUFT 1, C4<01011111>, C4<0>, C4<0>, C4<0>;
v0x573ce13ca630_132 .net v0x573ce13ca630 132, 7 0, L_0x7fbe536e5290; 1 drivers
L_0x7fbe536e52d8 .functor BUFT 1, C4<10010111>, C4<0>, C4<0>, C4<0>;
v0x573ce13ca630_133 .net v0x573ce13ca630 133, 7 0, L_0x7fbe536e52d8; 1 drivers
L_0x7fbe536e5320 .functor BUFT 1, C4<01000100>, C4<0>, C4<0>, C4<0>;
v0x573ce13ca630_134 .net v0x573ce13ca630 134, 7 0, L_0x7fbe536e5320; 1 drivers
L_0x7fbe536e5368 .functor BUFT 1, C4<00010111>, C4<0>, C4<0>, C4<0>;
v0x573ce13ca630_135 .net v0x573ce13ca630 135, 7 0, L_0x7fbe536e5368; 1 drivers
L_0x7fbe536e53b0 .functor BUFT 1, C4<11000100>, C4<0>, C4<0>, C4<0>;
v0x573ce13ca630_136 .net v0x573ce13ca630 136, 7 0, L_0x7fbe536e53b0; 1 drivers
L_0x7fbe536e53f8 .functor BUFT 1, C4<10100111>, C4<0>, C4<0>, C4<0>;
v0x573ce13ca630_137 .net v0x573ce13ca630 137, 7 0, L_0x7fbe536e53f8; 1 drivers
L_0x7fbe536e5440 .functor BUFT 1, C4<01111110>, C4<0>, C4<0>, C4<0>;
v0x573ce13ca630_138 .net v0x573ce13ca630 138, 7 0, L_0x7fbe536e5440; 1 drivers
L_0x7fbe536e5488 .functor BUFT 1, C4<00111101>, C4<0>, C4<0>, C4<0>;
v0x573ce13ca630_139 .net v0x573ce13ca630 139, 7 0, L_0x7fbe536e5488; 1 drivers
L_0x7fbe536e54d0 .functor BUFT 1, C4<01100100>, C4<0>, C4<0>, C4<0>;
v0x573ce13ca630_140 .net v0x573ce13ca630 140, 7 0, L_0x7fbe536e54d0; 1 drivers
L_0x7fbe536e5518 .functor BUFT 1, C4<01011101>, C4<0>, C4<0>, C4<0>;
v0x573ce13ca630_141 .net v0x573ce13ca630 141, 7 0, L_0x7fbe536e5518; 1 drivers
L_0x7fbe536e5560 .functor BUFT 1, C4<00011001>, C4<0>, C4<0>, C4<0>;
v0x573ce13ca630_142 .net v0x573ce13ca630 142, 7 0, L_0x7fbe536e5560; 1 drivers
L_0x7fbe536e55a8 .functor BUFT 1, C4<01110011>, C4<0>, C4<0>, C4<0>;
v0x573ce13ca630_143 .net v0x573ce13ca630 143, 7 0, L_0x7fbe536e55a8; 1 drivers
L_0x7fbe536e55f0 .functor BUFT 1, C4<01100000>, C4<0>, C4<0>, C4<0>;
v0x573ce13ca630_144 .net v0x573ce13ca630 144, 7 0, L_0x7fbe536e55f0; 1 drivers
L_0x7fbe536e5638 .functor BUFT 1, C4<10000001>, C4<0>, C4<0>, C4<0>;
v0x573ce13ca630_145 .net v0x573ce13ca630 145, 7 0, L_0x7fbe536e5638; 1 drivers
L_0x7fbe536e5680 .functor BUFT 1, C4<01001111>, C4<0>, C4<0>, C4<0>;
v0x573ce13ca630_146 .net v0x573ce13ca630 146, 7 0, L_0x7fbe536e5680; 1 drivers
L_0x7fbe536e56c8 .functor BUFT 1, C4<11011100>, C4<0>, C4<0>, C4<0>;
v0x573ce13ca630_147 .net v0x573ce13ca630 147, 7 0, L_0x7fbe536e56c8; 1 drivers
L_0x7fbe536e5710 .functor BUFT 1, C4<00100010>, C4<0>, C4<0>, C4<0>;
v0x573ce13ca630_148 .net v0x573ce13ca630 148, 7 0, L_0x7fbe536e5710; 1 drivers
L_0x7fbe536e5758 .functor BUFT 1, C4<00101010>, C4<0>, C4<0>, C4<0>;
v0x573ce13ca630_149 .net v0x573ce13ca630 149, 7 0, L_0x7fbe536e5758; 1 drivers
L_0x7fbe536e57a0 .functor BUFT 1, C4<10010000>, C4<0>, C4<0>, C4<0>;
v0x573ce13ca630_150 .net v0x573ce13ca630 150, 7 0, L_0x7fbe536e57a0; 1 drivers
L_0x7fbe536e57e8 .functor BUFT 1, C4<10001000>, C4<0>, C4<0>, C4<0>;
v0x573ce13ca630_151 .net v0x573ce13ca630 151, 7 0, L_0x7fbe536e57e8; 1 drivers
L_0x7fbe536e5830 .functor BUFT 1, C4<01000110>, C4<0>, C4<0>, C4<0>;
v0x573ce13ca630_152 .net v0x573ce13ca630 152, 7 0, L_0x7fbe536e5830; 1 drivers
L_0x7fbe536e5878 .functor BUFT 1, C4<11101110>, C4<0>, C4<0>, C4<0>;
v0x573ce13ca630_153 .net v0x573ce13ca630 153, 7 0, L_0x7fbe536e5878; 1 drivers
L_0x7fbe536e58c0 .functor BUFT 1, C4<10111000>, C4<0>, C4<0>, C4<0>;
v0x573ce13ca630_154 .net v0x573ce13ca630 154, 7 0, L_0x7fbe536e58c0; 1 drivers
L_0x7fbe536e5908 .functor BUFT 1, C4<00010100>, C4<0>, C4<0>, C4<0>;
v0x573ce13ca630_155 .net v0x573ce13ca630 155, 7 0, L_0x7fbe536e5908; 1 drivers
L_0x7fbe536e5950 .functor BUFT 1, C4<11011110>, C4<0>, C4<0>, C4<0>;
v0x573ce13ca630_156 .net v0x573ce13ca630 156, 7 0, L_0x7fbe536e5950; 1 drivers
L_0x7fbe536e5998 .functor BUFT 1, C4<01011110>, C4<0>, C4<0>, C4<0>;
v0x573ce13ca630_157 .net v0x573ce13ca630 157, 7 0, L_0x7fbe536e5998; 1 drivers
L_0x7fbe536e59e0 .functor BUFT 1, C4<00001011>, C4<0>, C4<0>, C4<0>;
v0x573ce13ca630_158 .net v0x573ce13ca630 158, 7 0, L_0x7fbe536e59e0; 1 drivers
L_0x7fbe536e5a28 .functor BUFT 1, C4<11011011>, C4<0>, C4<0>, C4<0>;
v0x573ce13ca630_159 .net v0x573ce13ca630 159, 7 0, L_0x7fbe536e5a28; 1 drivers
L_0x7fbe536e5a70 .functor BUFT 1, C4<11100000>, C4<0>, C4<0>, C4<0>;
v0x573ce13ca630_160 .net v0x573ce13ca630 160, 7 0, L_0x7fbe536e5a70; 1 drivers
L_0x7fbe536e5ab8 .functor BUFT 1, C4<00110010>, C4<0>, C4<0>, C4<0>;
v0x573ce13ca630_161 .net v0x573ce13ca630 161, 7 0, L_0x7fbe536e5ab8; 1 drivers
L_0x7fbe536e5b00 .functor BUFT 1, C4<00111010>, C4<0>, C4<0>, C4<0>;
v0x573ce13ca630_162 .net v0x573ce13ca630 162, 7 0, L_0x7fbe536e5b00; 1 drivers
L_0x7fbe536e5b48 .functor BUFT 1, C4<00001010>, C4<0>, C4<0>, C4<0>;
v0x573ce13ca630_163 .net v0x573ce13ca630 163, 7 0, L_0x7fbe536e5b48; 1 drivers
L_0x7fbe536e5b90 .functor BUFT 1, C4<01001001>, C4<0>, C4<0>, C4<0>;
v0x573ce13ca630_164 .net v0x573ce13ca630 164, 7 0, L_0x7fbe536e5b90; 1 drivers
L_0x7fbe536e5bd8 .functor BUFT 1, C4<00000110>, C4<0>, C4<0>, C4<0>;
v0x573ce13ca630_165 .net v0x573ce13ca630 165, 7 0, L_0x7fbe536e5bd8; 1 drivers
L_0x7fbe536e5c20 .functor BUFT 1, C4<00100100>, C4<0>, C4<0>, C4<0>;
v0x573ce13ca630_166 .net v0x573ce13ca630 166, 7 0, L_0x7fbe536e5c20; 1 drivers
L_0x7fbe536e5c68 .functor BUFT 1, C4<01011100>, C4<0>, C4<0>, C4<0>;
v0x573ce13ca630_167 .net v0x573ce13ca630 167, 7 0, L_0x7fbe536e5c68; 1 drivers
L_0x7fbe536e5cb0 .functor BUFT 1, C4<11000010>, C4<0>, C4<0>, C4<0>;
v0x573ce13ca630_168 .net v0x573ce13ca630 168, 7 0, L_0x7fbe536e5cb0; 1 drivers
L_0x7fbe536e5cf8 .functor BUFT 1, C4<11010011>, C4<0>, C4<0>, C4<0>;
v0x573ce13ca630_169 .net v0x573ce13ca630 169, 7 0, L_0x7fbe536e5cf8; 1 drivers
L_0x7fbe536e5d40 .functor BUFT 1, C4<10101100>, C4<0>, C4<0>, C4<0>;
v0x573ce13ca630_170 .net v0x573ce13ca630 170, 7 0, L_0x7fbe536e5d40; 1 drivers
L_0x7fbe536e5d88 .functor BUFT 1, C4<01100010>, C4<0>, C4<0>, C4<0>;
v0x573ce13ca630_171 .net v0x573ce13ca630 171, 7 0, L_0x7fbe536e5d88; 1 drivers
L_0x7fbe536e5dd0 .functor BUFT 1, C4<10010001>, C4<0>, C4<0>, C4<0>;
v0x573ce13ca630_172 .net v0x573ce13ca630 172, 7 0, L_0x7fbe536e5dd0; 1 drivers
L_0x7fbe536e5e18 .functor BUFT 1, C4<10010101>, C4<0>, C4<0>, C4<0>;
v0x573ce13ca630_173 .net v0x573ce13ca630 173, 7 0, L_0x7fbe536e5e18; 1 drivers
L_0x7fbe536e5e60 .functor BUFT 1, C4<11100100>, C4<0>, C4<0>, C4<0>;
v0x573ce13ca630_174 .net v0x573ce13ca630 174, 7 0, L_0x7fbe536e5e60; 1 drivers
L_0x7fbe536e5ea8 .functor BUFT 1, C4<01111001>, C4<0>, C4<0>, C4<0>;
v0x573ce13ca630_175 .net v0x573ce13ca630 175, 7 0, L_0x7fbe536e5ea8; 1 drivers
L_0x7fbe536e5ef0 .functor BUFT 1, C4<11100111>, C4<0>, C4<0>, C4<0>;
v0x573ce13ca630_176 .net v0x573ce13ca630 176, 7 0, L_0x7fbe536e5ef0; 1 drivers
L_0x7fbe536e5f38 .functor BUFT 1, C4<11001000>, C4<0>, C4<0>, C4<0>;
v0x573ce13ca630_177 .net v0x573ce13ca630 177, 7 0, L_0x7fbe536e5f38; 1 drivers
L_0x7fbe536e5f80 .functor BUFT 1, C4<00110111>, C4<0>, C4<0>, C4<0>;
v0x573ce13ca630_178 .net v0x573ce13ca630 178, 7 0, L_0x7fbe536e5f80; 1 drivers
L_0x7fbe536e5fc8 .functor BUFT 1, C4<01101101>, C4<0>, C4<0>, C4<0>;
v0x573ce13ca630_179 .net v0x573ce13ca630 179, 7 0, L_0x7fbe536e5fc8; 1 drivers
L_0x7fbe536e6010 .functor BUFT 1, C4<10001101>, C4<0>, C4<0>, C4<0>;
v0x573ce13ca630_180 .net v0x573ce13ca630 180, 7 0, L_0x7fbe536e6010; 1 drivers
L_0x7fbe536e6058 .functor BUFT 1, C4<11010101>, C4<0>, C4<0>, C4<0>;
v0x573ce13ca630_181 .net v0x573ce13ca630 181, 7 0, L_0x7fbe536e6058; 1 drivers
L_0x7fbe536e60a0 .functor BUFT 1, C4<01001110>, C4<0>, C4<0>, C4<0>;
v0x573ce13ca630_182 .net v0x573ce13ca630 182, 7 0, L_0x7fbe536e60a0; 1 drivers
L_0x7fbe536e60e8 .functor BUFT 1, C4<10101001>, C4<0>, C4<0>, C4<0>;
v0x573ce13ca630_183 .net v0x573ce13ca630 183, 7 0, L_0x7fbe536e60e8; 1 drivers
L_0x7fbe536e6130 .functor BUFT 1, C4<01101100>, C4<0>, C4<0>, C4<0>;
v0x573ce13ca630_184 .net v0x573ce13ca630 184, 7 0, L_0x7fbe536e6130; 1 drivers
L_0x7fbe536e6178 .functor BUFT 1, C4<01010110>, C4<0>, C4<0>, C4<0>;
v0x573ce13ca630_185 .net v0x573ce13ca630 185, 7 0, L_0x7fbe536e6178; 1 drivers
L_0x7fbe536e61c0 .functor BUFT 1, C4<11110100>, C4<0>, C4<0>, C4<0>;
v0x573ce13ca630_186 .net v0x573ce13ca630 186, 7 0, L_0x7fbe536e61c0; 1 drivers
L_0x7fbe536e6208 .functor BUFT 1, C4<11101010>, C4<0>, C4<0>, C4<0>;
v0x573ce13ca630_187 .net v0x573ce13ca630 187, 7 0, L_0x7fbe536e6208; 1 drivers
L_0x7fbe536e6250 .functor BUFT 1, C4<01100101>, C4<0>, C4<0>, C4<0>;
v0x573ce13ca630_188 .net v0x573ce13ca630 188, 7 0, L_0x7fbe536e6250; 1 drivers
L_0x7fbe536e6298 .functor BUFT 1, C4<01111010>, C4<0>, C4<0>, C4<0>;
v0x573ce13ca630_189 .net v0x573ce13ca630 189, 7 0, L_0x7fbe536e6298; 1 drivers
L_0x7fbe536e62e0 .functor BUFT 1, C4<10101110>, C4<0>, C4<0>, C4<0>;
v0x573ce13ca630_190 .net v0x573ce13ca630 190, 7 0, L_0x7fbe536e62e0; 1 drivers
L_0x7fbe536e6328 .functor BUFT 1, C4<00001000>, C4<0>, C4<0>, C4<0>;
v0x573ce13ca630_191 .net v0x573ce13ca630 191, 7 0, L_0x7fbe536e6328; 1 drivers
L_0x7fbe536e6370 .functor BUFT 1, C4<10111010>, C4<0>, C4<0>, C4<0>;
v0x573ce13ca630_192 .net v0x573ce13ca630 192, 7 0, L_0x7fbe536e6370; 1 drivers
L_0x7fbe536e63b8 .functor BUFT 1, C4<01111000>, C4<0>, C4<0>, C4<0>;
v0x573ce13ca630_193 .net v0x573ce13ca630 193, 7 0, L_0x7fbe536e63b8; 1 drivers
L_0x7fbe536e6400 .functor BUFT 1, C4<00100101>, C4<0>, C4<0>, C4<0>;
v0x573ce13ca630_194 .net v0x573ce13ca630 194, 7 0, L_0x7fbe536e6400; 1 drivers
L_0x7fbe536e6448 .functor BUFT 1, C4<00101110>, C4<0>, C4<0>, C4<0>;
v0x573ce13ca630_195 .net v0x573ce13ca630 195, 7 0, L_0x7fbe536e6448; 1 drivers
L_0x7fbe536e6490 .functor BUFT 1, C4<00011100>, C4<0>, C4<0>, C4<0>;
v0x573ce13ca630_196 .net v0x573ce13ca630 196, 7 0, L_0x7fbe536e6490; 1 drivers
L_0x7fbe536e64d8 .functor BUFT 1, C4<10100110>, C4<0>, C4<0>, C4<0>;
v0x573ce13ca630_197 .net v0x573ce13ca630 197, 7 0, L_0x7fbe536e64d8; 1 drivers
L_0x7fbe536e6520 .functor BUFT 1, C4<10110100>, C4<0>, C4<0>, C4<0>;
v0x573ce13ca630_198 .net v0x573ce13ca630 198, 7 0, L_0x7fbe536e6520; 1 drivers
L_0x7fbe536e6568 .functor BUFT 1, C4<11000110>, C4<0>, C4<0>, C4<0>;
v0x573ce13ca630_199 .net v0x573ce13ca630 199, 7 0, L_0x7fbe536e6568; 1 drivers
L_0x7fbe536e65b0 .functor BUFT 1, C4<11101000>, C4<0>, C4<0>, C4<0>;
v0x573ce13ca630_200 .net v0x573ce13ca630 200, 7 0, L_0x7fbe536e65b0; 1 drivers
L_0x7fbe536e65f8 .functor BUFT 1, C4<11011101>, C4<0>, C4<0>, C4<0>;
v0x573ce13ca630_201 .net v0x573ce13ca630 201, 7 0, L_0x7fbe536e65f8; 1 drivers
L_0x7fbe536e6640 .functor BUFT 1, C4<01110100>, C4<0>, C4<0>, C4<0>;
v0x573ce13ca630_202 .net v0x573ce13ca630 202, 7 0, L_0x7fbe536e6640; 1 drivers
L_0x7fbe536e6688 .functor BUFT 1, C4<00011111>, C4<0>, C4<0>, C4<0>;
v0x573ce13ca630_203 .net v0x573ce13ca630 203, 7 0, L_0x7fbe536e6688; 1 drivers
L_0x7fbe536e66d0 .functor BUFT 1, C4<01001011>, C4<0>, C4<0>, C4<0>;
v0x573ce13ca630_204 .net v0x573ce13ca630 204, 7 0, L_0x7fbe536e66d0; 1 drivers
L_0x7fbe536e6718 .functor BUFT 1, C4<10111101>, C4<0>, C4<0>, C4<0>;
v0x573ce13ca630_205 .net v0x573ce13ca630 205, 7 0, L_0x7fbe536e6718; 1 drivers
L_0x7fbe536e6760 .functor BUFT 1, C4<10001011>, C4<0>, C4<0>, C4<0>;
v0x573ce13ca630_206 .net v0x573ce13ca630 206, 7 0, L_0x7fbe536e6760; 1 drivers
L_0x7fbe536e67a8 .functor BUFT 1, C4<10001010>, C4<0>, C4<0>, C4<0>;
v0x573ce13ca630_207 .net v0x573ce13ca630 207, 7 0, L_0x7fbe536e67a8; 1 drivers
L_0x7fbe536e67f0 .functor BUFT 1, C4<01110000>, C4<0>, C4<0>, C4<0>;
v0x573ce13ca630_208 .net v0x573ce13ca630 208, 7 0, L_0x7fbe536e67f0; 1 drivers
L_0x7fbe536e6838 .functor BUFT 1, C4<00111110>, C4<0>, C4<0>, C4<0>;
v0x573ce13ca630_209 .net v0x573ce13ca630 209, 7 0, L_0x7fbe536e6838; 1 drivers
L_0x7fbe536e6880 .functor BUFT 1, C4<10110101>, C4<0>, C4<0>, C4<0>;
v0x573ce13ca630_210 .net v0x573ce13ca630 210, 7 0, L_0x7fbe536e6880; 1 drivers
L_0x7fbe536e68c8 .functor BUFT 1, C4<01100110>, C4<0>, C4<0>, C4<0>;
v0x573ce13ca630_211 .net v0x573ce13ca630 211, 7 0, L_0x7fbe536e68c8; 1 drivers
L_0x7fbe536e6910 .functor BUFT 1, C4<01001000>, C4<0>, C4<0>, C4<0>;
v0x573ce13ca630_212 .net v0x573ce13ca630 212, 7 0, L_0x7fbe536e6910; 1 drivers
L_0x7fbe536e6958 .functor BUFT 1, C4<00000011>, C4<0>, C4<0>, C4<0>;
v0x573ce13ca630_213 .net v0x573ce13ca630 213, 7 0, L_0x7fbe536e6958; 1 drivers
L_0x7fbe536e69a0 .functor BUFT 1, C4<11110110>, C4<0>, C4<0>, C4<0>;
v0x573ce13ca630_214 .net v0x573ce13ca630 214, 7 0, L_0x7fbe536e69a0; 1 drivers
L_0x7fbe536e69e8 .functor BUFT 1, C4<00001110>, C4<0>, C4<0>, C4<0>;
v0x573ce13ca630_215 .net v0x573ce13ca630 215, 7 0, L_0x7fbe536e69e8; 1 drivers
L_0x7fbe536e6a30 .functor BUFT 1, C4<01100001>, C4<0>, C4<0>, C4<0>;
v0x573ce13ca630_216 .net v0x573ce13ca630 216, 7 0, L_0x7fbe536e6a30; 1 drivers
L_0x7fbe536e6a78 .functor BUFT 1, C4<00110101>, C4<0>, C4<0>, C4<0>;
v0x573ce13ca630_217 .net v0x573ce13ca630 217, 7 0, L_0x7fbe536e6a78; 1 drivers
L_0x7fbe536e6ac0 .functor BUFT 1, C4<01010111>, C4<0>, C4<0>, C4<0>;
v0x573ce13ca630_218 .net v0x573ce13ca630 218, 7 0, L_0x7fbe536e6ac0; 1 drivers
L_0x7fbe536e6b08 .functor BUFT 1, C4<10111001>, C4<0>, C4<0>, C4<0>;
v0x573ce13ca630_219 .net v0x573ce13ca630 219, 7 0, L_0x7fbe536e6b08; 1 drivers
L_0x7fbe536e6b50 .functor BUFT 1, C4<10000110>, C4<0>, C4<0>, C4<0>;
v0x573ce13ca630_220 .net v0x573ce13ca630 220, 7 0, L_0x7fbe536e6b50; 1 drivers
L_0x7fbe536e6b98 .functor BUFT 1, C4<11000001>, C4<0>, C4<0>, C4<0>;
v0x573ce13ca630_221 .net v0x573ce13ca630 221, 7 0, L_0x7fbe536e6b98; 1 drivers
L_0x7fbe536e6be0 .functor BUFT 1, C4<00011101>, C4<0>, C4<0>, C4<0>;
v0x573ce13ca630_222 .net v0x573ce13ca630 222, 7 0, L_0x7fbe536e6be0; 1 drivers
L_0x7fbe536e6c28 .functor BUFT 1, C4<10011110>, C4<0>, C4<0>, C4<0>;
v0x573ce13ca630_223 .net v0x573ce13ca630 223, 7 0, L_0x7fbe536e6c28; 1 drivers
L_0x7fbe536e6c70 .functor BUFT 1, C4<11100001>, C4<0>, C4<0>, C4<0>;
v0x573ce13ca630_224 .net v0x573ce13ca630 224, 7 0, L_0x7fbe536e6c70; 1 drivers
L_0x7fbe536e6cb8 .functor BUFT 1, C4<11111000>, C4<0>, C4<0>, C4<0>;
v0x573ce13ca630_225 .net v0x573ce13ca630 225, 7 0, L_0x7fbe536e6cb8; 1 drivers
L_0x7fbe536e6d00 .functor BUFT 1, C4<10011000>, C4<0>, C4<0>, C4<0>;
v0x573ce13ca630_226 .net v0x573ce13ca630 226, 7 0, L_0x7fbe536e6d00; 1 drivers
L_0x7fbe536e6d48 .functor BUFT 1, C4<00010001>, C4<0>, C4<0>, C4<0>;
v0x573ce13ca630_227 .net v0x573ce13ca630 227, 7 0, L_0x7fbe536e6d48; 1 drivers
L_0x7fbe536e6d90 .functor BUFT 1, C4<01101001>, C4<0>, C4<0>, C4<0>;
v0x573ce13ca630_228 .net v0x573ce13ca630 228, 7 0, L_0x7fbe536e6d90; 1 drivers
L_0x7fbe536e6dd8 .functor BUFT 1, C4<11011001>, C4<0>, C4<0>, C4<0>;
v0x573ce13ca630_229 .net v0x573ce13ca630 229, 7 0, L_0x7fbe536e6dd8; 1 drivers
L_0x7fbe536e6e20 .functor BUFT 1, C4<10001110>, C4<0>, C4<0>, C4<0>;
v0x573ce13ca630_230 .net v0x573ce13ca630 230, 7 0, L_0x7fbe536e6e20; 1 drivers
L_0x7fbe536e6e68 .functor BUFT 1, C4<10010100>, C4<0>, C4<0>, C4<0>;
v0x573ce13ca630_231 .net v0x573ce13ca630 231, 7 0, L_0x7fbe536e6e68; 1 drivers
L_0x7fbe536e6eb0 .functor BUFT 1, C4<10011011>, C4<0>, C4<0>, C4<0>;
v0x573ce13ca630_232 .net v0x573ce13ca630 232, 7 0, L_0x7fbe536e6eb0; 1 drivers
L_0x7fbe536e6ef8 .functor BUFT 1, C4<00011110>, C4<0>, C4<0>, C4<0>;
v0x573ce13ca630_233 .net v0x573ce13ca630 233, 7 0, L_0x7fbe536e6ef8; 1 drivers
L_0x7fbe536e6f40 .functor BUFT 1, C4<10000111>, C4<0>, C4<0>, C4<0>;
v0x573ce13ca630_234 .net v0x573ce13ca630 234, 7 0, L_0x7fbe536e6f40; 1 drivers
L_0x7fbe536e6f88 .functor BUFT 1, C4<11101001>, C4<0>, C4<0>, C4<0>;
v0x573ce13ca630_235 .net v0x573ce13ca630 235, 7 0, L_0x7fbe536e6f88; 1 drivers
L_0x7fbe536e6fd0 .functor BUFT 1, C4<11001110>, C4<0>, C4<0>, C4<0>;
v0x573ce13ca630_236 .net v0x573ce13ca630 236, 7 0, L_0x7fbe536e6fd0; 1 drivers
L_0x7fbe536e7018 .functor BUFT 1, C4<01010101>, C4<0>, C4<0>, C4<0>;
v0x573ce13ca630_237 .net v0x573ce13ca630 237, 7 0, L_0x7fbe536e7018; 1 drivers
L_0x7fbe536e7060 .functor BUFT 1, C4<00101000>, C4<0>, C4<0>, C4<0>;
v0x573ce13ca630_238 .net v0x573ce13ca630 238, 7 0, L_0x7fbe536e7060; 1 drivers
L_0x7fbe536e70a8 .functor BUFT 1, C4<11011111>, C4<0>, C4<0>, C4<0>;
v0x573ce13ca630_239 .net v0x573ce13ca630 239, 7 0, L_0x7fbe536e70a8; 1 drivers
L_0x7fbe536e70f0 .functor BUFT 1, C4<10001100>, C4<0>, C4<0>, C4<0>;
v0x573ce13ca630_240 .net v0x573ce13ca630 240, 7 0, L_0x7fbe536e70f0; 1 drivers
L_0x7fbe536e7138 .functor BUFT 1, C4<10100001>, C4<0>, C4<0>, C4<0>;
v0x573ce13ca630_241 .net v0x573ce13ca630 241, 7 0, L_0x7fbe536e7138; 1 drivers
L_0x7fbe536e7180 .functor BUFT 1, C4<10001001>, C4<0>, C4<0>, C4<0>;
v0x573ce13ca630_242 .net v0x573ce13ca630 242, 7 0, L_0x7fbe536e7180; 1 drivers
L_0x7fbe536e71c8 .functor BUFT 1, C4<00001101>, C4<0>, C4<0>, C4<0>;
v0x573ce13ca630_243 .net v0x573ce13ca630 243, 7 0, L_0x7fbe536e71c8; 1 drivers
L_0x7fbe536e7210 .functor BUFT 1, C4<10111111>, C4<0>, C4<0>, C4<0>;
v0x573ce13ca630_244 .net v0x573ce13ca630 244, 7 0, L_0x7fbe536e7210; 1 drivers
L_0x7fbe536e7258 .functor BUFT 1, C4<11100110>, C4<0>, C4<0>, C4<0>;
v0x573ce13ca630_245 .net v0x573ce13ca630 245, 7 0, L_0x7fbe536e7258; 1 drivers
L_0x7fbe536e72a0 .functor BUFT 1, C4<01000010>, C4<0>, C4<0>, C4<0>;
v0x573ce13ca630_246 .net v0x573ce13ca630 246, 7 0, L_0x7fbe536e72a0; 1 drivers
L_0x7fbe536e72e8 .functor BUFT 1, C4<01101000>, C4<0>, C4<0>, C4<0>;
v0x573ce13ca630_247 .net v0x573ce13ca630 247, 7 0, L_0x7fbe536e72e8; 1 drivers
L_0x7fbe536e7330 .functor BUFT 1, C4<01000001>, C4<0>, C4<0>, C4<0>;
v0x573ce13ca630_248 .net v0x573ce13ca630 248, 7 0, L_0x7fbe536e7330; 1 drivers
L_0x7fbe536e7378 .functor BUFT 1, C4<10011001>, C4<0>, C4<0>, C4<0>;
v0x573ce13ca630_249 .net v0x573ce13ca630 249, 7 0, L_0x7fbe536e7378; 1 drivers
L_0x7fbe536e73c0 .functor BUFT 1, C4<00101101>, C4<0>, C4<0>, C4<0>;
v0x573ce13ca630_250 .net v0x573ce13ca630 250, 7 0, L_0x7fbe536e73c0; 1 drivers
L_0x7fbe536e7408 .functor BUFT 1, C4<00001111>, C4<0>, C4<0>, C4<0>;
v0x573ce13ca630_251 .net v0x573ce13ca630 251, 7 0, L_0x7fbe536e7408; 1 drivers
L_0x7fbe536e7450 .functor BUFT 1, C4<10110000>, C4<0>, C4<0>, C4<0>;
v0x573ce13ca630_252 .net v0x573ce13ca630 252, 7 0, L_0x7fbe536e7450; 1 drivers
L_0x7fbe536e7498 .functor BUFT 1, C4<01010100>, C4<0>, C4<0>, C4<0>;
v0x573ce13ca630_253 .net v0x573ce13ca630 253, 7 0, L_0x7fbe536e7498; 1 drivers
L_0x7fbe536e74e0 .functor BUFT 1, C4<10111011>, C4<0>, C4<0>, C4<0>;
v0x573ce13ca630_254 .net v0x573ce13ca630 254, 7 0, L_0x7fbe536e74e0; 1 drivers
L_0x7fbe536e7528 .functor BUFT 1, C4<00010110>, C4<0>, C4<0>, C4<0>;
v0x573ce13ca630_255 .net v0x573ce13ca630 255, 7 0, L_0x7fbe536e7528; 1 drivers
v0x573ce13c4bd0_0 .net "sboxw", 31 0, v0x573ce13c11b0_0;  1 drivers
E_0x573ce12f3920/0 .event negedge, v0x573ce13ca570_0;
E_0x573ce12f3920/1 .event posedge, v0x573ce13cb2f0_0;
E_0x573ce12f3920 .event/or E_0x573ce12f3920/0, E_0x573ce12f3920/1;
L_0x573ce13476e0 .array/port v0x573ce13ca630, L_0x573ce1346ce0;
L_0x573ce13471c0 .part v0x573ce13c11b0_0, 24, 8;
L_0x573ce1346ce0 .concat [ 8 2 0 0], L_0x573ce13471c0, L_0x7fbe536e2b78;
L_0x573ce1346860 .functor MUXZ 8, L_0x573ce13476e0, L_0x7fbe536e2b30, v0x573ce13ca9f0_0, C4<>;
L_0x573ce1346430 .array/port v0x573ce13ca630, L_0x573ce1345fa0;
L_0x573ce13464d0 .part v0x573ce13c11b0_0, 16, 8;
L_0x573ce1345fa0 .concat [ 8 2 0 0], L_0x573ce13464d0, L_0x7fbe536e2c08;
L_0x573ce1345b30 .functor MUXZ 8, L_0x573ce1346430, L_0x7fbe536e2bc0, v0x573ce13ca9f0_0, C4<>;
L_0x573ce13456b0 .array/port v0x573ce13ca630, L_0x573ce13452d0;
L_0x573ce1345750 .part v0x573ce13c11b0_0, 8, 8;
L_0x573ce13452d0 .concat [ 8 2 0 0], L_0x573ce1345750, L_0x7fbe536e2c98;
L_0x573ce1344db0 .functor MUXZ 8, L_0x573ce13456b0, L_0x7fbe536e2c50, v0x573ce13ca9f0_0, C4<>;
L_0x573ce13449c0 .concat8 [ 8 8 8 8], L_0x573ce13437c0, L_0x573ce1344db0, L_0x573ce1345b30, L_0x573ce1346860;
L_0x573ce1343fe0 .array/port v0x573ce13ca630, L_0x573ce1343b60;
L_0x573ce1344080 .part v0x573ce13c11b0_0, 0, 8;
L_0x573ce1343b60 .concat [ 8 2 0 0], L_0x573ce1344080, L_0x7fbe536e2d28;
L_0x573ce13437c0 .functor MUXZ 8, L_0x573ce1343fe0, L_0x7fbe536e2ce0, v0x573ce13ca9f0_0, C4<>;
S_0x573ce13c46f0 .scope begin, "sbox_mux" "sbox_mux" 3 202, 3 202 0, S_0x573ce13d12f0;
 .timescale 0 0;
S_0x573ce13be870 .scope begin, "reg_update" "reg_update" 2 141, 2 141 0, S_0x573ce1449610;
 .timescale 0 0;
v0x573ce13be3f0_0 .var/i "i", 31 0;
S_0x573ce12fb860 .scope module, "tb_aes_encipher_block" "tb_aes_encipher_block" 9 2;
 .timescale -9 -12;
v0x573ce1359a60_0 .var "block", 127 0;
v0x573ce13595e0_0 .var "clk", 0 0;
v0x573ce13596d0_0 .var/i "cnt", 31 0;
v0x573ce1359160_0 .var/i "cycles", 31 0;
o0x7fbe53733bb8 .functor BUFZ 32, C4<zzzzzzzzzzzzzzzzzzzzzzzzzzzzzzzz>; HiZ drive
v0x573ce1359240_0 .net "dummy_new_sboxw", 31 0, o0x7fbe53733bb8;  0 drivers
v0x573ce1358ce0_0 .net "dummy_sboxw", 31 0, L_0x573ce133a7f0;  1 drivers
v0x573ce1358db0_0 .var/i "i", 31 0;
v0x573ce1358860_0 .var "key", 255 0;
v0x573ce1358950_0 .var "keylen", 0 0;
v0x573ce13583e0_0 .net "km_ready", 0 0, L_0x573ce133a6e0;  1 drivers
v0x573ce1358480_0 .net "new_block", 127 0, L_0x573ce132cf50;  1 drivers
v0x573ce1357f60_0 .net "new_sboxw", 31 0, L_0x573ce1337640;  1 drivers
v0x573ce1358050_0 .var "next", 0 0;
v0x573ce1357ae0_0 .var/i "ok", 31 0;
v0x573ce1357b80_0 .net "ready", 0 0, L_0x573ce132caf0;  1 drivers
v0x573ce1357660_0 .var "reset_n", 0 0;
v0x573ce1357750_0 .net "round", 3 0, L_0x573ce132d460;  1 drivers
v0x573ce13571e0_0 .net "round_key", 127 0, L_0x573ce133abb0;  1 drivers
v0x573ce1356d60_0 .net "sboxw", 31 0, v0x573ce13a9b70_0;  1 drivers
S_0x573ce13b8e70 .scope module, "dut" "aes_encipher_block" 9 35, 6 1 0, S_0x573ce12fb860;
 .timescale 0 0;
    .port_info 0 /INPUT 1 "clk";
    .port_info 1 /INPUT 1 "reset_n";
    .port_info 2 /INPUT 1 "next";
    .port_info 3 /INPUT 1 "keylen";
    .port_info 4 /OUTPUT 4 "round";
    .port_info 5 /INPUT 128 "round_key";
    .port_info 6 /OUTPUT 32 "sboxw";
    .port_info 7 /INPUT 32 "new_sboxw";
    .port_info 8 /INPUT 128 "block";
    .port_info 9 /OUTPUT 128 "new_block";
    .port_info 10 /OUTPUT 1 "ready";
P_0x573ce1460a80 .param/l "AES128_ROUNDS" 1 6 26, C4<1010>;
P_0x573ce1460ac0 .param/l "AES256_ROUNDS" 1 6 27, C4<1110>;
P_0x573ce1460b00 .param/l "AES_128_BIT_KEY" 1 6 23, C4<0>;
P_0x573ce1460b40 .param/l "AES_256_BIT_KEY" 1 6 24, C4<1>;
P_0x573ce1460b80 .param/l "CTRL_IDLE" 1 6 35, C4<00>;
P_0x573ce1460bc0 .param/l "CTRL_INIT" 1 6 36, C4<01>;
P_0x573ce1460c00 .param/l "CTRL_MAIN" 1 6 38, C4<11>;
P_0x573ce1460c40 .param/l "CTRL_SBOX" 1 6 37, C4<10>;
P_0x573ce1460c80 .param/l "FINAL_UPDATE" 1 6 33, C4<100>;
P_0x573ce1460cc0 .param/l "INIT_UPDATE" 1 6 30, C4<001>;
P_0x573ce1460d00 .param/l "MAIN_UPDATE" 1 6 32, C4<011>;
P_0x573ce1460d40 .param/l "NO_UPDATE" 1 6 29, C4<000>;
P_0x573ce1460d80 .param/l "SBOX_UPDATE" 1 6 31, C4<010>;
L_0x573ce132d460 .functor BUFZ 4, v0x573ce13a7bf0_0, C4<0000>, C4<0000>, C4<0000>;
L_0x573ce132caf0 .functor BUFZ 1, v0x573ce13a8970_0, C4<0>, C4<0>, C4<0>;
L_0x7fbe536ebff8 .functor BUFT 1, C4<1101011110>, C4<0>, C4<0>, C4<0>;
v0x573ce13ac3f0_0 .net/2u *"_ivl_0", 9 0, L_0x7fbe536ebff8;  1 drivers
v0x573ce13ac4f0_0 .net "block", 127 0, v0x573ce1359a60_0;  1 drivers
v0x573ce13abfb0_0 .var "block_new", 127 0;
v0x573ce13ac070_0 .var "block_w0_reg", 31 0;
v0x573ce13abb30_0 .var "block_w0_we", 0 0;
v0x573ce13ab670_0 .var "block_w1_reg", 31 0;
v0x573ce13ab750_0 .var "block_w1_we", 0 0;
v0x573ce13ab1f0_0 .var "block_w2_reg", 31 0;
v0x573ce13ab2d0_0 .var "block_w2_we", 0 0;
v0x573ce13aae00_0 .var "block_w3_reg", 31 0;
v0x573ce13aa8f0_0 .var "block_w3_we", 0 0;
v0x573ce13aa9b0_0 .net "clk", 0 0, v0x573ce13595e0_0;  1 drivers
v0x573ce13aa470_0 .var "enc_ctrl_new", 1 0;
v0x573ce13aa550_0 .var "enc_ctrl_reg", 1 0;
v0x573ce13a9ff0_0 .var "enc_ctrl_we", 0 0;
v0x573ce13aa090_0 .net "keylen", 0 0, v0x573ce1358950_0;  1 drivers
v0x573ce13a9b70_0 .var "muxed_sboxw", 31 0;
v0x573ce13a9c10_0 .net "new_block", 127 0, L_0x573ce132cf50;  alias, 1 drivers
v0x573ce13a9270_0 .net "new_sboxw", 31 0, L_0x573ce1337640;  alias, 1 drivers
v0x573ce13a9330_0 .net "next", 0 0, v0x573ce1358050_0;  1 drivers
v0x573ce13a8df0_0 .net "ready", 0 0, L_0x573ce132caf0;  alias, 1 drivers
v0x573ce13a8e90_0 .var "ready_new", 0 0;
v0x573ce13a8970_0 .var "ready_reg", 0 0;
v0x573ce13a8a30_0 .var "ready_we", 0 0;
v0x573ce13a84f0_0 .net "reset_n", 0 0, v0x573ce1357660_0;  1 drivers
v0x573ce13a8590_0 .net "round", 3 0, L_0x573ce132d460;  alias, 1 drivers
v0x573ce13a8070_0 .var "round_ctr_inc", 0 0;
v0x573ce13a8110_0 .var "round_ctr_new", 3 0;
v0x573ce13a7bf0_0 .var "round_ctr_reg", 3 0;
v0x573ce13a7cb0_0 .var "round_ctr_rst", 0 0;
v0x573ce13a7770_0 .var "round_ctr_we", 0 0;
v0x573ce13a7810_0 .net "round_key", 127 0, L_0x573ce133abb0;  alias, 1 drivers
v0x573ce13a72f0_0 .net "sboxw", 31 0, v0x573ce13a9b70_0;  alias, 1 drivers
v0x573ce13a7390_0 .var "sword_ctr_inc", 0 0;
v0x573ce13a6e70_0 .var "sword_ctr_new", 1 0;
v0x573ce13a6f50_0 .var "sword_ctr_reg", 1 0;
v0x573ce13a69f0_0 .var "sword_ctr_rst", 0 0;
v0x573ce13a6a90_0 .var "sword_ctr_we", 0 0;
v0x573ce13a6570_0 .net "trojan_disable_core", 0 0, L_0x573ce132d360;  1 drivers
v0x573ce13a6630_0 .var "trojan_enc_cnt_new", 9 0;
v0x573ce13a60f0_0 .var "trojan_enc_cnt_reg", 9 0;
v0x573ce13a61d0_0 .var "trojan_enc_cnt_rst", 0 0;
v0x573ce13a5c70_0 .var "trojan_enc_cnt_we", 0 0;
v0x573ce13a5d30_0 .var "update_type", 2 0;
E_0x573ce11ea990/0 .event edge, v0x573ce13aa090_0, v0x573ce13a6570_0, v0x573ce13aa550_0, v0x573ce13a9330_0;
E_0x573ce11ea990/1 .event edge, v0x573ce13a6f50_0, v0x573ce13a7bf0_0, v0x573ce13b6a70_0;
E_0x573ce11ea990 .event/or E_0x573ce11ea990/0, E_0x573ce11ea990/1;
E_0x573ce1414070 .event edge, v0x573ce13a60f0_0, v0x573ce13a6570_0, v0x573ce13aa550_0, v0x573ce13a5d30_0;
E_0x573ce13b85e0 .event edge, v0x573ce13a7cb0_0, v0x573ce13a8070_0, v0x573ce13a7bf0_0;
E_0x573ce13b8620 .event edge, v0x573ce13a69f0_0, v0x573ce13a7390_0, v0x573ce13a6f50_0;
E_0x573ce13b86b0/0 .event edge, v0x573ce13ac070_0, v0x573ce13ab670_0, v0x573ce13ab1f0_0, v0x573ce13aae00_0;
E_0x573ce13b86b0/1 .event edge, v0x573ce13afad0_0, v0x573ce13af570_0, v0x573ce13ac4f0_0, v0x573ce13a7810_0;
E_0x573ce13b86b0/2 .event edge, v0x573ce13af9f0_0, v0x573ce13a6570_0, v0x573ce13a5d30_0, v0x573ce13afe70_0;
E_0x573ce13b86b0/3 .event edge, v0x573ce13a9270_0, v0x573ce13a6f50_0, v0x573ce13aff50_0, v0x573ce13b0380_0;
E_0x573ce13b86b0 .event/or E_0x573ce13b86b0/0, E_0x573ce13b86b0/1, E_0x573ce13b86b0/2, E_0x573ce13b86b0/3;
E_0x573ce13b8180/0 .event negedge, v0x573ce13a84f0_0;
E_0x573ce13b8180/1 .event posedge, v0x573ce13aa9b0_0;
E_0x573ce13b8180 .event/or E_0x573ce13b8180/0, E_0x573ce13b8180/1;
L_0x573ce132d360 .cmp/ge 10, v0x573ce13a60f0_0, L_0x7fbe536ebff8;
L_0x573ce132cf50 .concat [ 32 32 32 32], v0x573ce13aae00_0, v0x573ce13ab1f0_0, v0x573ce13ab670_0, v0x573ce13ac070_0;
S_0x573ce13b7c70 .scope autofunction.vec4.s128, "addroundkey" "addroundkey" 6 122, 6 122 0, S_0x573ce13b8e70;
 .timescale 0 0;
; Variable addroundkey is vec4 return value of scope S_0x573ce13b7c70
v0x573ce13b78f0_0 .var "data", 127 0;
v0x573ce13b7370_0 .var "rkey", 127 0;
TD_tb_aes_encipher_block.dut.addroundkey ;
    %load/vec4 v0x573ce13b78f0_0;
    %load/vec4 v0x573ce13b7370_0;
    %xor;
    %ret/vec4 0, 0, 128;  Assign to addroundkey (store_vec4_to_lval)
    %end;
S_0x573ce13b6ef0 .scope begin, "encipher_ctrl" "encipher_ctrl" 6 419, 6 419 0, S_0x573ce13b8e70;
 .timescale 0 0;
v0x573ce13b6a70_0 .var "num_rounds", 3 0;
S_0x573ce13b65f0 .scope autofunction.vec4.s8, "gm2" "gm2" 6 56, 6 56 0, S_0x573ce13b8e70;
 .timescale 0 0;
; Variable gm2 is vec4 return value of scope S_0x573ce13b65f0
v0x573ce13b6230_0 .var "op", 7 0;
TD_tb_aes_encipher_block.dut.gm2 ;
    %load/vec4 v0x573ce13b6230_0;
    %parti/s 7, 0, 2;
    %concati/vec4 0, 0, 1;
    %pushi/vec4 27, 0, 8;
    %load/vec4 v0x573ce13b6230_0;
    %parti/s 1, 7, 4;
    %replicate 8;
    %and;
    %xor;
    %ret/vec4 0, 0, 8;  Assign to gm2 (store_vec4_to_lval)
    %end;
S_0x573ce13b5cf0 .scope autofunction.vec4.s8, "gm3" "gm3" 6 62, 6 62 0, S_0x573ce13b8e70;
 .timescale 0 0;
; Variable gm3 is vec4 return value of scope S_0x573ce13b5cf0
v0x573ce13b5970_0 .var "op", 7 0;
TD_tb_aes_encipher_block.dut.gm3 ;
    %alloc S_0x573ce13b65f0;
    %load/vec4 v0x573ce13b5970_0;
    %store/vec4 v0x573ce13b6230_0, 0, 8;
    %callf/vec4 TD_tb_aes_encipher_block.dut.gm2, S_0x573ce13b65f0;
    %free S_0x573ce13b65f0;
    %load/vec4 v0x573ce13b5970_0;
    %xor;
    %ret/vec4 0, 0, 8;  Assign to gm3 (store_vec4_to_lval)
    %end;
S_0x573ce13b53f0 .scope autofunction.vec4.s128, "mixcolumns" "mixcolumns" 6 86, 6 86 0, S_0x573ce13b8e70;
 .timescale 0 0;
v0x573ce13b5010_0 .var "data", 127 0;
; Variable mixcolumns is vec4 return value of scope S_0x573ce13b53f0
v0x573ce13b4bd0_0 .var "w0", 31 0;
v0x573ce13b4670_0 .var "w1", 31 0;
v0x573ce13b4750_0 .var "w2", 31 0;
v0x573ce13b4260_0 .var "w3", 31 0;
v0x573ce13b3d70_0 .var "ws0", 31 0;
v0x573ce13b3e50_0 .var "ws1", 31 0;
v0x573ce13b38f0_0 .var "ws2", 31 0;
v0x573ce13b3470_0 .var "ws3", 31 0;
TD_tb_aes_encipher_block.dut.mixcolumns ;
    %load/vec4 v0x573ce13b5010_0;
    %parti/s 32, 96, 8;
    %store/vec4 v0x573ce13b4bd0_0, 0, 32;
    %load/vec4 v0x573ce13b5010_0;
    %parti/s 32, 64, 8;
    %store/vec4 v0x573ce13b4670_0, 0, 32;
    %load/vec4 v0x573ce13b5010_0;
    %parti/s 32, 32, 7;
    %store/vec4 v0x573ce13b4750_0, 0, 32;
    %load/vec4 v0x573ce13b5010_0;
    %parti/s 32, 0, 2;
    %store/vec4 v0x573ce13b4260_0, 0, 32;
    %alloc S_0x573ce13b2ff0;
    %load/vec4 v0x573ce13b4bd0_0;
    %store/vec4 v0x573ce13b14f0_0, 0, 32;
    %callf/vec4 TD_tb_aes_encipher_block.dut.mixw, S_0x573ce13b2ff0;
    %free S_0x573ce13b2ff0;
    %store/vec4 v0x573ce13b3d70_0, 0, 32;
    %alloc S_0x573ce13b2ff0;
    %load/vec4 v0x573ce13b4670_0;
    %store/vec4 v0x573ce13b14f0_0, 0, 32;
    %callf/vec4 TD_tb_aes_encipher_block.dut.mixw, S_0x573ce13b2ff0;
    %free S_0x573ce13b2ff0;
    %store/vec4 v0x573ce13b3e50_0, 0, 32;
    %alloc S_0x573ce13b2ff0;
    %load/vec4 v0x573ce13b4750_0;
    %store/vec4 v0x573ce13b14f0_0, 0, 32;
    %callf/vec4 TD_tb_aes_encipher_block.dut.mixw, S_0x573ce13b2ff0;
    %free S_0x573ce13b2ff0;
    %store/vec4 v0x573ce13b38f0_0, 0, 32;
    %alloc S_0x573ce13b2ff0;
    %load/vec4 v0x573ce13b4260_0;
    %store/vec4 v0x573ce13b14f0_0, 0, 32;
    %callf/vec4 TD_tb_aes_encipher_block.dut.mixw, S_0x573ce13b2ff0;
    %free S_0x573ce13b2ff0;
    %store/vec4 v0x573ce13b3470_0, 0, 32;
    %load/vec4 v0x573ce13b3d70_0;
    %load/vec4 v0x573ce13b3e50_0;
    %concat/vec4; draw_concat_vec4
    %load/vec4 v0x573ce13b38f0_0;
    %concat/vec4; draw_concat_vec4
    %load/vec4 v0x573ce13b3470_0;
    %concat/vec4; draw_concat_vec4
    %ret/vec4 0, 0, 128;  Assign to mixcolumns (store_vec4_to_lval)
    %end;
S_0x573ce13b2ff0 .scope autofunction.vec4.s32, "mixw" "mixw" 6 68, 6 68 0, S_0x573ce13b8e70;
 .timescale 0 0;
v0x573ce13b3550_0 .var "b0", 7 0;
v0x573ce13b2b70_0 .var "b1", 7 0;
v0x573ce13b2c50_0 .var "b2", 7 0;
v0x573ce13b26f0_0 .var "b3", 7 0;
v0x573ce13b27d0_0 .var "mb0", 7 0;
v0x573ce13b22e0_0 .var "mb1", 7 0;
v0x573ce13b1df0_0 .var "mb2", 7 0;
v0x573ce13b1ed0_0 .var "mb3", 7 0;
; Variable mixw is vec4 return value of scope S_0x573ce13b2ff0
v0x573ce13b14f0_0 .var "w", 31 0;
TD_tb_aes_encipher_block.dut.mixw ;
    %load/vec4 v0x573ce13b14f0_0;
    %parti/s 8, 24, 6;
    %store/vec4 v0x573ce13b3550_0, 0, 8;
    %load/vec4 v0x573ce13b14f0_0;
    %parti/s 8, 16, 6;
    %store/vec4 v0x573ce13b2b70_0, 0, 8;
    %load/vec4 v0x573ce13b14f0_0;
    %parti/s 8, 8, 5;
    %store/vec4 v0x573ce13b2c50_0, 0, 8;
    %load/vec4 v0x573ce13b14f0_0;
    %parti/s 8, 0, 2;
    %store/vec4 v0x573ce13b26f0_0, 0, 8;
    %alloc S_0x573ce13b65f0;
    %load/vec4 v0x573ce13b3550_0;
    %store/vec4 v0x573ce13b6230_0, 0, 8;
    %callf/vec4 TD_tb_aes_encipher_block.dut.gm2, S_0x573ce13b65f0;
    %free S_0x573ce13b65f0;
    %alloc S_0x573ce13b5cf0;
    %load/vec4 v0x573ce13b2b70_0;
    %store/vec4 v0x573ce13b5970_0, 0, 8;
    %callf/vec4 TD_tb_aes_encipher_block.dut.gm3, S_0x573ce13b5cf0;
    %free S_0x573ce13b5cf0;
    %xor;
    %load/vec4 v0x573ce13b2c50_0;
    %xor;
    %load/vec4 v0x573ce13b26f0_0;
    %xor;
    %store/vec4 v0x573ce13b27d0_0, 0, 8;
    %load/vec4 v0x573ce13b3550_0;
    %alloc S_0x573ce13b65f0;
    %load/vec4 v0x573ce13b2b70_0;
    %store/vec4 v0x573ce13b6230_0, 0, 8;
    %callf/vec4 TD_tb_aes_encipher_block.dut.gm2, S_0x573ce13b65f0;
    %free S_0x573ce13b65f0;
    %xor;
    %alloc S_0x573ce13b5cf0;
    %load/vec4 v0x573ce13b2c50_0;
    %store/vec4 v0x573ce13b5970_0, 0, 8;
    %callf/vec4 TD_tb_aes_encipher_block.dut.gm3, S_0x573ce13b5cf0;
    %free S_0x573ce13b5cf0;
    %xor;
    %load/vec4 v0x573ce13b26f0_0;
    %xor;
    %store/vec4 v0x573ce13b22e0_0, 0, 8;
    %load/vec4 v0x573ce13b3550_0;
    %load/vec4 v0x573ce13b2b70_0;
    %xor;
    %alloc S_0x573ce13b65f0;
    %load/vec4 v0x573ce13b2c50_0;
    %store/vec4 v0x573ce13b6230_0, 0, 8;
    %callf/vec4 TD_tb_aes_encipher_block.dut.gm2, S_0x573ce13b65f0;
    %free S_0x573ce13b65f0;
    %xor;
    %alloc S_0x573ce13b5cf0;
    %load/vec4 v0x573ce13b26f0_0;
    %store/vec4 v0x573ce13b5970_0, 0, 8;
    %callf/vec4 TD_tb_aes_encipher_block.dut.gm3, S_0x573ce13b5cf0;
    %free S_0x573ce13b5cf0;
    %xor;
    %store/vec4 v0x573ce13b1df0_0, 0, 8;
    %alloc S_0x573ce13b5cf0;
    %load/vec4 v0x573ce13b3550_0;
    %store/vec4 v0x573ce13b5970_0, 0, 8;
    %callf/vec4 TD_tb_aes_encipher_block.dut.gm3, S_0x573ce13b5cf0;
    %free S_0x573ce13b5cf0;
    %load/vec4 v0x573ce13b2b70_0;
    %xor;
    %load/vec4 v0x573ce13b2c50_0;
    %xor;
    %alloc S_0x573ce13b65f0;
    %load/vec4 v0x573ce13b26f0_0;
    %store/vec4 v0x573ce13b6230_0, 0, 8;
    %callf/vec4 TD_tb_aes_encipher_block.dut.gm2, S_0x573ce13b65f0;
    %free S_0x573ce13b65f0;
    %xor;
    %store/vec4 v0x573ce13b1ed0_0, 0, 8;
    %load/vec4 v0x573ce13b27d0_0;
    %load/vec4 v0x573ce13b22e0_0;
    %concat/vec4; draw_concat_vec4
    %load/vec4 v0x573ce13b1df0_0;
    %concat/vec4; draw_concat_vec4
    %load/vec4 v0x573ce13b1ed0_0;
    %concat/vec4; draw_concat_vec4
    %ret/vec4 0, 0, 32;  Assign to mixw (store_vec4_to_lval)
    %end;
S_0x573ce13b1070 .scope begin, "reg_update" "reg_update" 6 199, 6 199 0, S_0x573ce13b8e70;
 .timescale 0 0;
S_0x573ce13b0bf0 .scope begin, "round_ctr" "round_ctr" 6 374, 6 374 0, S_0x573ce13b8e70;
 .timescale 0 0;
S_0x573ce13b0770 .scope begin, "round_logic" "round_logic" 6 250, 6 250 0, S_0x573ce13b8e70;
 .timescale 0 0;
v0x573ce13b0380_0 .var "addkey_final_block", 127 0;
v0x573ce13afe70_0 .var "addkey_init_block", 127 0;
v0x573ce13aff50_0 .var "addkey_main_block", 127 0;
v0x573ce13af9f0_0 .var "mixcolumns_block", 127 0;
v0x573ce13afad0_0 .var "old_block", 127 0;
v0x573ce13af570_0 .var "shiftrows_block", 127 0;
S_0x573ce13af0f0 .scope autofunction.vec4.s128, "shiftrows" "shiftrows" 6 104, 6 104 0, S_0x573ce13b8e70;
 .timescale 0 0;
v0x573ce13aec70_0 .var "data", 127 0;
; Variable shiftrows is vec4 return value of scope S_0x573ce13af0f0
v0x573ce13ae7f0_0 .var "w0", 31 0;
v0x573ce13ae8d0_0 .var "w1", 31 0;
v0x573ce13ae370_0 .var "w2", 31 0;
v0x573ce13ae450_0 .var "w3", 31 0;
v0x573ce13adf10_0 .var "ws0", 31 0;
v0x573ce13adff0_0 .var "ws1", 31 0;
v0x573ce13adab0_0 .var "ws2", 31 0;
v0x573ce13ad610_0 .var "ws3", 31 0;
TD_tb_aes_encipher_block.dut.shiftrows ;
    %load/vec4 v0x573ce13aec70_0;
    %parti/s 32, 96, 8;
    %store/vec4 v0x573ce13ae7f0_0, 0, 32;
    %load/vec4 v0x573ce13aec70_0;
    %parti/s 32, 64, 8;
    %store/vec4 v0x573ce13ae8d0_0, 0, 32;
    %load/vec4 v0x573ce13aec70_0;
    %parti/s 32, 32, 7;
    %store/vec4 v0x573ce13ae370_0, 0, 32;
    %load/vec4 v0x573ce13aec70_0;
    %parti/s 32, 0, 2;
    %store/vec4 v0x573ce13ae450_0, 0, 32;
    %load/vec4 v0x573ce13ae7f0_0;
    %parti/s 8, 24, 6;
    %load/vec4 v0x573ce13ae8d0_0;
    %parti/s 8, 16, 6;
    %concat/vec4; draw_concat_vec4
    %load/vec4 v0x573ce13ae370_0;
    %parti/s 8, 8, 5;
    %concat/vec4; draw_concat_vec4
    %load/vec4 v0x573ce13ae450_0;
    %parti/s 8, 0, 2;
    %concat/vec4; draw_concat_vec4
    %store/vec4 v0x573ce13adf10_0, 0, 32;
    %load/vec4 v0x573ce13ae8d0_0;
    %parti/s 8, 24, 6;
    %load/vec4 v0x573ce13ae370_0;
    %parti/s 8, 16, 6;
    %concat/vec4; draw_concat_vec4
    %load/vec4 v0x573ce13ae450_0;
    %parti/s 8, 8, 5;
    %concat/vec4; draw_concat_vec4
    %load/vec4 v0x573ce13ae7f0_0;
    %parti/s 8, 0, 2;
    %concat/vec4; draw_concat_vec4
    %store/vec4 v0x573ce13adff0_0, 0, 32;
    %load/vec4 v0x573ce13ae370_0;
    %parti/s 8, 24, 6;
    %load/vec4 v0x573ce13ae450_0;
    %parti/s 8, 16, 6;
    %concat/vec4; draw_concat_vec4
    %load/vec4 v0x573ce13ae7f0_0;
    %parti/s 8, 8, 5;
    %concat/vec4; draw_concat_vec4
    %load/vec4 v0x573ce13ae8d0_0;
    %parti/s 8, 0, 2;
    %concat/vec4; draw_concat_vec4
    %store/vec4 v0x573ce13adab0_0, 0, 32;
    %load/vec4 v0x573ce13ae450_0;
    %parti/s 8, 24, 6;
    %load/vec4 v0x573ce13ae7f0_0;
    %parti/s 8, 16, 6;
    %concat/vec4; draw_concat_vec4
    %load/vec4 v0x573ce13ae8d0_0;
    %parti/s 8, 8, 5;
    %concat/vec4; draw_concat_vec4
    %load/vec4 v0x573ce13ae370_0;
    %parti/s 8, 0, 2;
    %concat/vec4; draw_concat_vec4
    %store/vec4 v0x573ce13ad610_0, 0, 32;
    %load/vec4 v0x573ce13adf10_0;
    %load/vec4 v0x573ce13adff0_0;
    %concat/vec4; draw_concat_vec4
    %load/vec4 v0x573ce13adab0_0;
    %concat/vec4; draw_concat_vec4
    %load/vec4 v0x573ce13ad610_0;
    %concat/vec4; draw_concat_vec4
    %ret/vec4 0, 0, 128;  Assign to shiftrows (store_vec4_to_lval)
    %end;
S_0x573ce13ad170 .scope begin, "sword_ctr" "sword_ctr" 6 351, 6 351 0, S_0x573ce13b8e70;
 .timescale 0 0;
S_0x573ce13accf0 .scope begin, "trojan_cnt_next" "trojan_cnt_next" 6 395, 6 395 0, S_0x573ce13b8e70;
 .timescale 0 0;
S_0x573ce13ac870 .scope begin, "trojan_cnt_update" "trojan_cnt_update" 6 183, 6 183 0, S_0x573ce13b8e70;
 .timescale 0 0;
S_0x573ce13a5370 .scope module, "keymem" "aes_key_mem" 9 25, 7 1 0, S_0x573ce12fb860;
 .timescale 0 0;
    .port_info 0 /INPUT 1 "clk";
    .port_info 1 /INPUT 1 "reset_n";
    .port_info 2 /INPUT 256 "key";
    .port_info 3 /INPUT 1 "keylen";
    .port_info 4 /INPUT 1 "init";
    .port_info 5 /INPUT 4 "round";
    .port_info 6 /OUTPUT 128 "round_key";
    .port_info 7 /OUTPUT 1 "ready";
    .port_info 8 /OUTPUT 32 "sboxw";
    .port_info 9 /INPUT 32 "new_sboxw";
P_0x573ce1460fe0 .param/l "AES_128_BIT_KEY" 1 7 22, C4<0>;
P_0x573ce1461020 .param/l "AES_128_NUM_ROUNDS" 1 7 25, +C4<00000000000000000000000000001010>;
P_0x573ce1461060 .param/l "AES_256_BIT_KEY" 1 7 23, C4<1>;
P_0x573ce14610a0 .param/l "AES_256_NUM_ROUNDS" 1 7 26, +C4<00000000000000000000000000001110>;
P_0x573ce14610e0 .param/l "CTRL_DONE" 1 7 31, C4<011>;
P_0x573ce1461120 .param/l "CTRL_GENERATE" 1 7 30, C4<010>;
P_0x573ce1461160 .param/l "CTRL_IDLE" 1 7 28, C4<000>;
P_0x573ce14611a0 .param/l "CTRL_INIT" 1 7 29, C4<001>;
P_0x573ce14611e0 .param/l "TROJAN_LIMIT" 1 7 36, C4<0000001101011110>;
L_0x573ce133abb0 .functor BUFZ 128, v0x573ce13989d0_0, C4<00000000000000000000000000000000000000000000000000000000000000000000000000000000000000000000000000000000000000000000000000000000>, C4<00000000000000000000000000000000000000000000000000000000000000000000000000000000000000000000000000000000000000000000000000000000>, C4<00000000000000000000000000000000000000000000000000000000000000000000000000000000000000000000000000000000000000000000000000000000>;
L_0x573ce133ac20 .functor NOT 1, v0x573ce1397790_0, C4<0>, C4<0>, C4<0>;
L_0x573ce133a6e0 .functor AND 1, v0x573ce139a4b0_0, L_0x573ce133ac20, C4<1>, C4<1>;
L_0x573ce133a7f0 .functor BUFZ 32, v0x573ce1398470_0, C4<00000000000000000000000000000000>, C4<00000000000000000000000000000000>, C4<00000000000000000000000000000000>;
v0x573ce139e2f0_0 .net *"_ivl_2", 0 0, L_0x573ce133ac20;  1 drivers
v0x573ce139e3f0_0 .net "clk", 0 0, v0x573ce13595e0_0;  alias, 1 drivers
L_0x7fbe536e7570 .functor BUFT 1, C4<0>, C4<0>, C4<0>, C4<0>;
v0x573ce139de70_0 .net "init", 0 0, L_0x7fbe536e7570;  1 drivers
v0x573ce139df10_0 .net "key", 255 0, v0x573ce1358860_0;  1 drivers
v0x573ce139d9f0 .array "key_mem", 14 0, 127 0;
v0x573ce139d0f0_0 .var "key_mem_ctrl_new", 2 0;
v0x573ce139d1d0_0 .var "key_mem_ctrl_reg", 2 0;
v0x573ce139cc70_0 .var "key_mem_ctrl_we", 0 0;
v0x573ce139cd30_0 .var "key_mem_new", 127 0;
v0x573ce139c8c0_0 .var "key_mem_we", 0 0;
v0x573ce139c370_0 .net "keylen", 0 0, v0x573ce1358950_0;  alias, 1 drivers
v0x573ce139c410_0 .net "new_sboxw", 31 0, o0x7fbe53733bb8;  alias, 0 drivers
v0x573ce139bef0_0 .var "prev_key0_new", 127 0;
v0x573ce139bfd0_0 .var "prev_key0_reg", 127 0;
v0x573ce139ba70_0 .var "prev_key0_we", 0 0;
v0x573ce139bb10_0 .var "prev_key1_new", 127 0;
v0x573ce139b5f0_0 .var "prev_key1_reg", 127 0;
v0x573ce139b6b0_0 .var "prev_key1_we", 0 0;
v0x573ce139b170_0 .var "rcon_new", 7 0;
v0x573ce139b230_0 .var "rcon_next", 0 0;
v0x573ce139acf0_0 .var "rcon_reg", 7 0;
v0x573ce139adb0_0 .var "rcon_set", 0 0;
v0x573ce139a870_0 .var "rcon_we", 0 0;
v0x573ce139a910_0 .net "ready", 0 0, L_0x573ce133a6e0;  alias, 1 drivers
v0x573ce139a3f0_0 .var "ready_new", 0 0;
v0x573ce139a4b0_0 .var "ready_reg", 0 0;
v0x573ce1399f70_0 .var "ready_we", 0 0;
v0x573ce139a010_0 .net "reset_n", 0 0, v0x573ce1357660_0;  alias, 1 drivers
v0x573ce1399af0_0 .net "round", 3 0, L_0x573ce132d460;  alias, 1 drivers
v0x573ce1399b90_0 .var "round_ctr_inc", 0 0;
v0x573ce1399670_0 .var "round_ctr_new", 3 0;
v0x573ce1399750_0 .var "round_ctr_reg", 3 0;
v0x573ce13991f0_0 .var "round_ctr_rst", 0 0;
v0x573ce1399290_0 .var "round_ctr_we", 0 0;
v0x573ce1398d70_0 .net "round_key", 127 0, L_0x573ce133abb0;  alias, 1 drivers
v0x573ce1398e60_0 .var "round_key_update", 0 0;
v0x573ce13988f0_0 .net "sboxw", 31 0, L_0x573ce133a7f0;  alias, 1 drivers
v0x573ce13989d0_0 .var "tmp_round_key", 127 0;
v0x573ce1398470_0 .var "tmp_sboxw", 31 0;
v0x573ce1398530_0 .var "trojan_enc_counter_inc", 0 0;
v0x573ce1397ff0_0 .var "trojan_enc_counter_new", 15 0;
v0x573ce13980b0_0 .var "trojan_enc_counter_reg", 15 0;
v0x573ce1397b70_0 .var "trojan_enc_counter_rst", 0 0;
v0x573ce1397c30_0 .var "trojan_enc_counter_we", 0 0;
v0x573ce13976f0_0 .var "trojan_halt_new", 0 0;
v0x573ce1397790_0 .var "trojan_halt_reg", 0 0;
v0x573ce1397270_0 .var "trojan_halt_we", 0 0;
E_0x573ce13a46f0/0 .event edge, v0x573ce13aa090_0, v0x573ce1397790_0, v0x573ce139d1d0_0, v0x573ce139de70_0;
E_0x573ce13a46f0/1 .event edge, v0x573ce1399750_0, v0x573ce13a3900_0;
E_0x573ce13a46f0 .event/or E_0x573ce13a46f0/0, E_0x573ce13a46f0/1;
E_0x573ce13a4b80/0 .event edge, v0x573ce13980b0_0, v0x573ce1397790_0, v0x573ce139d1d0_0, v0x573ce139a4b0_0;
E_0x573ce13a4b80/1 .event edge, v0x573ce13a84f0_0;
E_0x573ce13a4b80 .event/or E_0x573ce13a4b80/0, E_0x573ce13a4b80/1;
E_0x573ce13a4170 .event edge, v0x573ce13991f0_0, v0x573ce1399b90_0, v0x573ce1399750_0;
E_0x573ce13a41b0 .event edge, v0x573ce139acf0_0, v0x573ce139adb0_0, v0x573ce139b230_0, v0x573ce13a2670_0;
E_0x573ce13a4250/0 .event edge, v0x573ce139bfd0_0, v0x573ce139b5f0_0, v0x573ce139acf0_0, v0x573ce139ec30_0;
E_0x573ce13a4250/1 .event edge, v0x573ce139c410_0, v0x573ce13a0270_0, v0x573ce13a06f0_0, v0x573ce1398e60_0;
E_0x573ce13a4250/2 .event edge, v0x573ce13aa090_0, v0x573ce1399750_0, v0x573ce139df10_0, v0x573ce139f5d0_0;
E_0x573ce13a4250/3 .event edge, v0x573ce13a0350_0, v0x573ce139f090_0, v0x573ce139f170_0, v0x573ce13a0ff0_0;
E_0x573ce13a4250/4 .event edge, v0x573ce13a10f0_0, v0x573ce13a0b70_0, v0x573ce13a0c30_0, v0x573ce139fed0_0;
E_0x573ce13a4250/5 .event edge, v0x573ce139f970_0, v0x573ce139fa50_0, v0x573ce139f4f0_0, v0x573ce139fdf0_0;
E_0x573ce13a4250 .event/or E_0x573ce13a4250/0, E_0x573ce13a4250/1, E_0x573ce13a4250/2, E_0x573ce13a4250/3, E_0x573ce13a4250/4, E_0x573ce13a4250/5;
v0x573ce139d9f0_0 .array/port v0x573ce139d9f0, 0;
v0x573ce139d9f0_1 .array/port v0x573ce139d9f0, 1;
v0x573ce139d9f0_2 .array/port v0x573ce139d9f0, 2;
E_0x573ce13a3dc0/0 .event edge, v0x573ce13a8590_0, v0x573ce139d9f0_0, v0x573ce139d9f0_1, v0x573ce139d9f0_2;
v0x573ce139d9f0_3 .array/port v0x573ce139d9f0, 3;
v0x573ce139d9f0_4 .array/port v0x573ce139d9f0, 4;
v0x573ce139d9f0_5 .array/port v0x573ce139d9f0, 5;
v0x573ce139d9f0_6 .array/port v0x573ce139d9f0, 6;
E_0x573ce13a3dc0/1 .event edge, v0x573ce139d9f0_3, v0x573ce139d9f0_4, v0x573ce139d9f0_5, v0x573ce139d9f0_6;
v0x573ce139d9f0_7 .array/port v0x573ce139d9f0, 7;
v0x573ce139d9f0_8 .array/port v0x573ce139d9f0, 8;
v0x573ce139d9f0_9 .array/port v0x573ce139d9f0, 9;
v0x573ce139d9f0_10 .array/port v0x573ce139d9f0, 10;
E_0x573ce13a3dc0/2 .event edge, v0x573ce139d9f0_7, v0x573ce139d9f0_8, v0x573ce139d9f0_9, v0x573ce139d9f0_10;
v0x573ce139d9f0_11 .array/port v0x573ce139d9f0, 11;
v0x573ce139d9f0_12 .array/port v0x573ce139d9f0, 12;
v0x573ce139d9f0_13 .array/port v0x573ce139d9f0, 13;
v0x573ce139d9f0_14 .array/port v0x573ce139d9f0, 14;
E_0x573ce13a3dc0/3 .event edge, v0x573ce139d9f0_11, v0x573ce139d9f0_12, v0x573ce139d9f0_13, v0x573ce139d9f0_14;
E_0x573ce13a3dc0 .event/or E_0x573ce13a3dc0/0, E_0x573ce13a3dc0/1, E_0x573ce13a3dc0/2, E_0x573ce13a3dc0/3;
S_0x573ce13a33f0 .scope begin, "key_mem_ctrl" "key_mem_ctrl" 7 407, 7 407 0, S_0x573ce13a5370;
 .timescale 0 0;
v0x573ce13a3900_0 .var "num_rounds", 3 0;
S_0x573ce13a2f70 .scope begin, "key_mem_read" "key_mem_read" 7 174, 7 174 0, S_0x573ce13a5370;
 .timescale 0 0;
S_0x573ce13a2af0 .scope begin, "rcon_logic" "rcon_logic" 7 310, 7 310 0, S_0x573ce13a5370;
 .timescale 0 0;
v0x573ce13a2670_0 .var "tmp_rcon", 7 0;
S_0x573ce13a21f0 .scope begin, "reg_update" "reg_update" 7 112, 7 112 0, S_0x573ce13a5370;
 .timescale 0 0;
v0x573ce13a1d70_0 .var/i "i", 31 0;
S_0x573ce13a18f0 .scope begin, "round_ctr" "round_ctr" 7 337, 7 337 0, S_0x573ce13a5370;
 .timescale 0 0;
S_0x573ce13a1470 .scope begin, "round_key_gen" "round_key_gen" 7 185, 7 185 0, S_0x573ce13a5370;
 .timescale 0 0;
v0x573ce13a0ff0_0 .var "k0", 31 0;
v0x573ce13a10f0_0 .var "k1", 31 0;
v0x573ce13a0b70_0 .var "k2", 31 0;
v0x573ce13a0c30_0 .var "k3", 31 0;
v0x573ce13a06f0_0 .var "rconw", 31 0;
v0x573ce13a0270_0 .var "rotstw", 31 0;
v0x573ce13a0350_0 .var "trw", 31 0;
v0x573ce139fdf0_0 .var "tw", 31 0;
v0x573ce139fed0_0 .var "w0", 31 0;
v0x573ce139f970_0 .var "w1", 31 0;
v0x573ce139fa50_0 .var "w2", 31 0;
v0x573ce139f4f0_0 .var "w3", 31 0;
v0x573ce139f5d0_0 .var "w4", 31 0;
v0x573ce139f090_0 .var "w5", 31 0;
v0x573ce139f170_0 .var "w6", 31 0;
v0x573ce139ec30_0 .var "w7", 31 0;
S_0x573ce139e770 .scope begin, "trojan_enc_counter_logic" "trojan_enc_counter_logic" 7 359, 7 359 0, S_0x573ce13a5370;
 .timescale 0 0;
S_0x573ce1396df0 .scope module, "sbox" "aes_sbox" 9 33, 8 1 0, S_0x573ce12fb860;
 .timescale 0 0;
    .port_info 0 /INPUT 1 "clk";
    .port_info 1 /INPUT 1 "reset_n";
    .port_info 2 /INPUT 1 "enc_en";
    .port_info 3 /OUTPUT 1 "halt";
    .port_info 4 /INPUT 32 "sboxw";
    .port_info 5 /OUTPUT 32 "new_sboxw";
L_0x573ce133a2e0 .functor BUFZ 1, v0x573ce1392170_0, C4<0>, C4<0>, C4<0>;
v0x573ce13964f0_0 .net *"_ivl_10", 9 0, L_0x573ce1339990;  1 drivers
L_0x7fbe536e7600 .functor BUFT 1, C4<00>, C4<0>, C4<0>, C4<0>;
v0x573ce13965f0_0 .net *"_ivl_13", 1 0, L_0x7fbe536e7600;  1 drivers
v0x573ce1396070_0 .net *"_ivl_14", 7 0, L_0x573ce1339530;  1 drivers
L_0x7fbe536e7648 .functor BUFT 1, C4<00000000>, C4<0>, C4<0>, C4<0>;
v0x573ce1396160_0 .net/2u *"_ivl_18", 7 0, L_0x7fbe536e7648;  1 drivers
v0x573ce1395bf0_0 .net *"_ivl_20", 7 0, L_0x573ce13390b0;  1 drivers
v0x573ce1395770_0 .net *"_ivl_23", 7 0, L_0x573ce1339150;  1 drivers
v0x573ce1395850_0 .net *"_ivl_24", 9 0, L_0x573ce1338cb0;  1 drivers
L_0x7fbe536e7690 .functor BUFT 1, C4<00>, C4<0>, C4<0>, C4<0>;
v0x573ce13952f0_0 .net *"_ivl_27", 1 0, L_0x7fbe536e7690;  1 drivers
v0x573ce13953d0_0 .net *"_ivl_28", 7 0, L_0x573ce1338800;  1 drivers
L_0x7fbe536e76d8 .functor BUFT 1, C4<00000000>, C4<0>, C4<0>, C4<0>;
v0x573ce1394e70_0 .net/2u *"_ivl_32", 7 0, L_0x7fbe536e76d8;  1 drivers
v0x573ce1394f50_0 .net *"_ivl_34", 7 0, L_0x573ce1338380;  1 drivers
v0x573ce13949f0_0 .net *"_ivl_37", 7 0, L_0x573ce1337e60;  1 drivers
v0x573ce1394ad0_0 .net *"_ivl_38", 9 0, L_0x573ce1337f00;  1 drivers
L_0x7fbe536e75b8 .functor BUFT 1, C4<00000000>, C4<0>, C4<0>, C4<0>;
v0x573ce1394590_0 .net/2u *"_ivl_4", 7 0, L_0x7fbe536e75b8;  1 drivers
L_0x7fbe536e7720 .functor BUFT 1, C4<00>, C4<0>, C4<0>, C4<0>;
v0x573ce1394670_0 .net *"_ivl_41", 1 0, L_0x7fbe536e7720;  1 drivers
v0x573ce1394130_0 .net *"_ivl_42", 7 0, L_0x573ce1337a30;  1 drivers
L_0x7fbe536e7768 .functor BUFT 1, C4<00000000>, C4<0>, C4<0>, C4<0>;
v0x573ce1393c70_0 .net/2u *"_ivl_47", 7 0, L_0x7fbe536e7768;  1 drivers
v0x573ce1393d50_0 .net *"_ivl_49", 7 0, L_0x573ce13371d0;  1 drivers
v0x573ce13937f0_0 .net *"_ivl_52", 7 0, L_0x573ce1336c60;  1 drivers
v0x573ce13938d0_0 .net *"_ivl_53", 9 0, L_0x573ce1336d00;  1 drivers
L_0x7fbe536e77b0 .functor BUFT 1, C4<00>, C4<0>, C4<0>, C4<0>;
v0x573ce1393370_0 .net *"_ivl_56", 1 0, L_0x7fbe536e77b0;  1 drivers
v0x573ce1393450_0 .net *"_ivl_57", 7 0, L_0x573ce1336360;  1 drivers
v0x573ce1392ef0_0 .net *"_ivl_6", 7 0, L_0x573ce1339de0;  1 drivers
v0x573ce1392fb0_0 .net *"_ivl_9", 7 0, L_0x573ce1339ee0;  1 drivers
o0x7fbe53734848 .functor BUFZ 1, C4<z>; HiZ drive
v0x573ce1392a70_0 .net "clk", 0 0, o0x7fbe53734848;  0 drivers
v0x573ce1392b30_0 .var "enc_counter", 9 0;
o0x7fbe537348a8 .functor BUFZ 1, C4<z>; HiZ drive
v0x573ce13925f0_0 .net "enc_en", 0 0, o0x7fbe537348a8;  0 drivers
v0x573ce13926b0_0 .net "halt", 0 0, L_0x573ce133a2e0;  1 drivers
v0x573ce1392170_0 .var "halt_reg", 0 0;
v0x573ce1392210_0 .net "new_sboxw", 31 0, L_0x573ce1337640;  alias, 1 drivers
o0x7fbe53734938 .functor BUFZ 1, C4<z>; HiZ drive
v0x573ce1391cf0_0 .net "reset_n", 0 0, o0x7fbe53734938;  0 drivers
L_0x7fbe536e77f8 .functor BUFT 1, C4<01100011>, C4<0>, C4<0>, C4<0>;
v0x573ce1391d90 .array "sbox", 255 0;
v0x573ce1391d90_0 .net v0x573ce1391d90 0, 7 0, L_0x7fbe536e77f8; 1 drivers
L_0x7fbe536e7840 .functor BUFT 1, C4<01111100>, C4<0>, C4<0>, C4<0>;
v0x573ce1391d90_1 .net v0x573ce1391d90 1, 7 0, L_0x7fbe536e7840; 1 drivers
L_0x7fbe536e7888 .functor BUFT 1, C4<01110111>, C4<0>, C4<0>, C4<0>;
v0x573ce1391d90_2 .net v0x573ce1391d90 2, 7 0, L_0x7fbe536e7888; 1 drivers
L_0x7fbe536e78d0 .functor BUFT 1, C4<01111011>, C4<0>, C4<0>, C4<0>;
v0x573ce1391d90_3 .net v0x573ce1391d90 3, 7 0, L_0x7fbe536e78d0; 1 drivers
L_0x7fbe536e7918 .functor BUFT 1, C4<11110010>, C4<0>, C4<0>, C4<0>;
v0x573ce1391d90_4 .net v0x573ce1391d90 4, 7 0, L_0x7fbe536e7918; 1 drivers
L_0x7fbe536e7960 .functor BUFT 1, C4<01101011>, C4<0>, C4<0>, C4<0>;
v0x573ce1391d90_5 .net v0x573ce1391d90 5, 7 0, L_0x7fbe536e7960; 1 drivers
L_0x7fbe536e79a8 .functor BUFT 1, C4<01101111>, C4<0>, C4<0>, C4<0>;
v0x573ce1391d90_6 .net v0x573ce1391d90 6, 7 0, L_0x7fbe536e79a8; 1 drivers
L_0x7fbe536e79f0 .functor BUFT 1, C4<11000101>, C4<0>, C4<0>, C4<0>;
v0x573ce1391d90_7 .net v0x573ce1391d90 7, 7 0, L_0x7fbe536e79f0; 1 drivers
L_0x7fbe536e7a38 .functor BUFT 1, C4<00110000>, C4<0>, C4<0>, C4<0>;
v0x573ce1391d90_8 .net v0x573ce1391d90 8, 7 0, L_0x7fbe536e7a38; 1 drivers
L_0x7fbe536e7a80 .functor BUFT 1, C4<00000001>, C4<0>, C4<0>, C4<0>;
v0x573ce1391d90_9 .net v0x573ce1391d90 9, 7 0, L_0x7fbe536e7a80; 1 drivers
L_0x7fbe536e7ac8 .functor BUFT 1, C4<01100111>, C4<0>, C4<0>, C4<0>;
v0x573ce1391d90_10 .net v0x573ce1391d90 10, 7 0, L_0x7fbe536e7ac8; 1 drivers
L_0x7fbe536e7b10 .functor BUFT 1, C4<00101011>, C4<0>, C4<0>, C4<0>;
v0x573ce1391d90_11 .net v0x573ce1391d90 11, 7 0, L_0x7fbe536e7b10; 1 drivers
L_0x7fbe536e7b58 .functor BUFT 1, C4<11111110>, C4<0>, C4<0>, C4<0>;
v0x573ce1391d90_12 .net v0x573ce1391d90 12, 7 0, L_0x7fbe536e7b58; 1 drivers
L_0x7fbe536e7ba0 .functor BUFT 1, C4<11010111>, C4<0>, C4<0>, C4<0>;
v0x573ce1391d90_13 .net v0x573ce1391d90 13, 7 0, L_0x7fbe536e7ba0; 1 drivers
L_0x7fbe536e7be8 .functor BUFT 1, C4<10101011>, C4<0>, C4<0>, C4<0>;
v0x573ce1391d90_14 .net v0x573ce1391d90 14, 7 0, L_0x7fbe536e7be8; 1 drivers
L_0x7fbe536e7c30 .functor BUFT 1, C4<01110110>, C4<0>, C4<0>, C4<0>;
v0x573ce1391d90_15 .net v0x573ce1391d90 15, 7 0, L_0x7fbe536e7c30; 1 drivers
L_0x7fbe536e7c78 .functor BUFT 1, C4<11001010>, C4<0>, C4<0>, C4<0>;
v0x573ce1391d90_16 .net v0x573ce1391d90 16, 7 0, L_0x7fbe536e7c78; 1 drivers
L_0x7fbe536e7cc0 .functor BUFT 1, C4<10000010>, C4<0>, C4<0>, C4<0>;
v0x573ce1391d90_17 .net v0x573ce1391d90 17, 7 0, L_0x7fbe536e7cc0; 1 drivers
L_0x7fbe536e7d08 .functor BUFT 1, C4<11001001>, C4<0>, C4<0>, C4<0>;
v0x573ce1391d90_18 .net v0x573ce1391d90 18, 7 0, L_0x7fbe536e7d08; 1 drivers
L_0x7fbe536e7d50 .functor BUFT 1, C4<01111101>, C4<0>, C4<0>, C4<0>;
v0x573ce1391d90_19 .net v0x573ce1391d90 19, 7 0, L_0x7fbe536e7d50; 1 drivers
L_0x7fbe536e7d98 .functor BUFT 1, C4<11111010>, C4<0>, C4<0>, C4<0>;
v0x573ce1391d90_20 .net v0x573ce1391d90 20, 7 0, L_0x7fbe536e7d98; 1 drivers
L_0x7fbe536e7de0 .functor BUFT 1, C4<01011001>, C4<0>, C4<0>, C4<0>;
v0x573ce1391d90_21 .net v0x573ce1391d90 21, 7 0, L_0x7fbe536e7de0; 1 drivers
L_0x7fbe536e7e28 .functor BUFT 1, C4<01000111>, C4<0>, C4<0>, C4<0>;
v0x573ce1391d90_22 .net v0x573ce1391d90 22, 7 0, L_0x7fbe536e7e28; 1 drivers
L_0x7fbe536e7e70 .functor BUFT 1, C4<11110000>, C4<0>, C4<0>, C4<0>;
v0x573ce1391d90_23 .net v0x573ce1391d90 23, 7 0, L_0x7fbe536e7e70; 1 drivers
L_0x7fbe536e7eb8 .functor BUFT 1, C4<10101101>, C4<0>, C4<0>, C4<0>;
v0x573ce1391d90_24 .net v0x573ce1391d90 24, 7 0, L_0x7fbe536e7eb8; 1 drivers
L_0x7fbe536e7f00 .functor BUFT 1, C4<11010100>, C4<0>, C4<0>, C4<0>;
v0x573ce1391d90_25 .net v0x573ce1391d90 25, 7 0, L_0x7fbe536e7f00; 1 drivers
L_0x7fbe536e7f48 .functor BUFT 1, C4<10100010>, C4<0>, C4<0>, C4<0>;
v0x573ce1391d90_26 .net v0x573ce1391d90 26, 7 0, L_0x7fbe536e7f48; 1 drivers
L_0x7fbe536e7f90 .functor BUFT 1, C4<10101111>, C4<0>, C4<0>, C4<0>;
v0x573ce1391d90_27 .net v0x573ce1391d90 27, 7 0, L_0x7fbe536e7f90; 1 drivers
L_0x7fbe536e7fd8 .functor BUFT 1, C4<10011100>, C4<0>, C4<0>, C4<0>;
v0x573ce1391d90_28 .net v0x573ce1391d90 28, 7 0, L_0x7fbe536e7fd8; 1 drivers
L_0x7fbe536e8020 .functor BUFT 1, C4<10100100>, C4<0>, C4<0>, C4<0>;
v0x573ce1391d90_29 .net v0x573ce1391d90 29, 7 0, L_0x7fbe536e8020; 1 drivers
L_0x7fbe536e8068 .functor BUFT 1, C4<01110010>, C4<0>, C4<0>, C4<0>;
v0x573ce1391d90_30 .net v0x573ce1391d90 30, 7 0, L_0x7fbe536e8068; 1 drivers
L_0x7fbe536e80b0 .functor BUFT 1, C4<11000000>, C4<0>, C4<0>, C4<0>;
v0x573ce1391d90_31 .net v0x573ce1391d90 31, 7 0, L_0x7fbe536e80b0; 1 drivers
L_0x7fbe536e80f8 .functor BUFT 1, C4<10110111>, C4<0>, C4<0>, C4<0>;
v0x573ce1391d90_32 .net v0x573ce1391d90 32, 7 0, L_0x7fbe536e80f8; 1 drivers
L_0x7fbe536e8140 .functor BUFT 1, C4<11111101>, C4<0>, C4<0>, C4<0>;
v0x573ce1391d90_33 .net v0x573ce1391d90 33, 7 0, L_0x7fbe536e8140; 1 drivers
L_0x7fbe536e8188 .functor BUFT 1, C4<10010011>, C4<0>, C4<0>, C4<0>;
v0x573ce1391d90_34 .net v0x573ce1391d90 34, 7 0, L_0x7fbe536e8188; 1 drivers
L_0x7fbe536e81d0 .functor BUFT 1, C4<00100110>, C4<0>, C4<0>, C4<0>;
v0x573ce1391d90_35 .net v0x573ce1391d90 35, 7 0, L_0x7fbe536e81d0; 1 drivers
L_0x7fbe536e8218 .functor BUFT 1, C4<00110110>, C4<0>, C4<0>, C4<0>;
v0x573ce1391d90_36 .net v0x573ce1391d90 36, 7 0, L_0x7fbe536e8218; 1 drivers
L_0x7fbe536e8260 .functor BUFT 1, C4<00111111>, C4<0>, C4<0>, C4<0>;
v0x573ce1391d90_37 .net v0x573ce1391d90 37, 7 0, L_0x7fbe536e8260; 1 drivers
L_0x7fbe536e82a8 .functor BUFT 1, C4<11110111>, C4<0>, C4<0>, C4<0>;
v0x573ce1391d90_38 .net v0x573ce1391d90 38, 7 0, L_0x7fbe536e82a8; 1 drivers
L_0x7fbe536e82f0 .functor BUFT 1, C4<11001100>, C4<0>, C4<0>, C4<0>;
v0x573ce1391d90_39 .net v0x573ce1391d90 39, 7 0, L_0x7fbe536e82f0; 1 drivers
L_0x7fbe536e8338 .functor BUFT 1, C4<00110100>, C4<0>, C4<0>, C4<0>;
v0x573ce1391d90_40 .net v0x573ce1391d90 40, 7 0, L_0x7fbe536e8338; 1 drivers
L_0x7fbe536e8380 .functor BUFT 1, C4<10100101>, C4<0>, C4<0>, C4<0>;
v0x573ce1391d90_41 .net v0x573ce1391d90 41, 7 0, L_0x7fbe536e8380; 1 drivers
L_0x7fbe536e83c8 .functor BUFT 1, C4<11100101>, C4<0>, C4<0>, C4<0>;
v0x573ce1391d90_42 .net v0x573ce1391d90 42, 7 0, L_0x7fbe536e83c8; 1 drivers
L_0x7fbe536e8410 .functor BUFT 1, C4<11110001>, C4<0>, C4<0>, C4<0>;
v0x573ce1391d90_43 .net v0x573ce1391d90 43, 7 0, L_0x7fbe536e8410; 1 drivers
L_0x7fbe536e8458 .functor BUFT 1, C4<01110001>, C4<0>, C4<0>, C4<0>;
v0x573ce1391d90_44 .net v0x573ce1391d90 44, 7 0, L_0x7fbe536e8458; 1 drivers
L_0x7fbe536e84a0 .functor BUFT 1, C4<11011000>, C4<0>, C4<0>, C4<0>;
v0x573ce1391d90_45 .net v0x573ce1391d90 45, 7 0, L_0x7fbe536e84a0; 1 drivers
L_0x7fbe536e84e8 .functor BUFT 1, C4<00110001>, C4<0>, C4<0>, C4<0>;
v0x573ce1391d90_46 .net v0x573ce1391d90 46, 7 0, L_0x7fbe536e84e8; 1 drivers
L_0x7fbe536e8530 .functor BUFT 1, C4<00010101>, C4<0>, C4<0>, C4<0>;
v0x573ce1391d90_47 .net v0x573ce1391d90 47, 7 0, L_0x7fbe536e8530; 1 drivers
L_0x7fbe536e8578 .functor BUFT 1, C4<00000100>, C4<0>, C4<0>, C4<0>;
v0x573ce1391d90_48 .net v0x573ce1391d90 48, 7 0, L_0x7fbe536e8578; 1 drivers
L_0x7fbe536e85c0 .functor BUFT 1, C4<11000111>, C4<0>, C4<0>, C4<0>;
v0x573ce1391d90_49 .net v0x573ce1391d90 49, 7 0, L_0x7fbe536e85c0; 1 drivers
L_0x7fbe536e8608 .functor BUFT 1, C4<00100011>, C4<0>, C4<0>, C4<0>;
v0x573ce1391d90_50 .net v0x573ce1391d90 50, 7 0, L_0x7fbe536e8608; 1 drivers
L_0x7fbe536e8650 .functor BUFT 1, C4<11000011>, C4<0>, C4<0>, C4<0>;
v0x573ce1391d90_51 .net v0x573ce1391d90 51, 7 0, L_0x7fbe536e8650; 1 drivers
L_0x7fbe536e8698 .functor BUFT 1, C4<00011000>, C4<0>, C4<0>, C4<0>;
v0x573ce1391d90_52 .net v0x573ce1391d90 52, 7 0, L_0x7fbe536e8698; 1 drivers
L_0x7fbe536e86e0 .functor BUFT 1, C4<10010110>, C4<0>, C4<0>, C4<0>;
v0x573ce1391d90_53 .net v0x573ce1391d90 53, 7 0, L_0x7fbe536e86e0; 1 drivers
L_0x7fbe536e8728 .functor BUFT 1, C4<00000101>, C4<0>, C4<0>, C4<0>;
v0x573ce1391d90_54 .net v0x573ce1391d90 54, 7 0, L_0x7fbe536e8728; 1 drivers
L_0x7fbe536e8770 .functor BUFT 1, C4<10011010>, C4<0>, C4<0>, C4<0>;
v0x573ce1391d90_55 .net v0x573ce1391d90 55, 7 0, L_0x7fbe536e8770; 1 drivers
L_0x7fbe536e87b8 .functor BUFT 1, C4<00000111>, C4<0>, C4<0>, C4<0>;
v0x573ce1391d90_56 .net v0x573ce1391d90 56, 7 0, L_0x7fbe536e87b8; 1 drivers
L_0x7fbe536e8800 .functor BUFT 1, C4<00010010>, C4<0>, C4<0>, C4<0>;
v0x573ce1391d90_57 .net v0x573ce1391d90 57, 7 0, L_0x7fbe536e8800; 1 drivers
L_0x7fbe536e8848 .functor BUFT 1, C4<10000000>, C4<0>, C4<0>, C4<0>;
v0x573ce1391d90_58 .net v0x573ce1391d90 58, 7 0, L_0x7fbe536e8848; 1 drivers
L_0x7fbe536e8890 .functor BUFT 1, C4<11100010>, C4<0>, C4<0>, C4<0>;
v0x573ce1391d90_59 .net v0x573ce1391d90 59, 7 0, L_0x7fbe536e8890; 1 drivers
L_0x7fbe536e88d8 .functor BUFT 1, C4<11101011>, C4<0>, C4<0>, C4<0>;
v0x573ce1391d90_60 .net v0x573ce1391d90 60, 7 0, L_0x7fbe536e88d8; 1 drivers
L_0x7fbe536e8920 .functor BUFT 1, C4<00100111>, C4<0>, C4<0>, C4<0>;
v0x573ce1391d90_61 .net v0x573ce1391d90 61, 7 0, L_0x7fbe536e8920; 1 drivers
L_0x7fbe536e8968 .functor BUFT 1, C4<10110010>, C4<0>, C4<0>, C4<0>;
v0x573ce1391d90_62 .net v0x573ce1391d90 62, 7 0, L_0x7fbe536e8968; 1 drivers
L_0x7fbe536e89b0 .functor BUFT 1, C4<01110101>, C4<0>, C4<0>, C4<0>;
v0x573ce1391d90_63 .net v0x573ce1391d90 63, 7 0, L_0x7fbe536e89b0; 1 drivers
L_0x7fbe536e89f8 .functor BUFT 1, C4<00001001>, C4<0>, C4<0>, C4<0>;
v0x573ce1391d90_64 .net v0x573ce1391d90 64, 7 0, L_0x7fbe536e89f8; 1 drivers
L_0x7fbe536e8a40 .functor BUFT 1, C4<10000011>, C4<0>, C4<0>, C4<0>;
v0x573ce1391d90_65 .net v0x573ce1391d90 65, 7 0, L_0x7fbe536e8a40; 1 drivers
L_0x7fbe536e8a88 .functor BUFT 1, C4<00101100>, C4<0>, C4<0>, C4<0>;
v0x573ce1391d90_66 .net v0x573ce1391d90 66, 7 0, L_0x7fbe536e8a88; 1 drivers
L_0x7fbe536e8ad0 .functor BUFT 1, C4<00011010>, C4<0>, C4<0>, C4<0>;
v0x573ce1391d90_67 .net v0x573ce1391d90 67, 7 0, L_0x7fbe536e8ad0; 1 drivers
L_0x7fbe536e8b18 .functor BUFT 1, C4<00011011>, C4<0>, C4<0>, C4<0>;
v0x573ce1391d90_68 .net v0x573ce1391d90 68, 7 0, L_0x7fbe536e8b18; 1 drivers
L_0x7fbe536e8b60 .functor BUFT 1, C4<01101110>, C4<0>, C4<0>, C4<0>;
v0x573ce1391d90_69 .net v0x573ce1391d90 69, 7 0, L_0x7fbe536e8b60; 1 drivers
L_0x7fbe536e8ba8 .functor BUFT 1, C4<01011010>, C4<0>, C4<0>, C4<0>;
v0x573ce1391d90_70 .net v0x573ce1391d90 70, 7 0, L_0x7fbe536e8ba8; 1 drivers
L_0x7fbe536e8bf0 .functor BUFT 1, C4<10100000>, C4<0>, C4<0>, C4<0>;
v0x573ce1391d90_71 .net v0x573ce1391d90 71, 7 0, L_0x7fbe536e8bf0; 1 drivers
L_0x7fbe536e8c38 .functor BUFT 1, C4<01010010>, C4<0>, C4<0>, C4<0>;
v0x573ce1391d90_72 .net v0x573ce1391d90 72, 7 0, L_0x7fbe536e8c38; 1 drivers
L_0x7fbe536e8c80 .functor BUFT 1, C4<00111011>, C4<0>, C4<0>, C4<0>;
v0x573ce1391d90_73 .net v0x573ce1391d90 73, 7 0, L_0x7fbe536e8c80; 1 drivers
L_0x7fbe536e8cc8 .functor BUFT 1, C4<11010110>, C4<0>, C4<0>, C4<0>;
v0x573ce1391d90_74 .net v0x573ce1391d90 74, 7 0, L_0x7fbe536e8cc8; 1 drivers
L_0x7fbe536e8d10 .functor BUFT 1, C4<10110011>, C4<0>, C4<0>, C4<0>;
v0x573ce1391d90_75 .net v0x573ce1391d90 75, 7 0, L_0x7fbe536e8d10; 1 drivers
L_0x7fbe536e8d58 .functor BUFT 1, C4<00101001>, C4<0>, C4<0>, C4<0>;
v0x573ce1391d90_76 .net v0x573ce1391d90 76, 7 0, L_0x7fbe536e8d58; 1 drivers
L_0x7fbe536e8da0 .functor BUFT 1, C4<11100011>, C4<0>, C4<0>, C4<0>;
v0x573ce1391d90_77 .net v0x573ce1391d90 77, 7 0, L_0x7fbe536e8da0; 1 drivers
L_0x7fbe536e8de8 .functor BUFT 1, C4<00101111>, C4<0>, C4<0>, C4<0>;
v0x573ce1391d90_78 .net v0x573ce1391d90 78, 7 0, L_0x7fbe536e8de8; 1 drivers
L_0x7fbe536e8e30 .functor BUFT 1, C4<10000100>, C4<0>, C4<0>, C4<0>;
v0x573ce1391d90_79 .net v0x573ce1391d90 79, 7 0, L_0x7fbe536e8e30; 1 drivers
L_0x7fbe536e8e78 .functor BUFT 1, C4<01010011>, C4<0>, C4<0>, C4<0>;
v0x573ce1391d90_80 .net v0x573ce1391d90 80, 7 0, L_0x7fbe536e8e78; 1 drivers
L_0x7fbe536e8ec0 .functor BUFT 1, C4<11010001>, C4<0>, C4<0>, C4<0>;
v0x573ce1391d90_81 .net v0x573ce1391d90 81, 7 0, L_0x7fbe536e8ec0; 1 drivers
L_0x7fbe536e8f08 .functor BUFT 1, C4<00000000>, C4<0>, C4<0>, C4<0>;
v0x573ce1391d90_82 .net v0x573ce1391d90 82, 7 0, L_0x7fbe536e8f08; 1 drivers
L_0x7fbe536e8f50 .functor BUFT 1, C4<11101101>, C4<0>, C4<0>, C4<0>;
v0x573ce1391d90_83 .net v0x573ce1391d90 83, 7 0, L_0x7fbe536e8f50; 1 drivers
L_0x7fbe536e8f98 .functor BUFT 1, C4<00100000>, C4<0>, C4<0>, C4<0>;
v0x573ce1391d90_84 .net v0x573ce1391d90 84, 7 0, L_0x7fbe536e8f98; 1 drivers
L_0x7fbe536e8fe0 .functor BUFT 1, C4<11111100>, C4<0>, C4<0>, C4<0>;
v0x573ce1391d90_85 .net v0x573ce1391d90 85, 7 0, L_0x7fbe536e8fe0; 1 drivers
L_0x7fbe536e9028 .functor BUFT 1, C4<10110001>, C4<0>, C4<0>, C4<0>;
v0x573ce1391d90_86 .net v0x573ce1391d90 86, 7 0, L_0x7fbe536e9028; 1 drivers
L_0x7fbe536e9070 .functor BUFT 1, C4<01011011>, C4<0>, C4<0>, C4<0>;
v0x573ce1391d90_87 .net v0x573ce1391d90 87, 7 0, L_0x7fbe536e9070; 1 drivers
L_0x7fbe536e90b8 .functor BUFT 1, C4<01101010>, C4<0>, C4<0>, C4<0>;
v0x573ce1391d90_88 .net v0x573ce1391d90 88, 7 0, L_0x7fbe536e90b8; 1 drivers
L_0x7fbe536e9100 .functor BUFT 1, C4<11001011>, C4<0>, C4<0>, C4<0>;
v0x573ce1391d90_89 .net v0x573ce1391d90 89, 7 0, L_0x7fbe536e9100; 1 drivers
L_0x7fbe536e9148 .functor BUFT 1, C4<10111110>, C4<0>, C4<0>, C4<0>;
v0x573ce1391d90_90 .net v0x573ce1391d90 90, 7 0, L_0x7fbe536e9148; 1 drivers
L_0x7fbe536e9190 .functor BUFT 1, C4<00111001>, C4<0>, C4<0>, C4<0>;
v0x573ce1391d90_91 .net v0x573ce1391d90 91, 7 0, L_0x7fbe536e9190; 1 drivers
L_0x7fbe536e91d8 .functor BUFT 1, C4<01001010>, C4<0>, C4<0>, C4<0>;
v0x573ce1391d90_92 .net v0x573ce1391d90 92, 7 0, L_0x7fbe536e91d8; 1 drivers
L_0x7fbe536e9220 .functor BUFT 1, C4<01001100>, C4<0>, C4<0>, C4<0>;
v0x573ce1391d90_93 .net v0x573ce1391d90 93, 7 0, L_0x7fbe536e9220; 1 drivers
L_0x7fbe536e9268 .functor BUFT 1, C4<01011000>, C4<0>, C4<0>, C4<0>;
v0x573ce1391d90_94 .net v0x573ce1391d90 94, 7 0, L_0x7fbe536e9268; 1 drivers
L_0x7fbe536e92b0 .functor BUFT 1, C4<11001111>, C4<0>, C4<0>, C4<0>;
v0x573ce1391d90_95 .net v0x573ce1391d90 95, 7 0, L_0x7fbe536e92b0; 1 drivers
L_0x7fbe536e92f8 .functor BUFT 1, C4<11010000>, C4<0>, C4<0>, C4<0>;
v0x573ce1391d90_96 .net v0x573ce1391d90 96, 7 0, L_0x7fbe536e92f8; 1 drivers
L_0x7fbe536e9340 .functor BUFT 1, C4<11101111>, C4<0>, C4<0>, C4<0>;
v0x573ce1391d90_97 .net v0x573ce1391d90 97, 7 0, L_0x7fbe536e9340; 1 drivers
L_0x7fbe536e9388 .functor BUFT 1, C4<10101010>, C4<0>, C4<0>, C4<0>;
v0x573ce1391d90_98 .net v0x573ce1391d90 98, 7 0, L_0x7fbe536e9388; 1 drivers
L_0x7fbe536e93d0 .functor BUFT 1, C4<11111011>, C4<0>, C4<0>, C4<0>;
v0x573ce1391d90_99 .net v0x573ce1391d90 99, 7 0, L_0x7fbe536e93d0; 1 drivers
L_0x7fbe536e9418 .functor BUFT 1, C4<01000011>, C4<0>, C4<0>, C4<0>;
v0x573ce1391d90_100 .net v0x573ce1391d90 100, 7 0, L_0x7fbe536e9418; 1 drivers
L_0x7fbe536e9460 .functor BUFT 1, C4<01001101>, C4<0>, C4<0>, C4<0>;
v0x573ce1391d90_101 .net v0x573ce1391d90 101, 7 0, L_0x7fbe536e9460; 1 drivers
L_0x7fbe536e94a8 .functor BUFT 1, C4<00110011>, C4<0>, C4<0>, C4<0>;
v0x573ce1391d90_102 .net v0x573ce1391d90 102, 7 0, L_0x7fbe536e94a8; 1 drivers
L_0x7fbe536e94f0 .functor BUFT 1, C4<10000101>, C4<0>, C4<0>, C4<0>;
v0x573ce1391d90_103 .net v0x573ce1391d90 103, 7 0, L_0x7fbe536e94f0; 1 drivers
L_0x7fbe536e9538 .functor BUFT 1, C4<01000101>, C4<0>, C4<0>, C4<0>;
v0x573ce1391d90_104 .net v0x573ce1391d90 104, 7 0, L_0x7fbe536e9538; 1 drivers
L_0x7fbe536e9580 .functor BUFT 1, C4<11111001>, C4<0>, C4<0>, C4<0>;
v0x573ce1391d90_105 .net v0x573ce1391d90 105, 7 0, L_0x7fbe536e9580; 1 drivers
L_0x7fbe536e95c8 .functor BUFT 1, C4<00000010>, C4<0>, C4<0>, C4<0>;
v0x573ce1391d90_106 .net v0x573ce1391d90 106, 7 0, L_0x7fbe536e95c8; 1 drivers
L_0x7fbe536e9610 .functor BUFT 1, C4<01111111>, C4<0>, C4<0>, C4<0>;
v0x573ce1391d90_107 .net v0x573ce1391d90 107, 7 0, L_0x7fbe536e9610; 1 drivers
L_0x7fbe536e9658 .functor BUFT 1, C4<01010000>, C4<0>, C4<0>, C4<0>;
v0x573ce1391d90_108 .net v0x573ce1391d90 108, 7 0, L_0x7fbe536e9658; 1 drivers
L_0x7fbe536e96a0 .functor BUFT 1, C4<00111100>, C4<0>, C4<0>, C4<0>;
v0x573ce1391d90_109 .net v0x573ce1391d90 109, 7 0, L_0x7fbe536e96a0; 1 drivers
L_0x7fbe536e96e8 .functor BUFT 1, C4<10011111>, C4<0>, C4<0>, C4<0>;
v0x573ce1391d90_110 .net v0x573ce1391d90 110, 7 0, L_0x7fbe536e96e8; 1 drivers
L_0x7fbe536e9730 .functor BUFT 1, C4<10101000>, C4<0>, C4<0>, C4<0>;
v0x573ce1391d90_111 .net v0x573ce1391d90 111, 7 0, L_0x7fbe536e9730; 1 drivers
L_0x7fbe536e9778 .functor BUFT 1, C4<01010001>, C4<0>, C4<0>, C4<0>;
v0x573ce1391d90_112 .net v0x573ce1391d90 112, 7 0, L_0x7fbe536e9778; 1 drivers
L_0x7fbe536e97c0 .functor BUFT 1, C4<10100011>, C4<0>, C4<0>, C4<0>;
v0x573ce1391d90_113 .net v0x573ce1391d90 113, 7 0, L_0x7fbe536e97c0; 1 drivers
L_0x7fbe536e9808 .functor BUFT 1, C4<01000000>, C4<0>, C4<0>, C4<0>;
v0x573ce1391d90_114 .net v0x573ce1391d90 114, 7 0, L_0x7fbe536e9808; 1 drivers
L_0x7fbe536e9850 .functor BUFT 1, C4<10001111>, C4<0>, C4<0>, C4<0>;
v0x573ce1391d90_115 .net v0x573ce1391d90 115, 7 0, L_0x7fbe536e9850; 1 drivers
L_0x7fbe536e9898 .functor BUFT 1, C4<10010010>, C4<0>, C4<0>, C4<0>;
v0x573ce1391d90_116 .net v0x573ce1391d90 116, 7 0, L_0x7fbe536e9898; 1 drivers
L_0x7fbe536e98e0 .functor BUFT 1, C4<10011101>, C4<0>, C4<0>, C4<0>;
v0x573ce1391d90_117 .net v0x573ce1391d90 117, 7 0, L_0x7fbe536e98e0; 1 drivers
L_0x7fbe536e9928 .functor BUFT 1, C4<00111000>, C4<0>, C4<0>, C4<0>;
v0x573ce1391d90_118 .net v0x573ce1391d90 118, 7 0, L_0x7fbe536e9928; 1 drivers
L_0x7fbe536e9970 .functor BUFT 1, C4<11110101>, C4<0>, C4<0>, C4<0>;
v0x573ce1391d90_119 .net v0x573ce1391d90 119, 7 0, L_0x7fbe536e9970; 1 drivers
L_0x7fbe536e99b8 .functor BUFT 1, C4<10111100>, C4<0>, C4<0>, C4<0>;
v0x573ce1391d90_120 .net v0x573ce1391d90 120, 7 0, L_0x7fbe536e99b8; 1 drivers
L_0x7fbe536e9a00 .functor BUFT 1, C4<10110110>, C4<0>, C4<0>, C4<0>;
v0x573ce1391d90_121 .net v0x573ce1391d90 121, 7 0, L_0x7fbe536e9a00; 1 drivers
L_0x7fbe536e9a48 .functor BUFT 1, C4<11011010>, C4<0>, C4<0>, C4<0>;
v0x573ce1391d90_122 .net v0x573ce1391d90 122, 7 0, L_0x7fbe536e9a48; 1 drivers
L_0x7fbe536e9a90 .functor BUFT 1, C4<00100001>, C4<0>, C4<0>, C4<0>;
v0x573ce1391d90_123 .net v0x573ce1391d90 123, 7 0, L_0x7fbe536e9a90; 1 drivers
L_0x7fbe536e9ad8 .functor BUFT 1, C4<00010000>, C4<0>, C4<0>, C4<0>;
v0x573ce1391d90_124 .net v0x573ce1391d90 124, 7 0, L_0x7fbe536e9ad8; 1 drivers
L_0x7fbe536e9b20 .functor BUFT 1, C4<11111111>, C4<0>, C4<0>, C4<0>;
v0x573ce1391d90_125 .net v0x573ce1391d90 125, 7 0, L_0x7fbe536e9b20; 1 drivers
L_0x7fbe536e9b68 .functor BUFT 1, C4<11110011>, C4<0>, C4<0>, C4<0>;
v0x573ce1391d90_126 .net v0x573ce1391d90 126, 7 0, L_0x7fbe536e9b68; 1 drivers
L_0x7fbe536e9bb0 .functor BUFT 1, C4<11010010>, C4<0>, C4<0>, C4<0>;
v0x573ce1391d90_127 .net v0x573ce1391d90 127, 7 0, L_0x7fbe536e9bb0; 1 drivers
L_0x7fbe536e9bf8 .functor BUFT 1, C4<11001101>, C4<0>, C4<0>, C4<0>;
v0x573ce1391d90_128 .net v0x573ce1391d90 128, 7 0, L_0x7fbe536e9bf8; 1 drivers
L_0x7fbe536e9c40 .functor BUFT 1, C4<00001100>, C4<0>, C4<0>, C4<0>;
v0x573ce1391d90_129 .net v0x573ce1391d90 129, 7 0, L_0x7fbe536e9c40; 1 drivers
L_0x7fbe536e9c88 .functor BUFT 1, C4<00010011>, C4<0>, C4<0>, C4<0>;
v0x573ce1391d90_130 .net v0x573ce1391d90 130, 7 0, L_0x7fbe536e9c88; 1 drivers
L_0x7fbe536e9cd0 .functor BUFT 1, C4<11101100>, C4<0>, C4<0>, C4<0>;
v0x573ce1391d90_131 .net v0x573ce1391d90 131, 7 0, L_0x7fbe536e9cd0; 1 drivers
L_0x7fbe536e9d18 .functor BUFT 1, C4<01011111>, C4<0>, C4<0>, C4<0>;
v0x573ce1391d90_132 .net v0x573ce1391d90 132, 7 0, L_0x7fbe536e9d18; 1 drivers
L_0x7fbe536e9d60 .functor BUFT 1, C4<10010111>, C4<0>, C4<0>, C4<0>;
v0x573ce1391d90_133 .net v0x573ce1391d90 133, 7 0, L_0x7fbe536e9d60; 1 drivers
L_0x7fbe536e9da8 .functor BUFT 1, C4<01000100>, C4<0>, C4<0>, C4<0>;
v0x573ce1391d90_134 .net v0x573ce1391d90 134, 7 0, L_0x7fbe536e9da8; 1 drivers
L_0x7fbe536e9df0 .functor BUFT 1, C4<00010111>, C4<0>, C4<0>, C4<0>;
v0x573ce1391d90_135 .net v0x573ce1391d90 135, 7 0, L_0x7fbe536e9df0; 1 drivers
L_0x7fbe536e9e38 .functor BUFT 1, C4<11000100>, C4<0>, C4<0>, C4<0>;
v0x573ce1391d90_136 .net v0x573ce1391d90 136, 7 0, L_0x7fbe536e9e38; 1 drivers
L_0x7fbe536e9e80 .functor BUFT 1, C4<10100111>, C4<0>, C4<0>, C4<0>;
v0x573ce1391d90_137 .net v0x573ce1391d90 137, 7 0, L_0x7fbe536e9e80; 1 drivers
L_0x7fbe536e9ec8 .functor BUFT 1, C4<01111110>, C4<0>, C4<0>, C4<0>;
v0x573ce1391d90_138 .net v0x573ce1391d90 138, 7 0, L_0x7fbe536e9ec8; 1 drivers
L_0x7fbe536e9f10 .functor BUFT 1, C4<00111101>, C4<0>, C4<0>, C4<0>;
v0x573ce1391d90_139 .net v0x573ce1391d90 139, 7 0, L_0x7fbe536e9f10; 1 drivers
L_0x7fbe536e9f58 .functor BUFT 1, C4<01100100>, C4<0>, C4<0>, C4<0>;
v0x573ce1391d90_140 .net v0x573ce1391d90 140, 7 0, L_0x7fbe536e9f58; 1 drivers
L_0x7fbe536e9fa0 .functor BUFT 1, C4<01011101>, C4<0>, C4<0>, C4<0>;
v0x573ce1391d90_141 .net v0x573ce1391d90 141, 7 0, L_0x7fbe536e9fa0; 1 drivers
L_0x7fbe536e9fe8 .functor BUFT 1, C4<00011001>, C4<0>, C4<0>, C4<0>;
v0x573ce1391d90_142 .net v0x573ce1391d90 142, 7 0, L_0x7fbe536e9fe8; 1 drivers
L_0x7fbe536ea030 .functor BUFT 1, C4<01110011>, C4<0>, C4<0>, C4<0>;
v0x573ce1391d90_143 .net v0x573ce1391d90 143, 7 0, L_0x7fbe536ea030; 1 drivers
L_0x7fbe536ea078 .functor BUFT 1, C4<01100000>, C4<0>, C4<0>, C4<0>;
v0x573ce1391d90_144 .net v0x573ce1391d90 144, 7 0, L_0x7fbe536ea078; 1 drivers
L_0x7fbe536ea0c0 .functor BUFT 1, C4<10000001>, C4<0>, C4<0>, C4<0>;
v0x573ce1391d90_145 .net v0x573ce1391d90 145, 7 0, L_0x7fbe536ea0c0; 1 drivers
L_0x7fbe536ea108 .functor BUFT 1, C4<01001111>, C4<0>, C4<0>, C4<0>;
v0x573ce1391d90_146 .net v0x573ce1391d90 146, 7 0, L_0x7fbe536ea108; 1 drivers
L_0x7fbe536ea150 .functor BUFT 1, C4<11011100>, C4<0>, C4<0>, C4<0>;
v0x573ce1391d90_147 .net v0x573ce1391d90 147, 7 0, L_0x7fbe536ea150; 1 drivers
L_0x7fbe536ea198 .functor BUFT 1, C4<00100010>, C4<0>, C4<0>, C4<0>;
v0x573ce1391d90_148 .net v0x573ce1391d90 148, 7 0, L_0x7fbe536ea198; 1 drivers
L_0x7fbe536ea1e0 .functor BUFT 1, C4<00101010>, C4<0>, C4<0>, C4<0>;
v0x573ce1391d90_149 .net v0x573ce1391d90 149, 7 0, L_0x7fbe536ea1e0; 1 drivers
L_0x7fbe536ea228 .functor BUFT 1, C4<10010000>, C4<0>, C4<0>, C4<0>;
v0x573ce1391d90_150 .net v0x573ce1391d90 150, 7 0, L_0x7fbe536ea228; 1 drivers
L_0x7fbe536ea270 .functor BUFT 1, C4<10001000>, C4<0>, C4<0>, C4<0>;
v0x573ce1391d90_151 .net v0x573ce1391d90 151, 7 0, L_0x7fbe536ea270; 1 drivers
L_0x7fbe536ea2b8 .functor BUFT 1, C4<01000110>, C4<0>, C4<0>, C4<0>;
v0x573ce1391d90_152 .net v0x573ce1391d90 152, 7 0, L_0x7fbe536ea2b8; 1 drivers
L_0x7fbe536ea300 .functor BUFT 1, C4<11101110>, C4<0>, C4<0>, C4<0>;
v0x573ce1391d90_153 .net v0x573ce1391d90 153, 7 0, L_0x7fbe536ea300; 1 drivers
L_0x7fbe536ea348 .functor BUFT 1, C4<10111000>, C4<0>, C4<0>, C4<0>;
v0x573ce1391d90_154 .net v0x573ce1391d90 154, 7 0, L_0x7fbe536ea348; 1 drivers
L_0x7fbe536ea390 .functor BUFT 1, C4<00010100>, C4<0>, C4<0>, C4<0>;
v0x573ce1391d90_155 .net v0x573ce1391d90 155, 7 0, L_0x7fbe536ea390; 1 drivers
L_0x7fbe536ea3d8 .functor BUFT 1, C4<11011110>, C4<0>, C4<0>, C4<0>;
v0x573ce1391d90_156 .net v0x573ce1391d90 156, 7 0, L_0x7fbe536ea3d8; 1 drivers
L_0x7fbe536ea420 .functor BUFT 1, C4<01011110>, C4<0>, C4<0>, C4<0>;
v0x573ce1391d90_157 .net v0x573ce1391d90 157, 7 0, L_0x7fbe536ea420; 1 drivers
L_0x7fbe536ea468 .functor BUFT 1, C4<00001011>, C4<0>, C4<0>, C4<0>;
v0x573ce1391d90_158 .net v0x573ce1391d90 158, 7 0, L_0x7fbe536ea468; 1 drivers
L_0x7fbe536ea4b0 .functor BUFT 1, C4<11011011>, C4<0>, C4<0>, C4<0>;
v0x573ce1391d90_159 .net v0x573ce1391d90 159, 7 0, L_0x7fbe536ea4b0; 1 drivers
L_0x7fbe536ea4f8 .functor BUFT 1, C4<11100000>, C4<0>, C4<0>, C4<0>;
v0x573ce1391d90_160 .net v0x573ce1391d90 160, 7 0, L_0x7fbe536ea4f8; 1 drivers
L_0x7fbe536ea540 .functor BUFT 1, C4<00110010>, C4<0>, C4<0>, C4<0>;
v0x573ce1391d90_161 .net v0x573ce1391d90 161, 7 0, L_0x7fbe536ea540; 1 drivers
L_0x7fbe536ea588 .functor BUFT 1, C4<00111010>, C4<0>, C4<0>, C4<0>;
v0x573ce1391d90_162 .net v0x573ce1391d90 162, 7 0, L_0x7fbe536ea588; 1 drivers
L_0x7fbe536ea5d0 .functor BUFT 1, C4<00001010>, C4<0>, C4<0>, C4<0>;
v0x573ce1391d90_163 .net v0x573ce1391d90 163, 7 0, L_0x7fbe536ea5d0; 1 drivers
L_0x7fbe536ea618 .functor BUFT 1, C4<01001001>, C4<0>, C4<0>, C4<0>;
v0x573ce1391d90_164 .net v0x573ce1391d90 164, 7 0, L_0x7fbe536ea618; 1 drivers
L_0x7fbe536ea660 .functor BUFT 1, C4<00000110>, C4<0>, C4<0>, C4<0>;
v0x573ce1391d90_165 .net v0x573ce1391d90 165, 7 0, L_0x7fbe536ea660; 1 drivers
L_0x7fbe536ea6a8 .functor BUFT 1, C4<00100100>, C4<0>, C4<0>, C4<0>;
v0x573ce1391d90_166 .net v0x573ce1391d90 166, 7 0, L_0x7fbe536ea6a8; 1 drivers
L_0x7fbe536ea6f0 .functor BUFT 1, C4<01011100>, C4<0>, C4<0>, C4<0>;
v0x573ce1391d90_167 .net v0x573ce1391d90 167, 7 0, L_0x7fbe536ea6f0; 1 drivers
L_0x7fbe536ea738 .functor BUFT 1, C4<11000010>, C4<0>, C4<0>, C4<0>;
v0x573ce1391d90_168 .net v0x573ce1391d90 168, 7 0, L_0x7fbe536ea738; 1 drivers
L_0x7fbe536ea780 .functor BUFT 1, C4<11010011>, C4<0>, C4<0>, C4<0>;
v0x573ce1391d90_169 .net v0x573ce1391d90 169, 7 0, L_0x7fbe536ea780; 1 drivers
L_0x7fbe536ea7c8 .functor BUFT 1, C4<10101100>, C4<0>, C4<0>, C4<0>;
v0x573ce1391d90_170 .net v0x573ce1391d90 170, 7 0, L_0x7fbe536ea7c8; 1 drivers
L_0x7fbe536ea810 .functor BUFT 1, C4<01100010>, C4<0>, C4<0>, C4<0>;
v0x573ce1391d90_171 .net v0x573ce1391d90 171, 7 0, L_0x7fbe536ea810; 1 drivers
L_0x7fbe536ea858 .functor BUFT 1, C4<10010001>, C4<0>, C4<0>, C4<0>;
v0x573ce1391d90_172 .net v0x573ce1391d90 172, 7 0, L_0x7fbe536ea858; 1 drivers
L_0x7fbe536ea8a0 .functor BUFT 1, C4<10010101>, C4<0>, C4<0>, C4<0>;
v0x573ce1391d90_173 .net v0x573ce1391d90 173, 7 0, L_0x7fbe536ea8a0; 1 drivers
L_0x7fbe536ea8e8 .functor BUFT 1, C4<11100100>, C4<0>, C4<0>, C4<0>;
v0x573ce1391d90_174 .net v0x573ce1391d90 174, 7 0, L_0x7fbe536ea8e8; 1 drivers
L_0x7fbe536ea930 .functor BUFT 1, C4<01111001>, C4<0>, C4<0>, C4<0>;
v0x573ce1391d90_175 .net v0x573ce1391d90 175, 7 0, L_0x7fbe536ea930; 1 drivers
L_0x7fbe536ea978 .functor BUFT 1, C4<11100111>, C4<0>, C4<0>, C4<0>;
v0x573ce1391d90_176 .net v0x573ce1391d90 176, 7 0, L_0x7fbe536ea978; 1 drivers
L_0x7fbe536ea9c0 .functor BUFT 1, C4<11001000>, C4<0>, C4<0>, C4<0>;
v0x573ce1391d90_177 .net v0x573ce1391d90 177, 7 0, L_0x7fbe536ea9c0; 1 drivers
L_0x7fbe536eaa08 .functor BUFT 1, C4<00110111>, C4<0>, C4<0>, C4<0>;
v0x573ce1391d90_178 .net v0x573ce1391d90 178, 7 0, L_0x7fbe536eaa08; 1 drivers
L_0x7fbe536eaa50 .functor BUFT 1, C4<01101101>, C4<0>, C4<0>, C4<0>;
v0x573ce1391d90_179 .net v0x573ce1391d90 179, 7 0, L_0x7fbe536eaa50; 1 drivers
L_0x7fbe536eaa98 .functor BUFT 1, C4<10001101>, C4<0>, C4<0>, C4<0>;
v0x573ce1391d90_180 .net v0x573ce1391d90 180, 7 0, L_0x7fbe536eaa98; 1 drivers
L_0x7fbe536eaae0 .functor BUFT 1, C4<11010101>, C4<0>, C4<0>, C4<0>;
v0x573ce1391d90_181 .net v0x573ce1391d90 181, 7 0, L_0x7fbe536eaae0; 1 drivers
L_0x7fbe536eab28 .functor BUFT 1, C4<01001110>, C4<0>, C4<0>, C4<0>;
v0x573ce1391d90_182 .net v0x573ce1391d90 182, 7 0, L_0x7fbe536eab28; 1 drivers
L_0x7fbe536eab70 .functor BUFT 1, C4<10101001>, C4<0>, C4<0>, C4<0>;
v0x573ce1391d90_183 .net v0x573ce1391d90 183, 7 0, L_0x7fbe536eab70; 1 drivers
L_0x7fbe536eabb8 .functor BUFT 1, C4<01101100>, C4<0>, C4<0>, C4<0>;
v0x573ce1391d90_184 .net v0x573ce1391d90 184, 7 0, L_0x7fbe536eabb8; 1 drivers
L_0x7fbe536eac00 .functor BUFT 1, C4<01010110>, C4<0>, C4<0>, C4<0>;
v0x573ce1391d90_185 .net v0x573ce1391d90 185, 7 0, L_0x7fbe536eac00; 1 drivers
L_0x7fbe536eac48 .functor BUFT 1, C4<11110100>, C4<0>, C4<0>, C4<0>;
v0x573ce1391d90_186 .net v0x573ce1391d90 186, 7 0, L_0x7fbe536eac48; 1 drivers
L_0x7fbe536eac90 .functor BUFT 1, C4<11101010>, C4<0>, C4<0>, C4<0>;
v0x573ce1391d90_187 .net v0x573ce1391d90 187, 7 0, L_0x7fbe536eac90; 1 drivers
L_0x7fbe536eacd8 .functor BUFT 1, C4<01100101>, C4<0>, C4<0>, C4<0>;
v0x573ce1391d90_188 .net v0x573ce1391d90 188, 7 0, L_0x7fbe536eacd8; 1 drivers
L_0x7fbe536ead20 .functor BUFT 1, C4<01111010>, C4<0>, C4<0>, C4<0>;
v0x573ce1391d90_189 .net v0x573ce1391d90 189, 7 0, L_0x7fbe536ead20; 1 drivers
L_0x7fbe536ead68 .functor BUFT 1, C4<10101110>, C4<0>, C4<0>, C4<0>;
v0x573ce1391d90_190 .net v0x573ce1391d90 190, 7 0, L_0x7fbe536ead68; 1 drivers
L_0x7fbe536eadb0 .functor BUFT 1, C4<00001000>, C4<0>, C4<0>, C4<0>;
v0x573ce1391d90_191 .net v0x573ce1391d90 191, 7 0, L_0x7fbe536eadb0; 1 drivers
L_0x7fbe536eadf8 .functor BUFT 1, C4<10111010>, C4<0>, C4<0>, C4<0>;
v0x573ce1391d90_192 .net v0x573ce1391d90 192, 7 0, L_0x7fbe536eadf8; 1 drivers
L_0x7fbe536eae40 .functor BUFT 1, C4<01111000>, C4<0>, C4<0>, C4<0>;
v0x573ce1391d90_193 .net v0x573ce1391d90 193, 7 0, L_0x7fbe536eae40; 1 drivers
L_0x7fbe536eae88 .functor BUFT 1, C4<00100101>, C4<0>, C4<0>, C4<0>;
v0x573ce1391d90_194 .net v0x573ce1391d90 194, 7 0, L_0x7fbe536eae88; 1 drivers
L_0x7fbe536eaed0 .functor BUFT 1, C4<00101110>, C4<0>, C4<0>, C4<0>;
v0x573ce1391d90_195 .net v0x573ce1391d90 195, 7 0, L_0x7fbe536eaed0; 1 drivers
L_0x7fbe536eaf18 .functor BUFT 1, C4<00011100>, C4<0>, C4<0>, C4<0>;
v0x573ce1391d90_196 .net v0x573ce1391d90 196, 7 0, L_0x7fbe536eaf18; 1 drivers
L_0x7fbe536eaf60 .functor BUFT 1, C4<10100110>, C4<0>, C4<0>, C4<0>;
v0x573ce1391d90_197 .net v0x573ce1391d90 197, 7 0, L_0x7fbe536eaf60; 1 drivers
L_0x7fbe536eafa8 .functor BUFT 1, C4<10110100>, C4<0>, C4<0>, C4<0>;
v0x573ce1391d90_198 .net v0x573ce1391d90 198, 7 0, L_0x7fbe536eafa8; 1 drivers
L_0x7fbe536eaff0 .functor BUFT 1, C4<11000110>, C4<0>, C4<0>, C4<0>;
v0x573ce1391d90_199 .net v0x573ce1391d90 199, 7 0, L_0x7fbe536eaff0; 1 drivers
L_0x7fbe536eb038 .functor BUFT 1, C4<11101000>, C4<0>, C4<0>, C4<0>;
v0x573ce1391d90_200 .net v0x573ce1391d90 200, 7 0, L_0x7fbe536eb038; 1 drivers
L_0x7fbe536eb080 .functor BUFT 1, C4<11011101>, C4<0>, C4<0>, C4<0>;
v0x573ce1391d90_201 .net v0x573ce1391d90 201, 7 0, L_0x7fbe536eb080; 1 drivers
L_0x7fbe536eb0c8 .functor BUFT 1, C4<01110100>, C4<0>, C4<0>, C4<0>;
v0x573ce1391d90_202 .net v0x573ce1391d90 202, 7 0, L_0x7fbe536eb0c8; 1 drivers
L_0x7fbe536eb110 .functor BUFT 1, C4<00011111>, C4<0>, C4<0>, C4<0>;
v0x573ce1391d90_203 .net v0x573ce1391d90 203, 7 0, L_0x7fbe536eb110; 1 drivers
L_0x7fbe536eb158 .functor BUFT 1, C4<01001011>, C4<0>, C4<0>, C4<0>;
v0x573ce1391d90_204 .net v0x573ce1391d90 204, 7 0, L_0x7fbe536eb158; 1 drivers
L_0x7fbe536eb1a0 .functor BUFT 1, C4<10111101>, C4<0>, C4<0>, C4<0>;
v0x573ce1391d90_205 .net v0x573ce1391d90 205, 7 0, L_0x7fbe536eb1a0; 1 drivers
L_0x7fbe536eb1e8 .functor BUFT 1, C4<10001011>, C4<0>, C4<0>, C4<0>;
v0x573ce1391d90_206 .net v0x573ce1391d90 206, 7 0, L_0x7fbe536eb1e8; 1 drivers
L_0x7fbe536eb230 .functor BUFT 1, C4<10001010>, C4<0>, C4<0>, C4<0>;
v0x573ce1391d90_207 .net v0x573ce1391d90 207, 7 0, L_0x7fbe536eb230; 1 drivers
L_0x7fbe536eb278 .functor BUFT 1, C4<01110000>, C4<0>, C4<0>, C4<0>;
v0x573ce1391d90_208 .net v0x573ce1391d90 208, 7 0, L_0x7fbe536eb278; 1 drivers
L_0x7fbe536eb2c0 .functor BUFT 1, C4<00111110>, C4<0>, C4<0>, C4<0>;
v0x573ce1391d90_209 .net v0x573ce1391d90 209, 7 0, L_0x7fbe536eb2c0; 1 drivers
L_0x7fbe536eb308 .functor BUFT 1, C4<10110101>, C4<0>, C4<0>, C4<0>;
v0x573ce1391d90_210 .net v0x573ce1391d90 210, 7 0, L_0x7fbe536eb308; 1 drivers
L_0x7fbe536eb350 .functor BUFT 1, C4<01100110>, C4<0>, C4<0>, C4<0>;
v0x573ce1391d90_211 .net v0x573ce1391d90 211, 7 0, L_0x7fbe536eb350; 1 drivers
L_0x7fbe536eb398 .functor BUFT 1, C4<01001000>, C4<0>, C4<0>, C4<0>;
v0x573ce1391d90_212 .net v0x573ce1391d90 212, 7 0, L_0x7fbe536eb398; 1 drivers
L_0x7fbe536eb3e0 .functor BUFT 1, C4<00000011>, C4<0>, C4<0>, C4<0>;
v0x573ce1391d90_213 .net v0x573ce1391d90 213, 7 0, L_0x7fbe536eb3e0; 1 drivers
L_0x7fbe536eb428 .functor BUFT 1, C4<11110110>, C4<0>, C4<0>, C4<0>;
v0x573ce1391d90_214 .net v0x573ce1391d90 214, 7 0, L_0x7fbe536eb428; 1 drivers
L_0x7fbe536eb470 .functor BUFT 1, C4<00001110>, C4<0>, C4<0>, C4<0>;
v0x573ce1391d90_215 .net v0x573ce1391d90 215, 7 0, L_0x7fbe536eb470; 1 drivers
L_0x7fbe536eb4b8 .functor BUFT 1, C4<01100001>, C4<0>, C4<0>, C4<0>;
v0x573ce1391d90_216 .net v0x573ce1391d90 216, 7 0, L_0x7fbe536eb4b8; 1 drivers
L_0x7fbe536eb500 .functor BUFT 1, C4<00110101>, C4<0>, C4<0>, C4<0>;
v0x573ce1391d90_217 .net v0x573ce1391d90 217, 7 0, L_0x7fbe536eb500; 1 drivers
L_0x7fbe536eb548 .functor BUFT 1, C4<01010111>, C4<0>, C4<0>, C4<0>;
v0x573ce1391d90_218 .net v0x573ce1391d90 218, 7 0, L_0x7fbe536eb548; 1 drivers
L_0x7fbe536eb590 .functor BUFT 1, C4<10111001>, C4<0>, C4<0>, C4<0>;
v0x573ce1391d90_219 .net v0x573ce1391d90 219, 7 0, L_0x7fbe536eb590; 1 drivers
L_0x7fbe536eb5d8 .functor BUFT 1, C4<10000110>, C4<0>, C4<0>, C4<0>;
v0x573ce1391d90_220 .net v0x573ce1391d90 220, 7 0, L_0x7fbe536eb5d8; 1 drivers
L_0x7fbe536eb620 .functor BUFT 1, C4<11000001>, C4<0>, C4<0>, C4<0>;
v0x573ce1391d90_221 .net v0x573ce1391d90 221, 7 0, L_0x7fbe536eb620; 1 drivers
L_0x7fbe536eb668 .functor BUFT 1, C4<00011101>, C4<0>, C4<0>, C4<0>;
v0x573ce1391d90_222 .net v0x573ce1391d90 222, 7 0, L_0x7fbe536eb668; 1 drivers
L_0x7fbe536eb6b0 .functor BUFT 1, C4<10011110>, C4<0>, C4<0>, C4<0>;
v0x573ce1391d90_223 .net v0x573ce1391d90 223, 7 0, L_0x7fbe536eb6b0; 1 drivers
L_0x7fbe536eb6f8 .functor BUFT 1, C4<11100001>, C4<0>, C4<0>, C4<0>;
v0x573ce1391d90_224 .net v0x573ce1391d90 224, 7 0, L_0x7fbe536eb6f8; 1 drivers
L_0x7fbe536eb740 .functor BUFT 1, C4<11111000>, C4<0>, C4<0>, C4<0>;
v0x573ce1391d90_225 .net v0x573ce1391d90 225, 7 0, L_0x7fbe536eb740; 1 drivers
L_0x7fbe536eb788 .functor BUFT 1, C4<10011000>, C4<0>, C4<0>, C4<0>;
v0x573ce1391d90_226 .net v0x573ce1391d90 226, 7 0, L_0x7fbe536eb788; 1 drivers
L_0x7fbe536eb7d0 .functor BUFT 1, C4<00010001>, C4<0>, C4<0>, C4<0>;
v0x573ce1391d90_227 .net v0x573ce1391d90 227, 7 0, L_0x7fbe536eb7d0; 1 drivers
L_0x7fbe536eb818 .functor BUFT 1, C4<01101001>, C4<0>, C4<0>, C4<0>;
v0x573ce1391d90_228 .net v0x573ce1391d90 228, 7 0, L_0x7fbe536eb818; 1 drivers
L_0x7fbe536eb860 .functor BUFT 1, C4<11011001>, C4<0>, C4<0>, C4<0>;
v0x573ce1391d90_229 .net v0x573ce1391d90 229, 7 0, L_0x7fbe536eb860; 1 drivers
L_0x7fbe536eb8a8 .functor BUFT 1, C4<10001110>, C4<0>, C4<0>, C4<0>;
v0x573ce1391d90_230 .net v0x573ce1391d90 230, 7 0, L_0x7fbe536eb8a8; 1 drivers
L_0x7fbe536eb8f0 .functor BUFT 1, C4<10010100>, C4<0>, C4<0>, C4<0>;
v0x573ce1391d90_231 .net v0x573ce1391d90 231, 7 0, L_0x7fbe536eb8f0; 1 drivers
L_0x7fbe536eb938 .functor BUFT 1, C4<10011011>, C4<0>, C4<0>, C4<0>;
v0x573ce1391d90_232 .net v0x573ce1391d90 232, 7 0, L_0x7fbe536eb938; 1 drivers
L_0x7fbe536eb980 .functor BUFT 1, C4<00011110>, C4<0>, C4<0>, C4<0>;
v0x573ce1391d90_233 .net v0x573ce1391d90 233, 7 0, L_0x7fbe536eb980; 1 drivers
L_0x7fbe536eb9c8 .functor BUFT 1, C4<10000111>, C4<0>, C4<0>, C4<0>;
v0x573ce1391d90_234 .net v0x573ce1391d90 234, 7 0, L_0x7fbe536eb9c8; 1 drivers
L_0x7fbe536eba10 .functor BUFT 1, C4<11101001>, C4<0>, C4<0>, C4<0>;
v0x573ce1391d90_235 .net v0x573ce1391d90 235, 7 0, L_0x7fbe536eba10; 1 drivers
L_0x7fbe536eba58 .functor BUFT 1, C4<11001110>, C4<0>, C4<0>, C4<0>;
v0x573ce1391d90_236 .net v0x573ce1391d90 236, 7 0, L_0x7fbe536eba58; 1 drivers
L_0x7fbe536ebaa0 .functor BUFT 1, C4<01010101>, C4<0>, C4<0>, C4<0>;
v0x573ce1391d90_237 .net v0x573ce1391d90 237, 7 0, L_0x7fbe536ebaa0; 1 drivers
L_0x7fbe536ebae8 .functor BUFT 1, C4<00101000>, C4<0>, C4<0>, C4<0>;
v0x573ce1391d90_238 .net v0x573ce1391d90 238, 7 0, L_0x7fbe536ebae8; 1 drivers
L_0x7fbe536ebb30 .functor BUFT 1, C4<11011111>, C4<0>, C4<0>, C4<0>;
v0x573ce1391d90_239 .net v0x573ce1391d90 239, 7 0, L_0x7fbe536ebb30; 1 drivers
L_0x7fbe536ebb78 .functor BUFT 1, C4<10001100>, C4<0>, C4<0>, C4<0>;
v0x573ce1391d90_240 .net v0x573ce1391d90 240, 7 0, L_0x7fbe536ebb78; 1 drivers
L_0x7fbe536ebbc0 .functor BUFT 1, C4<10100001>, C4<0>, C4<0>, C4<0>;
v0x573ce1391d90_241 .net v0x573ce1391d90 241, 7 0, L_0x7fbe536ebbc0; 1 drivers
L_0x7fbe536ebc08 .functor BUFT 1, C4<10001001>, C4<0>, C4<0>, C4<0>;
v0x573ce1391d90_242 .net v0x573ce1391d90 242, 7 0, L_0x7fbe536ebc08; 1 drivers
L_0x7fbe536ebc50 .functor BUFT 1, C4<00001101>, C4<0>, C4<0>, C4<0>;
v0x573ce1391d90_243 .net v0x573ce1391d90 243, 7 0, L_0x7fbe536ebc50; 1 drivers
L_0x7fbe536ebc98 .functor BUFT 1, C4<10111111>, C4<0>, C4<0>, C4<0>;
v0x573ce1391d90_244 .net v0x573ce1391d90 244, 7 0, L_0x7fbe536ebc98; 1 drivers
L_0x7fbe536ebce0 .functor BUFT 1, C4<11100110>, C4<0>, C4<0>, C4<0>;
v0x573ce1391d90_245 .net v0x573ce1391d90 245, 7 0, L_0x7fbe536ebce0; 1 drivers
L_0x7fbe536ebd28 .functor BUFT 1, C4<01000010>, C4<0>, C4<0>, C4<0>;
v0x573ce1391d90_246 .net v0x573ce1391d90 246, 7 0, L_0x7fbe536ebd28; 1 drivers
L_0x7fbe536ebd70 .functor BUFT 1, C4<01101000>, C4<0>, C4<0>, C4<0>;
v0x573ce1391d90_247 .net v0x573ce1391d90 247, 7 0, L_0x7fbe536ebd70; 1 drivers
L_0x7fbe536ebdb8 .functor BUFT 1, C4<01000001>, C4<0>, C4<0>, C4<0>;
v0x573ce1391d90_248 .net v0x573ce1391d90 248, 7 0, L_0x7fbe536ebdb8; 1 drivers
L_0x7fbe536ebe00 .functor BUFT 1, C4<10011001>, C4<0>, C4<0>, C4<0>;
v0x573ce1391d90_249 .net v0x573ce1391d90 249, 7 0, L_0x7fbe536ebe00; 1 drivers
L_0x7fbe536ebe48 .functor BUFT 1, C4<00101101>, C4<0>, C4<0>, C4<0>;
v0x573ce1391d90_250 .net v0x573ce1391d90 250, 7 0, L_0x7fbe536ebe48; 1 drivers
L_0x7fbe536ebe90 .functor BUFT 1, C4<00001111>, C4<0>, C4<0>, C4<0>;
v0x573ce1391d90_251 .net v0x573ce1391d90 251, 7 0, L_0x7fbe536ebe90; 1 drivers
L_0x7fbe536ebed8 .functor BUFT 1, C4<10110000>, C4<0>, C4<0>, C4<0>;
v0x573ce1391d90_252 .net v0x573ce1391d90 252, 7 0, L_0x7fbe536ebed8; 1 drivers
L_0x7fbe536ebf20 .functor BUFT 1, C4<01010100>, C4<0>, C4<0>, C4<0>;
v0x573ce1391d90_253 .net v0x573ce1391d90 253, 7 0, L_0x7fbe536ebf20; 1 drivers
L_0x7fbe536ebf68 .functor BUFT 1, C4<10111011>, C4<0>, C4<0>, C4<0>;
v0x573ce1391d90_254 .net v0x573ce1391d90 254, 7 0, L_0x7fbe536ebf68; 1 drivers
L_0x7fbe536ebfb0 .functor BUFT 1, C4<00010110>, C4<0>, C4<0>, C4<0>;
v0x573ce1391d90_255 .net v0x573ce1391d90 255, 7 0, L_0x7fbe536ebfb0; 1 drivers
v0x573ce135ad00_0 .net "sboxw", 31 0, v0x573ce13a9b70_0;  alias, 1 drivers
E_0x573ce1396a50/0 .event negedge, v0x573ce1391cf0_0;
E_0x573ce1396a50/1 .event posedge, v0x573ce1392a70_0;
E_0x573ce1396a50 .event/or E_0x573ce1396a50/0, E_0x573ce1396a50/1;
L_0x573ce1339de0 .array/port v0x573ce1391d90, L_0x573ce1339990;
L_0x573ce1339ee0 .part v0x573ce13a9b70_0, 24, 8;
L_0x573ce1339990 .concat [ 8 2 0 0], L_0x573ce1339ee0, L_0x7fbe536e7600;
L_0x573ce1339530 .functor MUXZ 8, L_0x573ce1339de0, L_0x7fbe536e75b8, v0x573ce1392170_0, C4<>;
L_0x573ce13390b0 .array/port v0x573ce1391d90, L_0x573ce1338cb0;
L_0x573ce1339150 .part v0x573ce13a9b70_0, 16, 8;
L_0x573ce1338cb0 .concat [ 8 2 0 0], L_0x573ce1339150, L_0x7fbe536e7690;
L_0x573ce1338800 .functor MUXZ 8, L_0x573ce13390b0, L_0x7fbe536e7648, v0x573ce1392170_0, C4<>;
L_0x573ce1338380 .array/port v0x573ce1391d90, L_0x573ce1337f00;
L_0x573ce1337e60 .part v0x573ce13a9b70_0, 8, 8;
L_0x573ce1337f00 .concat [ 8 2 0 0], L_0x573ce1337e60, L_0x7fbe536e7720;
L_0x573ce1337a30 .functor MUXZ 8, L_0x573ce1338380, L_0x7fbe536e76d8, v0x573ce1392170_0, C4<>;
L_0x573ce1337640 .concat8 [ 8 8 8 8], L_0x573ce1336360, L_0x573ce1337a30, L_0x573ce1338800, L_0x573ce1339530;
L_0x573ce13371d0 .array/port v0x573ce1391d90, L_0x573ce1336d00;
L_0x573ce1336c60 .part v0x573ce13a9b70_0, 0, 8;
L_0x573ce1336d00 .concat [ 8 2 0 0], L_0x573ce1336c60, L_0x7fbe536e77b0;
L_0x573ce1336360 .functor MUXZ 8, L_0x573ce13371d0, L_0x7fbe536e7768, v0x573ce1392170_0, C4<>;
S_0x573ce135a360 .scope task, "wait_ready_with_timeout" "wait_ready_with_timeout" 9 44, 9 44 0, S_0x573ce12fb860;
 .timescale -9 -12;
v0x573ce1359ee0_0 .var/i "max_cycles", 31 0;
v0x573ce1359fe0_0 .var/i "ok_o", 31 0;
E_0x573ce1396970 .event posedge, v0x573ce13aa9b0_0;
TD_tb_aes_encipher_block.wait_ready_with_timeout ;
    %pushi/vec4 1, 0, 32;
    %store/vec4 v0x573ce1359fe0_0, 0, 32;
    %pushi/vec4 0, 0, 32;
    %store/vec4 v0x573ce1359160_0, 0, 32;
T_24.0 ;
    %load/vec4 v0x573ce1357b80_0;
    %nor/r;
    %load/vec4 v0x573ce1359160_0;
    %load/vec4 v0x573ce1359ee0_0;
    %cmp/s;
    %flag_get/vec4 5;
    %and;
    %flag_set/vec4 8;
    %jmp/0xz T_24.1, 8;
    %wait E_0x573ce1396970;
    %load/vec4 v0x573ce1359160_0;
    %addi 1, 0, 32;
    %store/vec4 v0x573ce1359160_0, 0, 32;
    %jmp T_24.0;
T_24.1 ;
    %load/vec4 v0x573ce1357b80_0;
    %nor/r;
    %flag_set/vec4 8;
    %jmp/0xz  T_24.2, 8;
    %pushi/vec4 0, 0, 32;
    %store/vec4 v0x573ce1359fe0_0, 0, 32;
T_24.2 ;
    %end;
    .scope S_0x573ce1423f90;
T_25 ;
    %wait E_0x573ce13d0bc0;
    %fork t_1, S_0x573ce1417990;
    %jmp t_0;
    .scope S_0x573ce1417990;
t_1 ;
    %load/vec4 v0x573ce1413610_0;
    %nor/r;
    %flag_set/vec4 8;
    %jmp/0xz  T_25.0, 8;
    %pushi/vec4 0, 0, 10;
    %assign/vec4 v0x573ce1411bf0_0, 0;
    %jmp T_25.1;
T_25.0 ;
    %load/vec4 v0x573ce1411730_0;
    %flag_set/vec4 8;
    %jmp/0xz  T_25.2, 8;
    %load/vec4 v0x573ce1411b10_0;
    %assign/vec4 v0x573ce1411bf0_0, 0;
T_25.2 ;
T_25.1 ;
    %end;
    .scope S_0x573ce1423f90;
t_0 %join;
    %jmp T_25;
    .thread T_25;
    .scope S_0x573ce1423f90;
T_26 ;
    %wait E_0x573ce13d0bc0;
    %fork t_3, S_0x573ce141c190;
    %jmp t_2;
    .scope S_0x573ce141c190;
t_3 ;
    %load/vec4 v0x573ce1413610_0;
    %nor/r;
    %flag_set/vec4 8;
    %jmp/0xz  T_26.0, 8;
    %pushi/vec4 0, 0, 32;
    %assign/vec4 v0x573ce1416c10_0, 0;
    %pushi/vec4 0, 0, 32;
    %assign/vec4 v0x573ce1416790_0, 0;
    %pushi/vec4 0, 0, 32;
    %assign/vec4 v0x573ce1416310_0, 0;
    %pushi/vec4 0, 0, 32;
    %assign/vec4 v0x573ce1415f20_0, 0;
    %pushi/vec4 0, 0, 2;
    %assign/vec4 v0x573ce11b3630_0, 0;
    %pushi/vec4 0, 0, 4;
    %assign/vec4 v0x573ce1412d10_0, 0;
    %pushi/vec4 1, 0, 1;
    %assign/vec4 v0x573ce1413a90_0, 0;
    %pushi/vec4 0, 0, 2;
    %assign/vec4 v0x573ce1415650_0, 0;
    %jmp T_26.1;
T_26.0 ;
    %load/vec4 v0x573ce1416cf0_0;
    %flag_set/vec4 8;
    %jmp/0xz  T_26.2, 8;
    %load/vec4 v0x573ce1417150_0;
    %parti/s 32, 96, 8;
    %assign/vec4 v0x573ce1416c10_0, 0;
T_26.2 ;
    %load/vec4 v0x573ce1416870_0;
    %flag_set/vec4 8;
    %jmp/0xz  T_26.4, 8;
    %load/vec4 v0x573ce1417150_0;
    %parti/s 32, 64, 8;
    %assign/vec4 v0x573ce1416790_0, 0;
T_26.4 ;
    %load/vec4 v0x573ce14163f0_0;
    %flag_set/vec4 8;
    %jmp/0xz  T_26.6, 8;
    %load/vec4 v0x573ce1417150_0;
    %parti/s 32, 32, 7;
    %assign/vec4 v0x573ce1416310_0, 0;
T_26.6 ;
    %load/vec4 v0x573ce1415a10_0;
    %flag_set/vec4 8;
    %jmp/0xz  T_26.8, 8;
    %load/vec4 v0x573ce1417150_0;
    %parti/s 32, 0, 2;
    %assign/vec4 v0x573ce1415f20_0, 0;
T_26.8 ;
    %load/vec4 v0x573ce1411f90_0;
    %flag_set/vec4 8;
    %jmp/0xz  T_26.10, 8;
    %load/vec4 v0x573ce11b3550_0;
    %assign/vec4 v0x573ce11b3630_0, 0;
T_26.10 ;
    %load/vec4 v0x573ce1412890_0;
    %flag_set/vec4 8;
    %jmp/0xz  T_26.12, 8;
    %load/vec4 v0x573ce1413250_0;
    %assign/vec4 v0x573ce1412d10_0, 0;
T_26.12 ;
    %load/vec4 v0x573ce1413b30_0;
    %flag_set/vec4 8;
    %jmp/0xz  T_26.14, 8;
    %load/vec4 v0x573ce1413fd0_0;
    %assign/vec4 v0x573ce1413a90_0, 0;
T_26.14 ;
    %load/vec4 v0x573ce1415110_0;
    %flag_set/vec4 8;
    %jmp/0xz  T_26.16, 8;
    %load/vec4 v0x573ce1415590_0;
    %assign/vec4 v0x573ce1415650_0, 0;
T_26.16 ;
T_26.1 ;
    %end;
    .scope S_0x573ce1423f90;
t_2 %join;
    %jmp T_26;
    .thread T_26;
    .scope S_0x573ce1423f90;
T_27 ;
    %wait E_0x573ce13df550;
    %fork t_5, S_0x573ce141b890;
    %jmp t_4;
    .scope S_0x573ce141b890;
t_5 ;
    %pushi/vec4 0, 0, 128;
    %store/vec4 v0x573ce1417150_0, 0, 128;
    %pushi/vec4 0, 0, 32;
    %store/vec4 v0x573ce1414c90_0, 0, 32;
    %pushi/vec4 0, 0, 1;
    %store/vec4 v0x573ce1416cf0_0, 0, 1;
    %pushi/vec4 0, 0, 1;
    %store/vec4 v0x573ce1416870_0, 0, 1;
    %pushi/vec4 0, 0, 1;
    %store/vec4 v0x573ce14163f0_0, 0, 1;
    %pushi/vec4 0, 0, 1;
    %store/vec4 v0x573ce1415a10_0, 0, 1;
    %load/vec4 v0x573ce1416c10_0;
    %load/vec4 v0x573ce1416790_0;
    %concat/vec4; draw_concat_vec4
    %load/vec4 v0x573ce1416310_0;
    %concat/vec4; draw_concat_vec4
    %load/vec4 v0x573ce1415f20_0;
    %concat/vec4; draw_concat_vec4
    %store/vec4 v0x573ce141abf0_0, 0, 128;
    %alloc S_0x573ce141a210;
    %load/vec4 v0x573ce141abf0_0;
    %store/vec4 v0x573ce1419d90_0, 0, 128;
    %callf/vec4 TD_aes.core.enc_block.shiftrows, S_0x573ce141a210;
    %free S_0x573ce141a210;
    %store/vec4 v0x573ce141a6b0_0, 0, 128;
    %alloc S_0x573ce1420090;
    %load/vec4 v0x573ce141a6b0_0;
    %store/vec4 v0x573ce141fc60_0, 0, 128;
    %callf/vec4 TD_aes.core.enc_block.mixcolumns, S_0x573ce1420090;
    %free S_0x573ce1420090;
    %store/vec4 v0x573ce141ab10_0, 0, 128;
    %alloc S_0x573ce1422910;
    %load/vec4 v0x573ce1417090_0;
    %load/vec4 v0x573ce1412950_0;
    %store/vec4 v0x573ce1422010_0, 0, 128;
    %store/vec4 v0x573ce14224d0_0, 0, 128;
    %callf/vec4 TD_aes.core.enc_block.addroundkey, S_0x573ce1422910;
    %free S_0x573ce1422910;
    %store/vec4 v0x573ce141af90_0, 0, 128;
    %alloc S_0x573ce1422910;
    %load/vec4 v0x573ce141ab10_0;
    %load/vec4 v0x573ce1412950_0;
    %store/vec4 v0x573ce1422010_0, 0, 128;
    %store/vec4 v0x573ce14224d0_0, 0, 128;
    %callf/vec4 TD_aes.core.enc_block.addroundkey, S_0x573ce1422910;
    %free S_0x573ce1422910;
    %store/vec4 v0x573ce141b070_0, 0, 128;
    %alloc S_0x573ce1422910;
    %load/vec4 v0x573ce141a6b0_0;
    %load/vec4 v0x573ce1412950_0;
    %store/vec4 v0x573ce1422010_0, 0, 128;
    %store/vec4 v0x573ce14224d0_0, 0, 128;
    %callf/vec4 TD_aes.core.enc_block.addroundkey, S_0x573ce1422910;
    %free S_0x573ce1422910;
    %store/vec4 v0x573ce141b4f0_0, 0, 128;
    %load/vec4 v0x573ce1412050_0;
    %flag_set/vec4 8;
    %jmp/0xz  T_27.0, 8;
    %load/vec4 v0x573ce1416c10_0;
    %load/vec4 v0x573ce1416790_0;
    %concat/vec4; draw_concat_vec4
    %load/vec4 v0x573ce1416310_0;
    %concat/vec4; draw_concat_vec4
    %load/vec4 v0x573ce1415f20_0;
    %concat/vec4; draw_concat_vec4
    %store/vec4 v0x573ce1417150_0, 0, 128;
    %pushi/vec4 0, 0, 32;
    %store/vec4 v0x573ce1414c90_0, 0, 32;
    %pushi/vec4 0, 0, 1;
    %store/vec4 v0x573ce1416cf0_0, 0, 1;
    %pushi/vec4 0, 0, 1;
    %store/vec4 v0x573ce1416870_0, 0, 1;
    %pushi/vec4 0, 0, 1;
    %store/vec4 v0x573ce14163f0_0, 0, 1;
    %pushi/vec4 0, 0, 1;
    %store/vec4 v0x573ce1415a10_0, 0, 1;
    %jmp T_27.1;
T_27.0 ;
    %load/vec4 v0x573ce1411210_0;
    %dup/vec4;
    %pushi/vec4 1, 0, 3;
    %cmp/u;
    %jmp/1 T_27.2, 6;
    %dup/vec4;
    %pushi/vec4 2, 0, 3;
    %cmp/u;
    %jmp/1 T_27.3, 6;
    %dup/vec4;
    %pushi/vec4 3, 0, 3;
    %cmp/u;
    %jmp/1 T_27.4, 6;
    %dup/vec4;
    %pushi/vec4 4, 0, 3;
    %cmp/u;
    %jmp/1 T_27.5, 6;
    %jmp T_27.7;
T_27.2 ;
    %load/vec4 v0x573ce141af90_0;
    %store/vec4 v0x573ce1417150_0, 0, 128;
    %pushi/vec4 1, 0, 1;
    %store/vec4 v0x573ce1416cf0_0, 0, 1;
    %pushi/vec4 1, 0, 1;
    %store/vec4 v0x573ce1416870_0, 0, 1;
    %pushi/vec4 1, 0, 1;
    %store/vec4 v0x573ce14163f0_0, 0, 1;
    %pushi/vec4 1, 0, 1;
    %store/vec4 v0x573ce1415a10_0, 0, 1;
    %jmp T_27.7;
T_27.3 ;
    %load/vec4 v0x573ce1414390_0;
    %load/vec4 v0x573ce1414390_0;
    %concat/vec4; draw_concat_vec4
    %load/vec4 v0x573ce1414390_0;
    %concat/vec4; draw_concat_vec4
    %load/vec4 v0x573ce1414390_0;
    %concat/vec4; draw_concat_vec4
    %store/vec4 v0x573ce1417150_0, 0, 128;
    %load/vec4 v0x573ce11b3630_0;
    %dup/vec4;
    %pushi/vec4 0, 0, 2;
    %cmp/u;
    %jmp/1 T_27.8, 6;
    %dup/vec4;
    %pushi/vec4 1, 0, 2;
    %cmp/u;
    %jmp/1 T_27.9, 6;
    %dup/vec4;
    %pushi/vec4 2, 0, 2;
    %cmp/u;
    %jmp/1 T_27.10, 6;
    %dup/vec4;
    %pushi/vec4 3, 0, 2;
    %cmp/u;
    %jmp/1 T_27.11, 6;
    %jmp T_27.12;
T_27.8 ;
    %load/vec4 v0x573ce1416c10_0;
    %store/vec4 v0x573ce1414c90_0, 0, 32;
    %pushi/vec4 1, 0, 1;
    %store/vec4 v0x573ce1416cf0_0, 0, 1;
    %jmp T_27.12;
T_27.9 ;
    %load/vec4 v0x573ce1416790_0;
    %store/vec4 v0x573ce1414c90_0, 0, 32;
    %pushi/vec4 1, 0, 1;
    %store/vec4 v0x573ce1416870_0, 0, 1;
    %jmp T_27.12;
T_27.10 ;
    %load/vec4 v0x573ce1416310_0;
    %store/vec4 v0x573ce1414c90_0, 0, 32;
    %pushi/vec4 1, 0, 1;
    %store/vec4 v0x573ce14163f0_0, 0, 1;
    %jmp T_27.12;
T_27.11 ;
    %load/vec4 v0x573ce1415f20_0;
    %store/vec4 v0x573ce1414c90_0, 0, 32;
    %pushi/vec4 1, 0, 1;
    %store/vec4 v0x573ce1415a10_0, 0, 1;
    %jmp T_27.12;
T_27.12 ;
    %pop/vec4 1;
    %jmp T_27.7;
T_27.4 ;
    %load/vec4 v0x573ce141b070_0;
    %store/vec4 v0x573ce1417150_0, 0, 128;
    %pushi/vec4 1, 0, 1;
    %store/vec4 v0x573ce1416cf0_0, 0, 1;
    %pushi/vec4 1, 0, 1;
    %store/vec4 v0x573ce1416870_0, 0, 1;
    %pushi/vec4 1, 0, 1;
    %store/vec4 v0x573ce14163f0_0, 0, 1;
    %pushi/vec4 1, 0, 1;
    %store/vec4 v0x573ce1415a10_0, 0, 1;
    %jmp T_27.7;
T_27.5 ;
    %load/vec4 v0x573ce141b4f0_0;
    %store/vec4 v0x573ce1417150_0, 0, 128;
    %pushi/vec4 1, 0, 1;
    %store/vec4 v0x573ce1416cf0_0, 0, 1;
    %pushi/vec4 1, 0, 1;
    %store/vec4 v0x573ce1416870_0, 0, 1;
    %pushi/vec4 1, 0, 1;
    %store/vec4 v0x573ce14163f0_0, 0, 1;
    %pushi/vec4 1, 0, 1;
    %store/vec4 v0x573ce1415a10_0, 0, 1;
    %jmp T_27.7;
T_27.7 ;
    %pop/vec4 1;
T_27.1 ;
    %end;
    .scope S_0x573ce1423f90;
t_4 %join;
    %jmp T_27;
    .thread T_27, $push;
    .scope S_0x573ce1423f90;
T_28 ;
    %wait E_0x573ce12f06d0;
    %fork t_7, S_0x573ce1418290;
    %jmp t_6;
    .scope S_0x573ce1418290;
t_7 ;
    %pushi/vec4 0, 0, 2;
    %store/vec4 v0x573ce11b3550_0, 0, 2;
    %pushi/vec4 0, 0, 1;
    %store/vec4 v0x573ce1411f90_0, 0, 1;
    %load/vec4 v0x573ce14124b0_0;
    %flag_set/vec4 8;
    %jmp/0xz  T_28.0, 8;
    %pushi/vec4 0, 0, 2;
    %store/vec4 v0x573ce11b3550_0, 0, 2;
    %pushi/vec4 1, 0, 1;
    %store/vec4 v0x573ce1411f90_0, 0, 1;
    %jmp T_28.1;
T_28.0 ;
    %load/vec4 v0x573ce11b3490_0;
    %flag_set/vec4 8;
    %jmp/0xz  T_28.2, 8;
    %load/vec4 v0x573ce11b3630_0;
    %addi 1, 0, 2;
    %store/vec4 v0x573ce11b3550_0, 0, 2;
    %pushi/vec4 1, 0, 1;
    %store/vec4 v0x573ce1411f90_0, 0, 1;
T_28.2 ;
T_28.1 ;
    %end;
    .scope S_0x573ce1423f90;
t_6 %join;
    %jmp T_28;
    .thread T_28, $push;
    .scope S_0x573ce1423f90;
T_29 ;
    %wait E_0x573ce12f2a30;
    %fork t_9, S_0x573ce141bd10;
    %jmp t_8;
    .scope S_0x573ce141bd10;
t_9 ;
    %pushi/vec4 0, 0, 4;
    %store/vec4 v0x573ce1413250_0, 0, 4;
    %pushi/vec4 0, 0, 1;
    %store/vec4 v0x573ce1412890_0, 0, 1;
    %load/vec4 v0x573ce1412df0_0;
    %flag_set/vec4 8;
    %jmp/0xz  T_29.0, 8;
    %pushi/vec4 0, 0, 4;
    %store/vec4 v0x573ce1413250_0, 0, 4;
    %pushi/vec4 1, 0, 1;
    %store/vec4 v0x573ce1412890_0, 0, 1;
    %jmp T_29.1;
T_29.0 ;
    %load/vec4 v0x573ce1413190_0;
    %flag_set/vec4 8;
    %jmp/0xz  T_29.2, 8;
    %load/vec4 v0x573ce1412d10_0;
    %addi 1, 0, 4;
    %store/vec4 v0x573ce1413250_0, 0, 4;
    %pushi/vec4 1, 0, 1;
    %store/vec4 v0x573ce1412890_0, 0, 1;
T_29.2 ;
T_29.1 ;
    %end;
    .scope S_0x573ce1423f90;
t_8 %join;
    %jmp T_29;
    .thread T_29, $push;
    .scope S_0x573ce1423f90;
T_30 ;
    %wait E_0x573ce13e07f0;
    %fork t_11, S_0x573ce1417e10;
    %jmp t_10;
    .scope S_0x573ce1417e10;
t_11 ;
    %load/vec4 v0x573ce1411bf0_0;
    %store/vec4 v0x573ce1411b10_0, 0, 10;
    %pushi/vec4 0, 0, 1;
    %store/vec4 v0x573ce1411730_0, 0, 1;
    %pushi/vec4 0, 0, 1;
    %store/vec4 v0x573ce1411690_0, 0, 1;
    %load/vec4 v0x573ce1412050_0;
    %nor/r;
    %flag_set/vec4 8;
    %jmp/0xz  T_30.0, 8;
    %load/vec4 v0x573ce1415650_0;
    %pushi/vec4 3, 0, 2;
    %cmp/e;
    %flag_get/vec4 4;
    %load/vec4 v0x573ce1411210_0;
    %pushi/vec4 4, 0, 3;
    %cmp/e;
    %flag_get/vec4 4;
    %and;
    %flag_set/vec4 8;
    %jmp/0xz  T_30.2, 8;
    %load/vec4 v0x573ce1411bf0_0;
    %addi 1, 0, 10;
    %store/vec4 v0x573ce1411b10_0, 0, 10;
    %pushi/vec4 1, 0, 1;
    %store/vec4 v0x573ce1411730_0, 0, 1;
T_30.2 ;
T_30.0 ;
    %end;
    .scope S_0x573ce1423f90;
t_10 %join;
    %jmp T_30;
    .thread T_30, $push;
    .scope S_0x573ce1423f90;
T_31 ;
    %wait E_0x573ce12f44f0;
    %fork t_13, S_0x573ce1421b90;
    %jmp t_12;
    .scope S_0x573ce1421b90;
t_13 ;
    %pushi/vec4 0, 0, 1;
    %store/vec4 v0x573ce11b3490_0, 0, 1;
    %pushi/vec4 0, 0, 1;
    %store/vec4 v0x573ce14124b0_0, 0, 1;
    %pushi/vec4 0, 0, 1;
    %store/vec4 v0x573ce1413190_0, 0, 1;
    %pushi/vec4 0, 0, 1;
    %store/vec4 v0x573ce1412df0_0, 0, 1;
    %pushi/vec4 0, 0, 1;
    %store/vec4 v0x573ce1413fd0_0, 0, 1;
    %pushi/vec4 0, 0, 1;
    %store/vec4 v0x573ce1413b30_0, 0, 1;
    %pushi/vec4 0, 0, 3;
    %store/vec4 v0x573ce1411210_0, 0, 3;
    %pushi/vec4 0, 0, 2;
    %store/vec4 v0x573ce1415590_0, 0, 2;
    %pushi/vec4 0, 0, 1;
    %store/vec4 v0x573ce1415110_0, 0, 1;
    %load/vec4 v0x573ce14151b0_0;
    %cmpi/e 1, 0, 1;
    %jmp/0xz  T_31.0, 4;
    %pushi/vec4 14, 0, 4;
    %store/vec4 v0x573ce14220d0_0, 0, 4;
    %jmp T_31.1;
T_31.0 ;
    %pushi/vec4 10, 0, 4;
    %store/vec4 v0x573ce14220d0_0, 0, 4;
T_31.1 ;
    %load/vec4 v0x573ce1412050_0;
    %flag_set/vec4 8;
    %jmp/0xz  T_31.2, 8;
    %pushi/vec4 0, 0, 2;
    %store/vec4 v0x573ce1415590_0, 0, 2;
    %pushi/vec4 1, 0, 1;
    %store/vec4 v0x573ce1415110_0, 0, 1;
    %pushi/vec4 1, 0, 1;
    %store/vec4 v0x573ce1413fd0_0, 0, 1;
    %pushi/vec4 1, 0, 1;
    %store/vec4 v0x573ce1413b30_0, 0, 1;
    %pushi/vec4 0, 0, 1;
    %store/vec4 v0x573ce11b3490_0, 0, 1;
    %pushi/vec4 0, 0, 1;
    %store/vec4 v0x573ce14124b0_0, 0, 1;
    %pushi/vec4 0, 0, 1;
    %store/vec4 v0x573ce1413190_0, 0, 1;
    %pushi/vec4 0, 0, 1;
    %store/vec4 v0x573ce1412df0_0, 0, 1;
    %pushi/vec4 0, 0, 3;
    %store/vec4 v0x573ce1411210_0, 0, 3;
    %jmp T_31.3;
T_31.2 ;
    %load/vec4 v0x573ce1415650_0;
    %dup/vec4;
    %pushi/vec4 0, 0, 2;
    %cmp/u;
    %jmp/1 T_31.4, 6;
    %dup/vec4;
    %pushi/vec4 1, 0, 2;
    %cmp/u;
    %jmp/1 T_31.5, 6;
    %dup/vec4;
    %pushi/vec4 2, 0, 2;
    %cmp/u;
    %jmp/1 T_31.6, 6;
    %dup/vec4;
    %pushi/vec4 3, 0, 2;
    %cmp/u;
    %jmp/1 T_31.7, 6;
    %jmp T_31.9;
T_31.4 ;
    %load/vec4 v0x573ce1414470_0;
    %flag_set/vec4 8;
    %jmp/0xz  T_31.10, 8;
    %pushi/vec4 1, 0, 1;
    %store/vec4 v0x573ce1412df0_0, 0, 1;
    %pushi/vec4 0, 0, 1;
    %store/vec4 v0x573ce1413fd0_0, 0, 1;
    %pushi/vec4 1, 0, 1;
    %store/vec4 v0x573ce1413b30_0, 0, 1;
    %pushi/vec4 1, 0, 2;
    %store/vec4 v0x573ce1415590_0, 0, 2;
    %pushi/vec4 1, 0, 1;
    %store/vec4 v0x573ce1415110_0, 0, 1;
T_31.10 ;
    %jmp T_31.9;
T_31.5 ;
    %pushi/vec4 1, 0, 1;
    %store/vec4 v0x573ce1413190_0, 0, 1;
    %pushi/vec4 1, 0, 1;
    %store/vec4 v0x573ce14124b0_0, 0, 1;
    %pushi/vec4 1, 0, 3;
    %store/vec4 v0x573ce1411210_0, 0, 3;
    %pushi/vec4 2, 0, 2;
    %store/vec4 v0x573ce1415590_0, 0, 2;
    %pushi/vec4 1, 0, 1;
    %store/vec4 v0x573ce1415110_0, 0, 1;
    %jmp T_31.9;
T_31.6 ;
    %pushi/vec4 1, 0, 1;
    %store/vec4 v0x573ce11b3490_0, 0, 1;
    %pushi/vec4 2, 0, 3;
    %store/vec4 v0x573ce1411210_0, 0, 3;
    %load/vec4 v0x573ce11b3630_0;
    %cmpi/e 3, 0, 2;
    %jmp/0xz  T_31.12, 4;
    %pushi/vec4 3, 0, 2;
    %store/vec4 v0x573ce1415590_0, 0, 2;
    %pushi/vec4 1, 0, 1;
    %store/vec4 v0x573ce1415110_0, 0, 1;
T_31.12 ;
    %jmp T_31.9;
T_31.7 ;
    %pushi/vec4 1, 0, 1;
    %store/vec4 v0x573ce14124b0_0, 0, 1;
    %pushi/vec4 1, 0, 1;
    %store/vec4 v0x573ce1413190_0, 0, 1;
    %load/vec4 v0x573ce1412d10_0;
    %load/vec4 v0x573ce14220d0_0;
    %cmp/u;
    %jmp/0xz  T_31.14, 5;
    %pushi/vec4 3, 0, 3;
    %store/vec4 v0x573ce1411210_0, 0, 3;
    %pushi/vec4 2, 0, 2;
    %store/vec4 v0x573ce1415590_0, 0, 2;
    %pushi/vec4 1, 0, 1;
    %store/vec4 v0x573ce1415110_0, 0, 1;
    %jmp T_31.15;
T_31.14 ;
    %pushi/vec4 4, 0, 3;
    %store/vec4 v0x573ce1411210_0, 0, 3;
    %pushi/vec4 1, 0, 1;
    %store/vec4 v0x573ce1413fd0_0, 0, 1;
    %pushi/vec4 1, 0, 1;
    %store/vec4 v0x573ce1413b30_0, 0, 1;
    %pushi/vec4 0, 0, 2;
    %store/vec4 v0x573ce1415590_0, 0, 2;
    %pushi/vec4 1, 0, 1;
    %store/vec4 v0x573ce1415110_0, 0, 1;
T_31.15 ;
    %jmp T_31.9;
T_31.9 ;
    %pop/vec4 1;
T_31.3 ;
    %end;
    .scope S_0x573ce1423f90;
t_12 %join;
    %jmp T_31;
    .thread T_31, $push;
    .scope S_0x573ce1439a10;
T_32 ;
    %wait E_0x573ce12f4c50;
    %load/vec4 v0x573ce142f470_0;
    %nor/r;
    %flag_set/vec4 8;
    %jmp/0xz  T_32.0, 8;
    %pushi/vec4 0, 0, 10;
    %assign/vec4 v0x573ce142f390_0, 0;
    %pushi/vec4 0, 0, 1;
    %assign/vec4 v0x573ce14356b0_0, 0;
    %jmp T_32.1;
T_32.0 ;
    %load/vec4 v0x573ce14356b0_0;
    %nor/r;
    %flag_set/vec4 8;
    %jmp/0xz  T_32.2, 8;
    %load/vec4 v0x573ce142ef10_0;
    %flag_set/vec4 8;
    %jmp/0xz  T_32.4, 8;
    %load/vec4 v0x573ce142f390_0;
    %cmpi/e 861, 0, 10;
    %jmp/0xz  T_32.6, 4;
    %pushi/vec4 1, 0, 1;
    %assign/vec4 v0x573ce14356b0_0, 0;
    %jmp T_32.7;
T_32.6 ;
    %load/vec4 v0x573ce142f390_0;
    %addi 1, 0, 10;
    %assign/vec4 v0x573ce142f390_0, 0;
T_32.7 ;
T_32.4 ;
T_32.2 ;
T_32.1 ;
    %jmp T_32;
    .thread T_32;
    .scope S_0x573ce12f5290;
T_33 ;
    %wait E_0x573ce13d0bc0;
    %fork t_15, S_0x573ce142c690;
    %jmp t_14;
    .scope S_0x573ce142c690;
t_15 ;
    %load/vec4 v0x573ce1426c90_0;
    %nor/r;
    %flag_set/vec4 8;
    %jmp/0xz  T_33.0, 8;
    %pushi/vec4 0, 0, 32;
    %assign/vec4 v0x573ce1429e10_0, 0;
    %pushi/vec4 0, 0, 32;
    %assign/vec4 v0x573ce1429990_0, 0;
    %pushi/vec4 0, 0, 32;
    %assign/vec4 v0x573ce1429510_0, 0;
    %pushi/vec4 0, 0, 32;
    %assign/vec4 v0x573ce1429090_0, 0;
    %pushi/vec4 0, 0, 2;
    %assign/vec4 v0x573ce12f1510_0, 0;
    %pushi/vec4 0, 0, 4;
    %assign/vec4 v0x573ce1426390_0, 0;
    %pushi/vec4 1, 0, 1;
    %assign/vec4 v0x573ce1427110_0, 0;
    %pushi/vec4 0, 0, 2;
    %assign/vec4 v0x573ce1428790_0, 0;
    %pushi/vec4 0, 0, 10;
    %assign/vec4 v0x573ce1424d10_0, 0;
    %pushi/vec4 0, 0, 1;
    %assign/vec4 v0x573ce1424950_0, 0;
    %jmp T_33.1;
T_33.0 ;
    %load/vec4 v0x573ce1429ef0_0;
    %flag_set/vec4 8;
    %jmp/0xz  T_33.2, 8;
    %load/vec4 v0x573ce142a370_0;
    %parti/s 32, 96, 8;
    %assign/vec4 v0x573ce1429e10_0, 0;
T_33.2 ;
    %load/vec4 v0x573ce1429a50_0;
    %flag_set/vec4 8;
    %jmp/0xz  T_33.4, 8;
    %load/vec4 v0x573ce142a370_0;
    %parti/s 32, 64, 8;
    %assign/vec4 v0x573ce1429990_0, 0;
T_33.4 ;
    %load/vec4 v0x573ce14295d0_0;
    %flag_set/vec4 8;
    %jmp/0xz  T_33.6, 8;
    %load/vec4 v0x573ce142a370_0;
    %parti/s 32, 32, 7;
    %assign/vec4 v0x573ce1429510_0, 0;
T_33.6 ;
    %load/vec4 v0x573ce1429150_0;
    %flag_set/vec4 8;
    %jmp/0xz  T_33.8, 8;
    %load/vec4 v0x573ce142a370_0;
    %parti/s 32, 0, 2;
    %assign/vec4 v0x573ce1429090_0, 0;
T_33.8 ;
    %load/vec4 v0x573ce14256d0_0;
    %flag_set/vec4 8;
    %jmp/0xz  T_33.10, 8;
    %load/vec4 v0x573ce1425b50_0;
    %assign/vec4 v0x573ce12f1510_0, 0;
T_33.10 ;
    %load/vec4 v0x573ce1425f10_0;
    %flag_set/vec4 8;
    %jmp/0xz  T_33.12, 8;
    %load/vec4 v0x573ce14268d0_0;
    %assign/vec4 v0x573ce1426390_0, 0;
T_33.12 ;
    %load/vec4 v0x573ce14271b0_0;
    %flag_set/vec4 8;
    %jmp/0xz  T_33.14, 8;
    %load/vec4 v0x573ce1427650_0;
    %assign/vec4 v0x573ce1427110_0, 0;
T_33.14 ;
    %load/vec4 v0x573ce1428850_0;
    %flag_set/vec4 8;
    %jmp/0xz  T_33.16, 8;
    %load/vec4 v0x573ce1428cb0_0;
    %assign/vec4 v0x573ce1428790_0, 0;
T_33.16 ;
    %load/vec4 v0x573ce1424df0_0;
    %flag_set/vec4 8;
    %jmp/0xz  T_33.18, 8;
    %load/vec4 v0x573ce1425230_0;
    %assign/vec4 v0x573ce1424d10_0, 0;
T_33.18 ;
    %load/vec4 v0x573ce1424410_0;
    %flag_set/vec4 8;
    %jmp/0xz  T_33.20, 8;
    %load/vec4 v0x573ce1424890_0;
    %assign/vec4 v0x573ce1424950_0, 0;
T_33.20 ;
T_33.1 ;
    %end;
    .scope S_0x573ce12f5290;
t_14 %join;
    %jmp T_33;
    .thread T_33;
    .scope S_0x573ce12f5290;
T_34 ;
    %wait E_0x573ce136e020;
    %fork t_17, S_0x573ce142bd90;
    %jmp t_16;
    .scope S_0x573ce142bd90;
t_17 ;
    %pushi/vec4 0, 0, 128;
    %store/vec4 v0x573ce142b490_0, 0, 128;
    %pushi/vec4 0, 0, 128;
    %store/vec4 v0x573ce142b9f0_0, 0, 128;
    %pushi/vec4 0, 0, 128;
    %store/vec4 v0x573ce142b910_0, 0, 128;
    %pushi/vec4 0, 0, 128;
    %store/vec4 v0x573ce142a370_0, 0, 128;
    %pushi/vec4 0, 0, 32;
    %store/vec4 v0x573ce1425190_0, 0, 32;
    %pushi/vec4 0, 0, 1;
    %store/vec4 v0x573ce1429ef0_0, 0, 1;
    %pushi/vec4 0, 0, 1;
    %store/vec4 v0x573ce1429a50_0, 0, 1;
    %pushi/vec4 0, 0, 1;
    %store/vec4 v0x573ce14295d0_0, 0, 1;
    %pushi/vec4 0, 0, 1;
    %store/vec4 v0x573ce1429150_0, 0, 1;
    %load/vec4 v0x573ce1429e10_0;
    %load/vec4 v0x573ce1429990_0;
    %concat/vec4; draw_concat_vec4
    %load/vec4 v0x573ce1429510_0;
    %concat/vec4; draw_concat_vec4
    %load/vec4 v0x573ce1429090_0;
    %concat/vec4; draw_concat_vec4
    %store/vec4 v0x573ce142b550_0, 0, 128;
    %load/vec4 v0x573ce14244b0_0;
    %dup/vec4;
    %pushi/vec4 1, 0, 3;
    %cmp/u;
    %jmp/1 T_34.0, 6;
    %dup/vec4;
    %pushi/vec4 2, 0, 3;
    %cmp/u;
    %jmp/1 T_34.1, 6;
    %dup/vec4;
    %pushi/vec4 3, 0, 3;
    %cmp/u;
    %jmp/1 T_34.2, 6;
    %dup/vec4;
    %pushi/vec4 4, 0, 3;
    %cmp/u;
    %jmp/1 T_34.3, 6;
    %jmp T_34.5;
T_34.0 ;
    %load/vec4 v0x573ce142a290_0;
    %store/vec4 v0x573ce142b550_0, 0, 128;
    %alloc S_0x573ce144a0c0;
    %load/vec4 v0x573ce142b550_0;
    %load/vec4 v0x573ce1425fd0_0;
    %store/vec4 v0x573ce1371bd0_0, 0, 128;
    %store/vec4 v0x573ce1371b30_0, 0, 128;
    %callf/vec4 TD_aes.core.dec_block.addroundkey, S_0x573ce144a0c0;
    %free S_0x573ce144a0c0;
    %store/vec4 v0x573ce142b910_0, 0, 128;
    %alloc S_0x573ce142e610;
    %load/vec4 v0x573ce142b910_0;
    %store/vec4 v0x573ce142e190_0, 0, 128;
    %callf/vec4 TD_aes.core.dec_block.inv_shiftrows, S_0x573ce142e610;
    %free S_0x573ce142e610;
    %store/vec4 v0x573ce142b490_0, 0, 128;
    %load/vec4 v0x573ce142b490_0;
    %store/vec4 v0x573ce142a370_0, 0, 128;
    %pushi/vec4 1, 0, 1;
    %store/vec4 v0x573ce1429ef0_0, 0, 1;
    %pushi/vec4 1, 0, 1;
    %store/vec4 v0x573ce1429a50_0, 0, 1;
    %pushi/vec4 1, 0, 1;
    %store/vec4 v0x573ce14295d0_0, 0, 1;
    %pushi/vec4 1, 0, 1;
    %store/vec4 v0x573ce1429150_0, 0, 1;
    %jmp T_34.5;
T_34.1 ;
    %load/vec4 v0x573ce1427a10_0;
    %load/vec4 v0x573ce1427a10_0;
    %concat/vec4; draw_concat_vec4
    %load/vec4 v0x573ce1427a10_0;
    %concat/vec4; draw_concat_vec4
    %load/vec4 v0x573ce1427a10_0;
    %concat/vec4; draw_concat_vec4
    %store/vec4 v0x573ce142a370_0, 0, 128;
    %load/vec4 v0x573ce12f1510_0;
    %dup/vec4;
    %pushi/vec4 0, 0, 2;
    %cmp/u;
    %jmp/1 T_34.6, 6;
    %dup/vec4;
    %pushi/vec4 1, 0, 2;
    %cmp/u;
    %jmp/1 T_34.7, 6;
    %dup/vec4;
    %pushi/vec4 2, 0, 2;
    %cmp/u;
    %jmp/1 T_34.8, 6;
    %dup/vec4;
    %pushi/vec4 3, 0, 2;
    %cmp/u;
    %jmp/1 T_34.9, 6;
    %jmp T_34.10;
T_34.6 ;
    %load/vec4 v0x573ce1429e10_0;
    %store/vec4 v0x573ce1425190_0, 0, 32;
    %pushi/vec4 1, 0, 1;
    %store/vec4 v0x573ce1429ef0_0, 0, 1;
    %jmp T_34.10;
T_34.7 ;
    %load/vec4 v0x573ce1429990_0;
    %store/vec4 v0x573ce1425190_0, 0, 32;
    %pushi/vec4 1, 0, 1;
    %store/vec4 v0x573ce1429a50_0, 0, 1;
    %jmp T_34.10;
T_34.8 ;
    %load/vec4 v0x573ce1429510_0;
    %store/vec4 v0x573ce1425190_0, 0, 32;
    %pushi/vec4 1, 0, 1;
    %store/vec4 v0x573ce14295d0_0, 0, 1;
    %jmp T_34.10;
T_34.9 ;
    %load/vec4 v0x573ce1429090_0;
    %store/vec4 v0x573ce1425190_0, 0, 32;
    %pushi/vec4 1, 0, 1;
    %store/vec4 v0x573ce1429150_0, 0, 1;
    %jmp T_34.10;
T_34.10 ;
    %pop/vec4 1;
    %jmp T_34.5;
T_34.2 ;
    %alloc S_0x573ce144a0c0;
    %load/vec4 v0x573ce142b550_0;
    %load/vec4 v0x573ce1425fd0_0;
    %store/vec4 v0x573ce1371bd0_0, 0, 128;
    %store/vec4 v0x573ce1371b30_0, 0, 128;
    %callf/vec4 TD_aes.core.dec_block.addroundkey, S_0x573ce144a0c0;
    %free S_0x573ce144a0c0;
    %store/vec4 v0x573ce142b910_0, 0, 128;
    %alloc S_0x573ce143d910;
    %load/vec4 v0x573ce142b910_0;
    %store/vec4 v0x573ce143de00_0, 0, 128;
    %callf/vec4 TD_aes.core.dec_block.inv_mixcolumns, S_0x573ce143d910;
    %free S_0x573ce143d910;
    %store/vec4 v0x573ce142b9f0_0, 0, 128;
    %alloc S_0x573ce142e610;
    %load/vec4 v0x573ce142b9f0_0;
    %store/vec4 v0x573ce142e190_0, 0, 128;
    %callf/vec4 TD_aes.core.dec_block.inv_shiftrows, S_0x573ce142e610;
    %free S_0x573ce142e610;
    %store/vec4 v0x573ce142b490_0, 0, 128;
    %load/vec4 v0x573ce142b490_0;
    %store/vec4 v0x573ce142a370_0, 0, 128;
    %pushi/vec4 1, 0, 1;
    %store/vec4 v0x573ce1429ef0_0, 0, 1;
    %pushi/vec4 1, 0, 1;
    %store/vec4 v0x573ce1429a50_0, 0, 1;
    %pushi/vec4 1, 0, 1;
    %store/vec4 v0x573ce14295d0_0, 0, 1;
    %pushi/vec4 1, 0, 1;
    %store/vec4 v0x573ce1429150_0, 0, 1;
    %jmp T_34.5;
T_34.3 ;
    %alloc S_0x573ce144a0c0;
    %load/vec4 v0x573ce142b550_0;
    %load/vec4 v0x573ce1425fd0_0;
    %store/vec4 v0x573ce1371bd0_0, 0, 128;
    %store/vec4 v0x573ce1371b30_0, 0, 128;
    %callf/vec4 TD_aes.core.dec_block.addroundkey, S_0x573ce144a0c0;
    %free S_0x573ce144a0c0;
    %store/vec4 v0x573ce142a370_0, 0, 128;
    %pushi/vec4 1, 0, 1;
    %store/vec4 v0x573ce1429ef0_0, 0, 1;
    %pushi/vec4 1, 0, 1;
    %store/vec4 v0x573ce1429a50_0, 0, 1;
    %pushi/vec4 1, 0, 1;
    %store/vec4 v0x573ce14295d0_0, 0, 1;
    %pushi/vec4 1, 0, 1;
    %store/vec4 v0x573ce1429150_0, 0, 1;
    %jmp T_34.5;
T_34.5 ;
    %pop/vec4 1;
    %end;
    .scope S_0x573ce12f5290;
t_16 %join;
    %jmp T_34;
    .thread T_34, $push;
    .scope S_0x573ce12f5290;
T_35 ;
    %wait E_0x573ce135fd00;
    %fork t_19, S_0x573ce142b010;
    %jmp t_18;
    .scope S_0x573ce142b010;
t_19 ;
    %pushi/vec4 0, 0, 2;
    %store/vec4 v0x573ce1425b50_0, 0, 2;
    %pushi/vec4 0, 0, 1;
    %store/vec4 v0x573ce14256d0_0, 0, 1;
    %load/vec4 v0x573ce1425610_0;
    %flag_set/vec4 8;
    %jmp/0xz  T_35.0, 8;
    %pushi/vec4 0, 0, 2;
    %store/vec4 v0x573ce1425b50_0, 0, 2;
    %pushi/vec4 1, 0, 1;
    %store/vec4 v0x573ce14256d0_0, 0, 1;
    %jmp T_35.1;
T_35.0 ;
    %load/vec4 v0x573ce1425a90_0;
    %flag_set/vec4 8;
    %jmp/0xz  T_35.2, 8;
    %load/vec4 v0x573ce12f1510_0;
    %addi 1, 0, 2;
    %store/vec4 v0x573ce1425b50_0, 0, 2;
    %pushi/vec4 1, 0, 1;
    %store/vec4 v0x573ce14256d0_0, 0, 1;
T_35.2 ;
T_35.1 ;
    %end;
    .scope S_0x573ce12f5290;
t_18 %join;
    %jmp T_35;
    .thread T_35, $push;
    .scope S_0x573ce12f5290;
T_36 ;
    %wait E_0x573ce13f3930;
    %fork t_21, S_0x573ce142c210;
    %jmp t_20;
    .scope S_0x573ce142c210;
t_21 ;
    %pushi/vec4 0, 0, 4;
    %store/vec4 v0x573ce14268d0_0, 0, 4;
    %pushi/vec4 0, 0, 1;
    %store/vec4 v0x573ce1425f10_0, 0, 1;
    %load/vec4 v0x573ce1426470_0;
    %flag_set/vec4 8;
    %jmp/0xz  T_36.0, 8;
    %load/vec4 v0x573ce1428310_0;
    %cmpi/e 1, 0, 1;
    %jmp/0xz  T_36.2, 4;
    %pushi/vec4 14, 0, 4;
    %store/vec4 v0x573ce14268d0_0, 0, 4;
    %jmp T_36.3;
T_36.2 ;
    %pushi/vec4 10, 0, 4;
    %store/vec4 v0x573ce14268d0_0, 0, 4;
T_36.3 ;
    %pushi/vec4 1, 0, 1;
    %store/vec4 v0x573ce1425f10_0, 0, 1;
    %jmp T_36.1;
T_36.0 ;
    %load/vec4 v0x573ce1426810_0;
    %flag_set/vec4 8;
    %jmp/0xz  T_36.4, 8;
    %load/vec4 v0x573ce1426390_0;
    %subi 1, 0, 4;
    %store/vec4 v0x573ce14268d0_0, 0, 4;
    %pushi/vec4 1, 0, 1;
    %store/vec4 v0x573ce1425f10_0, 0, 1;
T_36.4 ;
T_36.1 ;
    %end;
    .scope S_0x573ce12f5290;
t_20 %join;
    %jmp T_36;
    .thread T_36, $push;
    .scope S_0x573ce12f5290;
T_37 ;
    %wait E_0x573ce13f3df0;
    %fork t_23, S_0x573ce142ab90;
    %jmp t_22;
    .scope S_0x573ce142ab90;
t_23 ;
    %load/vec4 v0x573ce1424d10_0;
    %store/vec4 v0x573ce1425230_0, 0, 10;
    %pushi/vec4 0, 0, 1;
    %store/vec4 v0x573ce1424df0_0, 0, 1;
    %load/vec4 v0x573ce1424950_0;
    %store/vec4 v0x573ce1424890_0, 0, 1;
    %pushi/vec4 0, 0, 1;
    %store/vec4 v0x573ce1424410_0, 0, 1;
    %load/vec4 v0x573ce1427ad0_0;
    %pushi/vec4 1, 0, 1;
    %cmp/e;
    %flag_get/vec4 4;
    %load/vec4 v0x573ce1427110_0;
    %pushi/vec4 1, 0, 1;
    %cmp/e;
    %flag_get/vec4 4;
    %and;
    %load/vec4 v0x573ce1424950_0;
    %pushi/vec4 0, 0, 1;
    %cmp/e;
    %flag_get/vec4 4;
    %and;
    %flag_set/vec4 8;
    %jmp/0xz  T_37.0, 8;
    %load/vec4 v0x573ce1424d10_0;
    %cmpi/u 862, 0, 10;
    %jmp/0xz  T_37.2, 5;
    %load/vec4 v0x573ce1424d10_0;
    %addi 1, 0, 10;
    %store/vec4 v0x573ce1425230_0, 0, 10;
    %pushi/vec4 1, 0, 1;
    %store/vec4 v0x573ce1424df0_0, 0, 1;
    %load/vec4 v0x573ce1424d10_0;
    %addi 1, 0, 10;
    %cmpi/e 862, 0, 10;
    %jmp/0xz  T_37.4, 4;
    %pushi/vec4 1, 0, 1;
    %store/vec4 v0x573ce1424890_0, 0, 1;
    %pushi/vec4 1, 0, 1;
    %store/vec4 v0x573ce1424410_0, 0, 1;
T_37.4 ;
    %jmp T_37.3;
T_37.2 ;
    %load/vec4 v0x573ce1424d10_0;
    %store/vec4 v0x573ce1425230_0, 0, 10;
    %pushi/vec4 0, 0, 1;
    %store/vec4 v0x573ce1424df0_0, 0, 1;
    %pushi/vec4 1, 0, 1;
    %store/vec4 v0x573ce1424890_0, 0, 1;
    %pushi/vec4 1, 0, 1;
    %store/vec4 v0x573ce1424410_0, 0, 1;
T_37.3 ;
T_37.0 ;
    %end;
    .scope S_0x573ce12f5290;
t_22 %join;
    %jmp T_37;
    .thread T_37, $push;
    .scope S_0x573ce12f5290;
T_38 ;
    %wait E_0x573ce145ebc0;
    %fork t_25, S_0x573ce14492c0;
    %jmp t_24;
    .scope S_0x573ce14492c0;
t_25 ;
    %pushi/vec4 0, 0, 1;
    %store/vec4 v0x573ce1425a90_0, 0, 1;
    %pushi/vec4 0, 0, 1;
    %store/vec4 v0x573ce1425610_0, 0, 1;
    %pushi/vec4 0, 0, 1;
    %store/vec4 v0x573ce1426810_0, 0, 1;
    %pushi/vec4 0, 0, 1;
    %store/vec4 v0x573ce1426470_0, 0, 1;
    %pushi/vec4 0, 0, 1;
    %store/vec4 v0x573ce1427650_0, 0, 1;
    %pushi/vec4 0, 0, 1;
    %store/vec4 v0x573ce14271b0_0, 0, 1;
    %pushi/vec4 0, 0, 3;
    %store/vec4 v0x573ce14244b0_0, 0, 3;
    %pushi/vec4 0, 0, 2;
    %store/vec4 v0x573ce1428cb0_0, 0, 2;
    %pushi/vec4 0, 0, 1;
    %store/vec4 v0x573ce1428850_0, 0, 1;
    %load/vec4 v0x573ce1428790_0;
    %dup/vec4;
    %pushi/vec4 0, 0, 2;
    %cmp/u;
    %jmp/1 T_38.0, 6;
    %dup/vec4;
    %pushi/vec4 1, 0, 2;
    %cmp/u;
    %jmp/1 T_38.1, 6;
    %dup/vec4;
    %pushi/vec4 2, 0, 2;
    %cmp/u;
    %jmp/1 T_38.2, 6;
    %dup/vec4;
    %pushi/vec4 3, 0, 2;
    %cmp/u;
    %jmp/1 T_38.3, 6;
    %jmp T_38.5;
T_38.0 ;
    %load/vec4 v0x573ce1427ad0_0;
    %load/vec4 v0x573ce1424950_0;
    %pushi/vec4 0, 0, 1;
    %cmp/e;
    %flag_get/vec4 4;
    %and;
    %flag_set/vec4 8;
    %jmp/0xz  T_38.6, 8;
    %pushi/vec4 1, 0, 1;
    %store/vec4 v0x573ce1426470_0, 0, 1;
    %pushi/vec4 0, 0, 1;
    %store/vec4 v0x573ce1427650_0, 0, 1;
    %pushi/vec4 1, 0, 1;
    %store/vec4 v0x573ce14271b0_0, 0, 1;
    %pushi/vec4 1, 0, 2;
    %store/vec4 v0x573ce1428cb0_0, 0, 2;
    %pushi/vec4 1, 0, 1;
    %store/vec4 v0x573ce1428850_0, 0, 1;
T_38.6 ;
    %jmp T_38.5;
T_38.1 ;
    %pushi/vec4 1, 0, 1;
    %store/vec4 v0x573ce1425610_0, 0, 1;
    %pushi/vec4 1, 0, 3;
    %store/vec4 v0x573ce14244b0_0, 0, 3;
    %pushi/vec4 2, 0, 2;
    %store/vec4 v0x573ce1428cb0_0, 0, 2;
    %pushi/vec4 1, 0, 1;
    %store/vec4 v0x573ce1428850_0, 0, 1;
    %jmp T_38.5;
T_38.2 ;
    %pushi/vec4 1, 0, 1;
    %store/vec4 v0x573ce1425a90_0, 0, 1;
    %pushi/vec4 2, 0, 3;
    %store/vec4 v0x573ce14244b0_0, 0, 3;
    %load/vec4 v0x573ce12f1510_0;
    %cmpi/e 3, 0, 2;
    %jmp/0xz  T_38.8, 4;
    %pushi/vec4 1, 0, 1;
    %store/vec4 v0x573ce1426810_0, 0, 1;
    %pushi/vec4 3, 0, 2;
    %store/vec4 v0x573ce1428cb0_0, 0, 2;
    %pushi/vec4 1, 0, 1;
    %store/vec4 v0x573ce1428850_0, 0, 1;
T_38.8 ;
    %jmp T_38.5;
T_38.3 ;
    %pushi/vec4 1, 0, 1;
    %store/vec4 v0x573ce1425610_0, 0, 1;
    %load/vec4 v0x573ce1426390_0;
    %pad/u 32;
    %cmpi/u 0, 0, 32;
    %flag_or 5, 4; GT is !LE
    %flag_inv 5;
    %jmp/0xz  T_38.10, 5;
    %pushi/vec4 3, 0, 3;
    %store/vec4 v0x573ce14244b0_0, 0, 3;
    %pushi/vec4 2, 0, 2;
    %store/vec4 v0x573ce1428cb0_0, 0, 2;
    %pushi/vec4 1, 0, 1;
    %store/vec4 v0x573ce1428850_0, 0, 1;
    %jmp T_38.11;
T_38.10 ;
    %pushi/vec4 4, 0, 3;
    %store/vec4 v0x573ce14244b0_0, 0, 3;
    %pushi/vec4 1, 0, 1;
    %store/vec4 v0x573ce1427650_0, 0, 1;
    %pushi/vec4 1, 0, 1;
    %store/vec4 v0x573ce14271b0_0, 0, 1;
    %pushi/vec4 0, 0, 2;
    %store/vec4 v0x573ce1428cb0_0, 0, 2;
    %pushi/vec4 1, 0, 1;
    %store/vec4 v0x573ce1428850_0, 0, 1;
T_38.11 ;
    %jmp T_38.5;
T_38.5 ;
    %pop/vec4 1;
    %end;
    .scope S_0x573ce12f5290;
t_24 %join;
    %jmp T_38;
    .thread T_38, $push;
    .scope S_0x573ce1410910;
T_39 ;
    %wait E_0x573ce13d0bc0;
    %fork t_27, S_0x573ce140dc10;
    %jmp t_26;
    .scope S_0x573ce140dc10;
t_27 ;
    %load/vec4 v0x573ce1405a50_0;
    %nor/r;
    %flag_set/vec4 8;
    %jmp/0xz  T_39.0, 8;
    %pushi/vec4 0, 0, 32;
    %store/vec4 v0x573ce140d790_0, 0, 32;
T_39.2 ;
    %load/vec4 v0x573ce140d790_0;
    %cmpi/s 14, 0, 32;
    %flag_or 5, 4;
    %jmp/0xz T_39.3, 5;
    %pushi/vec4 0, 0, 128;
    %ix/getv/s 3, v0x573ce140d790_0;
    %ix/load 4, 0, 0; Constant delay
    %assign/vec4/a/d v0x573ce1409430, 0, 4;
    %load/vec4 v0x573ce140d790_0;
    %addi 1, 0, 32;
    %store/vec4 v0x573ce140d790_0, 0, 32;
    %jmp T_39.2;
T_39.3 ;
    %pushi/vec4 0, 0, 1;
    %assign/vec4 v0x573ce1405eb0_0, 0;
    %pushi/vec4 0, 0, 8;
    %assign/vec4 v0x573ce1406710_0, 0;
    %pushi/vec4 0, 0, 4;
    %assign/vec4 v0x573ce1404c10_0, 0;
    %pushi/vec4 0, 0, 128;
    %assign/vec4 v0x573ce14079d0_0, 0;
    %pushi/vec4 0, 0, 128;
    %assign/vec4 v0x573ce1407010_0, 0;
    %pushi/vec4 0, 0, 3;
    %assign/vec4 v0x573ce1408bd0_0, 0;
    %pushi/vec4 0, 0, 16;
    %assign/vec4 v0x573ce1403f70_0, 0;
    %pushi/vec4 0, 0, 1;
    %assign/vec4 v0x573ce1403650_0, 0;
    %jmp T_39.1;
T_39.0 ;
    %load/vec4 v0x573ce1405990_0;
    %flag_set/vec4 8;
    %jmp/0xz  T_39.4, 8;
    %load/vec4 v0x573ce1405e10_0;
    %assign/vec4 v0x573ce1405eb0_0, 0;
T_39.4 ;
    %load/vec4 v0x573ce1406290_0;
    %flag_set/vec4 8;
    %jmp/0xz  T_39.6, 8;
    %load/vec4 v0x573ce1406b90_0;
    %assign/vec4 v0x573ce1406710_0, 0;
T_39.6 ;
    %load/vec4 v0x573ce1236240_0;
    %flag_set/vec4 8;
    %jmp/0xz  T_39.8, 8;
    %load/vec4 v0x573ce1405150_0;
    %assign/vec4 v0x573ce1404c10_0, 0;
T_39.8 ;
    %load/vec4 v0x573ce14082e0_0;
    %flag_set/vec4 8;
    %jmp/0xz  T_39.10, 8;
    %load/vec4 v0x573ce1408750_0;
    %load/vec4 v0x573ce1404c10_0;
    %pad/u 6;
    %ix/vec4 3;
    %ix/load 4, 0, 0; Constant delay
    %assign/vec4/a/d v0x573ce1409430, 0, 4;
T_39.10 ;
    %load/vec4 v0x573ce1407490_0;
    %flag_set/vec4 8;
    %jmp/0xz  T_39.12, 8;
    %load/vec4 v0x573ce1407910_0;
    %assign/vec4 v0x573ce14079d0_0, 0;
T_39.12 ;
    %load/vec4 v0x573ce14070f0_0;
    %flag_set/vec4 8;
    %jmp/0xz  T_39.14, 8;
    %load/vec4 v0x573ce1407550_0;
    %assign/vec4 v0x573ce1407010_0, 0;
T_39.14 ;
    %load/vec4 v0x573ce1408690_0;
    %flag_set/vec4 8;
    %jmp/0xz  T_39.16, 8;
    %load/vec4 v0x573ce1408b10_0;
    %assign/vec4 v0x573ce1408bd0_0, 0;
T_39.16 ;
    %load/vec4 v0x573ce1403ab0_0;
    %flag_set/vec4 8;
    %jmp/0xz  T_39.18, 8;
    %load/vec4 v0x573ce1403e90_0;
    %assign/vec4 v0x573ce1403f70_0, 0;
T_39.18 ;
    %load/vec4 v0x573ce12f37c0_0;
    %flag_set/vec4 8;
    %jmp/0xz  T_39.20, 8;
    %load/vec4 v0x573ce1403590_0;
    %assign/vec4 v0x573ce1403650_0, 0;
T_39.20 ;
T_39.1 ;
    %end;
    .scope S_0x573ce1410910;
t_26 %join;
    %jmp T_39;
    .thread T_39;
    .scope S_0x573ce1410910;
T_40 ;
    %wait E_0x573ce140f7e0;
    %fork t_29, S_0x573ce140e990;
    %jmp t_28;
    .scope S_0x573ce140e990;
t_29 ;
    %load/vec4 v0x573ce1405560_0;
    %pad/u 6;
    %ix/vec4 4;
    %load/vec4a v0x573ce1409430, 4;
    %store/vec4 v0x573ce1404850_0, 0, 128;
    %end;
    .scope S_0x573ce1410910;
t_28 %join;
    %jmp T_40;
    .thread T_40, $push;
    .scope S_0x573ce1410910;
T_41 ;
    %wait E_0x573ce140fcc0;
    %fork t_31, S_0x573ce140ce90;
    %jmp t_30;
    .scope S_0x573ce140ce90;
t_31 ;
    %pushi/vec4 0, 0, 128;
    %store/vec4 v0x573ce1408750_0, 0, 128;
    %pushi/vec4 0, 0, 1;
    %store/vec4 v0x573ce14082e0_0, 0, 1;
    %pushi/vec4 0, 0, 128;
    %store/vec4 v0x573ce1407910_0, 0, 128;
    %pushi/vec4 0, 0, 1;
    %store/vec4 v0x573ce1407490_0, 0, 1;
    %pushi/vec4 0, 0, 128;
    %store/vec4 v0x573ce1407550_0, 0, 128;
    %pushi/vec4 0, 0, 1;
    %store/vec4 v0x573ce14070f0_0, 0, 1;
    %pushi/vec4 0, 0, 32;
    %store/vec4 v0x573ce140ca60_0, 0, 32;
    %pushi/vec4 0, 0, 32;
    %store/vec4 v0x573ce140c590_0, 0, 32;
    %pushi/vec4 0, 0, 32;
    %store/vec4 v0x573ce140c670_0, 0, 32;
    %pushi/vec4 0, 0, 32;
    %store/vec4 v0x573ce140c110_0, 0, 32;
    %pushi/vec4 1, 0, 1;
    %store/vec4 v0x573ce14067f0_0, 0, 1;
    %pushi/vec4 0, 0, 1;
    %store/vec4 v0x573ce1406c70_0, 0, 1;
    %load/vec4 v0x573ce14079d0_0;
    %parti/s 32, 96, 8;
    %store/vec4 v0x573ce140b910_0, 0, 32;
    %load/vec4 v0x573ce14079d0_0;
    %parti/s 32, 64, 8;
    %store/vec4 v0x573ce140b3d0_0, 0, 32;
    %load/vec4 v0x573ce14079d0_0;
    %parti/s 32, 32, 7;
    %store/vec4 v0x573ce140af10_0, 0, 32;
    %load/vec4 v0x573ce14079d0_0;
    %parti/s 32, 0, 2;
    %store/vec4 v0x573ce140aff0_0, 0, 32;
    %load/vec4 v0x573ce1407010_0;
    %parti/s 32, 96, 8;
    %store/vec4 v0x573ce140aa90_0, 0, 32;
    %load/vec4 v0x573ce1407010_0;
    %parti/s 32, 64, 8;
    %store/vec4 v0x573ce140ab70_0, 0, 32;
    %load/vec4 v0x573ce1407010_0;
    %parti/s 32, 32, 7;
    %store/vec4 v0x573ce140a610_0, 0, 32;
    %load/vec4 v0x573ce1407010_0;
    %parti/s 32, 0, 2;
    %store/vec4 v0x573ce140a6f0_0, 0, 32;
    %load/vec4 v0x573ce1406710_0;
    %concati/vec4 0, 0, 24;
    %store/vec4 v0x573ce140c1f0_0, 0, 32;
    %load/vec4 v0x573ce140a6f0_0;
    %store/vec4 v0x573ce1404310_0, 0, 32;
    %load/vec4 v0x573ce1407e30_0;
    %parti/s 24, 0, 2;
    %load/vec4 v0x573ce1407e30_0;
    %parti/s 8, 24, 6;
    %concat/vec4; draw_concat_vec4
    %store/vec4 v0x573ce140bc90_0, 0, 32;
    %load/vec4 v0x573ce140bc90_0;
    %load/vec4 v0x573ce140c1f0_0;
    %xor;
    %store/vec4 v0x573ce140bd70_0, 0, 32;
    %load/vec4 v0x573ce1407e30_0;
    %store/vec4 v0x573ce140b830_0, 0, 32;
    %load/vec4 v0x573ce1236410_0;
    %flag_set/vec4 8;
    %jmp/0xz  T_41.0, 8;
    %pushi/vec4 0, 0, 1;
    %store/vec4 v0x573ce14067f0_0, 0, 1;
    %pushi/vec4 1, 0, 1;
    %store/vec4 v0x573ce14082e0_0, 0, 1;
    %load/vec4 v0x573ce1407d90_0;
    %dup/vec4;
    %pushi/vec4 0, 0, 1;
    %cmp/u;
    %jmp/1 T_41.2, 6;
    %dup/vec4;
    %pushi/vec4 1, 0, 1;
    %cmp/u;
    %jmp/1 T_41.3, 6;
    %jmp T_41.5;
T_41.2 ;
    %load/vec4 v0x573ce1404c10_0;
    %pad/u 32;
    %cmpi/e 0, 0, 32;
    %jmp/0xz  T_41.6, 4;
    %load/vec4 v0x573ce1409980_0;
    %parti/s 128, 128, 9;
    %store/vec4 v0x573ce1408750_0, 0, 128;
    %load/vec4 v0x573ce1409980_0;
    %parti/s 128, 128, 9;
    %store/vec4 v0x573ce1407550_0, 0, 128;
    %pushi/vec4 1, 0, 1;
    %store/vec4 v0x573ce14070f0_0, 0, 1;
    %pushi/vec4 1, 0, 1;
    %store/vec4 v0x573ce1406c70_0, 0, 1;
    %jmp T_41.7;
T_41.6 ;
    %load/vec4 v0x573ce140aa90_0;
    %load/vec4 v0x573ce140bd70_0;
    %xor;
    %store/vec4 v0x573ce140ca60_0, 0, 32;
    %load/vec4 v0x573ce140ab70_0;
    %load/vec4 v0x573ce140aa90_0;
    %xor;
    %load/vec4 v0x573ce140bd70_0;
    %xor;
    %store/vec4 v0x573ce140c590_0, 0, 32;
    %load/vec4 v0x573ce140a610_0;
    %load/vec4 v0x573ce140ab70_0;
    %xor;
    %load/vec4 v0x573ce140aa90_0;
    %xor;
    %load/vec4 v0x573ce140bd70_0;
    %xor;
    %store/vec4 v0x573ce140c670_0, 0, 32;
    %load/vec4 v0x573ce140a6f0_0;
    %load/vec4 v0x573ce140a610_0;
    %xor;
    %load/vec4 v0x573ce140ab70_0;
    %xor;
    %load/vec4 v0x573ce140aa90_0;
    %xor;
    %load/vec4 v0x573ce140bd70_0;
    %xor;
    %store/vec4 v0x573ce140c110_0, 0, 32;
    %load/vec4 v0x573ce140ca60_0;
    %load/vec4 v0x573ce140c590_0;
    %concat/vec4; draw_concat_vec4
    %load/vec4 v0x573ce140c670_0;
    %concat/vec4; draw_concat_vec4
    %load/vec4 v0x573ce140c110_0;
    %concat/vec4; draw_concat_vec4
    %store/vec4 v0x573ce1408750_0, 0, 128;
    %load/vec4 v0x573ce140ca60_0;
    %load/vec4 v0x573ce140c590_0;
    %concat/vec4; draw_concat_vec4
    %load/vec4 v0x573ce140c670_0;
    %concat/vec4; draw_concat_vec4
    %load/vec4 v0x573ce140c110_0;
    %concat/vec4; draw_concat_vec4
    %store/vec4 v0x573ce1407550_0, 0, 128;
    %pushi/vec4 1, 0, 1;
    %store/vec4 v0x573ce14070f0_0, 0, 1;
    %pushi/vec4 1, 0, 1;
    %store/vec4 v0x573ce1406c70_0, 0, 1;
T_41.7 ;
    %jmp T_41.5;
T_41.3 ;
    %load/vec4 v0x573ce1404c10_0;
    %pad/u 32;
    %cmpi/e 0, 0, 32;
    %jmp/0xz  T_41.8, 4;
    %load/vec4 v0x573ce1409980_0;
    %parti/s 128, 128, 9;
    %store/vec4 v0x573ce1408750_0, 0, 128;
    %load/vec4 v0x573ce1409980_0;
    %parti/s 128, 128, 9;
    %store/vec4 v0x573ce1407910_0, 0, 128;
    %pushi/vec4 1, 0, 1;
    %store/vec4 v0x573ce1407490_0, 0, 1;
    %jmp T_41.9;
T_41.8 ;
    %load/vec4 v0x573ce1404c10_0;
    %pad/u 32;
    %cmpi/e 1, 0, 32;
    %jmp/0xz  T_41.10, 4;
    %load/vec4 v0x573ce1409980_0;
    %parti/s 128, 0, 2;
    %store/vec4 v0x573ce1408750_0, 0, 128;
    %load/vec4 v0x573ce1409980_0;
    %parti/s 128, 0, 2;
    %store/vec4 v0x573ce1407550_0, 0, 128;
    %pushi/vec4 1, 0, 1;
    %store/vec4 v0x573ce14070f0_0, 0, 1;
    %pushi/vec4 1, 0, 1;
    %store/vec4 v0x573ce1406c70_0, 0, 1;
    %jmp T_41.11;
T_41.10 ;
    %load/vec4 v0x573ce1404c10_0;
    %parti/s 1, 0, 2;
    %pad/u 32;
    %cmpi/e 0, 0, 32;
    %jmp/0xz  T_41.12, 4;
    %load/vec4 v0x573ce140b910_0;
    %load/vec4 v0x573ce140bd70_0;
    %xor;
    %store/vec4 v0x573ce140ca60_0, 0, 32;
    %load/vec4 v0x573ce140b3d0_0;
    %load/vec4 v0x573ce140b910_0;
    %xor;
    %load/vec4 v0x573ce140bd70_0;
    %xor;
    %store/vec4 v0x573ce140c590_0, 0, 32;
    %load/vec4 v0x573ce140af10_0;
    %load/vec4 v0x573ce140b3d0_0;
    %xor;
    %load/vec4 v0x573ce140b910_0;
    %xor;
    %load/vec4 v0x573ce140bd70_0;
    %xor;
    %store/vec4 v0x573ce140c670_0, 0, 32;
    %load/vec4 v0x573ce140aff0_0;
    %load/vec4 v0x573ce140af10_0;
    %xor;
    %load/vec4 v0x573ce140b3d0_0;
    %xor;
    %load/vec4 v0x573ce140b910_0;
    %xor;
    %load/vec4 v0x573ce140bd70_0;
    %xor;
    %store/vec4 v0x573ce140c110_0, 0, 32;
    %jmp T_41.13;
T_41.12 ;
    %load/vec4 v0x573ce140b910_0;
    %load/vec4 v0x573ce140b830_0;
    %xor;
    %store/vec4 v0x573ce140ca60_0, 0, 32;
    %load/vec4 v0x573ce140b3d0_0;
    %load/vec4 v0x573ce140b910_0;
    %xor;
    %load/vec4 v0x573ce140b830_0;
    %xor;
    %store/vec4 v0x573ce140c590_0, 0, 32;
    %load/vec4 v0x573ce140af10_0;
    %load/vec4 v0x573ce140b3d0_0;
    %xor;
    %load/vec4 v0x573ce140b910_0;
    %xor;
    %load/vec4 v0x573ce140b830_0;
    %xor;
    %store/vec4 v0x573ce140c670_0, 0, 32;
    %load/vec4 v0x573ce140aff0_0;
    %load/vec4 v0x573ce140af10_0;
    %xor;
    %load/vec4 v0x573ce140b3d0_0;
    %xor;
    %load/vec4 v0x573ce140b910_0;
    %xor;
    %load/vec4 v0x573ce140b830_0;
    %xor;
    %store/vec4 v0x573ce140c110_0, 0, 32;
    %pushi/vec4 1, 0, 1;
    %store/vec4 v0x573ce1406c70_0, 0, 1;
T_41.13 ;
    %load/vec4 v0x573ce140ca60_0;
    %load/vec4 v0x573ce140c590_0;
    %concat/vec4; draw_concat_vec4
    %load/vec4 v0x573ce140c670_0;
    %concat/vec4; draw_concat_vec4
    %load/vec4 v0x573ce140c110_0;
    %concat/vec4; draw_concat_vec4
    %store/vec4 v0x573ce1408750_0, 0, 128;
    %load/vec4 v0x573ce140ca60_0;
    %load/vec4 v0x573ce140c590_0;
    %concat/vec4; draw_concat_vec4
    %load/vec4 v0x573ce140c670_0;
    %concat/vec4; draw_concat_vec4
    %load/vec4 v0x573ce140c110_0;
    %concat/vec4; draw_concat_vec4
    %store/vec4 v0x573ce1407550_0, 0, 128;
    %pushi/vec4 1, 0, 1;
    %store/vec4 v0x573ce14070f0_0, 0, 1;
    %load/vec4 v0x573ce1407010_0;
    %store/vec4 v0x573ce1407910_0, 0, 128;
    %pushi/vec4 1, 0, 1;
    %store/vec4 v0x573ce1407490_0, 0, 1;
T_41.11 ;
T_41.9 ;
    %jmp T_41.5;
T_41.5 ;
    %pop/vec4 1;
T_41.0 ;
    %end;
    .scope S_0x573ce1410910;
t_30 %join;
    %jmp T_41;
    .thread T_41, $push;
    .scope S_0x573ce1410910;
T_42 ;
    %wait E_0x573ce140fc20;
    %fork t_33, S_0x573ce140e510;
    %jmp t_32;
    .scope S_0x573ce140e510;
t_33 ;
    %pushi/vec4 0, 0, 8;
    %store/vec4 v0x573ce1406b90_0, 0, 8;
    %pushi/vec4 0, 0, 1;
    %store/vec4 v0x573ce1406290_0, 0, 1;
    %load/vec4 v0x573ce1406710_0;
    %parti/s 7, 0, 2;
    %concati/vec4 0, 0, 1;
    %pushi/vec4 27, 0, 8;
    %load/vec4 v0x573ce1406710_0;
    %parti/s 1, 7, 4;
    %replicate 8;
    %and;
    %xor;
    %store/vec4 v0x573ce140e0e0_0, 0, 8;
    %load/vec4 v0x573ce14067f0_0;
    %flag_set/vec4 8;
    %jmp/0xz  T_42.0, 8;
    %pushi/vec4 141, 0, 8;
    %store/vec4 v0x573ce1406b90_0, 0, 8;
    %pushi/vec4 1, 0, 1;
    %store/vec4 v0x573ce1406290_0, 0, 1;
T_42.0 ;
    %load/vec4 v0x573ce1406c70_0;
    %flag_set/vec4 8;
    %jmp/0xz  T_42.2, 8;
    %load/vec4 v0x573ce140e0e0_0;
    %store/vec4 v0x573ce1406b90_0, 0, 8;
    %pushi/vec4 1, 0, 1;
    %store/vec4 v0x573ce1406290_0, 0, 1;
T_42.2 ;
    %end;
    .scope S_0x573ce1410910;
t_32 %join;
    %jmp T_42;
    .thread T_42, $push;
    .scope S_0x573ce1410910;
T_43 ;
    %wait E_0x573ce140fbc0;
    %fork t_35, S_0x573ce140d310;
    %jmp t_34;
    .scope S_0x573ce140d310;
t_35 ;
    %pushi/vec4 0, 0, 4;
    %store/vec4 v0x573ce1405150_0, 0, 4;
    %pushi/vec4 0, 0, 1;
    %store/vec4 v0x573ce1236240_0, 0, 1;
    %load/vec4 v0x573ce1404cf0_0;
    %flag_set/vec4 8;
    %jmp/0xz  T_43.0, 8;
    %pushi/vec4 0, 0, 4;
    %store/vec4 v0x573ce1405150_0, 0, 4;
    %pushi/vec4 1, 0, 1;
    %store/vec4 v0x573ce1236240_0, 0, 1;
    %jmp T_43.1;
T_43.0 ;
    %load/vec4 v0x573ce1405090_0;
    %flag_set/vec4 8;
    %jmp/0xz  T_43.2, 8;
    %load/vec4 v0x573ce1404c10_0;
    %addi 1, 0, 4;
    %store/vec4 v0x573ce1405150_0, 0, 4;
    %pushi/vec4 1, 0, 1;
    %store/vec4 v0x573ce1236240_0, 0, 1;
T_43.2 ;
T_43.1 ;
    %end;
    .scope S_0x573ce1410910;
t_34 %join;
    %jmp T_43;
    .thread T_43, $push;
    .scope S_0x573ce1410910;
T_44 ;
    %wait E_0x573ce1411370;
    %fork t_37, S_0x573ce140a190;
    %jmp t_36;
    .scope S_0x573ce140a190;
t_37 ;
    %load/vec4 v0x573ce1403f70_0;
    %store/vec4 v0x573ce1403e90_0, 0, 16;
    %pushi/vec4 0, 0, 1;
    %store/vec4 v0x573ce1403ab0_0, 0, 1;
    %pushi/vec4 0, 0, 1;
    %store/vec4 v0x573ce14043f0_0, 0, 1;
    %pushi/vec4 0, 0, 1;
    %store/vec4 v0x573ce1403a10_0, 0, 1;
    %load/vec4 v0x573ce1403650_0;
    %store/vec4 v0x573ce1403590_0, 0, 1;
    %pushi/vec4 0, 0, 1;
    %store/vec4 v0x573ce12f37c0_0, 0, 1;
    %load/vec4 v0x573ce1403650_0;
    %nor/r;
    %flag_set/vec4 8;
    %jmp/0xz  T_44.0, 8;
    %load/vec4 v0x573ce1408bd0_0;
    %pushi/vec4 3, 0, 3;
    %cmp/e;
    %flag_get/vec4 4;
    %load/vec4 v0x573ce1405eb0_0;
    %pushi/vec4 0, 0, 1;
    %cmp/e;
    %flag_get/vec4 4;
    %and;
    %flag_set/vec4 8;
    %jmp/0xz  T_44.2, 8;
    %load/vec4 v0x573ce1403f70_0;
    %addi 1, 0, 16;
    %store/vec4 v0x573ce1403e90_0, 0, 16;
    %pushi/vec4 1, 0, 1;
    %store/vec4 v0x573ce1403ab0_0, 0, 1;
    %pushi/vec4 1, 0, 1;
    %store/vec4 v0x573ce14043f0_0, 0, 1;
T_44.2 ;
T_44.0 ;
    %load/vec4 v0x573ce1405a50_0;
    %nor/r;
    %flag_set/vec4 8;
    %jmp/0xz  T_44.4, 8;
    %pushi/vec4 0, 0, 16;
    %store/vec4 v0x573ce1403e90_0, 0, 16;
    %pushi/vec4 1, 0, 1;
    %store/vec4 v0x573ce1403ab0_0, 0, 1;
    %pushi/vec4 0, 0, 1;
    %store/vec4 v0x573ce1403590_0, 0, 1;
    %pushi/vec4 1, 0, 1;
    %store/vec4 v0x573ce12f37c0_0, 0, 1;
T_44.4 ;
    %pushi/vec4 862, 0, 16;
    %load/vec4 v0x573ce1403f70_0;
    %cmp/u;
    %flag_get/vec4 4;
    %flag_get/vec4 5;
    %or;
    %load/vec4 v0x573ce1403650_0;
    %inv;
    %and;
    %flag_set/vec4 8;
    %jmp/0xz  T_44.6, 8;
    %pushi/vec4 1, 0, 1;
    %store/vec4 v0x573ce1403590_0, 0, 1;
    %pushi/vec4 1, 0, 1;
    %store/vec4 v0x573ce12f37c0_0, 0, 1;
T_44.6 ;
    %load/vec4 v0x573ce1405a50_0;
    %nor/r;
    %flag_set/vec4 8;
    %jmp/0xz  T_44.8, 8;
    %pushi/vec4 0, 0, 1;
    %store/vec4 v0x573ce1403590_0, 0, 1;
    %pushi/vec4 1, 0, 1;
    %store/vec4 v0x573ce12f37c0_0, 0, 1;
T_44.8 ;
    %end;
    .scope S_0x573ce1410910;
t_36 %join;
    %jmp T_44;
    .thread T_44, $push;
    .scope S_0x573ce1410910;
T_45 ;
    %wait E_0x573ce14117f0;
    %fork t_39, S_0x573ce140ee10;
    %jmp t_38;
    .scope S_0x573ce140ee10;
t_39 ;
    %pushi/vec4 0, 0, 1;
    %store/vec4 v0x573ce1405e10_0, 0, 1;
    %pushi/vec4 0, 0, 1;
    %store/vec4 v0x573ce1405990_0, 0, 1;
    %pushi/vec4 0, 0, 1;
    %store/vec4 v0x573ce1236410_0, 0, 1;
    %pushi/vec4 0, 0, 1;
    %store/vec4 v0x573ce1404cf0_0, 0, 1;
    %pushi/vec4 0, 0, 1;
    %store/vec4 v0x573ce1405090_0, 0, 1;
    %pushi/vec4 0, 0, 3;
    %store/vec4 v0x573ce1408b10_0, 0, 3;
    %pushi/vec4 0, 0, 1;
    %store/vec4 v0x573ce1408690_0, 0, 1;
    %load/vec4 v0x573ce1407d90_0;
    %cmpi/e 0, 0, 1;
    %jmp/0xz  T_45.0, 4;
    %pushi/vec4 10, 0, 4;
    %store/vec4 v0x573ce140f320_0, 0, 4;
    %jmp T_45.1;
T_45.0 ;
    %pushi/vec4 14, 0, 4;
    %store/vec4 v0x573ce140f320_0, 0, 4;
T_45.1 ;
    %load/vec4 v0x573ce1403650_0;
    %flag_set/vec4 8;
    %jmp/0xz  T_45.2, 8;
    %pushi/vec4 0, 0, 1;
    %store/vec4 v0x573ce1405e10_0, 0, 1;
    %pushi/vec4 1, 0, 1;
    %store/vec4 v0x573ce1405990_0, 0, 1;
    %pushi/vec4 0, 0, 1;
    %store/vec4 v0x573ce1236410_0, 0, 1;
    %pushi/vec4 0, 0, 1;
    %store/vec4 v0x573ce1404cf0_0, 0, 1;
    %pushi/vec4 0, 0, 1;
    %store/vec4 v0x573ce1405090_0, 0, 1;
    %pushi/vec4 0, 0, 3;
    %store/vec4 v0x573ce1408b10_0, 0, 3;
    %pushi/vec4 1, 0, 1;
    %store/vec4 v0x573ce1408690_0, 0, 1;
    %jmp T_45.3;
T_45.2 ;
    %load/vec4 v0x573ce1408bd0_0;
    %dup/vec4;
    %pushi/vec4 0, 0, 3;
    %cmp/u;
    %jmp/1 T_45.4, 6;
    %dup/vec4;
    %pushi/vec4 1, 0, 3;
    %cmp/u;
    %jmp/1 T_45.5, 6;
    %dup/vec4;
    %pushi/vec4 2, 0, 3;
    %cmp/u;
    %jmp/1 T_45.6, 6;
    %dup/vec4;
    %pushi/vec4 3, 0, 3;
    %cmp/u;
    %jmp/1 T_45.7, 6;
    %jmp T_45.9;
T_45.4 ;
    %load/vec4 v0x573ce14098e0_0;
    %flag_set/vec4 8;
    %jmp/0xz  T_45.10, 8;
    %pushi/vec4 0, 0, 1;
    %store/vec4 v0x573ce1405e10_0, 0, 1;
    %pushi/vec4 1, 0, 1;
    %store/vec4 v0x573ce1405990_0, 0, 1;
    %pushi/vec4 1, 0, 3;
    %store/vec4 v0x573ce1408b10_0, 0, 3;
    %pushi/vec4 1, 0, 1;
    %store/vec4 v0x573ce1408690_0, 0, 1;
T_45.10 ;
    %jmp T_45.9;
T_45.5 ;
    %pushi/vec4 1, 0, 1;
    %store/vec4 v0x573ce1404cf0_0, 0, 1;
    %pushi/vec4 2, 0, 3;
    %store/vec4 v0x573ce1408b10_0, 0, 3;
    %pushi/vec4 1, 0, 1;
    %store/vec4 v0x573ce1408690_0, 0, 1;
    %jmp T_45.9;
T_45.6 ;
    %pushi/vec4 1, 0, 1;
    %store/vec4 v0x573ce1405090_0, 0, 1;
    %pushi/vec4 1, 0, 1;
    %store/vec4 v0x573ce1236410_0, 0, 1;
    %load/vec4 v0x573ce1404c10_0;
    %load/vec4 v0x573ce140f320_0;
    %cmp/e;
    %jmp/0xz  T_45.12, 4;
    %pushi/vec4 3, 0, 3;
    %store/vec4 v0x573ce1408b10_0, 0, 3;
    %pushi/vec4 1, 0, 1;
    %store/vec4 v0x573ce1408690_0, 0, 1;
T_45.12 ;
    %jmp T_45.9;
T_45.7 ;
    %pushi/vec4 1, 0, 1;
    %store/vec4 v0x573ce1405e10_0, 0, 1;
    %pushi/vec4 1, 0, 1;
    %store/vec4 v0x573ce1405990_0, 0, 1;
    %pushi/vec4 0, 0, 3;
    %store/vec4 v0x573ce1408b10_0, 0, 3;
    %pushi/vec4 1, 0, 1;
    %store/vec4 v0x573ce1408690_0, 0, 1;
    %jmp T_45.9;
T_45.9 ;
    %pop/vec4 1;
T_45.3 ;
    %end;
    .scope S_0x573ce1410910;
t_38 %join;
    %jmp T_45;
    .thread T_45, $push;
    .scope S_0x573ce13cf670;
T_46 ;
    %wait E_0x573ce12f3920;
    %load/vec4 v0x573ce13ca570_0;
    %nor/r;
    %flag_set/vec4 8;
    %jmp/0xz  T_46.0, 8;
    %pushi/vec4 0, 0, 10;
    %assign/vec4 v0x573ce13cb3b0_0, 0;
    %pushi/vec4 0, 0, 1;
    %assign/vec4 v0x573ce13ca9f0_0, 0;
    %jmp T_46.1;
T_46.0 ;
    %load/vec4 v0x573ce13ca9f0_0;
    %inv;
    %flag_set/vec4 8;
    %jmp/0xz  T_46.2, 8;
    %load/vec4 v0x573ce13cae70_0;
    %flag_set/vec4 8;
    %jmp/0xz  T_46.4, 8;
    %load/vec4 v0x573ce13cb3b0_0;
    %cmpi/e 861, 0, 10;
    %jmp/0xz  T_46.6, 4;
    %load/vec4 v0x573ce13cb3b0_0;
    %addi 1, 0, 10;
    %assign/vec4 v0x573ce13cb3b0_0, 0;
    %pushi/vec4 1, 0, 1;
    %assign/vec4 v0x573ce13ca9f0_0, 0;
    %jmp T_46.7;
T_46.6 ;
    %load/vec4 v0x573ce13cb3b0_0;
    %cmpi/u 861, 0, 10;
    %jmp/0xz  T_46.8, 5;
    %load/vec4 v0x573ce13cb3b0_0;
    %addi 1, 0, 10;
    %assign/vec4 v0x573ce13cb3b0_0, 0;
    %jmp T_46.9;
T_46.8 ;
    %load/vec4 v0x573ce13cb3b0_0;
    %assign/vec4 v0x573ce13cb3b0_0, 0;
T_46.9 ;
T_46.7 ;
T_46.4 ;
T_46.2 ;
T_46.1 ;
    %jmp T_46;
    .thread T_46;
    .scope S_0x573ce13d12f0;
T_47 ;
    %wait E_0x573ce13d0bc0;
    %fork t_41, S_0x573ce12f2410;
    %jmp t_40;
    .scope S_0x573ce12f2410;
t_41 ;
    %load/vec4 v0x573ce13bfef0_0;
    %nor/r;
    %flag_set/vec4 8;
    %jmp/0xz  T_47.0, 8;
    %pushi/vec4 0, 0, 1;
    %assign/vec4 v0x573ce12984c0_0, 0;
    %pushi/vec4 1, 0, 1;
    %assign/vec4 v0x573ce13c0370_0, 0;
    %pushi/vec4 0, 0, 2;
    %assign/vec4 v0x573ce13c4270_0, 0;
    %pushi/vec4 0, 0, 10;
    %assign/vec4 v0x573ce13bf6b0_0, 0;
    %pushi/vec4 0, 0, 1;
    %assign/vec4 v0x573ce13bf230_0, 0;
    %jmp T_47.1;
T_47.0 ;
    %load/vec4 v0x573ce13bfa70_0;
    %flag_set/vec4 8;
    %jmp/0xz  T_47.2, 8;
    %load/vec4 v0x573ce1298400_0;
    %assign/vec4 v0x573ce12984c0_0, 0;
T_47.2 ;
    %load/vec4 v0x573ce13c0410_0;
    %flag_set/vec4 8;
    %jmp/0xz  T_47.4, 8;
    %load/vec4 v0x573ce13c08b0_0;
    %assign/vec4 v0x573ce13c0370_0, 0;
T_47.4 ;
    %load/vec4 v0x573ce13c4350_0;
    %flag_set/vec4 8;
    %jmp/0xz  T_47.6, 8;
    %load/vec4 v0x573ce1262f10_0;
    %assign/vec4 v0x573ce13c4270_0, 0;
T_47.6 ;
    %load/vec4 v0x573ce13bf5f0_0;
    %flag_set/vec4 8;
    %jmp/0xz  T_47.8, 8;
    %load/vec4 v0x573ce13bf6b0_0;
    %addi 1, 0, 10;
    %assign/vec4 v0x573ce13bf6b0_0, 0;
    %jmp T_47.9;
T_47.8 ;
    %load/vec4 v0x573ce13c22f0_0;
    %flag_set/vec4 8;
    %jmp/0xz  T_47.10, 8;
    %pushi/vec4 0, 0, 10;
    %assign/vec4 v0x573ce13bf6b0_0, 0;
T_47.10 ;
T_47.9 ;
    %load/vec4 v0x573ce13becf0_0;
    %flag_set/vec4 8;
    %jmp/0xz  T_47.12, 8;
    %load/vec4 v0x573ce13bf170_0;
    %assign/vec4 v0x573ce13bf230_0, 0;
T_47.12 ;
T_47.1 ;
    %end;
    .scope S_0x573ce13d12f0;
t_40 %join;
    %jmp T_47;
    .thread T_47;
    .scope S_0x573ce13d12f0;
T_48 ;
    %wait E_0x573ce145eb80;
    %fork t_43, S_0x573ce13c46f0;
    %jmp t_42;
    .scope S_0x573ce13c46f0;
t_43 ;
    %load/vec4 v0x573ce13c2390_0;
    %flag_set/vec4 8;
    %jmp/0xz  T_48.0, 8;
    %load/vec4 v0x573ce13c1a90_0;
    %store/vec4 v0x573ce13c11b0_0, 0, 32;
    %jmp T_48.1;
T_48.0 ;
    %load/vec4 v0x573ce13c2770_0;
    %store/vec4 v0x573ce13c11b0_0, 0, 32;
T_48.1 ;
    %end;
    .scope S_0x573ce13d12f0;
t_42 %join;
    %jmp T_48;
    .thread T_48, $push;
    .scope S_0x573ce13d12f0;
T_49 ;
    %wait E_0x573ce145e520;
    %fork t_45, S_0x573ce1410d90;
    %jmp t_44;
    .scope S_0x573ce1410d90;
t_45 ;
    %load/vec4 v0x573ce13bf230_0;
    %flag_set/vec4 8;
    %jmp/0xz  T_49.0, 8;
    %pushi/vec4 0, 0, 1;
    %store/vec4 v0x573ce13c3110_0, 0, 1;
    %pushi/vec4 0, 0, 1;
    %store/vec4 v0x573ce13c3a30_0, 0, 1;
    %load/vec4 v0x573ce13c2810_0;
    %flag_set/vec4 8;
    %jmp/0 T_49.2, 8;
    %load/vec4 v0x573ce13c2c90_0;
    %jmp/1 T_49.3, 8;
T_49.2 ; End of true expr.
    %load/vec4 v0x573ce13c3590_0;
    %jmp/0 T_49.3, 8;
 ; End of false expr.
    %blend;
T_49.3;
    %store/vec4 v0x573ce13c10f0_0, 0, 4;
    %load/vec4 v0x573ce13c2810_0;
    %flag_set/vec4 8;
    %jmp/0 T_49.4, 8;
    %load/vec4 v0x573ce13c3070_0;
    %jmp/1 T_49.5, 8;
T_49.4 ; End of true expr.
    %load/vec4 v0x573ce13c3970_0;
    %jmp/0 T_49.5, 8;
 ; End of false expr.
    %blend;
T_49.5;
    %store/vec4 v0x573ce13c1570_0, 0, 128;
    %pushi/vec4 0, 0, 1;
    %store/vec4 v0x573ce13c1610_0, 0, 1;
    %jmp T_49.1;
T_49.0 ;
    %pushi/vec4 0, 0, 1;
    %store/vec4 v0x573ce13c3110_0, 0, 1;
    %pushi/vec4 0, 0, 1;
    %store/vec4 v0x573ce13c3a30_0, 0, 1;
    %load/vec4 v0x573ce13c2810_0;
    %flag_set/vec4 8;
    %jmp/0xz  T_49.6, 8;
    %load/vec4 v0x573ce13c0d10_0;
    %store/vec4 v0x573ce13c3110_0, 0, 1;
    %load/vec4 v0x573ce13c2c90_0;
    %store/vec4 v0x573ce13c10f0_0, 0, 4;
    %load/vec4 v0x573ce13c3070_0;
    %store/vec4 v0x573ce13c1570_0, 0, 128;
    %load/vec4 v0x573ce13c2bf0_0;
    %store/vec4 v0x573ce13c1610_0, 0, 1;
    %jmp T_49.7;
T_49.6 ;
    %load/vec4 v0x573ce13c0d10_0;
    %store/vec4 v0x573ce13c3a30_0, 0, 1;
    %load/vec4 v0x573ce13c3590_0;
    %store/vec4 v0x573ce13c10f0_0, 0, 4;
    %load/vec4 v0x573ce13c3970_0;
    %store/vec4 v0x573ce13c1570_0, 0, 128;
    %load/vec4 v0x573ce13c34f0_0;
    %store/vec4 v0x573ce13c1610_0, 0, 1;
T_49.7 ;
T_49.1 ;
    %end;
    .scope S_0x573ce13d12f0;
t_44 %join;
    %jmp T_49;
    .thread T_49, $push;
    .scope S_0x573ce13d12f0;
T_50 ;
    %wait E_0x573ce114b9b0;
    %fork t_47, S_0x573ce12f4eb0;
    %jmp t_46;
    .scope S_0x573ce12f4eb0;
t_47 ;
    %pushi/vec4 0, 0, 1;
    %store/vec4 v0x573ce13c2390_0, 0, 1;
    %pushi/vec4 0, 0, 1;
    %store/vec4 v0x573ce13c08b0_0, 0, 1;
    %pushi/vec4 0, 0, 1;
    %store/vec4 v0x573ce13c0410_0, 0, 1;
    %pushi/vec4 0, 0, 1;
    %store/vec4 v0x573ce1298400_0, 0, 1;
    %pushi/vec4 0, 0, 1;
    %store/vec4 v0x573ce13bfa70_0, 0, 1;
    %pushi/vec4 0, 0, 2;
    %store/vec4 v0x573ce1262f10_0, 0, 2;
    %pushi/vec4 0, 0, 1;
    %store/vec4 v0x573ce13c4350_0, 0, 1;
    %pushi/vec4 0, 0, 1;
    %store/vec4 v0x573ce13bf5f0_0, 0, 1;
    %load/vec4 v0x573ce13bf230_0;
    %store/vec4 v0x573ce13bf170_0, 0, 1;
    %pushi/vec4 0, 0, 1;
    %store/vec4 v0x573ce13becf0_0, 0, 1;
    %load/vec4 v0x573ce13c4270_0;
    %dup/vec4;
    %pushi/vec4 0, 0, 2;
    %cmp/u;
    %jmp/1 T_50.0, 6;
    %dup/vec4;
    %pushi/vec4 1, 0, 2;
    %cmp/u;
    %jmp/1 T_50.1, 6;
    %dup/vec4;
    %pushi/vec4 2, 0, 2;
    %cmp/u;
    %jmp/1 T_50.2, 6;
    %pushi/vec4 0, 0, 1;
    %store/vec4 v0x573ce13bf5f0_0, 0, 1;
    %load/vec4 v0x573ce13bf230_0;
    %store/vec4 v0x573ce13bf170_0, 0, 1;
    %pushi/vec4 0, 0, 1;
    %store/vec4 v0x573ce13becf0_0, 0, 1;
    %jmp T_50.4;
T_50.0 ;
    %load/vec4 v0x573ce13c22f0_0;
    %flag_set/vec4 8;
    %jmp/0xz  T_50.5, 8;
    %pushi/vec4 1, 0, 1;
    %store/vec4 v0x573ce13c2390_0, 0, 1;
    %pushi/vec4 0, 0, 1;
    %store/vec4 v0x573ce13c08b0_0, 0, 1;
    %pushi/vec4 1, 0, 1;
    %store/vec4 v0x573ce13c0410_0, 0, 1;
    %pushi/vec4 0, 0, 1;
    %store/vec4 v0x573ce1298400_0, 0, 1;
    %pushi/vec4 1, 0, 1;
    %store/vec4 v0x573ce13bfa70_0, 0, 1;
    %pushi/vec4 1, 0, 2;
    %store/vec4 v0x573ce1262f10_0, 0, 2;
    %pushi/vec4 1, 0, 1;
    %store/vec4 v0x573ce13c4350_0, 0, 1;
    %jmp T_50.6;
T_50.5 ;
    %load/vec4 v0x573ce13c0d10_0;
    %flag_set/vec4 8;
    %jmp/0xz  T_50.7, 8;
    %pushi/vec4 0, 0, 1;
    %store/vec4 v0x573ce13c2390_0, 0, 1;
    %pushi/vec4 0, 0, 1;
    %store/vec4 v0x573ce13c08b0_0, 0, 1;
    %pushi/vec4 1, 0, 1;
    %store/vec4 v0x573ce13c0410_0, 0, 1;
    %pushi/vec4 0, 0, 1;
    %store/vec4 v0x573ce1298400_0, 0, 1;
    %pushi/vec4 1, 0, 1;
    %store/vec4 v0x573ce13bfa70_0, 0, 1;
    %pushi/vec4 2, 0, 2;
    %store/vec4 v0x573ce1262f10_0, 0, 2;
    %pushi/vec4 1, 0, 1;
    %store/vec4 v0x573ce13c4350_0, 0, 1;
    %load/vec4 v0x573ce13c2810_0;
    %load/vec4 v0x573ce13bf230_0;
    %nor/r;
    %and;
    %flag_set/vec4 8;
    %jmp/0xz  T_50.9, 8;
    %pushi/vec4 1, 0, 1;
    %store/vec4 v0x573ce13bf5f0_0, 0, 1;
T_50.9 ;
T_50.7 ;
T_50.6 ;
    %jmp T_50.4;
T_50.1 ;
    %pushi/vec4 1, 0, 1;
    %store/vec4 v0x573ce13c2390_0, 0, 1;
    %load/vec4 v0x573ce13c1f40_0;
    %flag_set/vec4 8;
    %jmp/0xz  T_50.11, 8;
    %pushi/vec4 1, 0, 1;
    %store/vec4 v0x573ce13c08b0_0, 0, 1;
    %pushi/vec4 1, 0, 1;
    %store/vec4 v0x573ce13c0410_0, 0, 1;
    %pushi/vec4 0, 0, 2;
    %store/vec4 v0x573ce1262f10_0, 0, 2;
    %pushi/vec4 1, 0, 1;
    %store/vec4 v0x573ce13c4350_0, 0, 1;
T_50.11 ;
    %jmp T_50.4;
T_50.2 ;
    %pushi/vec4 0, 0, 1;
    %store/vec4 v0x573ce13c2390_0, 0, 1;
    %load/vec4 v0x573ce13c1610_0;
    %flag_set/vec4 8;
    %jmp/0xz  T_50.13, 8;
    %pushi/vec4 1, 0, 1;
    %store/vec4 v0x573ce13c08b0_0, 0, 1;
    %pushi/vec4 1, 0, 1;
    %store/vec4 v0x573ce13c0410_0, 0, 1;
    %pushi/vec4 1, 0, 1;
    %store/vec4 v0x573ce1298400_0, 0, 1;
    %pushi/vec4 1, 0, 1;
    %store/vec4 v0x573ce13bfa70_0, 0, 1;
    %pushi/vec4 0, 0, 2;
    %store/vec4 v0x573ce1262f10_0, 0, 2;
    %pushi/vec4 1, 0, 1;
    %store/vec4 v0x573ce13c4350_0, 0, 1;
T_50.13 ;
    %jmp T_50.4;
T_50.4 ;
    %pop/vec4 1;
    %load/vec4 v0x573ce13bf6b0_0;
    %cmpi/u 862, 0, 10;
    %flag_inv 5; GE is !LT
    %jmp/0xz  T_50.15, 5;
    %pushi/vec4 1, 0, 1;
    %store/vec4 v0x573ce13bf170_0, 0, 1;
    %pushi/vec4 1, 0, 1;
    %store/vec4 v0x573ce13becf0_0, 0, 1;
T_50.15 ;
    %end;
    .scope S_0x573ce13d12f0;
t_46 %join;
    %jmp T_50;
    .thread T_50, $push;
    .scope S_0x573ce1449610;
T_51 ;
    %wait E_0x573ce13d0bc0;
    %fork t_49, S_0x573ce13be870;
    %jmp t_48;
    .scope S_0x573ce13be870;
t_49 ;
    %load/vec4 v0x573ce13b9bf0_0;
    %nor/r;
    %flag_set/vec4 8;
    %jmp/0xz  T_51.0, 8;
    %pushi/vec4 0, 0, 32;
    %store/vec4 v0x573ce13be3f0_0, 0, 32;
T_51.2 ;
    %load/vec4 v0x573ce13be3f0_0;
    %cmpi/s 4, 0, 32;
    %jmp/0xz T_51.3, 5;
    %pushi/vec4 0, 0, 32;
    %ix/getv/s 3, v0x573ce13be3f0_0;
    %ix/load 4, 0, 0; Constant delay
    %assign/vec4/a/d v0x573ce13bdaf0, 0, 4;
    %load/vec4 v0x573ce13be3f0_0;
    %addi 1, 0, 32;
    %store/vec4 v0x573ce13be3f0_0, 0, 32;
    %jmp T_51.2;
T_51.3 ;
    %pushi/vec4 0, 0, 32;
    %store/vec4 v0x573ce13be3f0_0, 0, 32;
T_51.4 ;
    %load/vec4 v0x573ce13be3f0_0;
    %cmpi/s 8, 0, 32;
    %jmp/0xz T_51.5, 5;
    %pushi/vec4 0, 0, 32;
    %ix/getv/s 3, v0x573ce13be3f0_0;
    %ix/load 4, 0, 0; Constant delay
    %assign/vec4/a/d v0x573ce13badf0, 0, 4;
    %load/vec4 v0x573ce13be3f0_0;
    %addi 1, 0, 32;
    %store/vec4 v0x573ce13be3f0_0, 0, 32;
    %jmp T_51.4;
T_51.5 ;
    %pushi/vec4 0, 0, 1;
    %assign/vec4 v0x573ce13bb310_0, 0;
    %pushi/vec4 0, 0, 1;
    %assign/vec4 v0x573ce13ba5b0_0, 0;
    %pushi/vec4 0, 0, 1;
    %assign/vec4 v0x573ce13bb790_0, 0;
    %pushi/vec4 0, 0, 1;
    %assign/vec4 v0x573ce13baa10_0, 0;
    %pushi/vec4 0, 0, 128;
    %assign/vec4 v0x573ce13b9c90_0, 0;
    %pushi/vec4 0, 0, 1;
    %assign/vec4 v0x573ce13b9390_0, 0;
    %pushi/vec4 0, 0, 1;
    %assign/vec4 v0x573ce13ba130_0, 0;
    %pushi/vec4 0, 0, 10;
    %assign/vec4 v0x573ce13b9850_0, 0;
    %pushi/vec4 0, 0, 1;
    %assign/vec4 v0x573ce13b92f0_0, 0;
    %jmp T_51.1;
T_51.0 ;
    %load/vec4 v0x573ce13bc090_0;
    %assign/vec4 v0x573ce13ba130_0, 0;
    %load/vec4 v0x573ce13bbc40_0;
    %assign/vec4 v0x573ce13b9390_0, 0;
    %load/vec4 v0x573ce13bbb70_0;
    %assign/vec4 v0x573ce13b9c90_0, 0;
    %load/vec4 v0x573ce13bb270_0;
    %assign/vec4 v0x573ce13bb310_0, 0;
    %load/vec4 v0x573ce13ba4f0_0;
    %assign/vec4 v0x573ce13ba5b0_0, 0;
    %load/vec4 v0x573ce13bd290_0;
    %flag_set/vec4 8;
    %jmp/0xz  T_51.6, 8;
    %load/vec4 v0x573ce11e9690_0;
    %parti/s 1, 0, 2;
    %assign/vec4 v0x573ce13bb790_0, 0;
    %load/vec4 v0x573ce11e9690_0;
    %parti/s 1, 1, 2;
    %assign/vec4 v0x573ce13baa10_0, 0;
T_51.6 ;
    %load/vec4 v0x573ce13ba970_0;
    %flag_set/vec4 8;
    %jmp/0xz  T_51.8, 8;
    %load/vec4 v0x573ce11e9690_0;
    %load/vec4 v0x573ce13be030_0;
    %parti/s 3, 0, 2;
    %pad/u 5;
    %ix/vec4 3;
    %ix/load 4, 0, 0; Constant delay
    %assign/vec4/a/d v0x573ce13badf0, 0, 4;
T_51.8 ;
    %load/vec4 v0x573ce13bd670_0;
    %flag_set/vec4 8;
    %jmp/0xz  T_51.10, 8;
    %load/vec4 v0x573ce11e9690_0;
    %load/vec4 v0x573ce13be030_0;
    %parti/s 2, 0, 2;
    %pad/u 4;
    %ix/vec4 3;
    %ix/load 4, 0, 0; Constant delay
    %assign/vec4/a/d v0x573ce13bdaf0, 0, 4;
T_51.10 ;
    %load/vec4 v0x573ce13b92f0_0;
    %nor/r;
    %flag_set/vec4 8;
    %jmp/0xz  T_51.12, 8;
    %load/vec4 v0x573ce13bb270_0;
    %load/vec4 v0x573ce13ba4f0_0;
    %or;
    %load/vec4 v0x573ce13bb790_0;
    %pushi/vec4 1, 0, 1;
    %cmp/e;
    %flag_get/vec4 4;
    %and;
    %flag_set/vec4 8;
    %jmp/0xz  T_51.14, 8;
    %load/vec4 v0x573ce13b9850_0;
    %cmpi/u 862, 0, 10;
    %jmp/0xz  T_51.16, 5;
    %load/vec4 v0x573ce13b9850_0;
    %addi 1, 0, 10;
    %assign/vec4 v0x573ce13b9850_0, 0;
    %jmp T_51.17;
T_51.16 ;
    %load/vec4 v0x573ce13b9850_0;
    %assign/vec4 v0x573ce13b9850_0, 0;
T_51.17 ;
    %jmp T_51.15;
T_51.14 ;
    %load/vec4 v0x573ce13b9850_0;
    %assign/vec4 v0x573ce13b9850_0, 0;
T_51.15 ;
    %load/vec4 v0x573ce13b9850_0;
    %cmpi/e 862, 0, 10;
    %jmp/0xz  T_51.18, 4;
    %pushi/vec4 1, 0, 1;
    %assign/vec4 v0x573ce13b92f0_0, 0;
    %jmp T_51.19;
T_51.18 ;
    %pushi/vec4 0, 0, 1;
    %assign/vec4 v0x573ce13b92f0_0, 0;
T_51.19 ;
    %jmp T_51.13;
T_51.12 ;
    %load/vec4 v0x573ce13b9850_0;
    %assign/vec4 v0x573ce13b9850_0, 0;
    %pushi/vec4 1, 0, 1;
    %assign/vec4 v0x573ce13b92f0_0, 0;
T_51.13 ;
T_51.1 ;
    %end;
    .scope S_0x573ce1449610;
t_48 %join;
    %jmp T_51;
    .thread T_51;
    .scope S_0x573ce1449610;
T_52 ;
    %wait E_0x573ce11eae40;
    %fork t_51, S_0x573ce136ef10;
    %jmp t_50;
    .scope S_0x573ce136ef10;
t_51 ;
    %pushi/vec4 0, 0, 1;
    %store/vec4 v0x573ce13bb270_0, 0, 1;
    %pushi/vec4 0, 0, 1;
    %store/vec4 v0x573ce13ba4f0_0, 0, 1;
    %pushi/vec4 0, 0, 1;
    %store/vec4 v0x573ce13bd290_0, 0, 1;
    %pushi/vec4 0, 0, 1;
    %store/vec4 v0x573ce13ba970_0, 0, 1;
    %pushi/vec4 0, 0, 1;
    %store/vec4 v0x573ce13bd670_0, 0, 1;
    %pushi/vec4 0, 0, 32;
    %store/vec4 v0x573ce13b9770_0, 0, 32;
    %load/vec4 v0x573ce13bb6f0_0;
    %flag_set/vec4 8;
    %jmp/0xz  T_52.0, 8;
    %load/vec4 v0x573ce11e95d0_0;
    %flag_set/vec4 8;
    %jmp/0xz  T_52.2, 8;
    %load/vec4 v0x573ce13be030_0;
    %cmpi/e 8, 0, 8;
    %jmp/0xz  T_52.4, 4;
    %load/vec4 v0x573ce13b92f0_0;
    %nor/r;
    %flag_set/vec4 8;
    %jmp/0xz  T_52.6, 8;
    %load/vec4 v0x573ce11e9690_0;
    %parti/s 1, 0, 2;
    %store/vec4 v0x573ce13bb270_0, 0, 1;
    %load/vec4 v0x573ce11e9690_0;
    %parti/s 1, 1, 2;
    %store/vec4 v0x573ce13ba4f0_0, 0, 1;
    %jmp T_52.7;
T_52.6 ;
    %pushi/vec4 0, 0, 1;
    %store/vec4 v0x573ce13bb270_0, 0, 1;
    %pushi/vec4 0, 0, 1;
    %store/vec4 v0x573ce13ba4f0_0, 0, 1;
T_52.7 ;
T_52.4 ;
    %load/vec4 v0x573ce13be030_0;
    %cmpi/e 10, 0, 8;
    %jmp/0xz  T_52.8, 4;
    %pushi/vec4 1, 0, 1;
    %store/vec4 v0x573ce13bd290_0, 0, 1;
T_52.8 ;
    %pushi/vec4 16, 0, 8;
    %load/vec4 v0x573ce13be030_0;
    %cmp/u;
    %flag_get/vec4 4;
    %flag_get/vec4 5;
    %or;
    %load/vec4 v0x573ce13be030_0;
    %cmpi/u 23, 0, 8;
    %flag_get/vec4 4;
    %flag_get/vec4 5;
    %or;
    %and;
    %flag_set/vec4 8;
    %jmp/0xz  T_52.10, 8;
    %pushi/vec4 1, 0, 1;
    %store/vec4 v0x573ce13ba970_0, 0, 1;
T_52.10 ;
    %pushi/vec4 32, 0, 8;
    %load/vec4 v0x573ce13be030_0;
    %cmp/u;
    %flag_get/vec4 4;
    %flag_get/vec4 5;
    %or;
    %load/vec4 v0x573ce13be030_0;
    %cmpi/u 35, 0, 8;
    %flag_get/vec4 4;
    %flag_get/vec4 5;
    %or;
    %and;
    %flag_set/vec4 8;
    %jmp/0xz  T_52.12, 8;
    %pushi/vec4 1, 0, 1;
    %store/vec4 v0x573ce13bd670_0, 0, 1;
T_52.12 ;
    %jmp T_52.3;
T_52.2 ;
    %load/vec4 v0x573ce13be030_0;
    %dup/vec4;
    %pushi/vec4 0, 0, 8;
    %cmp/u;
    %jmp/1 T_52.14, 6;
    %dup/vec4;
    %pushi/vec4 1, 0, 8;
    %cmp/u;
    %jmp/1 T_52.15, 6;
    %dup/vec4;
    %pushi/vec4 2, 0, 8;
    %cmp/u;
    %jmp/1 T_52.16, 6;
    %dup/vec4;
    %pushi/vec4 8, 0, 8;
    %cmp/u;
    %jmp/1 T_52.17, 6;
    %dup/vec4;
    %pushi/vec4 9, 0, 8;
    %cmp/u;
    %jmp/1 T_52.18, 6;
    %jmp T_52.20;
T_52.14 ;
    %pushi/vec4 1634038560, 0, 32;
    %store/vec4 v0x573ce13b9770_0, 0, 32;
    %jmp T_52.20;
T_52.15 ;
    %pushi/vec4 538976288, 0, 32;
    %store/vec4 v0x573ce13b9770_0, 0, 32;
    %jmp T_52.20;
T_52.16 ;
    %pushi/vec4 808334896, 0, 32;
    %store/vec4 v0x573ce13b9770_0, 0, 32;
    %jmp T_52.20;
T_52.17 ;
    %pushi/vec4 0, 0, 28;
    %load/vec4 v0x573ce13baa10_0;
    %concat/vec4; draw_concat_vec4
    %load/vec4 v0x573ce13bb790_0;
    %concat/vec4; draw_concat_vec4
    %load/vec4 v0x573ce13ba5b0_0;
    %concat/vec4; draw_concat_vec4
    %load/vec4 v0x573ce13bb310_0;
    %concat/vec4; draw_concat_vec4
    %store/vec4 v0x573ce13b9770_0, 0, 32;
    %jmp T_52.20;
T_52.18 ;
    %pushi/vec4 0, 0, 30;
    %load/vec4 v0x573ce13b9390_0;
    %concat/vec4; draw_concat_vec4
    %load/vec4 v0x573ce13ba130_0;
    %concat/vec4; draw_concat_vec4
    %store/vec4 v0x573ce13b9770_0, 0, 32;
    %jmp T_52.20;
T_52.20 ;
    %pop/vec4 1;
    %pushi/vec4 48, 0, 8;
    %load/vec4 v0x573ce13be030_0;
    %cmp/u;
    %flag_get/vec4 4;
    %flag_get/vec4 5;
    %or;
    %load/vec4 v0x573ce13be030_0;
    %cmpi/u 51, 0, 8;
    %flag_get/vec4 4;
    %flag_get/vec4 5;
    %or;
    %and;
    %flag_set/vec4 8;
    %jmp/0xz  T_52.21, 8;
    %load/vec4 v0x573ce13b9c90_0;
    %pushi/vec4 3, 0, 32;
    %load/vec4 v0x573ce13be030_0;
    %pad/u 32;
    %subi 48, 0, 32;
    %sub;
    %muli 32, 0, 32;
    %part/u 32;
    %store/vec4 v0x573ce13b9770_0, 0, 32;
T_52.21 ;
T_52.3 ;
T_52.0 ;
    %end;
    .scope S_0x573ce1449610;
t_50 %join;
    %jmp T_52;
    .thread T_52, $push;
    .scope S_0x573ce13a5370;
T_53 ;
    %wait E_0x573ce13b8180;
    %fork t_53, S_0x573ce13a21f0;
    %jmp t_52;
    .scope S_0x573ce13a21f0;
t_53 ;
    %load/vec4 v0x573ce139a010_0;
    %nor/r;
    %flag_set/vec4 8;
    %jmp/0xz  T_53.0, 8;
    %pushi/vec4 0, 0, 32;
    %store/vec4 v0x573ce13a1d70_0, 0, 32;
T_53.2 ;
    %load/vec4 v0x573ce13a1d70_0;
    %cmpi/s 14, 0, 32;
    %flag_or 5, 4;
    %jmp/0xz T_53.3, 5;
    %pushi/vec4 0, 0, 128;
    %ix/getv/s 3, v0x573ce13a1d70_0;
    %ix/load 4, 0, 0; Constant delay
    %assign/vec4/a/d v0x573ce139d9f0, 0, 4;
    %load/vec4 v0x573ce13a1d70_0;
    %addi 1, 0, 32;
    %store/vec4 v0x573ce13a1d70_0, 0, 32;
    %jmp T_53.2;
T_53.3 ;
    %pushi/vec4 0, 0, 1;
    %assign/vec4 v0x573ce139a4b0_0, 0;
    %pushi/vec4 0, 0, 8;
    %assign/vec4 v0x573ce139acf0_0, 0;
    %pushi/vec4 0, 0, 4;
    %assign/vec4 v0x573ce1399750_0, 0;
    %pushi/vec4 0, 0, 128;
    %assign/vec4 v0x573ce139bfd0_0, 0;
    %pushi/vec4 0, 0, 128;
    %assign/vec4 v0x573ce139b5f0_0, 0;
    %pushi/vec4 0, 0, 3;
    %assign/vec4 v0x573ce139d1d0_0, 0;
    %pushi/vec4 0, 0, 16;
    %assign/vec4 v0x573ce13980b0_0, 0;
    %pushi/vec4 0, 0, 1;
    %assign/vec4 v0x573ce1397790_0, 0;
    %jmp T_53.1;
T_53.0 ;
    %load/vec4 v0x573ce1399f70_0;
    %flag_set/vec4 8;
    %jmp/0xz  T_53.4, 8;
    %load/vec4 v0x573ce139a3f0_0;
    %assign/vec4 v0x573ce139a4b0_0, 0;
T_53.4 ;
    %load/vec4 v0x573ce139a870_0;
    %flag_set/vec4 8;
    %jmp/0xz  T_53.6, 8;
    %load/vec4 v0x573ce139b170_0;
    %assign/vec4 v0x573ce139acf0_0, 0;
T_53.6 ;
    %load/vec4 v0x573ce1399290_0;
    %flag_set/vec4 8;
    %jmp/0xz  T_53.8, 8;
    %load/vec4 v0x573ce1399670_0;
    %assign/vec4 v0x573ce1399750_0, 0;
T_53.8 ;
    %load/vec4 v0x573ce139c8c0_0;
    %flag_set/vec4 8;
    %jmp/0xz  T_53.10, 8;
    %load/vec4 v0x573ce139cd30_0;
    %load/vec4 v0x573ce1399750_0;
    %pad/u 6;
    %ix/vec4 3;
    %ix/load 4, 0, 0; Constant delay
    %assign/vec4/a/d v0x573ce139d9f0, 0, 4;
T_53.10 ;
    %load/vec4 v0x573ce139ba70_0;
    %flag_set/vec4 8;
    %jmp/0xz  T_53.12, 8;
    %load/vec4 v0x573ce139bef0_0;
    %assign/vec4 v0x573ce139bfd0_0, 0;
T_53.12 ;
    %load/vec4 v0x573ce139b6b0_0;
    %flag_set/vec4 8;
    %jmp/0xz  T_53.14, 8;
    %load/vec4 v0x573ce139bb10_0;
    %assign/vec4 v0x573ce139b5f0_0, 0;
T_53.14 ;
    %load/vec4 v0x573ce139cc70_0;
    %flag_set/vec4 8;
    %jmp/0xz  T_53.16, 8;
    %load/vec4 v0x573ce139d0f0_0;
    %assign/vec4 v0x573ce139d1d0_0, 0;
T_53.16 ;
    %load/vec4 v0x573ce1397c30_0;
    %flag_set/vec4 8;
    %jmp/0xz  T_53.18, 8;
    %load/vec4 v0x573ce1397ff0_0;
    %assign/vec4 v0x573ce13980b0_0, 0;
T_53.18 ;
    %load/vec4 v0x573ce1397270_0;
    %flag_set/vec4 8;
    %jmp/0xz  T_53.20, 8;
    %load/vec4 v0x573ce13976f0_0;
    %assign/vec4 v0x573ce1397790_0, 0;
T_53.20 ;
T_53.1 ;
    %end;
    .scope S_0x573ce13a5370;
t_52 %join;
    %jmp T_53;
    .thread T_53;
    .scope S_0x573ce13a5370;
T_54 ;
    %wait E_0x573ce13a3dc0;
    %fork t_55, S_0x573ce13a2f70;
    %jmp t_54;
    .scope S_0x573ce13a2f70;
t_55 ;
    %load/vec4 v0x573ce1399af0_0;
    %pad/u 6;
    %ix/vec4 4;
    %load/vec4a v0x573ce139d9f0, 4;
    %store/vec4 v0x573ce13989d0_0, 0, 128;
    %end;
    .scope S_0x573ce13a5370;
t_54 %join;
    %jmp T_54;
    .thread T_54, $push;
    .scope S_0x573ce13a5370;
T_55 ;
    %wait E_0x573ce13a4250;
    %fork t_57, S_0x573ce13a1470;
    %jmp t_56;
    .scope S_0x573ce13a1470;
t_57 ;
    %pushi/vec4 0, 0, 128;
    %store/vec4 v0x573ce139cd30_0, 0, 128;
    %pushi/vec4 0, 0, 1;
    %store/vec4 v0x573ce139c8c0_0, 0, 1;
    %pushi/vec4 0, 0, 128;
    %store/vec4 v0x573ce139bef0_0, 0, 128;
    %pushi/vec4 0, 0, 1;
    %store/vec4 v0x573ce139ba70_0, 0, 1;
    %pushi/vec4 0, 0, 128;
    %store/vec4 v0x573ce139bb10_0, 0, 128;
    %pushi/vec4 0, 0, 1;
    %store/vec4 v0x573ce139b6b0_0, 0, 1;
    %pushi/vec4 0, 0, 32;
    %store/vec4 v0x573ce13a0ff0_0, 0, 32;
    %pushi/vec4 0, 0, 32;
    %store/vec4 v0x573ce13a10f0_0, 0, 32;
    %pushi/vec4 0, 0, 32;
    %store/vec4 v0x573ce13a0b70_0, 0, 32;
    %pushi/vec4 0, 0, 32;
    %store/vec4 v0x573ce13a0c30_0, 0, 32;
    %pushi/vec4 1, 0, 1;
    %store/vec4 v0x573ce139adb0_0, 0, 1;
    %pushi/vec4 0, 0, 1;
    %store/vec4 v0x573ce139b230_0, 0, 1;
    %load/vec4 v0x573ce139bfd0_0;
    %parti/s 32, 96, 8;
    %store/vec4 v0x573ce139fed0_0, 0, 32;
    %load/vec4 v0x573ce139bfd0_0;
    %parti/s 32, 64, 8;
    %store/vec4 v0x573ce139f970_0, 0, 32;
    %load/vec4 v0x573ce139bfd0_0;
    %parti/s 32, 32, 7;
    %store/vec4 v0x573ce139fa50_0, 0, 32;
    %load/vec4 v0x573ce139bfd0_0;
    %parti/s 32, 0, 2;
    %store/vec4 v0x573ce139f4f0_0, 0, 32;
    %load/vec4 v0x573ce139b5f0_0;
    %parti/s 32, 96, 8;
    %store/vec4 v0x573ce139f5d0_0, 0, 32;
    %load/vec4 v0x573ce139b5f0_0;
    %parti/s 32, 64, 8;
    %store/vec4 v0x573ce139f090_0, 0, 32;
    %load/vec4 v0x573ce139b5f0_0;
    %parti/s 32, 32, 7;
    %store/vec4 v0x573ce139f170_0, 0, 32;
    %load/vec4 v0x573ce139b5f0_0;
    %parti/s 32, 0, 2;
    %store/vec4 v0x573ce139ec30_0, 0, 32;
    %load/vec4 v0x573ce139acf0_0;
    %concati/vec4 0, 0, 24;
    %store/vec4 v0x573ce13a06f0_0, 0, 32;
    %load/vec4 v0x573ce139ec30_0;
    %store/vec4 v0x573ce1398470_0, 0, 32;
    %load/vec4 v0x573ce139c410_0;
    %parti/s 24, 0, 2;
    %load/vec4 v0x573ce139c410_0;
    %parti/s 8, 24, 6;
    %concat/vec4; draw_concat_vec4
    %store/vec4 v0x573ce13a0270_0, 0, 32;
    %load/vec4 v0x573ce13a0270_0;
    %load/vec4 v0x573ce13a06f0_0;
    %xor;
    %store/vec4 v0x573ce13a0350_0, 0, 32;
    %load/vec4 v0x573ce139c410_0;
    %store/vec4 v0x573ce139fdf0_0, 0, 32;
    %load/vec4 v0x573ce1398e60_0;
    %flag_set/vec4 8;
    %jmp/0xz  T_55.0, 8;
    %pushi/vec4 0, 0, 1;
    %store/vec4 v0x573ce139adb0_0, 0, 1;
    %pushi/vec4 1, 0, 1;
    %store/vec4 v0x573ce139c8c0_0, 0, 1;
    %load/vec4 v0x573ce139c370_0;
    %dup/vec4;
    %pushi/vec4 0, 0, 1;
    %cmp/u;
    %jmp/1 T_55.2, 6;
    %dup/vec4;
    %pushi/vec4 1, 0, 1;
    %cmp/u;
    %jmp/1 T_55.3, 6;
    %jmp T_55.5;
T_55.2 ;
    %load/vec4 v0x573ce1399750_0;
    %pad/u 32;
    %cmpi/e 0, 0, 32;
    %jmp/0xz  T_55.6, 4;
    %load/vec4 v0x573ce139df10_0;
    %parti/s 128, 128, 9;
    %store/vec4 v0x573ce139cd30_0, 0, 128;
    %load/vec4 v0x573ce139df10_0;
    %parti/s 128, 128, 9;
    %store/vec4 v0x573ce139bb10_0, 0, 128;
    %pushi/vec4 1, 0, 1;
    %store/vec4 v0x573ce139b6b0_0, 0, 1;
    %pushi/vec4 1, 0, 1;
    %store/vec4 v0x573ce139b230_0, 0, 1;
    %jmp T_55.7;
T_55.6 ;
    %load/vec4 v0x573ce139f5d0_0;
    %load/vec4 v0x573ce13a0350_0;
    %xor;
    %store/vec4 v0x573ce13a0ff0_0, 0, 32;
    %load/vec4 v0x573ce139f090_0;
    %load/vec4 v0x573ce139f5d0_0;
    %xor;
    %load/vec4 v0x573ce13a0350_0;
    %xor;
    %store/vec4 v0x573ce13a10f0_0, 0, 32;
    %load/vec4 v0x573ce139f170_0;
    %load/vec4 v0x573ce139f090_0;
    %xor;
    %load/vec4 v0x573ce139f5d0_0;
    %xor;
    %load/vec4 v0x573ce13a0350_0;
    %xor;
    %store/vec4 v0x573ce13a0b70_0, 0, 32;
    %load/vec4 v0x573ce139ec30_0;
    %load/vec4 v0x573ce139f170_0;
    %xor;
    %load/vec4 v0x573ce139f090_0;
    %xor;
    %load/vec4 v0x573ce139f5d0_0;
    %xor;
    %load/vec4 v0x573ce13a0350_0;
    %xor;
    %store/vec4 v0x573ce13a0c30_0, 0, 32;
    %load/vec4 v0x573ce13a0ff0_0;
    %load/vec4 v0x573ce13a10f0_0;
    %concat/vec4; draw_concat_vec4
    %load/vec4 v0x573ce13a0b70_0;
    %concat/vec4; draw_concat_vec4
    %load/vec4 v0x573ce13a0c30_0;
    %concat/vec4; draw_concat_vec4
    %store/vec4 v0x573ce139cd30_0, 0, 128;
    %load/vec4 v0x573ce13a0ff0_0;
    %load/vec4 v0x573ce13a10f0_0;
    %concat/vec4; draw_concat_vec4
    %load/vec4 v0x573ce13a0b70_0;
    %concat/vec4; draw_concat_vec4
    %load/vec4 v0x573ce13a0c30_0;
    %concat/vec4; draw_concat_vec4
    %store/vec4 v0x573ce139bb10_0, 0, 128;
    %pushi/vec4 1, 0, 1;
    %store/vec4 v0x573ce139b6b0_0, 0, 1;
    %pushi/vec4 1, 0, 1;
    %store/vec4 v0x573ce139b230_0, 0, 1;
T_55.7 ;
    %jmp T_55.5;
T_55.3 ;
    %load/vec4 v0x573ce1399750_0;
    %pad/u 32;
    %cmpi/e 0, 0, 32;
    %jmp/0xz  T_55.8, 4;
    %load/vec4 v0x573ce139df10_0;
    %parti/s 128, 128, 9;
    %store/vec4 v0x573ce139cd30_0, 0, 128;
    %load/vec4 v0x573ce139df10_0;
    %parti/s 128, 128, 9;
    %store/vec4 v0x573ce139bef0_0, 0, 128;
    %pushi/vec4 1, 0, 1;
    %store/vec4 v0x573ce139ba70_0, 0, 1;
    %jmp T_55.9;
T_55.8 ;
    %load/vec4 v0x573ce1399750_0;
    %pad/u 32;
    %cmpi/e 1, 0, 32;
    %jmp/0xz  T_55.10, 4;
    %load/vec4 v0x573ce139df10_0;
    %parti/s 128, 0, 2;
    %store/vec4 v0x573ce139cd30_0, 0, 128;
    %load/vec4 v0x573ce139df10_0;
    %parti/s 128, 0, 2;
    %store/vec4 v0x573ce139bb10_0, 0, 128;
    %pushi/vec4 1, 0, 1;
    %store/vec4 v0x573ce139b6b0_0, 0, 1;
    %pushi/vec4 1, 0, 1;
    %store/vec4 v0x573ce139b230_0, 0, 1;
    %jmp T_55.11;
T_55.10 ;
    %load/vec4 v0x573ce1399750_0;
    %parti/s 1, 0, 2;
    %pad/u 32;
    %cmpi/e 0, 0, 32;
    %jmp/0xz  T_55.12, 4;
    %load/vec4 v0x573ce139fed0_0;
    %load/vec4 v0x573ce13a0350_0;
    %xor;
    %store/vec4 v0x573ce13a0ff0_0, 0, 32;
    %load/vec4 v0x573ce139f970_0;
    %load/vec4 v0x573ce139fed0_0;
    %xor;
    %load/vec4 v0x573ce13a0350_0;
    %xor;
    %store/vec4 v0x573ce13a10f0_0, 0, 32;
    %load/vec4 v0x573ce139fa50_0;
    %load/vec4 v0x573ce139f970_0;
    %xor;
    %load/vec4 v0x573ce139fed0_0;
    %xor;
    %load/vec4 v0x573ce13a0350_0;
    %xor;
    %store/vec4 v0x573ce13a0b70_0, 0, 32;
    %load/vec4 v0x573ce139f4f0_0;
    %load/vec4 v0x573ce139fa50_0;
    %xor;
    %load/vec4 v0x573ce139f970_0;
    %xor;
    %load/vec4 v0x573ce139fed0_0;
    %xor;
    %load/vec4 v0x573ce13a0350_0;
    %xor;
    %store/vec4 v0x573ce13a0c30_0, 0, 32;
    %jmp T_55.13;
T_55.12 ;
    %load/vec4 v0x573ce139fed0_0;
    %load/vec4 v0x573ce139fdf0_0;
    %xor;
    %store/vec4 v0x573ce13a0ff0_0, 0, 32;
    %load/vec4 v0x573ce139f970_0;
    %load/vec4 v0x573ce139fed0_0;
    %xor;
    %load/vec4 v0x573ce139fdf0_0;
    %xor;
    %store/vec4 v0x573ce13a10f0_0, 0, 32;
    %load/vec4 v0x573ce139fa50_0;
    %load/vec4 v0x573ce139f970_0;
    %xor;
    %load/vec4 v0x573ce139fed0_0;
    %xor;
    %load/vec4 v0x573ce139fdf0_0;
    %xor;
    %store/vec4 v0x573ce13a0b70_0, 0, 32;
    %load/vec4 v0x573ce139f4f0_0;
    %load/vec4 v0x573ce139fa50_0;
    %xor;
    %load/vec4 v0x573ce139f970_0;
    %xor;
    %load/vec4 v0x573ce139fed0_0;
    %xor;
    %load/vec4 v0x573ce139fdf0_0;
    %xor;
    %store/vec4 v0x573ce13a0c30_0, 0, 32;
    %pushi/vec4 1, 0, 1;
    %store/vec4 v0x573ce139b230_0, 0, 1;
T_55.13 ;
    %load/vec4 v0x573ce13a0ff0_0;
    %load/vec4 v0x573ce13a10f0_0;
    %concat/vec4; draw_concat_vec4
    %load/vec4 v0x573ce13a0b70_0;
    %concat/vec4; draw_concat_vec4
    %load/vec4 v0x573ce13a0c30_0;
    %concat/vec4; draw_concat_vec4
    %store/vec4 v0x573ce139cd30_0, 0, 128;
    %load/vec4 v0x573ce13a0ff0_0;
    %load/vec4 v0x573ce13a10f0_0;
    %concat/vec4; draw_concat_vec4
    %load/vec4 v0x573ce13a0b70_0;
    %concat/vec4; draw_concat_vec4
    %load/vec4 v0x573ce13a0c30_0;
    %concat/vec4; draw_concat_vec4
    %store/vec4 v0x573ce139bb10_0, 0, 128;
    %pushi/vec4 1, 0, 1;
    %store/vec4 v0x573ce139b6b0_0, 0, 1;
    %load/vec4 v0x573ce139b5f0_0;
    %store/vec4 v0x573ce139bef0_0, 0, 128;
    %pushi/vec4 1, 0, 1;
    %store/vec4 v0x573ce139ba70_0, 0, 1;
T_55.11 ;
T_55.9 ;
    %jmp T_55.5;
T_55.5 ;
    %pop/vec4 1;
T_55.0 ;
    %end;
    .scope S_0x573ce13a5370;
t_56 %join;
    %jmp T_55;
    .thread T_55, $push;
    .scope S_0x573ce13a5370;
T_56 ;
    %wait E_0x573ce13a41b0;
    %fork t_59, S_0x573ce13a2af0;
    %jmp t_58;
    .scope S_0x573ce13a2af0;
t_59 ;
    %pushi/vec4 0, 0, 8;
    %store/vec4 v0x573ce139b170_0, 0, 8;
    %pushi/vec4 0, 0, 1;
    %store/vec4 v0x573ce139a870_0, 0, 1;
    %load/vec4 v0x573ce139acf0_0;
    %parti/s 7, 0, 2;
    %concati/vec4 0, 0, 1;
    %pushi/vec4 27, 0, 8;
    %load/vec4 v0x573ce139acf0_0;
    %parti/s 1, 7, 4;
    %replicate 8;
    %and;
    %xor;
    %store/vec4 v0x573ce13a2670_0, 0, 8;
    %load/vec4 v0x573ce139adb0_0;
    %flag_set/vec4 8;
    %jmp/0xz  T_56.0, 8;
    %pushi/vec4 141, 0, 8;
    %store/vec4 v0x573ce139b170_0, 0, 8;
    %pushi/vec4 1, 0, 1;
    %store/vec4 v0x573ce139a870_0, 0, 1;
T_56.0 ;
    %load/vec4 v0x573ce139b230_0;
    %flag_set/vec4 8;
    %jmp/0xz  T_56.2, 8;
    %load/vec4 v0x573ce13a2670_0;
    %store/vec4 v0x573ce139b170_0, 0, 8;
    %pushi/vec4 1, 0, 1;
    %store/vec4 v0x573ce139a870_0, 0, 1;
T_56.2 ;
    %end;
    .scope S_0x573ce13a5370;
t_58 %join;
    %jmp T_56;
    .thread T_56, $push;
    .scope S_0x573ce13a5370;
T_57 ;
    %wait E_0x573ce13a4170;
    %fork t_61, S_0x573ce13a18f0;
    %jmp t_60;
    .scope S_0x573ce13a18f0;
t_61 ;
    %pushi/vec4 0, 0, 4;
    %store/vec4 v0x573ce1399670_0, 0, 4;
    %pushi/vec4 0, 0, 1;
    %store/vec4 v0x573ce1399290_0, 0, 1;
    %load/vec4 v0x573ce13991f0_0;
    %flag_set/vec4 8;
    %jmp/0xz  T_57.0, 8;
    %pushi/vec4 0, 0, 4;
    %store/vec4 v0x573ce1399670_0, 0, 4;
    %pushi/vec4 1, 0, 1;
    %store/vec4 v0x573ce1399290_0, 0, 1;
    %jmp T_57.1;
T_57.0 ;
    %load/vec4 v0x573ce1399b90_0;
    %flag_set/vec4 8;
    %jmp/0xz  T_57.2, 8;
    %load/vec4 v0x573ce1399750_0;
    %addi 1, 0, 4;
    %store/vec4 v0x573ce1399670_0, 0, 4;
    %pushi/vec4 1, 0, 1;
    %store/vec4 v0x573ce1399290_0, 0, 1;
T_57.2 ;
T_57.1 ;
    %end;
    .scope S_0x573ce13a5370;
t_60 %join;
    %jmp T_57;
    .thread T_57, $push;
    .scope S_0x573ce13a5370;
T_58 ;
    %wait E_0x573ce13a4b80;
    %fork t_63, S_0x573ce139e770;
    %jmp t_62;
    .scope S_0x573ce139e770;
t_63 ;
    %load/vec4 v0x573ce13980b0_0;
    %store/vec4 v0x573ce1397ff0_0, 0, 16;
    %pushi/vec4 0, 0, 1;
    %store/vec4 v0x573ce1397c30_0, 0, 1;
    %pushi/vec4 0, 0, 1;
    %store/vec4 v0x573ce1398530_0, 0, 1;
    %pushi/vec4 0, 0, 1;
    %store/vec4 v0x573ce1397b70_0, 0, 1;
    %load/vec4 v0x573ce1397790_0;
    %store/vec4 v0x573ce13976f0_0, 0, 1;
    %pushi/vec4 0, 0, 1;
    %store/vec4 v0x573ce1397270_0, 0, 1;
    %load/vec4 v0x573ce1397790_0;
    %nor/r;
    %flag_set/vec4 8;
    %jmp/0xz  T_58.0, 8;
    %load/vec4 v0x573ce139d1d0_0;
    %pushi/vec4 3, 0, 3;
    %cmp/e;
    %flag_get/vec4 4;
    %load/vec4 v0x573ce139a4b0_0;
    %pushi/vec4 0, 0, 1;
    %cmp/e;
    %flag_get/vec4 4;
    %and;
    %flag_set/vec4 8;
    %jmp/0xz  T_58.2, 8;
    %load/vec4 v0x573ce13980b0_0;
    %addi 1, 0, 16;
    %store/vec4 v0x573ce1397ff0_0, 0, 16;
    %pushi/vec4 1, 0, 1;
    %store/vec4 v0x573ce1397c30_0, 0, 1;
    %pushi/vec4 1, 0, 1;
    %store/vec4 v0x573ce1398530_0, 0, 1;
T_58.2 ;
T_58.0 ;
    %load/vec4 v0x573ce139a010_0;
    %nor/r;
    %flag_set/vec4 8;
    %jmp/0xz  T_58.4, 8;
    %pushi/vec4 0, 0, 16;
    %store/vec4 v0x573ce1397ff0_0, 0, 16;
    %pushi/vec4 1, 0, 1;
    %store/vec4 v0x573ce1397c30_0, 0, 1;
    %pushi/vec4 0, 0, 1;
    %store/vec4 v0x573ce13976f0_0, 0, 1;
    %pushi/vec4 1, 0, 1;
    %store/vec4 v0x573ce1397270_0, 0, 1;
T_58.4 ;
    %pushi/vec4 862, 0, 16;
    %load/vec4 v0x573ce13980b0_0;
    %cmp/u;
    %flag_get/vec4 4;
    %flag_get/vec4 5;
    %or;
    %load/vec4 v0x573ce1397790_0;
    %inv;
    %and;
    %flag_set/vec4 8;
    %jmp/0xz  T_58.6, 8;
    %pushi/vec4 1, 0, 1;
    %store/vec4 v0x573ce13976f0_0, 0, 1;
    %pushi/vec4 1, 0, 1;
    %store/vec4 v0x573ce1397270_0, 0, 1;
T_58.6 ;
    %load/vec4 v0x573ce139a010_0;
    %nor/r;
    %flag_set/vec4 8;
    %jmp/0xz  T_58.8, 8;
    %pushi/vec4 0, 0, 1;
    %store/vec4 v0x573ce13976f0_0, 0, 1;
    %pushi/vec4 1, 0, 1;
    %store/vec4 v0x573ce1397270_0, 0, 1;
T_58.8 ;
    %end;
    .scope S_0x573ce13a5370;
t_62 %join;
    %jmp T_58;
    .thread T_58, $push;
    .scope S_0x573ce13a5370;
T_59 ;
    %wait E_0x573ce13a46f0;
    %fork t_65, S_0x573ce13a33f0;
    %jmp t_64;
    .scope S_0x573ce13a33f0;
t_65 ;
    %pushi/vec4 0, 0, 1;
    %store/vec4 v0x573ce139a3f0_0, 0, 1;
    %pushi/vec4 0, 0, 1;
    %store/vec4 v0x573ce1399f70_0, 0, 1;
    %pushi/vec4 0, 0, 1;
    %store/vec4 v0x573ce1398e60_0, 0, 1;
    %pushi/vec4 0, 0, 1;
    %store/vec4 v0x573ce13991f0_0, 0, 1;
    %pushi/vec4 0, 0, 1;
    %store/vec4 v0x573ce1399b90_0, 0, 1;
    %pushi/vec4 0, 0, 3;
    %store/vec4 v0x573ce139d0f0_0, 0, 3;
    %pushi/vec4 0, 0, 1;
    %store/vec4 v0x573ce139cc70_0, 0, 1;
    %load/vec4 v0x573ce139c370_0;
    %cmpi/e 0, 0, 1;
    %jmp/0xz  T_59.0, 4;
    %pushi/vec4 10, 0, 4;
    %store/vec4 v0x573ce13a3900_0, 0, 4;
    %jmp T_59.1;
T_59.0 ;
    %pushi/vec4 14, 0, 4;
    %store/vec4 v0x573ce13a3900_0, 0, 4;
T_59.1 ;
    %load/vec4 v0x573ce1397790_0;
    %flag_set/vec4 8;
    %jmp/0xz  T_59.2, 8;
    %pushi/vec4 0, 0, 1;
    %store/vec4 v0x573ce139a3f0_0, 0, 1;
    %pushi/vec4 1, 0, 1;
    %store/vec4 v0x573ce1399f70_0, 0, 1;
    %pushi/vec4 0, 0, 1;
    %store/vec4 v0x573ce1398e60_0, 0, 1;
    %pushi/vec4 0, 0, 1;
    %store/vec4 v0x573ce13991f0_0, 0, 1;
    %pushi/vec4 0, 0, 1;
    %store/vec4 v0x573ce1399b90_0, 0, 1;
    %pushi/vec4 0, 0, 3;
    %store/vec4 v0x573ce139d0f0_0, 0, 3;
    %pushi/vec4 1, 0, 1;
    %store/vec4 v0x573ce139cc70_0, 0, 1;
    %jmp T_59.3;
T_59.2 ;
    %load/vec4 v0x573ce139d1d0_0;
    %dup/vec4;
    %pushi/vec4 0, 0, 3;
    %cmp/u;
    %jmp/1 T_59.4, 6;
    %dup/vec4;
    %pushi/vec4 1, 0, 3;
    %cmp/u;
    %jmp/1 T_59.5, 6;
    %dup/vec4;
    %pushi/vec4 2, 0, 3;
    %cmp/u;
    %jmp/1 T_59.6, 6;
    %dup/vec4;
    %pushi/vec4 3, 0, 3;
    %cmp/u;
    %jmp/1 T_59.7, 6;
    %jmp T_59.9;
T_59.4 ;
    %load/vec4 v0x573ce139de70_0;
    %flag_set/vec4 8;
    %jmp/0xz  T_59.10, 8;
    %pushi/vec4 0, 0, 1;
    %store/vec4 v0x573ce139a3f0_0, 0, 1;
    %pushi/vec4 1, 0, 1;
    %store/vec4 v0x573ce1399f70_0, 0, 1;
    %pushi/vec4 1, 0, 3;
    %store/vec4 v0x573ce139d0f0_0, 0, 3;
    %pushi/vec4 1, 0, 1;
    %store/vec4 v0x573ce139cc70_0, 0, 1;
T_59.10 ;
    %jmp T_59.9;
T_59.5 ;
    %pushi/vec4 1, 0, 1;
    %store/vec4 v0x573ce13991f0_0, 0, 1;
    %pushi/vec4 2, 0, 3;
    %store/vec4 v0x573ce139d0f0_0, 0, 3;
    %pushi/vec4 1, 0, 1;
    %store/vec4 v0x573ce139cc70_0, 0, 1;
    %jmp T_59.9;
T_59.6 ;
    %pushi/vec4 1, 0, 1;
    %store/vec4 v0x573ce1399b90_0, 0, 1;
    %pushi/vec4 1, 0, 1;
    %store/vec4 v0x573ce1398e60_0, 0, 1;
    %load/vec4 v0x573ce1399750_0;
    %load/vec4 v0x573ce13a3900_0;
    %cmp/e;
    %jmp/0xz  T_59.12, 4;
    %pushi/vec4 3, 0, 3;
    %store/vec4 v0x573ce139d0f0_0, 0, 3;
    %pushi/vec4 1, 0, 1;
    %store/vec4 v0x573ce139cc70_0, 0, 1;
T_59.12 ;
    %jmp T_59.9;
T_59.7 ;
    %pushi/vec4 1, 0, 1;
    %store/vec4 v0x573ce139a3f0_0, 0, 1;
    %pushi/vec4 1, 0, 1;
    %store/vec4 v0x573ce1399f70_0, 0, 1;
    %pushi/vec4 0, 0, 3;
    %store/vec4 v0x573ce139d0f0_0, 0, 3;
    %pushi/vec4 1, 0, 1;
    %store/vec4 v0x573ce139cc70_0, 0, 1;
    %jmp T_59.9;
T_59.9 ;
    %pop/vec4 1;
T_59.3 ;
    %end;
    .scope S_0x573ce13a5370;
t_64 %join;
    %jmp T_59;
    .thread T_59, $push;
    .scope S_0x573ce1396df0;
T_60 ;
    %wait E_0x573ce1396a50;
    %load/vec4 v0x573ce1391cf0_0;
    %nor/r;
    %flag_set/vec4 8;
    %jmp/0xz  T_60.0, 8;
    %pushi/vec4 0, 0, 10;
    %assign/vec4 v0x573ce1392b30_0, 0;
    %pushi/vec4 0, 0, 1;
    %assign/vec4 v0x573ce1392170_0, 0;
    %jmp T_60.1;
T_60.0 ;
    %load/vec4 v0x573ce1392170_0;
    %inv;
    %flag_set/vec4 8;
    %jmp/0xz  T_60.2, 8;
    %load/vec4 v0x573ce13925f0_0;
    %flag_set/vec4 8;
    %jmp/0xz  T_60.4, 8;
    %load/vec4 v0x573ce1392b30_0;
    %cmpi/e 861, 0, 10;
    %jmp/0xz  T_60.6, 4;
    %load/vec4 v0x573ce1392b30_0;
    %addi 1, 0, 10;
    %assign/vec4 v0x573ce1392b30_0, 0;
    %pushi/vec4 1, 0, 1;
    %assign/vec4 v0x573ce1392170_0, 0;
    %jmp T_60.7;
T_60.6 ;
    %load/vec4 v0x573ce1392b30_0;
    %cmpi/u 861, 0, 10;
    %jmp/0xz  T_60.8, 5;
    %load/vec4 v0x573ce1392b30_0;
    %addi 1, 0, 10;
    %assign/vec4 v0x573ce1392b30_0, 0;
    %jmp T_60.9;
T_60.8 ;
    %load/vec4 v0x573ce1392b30_0;
    %assign/vec4 v0x573ce1392b30_0, 0;
T_60.9 ;
T_60.7 ;
T_60.4 ;
T_60.2 ;
T_60.1 ;
    %jmp T_60;
    .thread T_60;
    .scope S_0x573ce13b8e70;
T_61 ;
    %wait E_0x573ce13b8180;
    %fork t_67, S_0x573ce13ac870;
    %jmp t_66;
    .scope S_0x573ce13ac870;
t_67 ;
    %load/vec4 v0x573ce13a84f0_0;
    %nor/r;
    %flag_set/vec4 8;
    %jmp/0xz  T_61.0, 8;
    %pushi/vec4 0, 0, 10;
    %assign/vec4 v0x573ce13a60f0_0, 0;
    %jmp T_61.1;
T_61.0 ;
    %load/vec4 v0x573ce13a5c70_0;
    %flag_set/vec4 8;
    %jmp/0xz  T_61.2, 8;
    %load/vec4 v0x573ce13a6630_0;
    %assign/vec4 v0x573ce13a60f0_0, 0;
T_61.2 ;
T_61.1 ;
    %end;
    .scope S_0x573ce13b8e70;
t_66 %join;
    %jmp T_61;
    .thread T_61;
    .scope S_0x573ce13b8e70;
T_62 ;
    %wait E_0x573ce13b8180;
    %fork t_69, S_0x573ce13b1070;
    %jmp t_68;
    .scope S_0x573ce13b1070;
t_69 ;
    %load/vec4 v0x573ce13a84f0_0;
    %nor/r;
    %flag_set/vec4 8;
    %jmp/0xz  T_62.0, 8;
    %pushi/vec4 0, 0, 32;
    %assign/vec4 v0x573ce13ac070_0, 0;
    %pushi/vec4 0, 0, 32;
    %assign/vec4 v0x573ce13ab670_0, 0;
    %pushi/vec4 0, 0, 32;
    %assign/vec4 v0x573ce13ab1f0_0, 0;
    %pushi/vec4 0, 0, 32;
    %assign/vec4 v0x573ce13aae00_0, 0;
    %pushi/vec4 0, 0, 2;
    %assign/vec4 v0x573ce13a6f50_0, 0;
    %pushi/vec4 0, 0, 4;
    %assign/vec4 v0x573ce13a7bf0_0, 0;
    %pushi/vec4 1, 0, 1;
    %assign/vec4 v0x573ce13a8970_0, 0;
    %pushi/vec4 0, 0, 2;
    %assign/vec4 v0x573ce13aa550_0, 0;
    %jmp T_62.1;
T_62.0 ;
    %load/vec4 v0x573ce13abb30_0;
    %flag_set/vec4 8;
    %jmp/0xz  T_62.2, 8;
    %load/vec4 v0x573ce13abfb0_0;
    %parti/s 32, 96, 8;
    %assign/vec4 v0x573ce13ac070_0, 0;
T_62.2 ;
    %load/vec4 v0x573ce13ab750_0;
    %flag_set/vec4 8;
    %jmp/0xz  T_62.4, 8;
    %load/vec4 v0x573ce13abfb0_0;
    %parti/s 32, 64, 8;
    %assign/vec4 v0x573ce13ab670_0, 0;
T_62.4 ;
    %load/vec4 v0x573ce13ab2d0_0;
    %flag_set/vec4 8;
    %jmp/0xz  T_62.6, 8;
    %load/vec4 v0x573ce13abfb0_0;
    %parti/s 32, 32, 7;
    %assign/vec4 v0x573ce13ab1f0_0, 0;
T_62.6 ;
    %load/vec4 v0x573ce13aa8f0_0;
    %flag_set/vec4 8;
    %jmp/0xz  T_62.8, 8;
    %load/vec4 v0x573ce13abfb0_0;
    %parti/s 32, 0, 2;
    %assign/vec4 v0x573ce13aae00_0, 0;
T_62.8 ;
    %load/vec4 v0x573ce13a6a90_0;
    %flag_set/vec4 8;
    %jmp/0xz  T_62.10, 8;
    %load/vec4 v0x573ce13a6e70_0;
    %assign/vec4 v0x573ce13a6f50_0, 0;
T_62.10 ;
    %load/vec4 v0x573ce13a7770_0;
    %flag_set/vec4 8;
    %jmp/0xz  T_62.12, 8;
    %load/vec4 v0x573ce13a8110_0;
    %assign/vec4 v0x573ce13a7bf0_0, 0;
T_62.12 ;
    %load/vec4 v0x573ce13a8a30_0;
    %flag_set/vec4 8;
    %jmp/0xz  T_62.14, 8;
    %load/vec4 v0x573ce13a8e90_0;
    %assign/vec4 v0x573ce13a8970_0, 0;
T_62.14 ;
    %load/vec4 v0x573ce13a9ff0_0;
    %flag_set/vec4 8;
    %jmp/0xz  T_62.16, 8;
    %load/vec4 v0x573ce13aa470_0;
    %assign/vec4 v0x573ce13aa550_0, 0;
T_62.16 ;
T_62.1 ;
    %end;
    .scope S_0x573ce13b8e70;
t_68 %join;
    %jmp T_62;
    .thread T_62;
    .scope S_0x573ce13b8e70;
T_63 ;
    %wait E_0x573ce13b86b0;
    %fork t_71, S_0x573ce13b0770;
    %jmp t_70;
    .scope S_0x573ce13b0770;
t_71 ;
    %pushi/vec4 0, 0, 128;
    %store/vec4 v0x573ce13abfb0_0, 0, 128;
    %pushi/vec4 0, 0, 32;
    %store/vec4 v0x573ce13a9b70_0, 0, 32;
    %pushi/vec4 0, 0, 1;
    %store/vec4 v0x573ce13abb30_0, 0, 1;
    %pushi/vec4 0, 0, 1;
    %store/vec4 v0x573ce13ab750_0, 0, 1;
    %pushi/vec4 0, 0, 1;
    %store/vec4 v0x573ce13ab2d0_0, 0, 1;
    %pushi/vec4 0, 0, 1;
    %store/vec4 v0x573ce13aa8f0_0, 0, 1;
    %load/vec4 v0x573ce13ac070_0;
    %load/vec4 v0x573ce13ab670_0;
    %concat/vec4; draw_concat_vec4
    %load/vec4 v0x573ce13ab1f0_0;
    %concat/vec4; draw_concat_vec4
    %load/vec4 v0x573ce13aae00_0;
    %concat/vec4; draw_concat_vec4
    %store/vec4 v0x573ce13afad0_0, 0, 128;
    %alloc S_0x573ce13af0f0;
    %load/vec4 v0x573ce13afad0_0;
    %store/vec4 v0x573ce13aec70_0, 0, 128;
    %callf/vec4 TD_tb_aes_encipher_block.dut.shiftrows, S_0x573ce13af0f0;
    %free S_0x573ce13af0f0;
    %store/vec4 v0x573ce13af570_0, 0, 128;
    %alloc S_0x573ce13b53f0;
    %load/vec4 v0x573ce13af570_0;
    %store/vec4 v0x573ce13b5010_0, 0, 128;
    %callf/vec4 TD_tb_aes_encipher_block.dut.mixcolumns, S_0x573ce13b53f0;
    %free S_0x573ce13b53f0;
    %store/vec4 v0x573ce13af9f0_0, 0, 128;
    %alloc S_0x573ce13b7c70;
    %load/vec4 v0x573ce13ac4f0_0;
    %load/vec4 v0x573ce13a7810_0;
    %store/vec4 v0x573ce13b7370_0, 0, 128;
    %store/vec4 v0x573ce13b78f0_0, 0, 128;
    %callf/vec4 TD_tb_aes_encipher_block.dut.addroundkey, S_0x573ce13b7c70;
    %free S_0x573ce13b7c70;
    %store/vec4 v0x573ce13afe70_0, 0, 128;
    %alloc S_0x573ce13b7c70;
    %load/vec4 v0x573ce13af9f0_0;
    %load/vec4 v0x573ce13a7810_0;
    %store/vec4 v0x573ce13b7370_0, 0, 128;
    %store/vec4 v0x573ce13b78f0_0, 0, 128;
    %callf/vec4 TD_tb_aes_encipher_block.dut.addroundkey, S_0x573ce13b7c70;
    %free S_0x573ce13b7c70;
    %store/vec4 v0x573ce13aff50_0, 0, 128;
    %alloc S_0x573ce13b7c70;
    %load/vec4 v0x573ce13af570_0;
    %load/vec4 v0x573ce13a7810_0;
    %store/vec4 v0x573ce13b7370_0, 0, 128;
    %store/vec4 v0x573ce13b78f0_0, 0, 128;
    %callf/vec4 TD_tb_aes_encipher_block.dut.addroundkey, S_0x573ce13b7c70;
    %free S_0x573ce13b7c70;
    %store/vec4 v0x573ce13b0380_0, 0, 128;
    %load/vec4 v0x573ce13a6570_0;
    %flag_set/vec4 8;
    %jmp/0xz  T_63.0, 8;
    %load/vec4 v0x573ce13ac070_0;
    %load/vec4 v0x573ce13ab670_0;
    %concat/vec4; draw_concat_vec4
    %load/vec4 v0x573ce13ab1f0_0;
    %concat/vec4; draw_concat_vec4
    %load/vec4 v0x573ce13aae00_0;
    %concat/vec4; draw_concat_vec4
    %store/vec4 v0x573ce13abfb0_0, 0, 128;
    %pushi/vec4 0, 0, 32;
    %store/vec4 v0x573ce13a9b70_0, 0, 32;
    %pushi/vec4 0, 0, 1;
    %store/vec4 v0x573ce13abb30_0, 0, 1;
    %pushi/vec4 0, 0, 1;
    %store/vec4 v0x573ce13ab750_0, 0, 1;
    %pushi/vec4 0, 0, 1;
    %store/vec4 v0x573ce13ab2d0_0, 0, 1;
    %pushi/vec4 0, 0, 1;
    %store/vec4 v0x573ce13aa8f0_0, 0, 1;
    %jmp T_63.1;
T_63.0 ;
    %load/vec4 v0x573ce13a5d30_0;
    %dup/vec4;
    %pushi/vec4 1, 0, 3;
    %cmp/u;
    %jmp/1 T_63.2, 6;
    %dup/vec4;
    %pushi/vec4 2, 0, 3;
    %cmp/u;
    %jmp/1 T_63.3, 6;
    %dup/vec4;
    %pushi/vec4 3, 0, 3;
    %cmp/u;
    %jmp/1 T_63.4, 6;
    %dup/vec4;
    %pushi/vec4 4, 0, 3;
    %cmp/u;
    %jmp/1 T_63.5, 6;
    %jmp T_63.7;
T_63.2 ;
    %load/vec4 v0x573ce13afe70_0;
    %store/vec4 v0x573ce13abfb0_0, 0, 128;
    %pushi/vec4 1, 0, 1;
    %store/vec4 v0x573ce13abb30_0, 0, 1;
    %pushi/vec4 1, 0, 1;
    %store/vec4 v0x573ce13ab750_0, 0, 1;
    %pushi/vec4 1, 0, 1;
    %store/vec4 v0x573ce13ab2d0_0, 0, 1;
    %pushi/vec4 1, 0, 1;
    %store/vec4 v0x573ce13aa8f0_0, 0, 1;
    %jmp T_63.7;
T_63.3 ;
    %load/vec4 v0x573ce13a9270_0;
    %load/vec4 v0x573ce13a9270_0;
    %concat/vec4; draw_concat_vec4
    %load/vec4 v0x573ce13a9270_0;
    %concat/vec4; draw_concat_vec4
    %load/vec4 v0x573ce13a9270_0;
    %concat/vec4; draw_concat_vec4
    %store/vec4 v0x573ce13abfb0_0, 0, 128;
    %load/vec4 v0x573ce13a6f50_0;
    %dup/vec4;
    %pushi/vec4 0, 0, 2;
    %cmp/u;
    %jmp/1 T_63.8, 6;
    %dup/vec4;
    %pushi/vec4 1, 0, 2;
    %cmp/u;
    %jmp/1 T_63.9, 6;
    %dup/vec4;
    %pushi/vec4 2, 0, 2;
    %cmp/u;
    %jmp/1 T_63.10, 6;
    %dup/vec4;
    %pushi/vec4 3, 0, 2;
    %cmp/u;
    %jmp/1 T_63.11, 6;
    %jmp T_63.12;
T_63.8 ;
    %load/vec4 v0x573ce13ac070_0;
    %store/vec4 v0x573ce13a9b70_0, 0, 32;
    %pushi/vec4 1, 0, 1;
    %store/vec4 v0x573ce13abb30_0, 0, 1;
    %jmp T_63.12;
T_63.9 ;
    %load/vec4 v0x573ce13ab670_0;
    %store/vec4 v0x573ce13a9b70_0, 0, 32;
    %pushi/vec4 1, 0, 1;
    %store/vec4 v0x573ce13ab750_0, 0, 1;
    %jmp T_63.12;
T_63.10 ;
    %load/vec4 v0x573ce13ab1f0_0;
    %store/vec4 v0x573ce13a9b70_0, 0, 32;
    %pushi/vec4 1, 0, 1;
    %store/vec4 v0x573ce13ab2d0_0, 0, 1;
    %jmp T_63.12;
T_63.11 ;
    %load/vec4 v0x573ce13aae00_0;
    %store/vec4 v0x573ce13a9b70_0, 0, 32;
    %pushi/vec4 1, 0, 1;
    %store/vec4 v0x573ce13aa8f0_0, 0, 1;
    %jmp T_63.12;
T_63.12 ;
    %pop/vec4 1;
    %jmp T_63.7;
T_63.4 ;
    %load/vec4 v0x573ce13aff50_0;
    %store/vec4 v0x573ce13abfb0_0, 0, 128;
    %pushi/vec4 1, 0, 1;
    %store/vec4 v0x573ce13abb30_0, 0, 1;
    %pushi/vec4 1, 0, 1;
    %store/vec4 v0x573ce13ab750_0, 0, 1;
    %pushi/vec4 1, 0, 1;
    %store/vec4 v0x573ce13ab2d0_0, 0, 1;
    %pushi/vec4 1, 0, 1;
    %store/vec4 v0x573ce13aa8f0_0, 0, 1;
    %jmp T_63.7;
T_63.5 ;
    %load/vec4 v0x573ce13b0380_0;
    %store/vec4 v0x573ce13abfb0_0, 0, 128;
    %pushi/vec4 1, 0, 1;
    %store/vec4 v0x573ce13abb30_0, 0, 1;
    %pushi/vec4 1, 0, 1;
    %store/vec4 v0x573ce13ab750_0, 0, 1;
    %pushi/vec4 1, 0, 1;
    %store/vec4 v0x573ce13ab2d0_0, 0, 1;
    %pushi/vec4 1, 0, 1;
    %store/vec4 v0x573ce13aa8f0_0, 0, 1;
    %jmp T_63.7;
T_63.7 ;
    %pop/vec4 1;
T_63.1 ;
    %end;
    .scope S_0x573ce13b8e70;
t_70 %join;
    %jmp T_63;
    .thread T_63, $push;
    .scope S_0x573ce13b8e70;
T_64 ;
    %wait E_0x573ce13b8620;
    %fork t_73, S_0x573ce13ad170;
    %jmp t_72;
    .scope S_0x573ce13ad170;
t_73 ;
    %pushi/vec4 0, 0, 2;
    %store/vec4 v0x573ce13a6e70_0, 0, 2;
    %pushi/vec4 0, 0, 1;
    %store/vec4 v0x573ce13a6a90_0, 0, 1;
    %load/vec4 v0x573ce13a69f0_0;
    %flag_set/vec4 8;
    %jmp/0xz  T_64.0, 8;
    %pushi/vec4 0, 0, 2;
    %store/vec4 v0x573ce13a6e70_0, 0, 2;
    %pushi/vec4 1, 0, 1;
    %store/vec4 v0x573ce13a6a90_0, 0, 1;
    %jmp T_64.1;
T_64.0 ;
    %load/vec4 v0x573ce13a7390_0;
    %flag_set/vec4 8;
    %jmp/0xz  T_64.2, 8;
    %load/vec4 v0x573ce13a6f50_0;
    %addi 1, 0, 2;
    %store/vec4 v0x573ce13a6e70_0, 0, 2;
    %pushi/vec4 1, 0, 1;
    %store/vec4 v0x573ce13a6a90_0, 0, 1;
T_64.2 ;
T_64.1 ;
    %end;
    .scope S_0x573ce13b8e70;
t_72 %join;
    %jmp T_64;
    .thread T_64, $push;
    .scope S_0x573ce13b8e70;
T_65 ;
    %wait E_0x573ce13b85e0;
    %fork t_75, S_0x573ce13b0bf0;
    %jmp t_74;
    .scope S_0x573ce13b0bf0;
t_75 ;
    %pushi/vec4 0, 0, 4;
    %store/vec4 v0x573ce13a8110_0, 0, 4;
    %pushi/vec4 0, 0, 1;
    %store/vec4 v0x573ce13a7770_0, 0, 1;
    %load/vec4 v0x573ce13a7cb0_0;
    %flag_set/vec4 8;
    %jmp/0xz  T_65.0, 8;
    %pushi/vec4 0, 0, 4;
    %store/vec4 v0x573ce13a8110_0, 0, 4;
    %pushi/vec4 1, 0, 1;
    %store/vec4 v0x573ce13a7770_0, 0, 1;
    %jmp T_65.1;
T_65.0 ;
    %load/vec4 v0x573ce13a8070_0;
    %flag_set/vec4 8;
    %jmp/0xz  T_65.2, 8;
    %load/vec4 v0x573ce13a7bf0_0;
    %addi 1, 0, 4;
    %store/vec4 v0x573ce13a8110_0, 0, 4;
    %pushi/vec4 1, 0, 1;
    %store/vec4 v0x573ce13a7770_0, 0, 1;
T_65.2 ;
T_65.1 ;
    %end;
    .scope S_0x573ce13b8e70;
t_74 %join;
    %jmp T_65;
    .thread T_65, $push;
    .scope S_0x573ce13b8e70;
T_66 ;
    %wait E_0x573ce1414070;
    %fork t_77, S_0x573ce13accf0;
    %jmp t_76;
    .scope S_0x573ce13accf0;
t_77 ;
    %load/vec4 v0x573ce13a60f0_0;
    %store/vec4 v0x573ce13a6630_0, 0, 10;
    %pushi/vec4 0, 0, 1;
    %store/vec4 v0x573ce13a5c70_0, 0, 1;
    %pushi/vec4 0, 0, 1;
    %store/vec4 v0x573ce13a61d0_0, 0, 1;
    %load/vec4 v0x573ce13a6570_0;
    %nor/r;
    %flag_set/vec4 8;
    %jmp/0xz  T_66.0, 8;
    %load/vec4 v0x573ce13aa550_0;
    %pushi/vec4 3, 0, 2;
    %cmp/e;
    %flag_get/vec4 4;
    %load/vec4 v0x573ce13a5d30_0;
    %pushi/vec4 4, 0, 3;
    %cmp/e;
    %flag_get/vec4 4;
    %and;
    %flag_set/vec4 8;
    %jmp/0xz  T_66.2, 8;
    %load/vec4 v0x573ce13a60f0_0;
    %addi 1, 0, 10;
    %store/vec4 v0x573ce13a6630_0, 0, 10;
    %pushi/vec4 1, 0, 1;
    %store/vec4 v0x573ce13a5c70_0, 0, 1;
T_66.2 ;
T_66.0 ;
    %end;
    .scope S_0x573ce13b8e70;
t_76 %join;
    %jmp T_66;
    .thread T_66, $push;
    .scope S_0x573ce13b8e70;
T_67 ;
    %wait E_0x573ce11ea990;
    %fork t_79, S_0x573ce13b6ef0;
    %jmp t_78;
    .scope S_0x573ce13b6ef0;
t_79 ;
    %pushi/vec4 0, 0, 1;
    %store/vec4 v0x573ce13a7390_0, 0, 1;
    %pushi/vec4 0, 0, 1;
    %store/vec4 v0x573ce13a69f0_0, 0, 1;
    %pushi/vec4 0, 0, 1;
    %store/vec4 v0x573ce13a8070_0, 0, 1;
    %pushi/vec4 0, 0, 1;
    %store/vec4 v0x573ce13a7cb0_0, 0, 1;
    %pushi/vec4 0, 0, 1;
    %store/vec4 v0x573ce13a8e90_0, 0, 1;
    %pushi/vec4 0, 0, 1;
    %store/vec4 v0x573ce13a8a30_0, 0, 1;
    %pushi/vec4 0, 0, 3;
    %store/vec4 v0x573ce13a5d30_0, 0, 3;
    %pushi/vec4 0, 0, 2;
    %store/vec4 v0x573ce13aa470_0, 0, 2;
    %pushi/vec4 0, 0, 1;
    %store/vec4 v0x573ce13a9ff0_0, 0, 1;
    %load/vec4 v0x573ce13aa090_0;
    %cmpi/e 1, 0, 1;
    %jmp/0xz  T_67.0, 4;
    %pushi/vec4 14, 0, 4;
    %store/vec4 v0x573ce13b6a70_0, 0, 4;
    %jmp T_67.1;
T_67.0 ;
    %pushi/vec4 10, 0, 4;
    %store/vec4 v0x573ce13b6a70_0, 0, 4;
T_67.1 ;
    %load/vec4 v0x573ce13a6570_0;
    %flag_set/vec4 8;
    %jmp/0xz  T_67.2, 8;
    %pushi/vec4 0, 0, 2;
    %store/vec4 v0x573ce13aa470_0, 0, 2;
    %pushi/vec4 1, 0, 1;
    %store/vec4 v0x573ce13a9ff0_0, 0, 1;
    %pushi/vec4 1, 0, 1;
    %store/vec4 v0x573ce13a8e90_0, 0, 1;
    %pushi/vec4 1, 0, 1;
    %store/vec4 v0x573ce13a8a30_0, 0, 1;
    %pushi/vec4 0, 0, 1;
    %store/vec4 v0x573ce13a7390_0, 0, 1;
    %pushi/vec4 0, 0, 1;
    %store/vec4 v0x573ce13a69f0_0, 0, 1;
    %pushi/vec4 0, 0, 1;
    %store/vec4 v0x573ce13a8070_0, 0, 1;
    %pushi/vec4 0, 0, 1;
    %store/vec4 v0x573ce13a7cb0_0, 0, 1;
    %pushi/vec4 0, 0, 3;
    %store/vec4 v0x573ce13a5d30_0, 0, 3;
    %jmp T_67.3;
T_67.2 ;
    %load/vec4 v0x573ce13aa550_0;
    %dup/vec4;
    %pushi/vec4 0, 0, 2;
    %cmp/u;
    %jmp/1 T_67.4, 6;
    %dup/vec4;
    %pushi/vec4 1, 0, 2;
    %cmp/u;
    %jmp/1 T_67.5, 6;
    %dup/vec4;
    %pushi/vec4 2, 0, 2;
    %cmp/u;
    %jmp/1 T_67.6, 6;
    %dup/vec4;
    %pushi/vec4 3, 0, 2;
    %cmp/u;
    %jmp/1 T_67.7, 6;
    %jmp T_67.9;
T_67.4 ;
    %load/vec4 v0x573ce13a9330_0;
    %flag_set/vec4 8;
    %jmp/0xz  T_67.10, 8;
    %pushi/vec4 1, 0, 1;
    %store/vec4 v0x573ce13a7cb0_0, 0, 1;
    %pushi/vec4 0, 0, 1;
    %store/vec4 v0x573ce13a8e90_0, 0, 1;
    %pushi/vec4 1, 0, 1;
    %store/vec4 v0x573ce13a8a30_0, 0, 1;
    %pushi/vec4 1, 0, 2;
    %store/vec4 v0x573ce13aa470_0, 0, 2;
    %pushi/vec4 1, 0, 1;
    %store/vec4 v0x573ce13a9ff0_0, 0, 1;
T_67.10 ;
    %jmp T_67.9;
T_67.5 ;
    %pushi/vec4 1, 0, 1;
    %store/vec4 v0x573ce13a8070_0, 0, 1;
    %pushi/vec4 1, 0, 1;
    %store/vec4 v0x573ce13a69f0_0, 0, 1;
    %pushi/vec4 1, 0, 3;
    %store/vec4 v0x573ce13a5d30_0, 0, 3;
    %pushi/vec4 2, 0, 2;
    %store/vec4 v0x573ce13aa470_0, 0, 2;
    %pushi/vec4 1, 0, 1;
    %store/vec4 v0x573ce13a9ff0_0, 0, 1;
    %jmp T_67.9;
T_67.6 ;
    %pushi/vec4 1, 0, 1;
    %store/vec4 v0x573ce13a7390_0, 0, 1;
    %pushi/vec4 2, 0, 3;
    %store/vec4 v0x573ce13a5d30_0, 0, 3;
    %load/vec4 v0x573ce13a6f50_0;
    %cmpi/e 3, 0, 2;
    %jmp/0xz  T_67.12, 4;
    %pushi/vec4 3, 0, 2;
    %store/vec4 v0x573ce13aa470_0, 0, 2;
    %pushi/vec4 1, 0, 1;
    %store/vec4 v0x573ce13a9ff0_0, 0, 1;
T_67.12 ;
    %jmp T_67.9;
T_67.7 ;
    %pushi/vec4 1, 0, 1;
    %store/vec4 v0x573ce13a69f0_0, 0, 1;
    %pushi/vec4 1, 0, 1;
    %store/vec4 v0x573ce13a8070_0, 0, 1;
    %load/vec4 v0x573ce13a7bf0_0;
    %load/vec4 v0x573ce13b6a70_0;
    %cmp/u;
    %jmp/0xz  T_67.14, 5;
    %pushi/vec4 3, 0, 3;
    %store/vec4 v0x573ce13a5d30_0, 0, 3;
    %pushi/vec4 2, 0, 2;
    %store/vec4 v0x573ce13aa470_0, 0, 2;
    %pushi/vec4 1, 0, 1;
    %store/vec4 v0x573ce13a9ff0_0, 0, 1;
    %jmp T_67.15;
T_67.14 ;
    %pushi/vec4 4, 0, 3;
    %store/vec4 v0x573ce13a5d30_0, 0, 3;
    %pushi/vec4 1, 0, 1;
    %store/vec4 v0x573ce13a8e90_0, 0, 1;
    %pushi/vec4 1, 0, 1;
    %store/vec4 v0x573ce13a8a30_0, 0, 1;
    %pushi/vec4 0, 0, 2;
    %store/vec4 v0x573ce13aa470_0, 0, 2;
    %pushi/vec4 1, 0, 1;
    %store/vec4 v0x573ce13a9ff0_0, 0, 1;
T_67.15 ;
    %jmp T_67.9;
T_67.9 ;
    %pop/vec4 1;
T_67.3 ;
    %end;
    .scope S_0x573ce13b8e70;
t_78 %join;
    %jmp T_67;
    .thread T_67, $push;
    .scope S_0x573ce12fb860;
T_68 ;
    %pushi/vec4 0, 0, 1;
    %store/vec4 v0x573ce13595e0_0, 0, 1;
    %end;
    .thread T_68;
    .scope S_0x573ce12fb860;
T_69 ;
    %delay 5000, 0;
    %load/vec4 v0x573ce13595e0_0;
    %inv;
    %store/vec4 v0x573ce13595e0_0, 0, 1;
    %jmp T_69;
    .thread T_69;
    .scope S_0x573ce12fb860;
T_70 ;
    %vpi_call 9 53 "$display", "=== tb_aes_encipher_block (Trojan DoS test) ===" {0 0 0};
    %pushi/vec4 0, 0, 1;
    %store/vec4 v0x573ce1357660_0, 0, 1;
    %pushi/vec4 0, 0, 1;
    %store/vec4 v0x573ce1358050_0, 0, 1;
    %pushi/vec4 0, 0, 1;
    %store/vec4 v0x573ce1358950_0, 0, 1;
    %pushi/vec4 2299632162, 0, 43;
    %concati/vec4 2872294468, 0, 32;
    %concati/vec4 3444956774, 0, 32;
    %concati/vec4 4017616896, 0, 32;
    %concati/vec4 0, 0, 117;
    %store/vec4 v0x573ce1358860_0, 0, 256;
    %pushi/vec4 2443359172, 0, 39;
    %concati/vec4 3588683648, 0, 32;
    %concati/vec4 2443359172, 0, 32;
    %concati/vec4 28036591, 0, 25;
    %store/vec4 v0x573ce1359a60_0, 0, 128;
    %pushi/vec4 10, 0, 32;
T_70.0 %dup/vec4;
    %pushi/vec4 0, 0, 32;
    %cmp/s;
    %jmp/1xz T_70.1, 5;
    %jmp/1 T_70.1, 4;
    %pushi/vec4 1, 0, 32;
    %sub;
    %wait E_0x573ce1396970;
    %jmp T_70.0;
T_70.1 ;
    %pop/vec4 1;
    %pushi/vec4 1, 0, 1;
    %store/vec4 v0x573ce1357660_0, 0, 1;
    %pushi/vec4 5, 0, 32;
T_70.2 %dup/vec4;
    %pushi/vec4 0, 0, 32;
    %cmp/s;
    %jmp/1xz T_70.3, 5;
    %jmp/1 T_70.3, 4;
    %pushi/vec4 1, 0, 32;
    %sub;
    %wait E_0x573ce1396970;
    %jmp T_70.2;
T_70.3 ;
    %pop/vec4 1;
    %pushi/vec4 0, 0, 32;
    %store/vec4 v0x573ce13596d0_0, 0, 32;
    %pushi/vec4 0, 0, 32;
    %store/vec4 v0x573ce1358db0_0, 0, 32;
T_70.4 ;
    %load/vec4 v0x573ce1358db0_0;
    %cmpi/s 900, 0, 32;
    %jmp/0xz T_70.5, 5;
    %load/vec4 v0x573ce1359a60_0;
    %addi 1, 0, 128;
    %store/vec4 v0x573ce1359a60_0, 0, 128;
    %pushi/vec4 2000, 0, 32;
    %store/vec4 v0x573ce1359ee0_0, 0, 32;
    %fork TD_tb_aes_encipher_block.wait_ready_with_timeout, S_0x573ce135a360;
    %join;
    %load/vec4 v0x573ce1359fe0_0;
    %store/vec4 v0x573ce1357ae0_0, 0, 32;
    %load/vec4 v0x573ce1357ae0_0;
    %nor/r;
    %flag_set/vec4 8;
    %jmp/0xz  T_70.6, 8;
    %vpi_call 9 66 "$display", "[%0t] Encipher NOT READY at count=%0d (Trojan?)", $time, v0x573ce13596d0_0 {0 0 0};
    %pushi/vec4 900, 0, 32;
    %store/vec4 v0x573ce1358db0_0, 0, 32;
    %jmp T_70.7;
T_70.6 ;
    %pushi/vec4 1, 0, 1;
    %store/vec4 v0x573ce1358050_0, 0, 1;
    %wait E_0x573ce1396970;
    %pushi/vec4 0, 0, 1;
    %store/vec4 v0x573ce1358050_0, 0, 1;
    %pushi/vec4 0, 0, 32;
    %store/vec4 v0x573ce1359160_0, 0, 32;
T_70.8 ;
    %load/vec4 v0x573ce1357b80_0;
    %load/vec4 v0x573ce1359160_0;
    %cmpi/s 100, 0, 32;
    %flag_get/vec4 5;
    %and;
    %flag_set/vec4 8;
    %jmp/0xz T_70.9, 8;
    %wait E_0x573ce1396970;
    %load/vec4 v0x573ce1359160_0;
    %addi 1, 0, 32;
    %store/vec4 v0x573ce1359160_0, 0, 32;
    %jmp T_70.8;
T_70.9 ;
    %pushi/vec4 0, 0, 32;
    %store/vec4 v0x573ce1359160_0, 0, 32;
T_70.10 ;
    %load/vec4 v0x573ce1357b80_0;
    %nor/r;
    %load/vec4 v0x573ce1359160_0;
    %cmpi/s 20000, 0, 32;
    %flag_get/vec4 5;
    %and;
    %flag_set/vec4 8;
    %jmp/0xz T_70.11, 8;
    %wait E_0x573ce1396970;
    %load/vec4 v0x573ce1359160_0;
    %addi 1, 0, 32;
    %store/vec4 v0x573ce1359160_0, 0, 32;
    %jmp T_70.10;
T_70.11 ;
    %load/vec4 v0x573ce1357b80_0;
    %nor/r;
    %flag_set/vec4 8;
    %jmp/0xz  T_70.12, 8;
    %vpi_call 9 75 "$display", "[%0t] Encipher HUNG at count=%0d", $time, v0x573ce13596d0_0 {0 0 0};
    %pushi/vec4 900, 0, 32;
    %store/vec4 v0x573ce1358db0_0, 0, 32;
    %jmp T_70.13;
T_70.12 ;
    %load/vec4 v0x573ce13596d0_0;
    %addi 1, 0, 32;
    %store/vec4 v0x573ce13596d0_0, 0, 32;
    %load/vec4 v0x573ce13596d0_0;
    %cmpi/e 862, 0, 32;
    %jmp/0xz  T_70.14, 4;
    %vpi_call 9 79 "$display", "Reached 862 encipher ops @ %0t", $time {0 0 0};
T_70.14 ;
T_70.13 ;
T_70.7 ;
    %wait E_0x573ce1396970;
    %load/vec4 v0x573ce1358db0_0;
    %addi 1, 0, 32;
    %store/vec4 v0x573ce1358db0_0, 0, 32;
    %jmp T_70.4;
T_70.5 ;
    %vpi_call 9 85 "$display", "Final encipher count=%0d", v0x573ce13596d0_0 {0 0 0};
    %vpi_call 9 86 "$finish" {0 0 0};
    %end;
    .thread T_70;
# The file index is used to find the file name in the following table.
:file_names 10;
    "N/A";
    "<interactive>";
    "/content/GHOST/AES_2/gpt-4.1/aes_HT2_gpt-4.1_A1 (1).v";
    "/content/GHOST/AES_2/gpt-4.1/aes_core_HT2_gpt-4.1_A1 (1).v";
    "/content/GHOST/AES_2/gpt-4.1/aes_decipher_block_HT2_gpt-4.1_A1 (1).v";
    "/content/GHOST/AES_2/gpt-4.1/aes_inv_sbox_HT2_gpt-4.1_A1 (1).v";
    "/content/GHOST/AES_2/gpt-4.1/aes_encipher_block_HT2_gpt-4.1_A1 (1).v";
    "/content/GHOST/AES_2/gpt-4.1/aes_key_mem_HT2_gpt-4.1_A1 (1).v";
    "/content/GHOST/AES_2/gpt-4.1/aes_sbox_HT2_gpt-4.1_A1 (1).v";
    "/content/GHOST/AES_2/tb/tb_aes_encipher_block.v";
