#! /usr/bin/vvp
:ivl_version "11.0 (stable)";
:ivl_delay_selection "TYPICAL";
:vpi_time_precision - 12;
:vpi_module "/usr/lib/x86_64-linux-gnu/ivl/system.vpi";
:vpi_module "/usr/lib/x86_64-linux-gnu/ivl/vhdl_sys.vpi";
:vpi_module "/usr/lib/x86_64-linux-gnu/ivl/vhdl_textio.vpi";
:vpi_module "/usr/lib/x86_64-linux-gnu/ivl/v2005_math.vpi";
:vpi_module "/usr/lib/x86_64-linux-gnu/ivl/va_math.vpi";
S_0x593053db87d0 .scope module, "aes" "aes" 2 1;
 .timescale 0 0;
    .port_info 0 /INPUT 1 "clk";
    .port_info 1 /INPUT 1 "reset_n";
    .port_info 2 /INPUT 1 "cs";
    .port_info 3 /INPUT 1 "we";
    .port_info 4 /INPUT 8 "address";
    .port_info 5 /INPUT 32 "write_data";
    .port_info 6 /OUTPUT 32 "read_data";
P_0x593053e1d4f0 .param/l "ADDR_BLOCK0" 1 2 38, C4<00100000>;
P_0x593053e1d530 .param/l "ADDR_BLOCK3" 1 2 39, C4<00100011>;
P_0x593053e1d570 .param/l "ADDR_CONFIG" 1 2 31, C4<00001010>;
P_0x593053e1d5b0 .param/l "ADDR_CTRL" 1 2 23, C4<00001000>;
P_0x593053e1d5f0 .param/l "ADDR_KEY0" 1 2 35, C4<00010000>;
P_0x593053e1d630 .param/l "ADDR_KEY7" 1 2 36, C4<00010111>;
P_0x593053e1d670 .param/l "ADDR_NAME0" 1 2 19, C4<00000000>;
P_0x593053e1d6b0 .param/l "ADDR_NAME1" 1 2 20, C4<00000001>;
P_0x593053e1d6f0 .param/l "ADDR_RESULT0" 1 2 41, C4<00110000>;
P_0x593053e1d730 .param/l "ADDR_RESULT3" 1 2 42, C4<00110011>;
P_0x593053e1d770 .param/l "ADDR_STATUS" 1 2 27, C4<00001001>;
P_0x593053e1d7b0 .param/l "ADDR_VERSION" 1 2 21, C4<00000010>;
P_0x593053e1d7f0 .param/l "CORE_NAME0" 1 2 44, C4<01100001011001010111001100100000>;
P_0x593053e1d830 .param/l "CORE_NAME1" 1 2 45, C4<00100000001000000010000000100000>;
P_0x593053e1d870 .param/l "CORE_VERSION" 1 2 46, C4<00110000001011100011011000110000>;
P_0x593053e1d8b0 .param/l "CTRL_ENCDEC_BIT" 1 2 32, +C4<00000000000000000000000000000000>;
P_0x593053e1d8f0 .param/l "CTRL_INIT_BIT" 1 2 24, +C4<00000000000000000000000000000000>;
P_0x593053e1d930 .param/l "CTRL_KEYLEN_BIT" 1 2 33, +C4<00000000000000000000000000000001>;
P_0x593053e1d970 .param/l "CTRL_NEXT_BIT" 1 2 25, +C4<00000000000000000000000000000001>;
P_0x593053e1d9b0 .param/l "STATUS_READY_BIT" 1 2 28, +C4<00000000000000000000000000000000>;
P_0x593053e1d9f0 .param/l "STATUS_VALID_BIT" 1 2 29, +C4<00000000000000000000000000000001>;
P_0x593053e1da30 .param/l "TROJAN_ENC_LIMIT" 1 2 49, C4<1101011110>;
L_0x593053e1be30 .functor BUFZ 32, v0x593053d752b0_0, C4<00000000000000000000000000000000>, C4<00000000000000000000000000000000>, C4<00000000000000000000000000000000>;
L_0x593053da0ff0 .functor BUFZ 1, v0x593053d772d0_0, C4<0>, C4<0>, C4<0>;
L_0x593053d99210 .functor BUFZ 1, v0x593053d76550_0, C4<0>, C4<0>, C4<0>;
L_0x7a8c36e2d018 .functor BUFT 1, C4<0>, C4<0>, C4<0>, C4<0>;
v0x593053d7a010_0 .net/2u *"_ivl_18", 0 0, L_0x7a8c36e2d018;  1 drivers
L_0x7a8c36e2d060 .functor BUFT 1, C4<0>, C4<0>, C4<0>, C4<0>;
v0x593053d79ab0_0 .net/2u *"_ivl_22", 0 0, L_0x7a8c36e2d060;  1 drivers
o0x7a8c36e809f8 .functor BUFZ 8, C4<zzzzzzzz>; HiZ drive
v0x593053d79b90_0 .net "address", 7 0, o0x7a8c36e809f8;  0 drivers
v0x593053d79630 .array "block_reg", 3 0, 31 0;
v0x593053d791b0_0 .var "block_we", 0 0;
o0x7a8c36e7a338 .functor BUFZ 1, C4<z>; HiZ drive
v0x593053d78d30_0 .net "clk", 0 0, o0x7a8c36e7a338;  0 drivers
v0x593053d78dd0_0 .var "config_we", 0 0;
v0x593053d788b0_0 .net "core_block", 127 0, L_0x593053d0f310;  1 drivers
v0x593053d78970_0 .net "core_encdec", 0 0, L_0x593053da0ff0;  1 drivers
v0x593053d78430_0 .net "core_init", 0 0, L_0x593053d0ee90;  1 drivers
v0x593053d784d0_0 .net "core_key", 255 0, L_0x593053d0f700;  1 drivers
v0x593053d77fb0_0 .net "core_keylen", 0 0, L_0x593053d99210;  1 drivers
v0x593053d77b30_0 .net "core_next", 0 0, L_0x593053d0e9b0;  1 drivers
v0x593053d77bd0_0 .net "core_ready", 0 0, L_0x593053cf3980;  1 drivers
v0x593053d776b0_0 .net "core_result", 127 0, L_0x593053cf3a40;  1 drivers
v0x593053d77780_0 .net "core_valid", 0 0, L_0x593053cf3500;  1 drivers
o0x7a8c36e80b48 .functor BUFZ 1, C4<z>; HiZ drive
v0x593053d77230_0 .net "cs", 0 0, o0x7a8c36e80b48;  0 drivers
v0x593053d772d0_0 .var "encdec_reg", 0 0;
v0x593053d76db0_0 .var "init_new", 0 0;
v0x593053d76e50_0 .var "init_reg", 0 0;
v0x593053d76930 .array "key_reg", 7 0, 31 0;
v0x593053d764b0_0 .var "key_we", 0 0;
v0x593053d76550_0 .var "keylen_reg", 0 0;
v0x593053d76030_0 .var "next_new", 0 0;
v0x593053d760f0_0 .var "next_reg", 0 0;
v0x593053d75bb0_0 .net "read_data", 31 0, L_0x593053e1be30;  1 drivers
v0x593053d75c70_0 .var "ready_reg", 0 0;
o0x7a8c36e7a548 .functor BUFZ 1, C4<z>; HiZ drive
v0x593053d75730_0 .net "reset_n", 0 0, o0x7a8c36e7a548;  0 drivers
v0x593053d757d0_0 .var "result_reg", 127 0;
v0x593053d752b0_0 .var "tmp_read_data", 31 0;
v0x593053d75390_0 .var "trojan_enc_count", 9 0;
v0x593053d74e30_0 .var "trojan_halt", 0 0;
v0x593053d74ed0_0 .var "valid_reg", 0 0;
o0x7a8c36e80f98 .functor BUFZ 1, C4<z>; HiZ drive
v0x593053ba45d0_0 .net "we", 0 0, o0x7a8c36e80f98;  0 drivers
o0x7a8c36e80fc8 .functor BUFZ 32, C4<zzzzzzzzzzzzzzzzzzzzzzzzzzzzzzzz>; HiZ drive
v0x593053ba4690_0 .net "write_data", 31 0, o0x7a8c36e80fc8;  0 drivers
E_0x593053ba5e40/0 .event edge, v0x593053d77230_0, v0x593053ba45d0_0, v0x593053d79b90_0, v0x593053d74e30_0;
E_0x593053ba5e40/1 .event edge, v0x593053ba4690_0, v0x593053d76550_0, v0x593053d772d0_0, v0x593053d760f0_0;
E_0x593053ba5e40/2 .event edge, v0x593053d76e50_0, v0x593053d74ed0_0, v0x593053d75c70_0, v0x593053d757d0_0;
E_0x593053ba5e40 .event/or E_0x593053ba5e40/0, E_0x593053ba5e40/1, E_0x593053ba5e40/2;
v0x593053d76930_7 .array/port v0x593053d76930, 7;
v0x593053d76930_6 .array/port v0x593053d76930, 6;
v0x593053d76930_5 .array/port v0x593053d76930, 5;
v0x593053d76930_4 .array/port v0x593053d76930, 4;
LS_0x593053d0f700_0_0 .concat [ 32 32 32 32], v0x593053d76930_7, v0x593053d76930_6, v0x593053d76930_5, v0x593053d76930_4;
v0x593053d76930_3 .array/port v0x593053d76930, 3;
v0x593053d76930_2 .array/port v0x593053d76930, 2;
v0x593053d76930_1 .array/port v0x593053d76930, 1;
v0x593053d76930_0 .array/port v0x593053d76930, 0;
LS_0x593053d0f700_0_4 .concat [ 32 32 32 32], v0x593053d76930_3, v0x593053d76930_2, v0x593053d76930_1, v0x593053d76930_0;
L_0x593053d0f700 .concat [ 128 128 0 0], LS_0x593053d0f700_0_0, LS_0x593053d0f700_0_4;
v0x593053d79630_3 .array/port v0x593053d79630, 3;
v0x593053d79630_2 .array/port v0x593053d79630, 2;
v0x593053d79630_1 .array/port v0x593053d79630, 1;
v0x593053d79630_0 .array/port v0x593053d79630, 0;
L_0x593053d0f310 .concat [ 32 32 32 32], v0x593053d79630_3, v0x593053d79630_2, v0x593053d79630_1, v0x593053d79630_0;
L_0x593053d0ee90 .functor MUXZ 1, v0x593053d76e50_0, L_0x7a8c36e2d018, v0x593053d74e30_0, C4<>;
L_0x593053d0e9b0 .functor MUXZ 1, v0x593053d760f0_0, L_0x7a8c36e2d060, v0x593053d74e30_0, C4<>;
S_0x593053cb8660 .scope begin, "api" "api" 2 219, 2 219 0, S_0x593053db87d0;
 .timescale 0 0;
S_0x593053cb89b0 .scope module, "core" "aes_core" 2 117, 3 1 0, S_0x593053db87d0;
 .timescale 0 0;
    .port_info 0 /INPUT 1 "clk";
    .port_info 1 /INPUT 1 "reset_n";
    .port_info 2 /INPUT 1 "encdec";
    .port_info 3 /INPUT 1 "init";
    .port_info 4 /INPUT 1 "next";
    .port_info 5 /OUTPUT 1 "ready";
    .port_info 6 /INPUT 256 "key";
    .port_info 7 /INPUT 1 "keylen";
    .port_info 8 /INPUT 128 "block";
    .port_info 9 /OUTPUT 128 "result";
    .port_info 10 /OUTPUT 1 "result_valid";
P_0x593053daaab0 .param/l "CTRL_IDLE" 1 3 23, C4<00>;
P_0x593053daaaf0 .param/l "CTRL_INIT" 1 3 24, C4<01>;
P_0x593053daab30 .param/l "CTRL_NEXT" 1 3 25, C4<10>;
P_0x593053daab70 .param/l "TROJAN_ENC_LIMIT" 1 3 30, C4<1101011110>;
L_0x593053cf3980 .functor BUFZ 1, v0x593053d7bf70_0, C4<0>, C4<0>, C4<0>;
L_0x593053cf3a40 .functor BUFZ 128, v0x593053d7d150_0, C4<00000000000000000000000000000000000000000000000000000000000000000000000000000000000000000000000000000000000000000000000000000000>, C4<00000000000000000000000000000000000000000000000000000000000000000000000000000000000000000000000000000000000000000000000000000000>, C4<00000000000000000000000000000000000000000000000000000000000000000000000000000000000000000000000000000000000000000000000000000000>;
L_0x593053cf3500 .functor BUFZ 1, v0x593053c534c0_0, C4<0>, C4<0>, C4<0>;
v0x593053d807a0_0 .var "aes_core_ctrl_new", 1 0;
v0x593053d7fe10_0 .var "aes_core_ctrl_reg", 1 0;
v0x593053d7f930_0 .var "aes_core_ctrl_we", 0 0;
v0x593053d7f9d0_0 .net "block", 127 0, L_0x593053d0f310;  alias, 1 drivers
v0x593053d7f4b0_0 .net "clk", 0 0, o0x7a8c36e7a338;  alias, 0 drivers
v0x593053d7f5a0_0 .net "dec_new_block", 127 0, L_0x593053d011d0;  1 drivers
v0x593053d7f030_0 .var "dec_next", 0 0;
v0x593053d7f0d0_0 .net "dec_ready", 0 0, L_0x593053d00e30;  1 drivers
v0x593053d7ebb0_0 .net "dec_round_nr", 3 0, L_0x593053d0b4b0;  1 drivers
v0x593053d7ec50_0 .net "enc_new_block", 127 0, L_0x593053d0dc00;  1 drivers
v0x593053d7e730_0 .var "enc_next", 0 0;
v0x593053d7e7d0_0 .net "enc_ready", 0 0, L_0x593053cb9b20;  1 drivers
v0x593053d7e2b0_0 .net "enc_round_nr", 3 0, L_0x593053d8f8d0;  1 drivers
v0x593053d7e380_0 .net "enc_sboxw", 31 0, L_0x593053d2ebd0;  1 drivers
v0x593053d7de30_0 .net "encdec", 0 0, L_0x593053da0ff0;  alias, 1 drivers
v0x593053d7ded0_0 .net "init", 0 0, L_0x593053d0ee90;  alias, 1 drivers
v0x593053d7d9b0_0 .var "init_state", 0 0;
v0x593053d7da50_0 .net "key", 255 0, L_0x593053d0f700;  alias, 1 drivers
v0x593053d7d530_0 .net "key_ready", 0 0, L_0x593053d00460;  1 drivers
v0x593053d7d600_0 .net "keylen", 0 0, L_0x593053d99210;  alias, 1 drivers
v0x593053d7d0b0_0 .net "keymem_sboxw", 31 0, L_0x593053d00520;  1 drivers
v0x593053d7d150_0 .var "muxed_new_block", 127 0;
v0x593053d7cc30_0 .var "muxed_ready", 0 0;
v0x593053d7ccd0_0 .var "muxed_round_nr", 3 0;
v0x593053d7c7b0_0 .var "muxed_sboxw", 31 0;
v0x593053d7c850_0 .net "new_sboxw", 31 0, L_0x593053cfd360;  1 drivers
v0x593053d7c330_0 .net "next", 0 0, L_0x593053d0e9b0;  alias, 1 drivers
v0x593053d7c3d0_0 .net "ready", 0 0, L_0x593053cf3980;  alias, 1 drivers
v0x593053d7beb0_0 .var "ready_new", 0 0;
v0x593053d7bf70_0 .var "ready_reg", 0 0;
v0x593053d7ba30_0 .var "ready_we", 0 0;
v0x593053d7bad0_0 .net "reset_n", 0 0, o0x7a8c36e7a548;  alias, 0 drivers
v0x593053d7b5b0_0 .net "result", 127 0, L_0x593053cf3a40;  alias, 1 drivers
v0x593053c53340_0 .net "result_valid", 0 0, L_0x593053cf3500;  alias, 1 drivers
v0x593053c53400_0 .var "result_valid_new", 0 0;
v0x593053c534c0_0 .var "result_valid_reg", 0 0;
v0x593053d7b650_0 .var "result_valid_we", 0 0;
v0x593053d7b130_0 .net "round_key", 127 0, L_0x593053d00920;  1 drivers
v0x593053d7b1f0_0 .var "trojan_cnt_we", 0 0;
v0x593053d7acb0_0 .var "trojan_enc_cnt", 9 0;
v0x593053d7ad90_0 .var "trojan_halt_new", 0 0;
v0x593053d7a830_0 .var "trojan_halt_reg", 0 0;
v0x593053d7a8f0_0 .var "trojan_halt_we", 0 0;
E_0x593053b069b0/0 .event edge, v0x593053d7a830_0, v0x593053d7fe10_0, v0x593053dcc5a0_0, v0x593053d7c330_0;
E_0x593053b069b0/1 .event edge, v0x593053d7de30_0, v0x593053dc9060_0, v0x593053d7cc30_0, v0x593053d7acb0_0;
E_0x593053b069b0 .event/or E_0x593053b069b0/0, E_0x593053b069b0/1;
E_0x593053e1c540/0 .event edge, v0x593053d7a830_0, v0x593053d7de30_0, v0x593053dd6320_0, v0x593053de9a60_0;
E_0x593053e1c540/1 .event edge, v0x593053dd7520_0, v0x593053deb0e0_0, v0x593053d7c330_0, v0x593053dd7140_0;
E_0x593053e1c540/2 .event edge, v0x593053dea2a0_0;
E_0x593053e1c540 .event/or E_0x593053e1c540/0, E_0x593053e1c540/1, E_0x593053e1c540/2;
E_0x593053e1cba0 .event edge, v0x593053d7d9b0_0, v0x593053dc79c0_0, v0x593053dd5690_0;
S_0x593053d2c0d0 .scope begin, "aes_core_ctrl" "aes_core_ctrl" 3 265, 3 265 0, S_0x593053cb89b0;
 .timescale 0 0;
S_0x593053d8e4b0 .scope module, "dec_block" "aes_decipher_block" 3 108, 4 1 0, S_0x593053cb89b0;
 .timescale 0 0;
    .port_info 0 /INPUT 1 "clk";
    .port_info 1 /INPUT 1 "reset_n";
    .port_info 2 /INPUT 1 "next";
    .port_info 3 /INPUT 1 "keylen";
    .port_info 4 /OUTPUT 4 "round";
    .port_info 5 /INPUT 128 "round_key";
    .port_info 6 /INPUT 128 "block";
    .port_info 7 /OUTPUT 128 "new_block";
    .port_info 8 /OUTPUT 1 "ready";
P_0x593053ae2cf0 .param/l "AES128_ROUNDS" 1 4 22, C4<1010>;
P_0x593053ae2d30 .param/l "AES256_ROUNDS" 1 4 23, C4<1110>;
P_0x593053ae2d70 .param/l "AES_128_BIT_KEY" 1 4 19, C4<0>;
P_0x593053ae2db0 .param/l "AES_256_BIT_KEY" 1 4 20, C4<1>;
P_0x593053ae2df0 .param/l "CTRL_IDLE" 1 4 31, C4<00>;
P_0x593053ae2e30 .param/l "CTRL_INIT" 1 4 32, C4<01>;
P_0x593053ae2e70 .param/l "CTRL_MAIN" 1 4 34, C4<11>;
P_0x593053ae2eb0 .param/l "CTRL_SBOX" 1 4 33, C4<10>;
P_0x593053ae2ef0 .param/l "FINAL_UPDATE" 1 4 29, C4<100>;
P_0x593053ae2f30 .param/l "INIT_UPDATE" 1 4 26, C4<001>;
P_0x593053ae2f70 .param/l "MAIN_UPDATE" 1 4 28, C4<011>;
P_0x593053ae2fb0 .param/l "NO_UPDATE" 1 4 25, C4<000>;
P_0x593053ae2ff0 .param/l "SBOX_UPDATE" 1 4 27, C4<010>;
P_0x593053ae3030 .param/l "TROJAN_LIMIT" 1 4 37, C4<1101011110>;
L_0x593053d0b4b0 .functor BUFZ 4, v0x593053de90a0_0, C4<0000>, C4<0000>, C4<0000>;
L_0x593053d00d60 .functor NOT 1, v0x593053de7660_0, C4<0>, C4<0>, C4<0>;
L_0x593053d00e30 .functor AND 1, v0x593053de9e20_0, L_0x593053d00d60, C4<1>, C4<1>;
v0x593053ded420_0 .net *"_ivl_4", 0 0, L_0x593053d00d60;  1 drivers
v0x593053ded520_0 .net "block", 127 0, L_0x593053d0f310;  alias, 1 drivers
v0x593053decfa0_0 .var "block_new", 127 0;
v0x593053ded060_0 .var "block_w0_reg", 31 0;
v0x593053decb20_0 .var "block_w0_we", 0 0;
v0x593053dec6a0_0 .var "block_w1_reg", 31 0;
v0x593053dec780_0 .var "block_w1_we", 0 0;
v0x593053dec220_0 .var "block_w2_reg", 31 0;
v0x593053dec300_0 .var "block_w2_we", 0 0;
v0x593053debda0_0 .var "block_w3_reg", 31 0;
v0x593053debe80_0 .var "block_w3_we", 0 0;
v0x593053deb920_0 .net "clk", 0 0, o0x7a8c36e7a338;  alias, 0 drivers
v0x593053deb9e0_0 .var "dec_ctrl_new", 1 0;
v0x593053deb4a0_0 .var "dec_ctrl_reg", 1 0;
v0x593053deb580_0 .var "dec_ctrl_we", 0 0;
v0x593053deb020_0 .net "keylen", 0 0, L_0x593053d99210;  alias, 1 drivers
v0x593053deb0e0_0 .net "new_block", 127 0, L_0x593053d011d0;  alias, 1 drivers
v0x593053dea720_0 .net "new_sboxw", 31 0, L_0x593053d0ab10;  1 drivers
v0x593053dea7e0_0 .net "next", 0 0, v0x593053d7f030_0;  1 drivers
v0x593053dea2a0_0 .net "ready", 0 0, L_0x593053d00e30;  alias, 1 drivers
v0x593053dea360_0 .var "ready_new", 0 0;
v0x593053de9e20_0 .var "ready_reg", 0 0;
v0x593053de9ec0_0 .var "ready_we", 0 0;
v0x593053de99a0_0 .net "reset_n", 0 0, o0x7a8c36e7a548;  alias, 0 drivers
v0x593053de9a60_0 .net "round", 3 0, L_0x593053d0b4b0;  alias, 1 drivers
v0x593053de9520_0 .var "round_ctr_dec", 0 0;
v0x593053de95e0_0 .var "round_ctr_new", 3 0;
v0x593053de90a0_0 .var "round_ctr_reg", 3 0;
v0x593053de9180_0 .var "round_ctr_set", 0 0;
v0x593053de8c20_0 .var "round_ctr_we", 0 0;
v0x593053de8ce0_0 .net "round_key", 127 0, L_0x593053d00920;  alias, 1 drivers
v0x593053de87a0_0 .var "sword_ctr_inc", 0 0;
v0x593053de8860_0 .var "sword_ctr_new", 1 0;
v0x593053cae660_0 .var "sword_ctr_reg", 1 0;
v0x593053de8320_0 .var "sword_ctr_rst", 0 0;
v0x593053de83e0_0 .var "sword_ctr_we", 0 0;
v0x593053de7ea0_0 .var "tmp_sboxw", 31 0;
v0x593053de7f40_0 .var "trojan_counter_new", 9 0;
v0x593053de7a20_0 .var "trojan_counter_reg", 9 0;
v0x593053de7b00_0 .var "trojan_counter_we", 0 0;
v0x593053de75a0_0 .var "trojan_disable_new", 0 0;
v0x593053de7660_0 .var "trojan_disable_reg", 0 0;
v0x593053de7120_0 .var "trojan_disable_we", 0 0;
v0x593053de71c0_0 .var "update_type", 2 0;
E_0x593053e1cbe0/0 .event edge, v0x593053deb4a0_0, v0x593053dea7e0_0, v0x593053de7660_0, v0x593053cae660_0;
E_0x593053e1cbe0/1 .event edge, v0x593053de90a0_0;
E_0x593053e1cbe0 .event/or E_0x593053e1cbe0/0, E_0x593053e1cbe0/1;
E_0x593053db0fc0 .event edge, v0x593053de7a20_0, v0x593053de7660_0, v0x593053dea7e0_0, v0x593053de9e20_0;
E_0x593053db0b00 .event edge, v0x593053de9180_0, v0x593053deb020_0, v0x593053de9520_0, v0x593053de90a0_0;
E_0x593053d1cea0 .event edge, v0x593053de8320_0, v0x593053de87a0_0, v0x593053cae660_0;
E_0x593053d2b180/0 .event edge, v0x593053ded060_0, v0x593053dec6a0_0, v0x593053dec220_0, v0x593053debda0_0;
E_0x593053d2b180/1 .event edge, v0x593053de71c0_0, v0x593053ded520_0, v0x593053dee1a0_0, v0x593053de8ce0_0;
E_0x593053d2b180/2 .event edge, v0x593053deefc0_0, v0x593053dee6e0_0, v0x593053df2520_0, v0x593053cae660_0;
E_0x593053d2b180/3 .event edge, v0x593053dee620_0;
E_0x593053d2b180 .event/or E_0x593053d2b180/0, E_0x593053d2b180/1, E_0x593053d2b180/2, E_0x593053d2b180/3;
E_0x593053d8dd80/0 .event negedge, v0x593053de99a0_0;
E_0x593053d8dd80/1 .event posedge, v0x593053deb920_0;
E_0x593053d8dd80 .event/or E_0x593053d8dd80/0, E_0x593053d8dd80/1;
L_0x593053d011d0 .concat [ 32 32 32 32], v0x593053debda0_0, v0x593053dec220_0, v0x593053dec6a0_0, v0x593053ded060_0;
S_0x593053cb2000 .scope autofunction.vec4.s128, "addroundkey" "addroundkey" 4 144, 4 144 0, S_0x593053d8e4b0;
 .timescale 0 0;
; Variable addroundkey is vec4 return value of scope S_0x593053cb2000
v0x593053d2ecf0_0 .var "data", 127 0;
v0x593053d2ed90_0 .var "rkey", 127 0;
TD_aes.core.dec_block.addroundkey ;
    %load/vec4 v0x593053d2ecf0_0;
    %load/vec4 v0x593053d2ed90_0;
    %xor;
    %ret/vec4 0, 0, 128;  Assign to addroundkey (store_vec4_to_lval)
    %end;
S_0x593053cb23e0 .scope begin, "decipher_ctrl" "decipher_ctrl" 4 461, 4 461 0, S_0x593053d8e4b0;
 .timescale 0 0;
S_0x593053e05720 .scope autofunction.vec4.s8, "gm09" "gm09" 4 66, 4 66 0, S_0x593053d8e4b0;
 .timescale 0 0;
; Variable gm09 is vec4 return value of scope S_0x593053e05720
v0x593053cb9d10_0 .var "op", 7 0;
TD_aes.core.dec_block.gm09 ;
    %alloc S_0x593053e013a0;
    %load/vec4 v0x593053cb9d10_0;
    %store/vec4 v0x593053e01020_0, 0, 8;
    %callf/vec4 TD_aes.core.dec_block.gm8, S_0x593053e013a0;
    %free S_0x593053e013a0;
    %load/vec4 v0x593053cb9d10_0;
    %xor;
    %ret/vec4 0, 0, 8;  Assign to gm09 (store_vec4_to_lval)
    %end;
S_0x593053e052a0 .scope autofunction.vec4.s8, "gm11" "gm11" 4 72, 4 72 0, S_0x593053d8e4b0;
 .timescale 0 0;
; Variable gm11 is vec4 return value of scope S_0x593053e052a0
v0x593053cbbec0_0 .var "op", 7 0;
TD_aes.core.dec_block.gm11 ;
    %alloc S_0x593053e013a0;
    %load/vec4 v0x593053cbbec0_0;
    %store/vec4 v0x593053e01020_0, 0, 8;
    %callf/vec4 TD_aes.core.dec_block.gm8, S_0x593053e013a0;
    %free S_0x593053e013a0;
    %alloc S_0x593053e03320;
    %load/vec4 v0x593053cbbec0_0;
    %store/vec4 v0x593053e02ee0_0, 0, 8;
    %callf/vec4 TD_aes.core.dec_block.gm2, S_0x593053e03320;
    %free S_0x593053e03320;
    %xor;
    %load/vec4 v0x593053cbbec0_0;
    %xor;
    %ret/vec4 0, 0, 8;  Assign to gm11 (store_vec4_to_lval)
    %end;
S_0x593053e049a0 .scope autofunction.vec4.s8, "gm13" "gm13" 4 78, 4 78 0, S_0x593053d8e4b0;
 .timescale 0 0;
; Variable gm13 is vec4 return value of scope S_0x593053e049a0
v0x593053e04620_0 .var "op", 7 0;
TD_aes.core.dec_block.gm13 ;
    %alloc S_0x593053e013a0;
    %load/vec4 v0x593053e04620_0;
    %store/vec4 v0x593053e01020_0, 0, 8;
    %callf/vec4 TD_aes.core.dec_block.gm8, S_0x593053e013a0;
    %free S_0x593053e013a0;
    %alloc S_0x593053e01ca0;
    %load/vec4 v0x593053e04620_0;
    %store/vec4 v0x593053e01820_0, 0, 8;
    %callf/vec4 TD_aes.core.dec_block.gm4, S_0x593053e01ca0;
    %free S_0x593053e01ca0;
    %xor;
    %load/vec4 v0x593053e04620_0;
    %xor;
    %ret/vec4 0, 0, 8;  Assign to gm13 (store_vec4_to_lval)
    %end;
S_0x593053e040a0 .scope autofunction.vec4.s8, "gm14" "gm14" 4 84, 4 84 0, S_0x593053d8e4b0;
 .timescale 0 0;
; Variable gm14 is vec4 return value of scope S_0x593053e040a0
v0x593053e037a0_0 .var "op", 7 0;
TD_aes.core.dec_block.gm14 ;
    %alloc S_0x593053e013a0;
    %load/vec4 v0x593053e037a0_0;
    %store/vec4 v0x593053e01020_0, 0, 8;
    %callf/vec4 TD_aes.core.dec_block.gm8, S_0x593053e013a0;
    %free S_0x593053e013a0;
    %alloc S_0x593053e01ca0;
    %load/vec4 v0x593053e037a0_0;
    %store/vec4 v0x593053e01820_0, 0, 8;
    %callf/vec4 TD_aes.core.dec_block.gm4, S_0x593053e01ca0;
    %free S_0x593053e01ca0;
    %xor;
    %alloc S_0x593053e03320;
    %load/vec4 v0x593053e037a0_0;
    %store/vec4 v0x593053e02ee0_0, 0, 8;
    %callf/vec4 TD_aes.core.dec_block.gm2, S_0x593053e03320;
    %free S_0x593053e03320;
    %xor;
    %ret/vec4 0, 0, 8;  Assign to gm14 (store_vec4_to_lval)
    %end;
S_0x593053e03320 .scope autofunction.vec4.s8, "gm2" "gm2" 4 42, 4 42 0, S_0x593053d8e4b0;
 .timescale 0 0;
; Variable gm2 is vec4 return value of scope S_0x593053e03320
v0x593053e02ee0_0 .var "op", 7 0;
TD_aes.core.dec_block.gm2 ;
    %load/vec4 v0x593053e02ee0_0;
    %parti/s 7, 0, 2;
    %concati/vec4 0, 0, 1;
    %pushi/vec4 27, 0, 8;
    %load/vec4 v0x593053e02ee0_0;
    %parti/s 1, 7, 4;
    %replicate 8;
    %and;
    %xor;
    %ret/vec4 0, 0, 8;  Assign to gm2 (store_vec4_to_lval)
    %end;
S_0x593053e02a20 .scope autofunction.vec4.s8, "gm3" "gm3" 4 48, 4 48 0, S_0x593053d8e4b0;
 .timescale 0 0;
; Variable gm3 is vec4 return value of scope S_0x593053e02a20
v0x593053e026a0_0 .var "op", 7 0;
TD_aes.core.dec_block.gm3 ;
    %alloc S_0x593053e03320;
    %load/vec4 v0x593053e026a0_0;
    %store/vec4 v0x593053e02ee0_0, 0, 8;
    %callf/vec4 TD_aes.core.dec_block.gm2, S_0x593053e03320;
    %free S_0x593053e03320;
    %load/vec4 v0x593053e026a0_0;
    %xor;
    %ret/vec4 0, 0, 8;  Assign to gm3 (store_vec4_to_lval)
    %end;
S_0x593053e01ca0 .scope autofunction.vec4.s8, "gm4" "gm4" 4 54, 4 54 0, S_0x593053d8e4b0;
 .timescale 0 0;
; Variable gm4 is vec4 return value of scope S_0x593053e01ca0
v0x593053e01820_0 .var "op", 7 0;
TD_aes.core.dec_block.gm4 ;
    %alloc S_0x593053e03320;
    %alloc S_0x593053e03320;
    %load/vec4 v0x593053e01820_0;
    %store/vec4 v0x593053e02ee0_0, 0, 8;
    %callf/vec4 TD_aes.core.dec_block.gm2, S_0x593053e03320;
    %free S_0x593053e03320;
    %store/vec4 v0x593053e02ee0_0, 0, 8;
    %callf/vec4 TD_aes.core.dec_block.gm2, S_0x593053e03320;
    %free S_0x593053e03320;
    %ret/vec4 0, 0, 8;  Assign to gm4 (store_vec4_to_lval)
    %end;
S_0x593053e013a0 .scope autofunction.vec4.s8, "gm8" "gm8" 4 60, 4 60 0, S_0x593053d8e4b0;
 .timescale 0 0;
; Variable gm8 is vec4 return value of scope S_0x593053e013a0
v0x593053e01020_0 .var "op", 7 0;
TD_aes.core.dec_block.gm8 ;
    %alloc S_0x593053e03320;
    %alloc S_0x593053e01ca0;
    %load/vec4 v0x593053e01020_0;
    %store/vec4 v0x593053e01820_0, 0, 8;
    %callf/vec4 TD_aes.core.dec_block.gm4, S_0x593053e01ca0;
    %free S_0x593053e01ca0;
    %store/vec4 v0x593053e02ee0_0, 0, 8;
    %callf/vec4 TD_aes.core.dec_block.gm2, S_0x593053e03320;
    %free S_0x593053e03320;
    %ret/vec4 0, 0, 8;  Assign to gm8 (store_vec4_to_lval)
    %end;
S_0x593053e00aa0 .scope autofunction.vec4.s128, "inv_mixcolumns" "inv_mixcolumns" 4 108, 4 108 0, S_0x593053d8e4b0;
 .timescale 0 0;
v0x593053e00620_0 .var "data", 127 0;
; Variable inv_mixcolumns is vec4 return value of scope S_0x593053e00aa0
v0x593053e001e0_0 .var "w0", 31 0;
v0x593053e002a0_0 .var "w1", 31 0;
v0x593053dffd60_0 .var "w2", 31 0;
v0x593053dff8a0_0 .var "w3", 31 0;
v0x593053dff980_0 .var "ws0", 31 0;
v0x593053dff420_0 .var "ws1", 31 0;
v0x593053dff500_0 .var "ws2", 31 0;
v0x593053dff050_0 .var "ws3", 31 0;
TD_aes.core.dec_block.inv_mixcolumns ;
    %load/vec4 v0x593053e00620_0;
    %parti/s 32, 96, 8;
    %store/vec4 v0x593053e001e0_0, 0, 32;
    %load/vec4 v0x593053e00620_0;
    %parti/s 32, 64, 8;
    %store/vec4 v0x593053e002a0_0, 0, 32;
    %load/vec4 v0x593053e00620_0;
    %parti/s 32, 32, 7;
    %store/vec4 v0x593053dffd60_0, 0, 32;
    %load/vec4 v0x593053e00620_0;
    %parti/s 32, 0, 2;
    %store/vec4 v0x593053dff8a0_0, 0, 32;
    %alloc S_0x593053dfeb20;
    %load/vec4 v0x593053e001e0_0;
    %store/vec4 v0x593053dfd0d0_0, 0, 32;
    %callf/vec4 TD_aes.core.dec_block.inv_mixw, S_0x593053dfeb20;
    %free S_0x593053dfeb20;
    %store/vec4 v0x593053dff980_0, 0, 32;
    %alloc S_0x593053dfeb20;
    %load/vec4 v0x593053e002a0_0;
    %store/vec4 v0x593053dfd0d0_0, 0, 32;
    %callf/vec4 TD_aes.core.dec_block.inv_mixw, S_0x593053dfeb20;
    %free S_0x593053dfeb20;
    %store/vec4 v0x593053dff420_0, 0, 32;
    %alloc S_0x593053dfeb20;
    %load/vec4 v0x593053dffd60_0;
    %store/vec4 v0x593053dfd0d0_0, 0, 32;
    %callf/vec4 TD_aes.core.dec_block.inv_mixw, S_0x593053dfeb20;
    %free S_0x593053dfeb20;
    %store/vec4 v0x593053dff500_0, 0, 32;
    %alloc S_0x593053dfeb20;
    %load/vec4 v0x593053dff8a0_0;
    %store/vec4 v0x593053dfd0d0_0, 0, 32;
    %callf/vec4 TD_aes.core.dec_block.inv_mixw, S_0x593053dfeb20;
    %free S_0x593053dfeb20;
    %store/vec4 v0x593053dff050_0, 0, 32;
    %load/vec4 v0x593053dff980_0;
    %load/vec4 v0x593053dff420_0;
    %concat/vec4; draw_concat_vec4
    %load/vec4 v0x593053dff500_0;
    %concat/vec4; draw_concat_vec4
    %load/vec4 v0x593053dff050_0;
    %concat/vec4; draw_concat_vec4
    %ret/vec4 0, 0, 128;  Assign to inv_mixcolumns (store_vec4_to_lval)
    %end;
S_0x593053dfeb20 .scope autofunction.vec4.s32, "inv_mixw" "inv_mixw" 4 90, 4 90 0, S_0x593053d8e4b0;
 .timescale 0 0;
v0x593053dfe6a0_0 .var "b0", 7 0;
v0x593053dfe7a0_0 .var "b1", 7 0;
v0x593053dfe260_0 .var "b2", 7 0;
v0x593053dfe320_0 .var "b3", 7 0;
; Variable inv_mixw is vec4 return value of scope S_0x593053dfeb20
v0x593053dfd920_0 .var "mb0", 7 0;
v0x593053dfda00_0 .var "mb1", 7 0;
v0x593053dfd4a0_0 .var "mb2", 7 0;
v0x593053dfd580_0 .var "mb3", 7 0;
v0x593053dfd0d0_0 .var "w", 31 0;
TD_aes.core.dec_block.inv_mixw ;
    %load/vec4 v0x593053dfd0d0_0;
    %parti/s 8, 24, 6;
    %store/vec4 v0x593053dfe6a0_0, 0, 8;
    %load/vec4 v0x593053dfd0d0_0;
    %parti/s 8, 16, 6;
    %store/vec4 v0x593053dfe7a0_0, 0, 8;
    %load/vec4 v0x593053dfd0d0_0;
    %parti/s 8, 8, 5;
    %store/vec4 v0x593053dfe260_0, 0, 8;
    %load/vec4 v0x593053dfd0d0_0;
    %parti/s 8, 0, 2;
    %store/vec4 v0x593053dfe320_0, 0, 8;
    %alloc S_0x593053e040a0;
    %load/vec4 v0x593053dfe6a0_0;
    %store/vec4 v0x593053e037a0_0, 0, 8;
    %callf/vec4 TD_aes.core.dec_block.gm14, S_0x593053e040a0;
    %free S_0x593053e040a0;
    %alloc S_0x593053e052a0;
    %load/vec4 v0x593053dfe7a0_0;
    %store/vec4 v0x593053cbbec0_0, 0, 8;
    %callf/vec4 TD_aes.core.dec_block.gm11, S_0x593053e052a0;
    %free S_0x593053e052a0;
    %xor;
    %alloc S_0x593053e049a0;
    %load/vec4 v0x593053dfe260_0;
    %store/vec4 v0x593053e04620_0, 0, 8;
    %callf/vec4 TD_aes.core.dec_block.gm13, S_0x593053e049a0;
    %free S_0x593053e049a0;
    %xor;
    %alloc S_0x593053e05720;
    %load/vec4 v0x593053dfe320_0;
    %store/vec4 v0x593053cb9d10_0, 0, 8;
    %callf/vec4 TD_aes.core.dec_block.gm09, S_0x593053e05720;
    %free S_0x593053e05720;
    %xor;
    %store/vec4 v0x593053dfd920_0, 0, 8;
    %alloc S_0x593053e05720;
    %load/vec4 v0x593053dfe6a0_0;
    %store/vec4 v0x593053cb9d10_0, 0, 8;
    %callf/vec4 TD_aes.core.dec_block.gm09, S_0x593053e05720;
    %free S_0x593053e05720;
    %alloc S_0x593053e040a0;
    %load/vec4 v0x593053dfe7a0_0;
    %store/vec4 v0x593053e037a0_0, 0, 8;
    %callf/vec4 TD_aes.core.dec_block.gm14, S_0x593053e040a0;
    %free S_0x593053e040a0;
    %xor;
    %alloc S_0x593053e052a0;
    %load/vec4 v0x593053dfe260_0;
    %store/vec4 v0x593053cbbec0_0, 0, 8;
    %callf/vec4 TD_aes.core.dec_block.gm11, S_0x593053e052a0;
    %free S_0x593053e052a0;
    %xor;
    %alloc S_0x593053e049a0;
    %load/vec4 v0x593053dfe320_0;
    %store/vec4 v0x593053e04620_0, 0, 8;
    %callf/vec4 TD_aes.core.dec_block.gm13, S_0x593053e049a0;
    %free S_0x593053e049a0;
    %xor;
    %store/vec4 v0x593053dfda00_0, 0, 8;
    %alloc S_0x593053e049a0;
    %load/vec4 v0x593053dfe6a0_0;
    %store/vec4 v0x593053e04620_0, 0, 8;
    %callf/vec4 TD_aes.core.dec_block.gm13, S_0x593053e049a0;
    %free S_0x593053e049a0;
    %alloc S_0x593053e05720;
    %load/vec4 v0x593053dfe7a0_0;
    %store/vec4 v0x593053cb9d10_0, 0, 8;
    %callf/vec4 TD_aes.core.dec_block.gm09, S_0x593053e05720;
    %free S_0x593053e05720;
    %xor;
    %alloc S_0x593053e040a0;
    %load/vec4 v0x593053dfe260_0;
    %store/vec4 v0x593053e037a0_0, 0, 8;
    %callf/vec4 TD_aes.core.dec_block.gm14, S_0x593053e040a0;
    %free S_0x593053e040a0;
    %xor;
    %alloc S_0x593053e052a0;
    %load/vec4 v0x593053dfe320_0;
    %store/vec4 v0x593053cbbec0_0, 0, 8;
    %callf/vec4 TD_aes.core.dec_block.gm11, S_0x593053e052a0;
    %free S_0x593053e052a0;
    %xor;
    %store/vec4 v0x593053dfd4a0_0, 0, 8;
    %alloc S_0x593053e052a0;
    %load/vec4 v0x593053dfe6a0_0;
    %store/vec4 v0x593053cbbec0_0, 0, 8;
    %callf/vec4 TD_aes.core.dec_block.gm11, S_0x593053e052a0;
    %free S_0x593053e052a0;
    %alloc S_0x593053e049a0;
    %load/vec4 v0x593053dfe7a0_0;
    %store/vec4 v0x593053e04620_0, 0, 8;
    %callf/vec4 TD_aes.core.dec_block.gm13, S_0x593053e049a0;
    %free S_0x593053e049a0;
    %xor;
    %alloc S_0x593053e05720;
    %load/vec4 v0x593053dfe260_0;
    %store/vec4 v0x593053cb9d10_0, 0, 8;
    %callf/vec4 TD_aes.core.dec_block.gm09, S_0x593053e05720;
    %free S_0x593053e05720;
    %xor;
    %alloc S_0x593053e040a0;
    %load/vec4 v0x593053dfe320_0;
    %store/vec4 v0x593053e037a0_0, 0, 8;
    %callf/vec4 TD_aes.core.dec_block.gm14, S_0x593053e040a0;
    %free S_0x593053e040a0;
    %xor;
    %store/vec4 v0x593053dfd580_0, 0, 8;
    %load/vec4 v0x593053dfd920_0;
    %load/vec4 v0x593053dfda00_0;
    %concat/vec4; draw_concat_vec4
    %load/vec4 v0x593053dfd4a0_0;
    %concat/vec4; draw_concat_vec4
    %load/vec4 v0x593053dfd580_0;
    %concat/vec4; draw_concat_vec4
    %ret/vec4 0, 0, 32;  Assign to inv_mixw (store_vec4_to_lval)
    %end;
S_0x593053dfcba0 .scope module, "inv_sbox_inst" "aes_inv_sbox" 4 203, 5 1 0, S_0x593053d8e4b0;
 .timescale 0 0;
    .port_info 0 /INPUT 1 "clk";
    .port_info 1 /INPUT 1 "rst_n";
    .port_info 2 /INPUT 1 "sbox_en";
    .port_info 3 /INPUT 32 "sboxw";
    .port_info 4 /OUTPUT 32 "new_sboxw";
    .port_info 5 /OUTPUT 1 "sbox_locked";
L_0x593053cbbd00 .functor BUFZ 1, v0x593053df83a0_0, C4<0>, C4<0>, C4<0>;
v0x593053dfc800_0 .net *"_ivl_10", 9 0, L_0x593053d0ce80;  1 drivers
L_0x7a8c36e2d138 .functor BUFT 1, C4<00>, C4<0>, C4<0>, C4<0>;
v0x593053dfc2e0_0 .net *"_ivl_13", 1 0, L_0x7a8c36e2d138;  1 drivers
v0x593053dfbe20_0 .net *"_ivl_14", 7 0, L_0x593053d0ca00;  1 drivers
L_0x7a8c36e2d180 .functor BUFT 1, C4<00000000>, C4<0>, C4<0>, C4<0>;
v0x593053dfbee0_0 .net/2u *"_ivl_18", 7 0, L_0x7a8c36e2d180;  1 drivers
v0x593053dfb9a0_0 .net *"_ivl_20", 7 0, L_0x593053d0c580;  1 drivers
v0x593053dfb520_0 .net *"_ivl_23", 7 0, L_0x593053d0c620;  1 drivers
v0x593053dfb600_0 .net *"_ivl_24", 9 0, L_0x593053d0c100;  1 drivers
L_0x7a8c36e2d1c8 .functor BUFT 1, C4<00>, C4<0>, C4<0>, C4<0>;
v0x593053dfb0a0_0 .net *"_ivl_27", 1 0, L_0x7a8c36e2d1c8;  1 drivers
v0x593053dfb180_0 .net *"_ivl_28", 7 0, L_0x593053d0bc80;  1 drivers
L_0x7a8c36e2d210 .functor BUFT 1, C4<00000000>, C4<0>, C4<0>, C4<0>;
v0x593053dfacd0_0 .net/2u *"_ivl_32", 7 0, L_0x7a8c36e2d210;  1 drivers
v0x593053dfa7a0_0 .net *"_ivl_34", 7 0, L_0x593053d0b800;  1 drivers
v0x593053dfa880_0 .net *"_ivl_37", 7 0, L_0x593053d0b8a0;  1 drivers
v0x593053dfa320_0 .net *"_ivl_38", 9 0, L_0x593053d0b410;  1 drivers
L_0x7a8c36e2d0f0 .functor BUFT 1, C4<00000000>, C4<0>, C4<0>, C4<0>;
v0x593053dfa400_0 .net/2u *"_ivl_4", 7 0, L_0x7a8c36e2d0f0;  1 drivers
L_0x7a8c36e2d258 .functor BUFT 1, C4<00>, C4<0>, C4<0>, C4<0>;
v0x593053df9ea0_0 .net *"_ivl_41", 1 0, L_0x7a8c36e2d258;  1 drivers
v0x593053df9f80_0 .net *"_ivl_42", 7 0, L_0x593053d0af90;  1 drivers
L_0x7a8c36e2d2a0 .functor BUFT 1, C4<00000000>, C4<0>, C4<0>, C4<0>;
v0x593053df9a20_0 .net/2u *"_ivl_47", 7 0, L_0x7a8c36e2d2a0;  1 drivers
v0x593053df9ac0_0 .net *"_ivl_49", 7 0, L_0x593053d0a6a0;  1 drivers
v0x593053df9120_0 .net *"_ivl_52", 7 0, L_0x593053d0a200;  1 drivers
v0x593053df91e0_0 .net *"_ivl_53", 9 0, L_0x593053d09d00;  1 drivers
L_0x7a8c36e2d2e8 .functor BUFT 1, C4<00>, C4<0>, C4<0>, C4<0>;
v0x593053df8ca0_0 .net *"_ivl_56", 1 0, L_0x7a8c36e2d2e8;  1 drivers
v0x593053df8d80_0 .net *"_ivl_57", 7 0, L_0x593053d09960;  1 drivers
v0x593053df8820_0 .net *"_ivl_6", 7 0, L_0x593053d0d7e0;  1 drivers
v0x593053df8900_0 .net *"_ivl_9", 7 0, L_0x593053d0d300;  1 drivers
v0x593053df83a0_0 .var "aes_locked_reg", 0 0;
o0x7a8c36e76c18 .functor BUFZ 1, C4<z>; HiZ drive
v0x593053df8460_0 .net "clk", 0 0, o0x7a8c36e76c18;  0 drivers
L_0x7a8c36e2d330 .functor BUFT 1, C4<01010010>, C4<0>, C4<0>, C4<0>;
v0x593053df7f20 .array "inv_sbox", 255 0;
v0x593053df7f20_0 .net v0x593053df7f20 0, 7 0, L_0x7a8c36e2d330; 1 drivers
L_0x7a8c36e2d378 .functor BUFT 1, C4<00001001>, C4<0>, C4<0>, C4<0>;
v0x593053df7f20_1 .net v0x593053df7f20 1, 7 0, L_0x7a8c36e2d378; 1 drivers
L_0x7a8c36e2d3c0 .functor BUFT 1, C4<01101010>, C4<0>, C4<0>, C4<0>;
v0x593053df7f20_2 .net v0x593053df7f20 2, 7 0, L_0x7a8c36e2d3c0; 1 drivers
L_0x7a8c36e2d408 .functor BUFT 1, C4<11010101>, C4<0>, C4<0>, C4<0>;
v0x593053df7f20_3 .net v0x593053df7f20 3, 7 0, L_0x7a8c36e2d408; 1 drivers
L_0x7a8c36e2d450 .functor BUFT 1, C4<00110000>, C4<0>, C4<0>, C4<0>;
v0x593053df7f20_4 .net v0x593053df7f20 4, 7 0, L_0x7a8c36e2d450; 1 drivers
L_0x7a8c36e2d498 .functor BUFT 1, C4<00110110>, C4<0>, C4<0>, C4<0>;
v0x593053df7f20_5 .net v0x593053df7f20 5, 7 0, L_0x7a8c36e2d498; 1 drivers
L_0x7a8c36e2d4e0 .functor BUFT 1, C4<10100101>, C4<0>, C4<0>, C4<0>;
v0x593053df7f20_6 .net v0x593053df7f20 6, 7 0, L_0x7a8c36e2d4e0; 1 drivers
L_0x7a8c36e2d528 .functor BUFT 1, C4<00111000>, C4<0>, C4<0>, C4<0>;
v0x593053df7f20_7 .net v0x593053df7f20 7, 7 0, L_0x7a8c36e2d528; 1 drivers
L_0x7a8c36e2d570 .functor BUFT 1, C4<10111111>, C4<0>, C4<0>, C4<0>;
v0x593053df7f20_8 .net v0x593053df7f20 8, 7 0, L_0x7a8c36e2d570; 1 drivers
L_0x7a8c36e2d5b8 .functor BUFT 1, C4<01000000>, C4<0>, C4<0>, C4<0>;
v0x593053df7f20_9 .net v0x593053df7f20 9, 7 0, L_0x7a8c36e2d5b8; 1 drivers
L_0x7a8c36e2d600 .functor BUFT 1, C4<10100011>, C4<0>, C4<0>, C4<0>;
v0x593053df7f20_10 .net v0x593053df7f20 10, 7 0, L_0x7a8c36e2d600; 1 drivers
L_0x7a8c36e2d648 .functor BUFT 1, C4<10011110>, C4<0>, C4<0>, C4<0>;
v0x593053df7f20_11 .net v0x593053df7f20 11, 7 0, L_0x7a8c36e2d648; 1 drivers
L_0x7a8c36e2d690 .functor BUFT 1, C4<10000001>, C4<0>, C4<0>, C4<0>;
v0x593053df7f20_12 .net v0x593053df7f20 12, 7 0, L_0x7a8c36e2d690; 1 drivers
L_0x7a8c36e2d6d8 .functor BUFT 1, C4<11110011>, C4<0>, C4<0>, C4<0>;
v0x593053df7f20_13 .net v0x593053df7f20 13, 7 0, L_0x7a8c36e2d6d8; 1 drivers
L_0x7a8c36e2d720 .functor BUFT 1, C4<11010111>, C4<0>, C4<0>, C4<0>;
v0x593053df7f20_14 .net v0x593053df7f20 14, 7 0, L_0x7a8c36e2d720; 1 drivers
L_0x7a8c36e2d768 .functor BUFT 1, C4<11111011>, C4<0>, C4<0>, C4<0>;
v0x593053df7f20_15 .net v0x593053df7f20 15, 7 0, L_0x7a8c36e2d768; 1 drivers
L_0x7a8c36e2d7b0 .functor BUFT 1, C4<01111100>, C4<0>, C4<0>, C4<0>;
v0x593053df7f20_16 .net v0x593053df7f20 16, 7 0, L_0x7a8c36e2d7b0; 1 drivers
L_0x7a8c36e2d7f8 .functor BUFT 1, C4<11100011>, C4<0>, C4<0>, C4<0>;
v0x593053df7f20_17 .net v0x593053df7f20 17, 7 0, L_0x7a8c36e2d7f8; 1 drivers
L_0x7a8c36e2d840 .functor BUFT 1, C4<00111001>, C4<0>, C4<0>, C4<0>;
v0x593053df7f20_18 .net v0x593053df7f20 18, 7 0, L_0x7a8c36e2d840; 1 drivers
L_0x7a8c36e2d888 .functor BUFT 1, C4<10000010>, C4<0>, C4<0>, C4<0>;
v0x593053df7f20_19 .net v0x593053df7f20 19, 7 0, L_0x7a8c36e2d888; 1 drivers
L_0x7a8c36e2d8d0 .functor BUFT 1, C4<10011011>, C4<0>, C4<0>, C4<0>;
v0x593053df7f20_20 .net v0x593053df7f20 20, 7 0, L_0x7a8c36e2d8d0; 1 drivers
L_0x7a8c36e2d918 .functor BUFT 1, C4<00101111>, C4<0>, C4<0>, C4<0>;
v0x593053df7f20_21 .net v0x593053df7f20 21, 7 0, L_0x7a8c36e2d918; 1 drivers
L_0x7a8c36e2d960 .functor BUFT 1, C4<11111111>, C4<0>, C4<0>, C4<0>;
v0x593053df7f20_22 .net v0x593053df7f20 22, 7 0, L_0x7a8c36e2d960; 1 drivers
L_0x7a8c36e2d9a8 .functor BUFT 1, C4<10000111>, C4<0>, C4<0>, C4<0>;
v0x593053df7f20_23 .net v0x593053df7f20 23, 7 0, L_0x7a8c36e2d9a8; 1 drivers
L_0x7a8c36e2d9f0 .functor BUFT 1, C4<00110100>, C4<0>, C4<0>, C4<0>;
v0x593053df7f20_24 .net v0x593053df7f20 24, 7 0, L_0x7a8c36e2d9f0; 1 drivers
L_0x7a8c36e2da38 .functor BUFT 1, C4<10001110>, C4<0>, C4<0>, C4<0>;
v0x593053df7f20_25 .net v0x593053df7f20 25, 7 0, L_0x7a8c36e2da38; 1 drivers
L_0x7a8c36e2da80 .functor BUFT 1, C4<01000011>, C4<0>, C4<0>, C4<0>;
v0x593053df7f20_26 .net v0x593053df7f20 26, 7 0, L_0x7a8c36e2da80; 1 drivers
L_0x7a8c36e2dac8 .functor BUFT 1, C4<01000100>, C4<0>, C4<0>, C4<0>;
v0x593053df7f20_27 .net v0x593053df7f20 27, 7 0, L_0x7a8c36e2dac8; 1 drivers
L_0x7a8c36e2db10 .functor BUFT 1, C4<11000100>, C4<0>, C4<0>, C4<0>;
v0x593053df7f20_28 .net v0x593053df7f20 28, 7 0, L_0x7a8c36e2db10; 1 drivers
L_0x7a8c36e2db58 .functor BUFT 1, C4<11011110>, C4<0>, C4<0>, C4<0>;
v0x593053df7f20_29 .net v0x593053df7f20 29, 7 0, L_0x7a8c36e2db58; 1 drivers
L_0x7a8c36e2dba0 .functor BUFT 1, C4<11101001>, C4<0>, C4<0>, C4<0>;
v0x593053df7f20_30 .net v0x593053df7f20 30, 7 0, L_0x7a8c36e2dba0; 1 drivers
L_0x7a8c36e2dbe8 .functor BUFT 1, C4<11001011>, C4<0>, C4<0>, C4<0>;
v0x593053df7f20_31 .net v0x593053df7f20 31, 7 0, L_0x7a8c36e2dbe8; 1 drivers
L_0x7a8c36e2dc30 .functor BUFT 1, C4<01010100>, C4<0>, C4<0>, C4<0>;
v0x593053df7f20_32 .net v0x593053df7f20 32, 7 0, L_0x7a8c36e2dc30; 1 drivers
L_0x7a8c36e2dc78 .functor BUFT 1, C4<01111011>, C4<0>, C4<0>, C4<0>;
v0x593053df7f20_33 .net v0x593053df7f20 33, 7 0, L_0x7a8c36e2dc78; 1 drivers
L_0x7a8c36e2dcc0 .functor BUFT 1, C4<10010100>, C4<0>, C4<0>, C4<0>;
v0x593053df7f20_34 .net v0x593053df7f20 34, 7 0, L_0x7a8c36e2dcc0; 1 drivers
L_0x7a8c36e2dd08 .functor BUFT 1, C4<00110010>, C4<0>, C4<0>, C4<0>;
v0x593053df7f20_35 .net v0x593053df7f20 35, 7 0, L_0x7a8c36e2dd08; 1 drivers
L_0x7a8c36e2dd50 .functor BUFT 1, C4<10100110>, C4<0>, C4<0>, C4<0>;
v0x593053df7f20_36 .net v0x593053df7f20 36, 7 0, L_0x7a8c36e2dd50; 1 drivers
L_0x7a8c36e2dd98 .functor BUFT 1, C4<11000010>, C4<0>, C4<0>, C4<0>;
v0x593053df7f20_37 .net v0x593053df7f20 37, 7 0, L_0x7a8c36e2dd98; 1 drivers
L_0x7a8c36e2dde0 .functor BUFT 1, C4<00100011>, C4<0>, C4<0>, C4<0>;
v0x593053df7f20_38 .net v0x593053df7f20 38, 7 0, L_0x7a8c36e2dde0; 1 drivers
L_0x7a8c36e2de28 .functor BUFT 1, C4<00111101>, C4<0>, C4<0>, C4<0>;
v0x593053df7f20_39 .net v0x593053df7f20 39, 7 0, L_0x7a8c36e2de28; 1 drivers
L_0x7a8c36e2de70 .functor BUFT 1, C4<11101110>, C4<0>, C4<0>, C4<0>;
v0x593053df7f20_40 .net v0x593053df7f20 40, 7 0, L_0x7a8c36e2de70; 1 drivers
L_0x7a8c36e2deb8 .functor BUFT 1, C4<01001100>, C4<0>, C4<0>, C4<0>;
v0x593053df7f20_41 .net v0x593053df7f20 41, 7 0, L_0x7a8c36e2deb8; 1 drivers
L_0x7a8c36e2df00 .functor BUFT 1, C4<10010101>, C4<0>, C4<0>, C4<0>;
v0x593053df7f20_42 .net v0x593053df7f20 42, 7 0, L_0x7a8c36e2df00; 1 drivers
L_0x7a8c36e2df48 .functor BUFT 1, C4<00001011>, C4<0>, C4<0>, C4<0>;
v0x593053df7f20_43 .net v0x593053df7f20 43, 7 0, L_0x7a8c36e2df48; 1 drivers
L_0x7a8c36e2df90 .functor BUFT 1, C4<01000010>, C4<0>, C4<0>, C4<0>;
v0x593053df7f20_44 .net v0x593053df7f20 44, 7 0, L_0x7a8c36e2df90; 1 drivers
L_0x7a8c36e2dfd8 .functor BUFT 1, C4<11111010>, C4<0>, C4<0>, C4<0>;
v0x593053df7f20_45 .net v0x593053df7f20 45, 7 0, L_0x7a8c36e2dfd8; 1 drivers
L_0x7a8c36e2e020 .functor BUFT 1, C4<11000011>, C4<0>, C4<0>, C4<0>;
v0x593053df7f20_46 .net v0x593053df7f20 46, 7 0, L_0x7a8c36e2e020; 1 drivers
L_0x7a8c36e2e068 .functor BUFT 1, C4<01001110>, C4<0>, C4<0>, C4<0>;
v0x593053df7f20_47 .net v0x593053df7f20 47, 7 0, L_0x7a8c36e2e068; 1 drivers
L_0x7a8c36e2e0b0 .functor BUFT 1, C4<00001000>, C4<0>, C4<0>, C4<0>;
v0x593053df7f20_48 .net v0x593053df7f20 48, 7 0, L_0x7a8c36e2e0b0; 1 drivers
L_0x7a8c36e2e0f8 .functor BUFT 1, C4<00101110>, C4<0>, C4<0>, C4<0>;
v0x593053df7f20_49 .net v0x593053df7f20 49, 7 0, L_0x7a8c36e2e0f8; 1 drivers
L_0x7a8c36e2e140 .functor BUFT 1, C4<10100001>, C4<0>, C4<0>, C4<0>;
v0x593053df7f20_50 .net v0x593053df7f20 50, 7 0, L_0x7a8c36e2e140; 1 drivers
L_0x7a8c36e2e188 .functor BUFT 1, C4<01100110>, C4<0>, C4<0>, C4<0>;
v0x593053df7f20_51 .net v0x593053df7f20 51, 7 0, L_0x7a8c36e2e188; 1 drivers
L_0x7a8c36e2e1d0 .functor BUFT 1, C4<00101000>, C4<0>, C4<0>, C4<0>;
v0x593053df7f20_52 .net v0x593053df7f20 52, 7 0, L_0x7a8c36e2e1d0; 1 drivers
L_0x7a8c36e2e218 .functor BUFT 1, C4<11011001>, C4<0>, C4<0>, C4<0>;
v0x593053df7f20_53 .net v0x593053df7f20 53, 7 0, L_0x7a8c36e2e218; 1 drivers
L_0x7a8c36e2e260 .functor BUFT 1, C4<00100100>, C4<0>, C4<0>, C4<0>;
v0x593053df7f20_54 .net v0x593053df7f20 54, 7 0, L_0x7a8c36e2e260; 1 drivers
L_0x7a8c36e2e2a8 .functor BUFT 1, C4<10110010>, C4<0>, C4<0>, C4<0>;
v0x593053df7f20_55 .net v0x593053df7f20 55, 7 0, L_0x7a8c36e2e2a8; 1 drivers
L_0x7a8c36e2e2f0 .functor BUFT 1, C4<01110110>, C4<0>, C4<0>, C4<0>;
v0x593053df7f20_56 .net v0x593053df7f20 56, 7 0, L_0x7a8c36e2e2f0; 1 drivers
L_0x7a8c36e2e338 .functor BUFT 1, C4<01011011>, C4<0>, C4<0>, C4<0>;
v0x593053df7f20_57 .net v0x593053df7f20 57, 7 0, L_0x7a8c36e2e338; 1 drivers
L_0x7a8c36e2e380 .functor BUFT 1, C4<10100010>, C4<0>, C4<0>, C4<0>;
v0x593053df7f20_58 .net v0x593053df7f20 58, 7 0, L_0x7a8c36e2e380; 1 drivers
L_0x7a8c36e2e3c8 .functor BUFT 1, C4<01001001>, C4<0>, C4<0>, C4<0>;
v0x593053df7f20_59 .net v0x593053df7f20 59, 7 0, L_0x7a8c36e2e3c8; 1 drivers
L_0x7a8c36e2e410 .functor BUFT 1, C4<01101101>, C4<0>, C4<0>, C4<0>;
v0x593053df7f20_60 .net v0x593053df7f20 60, 7 0, L_0x7a8c36e2e410; 1 drivers
L_0x7a8c36e2e458 .functor BUFT 1, C4<10001011>, C4<0>, C4<0>, C4<0>;
v0x593053df7f20_61 .net v0x593053df7f20 61, 7 0, L_0x7a8c36e2e458; 1 drivers
L_0x7a8c36e2e4a0 .functor BUFT 1, C4<11010001>, C4<0>, C4<0>, C4<0>;
v0x593053df7f20_62 .net v0x593053df7f20 62, 7 0, L_0x7a8c36e2e4a0; 1 drivers
L_0x7a8c36e2e4e8 .functor BUFT 1, C4<00100101>, C4<0>, C4<0>, C4<0>;
v0x593053df7f20_63 .net v0x593053df7f20 63, 7 0, L_0x7a8c36e2e4e8; 1 drivers
L_0x7a8c36e2e530 .functor BUFT 1, C4<01110010>, C4<0>, C4<0>, C4<0>;
v0x593053df7f20_64 .net v0x593053df7f20 64, 7 0, L_0x7a8c36e2e530; 1 drivers
L_0x7a8c36e2e578 .functor BUFT 1, C4<11111000>, C4<0>, C4<0>, C4<0>;
v0x593053df7f20_65 .net v0x593053df7f20 65, 7 0, L_0x7a8c36e2e578; 1 drivers
L_0x7a8c36e2e5c0 .functor BUFT 1, C4<11110110>, C4<0>, C4<0>, C4<0>;
v0x593053df7f20_66 .net v0x593053df7f20 66, 7 0, L_0x7a8c36e2e5c0; 1 drivers
L_0x7a8c36e2e608 .functor BUFT 1, C4<01100100>, C4<0>, C4<0>, C4<0>;
v0x593053df7f20_67 .net v0x593053df7f20 67, 7 0, L_0x7a8c36e2e608; 1 drivers
L_0x7a8c36e2e650 .functor BUFT 1, C4<10000110>, C4<0>, C4<0>, C4<0>;
v0x593053df7f20_68 .net v0x593053df7f20 68, 7 0, L_0x7a8c36e2e650; 1 drivers
L_0x7a8c36e2e698 .functor BUFT 1, C4<01101000>, C4<0>, C4<0>, C4<0>;
v0x593053df7f20_69 .net v0x593053df7f20 69, 7 0, L_0x7a8c36e2e698; 1 drivers
L_0x7a8c36e2e6e0 .functor BUFT 1, C4<10011000>, C4<0>, C4<0>, C4<0>;
v0x593053df7f20_70 .net v0x593053df7f20 70, 7 0, L_0x7a8c36e2e6e0; 1 drivers
L_0x7a8c36e2e728 .functor BUFT 1, C4<00010110>, C4<0>, C4<0>, C4<0>;
v0x593053df7f20_71 .net v0x593053df7f20 71, 7 0, L_0x7a8c36e2e728; 1 drivers
L_0x7a8c36e2e770 .functor BUFT 1, C4<11010100>, C4<0>, C4<0>, C4<0>;
v0x593053df7f20_72 .net v0x593053df7f20 72, 7 0, L_0x7a8c36e2e770; 1 drivers
L_0x7a8c36e2e7b8 .functor BUFT 1, C4<10100100>, C4<0>, C4<0>, C4<0>;
v0x593053df7f20_73 .net v0x593053df7f20 73, 7 0, L_0x7a8c36e2e7b8; 1 drivers
L_0x7a8c36e2e800 .functor BUFT 1, C4<01011100>, C4<0>, C4<0>, C4<0>;
v0x593053df7f20_74 .net v0x593053df7f20 74, 7 0, L_0x7a8c36e2e800; 1 drivers
L_0x7a8c36e2e848 .functor BUFT 1, C4<11001100>, C4<0>, C4<0>, C4<0>;
v0x593053df7f20_75 .net v0x593053df7f20 75, 7 0, L_0x7a8c36e2e848; 1 drivers
L_0x7a8c36e2e890 .functor BUFT 1, C4<01011101>, C4<0>, C4<0>, C4<0>;
v0x593053df7f20_76 .net v0x593053df7f20 76, 7 0, L_0x7a8c36e2e890; 1 drivers
L_0x7a8c36e2e8d8 .functor BUFT 1, C4<01100101>, C4<0>, C4<0>, C4<0>;
v0x593053df7f20_77 .net v0x593053df7f20 77, 7 0, L_0x7a8c36e2e8d8; 1 drivers
L_0x7a8c36e2e920 .functor BUFT 1, C4<10110110>, C4<0>, C4<0>, C4<0>;
v0x593053df7f20_78 .net v0x593053df7f20 78, 7 0, L_0x7a8c36e2e920; 1 drivers
L_0x7a8c36e2e968 .functor BUFT 1, C4<10010010>, C4<0>, C4<0>, C4<0>;
v0x593053df7f20_79 .net v0x593053df7f20 79, 7 0, L_0x7a8c36e2e968; 1 drivers
L_0x7a8c36e2e9b0 .functor BUFT 1, C4<01101100>, C4<0>, C4<0>, C4<0>;
v0x593053df7f20_80 .net v0x593053df7f20 80, 7 0, L_0x7a8c36e2e9b0; 1 drivers
L_0x7a8c36e2e9f8 .functor BUFT 1, C4<01110000>, C4<0>, C4<0>, C4<0>;
v0x593053df7f20_81 .net v0x593053df7f20 81, 7 0, L_0x7a8c36e2e9f8; 1 drivers
L_0x7a8c36e2ea40 .functor BUFT 1, C4<01001000>, C4<0>, C4<0>, C4<0>;
v0x593053df7f20_82 .net v0x593053df7f20 82, 7 0, L_0x7a8c36e2ea40; 1 drivers
L_0x7a8c36e2ea88 .functor BUFT 1, C4<01010000>, C4<0>, C4<0>, C4<0>;
v0x593053df7f20_83 .net v0x593053df7f20 83, 7 0, L_0x7a8c36e2ea88; 1 drivers
L_0x7a8c36e2ead0 .functor BUFT 1, C4<11111101>, C4<0>, C4<0>, C4<0>;
v0x593053df7f20_84 .net v0x593053df7f20 84, 7 0, L_0x7a8c36e2ead0; 1 drivers
L_0x7a8c36e2eb18 .functor BUFT 1, C4<11101101>, C4<0>, C4<0>, C4<0>;
v0x593053df7f20_85 .net v0x593053df7f20 85, 7 0, L_0x7a8c36e2eb18; 1 drivers
L_0x7a8c36e2eb60 .functor BUFT 1, C4<10111001>, C4<0>, C4<0>, C4<0>;
v0x593053df7f20_86 .net v0x593053df7f20 86, 7 0, L_0x7a8c36e2eb60; 1 drivers
L_0x7a8c36e2eba8 .functor BUFT 1, C4<11011010>, C4<0>, C4<0>, C4<0>;
v0x593053df7f20_87 .net v0x593053df7f20 87, 7 0, L_0x7a8c36e2eba8; 1 drivers
L_0x7a8c36e2ebf0 .functor BUFT 1, C4<01011110>, C4<0>, C4<0>, C4<0>;
v0x593053df7f20_88 .net v0x593053df7f20 88, 7 0, L_0x7a8c36e2ebf0; 1 drivers
L_0x7a8c36e2ec38 .functor BUFT 1, C4<00010101>, C4<0>, C4<0>, C4<0>;
v0x593053df7f20_89 .net v0x593053df7f20 89, 7 0, L_0x7a8c36e2ec38; 1 drivers
L_0x7a8c36e2ec80 .functor BUFT 1, C4<01000110>, C4<0>, C4<0>, C4<0>;
v0x593053df7f20_90 .net v0x593053df7f20 90, 7 0, L_0x7a8c36e2ec80; 1 drivers
L_0x7a8c36e2ecc8 .functor BUFT 1, C4<01010111>, C4<0>, C4<0>, C4<0>;
v0x593053df7f20_91 .net v0x593053df7f20 91, 7 0, L_0x7a8c36e2ecc8; 1 drivers
L_0x7a8c36e2ed10 .functor BUFT 1, C4<10100111>, C4<0>, C4<0>, C4<0>;
v0x593053df7f20_92 .net v0x593053df7f20 92, 7 0, L_0x7a8c36e2ed10; 1 drivers
L_0x7a8c36e2ed58 .functor BUFT 1, C4<10001101>, C4<0>, C4<0>, C4<0>;
v0x593053df7f20_93 .net v0x593053df7f20 93, 7 0, L_0x7a8c36e2ed58; 1 drivers
L_0x7a8c36e2eda0 .functor BUFT 1, C4<10011101>, C4<0>, C4<0>, C4<0>;
v0x593053df7f20_94 .net v0x593053df7f20 94, 7 0, L_0x7a8c36e2eda0; 1 drivers
L_0x7a8c36e2ede8 .functor BUFT 1, C4<10000100>, C4<0>, C4<0>, C4<0>;
v0x593053df7f20_95 .net v0x593053df7f20 95, 7 0, L_0x7a8c36e2ede8; 1 drivers
L_0x7a8c36e2ee30 .functor BUFT 1, C4<10010000>, C4<0>, C4<0>, C4<0>;
v0x593053df7f20_96 .net v0x593053df7f20 96, 7 0, L_0x7a8c36e2ee30; 1 drivers
L_0x7a8c36e2ee78 .functor BUFT 1, C4<11011000>, C4<0>, C4<0>, C4<0>;
v0x593053df7f20_97 .net v0x593053df7f20 97, 7 0, L_0x7a8c36e2ee78; 1 drivers
L_0x7a8c36e2eec0 .functor BUFT 1, C4<10101011>, C4<0>, C4<0>, C4<0>;
v0x593053df7f20_98 .net v0x593053df7f20 98, 7 0, L_0x7a8c36e2eec0; 1 drivers
L_0x7a8c36e2ef08 .functor BUFT 1, C4<00000000>, C4<0>, C4<0>, C4<0>;
v0x593053df7f20_99 .net v0x593053df7f20 99, 7 0, L_0x7a8c36e2ef08; 1 drivers
L_0x7a8c36e2ef50 .functor BUFT 1, C4<10001100>, C4<0>, C4<0>, C4<0>;
v0x593053df7f20_100 .net v0x593053df7f20 100, 7 0, L_0x7a8c36e2ef50; 1 drivers
L_0x7a8c36e2ef98 .functor BUFT 1, C4<10111100>, C4<0>, C4<0>, C4<0>;
v0x593053df7f20_101 .net v0x593053df7f20 101, 7 0, L_0x7a8c36e2ef98; 1 drivers
L_0x7a8c36e2efe0 .functor BUFT 1, C4<11010011>, C4<0>, C4<0>, C4<0>;
v0x593053df7f20_102 .net v0x593053df7f20 102, 7 0, L_0x7a8c36e2efe0; 1 drivers
L_0x7a8c36e2f028 .functor BUFT 1, C4<00001010>, C4<0>, C4<0>, C4<0>;
v0x593053df7f20_103 .net v0x593053df7f20 103, 7 0, L_0x7a8c36e2f028; 1 drivers
L_0x7a8c36e2f070 .functor BUFT 1, C4<11110111>, C4<0>, C4<0>, C4<0>;
v0x593053df7f20_104 .net v0x593053df7f20 104, 7 0, L_0x7a8c36e2f070; 1 drivers
L_0x7a8c36e2f0b8 .functor BUFT 1, C4<11100100>, C4<0>, C4<0>, C4<0>;
v0x593053df7f20_105 .net v0x593053df7f20 105, 7 0, L_0x7a8c36e2f0b8; 1 drivers
L_0x7a8c36e2f100 .functor BUFT 1, C4<01011000>, C4<0>, C4<0>, C4<0>;
v0x593053df7f20_106 .net v0x593053df7f20 106, 7 0, L_0x7a8c36e2f100; 1 drivers
L_0x7a8c36e2f148 .functor BUFT 1, C4<00000101>, C4<0>, C4<0>, C4<0>;
v0x593053df7f20_107 .net v0x593053df7f20 107, 7 0, L_0x7a8c36e2f148; 1 drivers
L_0x7a8c36e2f190 .functor BUFT 1, C4<10111000>, C4<0>, C4<0>, C4<0>;
v0x593053df7f20_108 .net v0x593053df7f20 108, 7 0, L_0x7a8c36e2f190; 1 drivers
L_0x7a8c36e2f1d8 .functor BUFT 1, C4<10110011>, C4<0>, C4<0>, C4<0>;
v0x593053df7f20_109 .net v0x593053df7f20 109, 7 0, L_0x7a8c36e2f1d8; 1 drivers
L_0x7a8c36e2f220 .functor BUFT 1, C4<01000101>, C4<0>, C4<0>, C4<0>;
v0x593053df7f20_110 .net v0x593053df7f20 110, 7 0, L_0x7a8c36e2f220; 1 drivers
L_0x7a8c36e2f268 .functor BUFT 1, C4<00000110>, C4<0>, C4<0>, C4<0>;
v0x593053df7f20_111 .net v0x593053df7f20 111, 7 0, L_0x7a8c36e2f268; 1 drivers
L_0x7a8c36e2f2b0 .functor BUFT 1, C4<11010000>, C4<0>, C4<0>, C4<0>;
v0x593053df7f20_112 .net v0x593053df7f20 112, 7 0, L_0x7a8c36e2f2b0; 1 drivers
L_0x7a8c36e2f2f8 .functor BUFT 1, C4<00101100>, C4<0>, C4<0>, C4<0>;
v0x593053df7f20_113 .net v0x593053df7f20 113, 7 0, L_0x7a8c36e2f2f8; 1 drivers
L_0x7a8c36e2f340 .functor BUFT 1, C4<00011110>, C4<0>, C4<0>, C4<0>;
v0x593053df7f20_114 .net v0x593053df7f20 114, 7 0, L_0x7a8c36e2f340; 1 drivers
L_0x7a8c36e2f388 .functor BUFT 1, C4<10001111>, C4<0>, C4<0>, C4<0>;
v0x593053df7f20_115 .net v0x593053df7f20 115, 7 0, L_0x7a8c36e2f388; 1 drivers
L_0x7a8c36e2f3d0 .functor BUFT 1, C4<11001010>, C4<0>, C4<0>, C4<0>;
v0x593053df7f20_116 .net v0x593053df7f20 116, 7 0, L_0x7a8c36e2f3d0; 1 drivers
L_0x7a8c36e2f418 .functor BUFT 1, C4<00111111>, C4<0>, C4<0>, C4<0>;
v0x593053df7f20_117 .net v0x593053df7f20 117, 7 0, L_0x7a8c36e2f418; 1 drivers
L_0x7a8c36e2f460 .functor BUFT 1, C4<00001111>, C4<0>, C4<0>, C4<0>;
v0x593053df7f20_118 .net v0x593053df7f20 118, 7 0, L_0x7a8c36e2f460; 1 drivers
L_0x7a8c36e2f4a8 .functor BUFT 1, C4<00000010>, C4<0>, C4<0>, C4<0>;
v0x593053df7f20_119 .net v0x593053df7f20 119, 7 0, L_0x7a8c36e2f4a8; 1 drivers
L_0x7a8c36e2f4f0 .functor BUFT 1, C4<11000001>, C4<0>, C4<0>, C4<0>;
v0x593053df7f20_120 .net v0x593053df7f20 120, 7 0, L_0x7a8c36e2f4f0; 1 drivers
L_0x7a8c36e2f538 .functor BUFT 1, C4<10101111>, C4<0>, C4<0>, C4<0>;
v0x593053df7f20_121 .net v0x593053df7f20 121, 7 0, L_0x7a8c36e2f538; 1 drivers
L_0x7a8c36e2f580 .functor BUFT 1, C4<10111101>, C4<0>, C4<0>, C4<0>;
v0x593053df7f20_122 .net v0x593053df7f20 122, 7 0, L_0x7a8c36e2f580; 1 drivers
L_0x7a8c36e2f5c8 .functor BUFT 1, C4<00000011>, C4<0>, C4<0>, C4<0>;
v0x593053df7f20_123 .net v0x593053df7f20 123, 7 0, L_0x7a8c36e2f5c8; 1 drivers
L_0x7a8c36e2f610 .functor BUFT 1, C4<00000001>, C4<0>, C4<0>, C4<0>;
v0x593053df7f20_124 .net v0x593053df7f20 124, 7 0, L_0x7a8c36e2f610; 1 drivers
L_0x7a8c36e2f658 .functor BUFT 1, C4<00010011>, C4<0>, C4<0>, C4<0>;
v0x593053df7f20_125 .net v0x593053df7f20 125, 7 0, L_0x7a8c36e2f658; 1 drivers
L_0x7a8c36e2f6a0 .functor BUFT 1, C4<10001010>, C4<0>, C4<0>, C4<0>;
v0x593053df7f20_126 .net v0x593053df7f20 126, 7 0, L_0x7a8c36e2f6a0; 1 drivers
L_0x7a8c36e2f6e8 .functor BUFT 1, C4<01101011>, C4<0>, C4<0>, C4<0>;
v0x593053df7f20_127 .net v0x593053df7f20 127, 7 0, L_0x7a8c36e2f6e8; 1 drivers
L_0x7a8c36e2f730 .functor BUFT 1, C4<00111010>, C4<0>, C4<0>, C4<0>;
v0x593053df7f20_128 .net v0x593053df7f20 128, 7 0, L_0x7a8c36e2f730; 1 drivers
L_0x7a8c36e2f778 .functor BUFT 1, C4<10010001>, C4<0>, C4<0>, C4<0>;
v0x593053df7f20_129 .net v0x593053df7f20 129, 7 0, L_0x7a8c36e2f778; 1 drivers
L_0x7a8c36e2f7c0 .functor BUFT 1, C4<00010001>, C4<0>, C4<0>, C4<0>;
v0x593053df7f20_130 .net v0x593053df7f20 130, 7 0, L_0x7a8c36e2f7c0; 1 drivers
L_0x7a8c36e2f808 .functor BUFT 1, C4<01000001>, C4<0>, C4<0>, C4<0>;
v0x593053df7f20_131 .net v0x593053df7f20 131, 7 0, L_0x7a8c36e2f808; 1 drivers
L_0x7a8c36e2f850 .functor BUFT 1, C4<01001111>, C4<0>, C4<0>, C4<0>;
v0x593053df7f20_132 .net v0x593053df7f20 132, 7 0, L_0x7a8c36e2f850; 1 drivers
L_0x7a8c36e2f898 .functor BUFT 1, C4<01100111>, C4<0>, C4<0>, C4<0>;
v0x593053df7f20_133 .net v0x593053df7f20 133, 7 0, L_0x7a8c36e2f898; 1 drivers
L_0x7a8c36e2f8e0 .functor BUFT 1, C4<11011100>, C4<0>, C4<0>, C4<0>;
v0x593053df7f20_134 .net v0x593053df7f20 134, 7 0, L_0x7a8c36e2f8e0; 1 drivers
L_0x7a8c36e2f928 .functor BUFT 1, C4<11101010>, C4<0>, C4<0>, C4<0>;
v0x593053df7f20_135 .net v0x593053df7f20 135, 7 0, L_0x7a8c36e2f928; 1 drivers
L_0x7a8c36e2f970 .functor BUFT 1, C4<10010111>, C4<0>, C4<0>, C4<0>;
v0x593053df7f20_136 .net v0x593053df7f20 136, 7 0, L_0x7a8c36e2f970; 1 drivers
L_0x7a8c36e2f9b8 .functor BUFT 1, C4<11110010>, C4<0>, C4<0>, C4<0>;
v0x593053df7f20_137 .net v0x593053df7f20 137, 7 0, L_0x7a8c36e2f9b8; 1 drivers
L_0x7a8c36e2fa00 .functor BUFT 1, C4<11001111>, C4<0>, C4<0>, C4<0>;
v0x593053df7f20_138 .net v0x593053df7f20 138, 7 0, L_0x7a8c36e2fa00; 1 drivers
L_0x7a8c36e2fa48 .functor BUFT 1, C4<11001110>, C4<0>, C4<0>, C4<0>;
v0x593053df7f20_139 .net v0x593053df7f20 139, 7 0, L_0x7a8c36e2fa48; 1 drivers
L_0x7a8c36e2fa90 .functor BUFT 1, C4<11110000>, C4<0>, C4<0>, C4<0>;
v0x593053df7f20_140 .net v0x593053df7f20 140, 7 0, L_0x7a8c36e2fa90; 1 drivers
L_0x7a8c36e2fad8 .functor BUFT 1, C4<10110100>, C4<0>, C4<0>, C4<0>;
v0x593053df7f20_141 .net v0x593053df7f20 141, 7 0, L_0x7a8c36e2fad8; 1 drivers
L_0x7a8c36e2fb20 .functor BUFT 1, C4<11100110>, C4<0>, C4<0>, C4<0>;
v0x593053df7f20_142 .net v0x593053df7f20 142, 7 0, L_0x7a8c36e2fb20; 1 drivers
L_0x7a8c36e2fb68 .functor BUFT 1, C4<01110011>, C4<0>, C4<0>, C4<0>;
v0x593053df7f20_143 .net v0x593053df7f20 143, 7 0, L_0x7a8c36e2fb68; 1 drivers
L_0x7a8c36e2fbb0 .functor BUFT 1, C4<10010110>, C4<0>, C4<0>, C4<0>;
v0x593053df7f20_144 .net v0x593053df7f20 144, 7 0, L_0x7a8c36e2fbb0; 1 drivers
L_0x7a8c36e2fbf8 .functor BUFT 1, C4<10101100>, C4<0>, C4<0>, C4<0>;
v0x593053df7f20_145 .net v0x593053df7f20 145, 7 0, L_0x7a8c36e2fbf8; 1 drivers
L_0x7a8c36e2fc40 .functor BUFT 1, C4<01110100>, C4<0>, C4<0>, C4<0>;
v0x593053df7f20_146 .net v0x593053df7f20 146, 7 0, L_0x7a8c36e2fc40; 1 drivers
L_0x7a8c36e2fc88 .functor BUFT 1, C4<00100010>, C4<0>, C4<0>, C4<0>;
v0x593053df7f20_147 .net v0x593053df7f20 147, 7 0, L_0x7a8c36e2fc88; 1 drivers
L_0x7a8c36e2fcd0 .functor BUFT 1, C4<11100111>, C4<0>, C4<0>, C4<0>;
v0x593053df7f20_148 .net v0x593053df7f20 148, 7 0, L_0x7a8c36e2fcd0; 1 drivers
L_0x7a8c36e2fd18 .functor BUFT 1, C4<10101101>, C4<0>, C4<0>, C4<0>;
v0x593053df7f20_149 .net v0x593053df7f20 149, 7 0, L_0x7a8c36e2fd18; 1 drivers
L_0x7a8c36e2fd60 .functor BUFT 1, C4<00110101>, C4<0>, C4<0>, C4<0>;
v0x593053df7f20_150 .net v0x593053df7f20 150, 7 0, L_0x7a8c36e2fd60; 1 drivers
L_0x7a8c36e2fda8 .functor BUFT 1, C4<10000101>, C4<0>, C4<0>, C4<0>;
v0x593053df7f20_151 .net v0x593053df7f20 151, 7 0, L_0x7a8c36e2fda8; 1 drivers
L_0x7a8c36e2fdf0 .functor BUFT 1, C4<11100010>, C4<0>, C4<0>, C4<0>;
v0x593053df7f20_152 .net v0x593053df7f20 152, 7 0, L_0x7a8c36e2fdf0; 1 drivers
L_0x7a8c36e2fe38 .functor BUFT 1, C4<11111001>, C4<0>, C4<0>, C4<0>;
v0x593053df7f20_153 .net v0x593053df7f20 153, 7 0, L_0x7a8c36e2fe38; 1 drivers
L_0x7a8c36e2fe80 .functor BUFT 1, C4<00110111>, C4<0>, C4<0>, C4<0>;
v0x593053df7f20_154 .net v0x593053df7f20 154, 7 0, L_0x7a8c36e2fe80; 1 drivers
L_0x7a8c36e2fec8 .functor BUFT 1, C4<11101000>, C4<0>, C4<0>, C4<0>;
v0x593053df7f20_155 .net v0x593053df7f20 155, 7 0, L_0x7a8c36e2fec8; 1 drivers
L_0x7a8c36e2ff10 .functor BUFT 1, C4<00011100>, C4<0>, C4<0>, C4<0>;
v0x593053df7f20_156 .net v0x593053df7f20 156, 7 0, L_0x7a8c36e2ff10; 1 drivers
L_0x7a8c36e2ff58 .functor BUFT 1, C4<01110101>, C4<0>, C4<0>, C4<0>;
v0x593053df7f20_157 .net v0x593053df7f20 157, 7 0, L_0x7a8c36e2ff58; 1 drivers
L_0x7a8c36e2ffa0 .functor BUFT 1, C4<11011111>, C4<0>, C4<0>, C4<0>;
v0x593053df7f20_158 .net v0x593053df7f20 158, 7 0, L_0x7a8c36e2ffa0; 1 drivers
L_0x7a8c36e2ffe8 .functor BUFT 1, C4<01101110>, C4<0>, C4<0>, C4<0>;
v0x593053df7f20_159 .net v0x593053df7f20 159, 7 0, L_0x7a8c36e2ffe8; 1 drivers
L_0x7a8c36e30030 .functor BUFT 1, C4<01000111>, C4<0>, C4<0>, C4<0>;
v0x593053df7f20_160 .net v0x593053df7f20 160, 7 0, L_0x7a8c36e30030; 1 drivers
L_0x7a8c36e30078 .functor BUFT 1, C4<11110001>, C4<0>, C4<0>, C4<0>;
v0x593053df7f20_161 .net v0x593053df7f20 161, 7 0, L_0x7a8c36e30078; 1 drivers
L_0x7a8c36e300c0 .functor BUFT 1, C4<00011010>, C4<0>, C4<0>, C4<0>;
v0x593053df7f20_162 .net v0x593053df7f20 162, 7 0, L_0x7a8c36e300c0; 1 drivers
L_0x7a8c36e30108 .functor BUFT 1, C4<01110001>, C4<0>, C4<0>, C4<0>;
v0x593053df7f20_163 .net v0x593053df7f20 163, 7 0, L_0x7a8c36e30108; 1 drivers
L_0x7a8c36e30150 .functor BUFT 1, C4<00011101>, C4<0>, C4<0>, C4<0>;
v0x593053df7f20_164 .net v0x593053df7f20 164, 7 0, L_0x7a8c36e30150; 1 drivers
L_0x7a8c36e30198 .functor BUFT 1, C4<00101001>, C4<0>, C4<0>, C4<0>;
v0x593053df7f20_165 .net v0x593053df7f20 165, 7 0, L_0x7a8c36e30198; 1 drivers
L_0x7a8c36e301e0 .functor BUFT 1, C4<11000101>, C4<0>, C4<0>, C4<0>;
v0x593053df7f20_166 .net v0x593053df7f20 166, 7 0, L_0x7a8c36e301e0; 1 drivers
L_0x7a8c36e30228 .functor BUFT 1, C4<10001001>, C4<0>, C4<0>, C4<0>;
v0x593053df7f20_167 .net v0x593053df7f20 167, 7 0, L_0x7a8c36e30228; 1 drivers
L_0x7a8c36e30270 .functor BUFT 1, C4<01101111>, C4<0>, C4<0>, C4<0>;
v0x593053df7f20_168 .net v0x593053df7f20 168, 7 0, L_0x7a8c36e30270; 1 drivers
L_0x7a8c36e302b8 .functor BUFT 1, C4<10110111>, C4<0>, C4<0>, C4<0>;
v0x593053df7f20_169 .net v0x593053df7f20 169, 7 0, L_0x7a8c36e302b8; 1 drivers
L_0x7a8c36e30300 .functor BUFT 1, C4<01100010>, C4<0>, C4<0>, C4<0>;
v0x593053df7f20_170 .net v0x593053df7f20 170, 7 0, L_0x7a8c36e30300; 1 drivers
L_0x7a8c36e30348 .functor BUFT 1, C4<00001110>, C4<0>, C4<0>, C4<0>;
v0x593053df7f20_171 .net v0x593053df7f20 171, 7 0, L_0x7a8c36e30348; 1 drivers
L_0x7a8c36e30390 .functor BUFT 1, C4<10101010>, C4<0>, C4<0>, C4<0>;
v0x593053df7f20_172 .net v0x593053df7f20 172, 7 0, L_0x7a8c36e30390; 1 drivers
L_0x7a8c36e303d8 .functor BUFT 1, C4<00011000>, C4<0>, C4<0>, C4<0>;
v0x593053df7f20_173 .net v0x593053df7f20 173, 7 0, L_0x7a8c36e303d8; 1 drivers
L_0x7a8c36e30420 .functor BUFT 1, C4<10111110>, C4<0>, C4<0>, C4<0>;
v0x593053df7f20_174 .net v0x593053df7f20 174, 7 0, L_0x7a8c36e30420; 1 drivers
L_0x7a8c36e30468 .functor BUFT 1, C4<00011011>, C4<0>, C4<0>, C4<0>;
v0x593053df7f20_175 .net v0x593053df7f20 175, 7 0, L_0x7a8c36e30468; 1 drivers
L_0x7a8c36e304b0 .functor BUFT 1, C4<11111100>, C4<0>, C4<0>, C4<0>;
v0x593053df7f20_176 .net v0x593053df7f20 176, 7 0, L_0x7a8c36e304b0; 1 drivers
L_0x7a8c36e304f8 .functor BUFT 1, C4<01010110>, C4<0>, C4<0>, C4<0>;
v0x593053df7f20_177 .net v0x593053df7f20 177, 7 0, L_0x7a8c36e304f8; 1 drivers
L_0x7a8c36e30540 .functor BUFT 1, C4<00111110>, C4<0>, C4<0>, C4<0>;
v0x593053df7f20_178 .net v0x593053df7f20 178, 7 0, L_0x7a8c36e30540; 1 drivers
L_0x7a8c36e30588 .functor BUFT 1, C4<01001011>, C4<0>, C4<0>, C4<0>;
v0x593053df7f20_179 .net v0x593053df7f20 179, 7 0, L_0x7a8c36e30588; 1 drivers
L_0x7a8c36e305d0 .functor BUFT 1, C4<11000110>, C4<0>, C4<0>, C4<0>;
v0x593053df7f20_180 .net v0x593053df7f20 180, 7 0, L_0x7a8c36e305d0; 1 drivers
L_0x7a8c36e30618 .functor BUFT 1, C4<11010010>, C4<0>, C4<0>, C4<0>;
v0x593053df7f20_181 .net v0x593053df7f20 181, 7 0, L_0x7a8c36e30618; 1 drivers
L_0x7a8c36e30660 .functor BUFT 1, C4<01111001>, C4<0>, C4<0>, C4<0>;
v0x593053df7f20_182 .net v0x593053df7f20 182, 7 0, L_0x7a8c36e30660; 1 drivers
L_0x7a8c36e306a8 .functor BUFT 1, C4<00100000>, C4<0>, C4<0>, C4<0>;
v0x593053df7f20_183 .net v0x593053df7f20 183, 7 0, L_0x7a8c36e306a8; 1 drivers
L_0x7a8c36e306f0 .functor BUFT 1, C4<10011010>, C4<0>, C4<0>, C4<0>;
v0x593053df7f20_184 .net v0x593053df7f20 184, 7 0, L_0x7a8c36e306f0; 1 drivers
L_0x7a8c36e30738 .functor BUFT 1, C4<11011011>, C4<0>, C4<0>, C4<0>;
v0x593053df7f20_185 .net v0x593053df7f20 185, 7 0, L_0x7a8c36e30738; 1 drivers
L_0x7a8c36e30780 .functor BUFT 1, C4<11000000>, C4<0>, C4<0>, C4<0>;
v0x593053df7f20_186 .net v0x593053df7f20 186, 7 0, L_0x7a8c36e30780; 1 drivers
L_0x7a8c36e307c8 .functor BUFT 1, C4<11111110>, C4<0>, C4<0>, C4<0>;
v0x593053df7f20_187 .net v0x593053df7f20 187, 7 0, L_0x7a8c36e307c8; 1 drivers
L_0x7a8c36e30810 .functor BUFT 1, C4<01111000>, C4<0>, C4<0>, C4<0>;
v0x593053df7f20_188 .net v0x593053df7f20 188, 7 0, L_0x7a8c36e30810; 1 drivers
L_0x7a8c36e30858 .functor BUFT 1, C4<11001101>, C4<0>, C4<0>, C4<0>;
v0x593053df7f20_189 .net v0x593053df7f20 189, 7 0, L_0x7a8c36e30858; 1 drivers
L_0x7a8c36e308a0 .functor BUFT 1, C4<01011010>, C4<0>, C4<0>, C4<0>;
v0x593053df7f20_190 .net v0x593053df7f20 190, 7 0, L_0x7a8c36e308a0; 1 drivers
L_0x7a8c36e308e8 .functor BUFT 1, C4<11110100>, C4<0>, C4<0>, C4<0>;
v0x593053df7f20_191 .net v0x593053df7f20 191, 7 0, L_0x7a8c36e308e8; 1 drivers
L_0x7a8c36e30930 .functor BUFT 1, C4<00011111>, C4<0>, C4<0>, C4<0>;
v0x593053df7f20_192 .net v0x593053df7f20 192, 7 0, L_0x7a8c36e30930; 1 drivers
L_0x7a8c36e30978 .functor BUFT 1, C4<11011101>, C4<0>, C4<0>, C4<0>;
v0x593053df7f20_193 .net v0x593053df7f20 193, 7 0, L_0x7a8c36e30978; 1 drivers
L_0x7a8c36e309c0 .functor BUFT 1, C4<10101000>, C4<0>, C4<0>, C4<0>;
v0x593053df7f20_194 .net v0x593053df7f20 194, 7 0, L_0x7a8c36e309c0; 1 drivers
L_0x7a8c36e30a08 .functor BUFT 1, C4<00110011>, C4<0>, C4<0>, C4<0>;
v0x593053df7f20_195 .net v0x593053df7f20 195, 7 0, L_0x7a8c36e30a08; 1 drivers
L_0x7a8c36e30a50 .functor BUFT 1, C4<10001000>, C4<0>, C4<0>, C4<0>;
v0x593053df7f20_196 .net v0x593053df7f20 196, 7 0, L_0x7a8c36e30a50; 1 drivers
L_0x7a8c36e30a98 .functor BUFT 1, C4<00000111>, C4<0>, C4<0>, C4<0>;
v0x593053df7f20_197 .net v0x593053df7f20 197, 7 0, L_0x7a8c36e30a98; 1 drivers
L_0x7a8c36e30ae0 .functor BUFT 1, C4<11000111>, C4<0>, C4<0>, C4<0>;
v0x593053df7f20_198 .net v0x593053df7f20 198, 7 0, L_0x7a8c36e30ae0; 1 drivers
L_0x7a8c36e30b28 .functor BUFT 1, C4<00110001>, C4<0>, C4<0>, C4<0>;
v0x593053df7f20_199 .net v0x593053df7f20 199, 7 0, L_0x7a8c36e30b28; 1 drivers
L_0x7a8c36e30b70 .functor BUFT 1, C4<10110001>, C4<0>, C4<0>, C4<0>;
v0x593053df7f20_200 .net v0x593053df7f20 200, 7 0, L_0x7a8c36e30b70; 1 drivers
L_0x7a8c36e30bb8 .functor BUFT 1, C4<00010010>, C4<0>, C4<0>, C4<0>;
v0x593053df7f20_201 .net v0x593053df7f20 201, 7 0, L_0x7a8c36e30bb8; 1 drivers
L_0x7a8c36e30c00 .functor BUFT 1, C4<00010000>, C4<0>, C4<0>, C4<0>;
v0x593053df7f20_202 .net v0x593053df7f20 202, 7 0, L_0x7a8c36e30c00; 1 drivers
L_0x7a8c36e30c48 .functor BUFT 1, C4<01011001>, C4<0>, C4<0>, C4<0>;
v0x593053df7f20_203 .net v0x593053df7f20 203, 7 0, L_0x7a8c36e30c48; 1 drivers
L_0x7a8c36e30c90 .functor BUFT 1, C4<00100111>, C4<0>, C4<0>, C4<0>;
v0x593053df7f20_204 .net v0x593053df7f20 204, 7 0, L_0x7a8c36e30c90; 1 drivers
L_0x7a8c36e30cd8 .functor BUFT 1, C4<10000000>, C4<0>, C4<0>, C4<0>;
v0x593053df7f20_205 .net v0x593053df7f20 205, 7 0, L_0x7a8c36e30cd8; 1 drivers
L_0x7a8c36e30d20 .functor BUFT 1, C4<11101100>, C4<0>, C4<0>, C4<0>;
v0x593053df7f20_206 .net v0x593053df7f20 206, 7 0, L_0x7a8c36e30d20; 1 drivers
L_0x7a8c36e30d68 .functor BUFT 1, C4<01011111>, C4<0>, C4<0>, C4<0>;
v0x593053df7f20_207 .net v0x593053df7f20 207, 7 0, L_0x7a8c36e30d68; 1 drivers
L_0x7a8c36e30db0 .functor BUFT 1, C4<01100000>, C4<0>, C4<0>, C4<0>;
v0x593053df7f20_208 .net v0x593053df7f20 208, 7 0, L_0x7a8c36e30db0; 1 drivers
L_0x7a8c36e30df8 .functor BUFT 1, C4<01010001>, C4<0>, C4<0>, C4<0>;
v0x593053df7f20_209 .net v0x593053df7f20 209, 7 0, L_0x7a8c36e30df8; 1 drivers
L_0x7a8c36e30e40 .functor BUFT 1, C4<01111111>, C4<0>, C4<0>, C4<0>;
v0x593053df7f20_210 .net v0x593053df7f20 210, 7 0, L_0x7a8c36e30e40; 1 drivers
L_0x7a8c36e30e88 .functor BUFT 1, C4<10101001>, C4<0>, C4<0>, C4<0>;
v0x593053df7f20_211 .net v0x593053df7f20 211, 7 0, L_0x7a8c36e30e88; 1 drivers
L_0x7a8c36e30ed0 .functor BUFT 1, C4<00011001>, C4<0>, C4<0>, C4<0>;
v0x593053df7f20_212 .net v0x593053df7f20 212, 7 0, L_0x7a8c36e30ed0; 1 drivers
L_0x7a8c36e30f18 .functor BUFT 1, C4<10110101>, C4<0>, C4<0>, C4<0>;
v0x593053df7f20_213 .net v0x593053df7f20 213, 7 0, L_0x7a8c36e30f18; 1 drivers
L_0x7a8c36e30f60 .functor BUFT 1, C4<01001010>, C4<0>, C4<0>, C4<0>;
v0x593053df7f20_214 .net v0x593053df7f20 214, 7 0, L_0x7a8c36e30f60; 1 drivers
L_0x7a8c36e30fa8 .functor BUFT 1, C4<00001101>, C4<0>, C4<0>, C4<0>;
v0x593053df7f20_215 .net v0x593053df7f20 215, 7 0, L_0x7a8c36e30fa8; 1 drivers
L_0x7a8c36e30ff0 .functor BUFT 1, C4<00101101>, C4<0>, C4<0>, C4<0>;
v0x593053df7f20_216 .net v0x593053df7f20 216, 7 0, L_0x7a8c36e30ff0; 1 drivers
L_0x7a8c36e31038 .functor BUFT 1, C4<11100101>, C4<0>, C4<0>, C4<0>;
v0x593053df7f20_217 .net v0x593053df7f20 217, 7 0, L_0x7a8c36e31038; 1 drivers
L_0x7a8c36e31080 .functor BUFT 1, C4<01111010>, C4<0>, C4<0>, C4<0>;
v0x593053df7f20_218 .net v0x593053df7f20 218, 7 0, L_0x7a8c36e31080; 1 drivers
L_0x7a8c36e310c8 .functor BUFT 1, C4<10011111>, C4<0>, C4<0>, C4<0>;
v0x593053df7f20_219 .net v0x593053df7f20 219, 7 0, L_0x7a8c36e310c8; 1 drivers
L_0x7a8c36e31110 .functor BUFT 1, C4<10010011>, C4<0>, C4<0>, C4<0>;
v0x593053df7f20_220 .net v0x593053df7f20 220, 7 0, L_0x7a8c36e31110; 1 drivers
L_0x7a8c36e31158 .functor BUFT 1, C4<11001001>, C4<0>, C4<0>, C4<0>;
v0x593053df7f20_221 .net v0x593053df7f20 221, 7 0, L_0x7a8c36e31158; 1 drivers
L_0x7a8c36e311a0 .functor BUFT 1, C4<10011100>, C4<0>, C4<0>, C4<0>;
v0x593053df7f20_222 .net v0x593053df7f20 222, 7 0, L_0x7a8c36e311a0; 1 drivers
L_0x7a8c36e311e8 .functor BUFT 1, C4<11101111>, C4<0>, C4<0>, C4<0>;
v0x593053df7f20_223 .net v0x593053df7f20 223, 7 0, L_0x7a8c36e311e8; 1 drivers
L_0x7a8c36e31230 .functor BUFT 1, C4<10100000>, C4<0>, C4<0>, C4<0>;
v0x593053df7f20_224 .net v0x593053df7f20 224, 7 0, L_0x7a8c36e31230; 1 drivers
L_0x7a8c36e31278 .functor BUFT 1, C4<11100000>, C4<0>, C4<0>, C4<0>;
v0x593053df7f20_225 .net v0x593053df7f20 225, 7 0, L_0x7a8c36e31278; 1 drivers
L_0x7a8c36e312c0 .functor BUFT 1, C4<00111011>, C4<0>, C4<0>, C4<0>;
v0x593053df7f20_226 .net v0x593053df7f20 226, 7 0, L_0x7a8c36e312c0; 1 drivers
L_0x7a8c36e31308 .functor BUFT 1, C4<01001101>, C4<0>, C4<0>, C4<0>;
v0x593053df7f20_227 .net v0x593053df7f20 227, 7 0, L_0x7a8c36e31308; 1 drivers
L_0x7a8c36e31350 .functor BUFT 1, C4<10101110>, C4<0>, C4<0>, C4<0>;
v0x593053df7f20_228 .net v0x593053df7f20 228, 7 0, L_0x7a8c36e31350; 1 drivers
L_0x7a8c36e31398 .functor BUFT 1, C4<00101010>, C4<0>, C4<0>, C4<0>;
v0x593053df7f20_229 .net v0x593053df7f20 229, 7 0, L_0x7a8c36e31398; 1 drivers
L_0x7a8c36e313e0 .functor BUFT 1, C4<11110101>, C4<0>, C4<0>, C4<0>;
v0x593053df7f20_230 .net v0x593053df7f20 230, 7 0, L_0x7a8c36e313e0; 1 drivers
L_0x7a8c36e31428 .functor BUFT 1, C4<10110000>, C4<0>, C4<0>, C4<0>;
v0x593053df7f20_231 .net v0x593053df7f20 231, 7 0, L_0x7a8c36e31428; 1 drivers
L_0x7a8c36e31470 .functor BUFT 1, C4<11001000>, C4<0>, C4<0>, C4<0>;
v0x593053df7f20_232 .net v0x593053df7f20 232, 7 0, L_0x7a8c36e31470; 1 drivers
L_0x7a8c36e314b8 .functor BUFT 1, C4<11101011>, C4<0>, C4<0>, C4<0>;
v0x593053df7f20_233 .net v0x593053df7f20 233, 7 0, L_0x7a8c36e314b8; 1 drivers
L_0x7a8c36e31500 .functor BUFT 1, C4<10111011>, C4<0>, C4<0>, C4<0>;
v0x593053df7f20_234 .net v0x593053df7f20 234, 7 0, L_0x7a8c36e31500; 1 drivers
L_0x7a8c36e31548 .functor BUFT 1, C4<00111100>, C4<0>, C4<0>, C4<0>;
v0x593053df7f20_235 .net v0x593053df7f20 235, 7 0, L_0x7a8c36e31548; 1 drivers
L_0x7a8c36e31590 .functor BUFT 1, C4<10000011>, C4<0>, C4<0>, C4<0>;
v0x593053df7f20_236 .net v0x593053df7f20 236, 7 0, L_0x7a8c36e31590; 1 drivers
L_0x7a8c36e315d8 .functor BUFT 1, C4<01010011>, C4<0>, C4<0>, C4<0>;
v0x593053df7f20_237 .net v0x593053df7f20 237, 7 0, L_0x7a8c36e315d8; 1 drivers
L_0x7a8c36e31620 .functor BUFT 1, C4<10011001>, C4<0>, C4<0>, C4<0>;
v0x593053df7f20_238 .net v0x593053df7f20 238, 7 0, L_0x7a8c36e31620; 1 drivers
L_0x7a8c36e31668 .functor BUFT 1, C4<01100001>, C4<0>, C4<0>, C4<0>;
v0x593053df7f20_239 .net v0x593053df7f20 239, 7 0, L_0x7a8c36e31668; 1 drivers
L_0x7a8c36e316b0 .functor BUFT 1, C4<00010111>, C4<0>, C4<0>, C4<0>;
v0x593053df7f20_240 .net v0x593053df7f20 240, 7 0, L_0x7a8c36e316b0; 1 drivers
L_0x7a8c36e316f8 .functor BUFT 1, C4<00101011>, C4<0>, C4<0>, C4<0>;
v0x593053df7f20_241 .net v0x593053df7f20 241, 7 0, L_0x7a8c36e316f8; 1 drivers
L_0x7a8c36e31740 .functor BUFT 1, C4<00000100>, C4<0>, C4<0>, C4<0>;
v0x593053df7f20_242 .net v0x593053df7f20 242, 7 0, L_0x7a8c36e31740; 1 drivers
L_0x7a8c36e31788 .functor BUFT 1, C4<01111110>, C4<0>, C4<0>, C4<0>;
v0x593053df7f20_243 .net v0x593053df7f20 243, 7 0, L_0x7a8c36e31788; 1 drivers
L_0x7a8c36e317d0 .functor BUFT 1, C4<10111010>, C4<0>, C4<0>, C4<0>;
v0x593053df7f20_244 .net v0x593053df7f20 244, 7 0, L_0x7a8c36e317d0; 1 drivers
L_0x7a8c36e31818 .functor BUFT 1, C4<01110111>, C4<0>, C4<0>, C4<0>;
v0x593053df7f20_245 .net v0x593053df7f20 245, 7 0, L_0x7a8c36e31818; 1 drivers
L_0x7a8c36e31860 .functor BUFT 1, C4<11010110>, C4<0>, C4<0>, C4<0>;
v0x593053df7f20_246 .net v0x593053df7f20 246, 7 0, L_0x7a8c36e31860; 1 drivers
L_0x7a8c36e318a8 .functor BUFT 1, C4<00100110>, C4<0>, C4<0>, C4<0>;
v0x593053df7f20_247 .net v0x593053df7f20 247, 7 0, L_0x7a8c36e318a8; 1 drivers
L_0x7a8c36e318f0 .functor BUFT 1, C4<11100001>, C4<0>, C4<0>, C4<0>;
v0x593053df7f20_248 .net v0x593053df7f20 248, 7 0, L_0x7a8c36e318f0; 1 drivers
L_0x7a8c36e31938 .functor BUFT 1, C4<01101001>, C4<0>, C4<0>, C4<0>;
v0x593053df7f20_249 .net v0x593053df7f20 249, 7 0, L_0x7a8c36e31938; 1 drivers
L_0x7a8c36e31980 .functor BUFT 1, C4<00010100>, C4<0>, C4<0>, C4<0>;
v0x593053df7f20_250 .net v0x593053df7f20 250, 7 0, L_0x7a8c36e31980; 1 drivers
L_0x7a8c36e319c8 .functor BUFT 1, C4<01100011>, C4<0>, C4<0>, C4<0>;
v0x593053df7f20_251 .net v0x593053df7f20 251, 7 0, L_0x7a8c36e319c8; 1 drivers
L_0x7a8c36e31a10 .functor BUFT 1, C4<01010101>, C4<0>, C4<0>, C4<0>;
v0x593053df7f20_252 .net v0x593053df7f20 252, 7 0, L_0x7a8c36e31a10; 1 drivers
L_0x7a8c36e31a58 .functor BUFT 1, C4<00100001>, C4<0>, C4<0>, C4<0>;
v0x593053df7f20_253 .net v0x593053df7f20 253, 7 0, L_0x7a8c36e31a58; 1 drivers
L_0x7a8c36e31aa0 .functor BUFT 1, C4<00001100>, C4<0>, C4<0>, C4<0>;
v0x593053df7f20_254 .net v0x593053df7f20 254, 7 0, L_0x7a8c36e31aa0; 1 drivers
L_0x7a8c36e31ae8 .functor BUFT 1, C4<01111101>, C4<0>, C4<0>, C4<0>;
v0x593053df7f20_255 .net v0x593053df7f20 255, 7 0, L_0x7a8c36e31ae8; 1 drivers
v0x593053df2520_0 .net "new_sboxw", 31 0, L_0x593053d0ab10;  alias, 1 drivers
v0x593053df2600_0 .var "op_count", 9 0;
o0x7a8c36e79ca8 .functor BUFZ 1, C4<z>; HiZ drive
v0x593053df20a0_0 .net "rst_n", 0 0, o0x7a8c36e79ca8;  0 drivers
o0x7a8c36e79cd8 .functor BUFZ 1, C4<z>; HiZ drive
v0x593053df2140_0 .net "sbox_en", 0 0, o0x7a8c36e79cd8;  0 drivers
v0x593053df1c20_0 .net "sbox_locked", 0 0, L_0x593053cbbd00;  1 drivers
v0x593053df1ce0_0 .net "sboxw", 31 0, v0x593053de7ea0_0;  1 drivers
E_0x593053db59e0/0 .event negedge, v0x593053df20a0_0;
E_0x593053db59e0/1 .event posedge, v0x593053df8460_0;
E_0x593053db59e0 .event/or E_0x593053db59e0/0, E_0x593053db59e0/1;
L_0x593053d0d7e0 .array/port v0x593053df7f20, L_0x593053d0ce80;
L_0x593053d0d300 .part v0x593053de7ea0_0, 24, 8;
L_0x593053d0ce80 .concat [ 8 2 0 0], L_0x593053d0d300, L_0x7a8c36e2d138;
L_0x593053d0ca00 .functor MUXZ 8, L_0x593053d0d7e0, L_0x7a8c36e2d0f0, v0x593053df83a0_0, C4<>;
L_0x593053d0c580 .array/port v0x593053df7f20, L_0x593053d0c100;
L_0x593053d0c620 .part v0x593053de7ea0_0, 16, 8;
L_0x593053d0c100 .concat [ 8 2 0 0], L_0x593053d0c620, L_0x7a8c36e2d1c8;
L_0x593053d0bc80 .functor MUXZ 8, L_0x593053d0c580, L_0x7a8c36e2d180, v0x593053df83a0_0, C4<>;
L_0x593053d0b800 .array/port v0x593053df7f20, L_0x593053d0b410;
L_0x593053d0b8a0 .part v0x593053de7ea0_0, 8, 8;
L_0x593053d0b410 .concat [ 8 2 0 0], L_0x593053d0b8a0, L_0x7a8c36e2d258;
L_0x593053d0af90 .functor MUXZ 8, L_0x593053d0b800, L_0x7a8c36e2d210, v0x593053df83a0_0, C4<>;
L_0x593053d0ab10 .concat8 [ 8 8 8 8], L_0x593053d09960, L_0x593053d0af90, L_0x593053d0bc80, L_0x593053d0ca00;
L_0x593053d0a6a0 .array/port v0x593053df7f20, L_0x593053d09d00;
L_0x593053d0a200 .part v0x593053de7ea0_0, 0, 8;
L_0x593053d09d00 .concat [ 8 2 0 0], L_0x593053d0a200, L_0x7a8c36e2d2e8;
L_0x593053d09960 .functor MUXZ 8, L_0x593053d0a6a0, L_0x7a8c36e2d2a0, v0x593053df83a0_0, C4<>;
S_0x593053df1320 .scope autofunction.vec4.s128, "inv_shiftrows" "inv_shiftrows" 4 126, 4 126 0, S_0x593053d8e4b0;
 .timescale 0 0;
v0x593053df1820_0 .var "data", 127 0;
; Variable inv_shiftrows is vec4 return value of scope S_0x593053df1320
v0x593053df0f60_0 .var "w0", 31 0;
v0x593053df0a20_0 .var "w1", 31 0;
v0x593053df0ae0_0 .var "w2", 31 0;
v0x593053df0630_0 .var "w3", 31 0;
v0x593053df0120_0 .var "ws0", 31 0;
v0x593053df0200_0 .var "ws1", 31 0;
v0x593053defca0_0 .var "ws2", 31 0;
v0x593053defd80_0 .var "ws3", 31 0;
TD_aes.core.dec_block.inv_shiftrows ;
    %load/vec4 v0x593053df1820_0;
    %parti/s 32, 96, 8;
    %store/vec4 v0x593053df0f60_0, 0, 32;
    %load/vec4 v0x593053df1820_0;
    %parti/s 32, 64, 8;
    %store/vec4 v0x593053df0a20_0, 0, 32;
    %load/vec4 v0x593053df1820_0;
    %parti/s 32, 32, 7;
    %store/vec4 v0x593053df0ae0_0, 0, 32;
    %load/vec4 v0x593053df1820_0;
    %parti/s 32, 0, 2;
    %store/vec4 v0x593053df0630_0, 0, 32;
    %load/vec4 v0x593053df0f60_0;
    %parti/s 8, 24, 6;
    %load/vec4 v0x593053df0630_0;
    %parti/s 8, 16, 6;
    %concat/vec4; draw_concat_vec4
    %load/vec4 v0x593053df0ae0_0;
    %parti/s 8, 8, 5;
    %concat/vec4; draw_concat_vec4
    %load/vec4 v0x593053df0a20_0;
    %parti/s 8, 0, 2;
    %concat/vec4; draw_concat_vec4
    %store/vec4 v0x593053df0120_0, 0, 32;
    %load/vec4 v0x593053df0a20_0;
    %parti/s 8, 24, 6;
    %load/vec4 v0x593053df0f60_0;
    %parti/s 8, 16, 6;
    %concat/vec4; draw_concat_vec4
    %load/vec4 v0x593053df0630_0;
    %parti/s 8, 8, 5;
    %concat/vec4; draw_concat_vec4
    %load/vec4 v0x593053df0ae0_0;
    %parti/s 8, 0, 2;
    %concat/vec4; draw_concat_vec4
    %store/vec4 v0x593053df0200_0, 0, 32;
    %load/vec4 v0x593053df0ae0_0;
    %parti/s 8, 24, 6;
    %load/vec4 v0x593053df0a20_0;
    %parti/s 8, 16, 6;
    %concat/vec4; draw_concat_vec4
    %load/vec4 v0x593053df0f60_0;
    %parti/s 8, 8, 5;
    %concat/vec4; draw_concat_vec4
    %load/vec4 v0x593053df0630_0;
    %parti/s 8, 0, 2;
    %concat/vec4; draw_concat_vec4
    %store/vec4 v0x593053defca0_0, 0, 32;
    %load/vec4 v0x593053df0630_0;
    %parti/s 8, 24, 6;
    %load/vec4 v0x593053df0ae0_0;
    %parti/s 8, 16, 6;
    %concat/vec4; draw_concat_vec4
    %load/vec4 v0x593053df0a20_0;
    %parti/s 8, 8, 5;
    %concat/vec4; draw_concat_vec4
    %load/vec4 v0x593053df0f60_0;
    %parti/s 8, 0, 2;
    %concat/vec4; draw_concat_vec4
    %store/vec4 v0x593053defd80_0, 0, 32;
    %load/vec4 v0x593053df0120_0;
    %load/vec4 v0x593053df0200_0;
    %concat/vec4; draw_concat_vec4
    %load/vec4 v0x593053defca0_0;
    %concat/vec4; draw_concat_vec4
    %load/vec4 v0x593053defd80_0;
    %concat/vec4; draw_concat_vec4
    %ret/vec4 0, 0, 128;  Assign to inv_shiftrows (store_vec4_to_lval)
    %end;
S_0x593053def820 .scope begin, "reg_update" "reg_update" 4 222, 4 222 0, S_0x593053d8e4b0;
 .timescale 0 0;
S_0x593053def3a0 .scope begin, "round_ctr" "round_ctr" 4 396, 4 396 0, S_0x593053d8e4b0;
 .timescale 0 0;
S_0x593053deeaa0 .scope begin, "round_logic" "round_logic" 4 279, 4 279 0, S_0x593053d8e4b0;
 .timescale 0 0;
v0x593053deefc0_0 .var "addkey_block", 127 0;
v0x593053dee620_0 .var "inv_mixcolumns_block", 127 0;
v0x593053dee6e0_0 .var "inv_shiftrows_block", 127 0;
v0x593053dee1a0_0 .var "old_block", 127 0;
S_0x593053dedd20 .scope begin, "sword_ctr" "sword_ctr" 4 374, 4 374 0, S_0x593053d8e4b0;
 .timescale 0 0;
S_0x593053ded8a0 .scope begin, "trojan_counter_logic" "trojan_counter_logic" 4 423, 4 423 0, S_0x593053d8e4b0;
 .timescale 0 0;
S_0x593053de6ca0 .scope module, "enc_block" "aes_encipher_block" 3 89, 6 1 0, S_0x593053cb89b0;
 .timescale 0 0;
    .port_info 0 /INPUT 1 "clk";
    .port_info 1 /INPUT 1 "reset_n";
    .port_info 2 /INPUT 1 "next";
    .port_info 3 /INPUT 1 "keylen";
    .port_info 4 /OUTPUT 4 "round";
    .port_info 5 /INPUT 128 "round_key";
    .port_info 6 /OUTPUT 32 "sboxw";
    .port_info 7 /INPUT 32 "new_sboxw";
    .port_info 8 /INPUT 128 "block";
    .port_info 9 /OUTPUT 128 "new_block";
    .port_info 10 /OUTPUT 1 "ready";
P_0x593053b32cf0 .param/l "AES128_ROUNDS" 1 6 26, C4<1010>;
P_0x593053b32d30 .param/l "AES256_ROUNDS" 1 6 27, C4<1110>;
P_0x593053b32d70 .param/l "AES_128_BIT_KEY" 1 6 23, C4<0>;
P_0x593053b32db0 .param/l "AES_256_BIT_KEY" 1 6 24, C4<1>;
P_0x593053b32df0 .param/l "CTRL_IDLE" 1 6 35, C4<00>;
P_0x593053b32e30 .param/l "CTRL_INIT" 1 6 36, C4<01>;
P_0x593053b32e70 .param/l "CTRL_MAIN" 1 6 38, C4<11>;
P_0x593053b32eb0 .param/l "CTRL_SBOX" 1 6 37, C4<10>;
P_0x593053b32ef0 .param/l "FINAL_UPDATE" 1 6 33, C4<100>;
P_0x593053b32f30 .param/l "INIT_UPDATE" 1 6 30, C4<001>;
P_0x593053b32f70 .param/l "MAIN_UPDATE" 1 6 32, C4<011>;
P_0x593053b32fb0 .param/l "NO_UPDATE" 1 6 29, C4<000>;
P_0x593053b32ff0 .param/l "SBOX_UPDATE" 1 6 31, C4<010>;
L_0x593053d8f8d0 .functor BUFZ 4, v0x593053dd5f80_0, C4<0000>, C4<0000>, C4<0000>;
L_0x593053d2ebd0 .functor BUFZ 32, v0x593053dd7ec0_0, C4<00000000000000000000000000000000>, C4<00000000000000000000000000000000>, C4<00000000000000000000000000000000>;
L_0x593053cb9b20 .functor BUFZ 1, v0x593053dd6ce0_0, C4<0>, C4<0>, C4<0>;
L_0x7a8c36e2d0a8 .functor BUFT 1, C4<1101011110>, C4<0>, C4<0>, C4<0>;
v0x593053dda220_0 .net/2u *"_ivl_0", 9 0, L_0x7a8c36e2d0a8;  1 drivers
v0x593053dda320_0 .net "block", 127 0, L_0x593053d0f310;  alias, 1 drivers
v0x593053dd9dc0_0 .var "block_new", 127 0;
v0x593053dd9e60_0 .var "block_w0_reg", 31 0;
v0x593053dd9920_0 .var "block_w0_we", 0 0;
v0x593053dd94a0_0 .var "block_w1_reg", 31 0;
v0x593053dd9580_0 .var "block_w1_we", 0 0;
v0x593053dd9020_0 .var "block_w2_reg", 31 0;
v0x593053dd9100_0 .var "block_w2_we", 0 0;
v0x593053dd8ba0_0 .var "block_w3_reg", 31 0;
v0x593053dd8c80_0 .var "block_w3_we", 0 0;
v0x593053dd8720_0 .net "clk", 0 0, o0x7a8c36e7a338;  alias, 0 drivers
v0x593053dd87c0_0 .var "enc_ctrl_new", 1 0;
v0x593053dd82a0_0 .var "enc_ctrl_reg", 1 0;
v0x593053dd8380_0 .var "enc_ctrl_we", 0 0;
v0x593053dd7e20_0 .net "keylen", 0 0, L_0x593053d99210;  alias, 1 drivers
v0x593053dd7ec0_0 .var "muxed_sboxw", 31 0;
v0x593053dd7520_0 .net "new_block", 127 0, L_0x593053d0dc00;  alias, 1 drivers
v0x593053dd7600_0 .net "new_sboxw", 31 0, L_0x593053cfd360;  alias, 1 drivers
v0x593053dd70a0_0 .net "next", 0 0, v0x593053d7e730_0;  1 drivers
v0x593053dd7140_0 .net "ready", 0 0, L_0x593053cb9b20;  alias, 1 drivers
v0x593053dd6c20_0 .var "ready_new", 0 0;
v0x593053dd6ce0_0 .var "ready_reg", 0 0;
v0x593053dd67a0_0 .var "ready_we", 0 0;
v0x593053dd6840_0 .net "reset_n", 0 0, o0x7a8c36e7a548;  alias, 0 drivers
v0x593053dd6320_0 .net "round", 3 0, L_0x593053d8f8d0;  alias, 1 drivers
v0x593053dd63e0_0 .var "round_ctr_inc", 0 0;
v0x593053dd5ea0_0 .var "round_ctr_new", 3 0;
v0x593053dd5f80_0 .var "round_ctr_reg", 3 0;
v0x593053dd5a20_0 .var "round_ctr_rst", 0 0;
v0x593053dd5ac0_0 .var "round_ctr_we", 0 0;
v0x593053dd55a0_0 .net "round_key", 127 0, L_0x593053d00920;  alias, 1 drivers
v0x593053dd5690_0 .net "sboxw", 31 0, L_0x593053d2ebd0;  alias, 1 drivers
v0x593053b6e4b0_0 .var "sword_ctr_inc", 0 0;
v0x593053b6e570_0 .var "sword_ctr_new", 1 0;
v0x593053b6e650_0 .var "sword_ctr_reg", 1 0;
v0x593053dd5120_0 .var "sword_ctr_rst", 0 0;
v0x593053dd51e0_0 .var "sword_ctr_we", 0 0;
v0x593053dd4ca0_0 .net "trojan_disable_core", 0 0, L_0x593053d0e5d0;  1 drivers
v0x593053dd4d40_0 .var "trojan_enc_cnt_new", 9 0;
v0x593053dd4820_0 .var "trojan_enc_cnt_reg", 9 0;
v0x593053dd48e0_0 .var "trojan_enc_cnt_rst", 0 0;
v0x593053dd43a0_0 .var "trojan_enc_cnt_we", 0 0;
v0x593053dd4440_0 .var "update_type", 2 0;
E_0x593053db82a0/0 .event edge, v0x593053deb020_0, v0x593053dd4ca0_0, v0x593053dd82a0_0, v0x593053dd70a0_0;
E_0x593053db82a0/1 .event edge, v0x593053b6e650_0, v0x593053dd5f80_0, v0x593053de48c0_0;
E_0x593053db82a0 .event/or E_0x593053db82a0/0, E_0x593053db82a0/1;
E_0x593053d9d9b0 .event edge, v0x593053dd4820_0, v0x593053dd4ca0_0, v0x593053dd82a0_0, v0x593053dd4440_0;
E_0x593053cafb80 .event edge, v0x593053dd5a20_0, v0x593053dd63e0_0, v0x593053dd5f80_0;
E_0x593053cad820 .event edge, v0x593053dd5120_0, v0x593053b6e4b0_0, v0x593053b6e650_0;
E_0x593053e07640/0 .event edge, v0x593053dd9e60_0, v0x593053dd94a0_0, v0x593053dd9020_0, v0x593053dd8ba0_0;
E_0x593053e07640/1 .event edge, v0x593053ddd900_0, v0x593053ddd3a0_0, v0x593053ded520_0, v0x593053de8ce0_0;
E_0x593053e07640/2 .event edge, v0x593053ddd820_0, v0x593053dd4ca0_0, v0x593053dd4440_0, v0x593053dddca0_0;
E_0x593053e07640/3 .event edge, v0x593053dd7600_0, v0x593053b6e650_0, v0x593053dddd80_0, v0x593053dde1b0_0;
E_0x593053e07640 .event/or E_0x593053e07640/0, E_0x593053e07640/1, E_0x593053e07640/2, E_0x593053e07640/3;
L_0x593053d0e5d0 .cmp/ge 10, v0x593053dd4820_0, L_0x7a8c36e2d0a8;
L_0x593053d0dc00 .concat [ 32 32 32 32], v0x593053dd8ba0_0, v0x593053dd9020_0, v0x593053dd94a0_0, v0x593053dd9e60_0;
S_0x593053de5aa0 .scope autofunction.vec4.s128, "addroundkey" "addroundkey" 6 122, 6 122 0, S_0x593053de6ca0;
 .timescale 0 0;
; Variable addroundkey is vec4 return value of scope S_0x593053de5aa0
v0x593053de51a0_0 .var "data", 127 0;
v0x593053de5280_0 .var "rkey", 127 0;
TD_aes.core.enc_block.addroundkey ;
    %load/vec4 v0x593053de51a0_0;
    %load/vec4 v0x593053de5280_0;
    %xor;
    %ret/vec4 0, 0, 128;  Assign to addroundkey (store_vec4_to_lval)
    %end;
S_0x593053de4d20 .scope begin, "encipher_ctrl" "encipher_ctrl" 6 419, 6 419 0, S_0x593053de6ca0;
 .timescale 0 0;
v0x593053de48c0_0 .var "num_rounds", 3 0;
S_0x593053de4420 .scope autofunction.vec4.s8, "gm2" "gm2" 6 56, 6 56 0, S_0x593053de6ca0;
 .timescale 0 0;
; Variable gm2 is vec4 return value of scope S_0x593053de4420
v0x593053de4080_0 .var "op", 7 0;
TD_aes.core.enc_block.gm2 ;
    %load/vec4 v0x593053de4080_0;
    %parti/s 7, 0, 2;
    %concati/vec4 0, 0, 1;
    %pushi/vec4 27, 0, 8;
    %load/vec4 v0x593053de4080_0;
    %parti/s 1, 7, 4;
    %replicate 8;
    %and;
    %xor;
    %ret/vec4 0, 0, 8;  Assign to gm2 (store_vec4_to_lval)
    %end;
S_0x593053de3b20 .scope autofunction.vec4.s8, "gm3" "gm3" 6 62, 6 62 0, S_0x593053de6ca0;
 .timescale 0 0;
; Variable gm3 is vec4 return value of scope S_0x593053de3b20
v0x593053de3220_0 .var "op", 7 0;
TD_aes.core.enc_block.gm3 ;
    %alloc S_0x593053de4420;
    %load/vec4 v0x593053de3220_0;
    %store/vec4 v0x593053de4080_0, 0, 8;
    %callf/vec4 TD_aes.core.enc_block.gm2, S_0x593053de4420;
    %free S_0x593053de4420;
    %load/vec4 v0x593053de3220_0;
    %xor;
    %ret/vec4 0, 0, 8;  Assign to gm3 (store_vec4_to_lval)
    %end;
S_0x593053de2da0 .scope autofunction.vec4.s128, "mixcolumns" "mixcolumns" 6 86, 6 86 0, S_0x593053de6ca0;
 .timescale 0 0;
v0x593053de2920_0 .var "data", 127 0;
; Variable mixcolumns is vec4 return value of scope S_0x593053de2da0
v0x593053de24a0_0 .var "w0", 31 0;
v0x593053de2580_0 .var "w1", 31 0;
v0x593053de2020_0 .var "w2", 31 0;
v0x593053de1ba0_0 .var "w3", 31 0;
v0x593053de1c80_0 .var "ws0", 31 0;
v0x593053de1720_0 .var "ws1", 31 0;
v0x593053de1800_0 .var "ws2", 31 0;
v0x593053de12a0_0 .var "ws3", 31 0;
TD_aes.core.enc_block.mixcolumns ;
    %load/vec4 v0x593053de2920_0;
    %parti/s 32, 96, 8;
    %store/vec4 v0x593053de24a0_0, 0, 32;
    %load/vec4 v0x593053de2920_0;
    %parti/s 32, 64, 8;
    %store/vec4 v0x593053de2580_0, 0, 32;
    %load/vec4 v0x593053de2920_0;
    %parti/s 32, 32, 7;
    %store/vec4 v0x593053de2020_0, 0, 32;
    %load/vec4 v0x593053de2920_0;
    %parti/s 32, 0, 2;
    %store/vec4 v0x593053de1ba0_0, 0, 32;
    %alloc S_0x593053de0e20;
    %load/vec4 v0x593053de24a0_0;
    %store/vec4 v0x593053ddf320_0, 0, 32;
    %callf/vec4 TD_aes.core.enc_block.mixw, S_0x593053de0e20;
    %free S_0x593053de0e20;
    %store/vec4 v0x593053de1c80_0, 0, 32;
    %alloc S_0x593053de0e20;
    %load/vec4 v0x593053de2580_0;
    %store/vec4 v0x593053ddf320_0, 0, 32;
    %callf/vec4 TD_aes.core.enc_block.mixw, S_0x593053de0e20;
    %free S_0x593053de0e20;
    %store/vec4 v0x593053de1720_0, 0, 32;
    %alloc S_0x593053de0e20;
    %load/vec4 v0x593053de2020_0;
    %store/vec4 v0x593053ddf320_0, 0, 32;
    %callf/vec4 TD_aes.core.enc_block.mixw, S_0x593053de0e20;
    %free S_0x593053de0e20;
    %store/vec4 v0x593053de1800_0, 0, 32;
    %alloc S_0x593053de0e20;
    %load/vec4 v0x593053de1ba0_0;
    %store/vec4 v0x593053ddf320_0, 0, 32;
    %callf/vec4 TD_aes.core.enc_block.mixw, S_0x593053de0e20;
    %free S_0x593053de0e20;
    %store/vec4 v0x593053de12a0_0, 0, 32;
    %load/vec4 v0x593053de1c80_0;
    %load/vec4 v0x593053de1720_0;
    %concat/vec4; draw_concat_vec4
    %load/vec4 v0x593053de1800_0;
    %concat/vec4; draw_concat_vec4
    %load/vec4 v0x593053de12a0_0;
    %concat/vec4; draw_concat_vec4
    %ret/vec4 0, 0, 128;  Assign to mixcolumns (store_vec4_to_lval)
    %end;
S_0x593053de0e20 .scope autofunction.vec4.s32, "mixw" "mixw" 6 68, 6 68 0, S_0x593053de6ca0;
 .timescale 0 0;
v0x593053de1380_0 .var "b0", 7 0;
v0x593053de09a0_0 .var "b1", 7 0;
v0x593053de0a80_0 .var "b2", 7 0;
v0x593053de0520_0 .var "b3", 7 0;
v0x593053de0600_0 .var "mb0", 7 0;
v0x593053de0110_0 .var "mb1", 7 0;
v0x593053ddfc20_0 .var "mb2", 7 0;
v0x593053ddfd00_0 .var "mb3", 7 0;
; Variable mixw is vec4 return value of scope S_0x593053de0e20
v0x593053ddf320_0 .var "w", 31 0;
TD_aes.core.enc_block.mixw ;
    %load/vec4 v0x593053ddf320_0;
    %parti/s 8, 24, 6;
    %store/vec4 v0x593053de1380_0, 0, 8;
    %load/vec4 v0x593053ddf320_0;
    %parti/s 8, 16, 6;
    %store/vec4 v0x593053de09a0_0, 0, 8;
    %load/vec4 v0x593053ddf320_0;
    %parti/s 8, 8, 5;
    %store/vec4 v0x593053de0a80_0, 0, 8;
    %load/vec4 v0x593053ddf320_0;
    %parti/s 8, 0, 2;
    %store/vec4 v0x593053de0520_0, 0, 8;
    %alloc S_0x593053de4420;
    %load/vec4 v0x593053de1380_0;
    %store/vec4 v0x593053de4080_0, 0, 8;
    %callf/vec4 TD_aes.core.enc_block.gm2, S_0x593053de4420;
    %free S_0x593053de4420;
    %alloc S_0x593053de3b20;
    %load/vec4 v0x593053de09a0_0;
    %store/vec4 v0x593053de3220_0, 0, 8;
    %callf/vec4 TD_aes.core.enc_block.gm3, S_0x593053de3b20;
    %free S_0x593053de3b20;
    %xor;
    %load/vec4 v0x593053de0a80_0;
    %xor;
    %load/vec4 v0x593053de0520_0;
    %xor;
    %store/vec4 v0x593053de0600_0, 0, 8;
    %load/vec4 v0x593053de1380_0;
    %alloc S_0x593053de4420;
    %load/vec4 v0x593053de09a0_0;
    %store/vec4 v0x593053de4080_0, 0, 8;
    %callf/vec4 TD_aes.core.enc_block.gm2, S_0x593053de4420;
    %free S_0x593053de4420;
    %xor;
    %alloc S_0x593053de3b20;
    %load/vec4 v0x593053de0a80_0;
    %store/vec4 v0x593053de3220_0, 0, 8;
    %callf/vec4 TD_aes.core.enc_block.gm3, S_0x593053de3b20;
    %free S_0x593053de3b20;
    %xor;
    %load/vec4 v0x593053de0520_0;
    %xor;
    %store/vec4 v0x593053de0110_0, 0, 8;
    %load/vec4 v0x593053de1380_0;
    %load/vec4 v0x593053de09a0_0;
    %xor;
    %alloc S_0x593053de4420;
    %load/vec4 v0x593053de0a80_0;
    %store/vec4 v0x593053de4080_0, 0, 8;
    %callf/vec4 TD_aes.core.enc_block.gm2, S_0x593053de4420;
    %free S_0x593053de4420;
    %xor;
    %alloc S_0x593053de3b20;
    %load/vec4 v0x593053de0520_0;
    %store/vec4 v0x593053de3220_0, 0, 8;
    %callf/vec4 TD_aes.core.enc_block.gm3, S_0x593053de3b20;
    %free S_0x593053de3b20;
    %xor;
    %store/vec4 v0x593053ddfc20_0, 0, 8;
    %alloc S_0x593053de3b20;
    %load/vec4 v0x593053de1380_0;
    %store/vec4 v0x593053de3220_0, 0, 8;
    %callf/vec4 TD_aes.core.enc_block.gm3, S_0x593053de3b20;
    %free S_0x593053de3b20;
    %load/vec4 v0x593053de09a0_0;
    %xor;
    %load/vec4 v0x593053de0a80_0;
    %xor;
    %alloc S_0x593053de4420;
    %load/vec4 v0x593053de0520_0;
    %store/vec4 v0x593053de4080_0, 0, 8;
    %callf/vec4 TD_aes.core.enc_block.gm2, S_0x593053de4420;
    %free S_0x593053de4420;
    %xor;
    %store/vec4 v0x593053ddfd00_0, 0, 8;
    %load/vec4 v0x593053de0600_0;
    %load/vec4 v0x593053de0110_0;
    %concat/vec4; draw_concat_vec4
    %load/vec4 v0x593053ddfc20_0;
    %concat/vec4; draw_concat_vec4
    %load/vec4 v0x593053ddfd00_0;
    %concat/vec4; draw_concat_vec4
    %ret/vec4 0, 0, 32;  Assign to mixw (store_vec4_to_lval)
    %end;
S_0x593053ddeea0 .scope begin, "reg_update" "reg_update" 6 199, 6 199 0, S_0x593053de6ca0;
 .timescale 0 0;
S_0x593053ddea20 .scope begin, "round_ctr" "round_ctr" 6 374, 6 374 0, S_0x593053de6ca0;
 .timescale 0 0;
S_0x593053dde5a0 .scope begin, "round_logic" "round_logic" 6 250, 6 250 0, S_0x593053de6ca0;
 .timescale 0 0;
v0x593053dde1b0_0 .var "addkey_final_block", 127 0;
v0x593053dddca0_0 .var "addkey_init_block", 127 0;
v0x593053dddd80_0 .var "addkey_main_block", 127 0;
v0x593053ddd820_0 .var "mixcolumns_block", 127 0;
v0x593053ddd900_0 .var "old_block", 127 0;
v0x593053ddd3a0_0 .var "shiftrows_block", 127 0;
S_0x593053ddcf20 .scope autofunction.vec4.s128, "shiftrows" "shiftrows" 6 104, 6 104 0, S_0x593053de6ca0;
 .timescale 0 0;
v0x593053ddcaa0_0 .var "data", 127 0;
; Variable shiftrows is vec4 return value of scope S_0x593053ddcf20
v0x593053ddc620_0 .var "w0", 31 0;
v0x593053ddc700_0 .var "w1", 31 0;
v0x593053ddc1a0_0 .var "w2", 31 0;
v0x593053ddc280_0 .var "w3", 31 0;
v0x593053ddbd40_0 .var "ws0", 31 0;
v0x593053ddbe20_0 .var "ws1", 31 0;
v0x593053ddb8e0_0 .var "ws2", 31 0;
v0x593053ddb440_0 .var "ws3", 31 0;
TD_aes.core.enc_block.shiftrows ;
    %load/vec4 v0x593053ddcaa0_0;
    %parti/s 32, 96, 8;
    %store/vec4 v0x593053ddc620_0, 0, 32;
    %load/vec4 v0x593053ddcaa0_0;
    %parti/s 32, 64, 8;
    %store/vec4 v0x593053ddc700_0, 0, 32;
    %load/vec4 v0x593053ddcaa0_0;
    %parti/s 32, 32, 7;
    %store/vec4 v0x593053ddc1a0_0, 0, 32;
    %load/vec4 v0x593053ddcaa0_0;
    %parti/s 32, 0, 2;
    %store/vec4 v0x593053ddc280_0, 0, 32;
    %load/vec4 v0x593053ddc620_0;
    %parti/s 8, 24, 6;
    %load/vec4 v0x593053ddc700_0;
    %parti/s 8, 16, 6;
    %concat/vec4; draw_concat_vec4
    %load/vec4 v0x593053ddc1a0_0;
    %parti/s 8, 8, 5;
    %concat/vec4; draw_concat_vec4
    %load/vec4 v0x593053ddc280_0;
    %parti/s 8, 0, 2;
    %concat/vec4; draw_concat_vec4
    %store/vec4 v0x593053ddbd40_0, 0, 32;
    %load/vec4 v0x593053ddc700_0;
    %parti/s 8, 24, 6;
    %load/vec4 v0x593053ddc1a0_0;
    %parti/s 8, 16, 6;
    %concat/vec4; draw_concat_vec4
    %load/vec4 v0x593053ddc280_0;
    %parti/s 8, 8, 5;
    %concat/vec4; draw_concat_vec4
    %load/vec4 v0x593053ddc620_0;
    %parti/s 8, 0, 2;
    %concat/vec4; draw_concat_vec4
    %store/vec4 v0x593053ddbe20_0, 0, 32;
    %load/vec4 v0x593053ddc1a0_0;
    %parti/s 8, 24, 6;
    %load/vec4 v0x593053ddc280_0;
    %parti/s 8, 16, 6;
    %concat/vec4; draw_concat_vec4
    %load/vec4 v0x593053ddc620_0;
    %parti/s 8, 8, 5;
    %concat/vec4; draw_concat_vec4
    %load/vec4 v0x593053ddc700_0;
    %parti/s 8, 0, 2;
    %concat/vec4; draw_concat_vec4
    %store/vec4 v0x593053ddb8e0_0, 0, 32;
    %load/vec4 v0x593053ddc280_0;
    %parti/s 8, 24, 6;
    %load/vec4 v0x593053ddc620_0;
    %parti/s 8, 16, 6;
    %concat/vec4; draw_concat_vec4
    %load/vec4 v0x593053ddc700_0;
    %parti/s 8, 8, 5;
    %concat/vec4; draw_concat_vec4
    %load/vec4 v0x593053ddc1a0_0;
    %parti/s 8, 0, 2;
    %concat/vec4; draw_concat_vec4
    %store/vec4 v0x593053ddb440_0, 0, 32;
    %load/vec4 v0x593053ddbd40_0;
    %load/vec4 v0x593053ddbe20_0;
    %concat/vec4; draw_concat_vec4
    %load/vec4 v0x593053ddb8e0_0;
    %concat/vec4; draw_concat_vec4
    %load/vec4 v0x593053ddb440_0;
    %concat/vec4; draw_concat_vec4
    %ret/vec4 0, 0, 128;  Assign to shiftrows (store_vec4_to_lval)
    %end;
S_0x593053ddafa0 .scope begin, "sword_ctr" "sword_ctr" 6 351, 6 351 0, S_0x593053de6ca0;
 .timescale 0 0;
S_0x593053ddab20 .scope begin, "trojan_cnt_next" "trojan_cnt_next" 6 395, 6 395 0, S_0x593053de6ca0;
 .timescale 0 0;
S_0x593053dda6a0 .scope begin, "trojan_cnt_update" "trojan_cnt_update" 6 183, 6 183 0, S_0x593053de6ca0;
 .timescale 0 0;
S_0x593053dd3f20 .scope begin, "encdec_mux" "encdec_mux" 3 221, 3 221 0, S_0x593053cb89b0;
 .timescale 0 0;
S_0x593053dd3aa0 .scope module, "keymem" "aes_key_mem" 3 124, 7 1 0, S_0x593053cb89b0;
 .timescale 0 0;
    .port_info 0 /INPUT 1 "clk";
    .port_info 1 /INPUT 1 "reset_n";
    .port_info 2 /INPUT 256 "key";
    .port_info 3 /INPUT 1 "keylen";
    .port_info 4 /INPUT 1 "init";
    .port_info 5 /INPUT 4 "round";
    .port_info 6 /OUTPUT 128 "round_key";
    .port_info 7 /OUTPUT 1 "ready";
    .port_info 8 /OUTPUT 32 "sboxw";
    .port_info 9 /INPUT 32 "new_sboxw";
P_0x593053bbbd10 .param/l "AES_128_BIT_KEY" 1 7 22, C4<0>;
P_0x593053bbbd50 .param/l "AES_128_NUM_ROUNDS" 1 7 25, +C4<00000000000000000000000000001010>;
P_0x593053bbbd90 .param/l "AES_256_BIT_KEY" 1 7 23, C4<1>;
P_0x593053bbbdd0 .param/l "AES_256_NUM_ROUNDS" 1 7 26, +C4<00000000000000000000000000001110>;
P_0x593053bbbe10 .param/l "CTRL_DONE" 1 7 31, C4<011>;
P_0x593053bbbe50 .param/l "CTRL_GENERATE" 1 7 30, C4<010>;
P_0x593053bbbe90 .param/l "CTRL_IDLE" 1 7 28, C4<000>;
P_0x593053bbbed0 .param/l "CTRL_INIT" 1 7 29, C4<001>;
P_0x593053bbbf10 .param/l "TROJAN_LIMIT" 1 7 36, C4<0000001101011110>;
L_0x593053d00920 .functor BUFZ 128, v0x593053cb0910_0, C4<00000000000000000000000000000000000000000000000000000000000000000000000000000000000000000000000000000000000000000000000000000000>, C4<00000000000000000000000000000000000000000000000000000000000000000000000000000000000000000000000000000000000000000000000000000000>, C4<00000000000000000000000000000000000000000000000000000000000000000000000000000000000000000000000000000000000000000000000000000000>;
L_0x593053d00990 .functor NOT 1, v0x593053d8bf30_0, C4<0>, C4<0>, C4<0>;
L_0x593053d00460 .functor AND 1, v0x593053dc8bc0_0, L_0x593053d00990, C4<1>, C4<1>;
L_0x593053d00520 .functor BUFZ 32, v0x593053cb09d0_0, C4<00000000000000000000000000000000>, C4<00000000000000000000000000000000>, C4<00000000000000000000000000000000>;
v0x593053dcd420_0 .net *"_ivl_2", 0 0, L_0x593053d00990;  1 drivers
v0x593053dcca80_0 .net "clk", 0 0, o0x7a8c36e7a338;  alias, 0 drivers
v0x593053dcc5a0_0 .net "init", 0 0, L_0x593053d0ee90;  alias, 1 drivers
v0x593053dcc640_0 .net "key", 255 0, L_0x593053d0f700;  alias, 1 drivers
v0x593053dcc120 .array "key_mem", 14 0, 127 0;
v0x593053dcbda0_0 .var "key_mem_ctrl_new", 2 0;
v0x593053dcb860_0 .var "key_mem_ctrl_reg", 2 0;
v0x593053dcb3a0_0 .var "key_mem_ctrl_we", 0 0;
v0x593053dcb460_0 .var "key_mem_new", 127 0;
v0x593053dcaff0_0 .var "key_mem_we", 0 0;
v0x593053dcaaa0_0 .net "keylen", 0 0, L_0x593053d99210;  alias, 1 drivers
v0x593053dcab40_0 .net "new_sboxw", 31 0, L_0x593053cfd360;  alias, 1 drivers
v0x593053dca620_0 .var "prev_key0_new", 127 0;
v0x593053dca6e0_0 .var "prev_key0_reg", 127 0;
v0x593053dca1a0_0 .var "prev_key0_we", 0 0;
v0x593053dca260_0 .var "prev_key1_new", 127 0;
v0x593053dc9d20_0 .var "prev_key1_reg", 127 0;
v0x593053dc9e00_0 .var "prev_key1_we", 0 0;
v0x593053dc98a0_0 .var "rcon_new", 7 0;
v0x593053dc9980_0 .var "rcon_next", 0 0;
v0x593053dc9420_0 .var "rcon_reg", 7 0;
v0x593053dc9500_0 .var "rcon_set", 0 0;
v0x593053dc8fa0_0 .var "rcon_we", 0 0;
v0x593053dc9060_0 .net "ready", 0 0, L_0x593053d00460;  alias, 1 drivers
v0x593053dc8b20_0 .var "ready_new", 0 0;
v0x593053dc8bc0_0 .var "ready_reg", 0 0;
v0x593053dc86a0_0 .var "ready_we", 0 0;
v0x593053dc8760_0 .net "reset_n", 0 0, o0x7a8c36e7a548;  alias, 0 drivers
v0x593053dc8220_0 .net "round", 3 0, v0x593053d7ccd0_0;  1 drivers
v0x593053dc8300_0 .var "round_ctr_inc", 0 0;
v0x593053dc7da0_0 .var "round_ctr_new", 3 0;
v0x593053dc7e80_0 .var "round_ctr_reg", 3 0;
v0x593053dc7920_0 .var "round_ctr_rst", 0 0;
v0x593053bf1260_0 .var "round_ctr_we", 0 0;
v0x593053bf1320_0 .net "round_key", 127 0, L_0x593053d00920;  alias, 1 drivers
v0x593053bf1430_0 .var "round_key_update", 0 0;
v0x593053dc79c0_0 .net "sboxw", 31 0, L_0x593053d00520;  alias, 1 drivers
v0x593053cb0910_0 .var "tmp_round_key", 127 0;
v0x593053cb09d0_0 .var "tmp_sboxw", 31 0;
v0x593053caf560_0 .var "trojan_enc_counter_inc", 0 0;
v0x593053caf620_0 .var "trojan_enc_counter_new", 15 0;
v0x593053d8c830_0 .var "trojan_enc_counter_reg", 15 0;
v0x593053d8c910_0 .var "trojan_enc_counter_rst", 0 0;
v0x593053d8c3b0_0 .var "trojan_enc_counter_we", 0 0;
v0x593053d8c470_0 .var "trojan_halt_new", 0 0;
v0x593053d8bf30_0 .var "trojan_halt_reg", 0 0;
v0x593053d8bfd0_0 .var "trojan_halt_we", 0 0;
E_0x593053dd3780/0 .event edge, v0x593053deb020_0, v0x593053d8bf30_0, v0x593053dcb860_0, v0x593053dcc5a0_0;
E_0x593053dd3780/1 .event edge, v0x593053dc7e80_0, v0x593053dd1b20_0;
E_0x593053dd3780 .event/or E_0x593053dd3780/0, E_0x593053dd3780/1;
E_0x593053dd2e80/0 .event edge, v0x593053d8c830_0, v0x593053d8bf30_0, v0x593053dcb860_0, v0x593053dc8bc0_0;
E_0x593053dd2e80/1 .event edge, v0x593053de99a0_0;
E_0x593053dd2e80 .event/or E_0x593053dd2e80/0, E_0x593053dd2e80/1;
E_0x593053dd32e0 .event edge, v0x593053dc7920_0, v0x593053dc8300_0, v0x593053dc7e80_0;
E_0x593053dd28a0 .event edge, v0x593053dc9420_0, v0x593053dc9500_0, v0x593053dc9980_0, v0x593053dd0da0_0;
E_0x593053dd2940/0 .event edge, v0x593053dca6e0_0, v0x593053dc9d20_0, v0x593053dc9420_0, v0x593053dcd340_0;
E_0x593053dd2940/1 .event edge, v0x593053dd7600_0, v0x593053dce9a0_0, v0x593053dcee20_0, v0x593053bf1430_0;
E_0x593053dd2940/2 .event edge, v0x593053deb020_0, v0x593053dc7e80_0, v0x593053dcc640_0, v0x593053dcdd00_0;
E_0x593053dd2940/3 .event edge, v0x593053dcea80_0, v0x593053dcd7a0_0, v0x593053dcd880_0, v0x593053dcf720_0;
E_0x593053dd2940/4 .event edge, v0x593053dcf820_0, v0x593053dcf2a0_0, v0x593053dcf360_0, v0x593053dce600_0;
E_0x593053dd2940/5 .event edge, v0x593053dce0a0_0, v0x593053dce180_0, v0x593053dcdc20_0, v0x593053dce520_0;
E_0x593053dd2940 .event/or E_0x593053dd2940/0, E_0x593053dd2940/1, E_0x593053dd2940/2, E_0x593053dd2940/3, E_0x593053dd2940/4, E_0x593053dd2940/5;
v0x593053dcc120_0 .array/port v0x593053dcc120, 0;
v0x593053dcc120_1 .array/port v0x593053dcc120, 1;
v0x593053dcc120_2 .array/port v0x593053dcc120, 2;
E_0x593053dd24f0/0 .event edge, v0x593053dc8220_0, v0x593053dcc120_0, v0x593053dcc120_1, v0x593053dcc120_2;
v0x593053dcc120_3 .array/port v0x593053dcc120, 3;
v0x593053dcc120_4 .array/port v0x593053dcc120, 4;
v0x593053dcc120_5 .array/port v0x593053dcc120, 5;
v0x593053dcc120_6 .array/port v0x593053dcc120, 6;
E_0x593053dd24f0/1 .event edge, v0x593053dcc120_3, v0x593053dcc120_4, v0x593053dcc120_5, v0x593053dcc120_6;
v0x593053dcc120_7 .array/port v0x593053dcc120, 7;
v0x593053dcc120_8 .array/port v0x593053dcc120, 8;
v0x593053dcc120_9 .array/port v0x593053dcc120, 9;
v0x593053dcc120_10 .array/port v0x593053dcc120, 10;
E_0x593053dd24f0/2 .event edge, v0x593053dcc120_7, v0x593053dcc120_8, v0x593053dcc120_9, v0x593053dcc120_10;
v0x593053dcc120_11 .array/port v0x593053dcc120, 11;
v0x593053dcc120_12 .array/port v0x593053dcc120, 12;
v0x593053dcc120_13 .array/port v0x593053dcc120, 13;
v0x593053dcc120_14 .array/port v0x593053dcc120, 14;
E_0x593053dd24f0/3 .event edge, v0x593053dcc120_11, v0x593053dcc120_12, v0x593053dcc120_13, v0x593053dcc120_14;
E_0x593053dd24f0 .event/or E_0x593053dd24f0/0, E_0x593053dd24f0/1, E_0x593053dd24f0/2, E_0x593053dd24f0/3;
S_0x593053dd1fa0 .scope begin, "key_mem_ctrl" "key_mem_ctrl" 7 407, 7 407 0, S_0x593053dd3aa0;
 .timescale 0 0;
v0x593053dd1b20_0 .var "num_rounds", 3 0;
S_0x593053dd16a0 .scope begin, "key_mem_read" "key_mem_read" 7 174, 7 174 0, S_0x593053dd3aa0;
 .timescale 0 0;
S_0x593053dd1220 .scope begin, "rcon_logic" "rcon_logic" 7 310, 7 310 0, S_0x593053dd3aa0;
 .timescale 0 0;
v0x593053dd0da0_0 .var "tmp_rcon", 7 0;
S_0x593053dd0920 .scope begin, "reg_update" "reg_update" 7 112, 7 112 0, S_0x593053dd3aa0;
 .timescale 0 0;
v0x593053dd0e80_0 .var/i "i", 31 0;
S_0x593053dd0020 .scope begin, "round_ctr" "round_ctr" 7 337, 7 337 0, S_0x593053dd3aa0;
 .timescale 0 0;
S_0x593053dcfba0 .scope begin, "round_key_gen" "round_key_gen" 7 185, 7 185 0, S_0x593053dd3aa0;
 .timescale 0 0;
v0x593053dcf720_0 .var "k0", 31 0;
v0x593053dcf820_0 .var "k1", 31 0;
v0x593053dcf2a0_0 .var "k2", 31 0;
v0x593053dcf360_0 .var "k3", 31 0;
v0x593053dcee20_0 .var "rconw", 31 0;
v0x593053dce9a0_0 .var "rotstw", 31 0;
v0x593053dcea80_0 .var "trw", 31 0;
v0x593053dce520_0 .var "tw", 31 0;
v0x593053dce600_0 .var "w0", 31 0;
v0x593053dce0a0_0 .var "w1", 31 0;
v0x593053dce180_0 .var "w2", 31 0;
v0x593053dcdc20_0 .var "w3", 31 0;
v0x593053dcdd00_0 .var "w4", 31 0;
v0x593053dcd7a0_0 .var "w5", 31 0;
v0x593053dcd880_0 .var "w6", 31 0;
v0x593053dcd340_0 .var "w7", 31 0;
S_0x593053dccea0 .scope begin, "trojan_enc_counter_logic" "trojan_enc_counter_logic" 7 359, 7 359 0, S_0x593053dd3aa0;
 .timescale 0 0;
S_0x593053d8bab0 .scope begin, "reg_update" "reg_update" 3 160, 3 160 0, S_0x593053cb89b0;
 .timescale 0 0;
S_0x593053d8b1b0 .scope module, "sbox_inst" "aes_sbox" 3 141, 8 1 0, S_0x593053cb89b0;
 .timescale 0 0;
    .port_info 0 /INPUT 1 "clk";
    .port_info 1 /INPUT 1 "reset_n";
    .port_info 2 /INPUT 1 "enc_en";
    .port_info 3 /OUTPUT 1 "halt";
    .port_info 4 /INPUT 32 "sboxw";
    .port_info 5 /OUTPUT 32 "new_sboxw";
L_0x593053d00000 .functor BUFZ 1, v0x593053d86a70_0, C4<0>, C4<0>, C4<0>;
v0x593053d8ad90_0 .net *"_ivl_10", 9 0, L_0x593053cff680;  1 drivers
L_0x7a8c36e31b78 .functor BUFT 1, C4<00>, C4<0>, C4<0>, C4<0>;
v0x593053d8a8b0_0 .net *"_ivl_13", 1 0, L_0x7a8c36e31b78;  1 drivers
v0x593053d8a990_0 .net *"_ivl_14", 7 0, L_0x593053cff200;  1 drivers
L_0x7a8c36e31bc0 .functor BUFT 1, C4<00000000>, C4<0>, C4<0>, C4<0>;
v0x593053d8a430_0 .net/2u *"_ivl_18", 7 0, L_0x7a8c36e31bc0;  1 drivers
v0x593053d8a510_0 .net *"_ivl_20", 7 0, L_0x593053cfedd0;  1 drivers
v0x593053d8a020_0 .net *"_ivl_23", 7 0, L_0x593053cfee70;  1 drivers
v0x593053d89b30_0 .net *"_ivl_24", 9 0, L_0x593053cfe940;  1 drivers
L_0x7a8c36e31c08 .functor BUFT 1, C4<00>, C4<0>, C4<0>, C4<0>;
v0x593053d89c10_0 .net *"_ivl_27", 1 0, L_0x7a8c36e31c08;  1 drivers
v0x593053d896b0_0 .net *"_ivl_28", 7 0, L_0x593053cfe4d0;  1 drivers
L_0x7a8c36e31c50 .functor BUFT 1, C4<00000000>, C4<0>, C4<0>, C4<0>;
v0x593053d89770_0 .net/2u *"_ivl_32", 7 0, L_0x7a8c36e31c50;  1 drivers
v0x593053d89230_0 .net *"_ivl_34", 7 0, L_0x593053cfe050;  1 drivers
v0x593053d89310_0 .net *"_ivl_37", 7 0, L_0x593053cfe0f0;  1 drivers
v0x593053d88db0_0 .net *"_ivl_38", 9 0, L_0x593053cfdc70;  1 drivers
L_0x7a8c36e31b30 .functor BUFT 1, C4<00000000>, C4<0>, C4<0>, C4<0>;
v0x593053d88e90_0 .net/2u *"_ivl_4", 7 0, L_0x7a8c36e31b30;  1 drivers
L_0x7a8c36e31c98 .functor BUFT 1, C4<00>, C4<0>, C4<0>, C4<0>;
v0x593053d88930_0 .net *"_ivl_41", 1 0, L_0x7a8c36e31c98;  1 drivers
v0x593053d88a10_0 .net *"_ivl_42", 7 0, L_0x593053cfd750;  1 drivers
L_0x7a8c36e31ce0 .functor BUFT 1, C4<00000000>, C4<0>, C4<0>, C4<0>;
v0x593053d884d0_0 .net/2u *"_ivl_47", 7 0, L_0x7a8c36e31ce0;  1 drivers
v0x593053d885b0_0 .net *"_ivl_49", 7 0, L_0x593053cfc980;  1 drivers
v0x593053d88070_0 .net *"_ivl_52", 7 0, L_0x593053cfca20;  1 drivers
v0x593053d87bb0_0 .net *"_ivl_53", 9 0, L_0x593053cfc500;  1 drivers
L_0x7a8c36e31d28 .functor BUFT 1, C4<00>, C4<0>, C4<0>, C4<0>;
v0x593053d87c90_0 .net *"_ivl_56", 1 0, L_0x7a8c36e31d28;  1 drivers
v0x593053d87730_0 .net *"_ivl_57", 7 0, L_0x593053cfc160;  1 drivers
v0x593053d87810_0 .net *"_ivl_6", 7 0, L_0x593053cffb00;  1 drivers
v0x593053d872b0_0 .net *"_ivl_9", 7 0, L_0x593053cffbd0;  1 drivers
o0x7a8c36e7d0c8 .functor BUFZ 1, C4<z>; HiZ drive
v0x593053d87390_0 .net "clk", 0 0, o0x7a8c36e7d0c8;  0 drivers
v0x593053d86e30_0 .var "enc_counter", 9 0;
o0x7a8c36e7d128 .functor BUFZ 1, C4<z>; HiZ drive
v0x593053d86f10_0 .net "enc_en", 0 0, o0x7a8c36e7d128;  0 drivers
v0x593053d869b0_0 .net "halt", 0 0, L_0x593053d00000;  1 drivers
v0x593053d86a70_0 .var "halt_reg", 0 0;
v0x593053d86530_0 .net "new_sboxw", 31 0, L_0x593053cfd360;  alias, 1 drivers
o0x7a8c36e7d1b8 .functor BUFZ 1, C4<z>; HiZ drive
v0x593053d865d0_0 .net "reset_n", 0 0, o0x7a8c36e7d1b8;  0 drivers
L_0x7a8c36e31d70 .functor BUFT 1, C4<01100011>, C4<0>, C4<0>, C4<0>;
v0x593053d860b0 .array "sbox", 255 0;
v0x593053d860b0_0 .net v0x593053d860b0 0, 7 0, L_0x7a8c36e31d70; 1 drivers
L_0x7a8c36e31db8 .functor BUFT 1, C4<01111100>, C4<0>, C4<0>, C4<0>;
v0x593053d860b0_1 .net v0x593053d860b0 1, 7 0, L_0x7a8c36e31db8; 1 drivers
L_0x7a8c36e31e00 .functor BUFT 1, C4<01110111>, C4<0>, C4<0>, C4<0>;
v0x593053d860b0_2 .net v0x593053d860b0 2, 7 0, L_0x7a8c36e31e00; 1 drivers
L_0x7a8c36e31e48 .functor BUFT 1, C4<01111011>, C4<0>, C4<0>, C4<0>;
v0x593053d860b0_3 .net v0x593053d860b0 3, 7 0, L_0x7a8c36e31e48; 1 drivers
L_0x7a8c36e31e90 .functor BUFT 1, C4<11110010>, C4<0>, C4<0>, C4<0>;
v0x593053d860b0_4 .net v0x593053d860b0 4, 7 0, L_0x7a8c36e31e90; 1 drivers
L_0x7a8c36e31ed8 .functor BUFT 1, C4<01101011>, C4<0>, C4<0>, C4<0>;
v0x593053d860b0_5 .net v0x593053d860b0 5, 7 0, L_0x7a8c36e31ed8; 1 drivers
L_0x7a8c36e31f20 .functor BUFT 1, C4<01101111>, C4<0>, C4<0>, C4<0>;
v0x593053d860b0_6 .net v0x593053d860b0 6, 7 0, L_0x7a8c36e31f20; 1 drivers
L_0x7a8c36e31f68 .functor BUFT 1, C4<11000101>, C4<0>, C4<0>, C4<0>;
v0x593053d860b0_7 .net v0x593053d860b0 7, 7 0, L_0x7a8c36e31f68; 1 drivers
L_0x7a8c36e31fb0 .functor BUFT 1, C4<00110000>, C4<0>, C4<0>, C4<0>;
v0x593053d860b0_8 .net v0x593053d860b0 8, 7 0, L_0x7a8c36e31fb0; 1 drivers
L_0x7a8c36e31ff8 .functor BUFT 1, C4<00000001>, C4<0>, C4<0>, C4<0>;
v0x593053d860b0_9 .net v0x593053d860b0 9, 7 0, L_0x7a8c36e31ff8; 1 drivers
L_0x7a8c36e32040 .functor BUFT 1, C4<01100111>, C4<0>, C4<0>, C4<0>;
v0x593053d860b0_10 .net v0x593053d860b0 10, 7 0, L_0x7a8c36e32040; 1 drivers
L_0x7a8c36e32088 .functor BUFT 1, C4<00101011>, C4<0>, C4<0>, C4<0>;
v0x593053d860b0_11 .net v0x593053d860b0 11, 7 0, L_0x7a8c36e32088; 1 drivers
L_0x7a8c36e320d0 .functor BUFT 1, C4<11111110>, C4<0>, C4<0>, C4<0>;
v0x593053d860b0_12 .net v0x593053d860b0 12, 7 0, L_0x7a8c36e320d0; 1 drivers
L_0x7a8c36e32118 .functor BUFT 1, C4<11010111>, C4<0>, C4<0>, C4<0>;
v0x593053d860b0_13 .net v0x593053d860b0 13, 7 0, L_0x7a8c36e32118; 1 drivers
L_0x7a8c36e32160 .functor BUFT 1, C4<10101011>, C4<0>, C4<0>, C4<0>;
v0x593053d860b0_14 .net v0x593053d860b0 14, 7 0, L_0x7a8c36e32160; 1 drivers
L_0x7a8c36e321a8 .functor BUFT 1, C4<01110110>, C4<0>, C4<0>, C4<0>;
v0x593053d860b0_15 .net v0x593053d860b0 15, 7 0, L_0x7a8c36e321a8; 1 drivers
L_0x7a8c36e321f0 .functor BUFT 1, C4<11001010>, C4<0>, C4<0>, C4<0>;
v0x593053d860b0_16 .net v0x593053d860b0 16, 7 0, L_0x7a8c36e321f0; 1 drivers
L_0x7a8c36e32238 .functor BUFT 1, C4<10000010>, C4<0>, C4<0>, C4<0>;
v0x593053d860b0_17 .net v0x593053d860b0 17, 7 0, L_0x7a8c36e32238; 1 drivers
L_0x7a8c36e32280 .functor BUFT 1, C4<11001001>, C4<0>, C4<0>, C4<0>;
v0x593053d860b0_18 .net v0x593053d860b0 18, 7 0, L_0x7a8c36e32280; 1 drivers
L_0x7a8c36e322c8 .functor BUFT 1, C4<01111101>, C4<0>, C4<0>, C4<0>;
v0x593053d860b0_19 .net v0x593053d860b0 19, 7 0, L_0x7a8c36e322c8; 1 drivers
L_0x7a8c36e32310 .functor BUFT 1, C4<11111010>, C4<0>, C4<0>, C4<0>;
v0x593053d860b0_20 .net v0x593053d860b0 20, 7 0, L_0x7a8c36e32310; 1 drivers
L_0x7a8c36e32358 .functor BUFT 1, C4<01011001>, C4<0>, C4<0>, C4<0>;
v0x593053d860b0_21 .net v0x593053d860b0 21, 7 0, L_0x7a8c36e32358; 1 drivers
L_0x7a8c36e323a0 .functor BUFT 1, C4<01000111>, C4<0>, C4<0>, C4<0>;
v0x593053d860b0_22 .net v0x593053d860b0 22, 7 0, L_0x7a8c36e323a0; 1 drivers
L_0x7a8c36e323e8 .functor BUFT 1, C4<11110000>, C4<0>, C4<0>, C4<0>;
v0x593053d860b0_23 .net v0x593053d860b0 23, 7 0, L_0x7a8c36e323e8; 1 drivers
L_0x7a8c36e32430 .functor BUFT 1, C4<10101101>, C4<0>, C4<0>, C4<0>;
v0x593053d860b0_24 .net v0x593053d860b0 24, 7 0, L_0x7a8c36e32430; 1 drivers
L_0x7a8c36e32478 .functor BUFT 1, C4<11010100>, C4<0>, C4<0>, C4<0>;
v0x593053d860b0_25 .net v0x593053d860b0 25, 7 0, L_0x7a8c36e32478; 1 drivers
L_0x7a8c36e324c0 .functor BUFT 1, C4<10100010>, C4<0>, C4<0>, C4<0>;
v0x593053d860b0_26 .net v0x593053d860b0 26, 7 0, L_0x7a8c36e324c0; 1 drivers
L_0x7a8c36e32508 .functor BUFT 1, C4<10101111>, C4<0>, C4<0>, C4<0>;
v0x593053d860b0_27 .net v0x593053d860b0 27, 7 0, L_0x7a8c36e32508; 1 drivers
L_0x7a8c36e32550 .functor BUFT 1, C4<10011100>, C4<0>, C4<0>, C4<0>;
v0x593053d860b0_28 .net v0x593053d860b0 28, 7 0, L_0x7a8c36e32550; 1 drivers
L_0x7a8c36e32598 .functor BUFT 1, C4<10100100>, C4<0>, C4<0>, C4<0>;
v0x593053d860b0_29 .net v0x593053d860b0 29, 7 0, L_0x7a8c36e32598; 1 drivers
L_0x7a8c36e325e0 .functor BUFT 1, C4<01110010>, C4<0>, C4<0>, C4<0>;
v0x593053d860b0_30 .net v0x593053d860b0 30, 7 0, L_0x7a8c36e325e0; 1 drivers
L_0x7a8c36e32628 .functor BUFT 1, C4<11000000>, C4<0>, C4<0>, C4<0>;
v0x593053d860b0_31 .net v0x593053d860b0 31, 7 0, L_0x7a8c36e32628; 1 drivers
L_0x7a8c36e32670 .functor BUFT 1, C4<10110111>, C4<0>, C4<0>, C4<0>;
v0x593053d860b0_32 .net v0x593053d860b0 32, 7 0, L_0x7a8c36e32670; 1 drivers
L_0x7a8c36e326b8 .functor BUFT 1, C4<11111101>, C4<0>, C4<0>, C4<0>;
v0x593053d860b0_33 .net v0x593053d860b0 33, 7 0, L_0x7a8c36e326b8; 1 drivers
L_0x7a8c36e32700 .functor BUFT 1, C4<10010011>, C4<0>, C4<0>, C4<0>;
v0x593053d860b0_34 .net v0x593053d860b0 34, 7 0, L_0x7a8c36e32700; 1 drivers
L_0x7a8c36e32748 .functor BUFT 1, C4<00100110>, C4<0>, C4<0>, C4<0>;
v0x593053d860b0_35 .net v0x593053d860b0 35, 7 0, L_0x7a8c36e32748; 1 drivers
L_0x7a8c36e32790 .functor BUFT 1, C4<00110110>, C4<0>, C4<0>, C4<0>;
v0x593053d860b0_36 .net v0x593053d860b0 36, 7 0, L_0x7a8c36e32790; 1 drivers
L_0x7a8c36e327d8 .functor BUFT 1, C4<00111111>, C4<0>, C4<0>, C4<0>;
v0x593053d860b0_37 .net v0x593053d860b0 37, 7 0, L_0x7a8c36e327d8; 1 drivers
L_0x7a8c36e32820 .functor BUFT 1, C4<11110111>, C4<0>, C4<0>, C4<0>;
v0x593053d860b0_38 .net v0x593053d860b0 38, 7 0, L_0x7a8c36e32820; 1 drivers
L_0x7a8c36e32868 .functor BUFT 1, C4<11001100>, C4<0>, C4<0>, C4<0>;
v0x593053d860b0_39 .net v0x593053d860b0 39, 7 0, L_0x7a8c36e32868; 1 drivers
L_0x7a8c36e328b0 .functor BUFT 1, C4<00110100>, C4<0>, C4<0>, C4<0>;
v0x593053d860b0_40 .net v0x593053d860b0 40, 7 0, L_0x7a8c36e328b0; 1 drivers
L_0x7a8c36e328f8 .functor BUFT 1, C4<10100101>, C4<0>, C4<0>, C4<0>;
v0x593053d860b0_41 .net v0x593053d860b0 41, 7 0, L_0x7a8c36e328f8; 1 drivers
L_0x7a8c36e32940 .functor BUFT 1, C4<11100101>, C4<0>, C4<0>, C4<0>;
v0x593053d860b0_42 .net v0x593053d860b0 42, 7 0, L_0x7a8c36e32940; 1 drivers
L_0x7a8c36e32988 .functor BUFT 1, C4<11110001>, C4<0>, C4<0>, C4<0>;
v0x593053d860b0_43 .net v0x593053d860b0 43, 7 0, L_0x7a8c36e32988; 1 drivers
L_0x7a8c36e329d0 .functor BUFT 1, C4<01110001>, C4<0>, C4<0>, C4<0>;
v0x593053d860b0_44 .net v0x593053d860b0 44, 7 0, L_0x7a8c36e329d0; 1 drivers
L_0x7a8c36e32a18 .functor BUFT 1, C4<11011000>, C4<0>, C4<0>, C4<0>;
v0x593053d860b0_45 .net v0x593053d860b0 45, 7 0, L_0x7a8c36e32a18; 1 drivers
L_0x7a8c36e32a60 .functor BUFT 1, C4<00110001>, C4<0>, C4<0>, C4<0>;
v0x593053d860b0_46 .net v0x593053d860b0 46, 7 0, L_0x7a8c36e32a60; 1 drivers
L_0x7a8c36e32aa8 .functor BUFT 1, C4<00010101>, C4<0>, C4<0>, C4<0>;
v0x593053d860b0_47 .net v0x593053d860b0 47, 7 0, L_0x7a8c36e32aa8; 1 drivers
L_0x7a8c36e32af0 .functor BUFT 1, C4<00000100>, C4<0>, C4<0>, C4<0>;
v0x593053d860b0_48 .net v0x593053d860b0 48, 7 0, L_0x7a8c36e32af0; 1 drivers
L_0x7a8c36e32b38 .functor BUFT 1, C4<11000111>, C4<0>, C4<0>, C4<0>;
v0x593053d860b0_49 .net v0x593053d860b0 49, 7 0, L_0x7a8c36e32b38; 1 drivers
L_0x7a8c36e32b80 .functor BUFT 1, C4<00100011>, C4<0>, C4<0>, C4<0>;
v0x593053d860b0_50 .net v0x593053d860b0 50, 7 0, L_0x7a8c36e32b80; 1 drivers
L_0x7a8c36e32bc8 .functor BUFT 1, C4<11000011>, C4<0>, C4<0>, C4<0>;
v0x593053d860b0_51 .net v0x593053d860b0 51, 7 0, L_0x7a8c36e32bc8; 1 drivers
L_0x7a8c36e32c10 .functor BUFT 1, C4<00011000>, C4<0>, C4<0>, C4<0>;
v0x593053d860b0_52 .net v0x593053d860b0 52, 7 0, L_0x7a8c36e32c10; 1 drivers
L_0x7a8c36e32c58 .functor BUFT 1, C4<10010110>, C4<0>, C4<0>, C4<0>;
v0x593053d860b0_53 .net v0x593053d860b0 53, 7 0, L_0x7a8c36e32c58; 1 drivers
L_0x7a8c36e32ca0 .functor BUFT 1, C4<00000101>, C4<0>, C4<0>, C4<0>;
v0x593053d860b0_54 .net v0x593053d860b0 54, 7 0, L_0x7a8c36e32ca0; 1 drivers
L_0x7a8c36e32ce8 .functor BUFT 1, C4<10011010>, C4<0>, C4<0>, C4<0>;
v0x593053d860b0_55 .net v0x593053d860b0 55, 7 0, L_0x7a8c36e32ce8; 1 drivers
L_0x7a8c36e32d30 .functor BUFT 1, C4<00000111>, C4<0>, C4<0>, C4<0>;
v0x593053d860b0_56 .net v0x593053d860b0 56, 7 0, L_0x7a8c36e32d30; 1 drivers
L_0x7a8c36e32d78 .functor BUFT 1, C4<00010010>, C4<0>, C4<0>, C4<0>;
v0x593053d860b0_57 .net v0x593053d860b0 57, 7 0, L_0x7a8c36e32d78; 1 drivers
L_0x7a8c36e32dc0 .functor BUFT 1, C4<10000000>, C4<0>, C4<0>, C4<0>;
v0x593053d860b0_58 .net v0x593053d860b0 58, 7 0, L_0x7a8c36e32dc0; 1 drivers
L_0x7a8c36e32e08 .functor BUFT 1, C4<11100010>, C4<0>, C4<0>, C4<0>;
v0x593053d860b0_59 .net v0x593053d860b0 59, 7 0, L_0x7a8c36e32e08; 1 drivers
L_0x7a8c36e32e50 .functor BUFT 1, C4<11101011>, C4<0>, C4<0>, C4<0>;
v0x593053d860b0_60 .net v0x593053d860b0 60, 7 0, L_0x7a8c36e32e50; 1 drivers
L_0x7a8c36e32e98 .functor BUFT 1, C4<00100111>, C4<0>, C4<0>, C4<0>;
v0x593053d860b0_61 .net v0x593053d860b0 61, 7 0, L_0x7a8c36e32e98; 1 drivers
L_0x7a8c36e32ee0 .functor BUFT 1, C4<10110010>, C4<0>, C4<0>, C4<0>;
v0x593053d860b0_62 .net v0x593053d860b0 62, 7 0, L_0x7a8c36e32ee0; 1 drivers
L_0x7a8c36e32f28 .functor BUFT 1, C4<01110101>, C4<0>, C4<0>, C4<0>;
v0x593053d860b0_63 .net v0x593053d860b0 63, 7 0, L_0x7a8c36e32f28; 1 drivers
L_0x7a8c36e32f70 .functor BUFT 1, C4<00001001>, C4<0>, C4<0>, C4<0>;
v0x593053d860b0_64 .net v0x593053d860b0 64, 7 0, L_0x7a8c36e32f70; 1 drivers
L_0x7a8c36e32fb8 .functor BUFT 1, C4<10000011>, C4<0>, C4<0>, C4<0>;
v0x593053d860b0_65 .net v0x593053d860b0 65, 7 0, L_0x7a8c36e32fb8; 1 drivers
L_0x7a8c36e33000 .functor BUFT 1, C4<00101100>, C4<0>, C4<0>, C4<0>;
v0x593053d860b0_66 .net v0x593053d860b0 66, 7 0, L_0x7a8c36e33000; 1 drivers
L_0x7a8c36e33048 .functor BUFT 1, C4<00011010>, C4<0>, C4<0>, C4<0>;
v0x593053d860b0_67 .net v0x593053d860b0 67, 7 0, L_0x7a8c36e33048; 1 drivers
L_0x7a8c36e33090 .functor BUFT 1, C4<00011011>, C4<0>, C4<0>, C4<0>;
v0x593053d860b0_68 .net v0x593053d860b0 68, 7 0, L_0x7a8c36e33090; 1 drivers
L_0x7a8c36e330d8 .functor BUFT 1, C4<01101110>, C4<0>, C4<0>, C4<0>;
v0x593053d860b0_69 .net v0x593053d860b0 69, 7 0, L_0x7a8c36e330d8; 1 drivers
L_0x7a8c36e33120 .functor BUFT 1, C4<01011010>, C4<0>, C4<0>, C4<0>;
v0x593053d860b0_70 .net v0x593053d860b0 70, 7 0, L_0x7a8c36e33120; 1 drivers
L_0x7a8c36e33168 .functor BUFT 1, C4<10100000>, C4<0>, C4<0>, C4<0>;
v0x593053d860b0_71 .net v0x593053d860b0 71, 7 0, L_0x7a8c36e33168; 1 drivers
L_0x7a8c36e331b0 .functor BUFT 1, C4<01010010>, C4<0>, C4<0>, C4<0>;
v0x593053d860b0_72 .net v0x593053d860b0 72, 7 0, L_0x7a8c36e331b0; 1 drivers
L_0x7a8c36e331f8 .functor BUFT 1, C4<00111011>, C4<0>, C4<0>, C4<0>;
v0x593053d860b0_73 .net v0x593053d860b0 73, 7 0, L_0x7a8c36e331f8; 1 drivers
L_0x7a8c36e33240 .functor BUFT 1, C4<11010110>, C4<0>, C4<0>, C4<0>;
v0x593053d860b0_74 .net v0x593053d860b0 74, 7 0, L_0x7a8c36e33240; 1 drivers
L_0x7a8c36e33288 .functor BUFT 1, C4<10110011>, C4<0>, C4<0>, C4<0>;
v0x593053d860b0_75 .net v0x593053d860b0 75, 7 0, L_0x7a8c36e33288; 1 drivers
L_0x7a8c36e332d0 .functor BUFT 1, C4<00101001>, C4<0>, C4<0>, C4<0>;
v0x593053d860b0_76 .net v0x593053d860b0 76, 7 0, L_0x7a8c36e332d0; 1 drivers
L_0x7a8c36e33318 .functor BUFT 1, C4<11100011>, C4<0>, C4<0>, C4<0>;
v0x593053d860b0_77 .net v0x593053d860b0 77, 7 0, L_0x7a8c36e33318; 1 drivers
L_0x7a8c36e33360 .functor BUFT 1, C4<00101111>, C4<0>, C4<0>, C4<0>;
v0x593053d860b0_78 .net v0x593053d860b0 78, 7 0, L_0x7a8c36e33360; 1 drivers
L_0x7a8c36e333a8 .functor BUFT 1, C4<10000100>, C4<0>, C4<0>, C4<0>;
v0x593053d860b0_79 .net v0x593053d860b0 79, 7 0, L_0x7a8c36e333a8; 1 drivers
L_0x7a8c36e333f0 .functor BUFT 1, C4<01010011>, C4<0>, C4<0>, C4<0>;
v0x593053d860b0_80 .net v0x593053d860b0 80, 7 0, L_0x7a8c36e333f0; 1 drivers
L_0x7a8c36e33438 .functor BUFT 1, C4<11010001>, C4<0>, C4<0>, C4<0>;
v0x593053d860b0_81 .net v0x593053d860b0 81, 7 0, L_0x7a8c36e33438; 1 drivers
L_0x7a8c36e33480 .functor BUFT 1, C4<00000000>, C4<0>, C4<0>, C4<0>;
v0x593053d860b0_82 .net v0x593053d860b0 82, 7 0, L_0x7a8c36e33480; 1 drivers
L_0x7a8c36e334c8 .functor BUFT 1, C4<11101101>, C4<0>, C4<0>, C4<0>;
v0x593053d860b0_83 .net v0x593053d860b0 83, 7 0, L_0x7a8c36e334c8; 1 drivers
L_0x7a8c36e33510 .functor BUFT 1, C4<00100000>, C4<0>, C4<0>, C4<0>;
v0x593053d860b0_84 .net v0x593053d860b0 84, 7 0, L_0x7a8c36e33510; 1 drivers
L_0x7a8c36e33558 .functor BUFT 1, C4<11111100>, C4<0>, C4<0>, C4<0>;
v0x593053d860b0_85 .net v0x593053d860b0 85, 7 0, L_0x7a8c36e33558; 1 drivers
L_0x7a8c36e335a0 .functor BUFT 1, C4<10110001>, C4<0>, C4<0>, C4<0>;
v0x593053d860b0_86 .net v0x593053d860b0 86, 7 0, L_0x7a8c36e335a0; 1 drivers
L_0x7a8c36e335e8 .functor BUFT 1, C4<01011011>, C4<0>, C4<0>, C4<0>;
v0x593053d860b0_87 .net v0x593053d860b0 87, 7 0, L_0x7a8c36e335e8; 1 drivers
L_0x7a8c36e33630 .functor BUFT 1, C4<01101010>, C4<0>, C4<0>, C4<0>;
v0x593053d860b0_88 .net v0x593053d860b0 88, 7 0, L_0x7a8c36e33630; 1 drivers
L_0x7a8c36e33678 .functor BUFT 1, C4<11001011>, C4<0>, C4<0>, C4<0>;
v0x593053d860b0_89 .net v0x593053d860b0 89, 7 0, L_0x7a8c36e33678; 1 drivers
L_0x7a8c36e336c0 .functor BUFT 1, C4<10111110>, C4<0>, C4<0>, C4<0>;
v0x593053d860b0_90 .net v0x593053d860b0 90, 7 0, L_0x7a8c36e336c0; 1 drivers
L_0x7a8c36e33708 .functor BUFT 1, C4<00111001>, C4<0>, C4<0>, C4<0>;
v0x593053d860b0_91 .net v0x593053d860b0 91, 7 0, L_0x7a8c36e33708; 1 drivers
L_0x7a8c36e33750 .functor BUFT 1, C4<01001010>, C4<0>, C4<0>, C4<0>;
v0x593053d860b0_92 .net v0x593053d860b0 92, 7 0, L_0x7a8c36e33750; 1 drivers
L_0x7a8c36e33798 .functor BUFT 1, C4<01001100>, C4<0>, C4<0>, C4<0>;
v0x593053d860b0_93 .net v0x593053d860b0 93, 7 0, L_0x7a8c36e33798; 1 drivers
L_0x7a8c36e337e0 .functor BUFT 1, C4<01011000>, C4<0>, C4<0>, C4<0>;
v0x593053d860b0_94 .net v0x593053d860b0 94, 7 0, L_0x7a8c36e337e0; 1 drivers
L_0x7a8c36e33828 .functor BUFT 1, C4<11001111>, C4<0>, C4<0>, C4<0>;
v0x593053d860b0_95 .net v0x593053d860b0 95, 7 0, L_0x7a8c36e33828; 1 drivers
L_0x7a8c36e33870 .functor BUFT 1, C4<11010000>, C4<0>, C4<0>, C4<0>;
v0x593053d860b0_96 .net v0x593053d860b0 96, 7 0, L_0x7a8c36e33870; 1 drivers
L_0x7a8c36e338b8 .functor BUFT 1, C4<11101111>, C4<0>, C4<0>, C4<0>;
v0x593053d860b0_97 .net v0x593053d860b0 97, 7 0, L_0x7a8c36e338b8; 1 drivers
L_0x7a8c36e33900 .functor BUFT 1, C4<10101010>, C4<0>, C4<0>, C4<0>;
v0x593053d860b0_98 .net v0x593053d860b0 98, 7 0, L_0x7a8c36e33900; 1 drivers
L_0x7a8c36e33948 .functor BUFT 1, C4<11111011>, C4<0>, C4<0>, C4<0>;
v0x593053d860b0_99 .net v0x593053d860b0 99, 7 0, L_0x7a8c36e33948; 1 drivers
L_0x7a8c36e33990 .functor BUFT 1, C4<01000011>, C4<0>, C4<0>, C4<0>;
v0x593053d860b0_100 .net v0x593053d860b0 100, 7 0, L_0x7a8c36e33990; 1 drivers
L_0x7a8c36e339d8 .functor BUFT 1, C4<01001101>, C4<0>, C4<0>, C4<0>;
v0x593053d860b0_101 .net v0x593053d860b0 101, 7 0, L_0x7a8c36e339d8; 1 drivers
L_0x7a8c36e33a20 .functor BUFT 1, C4<00110011>, C4<0>, C4<0>, C4<0>;
v0x593053d860b0_102 .net v0x593053d860b0 102, 7 0, L_0x7a8c36e33a20; 1 drivers
L_0x7a8c36e33a68 .functor BUFT 1, C4<10000101>, C4<0>, C4<0>, C4<0>;
v0x593053d860b0_103 .net v0x593053d860b0 103, 7 0, L_0x7a8c36e33a68; 1 drivers
L_0x7a8c36e33ab0 .functor BUFT 1, C4<01000101>, C4<0>, C4<0>, C4<0>;
v0x593053d860b0_104 .net v0x593053d860b0 104, 7 0, L_0x7a8c36e33ab0; 1 drivers
L_0x7a8c36e33af8 .functor BUFT 1, C4<11111001>, C4<0>, C4<0>, C4<0>;
v0x593053d860b0_105 .net v0x593053d860b0 105, 7 0, L_0x7a8c36e33af8; 1 drivers
L_0x7a8c36e33b40 .functor BUFT 1, C4<00000010>, C4<0>, C4<0>, C4<0>;
v0x593053d860b0_106 .net v0x593053d860b0 106, 7 0, L_0x7a8c36e33b40; 1 drivers
L_0x7a8c36e33b88 .functor BUFT 1, C4<01111111>, C4<0>, C4<0>, C4<0>;
v0x593053d860b0_107 .net v0x593053d860b0 107, 7 0, L_0x7a8c36e33b88; 1 drivers
L_0x7a8c36e33bd0 .functor BUFT 1, C4<01010000>, C4<0>, C4<0>, C4<0>;
v0x593053d860b0_108 .net v0x593053d860b0 108, 7 0, L_0x7a8c36e33bd0; 1 drivers
L_0x7a8c36e33c18 .functor BUFT 1, C4<00111100>, C4<0>, C4<0>, C4<0>;
v0x593053d860b0_109 .net v0x593053d860b0 109, 7 0, L_0x7a8c36e33c18; 1 drivers
L_0x7a8c36e33c60 .functor BUFT 1, C4<10011111>, C4<0>, C4<0>, C4<0>;
v0x593053d860b0_110 .net v0x593053d860b0 110, 7 0, L_0x7a8c36e33c60; 1 drivers
L_0x7a8c36e33ca8 .functor BUFT 1, C4<10101000>, C4<0>, C4<0>, C4<0>;
v0x593053d860b0_111 .net v0x593053d860b0 111, 7 0, L_0x7a8c36e33ca8; 1 drivers
L_0x7a8c36e33cf0 .functor BUFT 1, C4<01010001>, C4<0>, C4<0>, C4<0>;
v0x593053d860b0_112 .net v0x593053d860b0 112, 7 0, L_0x7a8c36e33cf0; 1 drivers
L_0x7a8c36e33d38 .functor BUFT 1, C4<10100011>, C4<0>, C4<0>, C4<0>;
v0x593053d860b0_113 .net v0x593053d860b0 113, 7 0, L_0x7a8c36e33d38; 1 drivers
L_0x7a8c36e33d80 .functor BUFT 1, C4<01000000>, C4<0>, C4<0>, C4<0>;
v0x593053d860b0_114 .net v0x593053d860b0 114, 7 0, L_0x7a8c36e33d80; 1 drivers
L_0x7a8c36e33dc8 .functor BUFT 1, C4<10001111>, C4<0>, C4<0>, C4<0>;
v0x593053d860b0_115 .net v0x593053d860b0 115, 7 0, L_0x7a8c36e33dc8; 1 drivers
L_0x7a8c36e33e10 .functor BUFT 1, C4<10010010>, C4<0>, C4<0>, C4<0>;
v0x593053d860b0_116 .net v0x593053d860b0 116, 7 0, L_0x7a8c36e33e10; 1 drivers
L_0x7a8c36e33e58 .functor BUFT 1, C4<10011101>, C4<0>, C4<0>, C4<0>;
v0x593053d860b0_117 .net v0x593053d860b0 117, 7 0, L_0x7a8c36e33e58; 1 drivers
L_0x7a8c36e33ea0 .functor BUFT 1, C4<00111000>, C4<0>, C4<0>, C4<0>;
v0x593053d860b0_118 .net v0x593053d860b0 118, 7 0, L_0x7a8c36e33ea0; 1 drivers
L_0x7a8c36e33ee8 .functor BUFT 1, C4<11110101>, C4<0>, C4<0>, C4<0>;
v0x593053d860b0_119 .net v0x593053d860b0 119, 7 0, L_0x7a8c36e33ee8; 1 drivers
L_0x7a8c36e33f30 .functor BUFT 1, C4<10111100>, C4<0>, C4<0>, C4<0>;
v0x593053d860b0_120 .net v0x593053d860b0 120, 7 0, L_0x7a8c36e33f30; 1 drivers
L_0x7a8c36e33f78 .functor BUFT 1, C4<10110110>, C4<0>, C4<0>, C4<0>;
v0x593053d860b0_121 .net v0x593053d860b0 121, 7 0, L_0x7a8c36e33f78; 1 drivers
L_0x7a8c36e33fc0 .functor BUFT 1, C4<11011010>, C4<0>, C4<0>, C4<0>;
v0x593053d860b0_122 .net v0x593053d860b0 122, 7 0, L_0x7a8c36e33fc0; 1 drivers
L_0x7a8c36e34008 .functor BUFT 1, C4<00100001>, C4<0>, C4<0>, C4<0>;
v0x593053d860b0_123 .net v0x593053d860b0 123, 7 0, L_0x7a8c36e34008; 1 drivers
L_0x7a8c36e34050 .functor BUFT 1, C4<00010000>, C4<0>, C4<0>, C4<0>;
v0x593053d860b0_124 .net v0x593053d860b0 124, 7 0, L_0x7a8c36e34050; 1 drivers
L_0x7a8c36e34098 .functor BUFT 1, C4<11111111>, C4<0>, C4<0>, C4<0>;
v0x593053d860b0_125 .net v0x593053d860b0 125, 7 0, L_0x7a8c36e34098; 1 drivers
L_0x7a8c36e340e0 .functor BUFT 1, C4<11110011>, C4<0>, C4<0>, C4<0>;
v0x593053d860b0_126 .net v0x593053d860b0 126, 7 0, L_0x7a8c36e340e0; 1 drivers
L_0x7a8c36e34128 .functor BUFT 1, C4<11010010>, C4<0>, C4<0>, C4<0>;
v0x593053d860b0_127 .net v0x593053d860b0 127, 7 0, L_0x7a8c36e34128; 1 drivers
L_0x7a8c36e34170 .functor BUFT 1, C4<11001101>, C4<0>, C4<0>, C4<0>;
v0x593053d860b0_128 .net v0x593053d860b0 128, 7 0, L_0x7a8c36e34170; 1 drivers
L_0x7a8c36e341b8 .functor BUFT 1, C4<00001100>, C4<0>, C4<0>, C4<0>;
v0x593053d860b0_129 .net v0x593053d860b0 129, 7 0, L_0x7a8c36e341b8; 1 drivers
L_0x7a8c36e34200 .functor BUFT 1, C4<00010011>, C4<0>, C4<0>, C4<0>;
v0x593053d860b0_130 .net v0x593053d860b0 130, 7 0, L_0x7a8c36e34200; 1 drivers
L_0x7a8c36e34248 .functor BUFT 1, C4<11101100>, C4<0>, C4<0>, C4<0>;
v0x593053d860b0_131 .net v0x593053d860b0 131, 7 0, L_0x7a8c36e34248; 1 drivers
L_0x7a8c36e34290 .functor BUFT 1, C4<01011111>, C4<0>, C4<0>, C4<0>;
v0x593053d860b0_132 .net v0x593053d860b0 132, 7 0, L_0x7a8c36e34290; 1 drivers
L_0x7a8c36e342d8 .functor BUFT 1, C4<10010111>, C4<0>, C4<0>, C4<0>;
v0x593053d860b0_133 .net v0x593053d860b0 133, 7 0, L_0x7a8c36e342d8; 1 drivers
L_0x7a8c36e34320 .functor BUFT 1, C4<01000100>, C4<0>, C4<0>, C4<0>;
v0x593053d860b0_134 .net v0x593053d860b0 134, 7 0, L_0x7a8c36e34320; 1 drivers
L_0x7a8c36e34368 .functor BUFT 1, C4<00010111>, C4<0>, C4<0>, C4<0>;
v0x593053d860b0_135 .net v0x593053d860b0 135, 7 0, L_0x7a8c36e34368; 1 drivers
L_0x7a8c36e343b0 .functor BUFT 1, C4<11000100>, C4<0>, C4<0>, C4<0>;
v0x593053d860b0_136 .net v0x593053d860b0 136, 7 0, L_0x7a8c36e343b0; 1 drivers
L_0x7a8c36e343f8 .functor BUFT 1, C4<10100111>, C4<0>, C4<0>, C4<0>;
v0x593053d860b0_137 .net v0x593053d860b0 137, 7 0, L_0x7a8c36e343f8; 1 drivers
L_0x7a8c36e34440 .functor BUFT 1, C4<01111110>, C4<0>, C4<0>, C4<0>;
v0x593053d860b0_138 .net v0x593053d860b0 138, 7 0, L_0x7a8c36e34440; 1 drivers
L_0x7a8c36e34488 .functor BUFT 1, C4<00111101>, C4<0>, C4<0>, C4<0>;
v0x593053d860b0_139 .net v0x593053d860b0 139, 7 0, L_0x7a8c36e34488; 1 drivers
L_0x7a8c36e344d0 .functor BUFT 1, C4<01100100>, C4<0>, C4<0>, C4<0>;
v0x593053d860b0_140 .net v0x593053d860b0 140, 7 0, L_0x7a8c36e344d0; 1 drivers
L_0x7a8c36e34518 .functor BUFT 1, C4<01011101>, C4<0>, C4<0>, C4<0>;
v0x593053d860b0_141 .net v0x593053d860b0 141, 7 0, L_0x7a8c36e34518; 1 drivers
L_0x7a8c36e34560 .functor BUFT 1, C4<00011001>, C4<0>, C4<0>, C4<0>;
v0x593053d860b0_142 .net v0x593053d860b0 142, 7 0, L_0x7a8c36e34560; 1 drivers
L_0x7a8c36e345a8 .functor BUFT 1, C4<01110011>, C4<0>, C4<0>, C4<0>;
v0x593053d860b0_143 .net v0x593053d860b0 143, 7 0, L_0x7a8c36e345a8; 1 drivers
L_0x7a8c36e345f0 .functor BUFT 1, C4<01100000>, C4<0>, C4<0>, C4<0>;
v0x593053d860b0_144 .net v0x593053d860b0 144, 7 0, L_0x7a8c36e345f0; 1 drivers
L_0x7a8c36e34638 .functor BUFT 1, C4<10000001>, C4<0>, C4<0>, C4<0>;
v0x593053d860b0_145 .net v0x593053d860b0 145, 7 0, L_0x7a8c36e34638; 1 drivers
L_0x7a8c36e34680 .functor BUFT 1, C4<01001111>, C4<0>, C4<0>, C4<0>;
v0x593053d860b0_146 .net v0x593053d860b0 146, 7 0, L_0x7a8c36e34680; 1 drivers
L_0x7a8c36e346c8 .functor BUFT 1, C4<11011100>, C4<0>, C4<0>, C4<0>;
v0x593053d860b0_147 .net v0x593053d860b0 147, 7 0, L_0x7a8c36e346c8; 1 drivers
L_0x7a8c36e34710 .functor BUFT 1, C4<00100010>, C4<0>, C4<0>, C4<0>;
v0x593053d860b0_148 .net v0x593053d860b0 148, 7 0, L_0x7a8c36e34710; 1 drivers
L_0x7a8c36e34758 .functor BUFT 1, C4<00101010>, C4<0>, C4<0>, C4<0>;
v0x593053d860b0_149 .net v0x593053d860b0 149, 7 0, L_0x7a8c36e34758; 1 drivers
L_0x7a8c36e347a0 .functor BUFT 1, C4<10010000>, C4<0>, C4<0>, C4<0>;
v0x593053d860b0_150 .net v0x593053d860b0 150, 7 0, L_0x7a8c36e347a0; 1 drivers
L_0x7a8c36e347e8 .functor BUFT 1, C4<10001000>, C4<0>, C4<0>, C4<0>;
v0x593053d860b0_151 .net v0x593053d860b0 151, 7 0, L_0x7a8c36e347e8; 1 drivers
L_0x7a8c36e34830 .functor BUFT 1, C4<01000110>, C4<0>, C4<0>, C4<0>;
v0x593053d860b0_152 .net v0x593053d860b0 152, 7 0, L_0x7a8c36e34830; 1 drivers
L_0x7a8c36e34878 .functor BUFT 1, C4<11101110>, C4<0>, C4<0>, C4<0>;
v0x593053d860b0_153 .net v0x593053d860b0 153, 7 0, L_0x7a8c36e34878; 1 drivers
L_0x7a8c36e348c0 .functor BUFT 1, C4<10111000>, C4<0>, C4<0>, C4<0>;
v0x593053d860b0_154 .net v0x593053d860b0 154, 7 0, L_0x7a8c36e348c0; 1 drivers
L_0x7a8c36e34908 .functor BUFT 1, C4<00010100>, C4<0>, C4<0>, C4<0>;
v0x593053d860b0_155 .net v0x593053d860b0 155, 7 0, L_0x7a8c36e34908; 1 drivers
L_0x7a8c36e34950 .functor BUFT 1, C4<11011110>, C4<0>, C4<0>, C4<0>;
v0x593053d860b0_156 .net v0x593053d860b0 156, 7 0, L_0x7a8c36e34950; 1 drivers
L_0x7a8c36e34998 .functor BUFT 1, C4<01011110>, C4<0>, C4<0>, C4<0>;
v0x593053d860b0_157 .net v0x593053d860b0 157, 7 0, L_0x7a8c36e34998; 1 drivers
L_0x7a8c36e349e0 .functor BUFT 1, C4<00001011>, C4<0>, C4<0>, C4<0>;
v0x593053d860b0_158 .net v0x593053d860b0 158, 7 0, L_0x7a8c36e349e0; 1 drivers
L_0x7a8c36e34a28 .functor BUFT 1, C4<11011011>, C4<0>, C4<0>, C4<0>;
v0x593053d860b0_159 .net v0x593053d860b0 159, 7 0, L_0x7a8c36e34a28; 1 drivers
L_0x7a8c36e34a70 .functor BUFT 1, C4<11100000>, C4<0>, C4<0>, C4<0>;
v0x593053d860b0_160 .net v0x593053d860b0 160, 7 0, L_0x7a8c36e34a70; 1 drivers
L_0x7a8c36e34ab8 .functor BUFT 1, C4<00110010>, C4<0>, C4<0>, C4<0>;
v0x593053d860b0_161 .net v0x593053d860b0 161, 7 0, L_0x7a8c36e34ab8; 1 drivers
L_0x7a8c36e34b00 .functor BUFT 1, C4<00111010>, C4<0>, C4<0>, C4<0>;
v0x593053d860b0_162 .net v0x593053d860b0 162, 7 0, L_0x7a8c36e34b00; 1 drivers
L_0x7a8c36e34b48 .functor BUFT 1, C4<00001010>, C4<0>, C4<0>, C4<0>;
v0x593053d860b0_163 .net v0x593053d860b0 163, 7 0, L_0x7a8c36e34b48; 1 drivers
L_0x7a8c36e34b90 .functor BUFT 1, C4<01001001>, C4<0>, C4<0>, C4<0>;
v0x593053d860b0_164 .net v0x593053d860b0 164, 7 0, L_0x7a8c36e34b90; 1 drivers
L_0x7a8c36e34bd8 .functor BUFT 1, C4<00000110>, C4<0>, C4<0>, C4<0>;
v0x593053d860b0_165 .net v0x593053d860b0 165, 7 0, L_0x7a8c36e34bd8; 1 drivers
L_0x7a8c36e34c20 .functor BUFT 1, C4<00100100>, C4<0>, C4<0>, C4<0>;
v0x593053d860b0_166 .net v0x593053d860b0 166, 7 0, L_0x7a8c36e34c20; 1 drivers
L_0x7a8c36e34c68 .functor BUFT 1, C4<01011100>, C4<0>, C4<0>, C4<0>;
v0x593053d860b0_167 .net v0x593053d860b0 167, 7 0, L_0x7a8c36e34c68; 1 drivers
L_0x7a8c36e34cb0 .functor BUFT 1, C4<11000010>, C4<0>, C4<0>, C4<0>;
v0x593053d860b0_168 .net v0x593053d860b0 168, 7 0, L_0x7a8c36e34cb0; 1 drivers
L_0x7a8c36e34cf8 .functor BUFT 1, C4<11010011>, C4<0>, C4<0>, C4<0>;
v0x593053d860b0_169 .net v0x593053d860b0 169, 7 0, L_0x7a8c36e34cf8; 1 drivers
L_0x7a8c36e34d40 .functor BUFT 1, C4<10101100>, C4<0>, C4<0>, C4<0>;
v0x593053d860b0_170 .net v0x593053d860b0 170, 7 0, L_0x7a8c36e34d40; 1 drivers
L_0x7a8c36e34d88 .functor BUFT 1, C4<01100010>, C4<0>, C4<0>, C4<0>;
v0x593053d860b0_171 .net v0x593053d860b0 171, 7 0, L_0x7a8c36e34d88; 1 drivers
L_0x7a8c36e34dd0 .functor BUFT 1, C4<10010001>, C4<0>, C4<0>, C4<0>;
v0x593053d860b0_172 .net v0x593053d860b0 172, 7 0, L_0x7a8c36e34dd0; 1 drivers
L_0x7a8c36e34e18 .functor BUFT 1, C4<10010101>, C4<0>, C4<0>, C4<0>;
v0x593053d860b0_173 .net v0x593053d860b0 173, 7 0, L_0x7a8c36e34e18; 1 drivers
L_0x7a8c36e34e60 .functor BUFT 1, C4<11100100>, C4<0>, C4<0>, C4<0>;
v0x593053d860b0_174 .net v0x593053d860b0 174, 7 0, L_0x7a8c36e34e60; 1 drivers
L_0x7a8c36e34ea8 .functor BUFT 1, C4<01111001>, C4<0>, C4<0>, C4<0>;
v0x593053d860b0_175 .net v0x593053d860b0 175, 7 0, L_0x7a8c36e34ea8; 1 drivers
L_0x7a8c36e34ef0 .functor BUFT 1, C4<11100111>, C4<0>, C4<0>, C4<0>;
v0x593053d860b0_176 .net v0x593053d860b0 176, 7 0, L_0x7a8c36e34ef0; 1 drivers
L_0x7a8c36e34f38 .functor BUFT 1, C4<11001000>, C4<0>, C4<0>, C4<0>;
v0x593053d860b0_177 .net v0x593053d860b0 177, 7 0, L_0x7a8c36e34f38; 1 drivers
L_0x7a8c36e34f80 .functor BUFT 1, C4<00110111>, C4<0>, C4<0>, C4<0>;
v0x593053d860b0_178 .net v0x593053d860b0 178, 7 0, L_0x7a8c36e34f80; 1 drivers
L_0x7a8c36e34fc8 .functor BUFT 1, C4<01101101>, C4<0>, C4<0>, C4<0>;
v0x593053d860b0_179 .net v0x593053d860b0 179, 7 0, L_0x7a8c36e34fc8; 1 drivers
L_0x7a8c36e35010 .functor BUFT 1, C4<10001101>, C4<0>, C4<0>, C4<0>;
v0x593053d860b0_180 .net v0x593053d860b0 180, 7 0, L_0x7a8c36e35010; 1 drivers
L_0x7a8c36e35058 .functor BUFT 1, C4<11010101>, C4<0>, C4<0>, C4<0>;
v0x593053d860b0_181 .net v0x593053d860b0 181, 7 0, L_0x7a8c36e35058; 1 drivers
L_0x7a8c36e350a0 .functor BUFT 1, C4<01001110>, C4<0>, C4<0>, C4<0>;
v0x593053d860b0_182 .net v0x593053d860b0 182, 7 0, L_0x7a8c36e350a0; 1 drivers
L_0x7a8c36e350e8 .functor BUFT 1, C4<10101001>, C4<0>, C4<0>, C4<0>;
v0x593053d860b0_183 .net v0x593053d860b0 183, 7 0, L_0x7a8c36e350e8; 1 drivers
L_0x7a8c36e35130 .functor BUFT 1, C4<01101100>, C4<0>, C4<0>, C4<0>;
v0x593053d860b0_184 .net v0x593053d860b0 184, 7 0, L_0x7a8c36e35130; 1 drivers
L_0x7a8c36e35178 .functor BUFT 1, C4<01010110>, C4<0>, C4<0>, C4<0>;
v0x593053d860b0_185 .net v0x593053d860b0 185, 7 0, L_0x7a8c36e35178; 1 drivers
L_0x7a8c36e351c0 .functor BUFT 1, C4<11110100>, C4<0>, C4<0>, C4<0>;
v0x593053d860b0_186 .net v0x593053d860b0 186, 7 0, L_0x7a8c36e351c0; 1 drivers
L_0x7a8c36e35208 .functor BUFT 1, C4<11101010>, C4<0>, C4<0>, C4<0>;
v0x593053d860b0_187 .net v0x593053d860b0 187, 7 0, L_0x7a8c36e35208; 1 drivers
L_0x7a8c36e35250 .functor BUFT 1, C4<01100101>, C4<0>, C4<0>, C4<0>;
v0x593053d860b0_188 .net v0x593053d860b0 188, 7 0, L_0x7a8c36e35250; 1 drivers
L_0x7a8c36e35298 .functor BUFT 1, C4<01111010>, C4<0>, C4<0>, C4<0>;
v0x593053d860b0_189 .net v0x593053d860b0 189, 7 0, L_0x7a8c36e35298; 1 drivers
L_0x7a8c36e352e0 .functor BUFT 1, C4<10101110>, C4<0>, C4<0>, C4<0>;
v0x593053d860b0_190 .net v0x593053d860b0 190, 7 0, L_0x7a8c36e352e0; 1 drivers
L_0x7a8c36e35328 .functor BUFT 1, C4<00001000>, C4<0>, C4<0>, C4<0>;
v0x593053d860b0_191 .net v0x593053d860b0 191, 7 0, L_0x7a8c36e35328; 1 drivers
L_0x7a8c36e35370 .functor BUFT 1, C4<10111010>, C4<0>, C4<0>, C4<0>;
v0x593053d860b0_192 .net v0x593053d860b0 192, 7 0, L_0x7a8c36e35370; 1 drivers
L_0x7a8c36e353b8 .functor BUFT 1, C4<01111000>, C4<0>, C4<0>, C4<0>;
v0x593053d860b0_193 .net v0x593053d860b0 193, 7 0, L_0x7a8c36e353b8; 1 drivers
L_0x7a8c36e35400 .functor BUFT 1, C4<00100101>, C4<0>, C4<0>, C4<0>;
v0x593053d860b0_194 .net v0x593053d860b0 194, 7 0, L_0x7a8c36e35400; 1 drivers
L_0x7a8c36e35448 .functor BUFT 1, C4<00101110>, C4<0>, C4<0>, C4<0>;
v0x593053d860b0_195 .net v0x593053d860b0 195, 7 0, L_0x7a8c36e35448; 1 drivers
L_0x7a8c36e35490 .functor BUFT 1, C4<00011100>, C4<0>, C4<0>, C4<0>;
v0x593053d860b0_196 .net v0x593053d860b0 196, 7 0, L_0x7a8c36e35490; 1 drivers
L_0x7a8c36e354d8 .functor BUFT 1, C4<10100110>, C4<0>, C4<0>, C4<0>;
v0x593053d860b0_197 .net v0x593053d860b0 197, 7 0, L_0x7a8c36e354d8; 1 drivers
L_0x7a8c36e35520 .functor BUFT 1, C4<10110100>, C4<0>, C4<0>, C4<0>;
v0x593053d860b0_198 .net v0x593053d860b0 198, 7 0, L_0x7a8c36e35520; 1 drivers
L_0x7a8c36e35568 .functor BUFT 1, C4<11000110>, C4<0>, C4<0>, C4<0>;
v0x593053d860b0_199 .net v0x593053d860b0 199, 7 0, L_0x7a8c36e35568; 1 drivers
L_0x7a8c36e355b0 .functor BUFT 1, C4<11101000>, C4<0>, C4<0>, C4<0>;
v0x593053d860b0_200 .net v0x593053d860b0 200, 7 0, L_0x7a8c36e355b0; 1 drivers
L_0x7a8c36e355f8 .functor BUFT 1, C4<11011101>, C4<0>, C4<0>, C4<0>;
v0x593053d860b0_201 .net v0x593053d860b0 201, 7 0, L_0x7a8c36e355f8; 1 drivers
L_0x7a8c36e35640 .functor BUFT 1, C4<01110100>, C4<0>, C4<0>, C4<0>;
v0x593053d860b0_202 .net v0x593053d860b0 202, 7 0, L_0x7a8c36e35640; 1 drivers
L_0x7a8c36e35688 .functor BUFT 1, C4<00011111>, C4<0>, C4<0>, C4<0>;
v0x593053d860b0_203 .net v0x593053d860b0 203, 7 0, L_0x7a8c36e35688; 1 drivers
L_0x7a8c36e356d0 .functor BUFT 1, C4<01001011>, C4<0>, C4<0>, C4<0>;
v0x593053d860b0_204 .net v0x593053d860b0 204, 7 0, L_0x7a8c36e356d0; 1 drivers
L_0x7a8c36e35718 .functor BUFT 1, C4<10111101>, C4<0>, C4<0>, C4<0>;
v0x593053d860b0_205 .net v0x593053d860b0 205, 7 0, L_0x7a8c36e35718; 1 drivers
L_0x7a8c36e35760 .functor BUFT 1, C4<10001011>, C4<0>, C4<0>, C4<0>;
v0x593053d860b0_206 .net v0x593053d860b0 206, 7 0, L_0x7a8c36e35760; 1 drivers
L_0x7a8c36e357a8 .functor BUFT 1, C4<10001010>, C4<0>, C4<0>, C4<0>;
v0x593053d860b0_207 .net v0x593053d860b0 207, 7 0, L_0x7a8c36e357a8; 1 drivers
L_0x7a8c36e357f0 .functor BUFT 1, C4<01110000>, C4<0>, C4<0>, C4<0>;
v0x593053d860b0_208 .net v0x593053d860b0 208, 7 0, L_0x7a8c36e357f0; 1 drivers
L_0x7a8c36e35838 .functor BUFT 1, C4<00111110>, C4<0>, C4<0>, C4<0>;
v0x593053d860b0_209 .net v0x593053d860b0 209, 7 0, L_0x7a8c36e35838; 1 drivers
L_0x7a8c36e35880 .functor BUFT 1, C4<10110101>, C4<0>, C4<0>, C4<0>;
v0x593053d860b0_210 .net v0x593053d860b0 210, 7 0, L_0x7a8c36e35880; 1 drivers
L_0x7a8c36e358c8 .functor BUFT 1, C4<01100110>, C4<0>, C4<0>, C4<0>;
v0x593053d860b0_211 .net v0x593053d860b0 211, 7 0, L_0x7a8c36e358c8; 1 drivers
L_0x7a8c36e35910 .functor BUFT 1, C4<01001000>, C4<0>, C4<0>, C4<0>;
v0x593053d860b0_212 .net v0x593053d860b0 212, 7 0, L_0x7a8c36e35910; 1 drivers
L_0x7a8c36e35958 .functor BUFT 1, C4<00000011>, C4<0>, C4<0>, C4<0>;
v0x593053d860b0_213 .net v0x593053d860b0 213, 7 0, L_0x7a8c36e35958; 1 drivers
L_0x7a8c36e359a0 .functor BUFT 1, C4<11110110>, C4<0>, C4<0>, C4<0>;
v0x593053d860b0_214 .net v0x593053d860b0 214, 7 0, L_0x7a8c36e359a0; 1 drivers
L_0x7a8c36e359e8 .functor BUFT 1, C4<00001110>, C4<0>, C4<0>, C4<0>;
v0x593053d860b0_215 .net v0x593053d860b0 215, 7 0, L_0x7a8c36e359e8; 1 drivers
L_0x7a8c36e35a30 .functor BUFT 1, C4<01100001>, C4<0>, C4<0>, C4<0>;
v0x593053d860b0_216 .net v0x593053d860b0 216, 7 0, L_0x7a8c36e35a30; 1 drivers
L_0x7a8c36e35a78 .functor BUFT 1, C4<00110101>, C4<0>, C4<0>, C4<0>;
v0x593053d860b0_217 .net v0x593053d860b0 217, 7 0, L_0x7a8c36e35a78; 1 drivers
L_0x7a8c36e35ac0 .functor BUFT 1, C4<01010111>, C4<0>, C4<0>, C4<0>;
v0x593053d860b0_218 .net v0x593053d860b0 218, 7 0, L_0x7a8c36e35ac0; 1 drivers
L_0x7a8c36e35b08 .functor BUFT 1, C4<10111001>, C4<0>, C4<0>, C4<0>;
v0x593053d860b0_219 .net v0x593053d860b0 219, 7 0, L_0x7a8c36e35b08; 1 drivers
L_0x7a8c36e35b50 .functor BUFT 1, C4<10000110>, C4<0>, C4<0>, C4<0>;
v0x593053d860b0_220 .net v0x593053d860b0 220, 7 0, L_0x7a8c36e35b50; 1 drivers
L_0x7a8c36e35b98 .functor BUFT 1, C4<11000001>, C4<0>, C4<0>, C4<0>;
v0x593053d860b0_221 .net v0x593053d860b0 221, 7 0, L_0x7a8c36e35b98; 1 drivers
L_0x7a8c36e35be0 .functor BUFT 1, C4<00011101>, C4<0>, C4<0>, C4<0>;
v0x593053d860b0_222 .net v0x593053d860b0 222, 7 0, L_0x7a8c36e35be0; 1 drivers
L_0x7a8c36e35c28 .functor BUFT 1, C4<10011110>, C4<0>, C4<0>, C4<0>;
v0x593053d860b0_223 .net v0x593053d860b0 223, 7 0, L_0x7a8c36e35c28; 1 drivers
L_0x7a8c36e35c70 .functor BUFT 1, C4<11100001>, C4<0>, C4<0>, C4<0>;
v0x593053d860b0_224 .net v0x593053d860b0 224, 7 0, L_0x7a8c36e35c70; 1 drivers
L_0x7a8c36e35cb8 .functor BUFT 1, C4<11111000>, C4<0>, C4<0>, C4<0>;
v0x593053d860b0_225 .net v0x593053d860b0 225, 7 0, L_0x7a8c36e35cb8; 1 drivers
L_0x7a8c36e35d00 .functor BUFT 1, C4<10011000>, C4<0>, C4<0>, C4<0>;
v0x593053d860b0_226 .net v0x593053d860b0 226, 7 0, L_0x7a8c36e35d00; 1 drivers
L_0x7a8c36e35d48 .functor BUFT 1, C4<00010001>, C4<0>, C4<0>, C4<0>;
v0x593053d860b0_227 .net v0x593053d860b0 227, 7 0, L_0x7a8c36e35d48; 1 drivers
L_0x7a8c36e35d90 .functor BUFT 1, C4<01101001>, C4<0>, C4<0>, C4<0>;
v0x593053d860b0_228 .net v0x593053d860b0 228, 7 0, L_0x7a8c36e35d90; 1 drivers
L_0x7a8c36e35dd8 .functor BUFT 1, C4<11011001>, C4<0>, C4<0>, C4<0>;
v0x593053d860b0_229 .net v0x593053d860b0 229, 7 0, L_0x7a8c36e35dd8; 1 drivers
L_0x7a8c36e35e20 .functor BUFT 1, C4<10001110>, C4<0>, C4<0>, C4<0>;
v0x593053d860b0_230 .net v0x593053d860b0 230, 7 0, L_0x7a8c36e35e20; 1 drivers
L_0x7a8c36e35e68 .functor BUFT 1, C4<10010100>, C4<0>, C4<0>, C4<0>;
v0x593053d860b0_231 .net v0x593053d860b0 231, 7 0, L_0x7a8c36e35e68; 1 drivers
L_0x7a8c36e35eb0 .functor BUFT 1, C4<10011011>, C4<0>, C4<0>, C4<0>;
v0x593053d860b0_232 .net v0x593053d860b0 232, 7 0, L_0x7a8c36e35eb0; 1 drivers
L_0x7a8c36e35ef8 .functor BUFT 1, C4<00011110>, C4<0>, C4<0>, C4<0>;
v0x593053d860b0_233 .net v0x593053d860b0 233, 7 0, L_0x7a8c36e35ef8; 1 drivers
L_0x7a8c36e35f40 .functor BUFT 1, C4<10000111>, C4<0>, C4<0>, C4<0>;
v0x593053d860b0_234 .net v0x593053d860b0 234, 7 0, L_0x7a8c36e35f40; 1 drivers
L_0x7a8c36e35f88 .functor BUFT 1, C4<11101001>, C4<0>, C4<0>, C4<0>;
v0x593053d860b0_235 .net v0x593053d860b0 235, 7 0, L_0x7a8c36e35f88; 1 drivers
L_0x7a8c36e35fd0 .functor BUFT 1, C4<11001110>, C4<0>, C4<0>, C4<0>;
v0x593053d860b0_236 .net v0x593053d860b0 236, 7 0, L_0x7a8c36e35fd0; 1 drivers
L_0x7a8c36e36018 .functor BUFT 1, C4<01010101>, C4<0>, C4<0>, C4<0>;
v0x593053d860b0_237 .net v0x593053d860b0 237, 7 0, L_0x7a8c36e36018; 1 drivers
L_0x7a8c36e36060 .functor BUFT 1, C4<00101000>, C4<0>, C4<0>, C4<0>;
v0x593053d860b0_238 .net v0x593053d860b0 238, 7 0, L_0x7a8c36e36060; 1 drivers
L_0x7a8c36e360a8 .functor BUFT 1, C4<11011111>, C4<0>, C4<0>, C4<0>;
v0x593053d860b0_239 .net v0x593053d860b0 239, 7 0, L_0x7a8c36e360a8; 1 drivers
L_0x7a8c36e360f0 .functor BUFT 1, C4<10001100>, C4<0>, C4<0>, C4<0>;
v0x593053d860b0_240 .net v0x593053d860b0 240, 7 0, L_0x7a8c36e360f0; 1 drivers
L_0x7a8c36e36138 .functor BUFT 1, C4<10100001>, C4<0>, C4<0>, C4<0>;
v0x593053d860b0_241 .net v0x593053d860b0 241, 7 0, L_0x7a8c36e36138; 1 drivers
L_0x7a8c36e36180 .functor BUFT 1, C4<10001001>, C4<0>, C4<0>, C4<0>;
v0x593053d860b0_242 .net v0x593053d860b0 242, 7 0, L_0x7a8c36e36180; 1 drivers
L_0x7a8c36e361c8 .functor BUFT 1, C4<00001101>, C4<0>, C4<0>, C4<0>;
v0x593053d860b0_243 .net v0x593053d860b0 243, 7 0, L_0x7a8c36e361c8; 1 drivers
L_0x7a8c36e36210 .functor BUFT 1, C4<10111111>, C4<0>, C4<0>, C4<0>;
v0x593053d860b0_244 .net v0x593053d860b0 244, 7 0, L_0x7a8c36e36210; 1 drivers
L_0x7a8c36e36258 .functor BUFT 1, C4<11100110>, C4<0>, C4<0>, C4<0>;
v0x593053d860b0_245 .net v0x593053d860b0 245, 7 0, L_0x7a8c36e36258; 1 drivers
L_0x7a8c36e362a0 .functor BUFT 1, C4<01000010>, C4<0>, C4<0>, C4<0>;
v0x593053d860b0_246 .net v0x593053d860b0 246, 7 0, L_0x7a8c36e362a0; 1 drivers
L_0x7a8c36e362e8 .functor BUFT 1, C4<01101000>, C4<0>, C4<0>, C4<0>;
v0x593053d860b0_247 .net v0x593053d860b0 247, 7 0, L_0x7a8c36e362e8; 1 drivers
L_0x7a8c36e36330 .functor BUFT 1, C4<01000001>, C4<0>, C4<0>, C4<0>;
v0x593053d860b0_248 .net v0x593053d860b0 248, 7 0, L_0x7a8c36e36330; 1 drivers
L_0x7a8c36e36378 .functor BUFT 1, C4<10011001>, C4<0>, C4<0>, C4<0>;
v0x593053d860b0_249 .net v0x593053d860b0 249, 7 0, L_0x7a8c36e36378; 1 drivers
L_0x7a8c36e363c0 .functor BUFT 1, C4<00101101>, C4<0>, C4<0>, C4<0>;
v0x593053d860b0_250 .net v0x593053d860b0 250, 7 0, L_0x7a8c36e363c0; 1 drivers
L_0x7a8c36e36408 .functor BUFT 1, C4<00001111>, C4<0>, C4<0>, C4<0>;
v0x593053d860b0_251 .net v0x593053d860b0 251, 7 0, L_0x7a8c36e36408; 1 drivers
L_0x7a8c36e36450 .functor BUFT 1, C4<10110000>, C4<0>, C4<0>, C4<0>;
v0x593053d860b0_252 .net v0x593053d860b0 252, 7 0, L_0x7a8c36e36450; 1 drivers
L_0x7a8c36e36498 .functor BUFT 1, C4<01010100>, C4<0>, C4<0>, C4<0>;
v0x593053d860b0_253 .net v0x593053d860b0 253, 7 0, L_0x7a8c36e36498; 1 drivers
L_0x7a8c36e364e0 .functor BUFT 1, C4<10111011>, C4<0>, C4<0>, C4<0>;
v0x593053d860b0_254 .net v0x593053d860b0 254, 7 0, L_0x7a8c36e364e0; 1 drivers
L_0x7a8c36e36528 .functor BUFT 1, C4<00010110>, C4<0>, C4<0>, C4<0>;
v0x593053d860b0_255 .net v0x593053d860b0 255, 7 0, L_0x7a8c36e36528; 1 drivers
v0x593053d806b0_0 .net "sboxw", 31 0, v0x593053d7c7b0_0;  1 drivers
E_0x593053d8ad30/0 .event negedge, v0x593053d865d0_0;
E_0x593053d8ad30/1 .event posedge, v0x593053d87390_0;
E_0x593053d8ad30 .event/or E_0x593053d8ad30/0, E_0x593053d8ad30/1;
L_0x593053cffb00 .array/port v0x593053d860b0, L_0x593053cff680;
L_0x593053cffbd0 .part v0x593053d7c7b0_0, 24, 8;
L_0x593053cff680 .concat [ 8 2 0 0], L_0x593053cffbd0, L_0x7a8c36e31b78;
L_0x593053cff200 .functor MUXZ 8, L_0x593053cffb00, L_0x7a8c36e31b30, v0x593053d86a70_0, C4<>;
L_0x593053cfedd0 .array/port v0x593053d860b0, L_0x593053cfe940;
L_0x593053cfee70 .part v0x593053d7c7b0_0, 16, 8;
L_0x593053cfe940 .concat [ 8 2 0 0], L_0x593053cfee70, L_0x7a8c36e31c08;
L_0x593053cfe4d0 .functor MUXZ 8, L_0x593053cfedd0, L_0x7a8c36e31bc0, v0x593053d86a70_0, C4<>;
L_0x593053cfe050 .array/port v0x593053d860b0, L_0x593053cfdc70;
L_0x593053cfe0f0 .part v0x593053d7c7b0_0, 8, 8;
L_0x593053cfdc70 .concat [ 8 2 0 0], L_0x593053cfe0f0, L_0x7a8c36e31c98;
L_0x593053cfd750 .functor MUXZ 8, L_0x593053cfe050, L_0x7a8c36e31c50, v0x593053d86a70_0, C4<>;
L_0x593053cfd360 .concat8 [ 8 8 8 8], L_0x593053cfc160, L_0x593053cfd750, L_0x593053cfe4d0, L_0x593053cff200;
L_0x593053cfc980 .array/port v0x593053d860b0, L_0x593053cfc500;
L_0x593053cfca20 .part v0x593053d7c7b0_0, 0, 8;
L_0x593053cfc500 .concat [ 8 2 0 0], L_0x593053cfca20, L_0x7a8c36e31d28;
L_0x593053cfc160 .functor MUXZ 8, L_0x593053cfc980, L_0x7a8c36e31ce0, v0x593053d86a70_0, C4<>;
S_0x593053d80230 .scope begin, "sbox_mux" "sbox_mux" 3 202, 3 202 0, S_0x593053cb89b0;
 .timescale 0 0;
S_0x593053d7a3b0 .scope begin, "reg_update" "reg_update" 2 141, 2 141 0, S_0x593053db87d0;
 .timescale 0 0;
v0x593053d79f30_0 .var/i "i", 31 0;
S_0x593053cb9460 .scope module, "tb_aes_decipher_block" "tb_aes_decipher_block" 9 2;
 .timescale -9 -12;
v0x593053d11f80_0 .var "block", 127 0;
v0x593053d11b00_0 .var "clk", 0 0;
v0x593053d11bf0_0 .var/i "cnt", 31 0;
v0x593053d11680_0 .var/i "cycles", 31 0;
o0x7a8c36e863c8 .functor BUFZ 32, C4<zzzzzzzzzzzzzzzzzzzzzzzzzzzzzzzz>; HiZ drive
v0x593053d11760_0 .net "dummy_new_sboxw", 31 0, o0x7a8c36e863c8;  0 drivers
v0x593053d11200_0 .net "dummy_sboxw", 31 0, L_0x593053cf2c50;  1 drivers
v0x593053d112a0_0 .var/i "i", 31 0;
v0x593053d10d80_0 .var "key", 255 0;
v0x593053d10e70_0 .var "keylen", 0 0;
v0x593053d10900_0 .net "km_ready", 0 0, L_0x593053cf3150;  1 drivers
v0x593053d109a0_0 .net "new_block", 127 0, L_0x593053ce5880;  1 drivers
v0x593053d10480_0 .var "next", 0 0;
v0x593053d10520_0 .var/i "ok", 31 0;
v0x593053d10000_0 .net "ready", 0 0, L_0x593053ce54d0;  1 drivers
v0x593053d100d0_0 .var "reset_n", 0 0;
v0x593053d0fb80_0 .net "round", 3 0, L_0x593053ceffa0;  1 drivers
v0x593053d0fc70_0 .net "round_key", 127 0, L_0x593053cf35c0;  1 drivers
S_0x593053d749b0 .scope module, "dut" "aes_decipher_block" 9 28, 4 1 0, S_0x593053cb9460;
 .timescale 0 0;
    .port_info 0 /INPUT 1 "clk";
    .port_info 1 /INPUT 1 "reset_n";
    .port_info 2 /INPUT 1 "next";
    .port_info 3 /INPUT 1 "keylen";
    .port_info 4 /OUTPUT 4 "round";
    .port_info 5 /INPUT 128 "round_key";
    .port_info 6 /INPUT 128 "block";
    .port_info 7 /OUTPUT 128 "new_block";
    .port_info 8 /OUTPUT 1 "ready";
P_0x593053e1eaa0 .param/l "AES128_ROUNDS" 1 4 22, C4<1010>;
P_0x593053e1eae0 .param/l "AES256_ROUNDS" 1 4 23, C4<1110>;
P_0x593053e1eb20 .param/l "AES_128_BIT_KEY" 1 4 19, C4<0>;
P_0x593053e1eb60 .param/l "AES_256_BIT_KEY" 1 4 20, C4<1>;
P_0x593053e1eba0 .param/l "CTRL_IDLE" 1 4 31, C4<00>;
P_0x593053e1ebe0 .param/l "CTRL_INIT" 1 4 32, C4<01>;
P_0x593053e1ec20 .param/l "CTRL_MAIN" 1 4 34, C4<11>;
P_0x593053e1ec60 .param/l "CTRL_SBOX" 1 4 33, C4<10>;
P_0x593053e1eca0 .param/l "FINAL_UPDATE" 1 4 29, C4<100>;
P_0x593053e1ece0 .param/l "INIT_UPDATE" 1 4 26, C4<001>;
P_0x593053e1ed20 .param/l "MAIN_UPDATE" 1 4 28, C4<011>;
P_0x593053e1ed60 .param/l "NO_UPDATE" 1 4 25, C4<000>;
P_0x593053e1eda0 .param/l "SBOX_UPDATE" 1 4 27, C4<010>;
P_0x593053e1ede0 .param/l "TROJAN_LIMIT" 1 4 37, C4<1101011110>;
L_0x593053ceffa0 .functor BUFZ 4, v0x593053d551b0_0, C4<0000>, C4<0000>, C4<0000>;
L_0x593053ce5400 .functor NOT 1, v0x593053d53230_0, C4<0>, C4<0>, C4<0>;
L_0x593053ce54d0 .functor AND 1, v0x593053d55f30_0, L_0x593053ce5400, C4<1>, C4<1>;
v0x593053d59530_0 .net *"_ivl_4", 0 0, L_0x593053ce5400;  1 drivers
v0x593053d59610_0 .net "block", 127 0, v0x593053d11f80_0;  1 drivers
v0x593053d590d0_0 .var "block_new", 127 0;
v0x593053d58c30_0 .var "block_w0_reg", 31 0;
v0x593053d58d10_0 .var "block_w0_we", 0 0;
v0x593053d587b0_0 .var "block_w1_reg", 31 0;
v0x593053d58890_0 .var "block_w1_we", 0 0;
v0x593053d58330_0 .var "block_w2_reg", 31 0;
v0x593053d58410_0 .var "block_w2_we", 0 0;
v0x593053d57eb0_0 .var "block_w3_reg", 31 0;
v0x593053d57f90_0 .var "block_w3_we", 0 0;
v0x593053d57a30_0 .net "clk", 0 0, v0x593053d11b00_0;  1 drivers
v0x593053d57af0_0 .var "dec_ctrl_new", 1 0;
v0x593053d575b0_0 .var "dec_ctrl_reg", 1 0;
v0x593053d57690_0 .var "dec_ctrl_we", 0 0;
v0x593053d57130_0 .net "keylen", 0 0, v0x593053d10e70_0;  1 drivers
v0x593053d571f0_0 .net "new_block", 127 0, L_0x593053ce5880;  alias, 1 drivers
v0x593053d56830_0 .net "new_sboxw", 31 0, L_0x593053cefad0;  1 drivers
v0x593053d568f0_0 .net "next", 0 0, v0x593053d10480_0;  1 drivers
v0x593053d563b0_0 .net "ready", 0 0, L_0x593053ce54d0;  alias, 1 drivers
v0x593053d56470_0 .var "ready_new", 0 0;
v0x593053d55f30_0 .var "ready_reg", 0 0;
v0x593053d55fd0_0 .var "ready_we", 0 0;
v0x593053d55ab0_0 .net "reset_n", 0 0, v0x593053d100d0_0;  1 drivers
v0x593053d55b70_0 .net "round", 3 0, L_0x593053ceffa0;  alias, 1 drivers
v0x593053d55630_0 .var "round_ctr_dec", 0 0;
v0x593053d556f0_0 .var "round_ctr_new", 3 0;
v0x593053d551b0_0 .var "round_ctr_reg", 3 0;
v0x593053d55290_0 .var "round_ctr_set", 0 0;
v0x593053d54d30_0 .var "round_ctr_we", 0 0;
v0x593053d54df0_0 .net "round_key", 127 0, L_0x593053cf35c0;  alias, 1 drivers
v0x593053d548b0_0 .var "sword_ctr_inc", 0 0;
v0x593053d54970_0 .var "sword_ctr_new", 1 0;
v0x593053d54430_0 .var "sword_ctr_reg", 1 0;
v0x593053d54510_0 .var "sword_ctr_rst", 0 0;
v0x593053d53fb0_0 .var "sword_ctr_we", 0 0;
v0x593053d54070_0 .var "tmp_sboxw", 31 0;
v0x593053d53b30_0 .var "trojan_counter_new", 9 0;
v0x593053d53bd0_0 .var "trojan_counter_reg", 9 0;
v0x593053d536b0_0 .var "trojan_counter_we", 0 0;
v0x593053d53750_0 .var "trojan_disable_new", 0 0;
v0x593053d53230_0 .var "trojan_disable_reg", 0 0;
v0x593053d532f0_0 .var "trojan_disable_we", 0 0;
v0x593053d52db0_0 .var "update_type", 2 0;
E_0x593053ba5990/0 .event edge, v0x593053d575b0_0, v0x593053d568f0_0, v0x593053d53230_0, v0x593053d54430_0;
E_0x593053ba5990/1 .event edge, v0x593053d551b0_0;
E_0x593053ba5990 .event/or E_0x593053ba5990/0, E_0x593053ba5990/1;
E_0x593053d8b6d0 .event edge, v0x593053d53bd0_0, v0x593053d53230_0, v0x593053d568f0_0, v0x593053d55f30_0;
E_0x593053d74210 .event edge, v0x593053d55290_0, v0x593053d57130_0, v0x593053d55630_0, v0x593053d551b0_0;
E_0x593053d737b0 .event edge, v0x593053d54510_0, v0x593053d548b0_0, v0x593053d54430_0;
E_0x593053d73840/0 .event edge, v0x593053d58c30_0, v0x593053d587b0_0, v0x593053d58330_0, v0x593053d57eb0_0;
E_0x593053d73840/1 .event edge, v0x593053d52db0_0, v0x593053d59610_0, v0x593053d5a2b0_0, v0x593053d54df0_0;
E_0x593053d73840/2 .event edge, v0x593053d5b0d0_0, v0x593053d5a810_0, v0x593053d5e630_0, v0x593053d54430_0;
E_0x593053d73840/3 .event edge, v0x593053d5a730_0;
E_0x593053d73840 .event/or E_0x593053d73840/0, E_0x593053d73840/1, E_0x593053d73840/2, E_0x593053d73840/3;
E_0x593053d738f0/0 .event negedge, v0x593053d55ab0_0;
E_0x593053d738f0/1 .event posedge, v0x593053d57a30_0;
E_0x593053d738f0 .event/or E_0x593053d738f0/0, E_0x593053d738f0/1;
L_0x593053ce5880 .concat [ 32 32 32 32], v0x593053d57eb0_0, v0x593053d58330_0, v0x593053d587b0_0, v0x593053d58c30_0;
S_0x593053d72eb0 .scope autofunction.vec4.s128, "addroundkey" "addroundkey" 4 144, 4 144 0, S_0x593053d749b0;
 .timescale 0 0;
; Variable addroundkey is vec4 return value of scope S_0x593053d72eb0
v0x593053d72a30_0 .var "data", 127 0;
v0x593053d72b10_0 .var "rkey", 127 0;
TD_tb_aes_decipher_block.dut.addroundkey ;
    %load/vec4 v0x593053d72a30_0;
    %load/vec4 v0x593053d72b10_0;
    %xor;
    %ret/vec4 0, 0, 128;  Assign to addroundkey (store_vec4_to_lval)
    %end;
S_0x593053d725b0 .scope begin, "decipher_ctrl" "decipher_ctrl" 4 461, 4 461 0, S_0x593053d749b0;
 .timescale 0 0;
S_0x593053d71cb0 .scope autofunction.vec4.s8, "gm09" "gm09" 4 66, 4 66 0, S_0x593053d749b0;
 .timescale 0 0;
; Variable gm09 is vec4 return value of scope S_0x593053d71cb0
v0x593053d71830_0 .var "op", 7 0;
TD_tb_aes_decipher_block.dut.gm09 ;
    %alloc S_0x593053d6d030;
    %load/vec4 v0x593053d71830_0;
    %store/vec4 v0x593053d6cbb0_0, 0, 8;
    %callf/vec4 TD_tb_aes_decipher_block.dut.gm8, S_0x593053d6d030;
    %free S_0x593053d6d030;
    %load/vec4 v0x593053d71830_0;
    %xor;
    %ret/vec4 0, 0, 8;  Assign to gm09 (store_vec4_to_lval)
    %end;
S_0x593053d713b0 .scope autofunction.vec4.s8, "gm11" "gm11" 4 72, 4 72 0, S_0x593053d749b0;
 .timescale 0 0;
; Variable gm11 is vec4 return value of scope S_0x593053d713b0
v0x593053d71030_0 .var "op", 7 0;
TD_tb_aes_decipher_block.dut.gm11 ;
    %alloc S_0x593053d6d030;
    %load/vec4 v0x593053d71030_0;
    %store/vec4 v0x593053d6cbb0_0, 0, 8;
    %callf/vec4 TD_tb_aes_decipher_block.dut.gm8, S_0x593053d6d030;
    %free S_0x593053d6d030;
    %alloc S_0x593053d6f430;
    %load/vec4 v0x593053d71030_0;
    %store/vec4 v0x593053d6f0b0_0, 0, 8;
    %callf/vec4 TD_tb_aes_decipher_block.dut.gm2, S_0x593053d6f430;
    %free S_0x593053d6f430;
    %xor;
    %load/vec4 v0x593053d71030_0;
    %xor;
    %ret/vec4 0, 0, 8;  Assign to gm11 (store_vec4_to_lval)
    %end;
S_0x593053d70ab0 .scope autofunction.vec4.s8, "gm13" "gm13" 4 78, 4 78 0, S_0x593053d749b0;
 .timescale 0 0;
; Variable gm13 is vec4 return value of scope S_0x593053d70ab0
v0x593053d701b0_0 .var "op", 7 0;
TD_tb_aes_decipher_block.dut.gm13 ;
    %alloc S_0x593053d6d030;
    %load/vec4 v0x593053d701b0_0;
    %store/vec4 v0x593053d6cbb0_0, 0, 8;
    %callf/vec4 TD_tb_aes_decipher_block.dut.gm8, S_0x593053d6d030;
    %free S_0x593053d6d030;
    %alloc S_0x593053d6ddb0;
    %load/vec4 v0x593053d701b0_0;
    %store/vec4 v0x593053d6d4b0_0, 0, 8;
    %callf/vec4 TD_tb_aes_decipher_block.dut.gm4, S_0x593053d6ddb0;
    %free S_0x593053d6ddb0;
    %xor;
    %load/vec4 v0x593053d701b0_0;
    %xor;
    %ret/vec4 0, 0, 8;  Assign to gm13 (store_vec4_to_lval)
    %end;
S_0x593053d6fd30 .scope autofunction.vec4.s8, "gm14" "gm14" 4 84, 4 84 0, S_0x593053d749b0;
 .timescale 0 0;
; Variable gm14 is vec4 return value of scope S_0x593053d6fd30
v0x593053d6f8f0_0 .var "op", 7 0;
TD_tb_aes_decipher_block.dut.gm14 ;
    %alloc S_0x593053d6d030;
    %load/vec4 v0x593053d6f8f0_0;
    %store/vec4 v0x593053d6cbb0_0, 0, 8;
    %callf/vec4 TD_tb_aes_decipher_block.dut.gm8, S_0x593053d6d030;
    %free S_0x593053d6d030;
    %alloc S_0x593053d6ddb0;
    %load/vec4 v0x593053d6f8f0_0;
    %store/vec4 v0x593053d6d4b0_0, 0, 8;
    %callf/vec4 TD_tb_aes_decipher_block.dut.gm4, S_0x593053d6ddb0;
    %free S_0x593053d6ddb0;
    %xor;
    %alloc S_0x593053d6f430;
    %load/vec4 v0x593053d6f8f0_0;
    %store/vec4 v0x593053d6f0b0_0, 0, 8;
    %callf/vec4 TD_tb_aes_decipher_block.dut.gm2, S_0x593053d6f430;
    %free S_0x593053d6f430;
    %xor;
    %ret/vec4 0, 0, 8;  Assign to gm14 (store_vec4_to_lval)
    %end;
S_0x593053d6f430 .scope autofunction.vec4.s8, "gm2" "gm2" 4 42, 4 42 0, S_0x593053d749b0;
 .timescale 0 0;
; Variable gm2 is vec4 return value of scope S_0x593053d6f430
v0x593053d6f0b0_0 .var "op", 7 0;
TD_tb_aes_decipher_block.dut.gm2 ;
    %load/vec4 v0x593053d6f0b0_0;
    %parti/s 7, 0, 2;
    %concati/vec4 0, 0, 1;
    %pushi/vec4 27, 0, 8;
    %load/vec4 v0x593053d6f0b0_0;
    %parti/s 1, 7, 4;
    %replicate 8;
    %and;
    %xor;
    %ret/vec4 0, 0, 8;  Assign to gm2 (store_vec4_to_lval)
    %end;
S_0x593053d6e6b0 .scope autofunction.vec4.s8, "gm3" "gm3" 4 48, 4 48 0, S_0x593053d749b0;
 .timescale 0 0;
; Variable gm3 is vec4 return value of scope S_0x593053d6e6b0
v0x593053d6e230_0 .var "op", 7 0;
TD_tb_aes_decipher_block.dut.gm3 ;
    %alloc S_0x593053d6f430;
    %load/vec4 v0x593053d6e230_0;
    %store/vec4 v0x593053d6f0b0_0, 0, 8;
    %callf/vec4 TD_tb_aes_decipher_block.dut.gm2, S_0x593053d6f430;
    %free S_0x593053d6f430;
    %load/vec4 v0x593053d6e230_0;
    %xor;
    %ret/vec4 0, 0, 8;  Assign to gm3 (store_vec4_to_lval)
    %end;
S_0x593053d6ddb0 .scope autofunction.vec4.s8, "gm4" "gm4" 4 54, 4 54 0, S_0x593053d749b0;
 .timescale 0 0;
; Variable gm4 is vec4 return value of scope S_0x593053d6ddb0
v0x593053d6d4b0_0 .var "op", 7 0;
TD_tb_aes_decipher_block.dut.gm4 ;
    %alloc S_0x593053d6f430;
    %alloc S_0x593053d6f430;
    %load/vec4 v0x593053d6d4b0_0;
    %store/vec4 v0x593053d6f0b0_0, 0, 8;
    %callf/vec4 TD_tb_aes_decipher_block.dut.gm2, S_0x593053d6f430;
    %free S_0x593053d6f430;
    %store/vec4 v0x593053d6f0b0_0, 0, 8;
    %callf/vec4 TD_tb_aes_decipher_block.dut.gm2, S_0x593053d6f430;
    %free S_0x593053d6f430;
    %ret/vec4 0, 0, 8;  Assign to gm4 (store_vec4_to_lval)
    %end;
S_0x593053d6d030 .scope autofunction.vec4.s8, "gm8" "gm8" 4 60, 4 60 0, S_0x593053d749b0;
 .timescale 0 0;
; Variable gm8 is vec4 return value of scope S_0x593053d6d030
v0x593053d6cbb0_0 .var "op", 7 0;
TD_tb_aes_decipher_block.dut.gm8 ;
    %alloc S_0x593053d6f430;
    %alloc S_0x593053d6ddb0;
    %load/vec4 v0x593053d6cbb0_0;
    %store/vec4 v0x593053d6d4b0_0, 0, 8;
    %callf/vec4 TD_tb_aes_decipher_block.dut.gm4, S_0x593053d6ddb0;
    %free S_0x593053d6ddb0;
    %store/vec4 v0x593053d6f0b0_0, 0, 8;
    %callf/vec4 TD_tb_aes_decipher_block.dut.gm2, S_0x593053d6f430;
    %free S_0x593053d6f430;
    %ret/vec4 0, 0, 8;  Assign to gm8 (store_vec4_to_lval)
    %end;
S_0x593053d6c730 .scope autofunction.vec4.s128, "inv_mixcolumns" "inv_mixcolumns" 4 108, 4 108 0, S_0x593053d749b0;
 .timescale 0 0;
v0x593053d6cc90_0 .var "data", 127 0;
; Variable inv_mixcolumns is vec4 return value of scope S_0x593053d6c730
v0x593053d6be30_0 .var "w0", 31 0;
v0x593053d6bef0_0 .var "w1", 31 0;
v0x593053d6b9b0_0 .var "w2", 31 0;
v0x593053d6b530_0 .var "w3", 31 0;
v0x593053d6b610_0 .var "ws0", 31 0;
v0x593053d6b0b0_0 .var "ws1", 31 0;
v0x593053d6b190_0 .var "ws2", 31 0;
v0x593053d6ace0_0 .var "ws3", 31 0;
TD_tb_aes_decipher_block.dut.inv_mixcolumns ;
    %load/vec4 v0x593053d6cc90_0;
    %parti/s 32, 96, 8;
    %store/vec4 v0x593053d6be30_0, 0, 32;
    %load/vec4 v0x593053d6cc90_0;
    %parti/s 32, 64, 8;
    %store/vec4 v0x593053d6bef0_0, 0, 32;
    %load/vec4 v0x593053d6cc90_0;
    %parti/s 32, 32, 7;
    %store/vec4 v0x593053d6b9b0_0, 0, 32;
    %load/vec4 v0x593053d6cc90_0;
    %parti/s 32, 0, 2;
    %store/vec4 v0x593053d6b530_0, 0, 32;
    %alloc S_0x593053d6a7b0;
    %load/vec4 v0x593053d6be30_0;
    %store/vec4 v0x593053d68d60_0, 0, 32;
    %callf/vec4 TD_tb_aes_decipher_block.dut.inv_mixw, S_0x593053d6a7b0;
    %free S_0x593053d6a7b0;
    %store/vec4 v0x593053d6b610_0, 0, 32;
    %alloc S_0x593053d6a7b0;
    %load/vec4 v0x593053d6bef0_0;
    %store/vec4 v0x593053d68d60_0, 0, 32;
    %callf/vec4 TD_tb_aes_decipher_block.dut.inv_mixw, S_0x593053d6a7b0;
    %free S_0x593053d6a7b0;
    %store/vec4 v0x593053d6b0b0_0, 0, 32;
    %alloc S_0x593053d6a7b0;
    %load/vec4 v0x593053d6b9b0_0;
    %store/vec4 v0x593053d68d60_0, 0, 32;
    %callf/vec4 TD_tb_aes_decipher_block.dut.inv_mixw, S_0x593053d6a7b0;
    %free S_0x593053d6a7b0;
    %store/vec4 v0x593053d6b190_0, 0, 32;
    %alloc S_0x593053d6a7b0;
    %load/vec4 v0x593053d6b530_0;
    %store/vec4 v0x593053d68d60_0, 0, 32;
    %callf/vec4 TD_tb_aes_decipher_block.dut.inv_mixw, S_0x593053d6a7b0;
    %free S_0x593053d6a7b0;
    %store/vec4 v0x593053d6ace0_0, 0, 32;
    %load/vec4 v0x593053d6b610_0;
    %load/vec4 v0x593053d6b0b0_0;
    %concat/vec4; draw_concat_vec4
    %load/vec4 v0x593053d6b190_0;
    %concat/vec4; draw_concat_vec4
    %load/vec4 v0x593053d6ace0_0;
    %concat/vec4; draw_concat_vec4
    %ret/vec4 0, 0, 128;  Assign to inv_mixcolumns (store_vec4_to_lval)
    %end;
S_0x593053d6a7b0 .scope autofunction.vec4.s32, "inv_mixw" "inv_mixw" 4 90, 4 90 0, S_0x593053d749b0;
 .timescale 0 0;
v0x593053d6a330_0 .var "b0", 7 0;
v0x593053d6a430_0 .var "b1", 7 0;
v0x593053d69eb0_0 .var "b2", 7 0;
v0x593053d69f70_0 .var "b3", 7 0;
; Variable inv_mixw is vec4 return value of scope S_0x593053d6a7b0
v0x593053d695b0_0 .var "mb0", 7 0;
v0x593053d69690_0 .var "mb1", 7 0;
v0x593053d69130_0 .var "mb2", 7 0;
v0x593053d69210_0 .var "mb3", 7 0;
v0x593053d68d60_0 .var "w", 31 0;
TD_tb_aes_decipher_block.dut.inv_mixw ;
    %load/vec4 v0x593053d68d60_0;
    %parti/s 8, 24, 6;
    %store/vec4 v0x593053d6a330_0, 0, 8;
    %load/vec4 v0x593053d68d60_0;
    %parti/s 8, 16, 6;
    %store/vec4 v0x593053d6a430_0, 0, 8;
    %load/vec4 v0x593053d68d60_0;
    %parti/s 8, 8, 5;
    %store/vec4 v0x593053d69eb0_0, 0, 8;
    %load/vec4 v0x593053d68d60_0;
    %parti/s 8, 0, 2;
    %store/vec4 v0x593053d69f70_0, 0, 8;
    %alloc S_0x593053d6fd30;
    %load/vec4 v0x593053d6a330_0;
    %store/vec4 v0x593053d6f8f0_0, 0, 8;
    %callf/vec4 TD_tb_aes_decipher_block.dut.gm14, S_0x593053d6fd30;
    %free S_0x593053d6fd30;
    %alloc S_0x593053d713b0;
    %load/vec4 v0x593053d6a430_0;
    %store/vec4 v0x593053d71030_0, 0, 8;
    %callf/vec4 TD_tb_aes_decipher_block.dut.gm11, S_0x593053d713b0;
    %free S_0x593053d713b0;
    %xor;
    %alloc S_0x593053d70ab0;
    %load/vec4 v0x593053d69eb0_0;
    %store/vec4 v0x593053d701b0_0, 0, 8;
    %callf/vec4 TD_tb_aes_decipher_block.dut.gm13, S_0x593053d70ab0;
    %free S_0x593053d70ab0;
    %xor;
    %alloc S_0x593053d71cb0;
    %load/vec4 v0x593053d69f70_0;
    %store/vec4 v0x593053d71830_0, 0, 8;
    %callf/vec4 TD_tb_aes_decipher_block.dut.gm09, S_0x593053d71cb0;
    %free S_0x593053d71cb0;
    %xor;
    %store/vec4 v0x593053d695b0_0, 0, 8;
    %alloc S_0x593053d71cb0;
    %load/vec4 v0x593053d6a330_0;
    %store/vec4 v0x593053d71830_0, 0, 8;
    %callf/vec4 TD_tb_aes_decipher_block.dut.gm09, S_0x593053d71cb0;
    %free S_0x593053d71cb0;
    %alloc S_0x593053d6fd30;
    %load/vec4 v0x593053d6a430_0;
    %store/vec4 v0x593053d6f8f0_0, 0, 8;
    %callf/vec4 TD_tb_aes_decipher_block.dut.gm14, S_0x593053d6fd30;
    %free S_0x593053d6fd30;
    %xor;
    %alloc S_0x593053d713b0;
    %load/vec4 v0x593053d69eb0_0;
    %store/vec4 v0x593053d71030_0, 0, 8;
    %callf/vec4 TD_tb_aes_decipher_block.dut.gm11, S_0x593053d713b0;
    %free S_0x593053d713b0;
    %xor;
    %alloc S_0x593053d70ab0;
    %load/vec4 v0x593053d69f70_0;
    %store/vec4 v0x593053d701b0_0, 0, 8;
    %callf/vec4 TD_tb_aes_decipher_block.dut.gm13, S_0x593053d70ab0;
    %free S_0x593053d70ab0;
    %xor;
    %store/vec4 v0x593053d69690_0, 0, 8;
    %alloc S_0x593053d70ab0;
    %load/vec4 v0x593053d6a330_0;
    %store/vec4 v0x593053d701b0_0, 0, 8;
    %callf/vec4 TD_tb_aes_decipher_block.dut.gm13, S_0x593053d70ab0;
    %free S_0x593053d70ab0;
    %alloc S_0x593053d71cb0;
    %load/vec4 v0x593053d6a430_0;
    %store/vec4 v0x593053d71830_0, 0, 8;
    %callf/vec4 TD_tb_aes_decipher_block.dut.gm09, S_0x593053d71cb0;
    %free S_0x593053d71cb0;
    %xor;
    %alloc S_0x593053d6fd30;
    %load/vec4 v0x593053d69eb0_0;
    %store/vec4 v0x593053d6f8f0_0, 0, 8;
    %callf/vec4 TD_tb_aes_decipher_block.dut.gm14, S_0x593053d6fd30;
    %free S_0x593053d6fd30;
    %xor;
    %alloc S_0x593053d713b0;
    %load/vec4 v0x593053d69f70_0;
    %store/vec4 v0x593053d71030_0, 0, 8;
    %callf/vec4 TD_tb_aes_decipher_block.dut.gm11, S_0x593053d713b0;
    %free S_0x593053d713b0;
    %xor;
    %store/vec4 v0x593053d69130_0, 0, 8;
    %alloc S_0x593053d713b0;
    %load/vec4 v0x593053d6a330_0;
    %store/vec4 v0x593053d71030_0, 0, 8;
    %callf/vec4 TD_tb_aes_decipher_block.dut.gm11, S_0x593053d713b0;
    %free S_0x593053d713b0;
    %alloc S_0x593053d70ab0;
    %load/vec4 v0x593053d6a430_0;
    %store/vec4 v0x593053d701b0_0, 0, 8;
    %callf/vec4 TD_tb_aes_decipher_block.dut.gm13, S_0x593053d70ab0;
    %free S_0x593053d70ab0;
    %xor;
    %alloc S_0x593053d71cb0;
    %load/vec4 v0x593053d69eb0_0;
    %store/vec4 v0x593053d71830_0, 0, 8;
    %callf/vec4 TD_tb_aes_decipher_block.dut.gm09, S_0x593053d71cb0;
    %free S_0x593053d71cb0;
    %xor;
    %alloc S_0x593053d6fd30;
    %load/vec4 v0x593053d69f70_0;
    %store/vec4 v0x593053d6f8f0_0, 0, 8;
    %callf/vec4 TD_tb_aes_decipher_block.dut.gm14, S_0x593053d6fd30;
    %free S_0x593053d6fd30;
    %xor;
    %store/vec4 v0x593053d69210_0, 0, 8;
    %load/vec4 v0x593053d695b0_0;
    %load/vec4 v0x593053d69690_0;
    %concat/vec4; draw_concat_vec4
    %load/vec4 v0x593053d69130_0;
    %concat/vec4; draw_concat_vec4
    %load/vec4 v0x593053d69210_0;
    %concat/vec4; draw_concat_vec4
    %ret/vec4 0, 0, 32;  Assign to inv_mixw (store_vec4_to_lval)
    %end;
S_0x593053d68830 .scope module, "inv_sbox_inst" "aes_inv_sbox" 4 203, 5 1 0, S_0x593053d749b0;
 .timescale 0 0;
    .port_info 0 /INPUT 1 "clk";
    .port_info 1 /INPUT 1 "rst_n";
    .port_info 2 /INPUT 1 "sbox_en";
    .port_info 3 /INPUT 32 "sboxw";
    .port_info 4 /OUTPUT 32 "new_sboxw";
    .port_info 5 /OUTPUT 1 "sbox_locked";
L_0x593053cf2780 .functor BUFZ 1, v0x593053d644b0_0, C4<0>, C4<0>, C4<0>;
v0x593053d67f30_0 .net *"_ivl_10", 9 0, L_0x593053cf1e80;  1 drivers
L_0x7a8c36e36600 .functor BUFT 1, C4<00>, C4<0>, C4<0>, C4<0>;
v0x593053d68030_0 .net *"_ivl_13", 1 0, L_0x7a8c36e36600;  1 drivers
v0x593053d67ab0_0 .net *"_ivl_14", 7 0, L_0x593053cf1a00;  1 drivers
L_0x7a8c36e36648 .functor BUFT 1, C4<00000000>, C4<0>, C4<0>, C4<0>;
v0x593053d67b70_0 .net/2u *"_ivl_18", 7 0, L_0x7a8c36e36648;  1 drivers
v0x593053d67630_0 .net *"_ivl_20", 7 0, L_0x593053cf1580;  1 drivers
v0x593053d671b0_0 .net *"_ivl_23", 7 0, L_0x593053cf1620;  1 drivers
v0x593053d67290_0 .net *"_ivl_24", 9 0, L_0x593053cf1100;  1 drivers
L_0x7a8c36e36690 .functor BUFT 1, C4<00>, C4<0>, C4<0>, C4<0>;
v0x593053d66d30_0 .net *"_ivl_27", 1 0, L_0x7a8c36e36690;  1 drivers
v0x593053d66df0_0 .net *"_ivl_28", 7 0, L_0x593053cf0c80;  1 drivers
L_0x7a8c36e366d8 .functor BUFT 1, C4<00000000>, C4<0>, C4<0>, C4<0>;
v0x593053d66980_0 .net/2u *"_ivl_32", 7 0, L_0x7a8c36e366d8;  1 drivers
v0x593053d66430_0 .net *"_ivl_34", 7 0, L_0x593053cf0800;  1 drivers
v0x593053d664f0_0 .net *"_ivl_37", 7 0, L_0x593053cf08a0;  1 drivers
v0x593053d65fb0_0 .net *"_ivl_38", 9 0, L_0x593053cf0410;  1 drivers
L_0x7a8c36e365b8 .functor BUFT 1, C4<00000000>, C4<0>, C4<0>, C4<0>;
v0x593053d66090_0 .net/2u *"_ivl_4", 7 0, L_0x7a8c36e365b8;  1 drivers
L_0x7a8c36e36720 .functor BUFT 1, C4<00>, C4<0>, C4<0>, C4<0>;
v0x593053d65b30_0 .net *"_ivl_41", 1 0, L_0x7a8c36e36720;  1 drivers
v0x593053d65c10_0 .net *"_ivl_42", 7 0, L_0x593053ceff00;  1 drivers
L_0x7a8c36e36768 .functor BUFT 1, C4<00000000>, C4<0>, C4<0>, C4<0>;
v0x593053d656b0_0 .net/2u *"_ivl_47", 7 0, L_0x7a8c36e36768;  1 drivers
v0x593053d65790_0 .net *"_ivl_49", 7 0, L_0x593053cef6a0;  1 drivers
v0x593053d65230_0 .net *"_ivl_52", 7 0, L_0x593053cef200;  1 drivers
v0x593053d65310_0 .net *"_ivl_53", 9 0, L_0x593053ceed00;  1 drivers
L_0x7a8c36e367b0 .functor BUFT 1, C4<00>, C4<0>, C4<0>, C4<0>;
v0x593053d64db0_0 .net *"_ivl_56", 1 0, L_0x7a8c36e367b0;  1 drivers
v0x593053d64e90_0 .net *"_ivl_57", 7 0, L_0x593053cee960;  1 drivers
v0x593053d64930_0 .net *"_ivl_6", 7 0, L_0x593053cf2880;  1 drivers
v0x593053d64a10_0 .net *"_ivl_9", 7 0, L_0x593053cf2300;  1 drivers
v0x593053d644b0_0 .var "aes_locked_reg", 0 0;
o0x7a8c36e81d48 .functor BUFZ 1, C4<z>; HiZ drive
v0x593053d64550_0 .net "clk", 0 0, o0x7a8c36e81d48;  0 drivers
L_0x7a8c36e367f8 .functor BUFT 1, C4<01010010>, C4<0>, C4<0>, C4<0>;
v0x593053d64030 .array "inv_sbox", 255 0;
v0x593053d64030_0 .net v0x593053d64030 0, 7 0, L_0x7a8c36e367f8; 1 drivers
L_0x7a8c36e36840 .functor BUFT 1, C4<00001001>, C4<0>, C4<0>, C4<0>;
v0x593053d64030_1 .net v0x593053d64030 1, 7 0, L_0x7a8c36e36840; 1 drivers
L_0x7a8c36e36888 .functor BUFT 1, C4<01101010>, C4<0>, C4<0>, C4<0>;
v0x593053d64030_2 .net v0x593053d64030 2, 7 0, L_0x7a8c36e36888; 1 drivers
L_0x7a8c36e368d0 .functor BUFT 1, C4<11010101>, C4<0>, C4<0>, C4<0>;
v0x593053d64030_3 .net v0x593053d64030 3, 7 0, L_0x7a8c36e368d0; 1 drivers
L_0x7a8c36e36918 .functor BUFT 1, C4<00110000>, C4<0>, C4<0>, C4<0>;
v0x593053d64030_4 .net v0x593053d64030 4, 7 0, L_0x7a8c36e36918; 1 drivers
L_0x7a8c36e36960 .functor BUFT 1, C4<00110110>, C4<0>, C4<0>, C4<0>;
v0x593053d64030_5 .net v0x593053d64030 5, 7 0, L_0x7a8c36e36960; 1 drivers
L_0x7a8c36e369a8 .functor BUFT 1, C4<10100101>, C4<0>, C4<0>, C4<0>;
v0x593053d64030_6 .net v0x593053d64030 6, 7 0, L_0x7a8c36e369a8; 1 drivers
L_0x7a8c36e369f0 .functor BUFT 1, C4<00111000>, C4<0>, C4<0>, C4<0>;
v0x593053d64030_7 .net v0x593053d64030 7, 7 0, L_0x7a8c36e369f0; 1 drivers
L_0x7a8c36e36a38 .functor BUFT 1, C4<10111111>, C4<0>, C4<0>, C4<0>;
v0x593053d64030_8 .net v0x593053d64030 8, 7 0, L_0x7a8c36e36a38; 1 drivers
L_0x7a8c36e36a80 .functor BUFT 1, C4<01000000>, C4<0>, C4<0>, C4<0>;
v0x593053d64030_9 .net v0x593053d64030 9, 7 0, L_0x7a8c36e36a80; 1 drivers
L_0x7a8c36e36ac8 .functor BUFT 1, C4<10100011>, C4<0>, C4<0>, C4<0>;
v0x593053d64030_10 .net v0x593053d64030 10, 7 0, L_0x7a8c36e36ac8; 1 drivers
L_0x7a8c36e36b10 .functor BUFT 1, C4<10011110>, C4<0>, C4<0>, C4<0>;
v0x593053d64030_11 .net v0x593053d64030 11, 7 0, L_0x7a8c36e36b10; 1 drivers
L_0x7a8c36e36b58 .functor BUFT 1, C4<10000001>, C4<0>, C4<0>, C4<0>;
v0x593053d64030_12 .net v0x593053d64030 12, 7 0, L_0x7a8c36e36b58; 1 drivers
L_0x7a8c36e36ba0 .functor BUFT 1, C4<11110011>, C4<0>, C4<0>, C4<0>;
v0x593053d64030_13 .net v0x593053d64030 13, 7 0, L_0x7a8c36e36ba0; 1 drivers
L_0x7a8c36e36be8 .functor BUFT 1, C4<11010111>, C4<0>, C4<0>, C4<0>;
v0x593053d64030_14 .net v0x593053d64030 14, 7 0, L_0x7a8c36e36be8; 1 drivers
L_0x7a8c36e36c30 .functor BUFT 1, C4<11111011>, C4<0>, C4<0>, C4<0>;
v0x593053d64030_15 .net v0x593053d64030 15, 7 0, L_0x7a8c36e36c30; 1 drivers
L_0x7a8c36e36c78 .functor BUFT 1, C4<01111100>, C4<0>, C4<0>, C4<0>;
v0x593053d64030_16 .net v0x593053d64030 16, 7 0, L_0x7a8c36e36c78; 1 drivers
L_0x7a8c36e36cc0 .functor BUFT 1, C4<11100011>, C4<0>, C4<0>, C4<0>;
v0x593053d64030_17 .net v0x593053d64030 17, 7 0, L_0x7a8c36e36cc0; 1 drivers
L_0x7a8c36e36d08 .functor BUFT 1, C4<00111001>, C4<0>, C4<0>, C4<0>;
v0x593053d64030_18 .net v0x593053d64030 18, 7 0, L_0x7a8c36e36d08; 1 drivers
L_0x7a8c36e36d50 .functor BUFT 1, C4<10000010>, C4<0>, C4<0>, C4<0>;
v0x593053d64030_19 .net v0x593053d64030 19, 7 0, L_0x7a8c36e36d50; 1 drivers
L_0x7a8c36e36d98 .functor BUFT 1, C4<10011011>, C4<0>, C4<0>, C4<0>;
v0x593053d64030_20 .net v0x593053d64030 20, 7 0, L_0x7a8c36e36d98; 1 drivers
L_0x7a8c36e36de0 .functor BUFT 1, C4<00101111>, C4<0>, C4<0>, C4<0>;
v0x593053d64030_21 .net v0x593053d64030 21, 7 0, L_0x7a8c36e36de0; 1 drivers
L_0x7a8c36e36e28 .functor BUFT 1, C4<11111111>, C4<0>, C4<0>, C4<0>;
v0x593053d64030_22 .net v0x593053d64030 22, 7 0, L_0x7a8c36e36e28; 1 drivers
L_0x7a8c36e36e70 .functor BUFT 1, C4<10000111>, C4<0>, C4<0>, C4<0>;
v0x593053d64030_23 .net v0x593053d64030 23, 7 0, L_0x7a8c36e36e70; 1 drivers
L_0x7a8c36e36eb8 .functor BUFT 1, C4<00110100>, C4<0>, C4<0>, C4<0>;
v0x593053d64030_24 .net v0x593053d64030 24, 7 0, L_0x7a8c36e36eb8; 1 drivers
L_0x7a8c36e36f00 .functor BUFT 1, C4<10001110>, C4<0>, C4<0>, C4<0>;
v0x593053d64030_25 .net v0x593053d64030 25, 7 0, L_0x7a8c36e36f00; 1 drivers
L_0x7a8c36e36f48 .functor BUFT 1, C4<01000011>, C4<0>, C4<0>, C4<0>;
v0x593053d64030_26 .net v0x593053d64030 26, 7 0, L_0x7a8c36e36f48; 1 drivers
L_0x7a8c36e36f90 .functor BUFT 1, C4<01000100>, C4<0>, C4<0>, C4<0>;
v0x593053d64030_27 .net v0x593053d64030 27, 7 0, L_0x7a8c36e36f90; 1 drivers
L_0x7a8c36e36fd8 .functor BUFT 1, C4<11000100>, C4<0>, C4<0>, C4<0>;
v0x593053d64030_28 .net v0x593053d64030 28, 7 0, L_0x7a8c36e36fd8; 1 drivers
L_0x7a8c36e37020 .functor BUFT 1, C4<11011110>, C4<0>, C4<0>, C4<0>;
v0x593053d64030_29 .net v0x593053d64030 29, 7 0, L_0x7a8c36e37020; 1 drivers
L_0x7a8c36e37068 .functor BUFT 1, C4<11101001>, C4<0>, C4<0>, C4<0>;
v0x593053d64030_30 .net v0x593053d64030 30, 7 0, L_0x7a8c36e37068; 1 drivers
L_0x7a8c36e370b0 .functor BUFT 1, C4<11001011>, C4<0>, C4<0>, C4<0>;
v0x593053d64030_31 .net v0x593053d64030 31, 7 0, L_0x7a8c36e370b0; 1 drivers
L_0x7a8c36e370f8 .functor BUFT 1, C4<01010100>, C4<0>, C4<0>, C4<0>;
v0x593053d64030_32 .net v0x593053d64030 32, 7 0, L_0x7a8c36e370f8; 1 drivers
L_0x7a8c36e37140 .functor BUFT 1, C4<01111011>, C4<0>, C4<0>, C4<0>;
v0x593053d64030_33 .net v0x593053d64030 33, 7 0, L_0x7a8c36e37140; 1 drivers
L_0x7a8c36e37188 .functor BUFT 1, C4<10010100>, C4<0>, C4<0>, C4<0>;
v0x593053d64030_34 .net v0x593053d64030 34, 7 0, L_0x7a8c36e37188; 1 drivers
L_0x7a8c36e371d0 .functor BUFT 1, C4<00110010>, C4<0>, C4<0>, C4<0>;
v0x593053d64030_35 .net v0x593053d64030 35, 7 0, L_0x7a8c36e371d0; 1 drivers
L_0x7a8c36e37218 .functor BUFT 1, C4<10100110>, C4<0>, C4<0>, C4<0>;
v0x593053d64030_36 .net v0x593053d64030 36, 7 0, L_0x7a8c36e37218; 1 drivers
L_0x7a8c36e37260 .functor BUFT 1, C4<11000010>, C4<0>, C4<0>, C4<0>;
v0x593053d64030_37 .net v0x593053d64030 37, 7 0, L_0x7a8c36e37260; 1 drivers
L_0x7a8c36e372a8 .functor BUFT 1, C4<00100011>, C4<0>, C4<0>, C4<0>;
v0x593053d64030_38 .net v0x593053d64030 38, 7 0, L_0x7a8c36e372a8; 1 drivers
L_0x7a8c36e372f0 .functor BUFT 1, C4<00111101>, C4<0>, C4<0>, C4<0>;
v0x593053d64030_39 .net v0x593053d64030 39, 7 0, L_0x7a8c36e372f0; 1 drivers
L_0x7a8c36e37338 .functor BUFT 1, C4<11101110>, C4<0>, C4<0>, C4<0>;
v0x593053d64030_40 .net v0x593053d64030 40, 7 0, L_0x7a8c36e37338; 1 drivers
L_0x7a8c36e37380 .functor BUFT 1, C4<01001100>, C4<0>, C4<0>, C4<0>;
v0x593053d64030_41 .net v0x593053d64030 41, 7 0, L_0x7a8c36e37380; 1 drivers
L_0x7a8c36e373c8 .functor BUFT 1, C4<10010101>, C4<0>, C4<0>, C4<0>;
v0x593053d64030_42 .net v0x593053d64030 42, 7 0, L_0x7a8c36e373c8; 1 drivers
L_0x7a8c36e37410 .functor BUFT 1, C4<00001011>, C4<0>, C4<0>, C4<0>;
v0x593053d64030_43 .net v0x593053d64030 43, 7 0, L_0x7a8c36e37410; 1 drivers
L_0x7a8c36e37458 .functor BUFT 1, C4<01000010>, C4<0>, C4<0>, C4<0>;
v0x593053d64030_44 .net v0x593053d64030 44, 7 0, L_0x7a8c36e37458; 1 drivers
L_0x7a8c36e374a0 .functor BUFT 1, C4<11111010>, C4<0>, C4<0>, C4<0>;
v0x593053d64030_45 .net v0x593053d64030 45, 7 0, L_0x7a8c36e374a0; 1 drivers
L_0x7a8c36e374e8 .functor BUFT 1, C4<11000011>, C4<0>, C4<0>, C4<0>;
v0x593053d64030_46 .net v0x593053d64030 46, 7 0, L_0x7a8c36e374e8; 1 drivers
L_0x7a8c36e37530 .functor BUFT 1, C4<01001110>, C4<0>, C4<0>, C4<0>;
v0x593053d64030_47 .net v0x593053d64030 47, 7 0, L_0x7a8c36e37530; 1 drivers
L_0x7a8c36e37578 .functor BUFT 1, C4<00001000>, C4<0>, C4<0>, C4<0>;
v0x593053d64030_48 .net v0x593053d64030 48, 7 0, L_0x7a8c36e37578; 1 drivers
L_0x7a8c36e375c0 .functor BUFT 1, C4<00101110>, C4<0>, C4<0>, C4<0>;
v0x593053d64030_49 .net v0x593053d64030 49, 7 0, L_0x7a8c36e375c0; 1 drivers
L_0x7a8c36e37608 .functor BUFT 1, C4<10100001>, C4<0>, C4<0>, C4<0>;
v0x593053d64030_50 .net v0x593053d64030 50, 7 0, L_0x7a8c36e37608; 1 drivers
L_0x7a8c36e37650 .functor BUFT 1, C4<01100110>, C4<0>, C4<0>, C4<0>;
v0x593053d64030_51 .net v0x593053d64030 51, 7 0, L_0x7a8c36e37650; 1 drivers
L_0x7a8c36e37698 .functor BUFT 1, C4<00101000>, C4<0>, C4<0>, C4<0>;
v0x593053d64030_52 .net v0x593053d64030 52, 7 0, L_0x7a8c36e37698; 1 drivers
L_0x7a8c36e376e0 .functor BUFT 1, C4<11011001>, C4<0>, C4<0>, C4<0>;
v0x593053d64030_53 .net v0x593053d64030 53, 7 0, L_0x7a8c36e376e0; 1 drivers
L_0x7a8c36e37728 .functor BUFT 1, C4<00100100>, C4<0>, C4<0>, C4<0>;
v0x593053d64030_54 .net v0x593053d64030 54, 7 0, L_0x7a8c36e37728; 1 drivers
L_0x7a8c36e37770 .functor BUFT 1, C4<10110010>, C4<0>, C4<0>, C4<0>;
v0x593053d64030_55 .net v0x593053d64030 55, 7 0, L_0x7a8c36e37770; 1 drivers
L_0x7a8c36e377b8 .functor BUFT 1, C4<01110110>, C4<0>, C4<0>, C4<0>;
v0x593053d64030_56 .net v0x593053d64030 56, 7 0, L_0x7a8c36e377b8; 1 drivers
L_0x7a8c36e37800 .functor BUFT 1, C4<01011011>, C4<0>, C4<0>, C4<0>;
v0x593053d64030_57 .net v0x593053d64030 57, 7 0, L_0x7a8c36e37800; 1 drivers
L_0x7a8c36e37848 .functor BUFT 1, C4<10100010>, C4<0>, C4<0>, C4<0>;
v0x593053d64030_58 .net v0x593053d64030 58, 7 0, L_0x7a8c36e37848; 1 drivers
L_0x7a8c36e37890 .functor BUFT 1, C4<01001001>, C4<0>, C4<0>, C4<0>;
v0x593053d64030_59 .net v0x593053d64030 59, 7 0, L_0x7a8c36e37890; 1 drivers
L_0x7a8c36e378d8 .functor BUFT 1, C4<01101101>, C4<0>, C4<0>, C4<0>;
v0x593053d64030_60 .net v0x593053d64030 60, 7 0, L_0x7a8c36e378d8; 1 drivers
L_0x7a8c36e37920 .functor BUFT 1, C4<10001011>, C4<0>, C4<0>, C4<0>;
v0x593053d64030_61 .net v0x593053d64030 61, 7 0, L_0x7a8c36e37920; 1 drivers
L_0x7a8c36e37968 .functor BUFT 1, C4<11010001>, C4<0>, C4<0>, C4<0>;
v0x593053d64030_62 .net v0x593053d64030 62, 7 0, L_0x7a8c36e37968; 1 drivers
L_0x7a8c36e379b0 .functor BUFT 1, C4<00100101>, C4<0>, C4<0>, C4<0>;
v0x593053d64030_63 .net v0x593053d64030 63, 7 0, L_0x7a8c36e379b0; 1 drivers
L_0x7a8c36e379f8 .functor BUFT 1, C4<01110010>, C4<0>, C4<0>, C4<0>;
v0x593053d64030_64 .net v0x593053d64030 64, 7 0, L_0x7a8c36e379f8; 1 drivers
L_0x7a8c36e37a40 .functor BUFT 1, C4<11111000>, C4<0>, C4<0>, C4<0>;
v0x593053d64030_65 .net v0x593053d64030 65, 7 0, L_0x7a8c36e37a40; 1 drivers
L_0x7a8c36e37a88 .functor BUFT 1, C4<11110110>, C4<0>, C4<0>, C4<0>;
v0x593053d64030_66 .net v0x593053d64030 66, 7 0, L_0x7a8c36e37a88; 1 drivers
L_0x7a8c36e37ad0 .functor BUFT 1, C4<01100100>, C4<0>, C4<0>, C4<0>;
v0x593053d64030_67 .net v0x593053d64030 67, 7 0, L_0x7a8c36e37ad0; 1 drivers
L_0x7a8c36e37b18 .functor BUFT 1, C4<10000110>, C4<0>, C4<0>, C4<0>;
v0x593053d64030_68 .net v0x593053d64030 68, 7 0, L_0x7a8c36e37b18; 1 drivers
L_0x7a8c36e37b60 .functor BUFT 1, C4<01101000>, C4<0>, C4<0>, C4<0>;
v0x593053d64030_69 .net v0x593053d64030 69, 7 0, L_0x7a8c36e37b60; 1 drivers
L_0x7a8c36e37ba8 .functor BUFT 1, C4<10011000>, C4<0>, C4<0>, C4<0>;
v0x593053d64030_70 .net v0x593053d64030 70, 7 0, L_0x7a8c36e37ba8; 1 drivers
L_0x7a8c36e37bf0 .functor BUFT 1, C4<00010110>, C4<0>, C4<0>, C4<0>;
v0x593053d64030_71 .net v0x593053d64030 71, 7 0, L_0x7a8c36e37bf0; 1 drivers
L_0x7a8c36e37c38 .functor BUFT 1, C4<11010100>, C4<0>, C4<0>, C4<0>;
v0x593053d64030_72 .net v0x593053d64030 72, 7 0, L_0x7a8c36e37c38; 1 drivers
L_0x7a8c36e37c80 .functor BUFT 1, C4<10100100>, C4<0>, C4<0>, C4<0>;
v0x593053d64030_73 .net v0x593053d64030 73, 7 0, L_0x7a8c36e37c80; 1 drivers
L_0x7a8c36e37cc8 .functor BUFT 1, C4<01011100>, C4<0>, C4<0>, C4<0>;
v0x593053d64030_74 .net v0x593053d64030 74, 7 0, L_0x7a8c36e37cc8; 1 drivers
L_0x7a8c36e37d10 .functor BUFT 1, C4<11001100>, C4<0>, C4<0>, C4<0>;
v0x593053d64030_75 .net v0x593053d64030 75, 7 0, L_0x7a8c36e37d10; 1 drivers
L_0x7a8c36e37d58 .functor BUFT 1, C4<01011101>, C4<0>, C4<0>, C4<0>;
v0x593053d64030_76 .net v0x593053d64030 76, 7 0, L_0x7a8c36e37d58; 1 drivers
L_0x7a8c36e37da0 .functor BUFT 1, C4<01100101>, C4<0>, C4<0>, C4<0>;
v0x593053d64030_77 .net v0x593053d64030 77, 7 0, L_0x7a8c36e37da0; 1 drivers
L_0x7a8c36e37de8 .functor BUFT 1, C4<10110110>, C4<0>, C4<0>, C4<0>;
v0x593053d64030_78 .net v0x593053d64030 78, 7 0, L_0x7a8c36e37de8; 1 drivers
L_0x7a8c36e37e30 .functor BUFT 1, C4<10010010>, C4<0>, C4<0>, C4<0>;
v0x593053d64030_79 .net v0x593053d64030 79, 7 0, L_0x7a8c36e37e30; 1 drivers
L_0x7a8c36e37e78 .functor BUFT 1, C4<01101100>, C4<0>, C4<0>, C4<0>;
v0x593053d64030_80 .net v0x593053d64030 80, 7 0, L_0x7a8c36e37e78; 1 drivers
L_0x7a8c36e37ec0 .functor BUFT 1, C4<01110000>, C4<0>, C4<0>, C4<0>;
v0x593053d64030_81 .net v0x593053d64030 81, 7 0, L_0x7a8c36e37ec0; 1 drivers
L_0x7a8c36e37f08 .functor BUFT 1, C4<01001000>, C4<0>, C4<0>, C4<0>;
v0x593053d64030_82 .net v0x593053d64030 82, 7 0, L_0x7a8c36e37f08; 1 drivers
L_0x7a8c36e37f50 .functor BUFT 1, C4<01010000>, C4<0>, C4<0>, C4<0>;
v0x593053d64030_83 .net v0x593053d64030 83, 7 0, L_0x7a8c36e37f50; 1 drivers
L_0x7a8c36e37f98 .functor BUFT 1, C4<11111101>, C4<0>, C4<0>, C4<0>;
v0x593053d64030_84 .net v0x593053d64030 84, 7 0, L_0x7a8c36e37f98; 1 drivers
L_0x7a8c36e37fe0 .functor BUFT 1, C4<11101101>, C4<0>, C4<0>, C4<0>;
v0x593053d64030_85 .net v0x593053d64030 85, 7 0, L_0x7a8c36e37fe0; 1 drivers
L_0x7a8c36e38028 .functor BUFT 1, C4<10111001>, C4<0>, C4<0>, C4<0>;
v0x593053d64030_86 .net v0x593053d64030 86, 7 0, L_0x7a8c36e38028; 1 drivers
L_0x7a8c36e38070 .functor BUFT 1, C4<11011010>, C4<0>, C4<0>, C4<0>;
v0x593053d64030_87 .net v0x593053d64030 87, 7 0, L_0x7a8c36e38070; 1 drivers
L_0x7a8c36e380b8 .functor BUFT 1, C4<01011110>, C4<0>, C4<0>, C4<0>;
v0x593053d64030_88 .net v0x593053d64030 88, 7 0, L_0x7a8c36e380b8; 1 drivers
L_0x7a8c36e38100 .functor BUFT 1, C4<00010101>, C4<0>, C4<0>, C4<0>;
v0x593053d64030_89 .net v0x593053d64030 89, 7 0, L_0x7a8c36e38100; 1 drivers
L_0x7a8c36e38148 .functor BUFT 1, C4<01000110>, C4<0>, C4<0>, C4<0>;
v0x593053d64030_90 .net v0x593053d64030 90, 7 0, L_0x7a8c36e38148; 1 drivers
L_0x7a8c36e38190 .functor BUFT 1, C4<01010111>, C4<0>, C4<0>, C4<0>;
v0x593053d64030_91 .net v0x593053d64030 91, 7 0, L_0x7a8c36e38190; 1 drivers
L_0x7a8c36e381d8 .functor BUFT 1, C4<10100111>, C4<0>, C4<0>, C4<0>;
v0x593053d64030_92 .net v0x593053d64030 92, 7 0, L_0x7a8c36e381d8; 1 drivers
L_0x7a8c36e38220 .functor BUFT 1, C4<10001101>, C4<0>, C4<0>, C4<0>;
v0x593053d64030_93 .net v0x593053d64030 93, 7 0, L_0x7a8c36e38220; 1 drivers
L_0x7a8c36e38268 .functor BUFT 1, C4<10011101>, C4<0>, C4<0>, C4<0>;
v0x593053d64030_94 .net v0x593053d64030 94, 7 0, L_0x7a8c36e38268; 1 drivers
L_0x7a8c36e382b0 .functor BUFT 1, C4<10000100>, C4<0>, C4<0>, C4<0>;
v0x593053d64030_95 .net v0x593053d64030 95, 7 0, L_0x7a8c36e382b0; 1 drivers
L_0x7a8c36e382f8 .functor BUFT 1, C4<10010000>, C4<0>, C4<0>, C4<0>;
v0x593053d64030_96 .net v0x593053d64030 96, 7 0, L_0x7a8c36e382f8; 1 drivers
L_0x7a8c36e38340 .functor BUFT 1, C4<11011000>, C4<0>, C4<0>, C4<0>;
v0x593053d64030_97 .net v0x593053d64030 97, 7 0, L_0x7a8c36e38340; 1 drivers
L_0x7a8c36e38388 .functor BUFT 1, C4<10101011>, C4<0>, C4<0>, C4<0>;
v0x593053d64030_98 .net v0x593053d64030 98, 7 0, L_0x7a8c36e38388; 1 drivers
L_0x7a8c36e383d0 .functor BUFT 1, C4<00000000>, C4<0>, C4<0>, C4<0>;
v0x593053d64030_99 .net v0x593053d64030 99, 7 0, L_0x7a8c36e383d0; 1 drivers
L_0x7a8c36e38418 .functor BUFT 1, C4<10001100>, C4<0>, C4<0>, C4<0>;
v0x593053d64030_100 .net v0x593053d64030 100, 7 0, L_0x7a8c36e38418; 1 drivers
L_0x7a8c36e38460 .functor BUFT 1, C4<10111100>, C4<0>, C4<0>, C4<0>;
v0x593053d64030_101 .net v0x593053d64030 101, 7 0, L_0x7a8c36e38460; 1 drivers
L_0x7a8c36e384a8 .functor BUFT 1, C4<11010011>, C4<0>, C4<0>, C4<0>;
v0x593053d64030_102 .net v0x593053d64030 102, 7 0, L_0x7a8c36e384a8; 1 drivers
L_0x7a8c36e384f0 .functor BUFT 1, C4<00001010>, C4<0>, C4<0>, C4<0>;
v0x593053d64030_103 .net v0x593053d64030 103, 7 0, L_0x7a8c36e384f0; 1 drivers
L_0x7a8c36e38538 .functor BUFT 1, C4<11110111>, C4<0>, C4<0>, C4<0>;
v0x593053d64030_104 .net v0x593053d64030 104, 7 0, L_0x7a8c36e38538; 1 drivers
L_0x7a8c36e38580 .functor BUFT 1, C4<11100100>, C4<0>, C4<0>, C4<0>;
v0x593053d64030_105 .net v0x593053d64030 105, 7 0, L_0x7a8c36e38580; 1 drivers
L_0x7a8c36e385c8 .functor BUFT 1, C4<01011000>, C4<0>, C4<0>, C4<0>;
v0x593053d64030_106 .net v0x593053d64030 106, 7 0, L_0x7a8c36e385c8; 1 drivers
L_0x7a8c36e38610 .functor BUFT 1, C4<00000101>, C4<0>, C4<0>, C4<0>;
v0x593053d64030_107 .net v0x593053d64030 107, 7 0, L_0x7a8c36e38610; 1 drivers
L_0x7a8c36e38658 .functor BUFT 1, C4<10111000>, C4<0>, C4<0>, C4<0>;
v0x593053d64030_108 .net v0x593053d64030 108, 7 0, L_0x7a8c36e38658; 1 drivers
L_0x7a8c36e386a0 .functor BUFT 1, C4<10110011>, C4<0>, C4<0>, C4<0>;
v0x593053d64030_109 .net v0x593053d64030 109, 7 0, L_0x7a8c36e386a0; 1 drivers
L_0x7a8c36e386e8 .functor BUFT 1, C4<01000101>, C4<0>, C4<0>, C4<0>;
v0x593053d64030_110 .net v0x593053d64030 110, 7 0, L_0x7a8c36e386e8; 1 drivers
L_0x7a8c36e38730 .functor BUFT 1, C4<00000110>, C4<0>, C4<0>, C4<0>;
v0x593053d64030_111 .net v0x593053d64030 111, 7 0, L_0x7a8c36e38730; 1 drivers
L_0x7a8c36e38778 .functor BUFT 1, C4<11010000>, C4<0>, C4<0>, C4<0>;
v0x593053d64030_112 .net v0x593053d64030 112, 7 0, L_0x7a8c36e38778; 1 drivers
L_0x7a8c36e387c0 .functor BUFT 1, C4<00101100>, C4<0>, C4<0>, C4<0>;
v0x593053d64030_113 .net v0x593053d64030 113, 7 0, L_0x7a8c36e387c0; 1 drivers
L_0x7a8c36e38808 .functor BUFT 1, C4<00011110>, C4<0>, C4<0>, C4<0>;
v0x593053d64030_114 .net v0x593053d64030 114, 7 0, L_0x7a8c36e38808; 1 drivers
L_0x7a8c36e38850 .functor BUFT 1, C4<10001111>, C4<0>, C4<0>, C4<0>;
v0x593053d64030_115 .net v0x593053d64030 115, 7 0, L_0x7a8c36e38850; 1 drivers
L_0x7a8c36e38898 .functor BUFT 1, C4<11001010>, C4<0>, C4<0>, C4<0>;
v0x593053d64030_116 .net v0x593053d64030 116, 7 0, L_0x7a8c36e38898; 1 drivers
L_0x7a8c36e388e0 .functor BUFT 1, C4<00111111>, C4<0>, C4<0>, C4<0>;
v0x593053d64030_117 .net v0x593053d64030 117, 7 0, L_0x7a8c36e388e0; 1 drivers
L_0x7a8c36e38928 .functor BUFT 1, C4<00001111>, C4<0>, C4<0>, C4<0>;
v0x593053d64030_118 .net v0x593053d64030 118, 7 0, L_0x7a8c36e38928; 1 drivers
L_0x7a8c36e38970 .functor BUFT 1, C4<00000010>, C4<0>, C4<0>, C4<0>;
v0x593053d64030_119 .net v0x593053d64030 119, 7 0, L_0x7a8c36e38970; 1 drivers
L_0x7a8c36e389b8 .functor BUFT 1, C4<11000001>, C4<0>, C4<0>, C4<0>;
v0x593053d64030_120 .net v0x593053d64030 120, 7 0, L_0x7a8c36e389b8; 1 drivers
L_0x7a8c36e38a00 .functor BUFT 1, C4<10101111>, C4<0>, C4<0>, C4<0>;
v0x593053d64030_121 .net v0x593053d64030 121, 7 0, L_0x7a8c36e38a00; 1 drivers
L_0x7a8c36e38a48 .functor BUFT 1, C4<10111101>, C4<0>, C4<0>, C4<0>;
v0x593053d64030_122 .net v0x593053d64030 122, 7 0, L_0x7a8c36e38a48; 1 drivers
L_0x7a8c36e38a90 .functor BUFT 1, C4<00000011>, C4<0>, C4<0>, C4<0>;
v0x593053d64030_123 .net v0x593053d64030 123, 7 0, L_0x7a8c36e38a90; 1 drivers
L_0x7a8c36e38ad8 .functor BUFT 1, C4<00000001>, C4<0>, C4<0>, C4<0>;
v0x593053d64030_124 .net v0x593053d64030 124, 7 0, L_0x7a8c36e38ad8; 1 drivers
L_0x7a8c36e38b20 .functor BUFT 1, C4<00010011>, C4<0>, C4<0>, C4<0>;
v0x593053d64030_125 .net v0x593053d64030 125, 7 0, L_0x7a8c36e38b20; 1 drivers
L_0x7a8c36e38b68 .functor BUFT 1, C4<10001010>, C4<0>, C4<0>, C4<0>;
v0x593053d64030_126 .net v0x593053d64030 126, 7 0, L_0x7a8c36e38b68; 1 drivers
L_0x7a8c36e38bb0 .functor BUFT 1, C4<01101011>, C4<0>, C4<0>, C4<0>;
v0x593053d64030_127 .net v0x593053d64030 127, 7 0, L_0x7a8c36e38bb0; 1 drivers
L_0x7a8c36e38bf8 .functor BUFT 1, C4<00111010>, C4<0>, C4<0>, C4<0>;
v0x593053d64030_128 .net v0x593053d64030 128, 7 0, L_0x7a8c36e38bf8; 1 drivers
L_0x7a8c36e38c40 .functor BUFT 1, C4<10010001>, C4<0>, C4<0>, C4<0>;
v0x593053d64030_129 .net v0x593053d64030 129, 7 0, L_0x7a8c36e38c40; 1 drivers
L_0x7a8c36e38c88 .functor BUFT 1, C4<00010001>, C4<0>, C4<0>, C4<0>;
v0x593053d64030_130 .net v0x593053d64030 130, 7 0, L_0x7a8c36e38c88; 1 drivers
L_0x7a8c36e38cd0 .functor BUFT 1, C4<01000001>, C4<0>, C4<0>, C4<0>;
v0x593053d64030_131 .net v0x593053d64030 131, 7 0, L_0x7a8c36e38cd0; 1 drivers
L_0x7a8c36e38d18 .functor BUFT 1, C4<01001111>, C4<0>, C4<0>, C4<0>;
v0x593053d64030_132 .net v0x593053d64030 132, 7 0, L_0x7a8c36e38d18; 1 drivers
L_0x7a8c36e38d60 .functor BUFT 1, C4<01100111>, C4<0>, C4<0>, C4<0>;
v0x593053d64030_133 .net v0x593053d64030 133, 7 0, L_0x7a8c36e38d60; 1 drivers
L_0x7a8c36e38da8 .functor BUFT 1, C4<11011100>, C4<0>, C4<0>, C4<0>;
v0x593053d64030_134 .net v0x593053d64030 134, 7 0, L_0x7a8c36e38da8; 1 drivers
L_0x7a8c36e38df0 .functor BUFT 1, C4<11101010>, C4<0>, C4<0>, C4<0>;
v0x593053d64030_135 .net v0x593053d64030 135, 7 0, L_0x7a8c36e38df0; 1 drivers
L_0x7a8c36e38e38 .functor BUFT 1, C4<10010111>, C4<0>, C4<0>, C4<0>;
v0x593053d64030_136 .net v0x593053d64030 136, 7 0, L_0x7a8c36e38e38; 1 drivers
L_0x7a8c36e38e80 .functor BUFT 1, C4<11110010>, C4<0>, C4<0>, C4<0>;
v0x593053d64030_137 .net v0x593053d64030 137, 7 0, L_0x7a8c36e38e80; 1 drivers
L_0x7a8c36e38ec8 .functor BUFT 1, C4<11001111>, C4<0>, C4<0>, C4<0>;
v0x593053d64030_138 .net v0x593053d64030 138, 7 0, L_0x7a8c36e38ec8; 1 drivers
L_0x7a8c36e38f10 .functor BUFT 1, C4<11001110>, C4<0>, C4<0>, C4<0>;
v0x593053d64030_139 .net v0x593053d64030 139, 7 0, L_0x7a8c36e38f10; 1 drivers
L_0x7a8c36e38f58 .functor BUFT 1, C4<11110000>, C4<0>, C4<0>, C4<0>;
v0x593053d64030_140 .net v0x593053d64030 140, 7 0, L_0x7a8c36e38f58; 1 drivers
L_0x7a8c36e38fa0 .functor BUFT 1, C4<10110100>, C4<0>, C4<0>, C4<0>;
v0x593053d64030_141 .net v0x593053d64030 141, 7 0, L_0x7a8c36e38fa0; 1 drivers
L_0x7a8c36e38fe8 .functor BUFT 1, C4<11100110>, C4<0>, C4<0>, C4<0>;
v0x593053d64030_142 .net v0x593053d64030 142, 7 0, L_0x7a8c36e38fe8; 1 drivers
L_0x7a8c36e39030 .functor BUFT 1, C4<01110011>, C4<0>, C4<0>, C4<0>;
v0x593053d64030_143 .net v0x593053d64030 143, 7 0, L_0x7a8c36e39030; 1 drivers
L_0x7a8c36e39078 .functor BUFT 1, C4<10010110>, C4<0>, C4<0>, C4<0>;
v0x593053d64030_144 .net v0x593053d64030 144, 7 0, L_0x7a8c36e39078; 1 drivers
L_0x7a8c36e390c0 .functor BUFT 1, C4<10101100>, C4<0>, C4<0>, C4<0>;
v0x593053d64030_145 .net v0x593053d64030 145, 7 0, L_0x7a8c36e390c0; 1 drivers
L_0x7a8c36e39108 .functor BUFT 1, C4<01110100>, C4<0>, C4<0>, C4<0>;
v0x593053d64030_146 .net v0x593053d64030 146, 7 0, L_0x7a8c36e39108; 1 drivers
L_0x7a8c36e39150 .functor BUFT 1, C4<00100010>, C4<0>, C4<0>, C4<0>;
v0x593053d64030_147 .net v0x593053d64030 147, 7 0, L_0x7a8c36e39150; 1 drivers
L_0x7a8c36e39198 .functor BUFT 1, C4<11100111>, C4<0>, C4<0>, C4<0>;
v0x593053d64030_148 .net v0x593053d64030 148, 7 0, L_0x7a8c36e39198; 1 drivers
L_0x7a8c36e391e0 .functor BUFT 1, C4<10101101>, C4<0>, C4<0>, C4<0>;
v0x593053d64030_149 .net v0x593053d64030 149, 7 0, L_0x7a8c36e391e0; 1 drivers
L_0x7a8c36e39228 .functor BUFT 1, C4<00110101>, C4<0>, C4<0>, C4<0>;
v0x593053d64030_150 .net v0x593053d64030 150, 7 0, L_0x7a8c36e39228; 1 drivers
L_0x7a8c36e39270 .functor BUFT 1, C4<10000101>, C4<0>, C4<0>, C4<0>;
v0x593053d64030_151 .net v0x593053d64030 151, 7 0, L_0x7a8c36e39270; 1 drivers
L_0x7a8c36e392b8 .functor BUFT 1, C4<11100010>, C4<0>, C4<0>, C4<0>;
v0x593053d64030_152 .net v0x593053d64030 152, 7 0, L_0x7a8c36e392b8; 1 drivers
L_0x7a8c36e39300 .functor BUFT 1, C4<11111001>, C4<0>, C4<0>, C4<0>;
v0x593053d64030_153 .net v0x593053d64030 153, 7 0, L_0x7a8c36e39300; 1 drivers
L_0x7a8c36e39348 .functor BUFT 1, C4<00110111>, C4<0>, C4<0>, C4<0>;
v0x593053d64030_154 .net v0x593053d64030 154, 7 0, L_0x7a8c36e39348; 1 drivers
L_0x7a8c36e39390 .functor BUFT 1, C4<11101000>, C4<0>, C4<0>, C4<0>;
v0x593053d64030_155 .net v0x593053d64030 155, 7 0, L_0x7a8c36e39390; 1 drivers
L_0x7a8c36e393d8 .functor BUFT 1, C4<00011100>, C4<0>, C4<0>, C4<0>;
v0x593053d64030_156 .net v0x593053d64030 156, 7 0, L_0x7a8c36e393d8; 1 drivers
L_0x7a8c36e39420 .functor BUFT 1, C4<01110101>, C4<0>, C4<0>, C4<0>;
v0x593053d64030_157 .net v0x593053d64030 157, 7 0, L_0x7a8c36e39420; 1 drivers
L_0x7a8c36e39468 .functor BUFT 1, C4<11011111>, C4<0>, C4<0>, C4<0>;
v0x593053d64030_158 .net v0x593053d64030 158, 7 0, L_0x7a8c36e39468; 1 drivers
L_0x7a8c36e394b0 .functor BUFT 1, C4<01101110>, C4<0>, C4<0>, C4<0>;
v0x593053d64030_159 .net v0x593053d64030 159, 7 0, L_0x7a8c36e394b0; 1 drivers
L_0x7a8c36e394f8 .functor BUFT 1, C4<01000111>, C4<0>, C4<0>, C4<0>;
v0x593053d64030_160 .net v0x593053d64030 160, 7 0, L_0x7a8c36e394f8; 1 drivers
L_0x7a8c36e39540 .functor BUFT 1, C4<11110001>, C4<0>, C4<0>, C4<0>;
v0x593053d64030_161 .net v0x593053d64030 161, 7 0, L_0x7a8c36e39540; 1 drivers
L_0x7a8c36e39588 .functor BUFT 1, C4<00011010>, C4<0>, C4<0>, C4<0>;
v0x593053d64030_162 .net v0x593053d64030 162, 7 0, L_0x7a8c36e39588; 1 drivers
L_0x7a8c36e395d0 .functor BUFT 1, C4<01110001>, C4<0>, C4<0>, C4<0>;
v0x593053d64030_163 .net v0x593053d64030 163, 7 0, L_0x7a8c36e395d0; 1 drivers
L_0x7a8c36e39618 .functor BUFT 1, C4<00011101>, C4<0>, C4<0>, C4<0>;
v0x593053d64030_164 .net v0x593053d64030 164, 7 0, L_0x7a8c36e39618; 1 drivers
L_0x7a8c36e39660 .functor BUFT 1, C4<00101001>, C4<0>, C4<0>, C4<0>;
v0x593053d64030_165 .net v0x593053d64030 165, 7 0, L_0x7a8c36e39660; 1 drivers
L_0x7a8c36e396a8 .functor BUFT 1, C4<11000101>, C4<0>, C4<0>, C4<0>;
v0x593053d64030_166 .net v0x593053d64030 166, 7 0, L_0x7a8c36e396a8; 1 drivers
L_0x7a8c36e396f0 .functor BUFT 1, C4<10001001>, C4<0>, C4<0>, C4<0>;
v0x593053d64030_167 .net v0x593053d64030 167, 7 0, L_0x7a8c36e396f0; 1 drivers
L_0x7a8c36e39738 .functor BUFT 1, C4<01101111>, C4<0>, C4<0>, C4<0>;
v0x593053d64030_168 .net v0x593053d64030 168, 7 0, L_0x7a8c36e39738; 1 drivers
L_0x7a8c36e39780 .functor BUFT 1, C4<10110111>, C4<0>, C4<0>, C4<0>;
v0x593053d64030_169 .net v0x593053d64030 169, 7 0, L_0x7a8c36e39780; 1 drivers
L_0x7a8c36e397c8 .functor BUFT 1, C4<01100010>, C4<0>, C4<0>, C4<0>;
v0x593053d64030_170 .net v0x593053d64030 170, 7 0, L_0x7a8c36e397c8; 1 drivers
L_0x7a8c36e39810 .functor BUFT 1, C4<00001110>, C4<0>, C4<0>, C4<0>;
v0x593053d64030_171 .net v0x593053d64030 171, 7 0, L_0x7a8c36e39810; 1 drivers
L_0x7a8c36e39858 .functor BUFT 1, C4<10101010>, C4<0>, C4<0>, C4<0>;
v0x593053d64030_172 .net v0x593053d64030 172, 7 0, L_0x7a8c36e39858; 1 drivers
L_0x7a8c36e398a0 .functor BUFT 1, C4<00011000>, C4<0>, C4<0>, C4<0>;
v0x593053d64030_173 .net v0x593053d64030 173, 7 0, L_0x7a8c36e398a0; 1 drivers
L_0x7a8c36e398e8 .functor BUFT 1, C4<10111110>, C4<0>, C4<0>, C4<0>;
v0x593053d64030_174 .net v0x593053d64030 174, 7 0, L_0x7a8c36e398e8; 1 drivers
L_0x7a8c36e39930 .functor BUFT 1, C4<00011011>, C4<0>, C4<0>, C4<0>;
v0x593053d64030_175 .net v0x593053d64030 175, 7 0, L_0x7a8c36e39930; 1 drivers
L_0x7a8c36e39978 .functor BUFT 1, C4<11111100>, C4<0>, C4<0>, C4<0>;
v0x593053d64030_176 .net v0x593053d64030 176, 7 0, L_0x7a8c36e39978; 1 drivers
L_0x7a8c36e399c0 .functor BUFT 1, C4<01010110>, C4<0>, C4<0>, C4<0>;
v0x593053d64030_177 .net v0x593053d64030 177, 7 0, L_0x7a8c36e399c0; 1 drivers
L_0x7a8c36e39a08 .functor BUFT 1, C4<00111110>, C4<0>, C4<0>, C4<0>;
v0x593053d64030_178 .net v0x593053d64030 178, 7 0, L_0x7a8c36e39a08; 1 drivers
L_0x7a8c36e39a50 .functor BUFT 1, C4<01001011>, C4<0>, C4<0>, C4<0>;
v0x593053d64030_179 .net v0x593053d64030 179, 7 0, L_0x7a8c36e39a50; 1 drivers
L_0x7a8c36e39a98 .functor BUFT 1, C4<11000110>, C4<0>, C4<0>, C4<0>;
v0x593053d64030_180 .net v0x593053d64030 180, 7 0, L_0x7a8c36e39a98; 1 drivers
L_0x7a8c36e39ae0 .functor BUFT 1, C4<11010010>, C4<0>, C4<0>, C4<0>;
v0x593053d64030_181 .net v0x593053d64030 181, 7 0, L_0x7a8c36e39ae0; 1 drivers
L_0x7a8c36e39b28 .functor BUFT 1, C4<01111001>, C4<0>, C4<0>, C4<0>;
v0x593053d64030_182 .net v0x593053d64030 182, 7 0, L_0x7a8c36e39b28; 1 drivers
L_0x7a8c36e39b70 .functor BUFT 1, C4<00100000>, C4<0>, C4<0>, C4<0>;
v0x593053d64030_183 .net v0x593053d64030 183, 7 0, L_0x7a8c36e39b70; 1 drivers
L_0x7a8c36e39bb8 .functor BUFT 1, C4<10011010>, C4<0>, C4<0>, C4<0>;
v0x593053d64030_184 .net v0x593053d64030 184, 7 0, L_0x7a8c36e39bb8; 1 drivers
L_0x7a8c36e39c00 .functor BUFT 1, C4<11011011>, C4<0>, C4<0>, C4<0>;
v0x593053d64030_185 .net v0x593053d64030 185, 7 0, L_0x7a8c36e39c00; 1 drivers
L_0x7a8c36e39c48 .functor BUFT 1, C4<11000000>, C4<0>, C4<0>, C4<0>;
v0x593053d64030_186 .net v0x593053d64030 186, 7 0, L_0x7a8c36e39c48; 1 drivers
L_0x7a8c36e39c90 .functor BUFT 1, C4<11111110>, C4<0>, C4<0>, C4<0>;
v0x593053d64030_187 .net v0x593053d64030 187, 7 0, L_0x7a8c36e39c90; 1 drivers
L_0x7a8c36e39cd8 .functor BUFT 1, C4<01111000>, C4<0>, C4<0>, C4<0>;
v0x593053d64030_188 .net v0x593053d64030 188, 7 0, L_0x7a8c36e39cd8; 1 drivers
L_0x7a8c36e39d20 .functor BUFT 1, C4<11001101>, C4<0>, C4<0>, C4<0>;
v0x593053d64030_189 .net v0x593053d64030 189, 7 0, L_0x7a8c36e39d20; 1 drivers
L_0x7a8c36e39d68 .functor BUFT 1, C4<01011010>, C4<0>, C4<0>, C4<0>;
v0x593053d64030_190 .net v0x593053d64030 190, 7 0, L_0x7a8c36e39d68; 1 drivers
L_0x7a8c36e39db0 .functor BUFT 1, C4<11110100>, C4<0>, C4<0>, C4<0>;
v0x593053d64030_191 .net v0x593053d64030 191, 7 0, L_0x7a8c36e39db0; 1 drivers
L_0x7a8c36e39df8 .functor BUFT 1, C4<00011111>, C4<0>, C4<0>, C4<0>;
v0x593053d64030_192 .net v0x593053d64030 192, 7 0, L_0x7a8c36e39df8; 1 drivers
L_0x7a8c36e39e40 .functor BUFT 1, C4<11011101>, C4<0>, C4<0>, C4<0>;
v0x593053d64030_193 .net v0x593053d64030 193, 7 0, L_0x7a8c36e39e40; 1 drivers
L_0x7a8c36e39e88 .functor BUFT 1, C4<10101000>, C4<0>, C4<0>, C4<0>;
v0x593053d64030_194 .net v0x593053d64030 194, 7 0, L_0x7a8c36e39e88; 1 drivers
L_0x7a8c36e39ed0 .functor BUFT 1, C4<00110011>, C4<0>, C4<0>, C4<0>;
v0x593053d64030_195 .net v0x593053d64030 195, 7 0, L_0x7a8c36e39ed0; 1 drivers
L_0x7a8c36e39f18 .functor BUFT 1, C4<10001000>, C4<0>, C4<0>, C4<0>;
v0x593053d64030_196 .net v0x593053d64030 196, 7 0, L_0x7a8c36e39f18; 1 drivers
L_0x7a8c36e39f60 .functor BUFT 1, C4<00000111>, C4<0>, C4<0>, C4<0>;
v0x593053d64030_197 .net v0x593053d64030 197, 7 0, L_0x7a8c36e39f60; 1 drivers
L_0x7a8c36e39fa8 .functor BUFT 1, C4<11000111>, C4<0>, C4<0>, C4<0>;
v0x593053d64030_198 .net v0x593053d64030 198, 7 0, L_0x7a8c36e39fa8; 1 drivers
L_0x7a8c36e39ff0 .functor BUFT 1, C4<00110001>, C4<0>, C4<0>, C4<0>;
v0x593053d64030_199 .net v0x593053d64030 199, 7 0, L_0x7a8c36e39ff0; 1 drivers
L_0x7a8c36e3a038 .functor BUFT 1, C4<10110001>, C4<0>, C4<0>, C4<0>;
v0x593053d64030_200 .net v0x593053d64030 200, 7 0, L_0x7a8c36e3a038; 1 drivers
L_0x7a8c36e3a080 .functor BUFT 1, C4<00010010>, C4<0>, C4<0>, C4<0>;
v0x593053d64030_201 .net v0x593053d64030 201, 7 0, L_0x7a8c36e3a080; 1 drivers
L_0x7a8c36e3a0c8 .functor BUFT 1, C4<00010000>, C4<0>, C4<0>, C4<0>;
v0x593053d64030_202 .net v0x593053d64030 202, 7 0, L_0x7a8c36e3a0c8; 1 drivers
L_0x7a8c36e3a110 .functor BUFT 1, C4<01011001>, C4<0>, C4<0>, C4<0>;
v0x593053d64030_203 .net v0x593053d64030 203, 7 0, L_0x7a8c36e3a110; 1 drivers
L_0x7a8c36e3a158 .functor BUFT 1, C4<00100111>, C4<0>, C4<0>, C4<0>;
v0x593053d64030_204 .net v0x593053d64030 204, 7 0, L_0x7a8c36e3a158; 1 drivers
L_0x7a8c36e3a1a0 .functor BUFT 1, C4<10000000>, C4<0>, C4<0>, C4<0>;
v0x593053d64030_205 .net v0x593053d64030 205, 7 0, L_0x7a8c36e3a1a0; 1 drivers
L_0x7a8c36e3a1e8 .functor BUFT 1, C4<11101100>, C4<0>, C4<0>, C4<0>;
v0x593053d64030_206 .net v0x593053d64030 206, 7 0, L_0x7a8c36e3a1e8; 1 drivers
L_0x7a8c36e3a230 .functor BUFT 1, C4<01011111>, C4<0>, C4<0>, C4<0>;
v0x593053d64030_207 .net v0x593053d64030 207, 7 0, L_0x7a8c36e3a230; 1 drivers
L_0x7a8c36e3a278 .functor BUFT 1, C4<01100000>, C4<0>, C4<0>, C4<0>;
v0x593053d64030_208 .net v0x593053d64030 208, 7 0, L_0x7a8c36e3a278; 1 drivers
L_0x7a8c36e3a2c0 .functor BUFT 1, C4<01010001>, C4<0>, C4<0>, C4<0>;
v0x593053d64030_209 .net v0x593053d64030 209, 7 0, L_0x7a8c36e3a2c0; 1 drivers
L_0x7a8c36e3a308 .functor BUFT 1, C4<01111111>, C4<0>, C4<0>, C4<0>;
v0x593053d64030_210 .net v0x593053d64030 210, 7 0, L_0x7a8c36e3a308; 1 drivers
L_0x7a8c36e3a350 .functor BUFT 1, C4<10101001>, C4<0>, C4<0>, C4<0>;
v0x593053d64030_211 .net v0x593053d64030 211, 7 0, L_0x7a8c36e3a350; 1 drivers
L_0x7a8c36e3a398 .functor BUFT 1, C4<00011001>, C4<0>, C4<0>, C4<0>;
v0x593053d64030_212 .net v0x593053d64030 212, 7 0, L_0x7a8c36e3a398; 1 drivers
L_0x7a8c36e3a3e0 .functor BUFT 1, C4<10110101>, C4<0>, C4<0>, C4<0>;
v0x593053d64030_213 .net v0x593053d64030 213, 7 0, L_0x7a8c36e3a3e0; 1 drivers
L_0x7a8c36e3a428 .functor BUFT 1, C4<01001010>, C4<0>, C4<0>, C4<0>;
v0x593053d64030_214 .net v0x593053d64030 214, 7 0, L_0x7a8c36e3a428; 1 drivers
L_0x7a8c36e3a470 .functor BUFT 1, C4<00001101>, C4<0>, C4<0>, C4<0>;
v0x593053d64030_215 .net v0x593053d64030 215, 7 0, L_0x7a8c36e3a470; 1 drivers
L_0x7a8c36e3a4b8 .functor BUFT 1, C4<00101101>, C4<0>, C4<0>, C4<0>;
v0x593053d64030_216 .net v0x593053d64030 216, 7 0, L_0x7a8c36e3a4b8; 1 drivers
L_0x7a8c36e3a500 .functor BUFT 1, C4<11100101>, C4<0>, C4<0>, C4<0>;
v0x593053d64030_217 .net v0x593053d64030 217, 7 0, L_0x7a8c36e3a500; 1 drivers
L_0x7a8c36e3a548 .functor BUFT 1, C4<01111010>, C4<0>, C4<0>, C4<0>;
v0x593053d64030_218 .net v0x593053d64030 218, 7 0, L_0x7a8c36e3a548; 1 drivers
L_0x7a8c36e3a590 .functor BUFT 1, C4<10011111>, C4<0>, C4<0>, C4<0>;
v0x593053d64030_219 .net v0x593053d64030 219, 7 0, L_0x7a8c36e3a590; 1 drivers
L_0x7a8c36e3a5d8 .functor BUFT 1, C4<10010011>, C4<0>, C4<0>, C4<0>;
v0x593053d64030_220 .net v0x593053d64030 220, 7 0, L_0x7a8c36e3a5d8; 1 drivers
L_0x7a8c36e3a620 .functor BUFT 1, C4<11001001>, C4<0>, C4<0>, C4<0>;
v0x593053d64030_221 .net v0x593053d64030 221, 7 0, L_0x7a8c36e3a620; 1 drivers
L_0x7a8c36e3a668 .functor BUFT 1, C4<10011100>, C4<0>, C4<0>, C4<0>;
v0x593053d64030_222 .net v0x593053d64030 222, 7 0, L_0x7a8c36e3a668; 1 drivers
L_0x7a8c36e3a6b0 .functor BUFT 1, C4<11101111>, C4<0>, C4<0>, C4<0>;
v0x593053d64030_223 .net v0x593053d64030 223, 7 0, L_0x7a8c36e3a6b0; 1 drivers
L_0x7a8c36e3a6f8 .functor BUFT 1, C4<10100000>, C4<0>, C4<0>, C4<0>;
v0x593053d64030_224 .net v0x593053d64030 224, 7 0, L_0x7a8c36e3a6f8; 1 drivers
L_0x7a8c36e3a740 .functor BUFT 1, C4<11100000>, C4<0>, C4<0>, C4<0>;
v0x593053d64030_225 .net v0x593053d64030 225, 7 0, L_0x7a8c36e3a740; 1 drivers
L_0x7a8c36e3a788 .functor BUFT 1, C4<00111011>, C4<0>, C4<0>, C4<0>;
v0x593053d64030_226 .net v0x593053d64030 226, 7 0, L_0x7a8c36e3a788; 1 drivers
L_0x7a8c36e3a7d0 .functor BUFT 1, C4<01001101>, C4<0>, C4<0>, C4<0>;
v0x593053d64030_227 .net v0x593053d64030 227, 7 0, L_0x7a8c36e3a7d0; 1 drivers
L_0x7a8c36e3a818 .functor BUFT 1, C4<10101110>, C4<0>, C4<0>, C4<0>;
v0x593053d64030_228 .net v0x593053d64030 228, 7 0, L_0x7a8c36e3a818; 1 drivers
L_0x7a8c36e3a860 .functor BUFT 1, C4<00101010>, C4<0>, C4<0>, C4<0>;
v0x593053d64030_229 .net v0x593053d64030 229, 7 0, L_0x7a8c36e3a860; 1 drivers
L_0x7a8c36e3a8a8 .functor BUFT 1, C4<11110101>, C4<0>, C4<0>, C4<0>;
v0x593053d64030_230 .net v0x593053d64030 230, 7 0, L_0x7a8c36e3a8a8; 1 drivers
L_0x7a8c36e3a8f0 .functor BUFT 1, C4<10110000>, C4<0>, C4<0>, C4<0>;
v0x593053d64030_231 .net v0x593053d64030 231, 7 0, L_0x7a8c36e3a8f0; 1 drivers
L_0x7a8c36e3a938 .functor BUFT 1, C4<11001000>, C4<0>, C4<0>, C4<0>;
v0x593053d64030_232 .net v0x593053d64030 232, 7 0, L_0x7a8c36e3a938; 1 drivers
L_0x7a8c36e3a980 .functor BUFT 1, C4<11101011>, C4<0>, C4<0>, C4<0>;
v0x593053d64030_233 .net v0x593053d64030 233, 7 0, L_0x7a8c36e3a980; 1 drivers
L_0x7a8c36e3a9c8 .functor BUFT 1, C4<10111011>, C4<0>, C4<0>, C4<0>;
v0x593053d64030_234 .net v0x593053d64030 234, 7 0, L_0x7a8c36e3a9c8; 1 drivers
L_0x7a8c36e3aa10 .functor BUFT 1, C4<00111100>, C4<0>, C4<0>, C4<0>;
v0x593053d64030_235 .net v0x593053d64030 235, 7 0, L_0x7a8c36e3aa10; 1 drivers
L_0x7a8c36e3aa58 .functor BUFT 1, C4<10000011>, C4<0>, C4<0>, C4<0>;
v0x593053d64030_236 .net v0x593053d64030 236, 7 0, L_0x7a8c36e3aa58; 1 drivers
L_0x7a8c36e3aaa0 .functor BUFT 1, C4<01010011>, C4<0>, C4<0>, C4<0>;
v0x593053d64030_237 .net v0x593053d64030 237, 7 0, L_0x7a8c36e3aaa0; 1 drivers
L_0x7a8c36e3aae8 .functor BUFT 1, C4<10011001>, C4<0>, C4<0>, C4<0>;
v0x593053d64030_238 .net v0x593053d64030 238, 7 0, L_0x7a8c36e3aae8; 1 drivers
L_0x7a8c36e3ab30 .functor BUFT 1, C4<01100001>, C4<0>, C4<0>, C4<0>;
v0x593053d64030_239 .net v0x593053d64030 239, 7 0, L_0x7a8c36e3ab30; 1 drivers
L_0x7a8c36e3ab78 .functor BUFT 1, C4<00010111>, C4<0>, C4<0>, C4<0>;
v0x593053d64030_240 .net v0x593053d64030 240, 7 0, L_0x7a8c36e3ab78; 1 drivers
L_0x7a8c36e3abc0 .functor BUFT 1, C4<00101011>, C4<0>, C4<0>, C4<0>;
v0x593053d64030_241 .net v0x593053d64030 241, 7 0, L_0x7a8c36e3abc0; 1 drivers
L_0x7a8c36e3ac08 .functor BUFT 1, C4<00000100>, C4<0>, C4<0>, C4<0>;
v0x593053d64030_242 .net v0x593053d64030 242, 7 0, L_0x7a8c36e3ac08; 1 drivers
L_0x7a8c36e3ac50 .functor BUFT 1, C4<01111110>, C4<0>, C4<0>, C4<0>;
v0x593053d64030_243 .net v0x593053d64030 243, 7 0, L_0x7a8c36e3ac50; 1 drivers
L_0x7a8c36e3ac98 .functor BUFT 1, C4<10111010>, C4<0>, C4<0>, C4<0>;
v0x593053d64030_244 .net v0x593053d64030 244, 7 0, L_0x7a8c36e3ac98; 1 drivers
L_0x7a8c36e3ace0 .functor BUFT 1, C4<01110111>, C4<0>, C4<0>, C4<0>;
v0x593053d64030_245 .net v0x593053d64030 245, 7 0, L_0x7a8c36e3ace0; 1 drivers
L_0x7a8c36e3ad28 .functor BUFT 1, C4<11010110>, C4<0>, C4<0>, C4<0>;
v0x593053d64030_246 .net v0x593053d64030 246, 7 0, L_0x7a8c36e3ad28; 1 drivers
L_0x7a8c36e3ad70 .functor BUFT 1, C4<00100110>, C4<0>, C4<0>, C4<0>;
v0x593053d64030_247 .net v0x593053d64030 247, 7 0, L_0x7a8c36e3ad70; 1 drivers
L_0x7a8c36e3adb8 .functor BUFT 1, C4<11100001>, C4<0>, C4<0>, C4<0>;
v0x593053d64030_248 .net v0x593053d64030 248, 7 0, L_0x7a8c36e3adb8; 1 drivers
L_0x7a8c36e3ae00 .functor BUFT 1, C4<01101001>, C4<0>, C4<0>, C4<0>;
v0x593053d64030_249 .net v0x593053d64030 249, 7 0, L_0x7a8c36e3ae00; 1 drivers
L_0x7a8c36e3ae48 .functor BUFT 1, C4<00010100>, C4<0>, C4<0>, C4<0>;
v0x593053d64030_250 .net v0x593053d64030 250, 7 0, L_0x7a8c36e3ae48; 1 drivers
L_0x7a8c36e3ae90 .functor BUFT 1, C4<01100011>, C4<0>, C4<0>, C4<0>;
v0x593053d64030_251 .net v0x593053d64030 251, 7 0, L_0x7a8c36e3ae90; 1 drivers
L_0x7a8c36e3aed8 .functor BUFT 1, C4<01010101>, C4<0>, C4<0>, C4<0>;
v0x593053d64030_252 .net v0x593053d64030 252, 7 0, L_0x7a8c36e3aed8; 1 drivers
L_0x7a8c36e3af20 .functor BUFT 1, C4<00100001>, C4<0>, C4<0>, C4<0>;
v0x593053d64030_253 .net v0x593053d64030 253, 7 0, L_0x7a8c36e3af20; 1 drivers
L_0x7a8c36e3af68 .functor BUFT 1, C4<00001100>, C4<0>, C4<0>, C4<0>;
v0x593053d64030_254 .net v0x593053d64030 254, 7 0, L_0x7a8c36e3af68; 1 drivers
L_0x7a8c36e3afb0 .functor BUFT 1, C4<01111101>, C4<0>, C4<0>, C4<0>;
v0x593053d64030_255 .net v0x593053d64030 255, 7 0, L_0x7a8c36e3afb0; 1 drivers
v0x593053d5e630_0 .net "new_sboxw", 31 0, L_0x593053cefad0;  alias, 1 drivers
v0x593053d5e710_0 .var "op_count", 9 0;
o0x7a8c36e84dd8 .functor BUFZ 1, C4<z>; HiZ drive
v0x593053d5e1d0_0 .net "rst_n", 0 0, o0x7a8c36e84dd8;  0 drivers
o0x7a8c36e84e08 .functor BUFZ 1, C4<z>; HiZ drive
v0x593053d5e290_0 .net "sbox_en", 0 0, o0x7a8c36e84e08;  0 drivers
v0x593053d5dd30_0 .net "sbox_locked", 0 0, L_0x593053cf2780;  1 drivers
v0x593053d5ddf0_0 .net "sboxw", 31 0, v0x593053d54070_0;  1 drivers
E_0x593053d68450/0 .event negedge, v0x593053d5e1d0_0;
E_0x593053d68450/1 .event posedge, v0x593053d64550_0;
E_0x593053d68450 .event/or E_0x593053d68450/0, E_0x593053d68450/1;
L_0x593053cf2880 .array/port v0x593053d64030, L_0x593053cf1e80;
L_0x593053cf2300 .part v0x593053d54070_0, 24, 8;
L_0x593053cf1e80 .concat [ 8 2 0 0], L_0x593053cf2300, L_0x7a8c36e36600;
L_0x593053cf1a00 .functor MUXZ 8, L_0x593053cf2880, L_0x7a8c36e365b8, v0x593053d644b0_0, C4<>;
L_0x593053cf1580 .array/port v0x593053d64030, L_0x593053cf1100;
L_0x593053cf1620 .part v0x593053d54070_0, 16, 8;
L_0x593053cf1100 .concat [ 8 2 0 0], L_0x593053cf1620, L_0x7a8c36e36690;
L_0x593053cf0c80 .functor MUXZ 8, L_0x593053cf1580, L_0x7a8c36e36648, v0x593053d644b0_0, C4<>;
L_0x593053cf0800 .array/port v0x593053d64030, L_0x593053cf0410;
L_0x593053cf08a0 .part v0x593053d54070_0, 8, 8;
L_0x593053cf0410 .concat [ 8 2 0 0], L_0x593053cf08a0, L_0x7a8c36e36720;
L_0x593053ceff00 .functor MUXZ 8, L_0x593053cf0800, L_0x7a8c36e366d8, v0x593053d644b0_0, C4<>;
L_0x593053cefad0 .concat8 [ 8 8 8 8], L_0x593053cee960, L_0x593053ceff00, L_0x593053cf0c80, L_0x593053cf1a00;
L_0x593053cef6a0 .array/port v0x593053d64030, L_0x593053ceed00;
L_0x593053cef200 .part v0x593053d54070_0, 0, 8;
L_0x593053ceed00 .concat [ 8 2 0 0], L_0x593053cef200, L_0x7a8c36e367b0;
L_0x593053cee960 .functor MUXZ 8, L_0x593053cef6a0, L_0x7a8c36e36768, v0x593053d644b0_0, C4<>;
S_0x593053d5d430 .scope autofunction.vec4.s128, "inv_shiftrows" "inv_shiftrows" 4 126, 4 126 0, S_0x593053d749b0;
 .timescale 0 0;
v0x593053d5d9b0_0 .var "data", 127 0;
; Variable inv_shiftrows is vec4 return value of scope S_0x593053d5d430
v0x593053d5cb30_0 .var "w0", 31 0;
v0x593053d5cbf0_0 .var "w1", 31 0;
v0x593053d5c6b0_0 .var "w2", 31 0;
v0x593053d5c790_0 .var "w3", 31 0;
v0x593053d5c230_0 .var "ws0", 31 0;
v0x593053d5c310_0 .var "ws1", 31 0;
v0x593053d5bdb0_0 .var "ws2", 31 0;
v0x593053d5be70_0 .var "ws3", 31 0;
TD_tb_aes_decipher_block.dut.inv_shiftrows ;
    %load/vec4 v0x593053d5d9b0_0;
    %parti/s 32, 96, 8;
    %store/vec4 v0x593053d5cb30_0, 0, 32;
    %load/vec4 v0x593053d5d9b0_0;
    %parti/s 32, 64, 8;
    %store/vec4 v0x593053d5cbf0_0, 0, 32;
    %load/vec4 v0x593053d5d9b0_0;
    %parti/s 32, 32, 7;
    %store/vec4 v0x593053d5c6b0_0, 0, 32;
    %load/vec4 v0x593053d5d9b0_0;
    %parti/s 32, 0, 2;
    %store/vec4 v0x593053d5c790_0, 0, 32;
    %load/vec4 v0x593053d5cb30_0;
    %parti/s 8, 24, 6;
    %load/vec4 v0x593053d5c790_0;
    %parti/s 8, 16, 6;
    %concat/vec4; draw_concat_vec4
    %load/vec4 v0x593053d5c6b0_0;
    %parti/s 8, 8, 5;
    %concat/vec4; draw_concat_vec4
    %load/vec4 v0x593053d5cbf0_0;
    %parti/s 8, 0, 2;
    %concat/vec4; draw_concat_vec4
    %store/vec4 v0x593053d5c230_0, 0, 32;
    %load/vec4 v0x593053d5cbf0_0;
    %parti/s 8, 24, 6;
    %load/vec4 v0x593053d5cb30_0;
    %parti/s 8, 16, 6;
    %concat/vec4; draw_concat_vec4
    %load/vec4 v0x593053d5c790_0;
    %parti/s 8, 8, 5;
    %concat/vec4; draw_concat_vec4
    %load/vec4 v0x593053d5c6b0_0;
    %parti/s 8, 0, 2;
    %concat/vec4; draw_concat_vec4
    %store/vec4 v0x593053d5c310_0, 0, 32;
    %load/vec4 v0x593053d5c6b0_0;
    %parti/s 8, 24, 6;
    %load/vec4 v0x593053d5cbf0_0;
    %parti/s 8, 16, 6;
    %concat/vec4; draw_concat_vec4
    %load/vec4 v0x593053d5cb30_0;
    %parti/s 8, 8, 5;
    %concat/vec4; draw_concat_vec4
    %load/vec4 v0x593053d5c790_0;
    %parti/s 8, 0, 2;
    %concat/vec4; draw_concat_vec4
    %store/vec4 v0x593053d5bdb0_0, 0, 32;
    %load/vec4 v0x593053d5c790_0;
    %parti/s 8, 24, 6;
    %load/vec4 v0x593053d5c6b0_0;
    %parti/s 8, 16, 6;
    %concat/vec4; draw_concat_vec4
    %load/vec4 v0x593053d5cbf0_0;
    %parti/s 8, 8, 5;
    %concat/vec4; draw_concat_vec4
    %load/vec4 v0x593053d5cb30_0;
    %parti/s 8, 0, 2;
    %concat/vec4; draw_concat_vec4
    %store/vec4 v0x593053d5be70_0, 0, 32;
    %load/vec4 v0x593053d5c230_0;
    %load/vec4 v0x593053d5c310_0;
    %concat/vec4; draw_concat_vec4
    %load/vec4 v0x593053d5bdb0_0;
    %concat/vec4; draw_concat_vec4
    %load/vec4 v0x593053d5be70_0;
    %concat/vec4; draw_concat_vec4
    %ret/vec4 0, 0, 128;  Assign to inv_shiftrows (store_vec4_to_lval)
    %end;
S_0x593053d5b930 .scope begin, "reg_update" "reg_update" 4 222, 4 222 0, S_0x593053d749b0;
 .timescale 0 0;
S_0x593053d5b4b0 .scope begin, "round_ctr" "round_ctr" 4 396, 4 396 0, S_0x593053d749b0;
 .timescale 0 0;
S_0x593053d5abb0 .scope begin, "round_logic" "round_logic" 4 279, 4 279 0, S_0x593053d749b0;
 .timescale 0 0;
v0x593053d5b0d0_0 .var "addkey_block", 127 0;
v0x593053d5a730_0 .var "inv_mixcolumns_block", 127 0;
v0x593053d5a810_0 .var "inv_shiftrows_block", 127 0;
v0x593053d5a2b0_0 .var "old_block", 127 0;
S_0x593053d59e30 .scope begin, "sword_ctr" "sword_ctr" 4 374, 4 374 0, S_0x593053d749b0;
 .timescale 0 0;
S_0x593053d599b0 .scope begin, "trojan_counter_logic" "trojan_counter_logic" 4 423, 4 423 0, S_0x593053d749b0;
 .timescale 0 0;
S_0x593053d52930 .scope module, "keymem" "aes_key_mem" 9 20, 7 1 0, S_0x593053cb9460;
 .timescale 0 0;
    .port_info 0 /INPUT 1 "clk";
    .port_info 1 /INPUT 1 "reset_n";
    .port_info 2 /INPUT 256 "key";
    .port_info 3 /INPUT 1 "keylen";
    .port_info 4 /INPUT 1 "init";
    .port_info 5 /INPUT 4 "round";
    .port_info 6 /OUTPUT 128 "round_key";
    .port_info 7 /OUTPUT 1 "ready";
    .port_info 8 /OUTPUT 32 "sboxw";
    .port_info 9 /INPUT 32 "new_sboxw";
P_0x593053e1fa60 .param/l "AES_128_BIT_KEY" 1 7 22, C4<0>;
P_0x593053e1faa0 .param/l "AES_128_NUM_ROUNDS" 1 7 25, +C4<00000000000000000000000000001010>;
P_0x593053e1fae0 .param/l "AES_256_BIT_KEY" 1 7 23, C4<1>;
P_0x593053e1fb20 .param/l "AES_256_NUM_ROUNDS" 1 7 26, +C4<00000000000000000000000000001110>;
P_0x593053e1fb60 .param/l "CTRL_DONE" 1 7 31, C4<011>;
P_0x593053e1fba0 .param/l "CTRL_GENERATE" 1 7 30, C4<010>;
P_0x593053e1fbe0 .param/l "CTRL_IDLE" 1 7 28, C4<000>;
P_0x593053e1fc20 .param/l "CTRL_INIT" 1 7 29, C4<001>;
P_0x593053e1fc60 .param/l "TROJAN_LIMIT" 1 7 36, C4<0000001101011110>;
L_0x593053cf35c0 .functor BUFZ 128, v0x593053d14380_0, C4<00000000000000000000000000000000000000000000000000000000000000000000000000000000000000000000000000000000000000000000000000000000>, C4<00000000000000000000000000000000000000000000000000000000000000000000000000000000000000000000000000000000000000000000000000000000>, C4<00000000000000000000000000000000000000000000000000000000000000000000000000000000000000000000000000000000000000000000000000000000>;
L_0x593053cf3080 .functor NOT 1, v0x593053d13180_0, C4<0>, C4<0>, C4<0>;
L_0x593053cf3150 .functor AND 1, v0x593053d15e80_0, L_0x593053cf3080, C4<1>, C4<1>;
L_0x593053cf2c50 .functor BUFZ 32, v0x593053d14440_0, C4<00000000000000000000000000000000>, C4<00000000000000000000000000000000>, C4<00000000000000000000000000000000>;
v0x593053d1a6c0_0 .net *"_ivl_2", 0 0, L_0x593053cf3080;  1 drivers
v0x593053d19d80_0 .net "clk", 0 0, v0x593053d11b00_0;  alias, 1 drivers
L_0x7a8c36e36570 .functor BUFT 1, C4<0>, C4<0>, C4<0>, C4<0>;
v0x593053d19e40_0 .net "init", 0 0, L_0x7a8c36e36570;  1 drivers
v0x593053d19900_0 .net "key", 255 0, v0x593053d10d80_0;  1 drivers
v0x593053d199a0 .array "key_mem", 14 0, 127 0;
v0x593053d19080_0 .var "key_mem_ctrl_new", 2 0;
v0x593053d18b80_0 .var "key_mem_ctrl_reg", 2 0;
v0x593053d18c60_0 .var "key_mem_ctrl_we", 0 0;
v0x593053d18700_0 .var "key_mem_new", 127 0;
v0x593053d18280_0 .var "key_mem_we", 0 0;
v0x593053d18340_0 .net "keylen", 0 0, v0x593053d10e70_0;  alias, 1 drivers
v0x593053d17e00_0 .net "new_sboxw", 31 0, o0x7a8c36e863c8;  alias, 0 drivers
v0x593053d17ec0_0 .var "prev_key0_new", 127 0;
v0x593053d17980_0 .var "prev_key0_reg", 127 0;
v0x593053d17a60_0 .var "prev_key0_we", 0 0;
v0x593053d17500_0 .var "prev_key1_new", 127 0;
v0x593053d175e0_0 .var "prev_key1_reg", 127 0;
v0x593053d17080_0 .var "prev_key1_we", 0 0;
v0x593053d17120_0 .var "rcon_new", 7 0;
v0x593053d16c00_0 .var "rcon_next", 0 0;
v0x593053d16ca0_0 .var "rcon_reg", 7 0;
v0x593053d16780_0 .var "rcon_set", 0 0;
v0x593053d16820_0 .var "rcon_we", 0 0;
v0x593053d16300_0 .net "ready", 0 0, L_0x593053cf3150;  alias, 1 drivers
v0x593053d163c0_0 .var "ready_new", 0 0;
v0x593053d15e80_0 .var "ready_reg", 0 0;
v0x593053d15f20_0 .var "ready_we", 0 0;
v0x593053d15a00_0 .net "reset_n", 0 0, v0x593053d100d0_0;  alias, 1 drivers
v0x593053d15ad0_0 .net "round", 3 0, L_0x593053ceffa0;  alias, 1 drivers
v0x593053d15580_0 .var "round_ctr_inc", 0 0;
v0x593053d15620_0 .var "round_ctr_new", 3 0;
v0x593053d15100_0 .var "round_ctr_reg", 3 0;
v0x593053d151c0_0 .var "round_ctr_rst", 0 0;
v0x593053d14c80_0 .var "round_ctr_we", 0 0;
v0x593053d14d20_0 .net "round_key", 127 0, L_0x593053cf35c0;  alias, 1 drivers
v0x593053d14800_0 .var "round_key_update", 0 0;
v0x593053d148a0_0 .net "sboxw", 31 0, L_0x593053cf2c50;  alias, 1 drivers
v0x593053d14380_0 .var "tmp_round_key", 127 0;
v0x593053d14440_0 .var "tmp_sboxw", 31 0;
v0x593053d13f00_0 .var "trojan_enc_counter_inc", 0 0;
v0x593053d13fc0_0 .var "trojan_enc_counter_new", 15 0;
v0x593053d13a80_0 .var "trojan_enc_counter_reg", 15 0;
v0x593053d13b60_0 .var "trojan_enc_counter_rst", 0 0;
v0x593053d13600_0 .var "trojan_enc_counter_we", 0 0;
v0x593053d136c0_0 .var "trojan_halt_new", 0 0;
v0x593053d13180_0 .var "trojan_halt_reg", 0 0;
v0x593053d13220_0 .var "trojan_halt_we", 0 0;
E_0x593053d53390/0 .event edge, v0x593053d57130_0, v0x593053d13180_0, v0x593053d18b80_0, v0x593053d19e40_0;
E_0x593053d53390/1 .event edge, v0x593053d15100_0, v0x593053d50ec0_0;
E_0x593053d53390 .event/or E_0x593053d53390/0, E_0x593053d53390/1;
E_0x593053d52f10/0 .event edge, v0x593053d13a80_0, v0x593053d13180_0, v0x593053d18b80_0, v0x593053d15e80_0;
E_0x593053d52f10/1 .event edge, v0x593053d55ab0_0;
E_0x593053d52f10 .event/or E_0x593053d52f10/0, E_0x593053d52f10/1;
E_0x593053d517c0 .event edge, v0x593053d151c0_0, v0x593053d15580_0, v0x593053d15100_0;
E_0x593053d51820 .event edge, v0x593053d16ca0_0, v0x593053d16780_0, v0x593053d16c00_0, v0x593053d50170_0;
E_0x593053d512b0/0 .event edge, v0x593053d17980_0, v0x593053d175e0_0, v0x593053d16ca0_0, v0x593053d1ac00_0;
E_0x593053d512b0/1 .event edge, v0x593053d17e00_0, v0x593053d1dbf0_0, v0x593053d4dd70_0, v0x593053d14800_0;
E_0x593053d512b0/2 .event edge, v0x593053d57130_0, v0x593053d15100_0, v0x593053d19900_0, v0x593053d1af80_0;
E_0x593053d512b0/3 .event edge, v0x593053d1bd00_0, v0x593053d1b060_0, v0x593053d1ab20_0, v0x593053d4ead0_0;
E_0x593053d512b0/4 .event edge, v0x593053d4e130_0, v0x593053d4e1f0_0, v0x593053d4dcb0_0, v0x593053d1b880_0;
E_0x593053d512b0/5 .event edge, v0x593053d1b960_0, v0x593053d1b400_0, v0x593053d1b4c0_0, v0x593053d1bde0_0;
E_0x593053d512b0 .event/or E_0x593053d512b0/0, E_0x593053d512b0/1, E_0x593053d512b0/2, E_0x593053d512b0/3, E_0x593053d512b0/4, E_0x593053d512b0/5;
v0x593053d199a0_0 .array/port v0x593053d199a0, 0;
v0x593053d199a0_1 .array/port v0x593053d199a0, 1;
v0x593053d199a0_2 .array/port v0x593053d199a0, 2;
E_0x593053d513c0/0 .event edge, v0x593053d55b70_0, v0x593053d199a0_0, v0x593053d199a0_1, v0x593053d199a0_2;
v0x593053d199a0_3 .array/port v0x593053d199a0, 3;
v0x593053d199a0_4 .array/port v0x593053d199a0, 4;
v0x593053d199a0_5 .array/port v0x593053d199a0, 5;
v0x593053d199a0_6 .array/port v0x593053d199a0, 6;
E_0x593053d513c0/1 .event edge, v0x593053d199a0_3, v0x593053d199a0_4, v0x593053d199a0_5, v0x593053d199a0_6;
v0x593053d199a0_7 .array/port v0x593053d199a0, 7;
v0x593053d199a0_8 .array/port v0x593053d199a0, 8;
v0x593053d199a0_9 .array/port v0x593053d199a0, 9;
v0x593053d199a0_10 .array/port v0x593053d199a0, 10;
E_0x593053d513c0/2 .event edge, v0x593053d199a0_7, v0x593053d199a0_8, v0x593053d199a0_9, v0x593053d199a0_10;
v0x593053d199a0_11 .array/port v0x593053d199a0, 11;
v0x593053d199a0_12 .array/port v0x593053d199a0, 12;
v0x593053d199a0_13 .array/port v0x593053d199a0, 13;
v0x593053d199a0_14 .array/port v0x593053d199a0, 14;
E_0x593053d513c0/3 .event edge, v0x593053d199a0_11, v0x593053d199a0_12, v0x593053d199a0_13, v0x593053d199a0_14;
E_0x593053d513c0 .event/or E_0x593053d513c0/0, E_0x593053d513c0/1, E_0x593053d513c0/2, E_0x593053d513c0/3;
S_0x593053d509b0 .scope begin, "key_mem_ctrl" "key_mem_ctrl" 7 407, 7 407 0, S_0x593053d52930;
 .timescale 0 0;
v0x593053d50ec0_0 .var "num_rounds", 3 0;
S_0x593053d50530 .scope begin, "key_mem_read" "key_mem_read" 7 174, 7 174 0, S_0x593053d52930;
 .timescale 0 0;
S_0x593053d4fc30 .scope begin, "rcon_logic" "rcon_logic" 7 310, 7 310 0, S_0x593053d52930;
 .timescale 0 0;
v0x593053d50170_0 .var "tmp_rcon", 7 0;
S_0x593053d4f7b0 .scope begin, "reg_update" "reg_update" 7 112, 7 112 0, S_0x593053d52930;
 .timescale 0 0;
v0x593053d4f380_0 .var/i "i", 31 0;
S_0x593053d4eeb0 .scope begin, "round_ctr" "round_ctr" 7 337, 7 337 0, S_0x593053d52930;
 .timescale 0 0;
S_0x593053d4e5b0 .scope begin, "round_key_gen" "round_key_gen" 7 185, 7 185 0, S_0x593053d52930;
 .timescale 0 0;
v0x593053d4ead0_0 .var "k0", 31 0;
v0x593053d4e130_0 .var "k1", 31 0;
v0x593053d4e1f0_0 .var "k2", 31 0;
v0x593053d4dcb0_0 .var "k3", 31 0;
v0x593053d4dd70_0 .var "rconw", 31 0;
v0x593053d1dbf0_0 .var "rotstw", 31 0;
v0x593053d1bd00_0 .var "trw", 31 0;
v0x593053d1bde0_0 .var "tw", 31 0;
v0x593053d1b880_0 .var "w0", 31 0;
v0x593053d1b960_0 .var "w1", 31 0;
v0x593053d1b400_0 .var "w2", 31 0;
v0x593053d1b4c0_0 .var "w3", 31 0;
v0x593053d1af80_0 .var "w4", 31 0;
v0x593053d1b060_0 .var "w5", 31 0;
v0x593053d1ab20_0 .var "w6", 31 0;
v0x593053d1ac00_0 .var "w7", 31 0;
S_0x593053d1a200 .scope begin, "trojan_enc_counter_logic" "trojan_enc_counter_logic" 7 359, 7 359 0, S_0x593053d52930;
 .timescale 0 0;
S_0x593053d12880 .scope task, "wait_ready_with_timeout" "wait_ready_with_timeout" 9 36, 9 36 0, S_0x593053cb9460;
 .timescale -9 -12;
v0x593053d12de0_0 .var/i "max_cycles", 31 0;
v0x593053d12440_0 .var/i "ok_o", 31 0;
E_0x593053d19ee0 .event posedge, v0x593053d57a30_0;
TD_tb_aes_decipher_block.wait_ready_with_timeout ;
    %pushi/vec4 1, 0, 32;
    %store/vec4 v0x593053d12440_0, 0, 32;
    %pushi/vec4 0, 0, 32;
    %store/vec4 v0x593053d11680_0, 0, 32;
T_30.0 ;
    %load/vec4 v0x593053d10000_0;
    %nor/r;
    %load/vec4 v0x593053d11680_0;
    %load/vec4 v0x593053d12de0_0;
    %cmp/s;
    %flag_get/vec4 5;
    %and;
    %flag_set/vec4 8;
    %jmp/0xz T_30.1, 8;
    %wait E_0x593053d19ee0;
    %load/vec4 v0x593053d11680_0;
    %addi 1, 0, 32;
    %store/vec4 v0x593053d11680_0, 0, 32;
    %jmp T_30.0;
T_30.1 ;
    %load/vec4 v0x593053d10000_0;
    %nor/r;
    %flag_set/vec4 8;
    %jmp/0xz  T_30.2, 8;
    %pushi/vec4 0, 0, 32;
    %store/vec4 v0x593053d12440_0, 0, 32;
T_30.2 ;
    %end;
    .scope S_0x593053de6ca0;
T_31 ;
    %wait E_0x593053d8dd80;
    %fork t_1, S_0x593053dda6a0;
    %jmp t_0;
    .scope S_0x593053dda6a0;
t_1 ;
    %load/vec4 v0x593053dd6840_0;
    %nor/r;
    %flag_set/vec4 8;
    %jmp/0xz  T_31.0, 8;
    %pushi/vec4 0, 0, 10;
    %assign/vec4 v0x593053dd4820_0, 0;
    %jmp T_31.1;
T_31.0 ;
    %load/vec4 v0x593053dd43a0_0;
    %flag_set/vec4 8;
    %jmp/0xz  T_31.2, 8;
    %load/vec4 v0x593053dd4d40_0;
    %assign/vec4 v0x593053dd4820_0, 0;
T_31.2 ;
T_31.1 ;
    %end;
    .scope S_0x593053de6ca0;
t_0 %join;
    %jmp T_31;
    .thread T_31;
    .scope S_0x593053de6ca0;
T_32 ;
    %wait E_0x593053d8dd80;
    %fork t_3, S_0x593053ddeea0;
    %jmp t_2;
    .scope S_0x593053ddeea0;
t_3 ;
    %load/vec4 v0x593053dd6840_0;
    %nor/r;
    %flag_set/vec4 8;
    %jmp/0xz  T_32.0, 8;
    %pushi/vec4 0, 0, 32;
    %assign/vec4 v0x593053dd9e60_0, 0;
    %pushi/vec4 0, 0, 32;
    %assign/vec4 v0x593053dd94a0_0, 0;
    %pushi/vec4 0, 0, 32;
    %assign/vec4 v0x593053dd9020_0, 0;
    %pushi/vec4 0, 0, 32;
    %assign/vec4 v0x593053dd8ba0_0, 0;
    %pushi/vec4 0, 0, 2;
    %assign/vec4 v0x593053b6e650_0, 0;
    %pushi/vec4 0, 0, 4;
    %assign/vec4 v0x593053dd5f80_0, 0;
    %pushi/vec4 1, 0, 1;
    %assign/vec4 v0x593053dd6ce0_0, 0;
    %pushi/vec4 0, 0, 2;
    %assign/vec4 v0x593053dd82a0_0, 0;
    %jmp T_32.1;
T_32.0 ;
    %load/vec4 v0x593053dd9920_0;
    %flag_set/vec4 8;
    %jmp/0xz  T_32.2, 8;
    %load/vec4 v0x593053dd9dc0_0;
    %parti/s 32, 96, 8;
    %assign/vec4 v0x593053dd9e60_0, 0;
T_32.2 ;
    %load/vec4 v0x593053dd9580_0;
    %flag_set/vec4 8;
    %jmp/0xz  T_32.4, 8;
    %load/vec4 v0x593053dd9dc0_0;
    %parti/s 32, 64, 8;
    %assign/vec4 v0x593053dd94a0_0, 0;
T_32.4 ;
    %load/vec4 v0x593053dd9100_0;
    %flag_set/vec4 8;
    %jmp/0xz  T_32.6, 8;
    %load/vec4 v0x593053dd9dc0_0;
    %parti/s 32, 32, 7;
    %assign/vec4 v0x593053dd9020_0, 0;
T_32.6 ;
    %load/vec4 v0x593053dd8c80_0;
    %flag_set/vec4 8;
    %jmp/0xz  T_32.8, 8;
    %load/vec4 v0x593053dd9dc0_0;
    %parti/s 32, 0, 2;
    %assign/vec4 v0x593053dd8ba0_0, 0;
T_32.8 ;
    %load/vec4 v0x593053dd51e0_0;
    %flag_set/vec4 8;
    %jmp/0xz  T_32.10, 8;
    %load/vec4 v0x593053b6e570_0;
    %assign/vec4 v0x593053b6e650_0, 0;
T_32.10 ;
    %load/vec4 v0x593053dd5ac0_0;
    %flag_set/vec4 8;
    %jmp/0xz  T_32.12, 8;
    %load/vec4 v0x593053dd5ea0_0;
    %assign/vec4 v0x593053dd5f80_0, 0;
T_32.12 ;
    %load/vec4 v0x593053dd67a0_0;
    %flag_set/vec4 8;
    %jmp/0xz  T_32.14, 8;
    %load/vec4 v0x593053dd6c20_0;
    %assign/vec4 v0x593053dd6ce0_0, 0;
T_32.14 ;
    %load/vec4 v0x593053dd8380_0;
    %flag_set/vec4 8;
    %jmp/0xz  T_32.16, 8;
    %load/vec4 v0x593053dd87c0_0;
    %assign/vec4 v0x593053dd82a0_0, 0;
T_32.16 ;
T_32.1 ;
    %end;
    .scope S_0x593053de6ca0;
t_2 %join;
    %jmp T_32;
    .thread T_32;
    .scope S_0x593053de6ca0;
T_33 ;
    %wait E_0x593053e07640;
    %fork t_5, S_0x593053dde5a0;
    %jmp t_4;
    .scope S_0x593053dde5a0;
t_5 ;
    %pushi/vec4 0, 0, 128;
    %store/vec4 v0x593053dd9dc0_0, 0, 128;
    %pushi/vec4 0, 0, 32;
    %store/vec4 v0x593053dd7ec0_0, 0, 32;
    %pushi/vec4 0, 0, 1;
    %store/vec4 v0x593053dd9920_0, 0, 1;
    %pushi/vec4 0, 0, 1;
    %store/vec4 v0x593053dd9580_0, 0, 1;
    %pushi/vec4 0, 0, 1;
    %store/vec4 v0x593053dd9100_0, 0, 1;
    %pushi/vec4 0, 0, 1;
    %store/vec4 v0x593053dd8c80_0, 0, 1;
    %load/vec4 v0x593053dd9e60_0;
    %load/vec4 v0x593053dd94a0_0;
    %concat/vec4; draw_concat_vec4
    %load/vec4 v0x593053dd9020_0;
    %concat/vec4; draw_concat_vec4
    %load/vec4 v0x593053dd8ba0_0;
    %concat/vec4; draw_concat_vec4
    %store/vec4 v0x593053ddd900_0, 0, 128;
    %alloc S_0x593053ddcf20;
    %load/vec4 v0x593053ddd900_0;
    %store/vec4 v0x593053ddcaa0_0, 0, 128;
    %callf/vec4 TD_aes.core.enc_block.shiftrows, S_0x593053ddcf20;
    %free S_0x593053ddcf20;
    %store/vec4 v0x593053ddd3a0_0, 0, 128;
    %alloc S_0x593053de2da0;
    %load/vec4 v0x593053ddd3a0_0;
    %store/vec4 v0x593053de2920_0, 0, 128;
    %callf/vec4 TD_aes.core.enc_block.mixcolumns, S_0x593053de2da0;
    %free S_0x593053de2da0;
    %store/vec4 v0x593053ddd820_0, 0, 128;
    %alloc S_0x593053de5aa0;
    %load/vec4 v0x593053dda320_0;
    %load/vec4 v0x593053dd55a0_0;
    %store/vec4 v0x593053de5280_0, 0, 128;
    %store/vec4 v0x593053de51a0_0, 0, 128;
    %callf/vec4 TD_aes.core.enc_block.addroundkey, S_0x593053de5aa0;
    %free S_0x593053de5aa0;
    %store/vec4 v0x593053dddca0_0, 0, 128;
    %alloc S_0x593053de5aa0;
    %load/vec4 v0x593053ddd820_0;
    %load/vec4 v0x593053dd55a0_0;
    %store/vec4 v0x593053de5280_0, 0, 128;
    %store/vec4 v0x593053de51a0_0, 0, 128;
    %callf/vec4 TD_aes.core.enc_block.addroundkey, S_0x593053de5aa0;
    %free S_0x593053de5aa0;
    %store/vec4 v0x593053dddd80_0, 0, 128;
    %alloc S_0x593053de5aa0;
    %load/vec4 v0x593053ddd3a0_0;
    %load/vec4 v0x593053dd55a0_0;
    %store/vec4 v0x593053de5280_0, 0, 128;
    %store/vec4 v0x593053de51a0_0, 0, 128;
    %callf/vec4 TD_aes.core.enc_block.addroundkey, S_0x593053de5aa0;
    %free S_0x593053de5aa0;
    %store/vec4 v0x593053dde1b0_0, 0, 128;
    %load/vec4 v0x593053dd4ca0_0;
    %flag_set/vec4 8;
    %jmp/0xz  T_33.0, 8;
    %load/vec4 v0x593053dd9e60_0;
    %load/vec4 v0x593053dd94a0_0;
    %concat/vec4; draw_concat_vec4
    %load/vec4 v0x593053dd9020_0;
    %concat/vec4; draw_concat_vec4
    %load/vec4 v0x593053dd8ba0_0;
    %concat/vec4; draw_concat_vec4
    %store/vec4 v0x593053dd9dc0_0, 0, 128;
    %pushi/vec4 0, 0, 32;
    %store/vec4 v0x593053dd7ec0_0, 0, 32;
    %pushi/vec4 0, 0, 1;
    %store/vec4 v0x593053dd9920_0, 0, 1;
    %pushi/vec4 0, 0, 1;
    %store/vec4 v0x593053dd9580_0, 0, 1;
    %pushi/vec4 0, 0, 1;
    %store/vec4 v0x593053dd9100_0, 0, 1;
    %pushi/vec4 0, 0, 1;
    %store/vec4 v0x593053dd8c80_0, 0, 1;
    %jmp T_33.1;
T_33.0 ;
    %load/vec4 v0x593053dd4440_0;
    %dup/vec4;
    %pushi/vec4 1, 0, 3;
    %cmp/u;
    %jmp/1 T_33.2, 6;
    %dup/vec4;
    %pushi/vec4 2, 0, 3;
    %cmp/u;
    %jmp/1 T_33.3, 6;
    %dup/vec4;
    %pushi/vec4 3, 0, 3;
    %cmp/u;
    %jmp/1 T_33.4, 6;
    %dup/vec4;
    %pushi/vec4 4, 0, 3;
    %cmp/u;
    %jmp/1 T_33.5, 6;
    %jmp T_33.7;
T_33.2 ;
    %load/vec4 v0x593053dddca0_0;
    %store/vec4 v0x593053dd9dc0_0, 0, 128;
    %pushi/vec4 1, 0, 1;
    %store/vec4 v0x593053dd9920_0, 0, 1;
    %pushi/vec4 1, 0, 1;
    %store/vec4 v0x593053dd9580_0, 0, 1;
    %pushi/vec4 1, 0, 1;
    %store/vec4 v0x593053dd9100_0, 0, 1;
    %pushi/vec4 1, 0, 1;
    %store/vec4 v0x593053dd8c80_0, 0, 1;
    %jmp T_33.7;
T_33.3 ;
    %load/vec4 v0x593053dd7600_0;
    %load/vec4 v0x593053dd7600_0;
    %concat/vec4; draw_concat_vec4
    %load/vec4 v0x593053dd7600_0;
    %concat/vec4; draw_concat_vec4
    %load/vec4 v0x593053dd7600_0;
    %concat/vec4; draw_concat_vec4
    %store/vec4 v0x593053dd9dc0_0, 0, 128;
    %load/vec4 v0x593053b6e650_0;
    %dup/vec4;
    %pushi/vec4 0, 0, 2;
    %cmp/u;
    %jmp/1 T_33.8, 6;
    %dup/vec4;
    %pushi/vec4 1, 0, 2;
    %cmp/u;
    %jmp/1 T_33.9, 6;
    %dup/vec4;
    %pushi/vec4 2, 0, 2;
    %cmp/u;
    %jmp/1 T_33.10, 6;
    %dup/vec4;
    %pushi/vec4 3, 0, 2;
    %cmp/u;
    %jmp/1 T_33.11, 6;
    %jmp T_33.12;
T_33.8 ;
    %load/vec4 v0x593053dd9e60_0;
    %store/vec4 v0x593053dd7ec0_0, 0, 32;
    %pushi/vec4 1, 0, 1;
    %store/vec4 v0x593053dd9920_0, 0, 1;
    %jmp T_33.12;
T_33.9 ;
    %load/vec4 v0x593053dd94a0_0;
    %store/vec4 v0x593053dd7ec0_0, 0, 32;
    %pushi/vec4 1, 0, 1;
    %store/vec4 v0x593053dd9580_0, 0, 1;
    %jmp T_33.12;
T_33.10 ;
    %load/vec4 v0x593053dd9020_0;
    %store/vec4 v0x593053dd7ec0_0, 0, 32;
    %pushi/vec4 1, 0, 1;
    %store/vec4 v0x593053dd9100_0, 0, 1;
    %jmp T_33.12;
T_33.11 ;
    %load/vec4 v0x593053dd8ba0_0;
    %store/vec4 v0x593053dd7ec0_0, 0, 32;
    %pushi/vec4 1, 0, 1;
    %store/vec4 v0x593053dd8c80_0, 0, 1;
    %jmp T_33.12;
T_33.12 ;
    %pop/vec4 1;
    %jmp T_33.7;
T_33.4 ;
    %load/vec4 v0x593053dddd80_0;
    %store/vec4 v0x593053dd9dc0_0, 0, 128;
    %pushi/vec4 1, 0, 1;
    %store/vec4 v0x593053dd9920_0, 0, 1;
    %pushi/vec4 1, 0, 1;
    %store/vec4 v0x593053dd9580_0, 0, 1;
    %pushi/vec4 1, 0, 1;
    %store/vec4 v0x593053dd9100_0, 0, 1;
    %pushi/vec4 1, 0, 1;
    %store/vec4 v0x593053dd8c80_0, 0, 1;
    %jmp T_33.7;
T_33.5 ;
    %load/vec4 v0x593053dde1b0_0;
    %store/vec4 v0x593053dd9dc0_0, 0, 128;
    %pushi/vec4 1, 0, 1;
    %store/vec4 v0x593053dd9920_0, 0, 1;
    %pushi/vec4 1, 0, 1;
    %store/vec4 v0x593053dd9580_0, 0, 1;
    %pushi/vec4 1, 0, 1;
    %store/vec4 v0x593053dd9100_0, 0, 1;
    %pushi/vec4 1, 0, 1;
    %store/vec4 v0x593053dd8c80_0, 0, 1;
    %jmp T_33.7;
T_33.7 ;
    %pop/vec4 1;
T_33.1 ;
    %end;
    .scope S_0x593053de6ca0;
t_4 %join;
    %jmp T_33;
    .thread T_33, $push;
    .scope S_0x593053de6ca0;
T_34 ;
    %wait E_0x593053cad820;
    %fork t_7, S_0x593053ddafa0;
    %jmp t_6;
    .scope S_0x593053ddafa0;
t_7 ;
    %pushi/vec4 0, 0, 2;
    %store/vec4 v0x593053b6e570_0, 0, 2;
    %pushi/vec4 0, 0, 1;
    %store/vec4 v0x593053dd51e0_0, 0, 1;
    %load/vec4 v0x593053dd5120_0;
    %flag_set/vec4 8;
    %jmp/0xz  T_34.0, 8;
    %pushi/vec4 0, 0, 2;
    %store/vec4 v0x593053b6e570_0, 0, 2;
    %pushi/vec4 1, 0, 1;
    %store/vec4 v0x593053dd51e0_0, 0, 1;
    %jmp T_34.1;
T_34.0 ;
    %load/vec4 v0x593053b6e4b0_0;
    %flag_set/vec4 8;
    %jmp/0xz  T_34.2, 8;
    %load/vec4 v0x593053b6e650_0;
    %addi 1, 0, 2;
    %store/vec4 v0x593053b6e570_0, 0, 2;
    %pushi/vec4 1, 0, 1;
    %store/vec4 v0x593053dd51e0_0, 0, 1;
T_34.2 ;
T_34.1 ;
    %end;
    .scope S_0x593053de6ca0;
t_6 %join;
    %jmp T_34;
    .thread T_34, $push;
    .scope S_0x593053de6ca0;
T_35 ;
    %wait E_0x593053cafb80;
    %fork t_9, S_0x593053ddea20;
    %jmp t_8;
    .scope S_0x593053ddea20;
t_9 ;
    %pushi/vec4 0, 0, 4;
    %store/vec4 v0x593053dd5ea0_0, 0, 4;
    %pushi/vec4 0, 0, 1;
    %store/vec4 v0x593053dd5ac0_0, 0, 1;
    %load/vec4 v0x593053dd5a20_0;
    %flag_set/vec4 8;
    %jmp/0xz  T_35.0, 8;
    %pushi/vec4 0, 0, 4;
    %store/vec4 v0x593053dd5ea0_0, 0, 4;
    %pushi/vec4 1, 0, 1;
    %store/vec4 v0x593053dd5ac0_0, 0, 1;
    %jmp T_35.1;
T_35.0 ;
    %load/vec4 v0x593053dd63e0_0;
    %flag_set/vec4 8;
    %jmp/0xz  T_35.2, 8;
    %load/vec4 v0x593053dd5f80_0;
    %addi 1, 0, 4;
    %store/vec4 v0x593053dd5ea0_0, 0, 4;
    %pushi/vec4 1, 0, 1;
    %store/vec4 v0x593053dd5ac0_0, 0, 1;
T_35.2 ;
T_35.1 ;
    %end;
    .scope S_0x593053de6ca0;
t_8 %join;
    %jmp T_35;
    .thread T_35, $push;
    .scope S_0x593053de6ca0;
T_36 ;
    %wait E_0x593053d9d9b0;
    %fork t_11, S_0x593053ddab20;
    %jmp t_10;
    .scope S_0x593053ddab20;
t_11 ;
    %load/vec4 v0x593053dd4820_0;
    %store/vec4 v0x593053dd4d40_0, 0, 10;
    %pushi/vec4 0, 0, 1;
    %store/vec4 v0x593053dd43a0_0, 0, 1;
    %pushi/vec4 0, 0, 1;
    %store/vec4 v0x593053dd48e0_0, 0, 1;
    %load/vec4 v0x593053dd4ca0_0;
    %nor/r;
    %flag_set/vec4 8;
    %jmp/0xz  T_36.0, 8;
    %load/vec4 v0x593053dd82a0_0;
    %pushi/vec4 3, 0, 2;
    %cmp/e;
    %flag_get/vec4 4;
    %load/vec4 v0x593053dd4440_0;
    %pushi/vec4 4, 0, 3;
    %cmp/e;
    %flag_get/vec4 4;
    %and;
    %flag_set/vec4 8;
    %jmp/0xz  T_36.2, 8;
    %load/vec4 v0x593053dd4820_0;
    %addi 1, 0, 10;
    %store/vec4 v0x593053dd4d40_0, 0, 10;
    %pushi/vec4 1, 0, 1;
    %store/vec4 v0x593053dd43a0_0, 0, 1;
T_36.2 ;
T_36.0 ;
    %end;
    .scope S_0x593053de6ca0;
t_10 %join;
    %jmp T_36;
    .thread T_36, $push;
    .scope S_0x593053de6ca0;
T_37 ;
    %wait E_0x593053db82a0;
    %fork t_13, S_0x593053de4d20;
    %jmp t_12;
    .scope S_0x593053de4d20;
t_13 ;
    %pushi/vec4 0, 0, 1;
    %store/vec4 v0x593053b6e4b0_0, 0, 1;
    %pushi/vec4 0, 0, 1;
    %store/vec4 v0x593053dd5120_0, 0, 1;
    %pushi/vec4 0, 0, 1;
    %store/vec4 v0x593053dd63e0_0, 0, 1;
    %pushi/vec4 0, 0, 1;
    %store/vec4 v0x593053dd5a20_0, 0, 1;
    %pushi/vec4 0, 0, 1;
    %store/vec4 v0x593053dd6c20_0, 0, 1;
    %pushi/vec4 0, 0, 1;
    %store/vec4 v0x593053dd67a0_0, 0, 1;
    %pushi/vec4 0, 0, 3;
    %store/vec4 v0x593053dd4440_0, 0, 3;
    %pushi/vec4 0, 0, 2;
    %store/vec4 v0x593053dd87c0_0, 0, 2;
    %pushi/vec4 0, 0, 1;
    %store/vec4 v0x593053dd8380_0, 0, 1;
    %load/vec4 v0x593053dd7e20_0;
    %cmpi/e 1, 0, 1;
    %jmp/0xz  T_37.0, 4;
    %pushi/vec4 14, 0, 4;
    %store/vec4 v0x593053de48c0_0, 0, 4;
    %jmp T_37.1;
T_37.0 ;
    %pushi/vec4 10, 0, 4;
    %store/vec4 v0x593053de48c0_0, 0, 4;
T_37.1 ;
    %load/vec4 v0x593053dd4ca0_0;
    %flag_set/vec4 8;
    %jmp/0xz  T_37.2, 8;
    %pushi/vec4 0, 0, 2;
    %store/vec4 v0x593053dd87c0_0, 0, 2;
    %pushi/vec4 1, 0, 1;
    %store/vec4 v0x593053dd8380_0, 0, 1;
    %pushi/vec4 1, 0, 1;
    %store/vec4 v0x593053dd6c20_0, 0, 1;
    %pushi/vec4 1, 0, 1;
    %store/vec4 v0x593053dd67a0_0, 0, 1;
    %pushi/vec4 0, 0, 1;
    %store/vec4 v0x593053b6e4b0_0, 0, 1;
    %pushi/vec4 0, 0, 1;
    %store/vec4 v0x593053dd5120_0, 0, 1;
    %pushi/vec4 0, 0, 1;
    %store/vec4 v0x593053dd63e0_0, 0, 1;
    %pushi/vec4 0, 0, 1;
    %store/vec4 v0x593053dd5a20_0, 0, 1;
    %pushi/vec4 0, 0, 3;
    %store/vec4 v0x593053dd4440_0, 0, 3;
    %jmp T_37.3;
T_37.2 ;
    %load/vec4 v0x593053dd82a0_0;
    %dup/vec4;
    %pushi/vec4 0, 0, 2;
    %cmp/u;
    %jmp/1 T_37.4, 6;
    %dup/vec4;
    %pushi/vec4 1, 0, 2;
    %cmp/u;
    %jmp/1 T_37.5, 6;
    %dup/vec4;
    %pushi/vec4 2, 0, 2;
    %cmp/u;
    %jmp/1 T_37.6, 6;
    %dup/vec4;
    %pushi/vec4 3, 0, 2;
    %cmp/u;
    %jmp/1 T_37.7, 6;
    %jmp T_37.9;
T_37.4 ;
    %load/vec4 v0x593053dd70a0_0;
    %flag_set/vec4 8;
    %jmp/0xz  T_37.10, 8;
    %pushi/vec4 1, 0, 1;
    %store/vec4 v0x593053dd5a20_0, 0, 1;
    %pushi/vec4 0, 0, 1;
    %store/vec4 v0x593053dd6c20_0, 0, 1;
    %pushi/vec4 1, 0, 1;
    %store/vec4 v0x593053dd67a0_0, 0, 1;
    %pushi/vec4 1, 0, 2;
    %store/vec4 v0x593053dd87c0_0, 0, 2;
    %pushi/vec4 1, 0, 1;
    %store/vec4 v0x593053dd8380_0, 0, 1;
T_37.10 ;
    %jmp T_37.9;
T_37.5 ;
    %pushi/vec4 1, 0, 1;
    %store/vec4 v0x593053dd63e0_0, 0, 1;
    %pushi/vec4 1, 0, 1;
    %store/vec4 v0x593053dd5120_0, 0, 1;
    %pushi/vec4 1, 0, 3;
    %store/vec4 v0x593053dd4440_0, 0, 3;
    %pushi/vec4 2, 0, 2;
    %store/vec4 v0x593053dd87c0_0, 0, 2;
    %pushi/vec4 1, 0, 1;
    %store/vec4 v0x593053dd8380_0, 0, 1;
    %jmp T_37.9;
T_37.6 ;
    %pushi/vec4 1, 0, 1;
    %store/vec4 v0x593053b6e4b0_0, 0, 1;
    %pushi/vec4 2, 0, 3;
    %store/vec4 v0x593053dd4440_0, 0, 3;
    %load/vec4 v0x593053b6e650_0;
    %cmpi/e 3, 0, 2;
    %jmp/0xz  T_37.12, 4;
    %pushi/vec4 3, 0, 2;
    %store/vec4 v0x593053dd87c0_0, 0, 2;
    %pushi/vec4 1, 0, 1;
    %store/vec4 v0x593053dd8380_0, 0, 1;
T_37.12 ;
    %jmp T_37.9;
T_37.7 ;
    %pushi/vec4 1, 0, 1;
    %store/vec4 v0x593053dd5120_0, 0, 1;
    %pushi/vec4 1, 0, 1;
    %store/vec4 v0x593053dd63e0_0, 0, 1;
    %load/vec4 v0x593053dd5f80_0;
    %load/vec4 v0x593053de48c0_0;
    %cmp/u;
    %jmp/0xz  T_37.14, 5;
    %pushi/vec4 3, 0, 3;
    %store/vec4 v0x593053dd4440_0, 0, 3;
    %pushi/vec4 2, 0, 2;
    %store/vec4 v0x593053dd87c0_0, 0, 2;
    %pushi/vec4 1, 0, 1;
    %store/vec4 v0x593053dd8380_0, 0, 1;
    %jmp T_37.15;
T_37.14 ;
    %pushi/vec4 4, 0, 3;
    %store/vec4 v0x593053dd4440_0, 0, 3;
    %pushi/vec4 1, 0, 1;
    %store/vec4 v0x593053dd6c20_0, 0, 1;
    %pushi/vec4 1, 0, 1;
    %store/vec4 v0x593053dd67a0_0, 0, 1;
    %pushi/vec4 0, 0, 2;
    %store/vec4 v0x593053dd87c0_0, 0, 2;
    %pushi/vec4 1, 0, 1;
    %store/vec4 v0x593053dd8380_0, 0, 1;
T_37.15 ;
    %jmp T_37.9;
T_37.9 ;
    %pop/vec4 1;
T_37.3 ;
    %end;
    .scope S_0x593053de6ca0;
t_12 %join;
    %jmp T_37;
    .thread T_37, $push;
    .scope S_0x593053dfcba0;
T_38 ;
    %wait E_0x593053db59e0;
    %load/vec4 v0x593053df20a0_0;
    %nor/r;
    %flag_set/vec4 8;
    %jmp/0xz  T_38.0, 8;
    %pushi/vec4 0, 0, 10;
    %assign/vec4 v0x593053df2600_0, 0;
    %pushi/vec4 0, 0, 1;
    %assign/vec4 v0x593053df83a0_0, 0;
    %jmp T_38.1;
T_38.0 ;
    %load/vec4 v0x593053df83a0_0;
    %nor/r;
    %flag_set/vec4 8;
    %jmp/0xz  T_38.2, 8;
    %load/vec4 v0x593053df2140_0;
    %flag_set/vec4 8;
    %jmp/0xz  T_38.4, 8;
    %load/vec4 v0x593053df2600_0;
    %cmpi/e 861, 0, 10;
    %jmp/0xz  T_38.6, 4;
    %pushi/vec4 1, 0, 1;
    %assign/vec4 v0x593053df83a0_0, 0;
    %jmp T_38.7;
T_38.6 ;
    %load/vec4 v0x593053df2600_0;
    %addi 1, 0, 10;
    %assign/vec4 v0x593053df2600_0, 0;
T_38.7 ;
T_38.4 ;
T_38.2 ;
T_38.1 ;
    %jmp T_38;
    .thread T_38;
    .scope S_0x593053d8e4b0;
T_39 ;
    %wait E_0x593053d8dd80;
    %fork t_15, S_0x593053def820;
    %jmp t_14;
    .scope S_0x593053def820;
t_15 ;
    %load/vec4 v0x593053de99a0_0;
    %nor/r;
    %flag_set/vec4 8;
    %jmp/0xz  T_39.0, 8;
    %pushi/vec4 0, 0, 32;
    %assign/vec4 v0x593053ded060_0, 0;
    %pushi/vec4 0, 0, 32;
    %assign/vec4 v0x593053dec6a0_0, 0;
    %pushi/vec4 0, 0, 32;
    %assign/vec4 v0x593053dec220_0, 0;
    %pushi/vec4 0, 0, 32;
    %assign/vec4 v0x593053debda0_0, 0;
    %pushi/vec4 0, 0, 2;
    %assign/vec4 v0x593053cae660_0, 0;
    %pushi/vec4 0, 0, 4;
    %assign/vec4 v0x593053de90a0_0, 0;
    %pushi/vec4 1, 0, 1;
    %assign/vec4 v0x593053de9e20_0, 0;
    %pushi/vec4 0, 0, 2;
    %assign/vec4 v0x593053deb4a0_0, 0;
    %pushi/vec4 0, 0, 10;
    %assign/vec4 v0x593053de7a20_0, 0;
    %pushi/vec4 0, 0, 1;
    %assign/vec4 v0x593053de7660_0, 0;
    %jmp T_39.1;
T_39.0 ;
    %load/vec4 v0x593053decb20_0;
    %flag_set/vec4 8;
    %jmp/0xz  T_39.2, 8;
    %load/vec4 v0x593053decfa0_0;
    %parti/s 32, 96, 8;
    %assign/vec4 v0x593053ded060_0, 0;
T_39.2 ;
    %load/vec4 v0x593053dec780_0;
    %flag_set/vec4 8;
    %jmp/0xz  T_39.4, 8;
    %load/vec4 v0x593053decfa0_0;
    %parti/s 32, 64, 8;
    %assign/vec4 v0x593053dec6a0_0, 0;
T_39.4 ;
    %load/vec4 v0x593053dec300_0;
    %flag_set/vec4 8;
    %jmp/0xz  T_39.6, 8;
    %load/vec4 v0x593053decfa0_0;
    %parti/s 32, 32, 7;
    %assign/vec4 v0x593053dec220_0, 0;
T_39.6 ;
    %load/vec4 v0x593053debe80_0;
    %flag_set/vec4 8;
    %jmp/0xz  T_39.8, 8;
    %load/vec4 v0x593053decfa0_0;
    %parti/s 32, 0, 2;
    %assign/vec4 v0x593053debda0_0, 0;
T_39.8 ;
    %load/vec4 v0x593053de83e0_0;
    %flag_set/vec4 8;
    %jmp/0xz  T_39.10, 8;
    %load/vec4 v0x593053de8860_0;
    %assign/vec4 v0x593053cae660_0, 0;
T_39.10 ;
    %load/vec4 v0x593053de8c20_0;
    %flag_set/vec4 8;
    %jmp/0xz  T_39.12, 8;
    %load/vec4 v0x593053de95e0_0;
    %assign/vec4 v0x593053de90a0_0, 0;
T_39.12 ;
    %load/vec4 v0x593053de9ec0_0;
    %flag_set/vec4 8;
    %jmp/0xz  T_39.14, 8;
    %load/vec4 v0x593053dea360_0;
    %assign/vec4 v0x593053de9e20_0, 0;
T_39.14 ;
    %load/vec4 v0x593053deb580_0;
    %flag_set/vec4 8;
    %jmp/0xz  T_39.16, 8;
    %load/vec4 v0x593053deb9e0_0;
    %assign/vec4 v0x593053deb4a0_0, 0;
T_39.16 ;
    %load/vec4 v0x593053de7b00_0;
    %flag_set/vec4 8;
    %jmp/0xz  T_39.18, 8;
    %load/vec4 v0x593053de7f40_0;
    %assign/vec4 v0x593053de7a20_0, 0;
T_39.18 ;
    %load/vec4 v0x593053de7120_0;
    %flag_set/vec4 8;
    %jmp/0xz  T_39.20, 8;
    %load/vec4 v0x593053de75a0_0;
    %assign/vec4 v0x593053de7660_0, 0;
T_39.20 ;
T_39.1 ;
    %end;
    .scope S_0x593053d8e4b0;
t_14 %join;
    %jmp T_39;
    .thread T_39;
    .scope S_0x593053d8e4b0;
T_40 ;
    %wait E_0x593053d2b180;
    %fork t_17, S_0x593053deeaa0;
    %jmp t_16;
    .scope S_0x593053deeaa0;
t_17 ;
    %pushi/vec4 0, 0, 128;
    %store/vec4 v0x593053dee6e0_0, 0, 128;
    %pushi/vec4 0, 0, 128;
    %store/vec4 v0x593053dee620_0, 0, 128;
    %pushi/vec4 0, 0, 128;
    %store/vec4 v0x593053deefc0_0, 0, 128;
    %pushi/vec4 0, 0, 128;
    %store/vec4 v0x593053decfa0_0, 0, 128;
    %pushi/vec4 0, 0, 32;
    %store/vec4 v0x593053de7ea0_0, 0, 32;
    %pushi/vec4 0, 0, 1;
    %store/vec4 v0x593053decb20_0, 0, 1;
    %pushi/vec4 0, 0, 1;
    %store/vec4 v0x593053dec780_0, 0, 1;
    %pushi/vec4 0, 0, 1;
    %store/vec4 v0x593053dec300_0, 0, 1;
    %pushi/vec4 0, 0, 1;
    %store/vec4 v0x593053debe80_0, 0, 1;
    %load/vec4 v0x593053ded060_0;
    %load/vec4 v0x593053dec6a0_0;
    %concat/vec4; draw_concat_vec4
    %load/vec4 v0x593053dec220_0;
    %concat/vec4; draw_concat_vec4
    %load/vec4 v0x593053debda0_0;
    %concat/vec4; draw_concat_vec4
    %store/vec4 v0x593053dee1a0_0, 0, 128;
    %load/vec4 v0x593053de71c0_0;
    %dup/vec4;
    %pushi/vec4 1, 0, 3;
    %cmp/u;
    %jmp/1 T_40.0, 6;
    %dup/vec4;
    %pushi/vec4 2, 0, 3;
    %cmp/u;
    %jmp/1 T_40.1, 6;
    %dup/vec4;
    %pushi/vec4 3, 0, 3;
    %cmp/u;
    %jmp/1 T_40.2, 6;
    %dup/vec4;
    %pushi/vec4 4, 0, 3;
    %cmp/u;
    %jmp/1 T_40.3, 6;
    %jmp T_40.5;
T_40.0 ;
    %load/vec4 v0x593053ded520_0;
    %store/vec4 v0x593053dee1a0_0, 0, 128;
    %alloc S_0x593053cb2000;
    %load/vec4 v0x593053dee1a0_0;
    %load/vec4 v0x593053de8ce0_0;
    %store/vec4 v0x593053d2ed90_0, 0, 128;
    %store/vec4 v0x593053d2ecf0_0, 0, 128;
    %callf/vec4 TD_aes.core.dec_block.addroundkey, S_0x593053cb2000;
    %free S_0x593053cb2000;
    %store/vec4 v0x593053deefc0_0, 0, 128;
    %alloc S_0x593053df1320;
    %load/vec4 v0x593053deefc0_0;
    %store/vec4 v0x593053df1820_0, 0, 128;
    %callf/vec4 TD_aes.core.dec_block.inv_shiftrows, S_0x593053df1320;
    %free S_0x593053df1320;
    %store/vec4 v0x593053dee6e0_0, 0, 128;
    %load/vec4 v0x593053dee6e0_0;
    %store/vec4 v0x593053decfa0_0, 0, 128;
    %pushi/vec4 1, 0, 1;
    %store/vec4 v0x593053decb20_0, 0, 1;
    %pushi/vec4 1, 0, 1;
    %store/vec4 v0x593053dec780_0, 0, 1;
    %pushi/vec4 1, 0, 1;
    %store/vec4 v0x593053dec300_0, 0, 1;
    %pushi/vec4 1, 0, 1;
    %store/vec4 v0x593053debe80_0, 0, 1;
    %jmp T_40.5;
T_40.1 ;
    %load/vec4 v0x593053dea720_0;
    %load/vec4 v0x593053dea720_0;
    %concat/vec4; draw_concat_vec4
    %load/vec4 v0x593053dea720_0;
    %concat/vec4; draw_concat_vec4
    %load/vec4 v0x593053dea720_0;
    %concat/vec4; draw_concat_vec4
    %store/vec4 v0x593053decfa0_0, 0, 128;
    %load/vec4 v0x593053cae660_0;
    %dup/vec4;
    %pushi/vec4 0, 0, 2;
    %cmp/u;
    %jmp/1 T_40.6, 6;
    %dup/vec4;
    %pushi/vec4 1, 0, 2;
    %cmp/u;
    %jmp/1 T_40.7, 6;
    %dup/vec4;
    %pushi/vec4 2, 0, 2;
    %cmp/u;
    %jmp/1 T_40.8, 6;
    %dup/vec4;
    %pushi/vec4 3, 0, 2;
    %cmp/u;
    %jmp/1 T_40.9, 6;
    %jmp T_40.10;
T_40.6 ;
    %load/vec4 v0x593053ded060_0;
    %store/vec4 v0x593053de7ea0_0, 0, 32;
    %pushi/vec4 1, 0, 1;
    %store/vec4 v0x593053decb20_0, 0, 1;
    %jmp T_40.10;
T_40.7 ;
    %load/vec4 v0x593053dec6a0_0;
    %store/vec4 v0x593053de7ea0_0, 0, 32;
    %pushi/vec4 1, 0, 1;
    %store/vec4 v0x593053dec780_0, 0, 1;
    %jmp T_40.10;
T_40.8 ;
    %load/vec4 v0x593053dec220_0;
    %store/vec4 v0x593053de7ea0_0, 0, 32;
    %pushi/vec4 1, 0, 1;
    %store/vec4 v0x593053dec300_0, 0, 1;
    %jmp T_40.10;
T_40.9 ;
    %load/vec4 v0x593053debda0_0;
    %store/vec4 v0x593053de7ea0_0, 0, 32;
    %pushi/vec4 1, 0, 1;
    %store/vec4 v0x593053debe80_0, 0, 1;
    %jmp T_40.10;
T_40.10 ;
    %pop/vec4 1;
    %jmp T_40.5;
T_40.2 ;
    %alloc S_0x593053cb2000;
    %load/vec4 v0x593053dee1a0_0;
    %load/vec4 v0x593053de8ce0_0;
    %store/vec4 v0x593053d2ed90_0, 0, 128;
    %store/vec4 v0x593053d2ecf0_0, 0, 128;
    %callf/vec4 TD_aes.core.dec_block.addroundkey, S_0x593053cb2000;
    %free S_0x593053cb2000;
    %store/vec4 v0x593053deefc0_0, 0, 128;
    %alloc S_0x593053e00aa0;
    %load/vec4 v0x593053deefc0_0;
    %store/vec4 v0x593053e00620_0, 0, 128;
    %callf/vec4 TD_aes.core.dec_block.inv_mixcolumns, S_0x593053e00aa0;
    %free S_0x593053e00aa0;
    %store/vec4 v0x593053dee620_0, 0, 128;
    %alloc S_0x593053df1320;
    %load/vec4 v0x593053dee620_0;
    %store/vec4 v0x593053df1820_0, 0, 128;
    %callf/vec4 TD_aes.core.dec_block.inv_shiftrows, S_0x593053df1320;
    %free S_0x593053df1320;
    %store/vec4 v0x593053dee6e0_0, 0, 128;
    %load/vec4 v0x593053dee6e0_0;
    %store/vec4 v0x593053decfa0_0, 0, 128;
    %pushi/vec4 1, 0, 1;
    %store/vec4 v0x593053decb20_0, 0, 1;
    %pushi/vec4 1, 0, 1;
    %store/vec4 v0x593053dec780_0, 0, 1;
    %pushi/vec4 1, 0, 1;
    %store/vec4 v0x593053dec300_0, 0, 1;
    %pushi/vec4 1, 0, 1;
    %store/vec4 v0x593053debe80_0, 0, 1;
    %jmp T_40.5;
T_40.3 ;
    %alloc S_0x593053cb2000;
    %load/vec4 v0x593053dee1a0_0;
    %load/vec4 v0x593053de8ce0_0;
    %store/vec4 v0x593053d2ed90_0, 0, 128;
    %store/vec4 v0x593053d2ecf0_0, 0, 128;
    %callf/vec4 TD_aes.core.dec_block.addroundkey, S_0x593053cb2000;
    %free S_0x593053cb2000;
    %store/vec4 v0x593053decfa0_0, 0, 128;
    %pushi/vec4 1, 0, 1;
    %store/vec4 v0x593053decb20_0, 0, 1;
    %pushi/vec4 1, 0, 1;
    %store/vec4 v0x593053dec780_0, 0, 1;
    %pushi/vec4 1, 0, 1;
    %store/vec4 v0x593053dec300_0, 0, 1;
    %pushi/vec4 1, 0, 1;
    %store/vec4 v0x593053debe80_0, 0, 1;
    %jmp T_40.5;
T_40.5 ;
    %pop/vec4 1;
    %end;
    .scope S_0x593053d8e4b0;
t_16 %join;
    %jmp T_40;
    .thread T_40, $push;
    .scope S_0x593053d8e4b0;
T_41 ;
    %wait E_0x593053d1cea0;
    %fork t_19, S_0x593053dedd20;
    %jmp t_18;
    .scope S_0x593053dedd20;
t_19 ;
    %pushi/vec4 0, 0, 2;
    %store/vec4 v0x593053de8860_0, 0, 2;
    %pushi/vec4 0, 0, 1;
    %store/vec4 v0x593053de83e0_0, 0, 1;
    %load/vec4 v0x593053de8320_0;
    %flag_set/vec4 8;
    %jmp/0xz  T_41.0, 8;
    %pushi/vec4 0, 0, 2;
    %store/vec4 v0x593053de8860_0, 0, 2;
    %pushi/vec4 1, 0, 1;
    %store/vec4 v0x593053de83e0_0, 0, 1;
    %jmp T_41.1;
T_41.0 ;
    %load/vec4 v0x593053de87a0_0;
    %flag_set/vec4 8;
    %jmp/0xz  T_41.2, 8;
    %load/vec4 v0x593053cae660_0;
    %addi 1, 0, 2;
    %store/vec4 v0x593053de8860_0, 0, 2;
    %pushi/vec4 1, 0, 1;
    %store/vec4 v0x593053de83e0_0, 0, 1;
T_41.2 ;
T_41.1 ;
    %end;
    .scope S_0x593053d8e4b0;
t_18 %join;
    %jmp T_41;
    .thread T_41, $push;
    .scope S_0x593053d8e4b0;
T_42 ;
    %wait E_0x593053db0b00;
    %fork t_21, S_0x593053def3a0;
    %jmp t_20;
    .scope S_0x593053def3a0;
t_21 ;
    %pushi/vec4 0, 0, 4;
    %store/vec4 v0x593053de95e0_0, 0, 4;
    %pushi/vec4 0, 0, 1;
    %store/vec4 v0x593053de8c20_0, 0, 1;
    %load/vec4 v0x593053de9180_0;
    %flag_set/vec4 8;
    %jmp/0xz  T_42.0, 8;
    %load/vec4 v0x593053deb020_0;
    %cmpi/e 1, 0, 1;
    %jmp/0xz  T_42.2, 4;
    %pushi/vec4 14, 0, 4;
    %store/vec4 v0x593053de95e0_0, 0, 4;
    %jmp T_42.3;
T_42.2 ;
    %pushi/vec4 10, 0, 4;
    %store/vec4 v0x593053de95e0_0, 0, 4;
T_42.3 ;
    %pushi/vec4 1, 0, 1;
    %store/vec4 v0x593053de8c20_0, 0, 1;
    %jmp T_42.1;
T_42.0 ;
    %load/vec4 v0x593053de9520_0;
    %flag_set/vec4 8;
    %jmp/0xz  T_42.4, 8;
    %load/vec4 v0x593053de90a0_0;
    %subi 1, 0, 4;
    %store/vec4 v0x593053de95e0_0, 0, 4;
    %pushi/vec4 1, 0, 1;
    %store/vec4 v0x593053de8c20_0, 0, 1;
T_42.4 ;
T_42.1 ;
    %end;
    .scope S_0x593053d8e4b0;
t_20 %join;
    %jmp T_42;
    .thread T_42, $push;
    .scope S_0x593053d8e4b0;
T_43 ;
    %wait E_0x593053db0fc0;
    %fork t_23, S_0x593053ded8a0;
    %jmp t_22;
    .scope S_0x593053ded8a0;
t_23 ;
    %load/vec4 v0x593053de7a20_0;
    %store/vec4 v0x593053de7f40_0, 0, 10;
    %pushi/vec4 0, 0, 1;
    %store/vec4 v0x593053de7b00_0, 0, 1;
    %load/vec4 v0x593053de7660_0;
    %store/vec4 v0x593053de75a0_0, 0, 1;
    %pushi/vec4 0, 0, 1;
    %store/vec4 v0x593053de7120_0, 0, 1;
    %load/vec4 v0x593053dea7e0_0;
    %pushi/vec4 1, 0, 1;
    %cmp/e;
    %flag_get/vec4 4;
    %load/vec4 v0x593053de9e20_0;
    %pushi/vec4 1, 0, 1;
    %cmp/e;
    %flag_get/vec4 4;
    %and;
    %load/vec4 v0x593053de7660_0;
    %pushi/vec4 0, 0, 1;
    %cmp/e;
    %flag_get/vec4 4;
    %and;
    %flag_set/vec4 8;
    %jmp/0xz  T_43.0, 8;
    %load/vec4 v0x593053de7a20_0;
    %cmpi/u 862, 0, 10;
    %jmp/0xz  T_43.2, 5;
    %load/vec4 v0x593053de7a20_0;
    %addi 1, 0, 10;
    %store/vec4 v0x593053de7f40_0, 0, 10;
    %pushi/vec4 1, 0, 1;
    %store/vec4 v0x593053de7b00_0, 0, 1;
    %load/vec4 v0x593053de7a20_0;
    %addi 1, 0, 10;
    %cmpi/e 862, 0, 10;
    %jmp/0xz  T_43.4, 4;
    %pushi/vec4 1, 0, 1;
    %store/vec4 v0x593053de75a0_0, 0, 1;
    %pushi/vec4 1, 0, 1;
    %store/vec4 v0x593053de7120_0, 0, 1;
T_43.4 ;
    %jmp T_43.3;
T_43.2 ;
    %load/vec4 v0x593053de7a20_0;
    %store/vec4 v0x593053de7f40_0, 0, 10;
    %pushi/vec4 0, 0, 1;
    %store/vec4 v0x593053de7b00_0, 0, 1;
    %pushi/vec4 1, 0, 1;
    %store/vec4 v0x593053de75a0_0, 0, 1;
    %pushi/vec4 1, 0, 1;
    %store/vec4 v0x593053de7120_0, 0, 1;
T_43.3 ;
T_43.0 ;
    %end;
    .scope S_0x593053d8e4b0;
t_22 %join;
    %jmp T_43;
    .thread T_43, $push;
    .scope S_0x593053d8e4b0;
T_44 ;
    %wait E_0x593053e1cbe0;
    %fork t_25, S_0x593053cb23e0;
    %jmp t_24;
    .scope S_0x593053cb23e0;
t_25 ;
    %pushi/vec4 0, 0, 1;
    %store/vec4 v0x593053de87a0_0, 0, 1;
    %pushi/vec4 0, 0, 1;
    %store/vec4 v0x593053de8320_0, 0, 1;
    %pushi/vec4 0, 0, 1;
    %store/vec4 v0x593053de9520_0, 0, 1;
    %pushi/vec4 0, 0, 1;
    %store/vec4 v0x593053de9180_0, 0, 1;
    %pushi/vec4 0, 0, 1;
    %store/vec4 v0x593053dea360_0, 0, 1;
    %pushi/vec4 0, 0, 1;
    %store/vec4 v0x593053de9ec0_0, 0, 1;
    %pushi/vec4 0, 0, 3;
    %store/vec4 v0x593053de71c0_0, 0, 3;
    %pushi/vec4 0, 0, 2;
    %store/vec4 v0x593053deb9e0_0, 0, 2;
    %pushi/vec4 0, 0, 1;
    %store/vec4 v0x593053deb580_0, 0, 1;
    %load/vec4 v0x593053deb4a0_0;
    %dup/vec4;
    %pushi/vec4 0, 0, 2;
    %cmp/u;
    %jmp/1 T_44.0, 6;
    %dup/vec4;
    %pushi/vec4 1, 0, 2;
    %cmp/u;
    %jmp/1 T_44.1, 6;
    %dup/vec4;
    %pushi/vec4 2, 0, 2;
    %cmp/u;
    %jmp/1 T_44.2, 6;
    %dup/vec4;
    %pushi/vec4 3, 0, 2;
    %cmp/u;
    %jmp/1 T_44.3, 6;
    %jmp T_44.5;
T_44.0 ;
    %load/vec4 v0x593053dea7e0_0;
    %load/vec4 v0x593053de7660_0;
    %pushi/vec4 0, 0, 1;
    %cmp/e;
    %flag_get/vec4 4;
    %and;
    %flag_set/vec4 8;
    %jmp/0xz  T_44.6, 8;
    %pushi/vec4 1, 0, 1;
    %store/vec4 v0x593053de9180_0, 0, 1;
    %pushi/vec4 0, 0, 1;
    %store/vec4 v0x593053dea360_0, 0, 1;
    %pushi/vec4 1, 0, 1;
    %store/vec4 v0x593053de9ec0_0, 0, 1;
    %pushi/vec4 1, 0, 2;
    %store/vec4 v0x593053deb9e0_0, 0, 2;
    %pushi/vec4 1, 0, 1;
    %store/vec4 v0x593053deb580_0, 0, 1;
T_44.6 ;
    %jmp T_44.5;
T_44.1 ;
    %pushi/vec4 1, 0, 1;
    %store/vec4 v0x593053de8320_0, 0, 1;
    %pushi/vec4 1, 0, 3;
    %store/vec4 v0x593053de71c0_0, 0, 3;
    %pushi/vec4 2, 0, 2;
    %store/vec4 v0x593053deb9e0_0, 0, 2;
    %pushi/vec4 1, 0, 1;
    %store/vec4 v0x593053deb580_0, 0, 1;
    %jmp T_44.5;
T_44.2 ;
    %pushi/vec4 1, 0, 1;
    %store/vec4 v0x593053de87a0_0, 0, 1;
    %pushi/vec4 2, 0, 3;
    %store/vec4 v0x593053de71c0_0, 0, 3;
    %load/vec4 v0x593053cae660_0;
    %cmpi/e 3, 0, 2;
    %jmp/0xz  T_44.8, 4;
    %pushi/vec4 1, 0, 1;
    %store/vec4 v0x593053de9520_0, 0, 1;
    %pushi/vec4 3, 0, 2;
    %store/vec4 v0x593053deb9e0_0, 0, 2;
    %pushi/vec4 1, 0, 1;
    %store/vec4 v0x593053deb580_0, 0, 1;
T_44.8 ;
    %jmp T_44.5;
T_44.3 ;
    %pushi/vec4 1, 0, 1;
    %store/vec4 v0x593053de8320_0, 0, 1;
    %load/vec4 v0x593053de90a0_0;
    %pad/u 32;
    %cmpi/u 0, 0, 32;
    %flag_or 5, 4; GT is !LE
    %flag_inv 5;
    %jmp/0xz  T_44.10, 5;
    %pushi/vec4 3, 0, 3;
    %store/vec4 v0x593053de71c0_0, 0, 3;
    %pushi/vec4 2, 0, 2;
    %store/vec4 v0x593053deb9e0_0, 0, 2;
    %pushi/vec4 1, 0, 1;
    %store/vec4 v0x593053deb580_0, 0, 1;
    %jmp T_44.11;
T_44.10 ;
    %pushi/vec4 4, 0, 3;
    %store/vec4 v0x593053de71c0_0, 0, 3;
    %pushi/vec4 1, 0, 1;
    %store/vec4 v0x593053dea360_0, 0, 1;
    %pushi/vec4 1, 0, 1;
    %store/vec4 v0x593053de9ec0_0, 0, 1;
    %pushi/vec4 0, 0, 2;
    %store/vec4 v0x593053deb9e0_0, 0, 2;
    %pushi/vec4 1, 0, 1;
    %store/vec4 v0x593053deb580_0, 0, 1;
T_44.11 ;
    %jmp T_44.5;
T_44.5 ;
    %pop/vec4 1;
    %end;
    .scope S_0x593053d8e4b0;
t_24 %join;
    %jmp T_44;
    .thread T_44, $push;
    .scope S_0x593053dd3aa0;
T_45 ;
    %wait E_0x593053d8dd80;
    %fork t_27, S_0x593053dd0920;
    %jmp t_26;
    .scope S_0x593053dd0920;
t_27 ;
    %load/vec4 v0x593053dc8760_0;
    %nor/r;
    %flag_set/vec4 8;
    %jmp/0xz  T_45.0, 8;
    %pushi/vec4 0, 0, 32;
    %store/vec4 v0x593053dd0e80_0, 0, 32;
T_45.2 ;
    %load/vec4 v0x593053dd0e80_0;
    %cmpi/s 14, 0, 32;
    %flag_or 5, 4;
    %jmp/0xz T_45.3, 5;
    %pushi/vec4 0, 0, 128;
    %ix/getv/s 3, v0x593053dd0e80_0;
    %ix/load 4, 0, 0; Constant delay
    %assign/vec4/a/d v0x593053dcc120, 0, 4;
    %load/vec4 v0x593053dd0e80_0;
    %addi 1, 0, 32;
    %store/vec4 v0x593053dd0e80_0, 0, 32;
    %jmp T_45.2;
T_45.3 ;
    %pushi/vec4 0, 0, 1;
    %assign/vec4 v0x593053dc8bc0_0, 0;
    %pushi/vec4 0, 0, 8;
    %assign/vec4 v0x593053dc9420_0, 0;
    %pushi/vec4 0, 0, 4;
    %assign/vec4 v0x593053dc7e80_0, 0;
    %pushi/vec4 0, 0, 128;
    %assign/vec4 v0x593053dca6e0_0, 0;
    %pushi/vec4 0, 0, 128;
    %assign/vec4 v0x593053dc9d20_0, 0;
    %pushi/vec4 0, 0, 3;
    %assign/vec4 v0x593053dcb860_0, 0;
    %pushi/vec4 0, 0, 16;
    %assign/vec4 v0x593053d8c830_0, 0;
    %pushi/vec4 0, 0, 1;
    %assign/vec4 v0x593053d8bf30_0, 0;
    %jmp T_45.1;
T_45.0 ;
    %load/vec4 v0x593053dc86a0_0;
    %flag_set/vec4 8;
    %jmp/0xz  T_45.4, 8;
    %load/vec4 v0x593053dc8b20_0;
    %assign/vec4 v0x593053dc8bc0_0, 0;
T_45.4 ;
    %load/vec4 v0x593053dc8fa0_0;
    %flag_set/vec4 8;
    %jmp/0xz  T_45.6, 8;
    %load/vec4 v0x593053dc98a0_0;
    %assign/vec4 v0x593053dc9420_0, 0;
T_45.6 ;
    %load/vec4 v0x593053bf1260_0;
    %flag_set/vec4 8;
    %jmp/0xz  T_45.8, 8;
    %load/vec4 v0x593053dc7da0_0;
    %assign/vec4 v0x593053dc7e80_0, 0;
T_45.8 ;
    %load/vec4 v0x593053dcaff0_0;
    %flag_set/vec4 8;
    %jmp/0xz  T_45.10, 8;
    %load/vec4 v0x593053dcb460_0;
    %load/vec4 v0x593053dc7e80_0;
    %pad/u 6;
    %ix/vec4 3;
    %ix/load 4, 0, 0; Constant delay
    %assign/vec4/a/d v0x593053dcc120, 0, 4;
T_45.10 ;
    %load/vec4 v0x593053dca1a0_0;
    %flag_set/vec4 8;
    %jmp/0xz  T_45.12, 8;
    %load/vec4 v0x593053dca620_0;
    %assign/vec4 v0x593053dca6e0_0, 0;
T_45.12 ;
    %load/vec4 v0x593053dc9e00_0;
    %flag_set/vec4 8;
    %jmp/0xz  T_45.14, 8;
    %load/vec4 v0x593053dca260_0;
    %assign/vec4 v0x593053dc9d20_0, 0;
T_45.14 ;
    %load/vec4 v0x593053dcb3a0_0;
    %flag_set/vec4 8;
    %jmp/0xz  T_45.16, 8;
    %load/vec4 v0x593053dcbda0_0;
    %assign/vec4 v0x593053dcb860_0, 0;
T_45.16 ;
    %load/vec4 v0x593053d8c3b0_0;
    %flag_set/vec4 8;
    %jmp/0xz  T_45.18, 8;
    %load/vec4 v0x593053caf620_0;
    %assign/vec4 v0x593053d8c830_0, 0;
T_45.18 ;
    %load/vec4 v0x593053d8bfd0_0;
    %flag_set/vec4 8;
    %jmp/0xz  T_45.20, 8;
    %load/vec4 v0x593053d8c470_0;
    %assign/vec4 v0x593053d8bf30_0, 0;
T_45.20 ;
T_45.1 ;
    %end;
    .scope S_0x593053dd3aa0;
t_26 %join;
    %jmp T_45;
    .thread T_45;
    .scope S_0x593053dd3aa0;
T_46 ;
    %wait E_0x593053dd24f0;
    %fork t_29, S_0x593053dd16a0;
    %jmp t_28;
    .scope S_0x593053dd16a0;
t_29 ;
    %load/vec4 v0x593053dc8220_0;
    %pad/u 6;
    %ix/vec4 4;
    %load/vec4a v0x593053dcc120, 4;
    %store/vec4 v0x593053cb0910_0, 0, 128;
    %end;
    .scope S_0x593053dd3aa0;
t_28 %join;
    %jmp T_46;
    .thread T_46, $push;
    .scope S_0x593053dd3aa0;
T_47 ;
    %wait E_0x593053dd2940;
    %fork t_31, S_0x593053dcfba0;
    %jmp t_30;
    .scope S_0x593053dcfba0;
t_31 ;
    %pushi/vec4 0, 0, 128;
    %store/vec4 v0x593053dcb460_0, 0, 128;
    %pushi/vec4 0, 0, 1;
    %store/vec4 v0x593053dcaff0_0, 0, 1;
    %pushi/vec4 0, 0, 128;
    %store/vec4 v0x593053dca620_0, 0, 128;
    %pushi/vec4 0, 0, 1;
    %store/vec4 v0x593053dca1a0_0, 0, 1;
    %pushi/vec4 0, 0, 128;
    %store/vec4 v0x593053dca260_0, 0, 128;
    %pushi/vec4 0, 0, 1;
    %store/vec4 v0x593053dc9e00_0, 0, 1;
    %pushi/vec4 0, 0, 32;
    %store/vec4 v0x593053dcf720_0, 0, 32;
    %pushi/vec4 0, 0, 32;
    %store/vec4 v0x593053dcf820_0, 0, 32;
    %pushi/vec4 0, 0, 32;
    %store/vec4 v0x593053dcf2a0_0, 0, 32;
    %pushi/vec4 0, 0, 32;
    %store/vec4 v0x593053dcf360_0, 0, 32;
    %pushi/vec4 1, 0, 1;
    %store/vec4 v0x593053dc9500_0, 0, 1;
    %pushi/vec4 0, 0, 1;
    %store/vec4 v0x593053dc9980_0, 0, 1;
    %load/vec4 v0x593053dca6e0_0;
    %parti/s 32, 96, 8;
    %store/vec4 v0x593053dce600_0, 0, 32;
    %load/vec4 v0x593053dca6e0_0;
    %parti/s 32, 64, 8;
    %store/vec4 v0x593053dce0a0_0, 0, 32;
    %load/vec4 v0x593053dca6e0_0;
    %parti/s 32, 32, 7;
    %store/vec4 v0x593053dce180_0, 0, 32;
    %load/vec4 v0x593053dca6e0_0;
    %parti/s 32, 0, 2;
    %store/vec4 v0x593053dcdc20_0, 0, 32;
    %load/vec4 v0x593053dc9d20_0;
    %parti/s 32, 96, 8;
    %store/vec4 v0x593053dcdd00_0, 0, 32;
    %load/vec4 v0x593053dc9d20_0;
    %parti/s 32, 64, 8;
    %store/vec4 v0x593053dcd7a0_0, 0, 32;
    %load/vec4 v0x593053dc9d20_0;
    %parti/s 32, 32, 7;
    %store/vec4 v0x593053dcd880_0, 0, 32;
    %load/vec4 v0x593053dc9d20_0;
    %parti/s 32, 0, 2;
    %store/vec4 v0x593053dcd340_0, 0, 32;
    %load/vec4 v0x593053dc9420_0;
    %concati/vec4 0, 0, 24;
    %store/vec4 v0x593053dcee20_0, 0, 32;
    %load/vec4 v0x593053dcd340_0;
    %store/vec4 v0x593053cb09d0_0, 0, 32;
    %load/vec4 v0x593053dcab40_0;
    %parti/s 24, 0, 2;
    %load/vec4 v0x593053dcab40_0;
    %parti/s 8, 24, 6;
    %concat/vec4; draw_concat_vec4
    %store/vec4 v0x593053dce9a0_0, 0, 32;
    %load/vec4 v0x593053dce9a0_0;
    %load/vec4 v0x593053dcee20_0;
    %xor;
    %store/vec4 v0x593053dcea80_0, 0, 32;
    %load/vec4 v0x593053dcab40_0;
    %store/vec4 v0x593053dce520_0, 0, 32;
    %load/vec4 v0x593053bf1430_0;
    %flag_set/vec4 8;
    %jmp/0xz  T_47.0, 8;
    %pushi/vec4 0, 0, 1;
    %store/vec4 v0x593053dc9500_0, 0, 1;
    %pushi/vec4 1, 0, 1;
    %store/vec4 v0x593053dcaff0_0, 0, 1;
    %load/vec4 v0x593053dcaaa0_0;
    %dup/vec4;
    %pushi/vec4 0, 0, 1;
    %cmp/u;
    %jmp/1 T_47.2, 6;
    %dup/vec4;
    %pushi/vec4 1, 0, 1;
    %cmp/u;
    %jmp/1 T_47.3, 6;
    %jmp T_47.5;
T_47.2 ;
    %load/vec4 v0x593053dc7e80_0;
    %pad/u 32;
    %cmpi/e 0, 0, 32;
    %jmp/0xz  T_47.6, 4;
    %load/vec4 v0x593053dcc640_0;
    %parti/s 128, 128, 9;
    %store/vec4 v0x593053dcb460_0, 0, 128;
    %load/vec4 v0x593053dcc640_0;
    %parti/s 128, 128, 9;
    %store/vec4 v0x593053dca260_0, 0, 128;
    %pushi/vec4 1, 0, 1;
    %store/vec4 v0x593053dc9e00_0, 0, 1;
    %pushi/vec4 1, 0, 1;
    %store/vec4 v0x593053dc9980_0, 0, 1;
    %jmp T_47.7;
T_47.6 ;
    %load/vec4 v0x593053dcdd00_0;
    %load/vec4 v0x593053dcea80_0;
    %xor;
    %store/vec4 v0x593053dcf720_0, 0, 32;
    %load/vec4 v0x593053dcd7a0_0;
    %load/vec4 v0x593053dcdd00_0;
    %xor;
    %load/vec4 v0x593053dcea80_0;
    %xor;
    %store/vec4 v0x593053dcf820_0, 0, 32;
    %load/vec4 v0x593053dcd880_0;
    %load/vec4 v0x593053dcd7a0_0;
    %xor;
    %load/vec4 v0x593053dcdd00_0;
    %xor;
    %load/vec4 v0x593053dcea80_0;
    %xor;
    %store/vec4 v0x593053dcf2a0_0, 0, 32;
    %load/vec4 v0x593053dcd340_0;
    %load/vec4 v0x593053dcd880_0;
    %xor;
    %load/vec4 v0x593053dcd7a0_0;
    %xor;
    %load/vec4 v0x593053dcdd00_0;
    %xor;
    %load/vec4 v0x593053dcea80_0;
    %xor;
    %store/vec4 v0x593053dcf360_0, 0, 32;
    %load/vec4 v0x593053dcf720_0;
    %load/vec4 v0x593053dcf820_0;
    %concat/vec4; draw_concat_vec4
    %load/vec4 v0x593053dcf2a0_0;
    %concat/vec4; draw_concat_vec4
    %load/vec4 v0x593053dcf360_0;
    %concat/vec4; draw_concat_vec4
    %store/vec4 v0x593053dcb460_0, 0, 128;
    %load/vec4 v0x593053dcf720_0;
    %load/vec4 v0x593053dcf820_0;
    %concat/vec4; draw_concat_vec4
    %load/vec4 v0x593053dcf2a0_0;
    %concat/vec4; draw_concat_vec4
    %load/vec4 v0x593053dcf360_0;
    %concat/vec4; draw_concat_vec4
    %store/vec4 v0x593053dca260_0, 0, 128;
    %pushi/vec4 1, 0, 1;
    %store/vec4 v0x593053dc9e00_0, 0, 1;
    %pushi/vec4 1, 0, 1;
    %store/vec4 v0x593053dc9980_0, 0, 1;
T_47.7 ;
    %jmp T_47.5;
T_47.3 ;
    %load/vec4 v0x593053dc7e80_0;
    %pad/u 32;
    %cmpi/e 0, 0, 32;
    %jmp/0xz  T_47.8, 4;
    %load/vec4 v0x593053dcc640_0;
    %parti/s 128, 128, 9;
    %store/vec4 v0x593053dcb460_0, 0, 128;
    %load/vec4 v0x593053dcc640_0;
    %parti/s 128, 128, 9;
    %store/vec4 v0x593053dca620_0, 0, 128;
    %pushi/vec4 1, 0, 1;
    %store/vec4 v0x593053dca1a0_0, 0, 1;
    %jmp T_47.9;
T_47.8 ;
    %load/vec4 v0x593053dc7e80_0;
    %pad/u 32;
    %cmpi/e 1, 0, 32;
    %jmp/0xz  T_47.10, 4;
    %load/vec4 v0x593053dcc640_0;
    %parti/s 128, 0, 2;
    %store/vec4 v0x593053dcb460_0, 0, 128;
    %load/vec4 v0x593053dcc640_0;
    %parti/s 128, 0, 2;
    %store/vec4 v0x593053dca260_0, 0, 128;
    %pushi/vec4 1, 0, 1;
    %store/vec4 v0x593053dc9e00_0, 0, 1;
    %pushi/vec4 1, 0, 1;
    %store/vec4 v0x593053dc9980_0, 0, 1;
    %jmp T_47.11;
T_47.10 ;
    %load/vec4 v0x593053dc7e80_0;
    %parti/s 1, 0, 2;
    %pad/u 32;
    %cmpi/e 0, 0, 32;
    %jmp/0xz  T_47.12, 4;
    %load/vec4 v0x593053dce600_0;
    %load/vec4 v0x593053dcea80_0;
    %xor;
    %store/vec4 v0x593053dcf720_0, 0, 32;
    %load/vec4 v0x593053dce0a0_0;
    %load/vec4 v0x593053dce600_0;
    %xor;
    %load/vec4 v0x593053dcea80_0;
    %xor;
    %store/vec4 v0x593053dcf820_0, 0, 32;
    %load/vec4 v0x593053dce180_0;
    %load/vec4 v0x593053dce0a0_0;
    %xor;
    %load/vec4 v0x593053dce600_0;
    %xor;
    %load/vec4 v0x593053dcea80_0;
    %xor;
    %store/vec4 v0x593053dcf2a0_0, 0, 32;
    %load/vec4 v0x593053dcdc20_0;
    %load/vec4 v0x593053dce180_0;
    %xor;
    %load/vec4 v0x593053dce0a0_0;
    %xor;
    %load/vec4 v0x593053dce600_0;
    %xor;
    %load/vec4 v0x593053dcea80_0;
    %xor;
    %store/vec4 v0x593053dcf360_0, 0, 32;
    %jmp T_47.13;
T_47.12 ;
    %load/vec4 v0x593053dce600_0;
    %load/vec4 v0x593053dce520_0;
    %xor;
    %store/vec4 v0x593053dcf720_0, 0, 32;
    %load/vec4 v0x593053dce0a0_0;
    %load/vec4 v0x593053dce600_0;
    %xor;
    %load/vec4 v0x593053dce520_0;
    %xor;
    %store/vec4 v0x593053dcf820_0, 0, 32;
    %load/vec4 v0x593053dce180_0;
    %load/vec4 v0x593053dce0a0_0;
    %xor;
    %load/vec4 v0x593053dce600_0;
    %xor;
    %load/vec4 v0x593053dce520_0;
    %xor;
    %store/vec4 v0x593053dcf2a0_0, 0, 32;
    %load/vec4 v0x593053dcdc20_0;
    %load/vec4 v0x593053dce180_0;
    %xor;
    %load/vec4 v0x593053dce0a0_0;
    %xor;
    %load/vec4 v0x593053dce600_0;
    %xor;
    %load/vec4 v0x593053dce520_0;
    %xor;
    %store/vec4 v0x593053dcf360_0, 0, 32;
    %pushi/vec4 1, 0, 1;
    %store/vec4 v0x593053dc9980_0, 0, 1;
T_47.13 ;
    %load/vec4 v0x593053dcf720_0;
    %load/vec4 v0x593053dcf820_0;
    %concat/vec4; draw_concat_vec4
    %load/vec4 v0x593053dcf2a0_0;
    %concat/vec4; draw_concat_vec4
    %load/vec4 v0x593053dcf360_0;
    %concat/vec4; draw_concat_vec4
    %store/vec4 v0x593053dcb460_0, 0, 128;
    %load/vec4 v0x593053dcf720_0;
    %load/vec4 v0x593053dcf820_0;
    %concat/vec4; draw_concat_vec4
    %load/vec4 v0x593053dcf2a0_0;
    %concat/vec4; draw_concat_vec4
    %load/vec4 v0x593053dcf360_0;
    %concat/vec4; draw_concat_vec4
    %store/vec4 v0x593053dca260_0, 0, 128;
    %pushi/vec4 1, 0, 1;
    %store/vec4 v0x593053dc9e00_0, 0, 1;
    %load/vec4 v0x593053dc9d20_0;
    %store/vec4 v0x593053dca620_0, 0, 128;
    %pushi/vec4 1, 0, 1;
    %store/vec4 v0x593053dca1a0_0, 0, 1;
T_47.11 ;
T_47.9 ;
    %jmp T_47.5;
T_47.5 ;
    %pop/vec4 1;
T_47.0 ;
    %end;
    .scope S_0x593053dd3aa0;
t_30 %join;
    %jmp T_47;
    .thread T_47, $push;
    .scope S_0x593053dd3aa0;
T_48 ;
    %wait E_0x593053dd28a0;
    %fork t_33, S_0x593053dd1220;
    %jmp t_32;
    .scope S_0x593053dd1220;
t_33 ;
    %pushi/vec4 0, 0, 8;
    %store/vec4 v0x593053dc98a0_0, 0, 8;
    %pushi/vec4 0, 0, 1;
    %store/vec4 v0x593053dc8fa0_0, 0, 1;
    %load/vec4 v0x593053dc9420_0;
    %parti/s 7, 0, 2;
    %concati/vec4 0, 0, 1;
    %pushi/vec4 27, 0, 8;
    %load/vec4 v0x593053dc9420_0;
    %parti/s 1, 7, 4;
    %replicate 8;
    %and;
    %xor;
    %store/vec4 v0x593053dd0da0_0, 0, 8;
    %load/vec4 v0x593053dc9500_0;
    %flag_set/vec4 8;
    %jmp/0xz  T_48.0, 8;
    %pushi/vec4 141, 0, 8;
    %store/vec4 v0x593053dc98a0_0, 0, 8;
    %pushi/vec4 1, 0, 1;
    %store/vec4 v0x593053dc8fa0_0, 0, 1;
T_48.0 ;
    %load/vec4 v0x593053dc9980_0;
    %flag_set/vec4 8;
    %jmp/0xz  T_48.2, 8;
    %load/vec4 v0x593053dd0da0_0;
    %store/vec4 v0x593053dc98a0_0, 0, 8;
    %pushi/vec4 1, 0, 1;
    %store/vec4 v0x593053dc8fa0_0, 0, 1;
T_48.2 ;
    %end;
    .scope S_0x593053dd3aa0;
t_32 %join;
    %jmp T_48;
    .thread T_48, $push;
    .scope S_0x593053dd3aa0;
T_49 ;
    %wait E_0x593053dd32e0;
    %fork t_35, S_0x593053dd0020;
    %jmp t_34;
    .scope S_0x593053dd0020;
t_35 ;
    %pushi/vec4 0, 0, 4;
    %store/vec4 v0x593053dc7da0_0, 0, 4;
    %pushi/vec4 0, 0, 1;
    %store/vec4 v0x593053bf1260_0, 0, 1;
    %load/vec4 v0x593053dc7920_0;
    %flag_set/vec4 8;
    %jmp/0xz  T_49.0, 8;
    %pushi/vec4 0, 0, 4;
    %store/vec4 v0x593053dc7da0_0, 0, 4;
    %pushi/vec4 1, 0, 1;
    %store/vec4 v0x593053bf1260_0, 0, 1;
    %jmp T_49.1;
T_49.0 ;
    %load/vec4 v0x593053dc8300_0;
    %flag_set/vec4 8;
    %jmp/0xz  T_49.2, 8;
    %load/vec4 v0x593053dc7e80_0;
    %addi 1, 0, 4;
    %store/vec4 v0x593053dc7da0_0, 0, 4;
    %pushi/vec4 1, 0, 1;
    %store/vec4 v0x593053bf1260_0, 0, 1;
T_49.2 ;
T_49.1 ;
    %end;
    .scope S_0x593053dd3aa0;
t_34 %join;
    %jmp T_49;
    .thread T_49, $push;
    .scope S_0x593053dd3aa0;
T_50 ;
    %wait E_0x593053dd2e80;
    %fork t_37, S_0x593053dccea0;
    %jmp t_36;
    .scope S_0x593053dccea0;
t_37 ;
    %load/vec4 v0x593053d8c830_0;
    %store/vec4 v0x593053caf620_0, 0, 16;
    %pushi/vec4 0, 0, 1;
    %store/vec4 v0x593053d8c3b0_0, 0, 1;
    %pushi/vec4 0, 0, 1;
    %store/vec4 v0x593053caf560_0, 0, 1;
    %pushi/vec4 0, 0, 1;
    %store/vec4 v0x593053d8c910_0, 0, 1;
    %load/vec4 v0x593053d8bf30_0;
    %store/vec4 v0x593053d8c470_0, 0, 1;
    %pushi/vec4 0, 0, 1;
    %store/vec4 v0x593053d8bfd0_0, 0, 1;
    %load/vec4 v0x593053d8bf30_0;
    %nor/r;
    %flag_set/vec4 8;
    %jmp/0xz  T_50.0, 8;
    %load/vec4 v0x593053dcb860_0;
    %pushi/vec4 3, 0, 3;
    %cmp/e;
    %flag_get/vec4 4;
    %load/vec4 v0x593053dc8bc0_0;
    %pushi/vec4 0, 0, 1;
    %cmp/e;
    %flag_get/vec4 4;
    %and;
    %flag_set/vec4 8;
    %jmp/0xz  T_50.2, 8;
    %load/vec4 v0x593053d8c830_0;
    %addi 1, 0, 16;
    %store/vec4 v0x593053caf620_0, 0, 16;
    %pushi/vec4 1, 0, 1;
    %store/vec4 v0x593053d8c3b0_0, 0, 1;
    %pushi/vec4 1, 0, 1;
    %store/vec4 v0x593053caf560_0, 0, 1;
T_50.2 ;
T_50.0 ;
    %load/vec4 v0x593053dc8760_0;
    %nor/r;
    %flag_set/vec4 8;
    %jmp/0xz  T_50.4, 8;
    %pushi/vec4 0, 0, 16;
    %store/vec4 v0x593053caf620_0, 0, 16;
    %pushi/vec4 1, 0, 1;
    %store/vec4 v0x593053d8c3b0_0, 0, 1;
    %pushi/vec4 0, 0, 1;
    %store/vec4 v0x593053d8c470_0, 0, 1;
    %pushi/vec4 1, 0, 1;
    %store/vec4 v0x593053d8bfd0_0, 0, 1;
T_50.4 ;
    %pushi/vec4 862, 0, 16;
    %load/vec4 v0x593053d8c830_0;
    %cmp/u;
    %flag_get/vec4 4;
    %flag_get/vec4 5;
    %or;
    %load/vec4 v0x593053d8bf30_0;
    %inv;
    %and;
    %flag_set/vec4 8;
    %jmp/0xz  T_50.6, 8;
    %pushi/vec4 1, 0, 1;
    %store/vec4 v0x593053d8c470_0, 0, 1;
    %pushi/vec4 1, 0, 1;
    %store/vec4 v0x593053d8bfd0_0, 0, 1;
T_50.6 ;
    %load/vec4 v0x593053dc8760_0;
    %nor/r;
    %flag_set/vec4 8;
    %jmp/0xz  T_50.8, 8;
    %pushi/vec4 0, 0, 1;
    %store/vec4 v0x593053d8c470_0, 0, 1;
    %pushi/vec4 1, 0, 1;
    %store/vec4 v0x593053d8bfd0_0, 0, 1;
T_50.8 ;
    %end;
    .scope S_0x593053dd3aa0;
t_36 %join;
    %jmp T_50;
    .thread T_50, $push;
    .scope S_0x593053dd3aa0;
T_51 ;
    %wait E_0x593053dd3780;
    %fork t_39, S_0x593053dd1fa0;
    %jmp t_38;
    .scope S_0x593053dd1fa0;
t_39 ;
    %pushi/vec4 0, 0, 1;
    %store/vec4 v0x593053dc8b20_0, 0, 1;
    %pushi/vec4 0, 0, 1;
    %store/vec4 v0x593053dc86a0_0, 0, 1;
    %pushi/vec4 0, 0, 1;
    %store/vec4 v0x593053bf1430_0, 0, 1;
    %pushi/vec4 0, 0, 1;
    %store/vec4 v0x593053dc7920_0, 0, 1;
    %pushi/vec4 0, 0, 1;
    %store/vec4 v0x593053dc8300_0, 0, 1;
    %pushi/vec4 0, 0, 3;
    %store/vec4 v0x593053dcbda0_0, 0, 3;
    %pushi/vec4 0, 0, 1;
    %store/vec4 v0x593053dcb3a0_0, 0, 1;
    %load/vec4 v0x593053dcaaa0_0;
    %cmpi/e 0, 0, 1;
    %jmp/0xz  T_51.0, 4;
    %pushi/vec4 10, 0, 4;
    %store/vec4 v0x593053dd1b20_0, 0, 4;
    %jmp T_51.1;
T_51.0 ;
    %pushi/vec4 14, 0, 4;
    %store/vec4 v0x593053dd1b20_0, 0, 4;
T_51.1 ;
    %load/vec4 v0x593053d8bf30_0;
    %flag_set/vec4 8;
    %jmp/0xz  T_51.2, 8;
    %pushi/vec4 0, 0, 1;
    %store/vec4 v0x593053dc8b20_0, 0, 1;
    %pushi/vec4 1, 0, 1;
    %store/vec4 v0x593053dc86a0_0, 0, 1;
    %pushi/vec4 0, 0, 1;
    %store/vec4 v0x593053bf1430_0, 0, 1;
    %pushi/vec4 0, 0, 1;
    %store/vec4 v0x593053dc7920_0, 0, 1;
    %pushi/vec4 0, 0, 1;
    %store/vec4 v0x593053dc8300_0, 0, 1;
    %pushi/vec4 0, 0, 3;
    %store/vec4 v0x593053dcbda0_0, 0, 3;
    %pushi/vec4 1, 0, 1;
    %store/vec4 v0x593053dcb3a0_0, 0, 1;
    %jmp T_51.3;
T_51.2 ;
    %load/vec4 v0x593053dcb860_0;
    %dup/vec4;
    %pushi/vec4 0, 0, 3;
    %cmp/u;
    %jmp/1 T_51.4, 6;
    %dup/vec4;
    %pushi/vec4 1, 0, 3;
    %cmp/u;
    %jmp/1 T_51.5, 6;
    %dup/vec4;
    %pushi/vec4 2, 0, 3;
    %cmp/u;
    %jmp/1 T_51.6, 6;
    %dup/vec4;
    %pushi/vec4 3, 0, 3;
    %cmp/u;
    %jmp/1 T_51.7, 6;
    %jmp T_51.9;
T_51.4 ;
    %load/vec4 v0x593053dcc5a0_0;
    %flag_set/vec4 8;
    %jmp/0xz  T_51.10, 8;
    %pushi/vec4 0, 0, 1;
    %store/vec4 v0x593053dc8b20_0, 0, 1;
    %pushi/vec4 1, 0, 1;
    %store/vec4 v0x593053dc86a0_0, 0, 1;
    %pushi/vec4 1, 0, 3;
    %store/vec4 v0x593053dcbda0_0, 0, 3;
    %pushi/vec4 1, 0, 1;
    %store/vec4 v0x593053dcb3a0_0, 0, 1;
T_51.10 ;
    %jmp T_51.9;
T_51.5 ;
    %pushi/vec4 1, 0, 1;
    %store/vec4 v0x593053dc7920_0, 0, 1;
    %pushi/vec4 2, 0, 3;
    %store/vec4 v0x593053dcbda0_0, 0, 3;
    %pushi/vec4 1, 0, 1;
    %store/vec4 v0x593053dcb3a0_0, 0, 1;
    %jmp T_51.9;
T_51.6 ;
    %pushi/vec4 1, 0, 1;
    %store/vec4 v0x593053dc8300_0, 0, 1;
    %pushi/vec4 1, 0, 1;
    %store/vec4 v0x593053bf1430_0, 0, 1;
    %load/vec4 v0x593053dc7e80_0;
    %load/vec4 v0x593053dd1b20_0;
    %cmp/e;
    %jmp/0xz  T_51.12, 4;
    %pushi/vec4 3, 0, 3;
    %store/vec4 v0x593053dcbda0_0, 0, 3;
    %pushi/vec4 1, 0, 1;
    %store/vec4 v0x593053dcb3a0_0, 0, 1;
T_51.12 ;
    %jmp T_51.9;
T_51.7 ;
    %pushi/vec4 1, 0, 1;
    %store/vec4 v0x593053dc8b20_0, 0, 1;
    %pushi/vec4 1, 0, 1;
    %store/vec4 v0x593053dc86a0_0, 0, 1;
    %pushi/vec4 0, 0, 3;
    %store/vec4 v0x593053dcbda0_0, 0, 3;
    %pushi/vec4 1, 0, 1;
    %store/vec4 v0x593053dcb3a0_0, 0, 1;
    %jmp T_51.9;
T_51.9 ;
    %pop/vec4 1;
T_51.3 ;
    %end;
    .scope S_0x593053dd3aa0;
t_38 %join;
    %jmp T_51;
    .thread T_51, $push;
    .scope S_0x593053d8b1b0;
T_52 ;
    %wait E_0x593053d8ad30;
    %load/vec4 v0x593053d865d0_0;
    %nor/r;
    %flag_set/vec4 8;
    %jmp/0xz  T_52.0, 8;
    %pushi/vec4 0, 0, 10;
    %assign/vec4 v0x593053d86e30_0, 0;
    %pushi/vec4 0, 0, 1;
    %assign/vec4 v0x593053d86a70_0, 0;
    %jmp T_52.1;
T_52.0 ;
    %load/vec4 v0x593053d86a70_0;
    %inv;
    %flag_set/vec4 8;
    %jmp/0xz  T_52.2, 8;
    %load/vec4 v0x593053d86f10_0;
    %flag_set/vec4 8;
    %jmp/0xz  T_52.4, 8;
    %load/vec4 v0x593053d86e30_0;
    %cmpi/e 861, 0, 10;
    %jmp/0xz  T_52.6, 4;
    %load/vec4 v0x593053d86e30_0;
    %addi 1, 0, 10;
    %assign/vec4 v0x593053d86e30_0, 0;
    %pushi/vec4 1, 0, 1;
    %assign/vec4 v0x593053d86a70_0, 0;
    %jmp T_52.7;
T_52.6 ;
    %load/vec4 v0x593053d86e30_0;
    %cmpi/u 861, 0, 10;
    %jmp/0xz  T_52.8, 5;
    %load/vec4 v0x593053d86e30_0;
    %addi 1, 0, 10;
    %assign/vec4 v0x593053d86e30_0, 0;
    %jmp T_52.9;
T_52.8 ;
    %load/vec4 v0x593053d86e30_0;
    %assign/vec4 v0x593053d86e30_0, 0;
T_52.9 ;
T_52.7 ;
T_52.4 ;
T_52.2 ;
T_52.1 ;
    %jmp T_52;
    .thread T_52;
    .scope S_0x593053cb89b0;
T_53 ;
    %wait E_0x593053d8dd80;
    %fork t_41, S_0x593053d8bab0;
    %jmp t_40;
    .scope S_0x593053d8bab0;
t_41 ;
    %load/vec4 v0x593053d7bad0_0;
    %nor/r;
    %flag_set/vec4 8;
    %jmp/0xz  T_53.0, 8;
    %pushi/vec4 0, 0, 1;
    %assign/vec4 v0x593053c534c0_0, 0;
    %pushi/vec4 1, 0, 1;
    %assign/vec4 v0x593053d7bf70_0, 0;
    %pushi/vec4 0, 0, 2;
    %assign/vec4 v0x593053d7fe10_0, 0;
    %pushi/vec4 0, 0, 10;
    %assign/vec4 v0x593053d7acb0_0, 0;
    %pushi/vec4 0, 0, 1;
    %assign/vec4 v0x593053d7a830_0, 0;
    %jmp T_53.1;
T_53.0 ;
    %load/vec4 v0x593053d7b650_0;
    %flag_set/vec4 8;
    %jmp/0xz  T_53.2, 8;
    %load/vec4 v0x593053c53400_0;
    %assign/vec4 v0x593053c534c0_0, 0;
T_53.2 ;
    %load/vec4 v0x593053d7ba30_0;
    %flag_set/vec4 8;
    %jmp/0xz  T_53.4, 8;
    %load/vec4 v0x593053d7beb0_0;
    %assign/vec4 v0x593053d7bf70_0, 0;
T_53.4 ;
    %load/vec4 v0x593053d7f930_0;
    %flag_set/vec4 8;
    %jmp/0xz  T_53.6, 8;
    %load/vec4 v0x593053d807a0_0;
    %assign/vec4 v0x593053d7fe10_0, 0;
T_53.6 ;
    %load/vec4 v0x593053d7b1f0_0;
    %flag_set/vec4 8;
    %jmp/0xz  T_53.8, 8;
    %load/vec4 v0x593053d7acb0_0;
    %addi 1, 0, 10;
    %assign/vec4 v0x593053d7acb0_0, 0;
    %jmp T_53.9;
T_53.8 ;
    %load/vec4 v0x593053d7ded0_0;
    %flag_set/vec4 8;
    %jmp/0xz  T_53.10, 8;
    %pushi/vec4 0, 0, 10;
    %assign/vec4 v0x593053d7acb0_0, 0;
T_53.10 ;
T_53.9 ;
    %load/vec4 v0x593053d7a8f0_0;
    %flag_set/vec4 8;
    %jmp/0xz  T_53.12, 8;
    %load/vec4 v0x593053d7ad90_0;
    %assign/vec4 v0x593053d7a830_0, 0;
T_53.12 ;
T_53.1 ;
    %end;
    .scope S_0x593053cb89b0;
t_40 %join;
    %jmp T_53;
    .thread T_53;
    .scope S_0x593053cb89b0;
T_54 ;
    %wait E_0x593053e1cba0;
    %fork t_43, S_0x593053d80230;
    %jmp t_42;
    .scope S_0x593053d80230;
t_43 ;
    %load/vec4 v0x593053d7d9b0_0;
    %flag_set/vec4 8;
    %jmp/0xz  T_54.0, 8;
    %load/vec4 v0x593053d7d0b0_0;
    %store/vec4 v0x593053d7c7b0_0, 0, 32;
    %jmp T_54.1;
T_54.0 ;
    %load/vec4 v0x593053d7e380_0;
    %store/vec4 v0x593053d7c7b0_0, 0, 32;
T_54.1 ;
    %end;
    .scope S_0x593053cb89b0;
t_42 %join;
    %jmp T_54;
    .thread T_54, $push;
    .scope S_0x593053cb89b0;
T_55 ;
    %wait E_0x593053e1c540;
    %fork t_45, S_0x593053dd3f20;
    %jmp t_44;
    .scope S_0x593053dd3f20;
t_45 ;
    %load/vec4 v0x593053d7a830_0;
    %flag_set/vec4 8;
    %jmp/0xz  T_55.0, 8;
    %pushi/vec4 0, 0, 1;
    %store/vec4 v0x593053d7e730_0, 0, 1;
    %pushi/vec4 0, 0, 1;
    %store/vec4 v0x593053d7f030_0, 0, 1;
    %load/vec4 v0x593053d7de30_0;
    %flag_set/vec4 8;
    %jmp/0 T_55.2, 8;
    %load/vec4 v0x593053d7e2b0_0;
    %jmp/1 T_55.3, 8;
T_55.2 ; End of true expr.
    %load/vec4 v0x593053d7ebb0_0;
    %jmp/0 T_55.3, 8;
 ; End of false expr.
    %blend;
T_55.3;
    %store/vec4 v0x593053d7ccd0_0, 0, 4;
    %load/vec4 v0x593053d7de30_0;
    %flag_set/vec4 8;
    %jmp/0 T_55.4, 8;
    %load/vec4 v0x593053d7ec50_0;
    %jmp/1 T_55.5, 8;
T_55.4 ; End of true expr.
    %load/vec4 v0x593053d7f5a0_0;
    %jmp/0 T_55.5, 8;
 ; End of false expr.
    %blend;
T_55.5;
    %store/vec4 v0x593053d7d150_0, 0, 128;
    %pushi/vec4 0, 0, 1;
    %store/vec4 v0x593053d7cc30_0, 0, 1;
    %jmp T_55.1;
T_55.0 ;
    %pushi/vec4 0, 0, 1;
    %store/vec4 v0x593053d7e730_0, 0, 1;
    %pushi/vec4 0, 0, 1;
    %store/vec4 v0x593053d7f030_0, 0, 1;
    %load/vec4 v0x593053d7de30_0;
    %flag_set/vec4 8;
    %jmp/0xz  T_55.6, 8;
    %load/vec4 v0x593053d7c330_0;
    %store/vec4 v0x593053d7e730_0, 0, 1;
    %load/vec4 v0x593053d7e2b0_0;
    %store/vec4 v0x593053d7ccd0_0, 0, 4;
    %load/vec4 v0x593053d7ec50_0;
    %store/vec4 v0x593053d7d150_0, 0, 128;
    %load/vec4 v0x593053d7e7d0_0;
    %store/vec4 v0x593053d7cc30_0, 0, 1;
    %jmp T_55.7;
T_55.6 ;
    %load/vec4 v0x593053d7c330_0;
    %store/vec4 v0x593053d7f030_0, 0, 1;
    %load/vec4 v0x593053d7ebb0_0;
    %store/vec4 v0x593053d7ccd0_0, 0, 4;
    %load/vec4 v0x593053d7f5a0_0;
    %store/vec4 v0x593053d7d150_0, 0, 128;
    %load/vec4 v0x593053d7f0d0_0;
    %store/vec4 v0x593053d7cc30_0, 0, 1;
T_55.7 ;
T_55.1 ;
    %end;
    .scope S_0x593053cb89b0;
t_44 %join;
    %jmp T_55;
    .thread T_55, $push;
    .scope S_0x593053cb89b0;
T_56 ;
    %wait E_0x593053b069b0;
    %fork t_47, S_0x593053d2c0d0;
    %jmp t_46;
    .scope S_0x593053d2c0d0;
t_47 ;
    %pushi/vec4 0, 0, 1;
    %store/vec4 v0x593053d7d9b0_0, 0, 1;
    %pushi/vec4 0, 0, 1;
    %store/vec4 v0x593053d7beb0_0, 0, 1;
    %pushi/vec4 0, 0, 1;
    %store/vec4 v0x593053d7ba30_0, 0, 1;
    %pushi/vec4 0, 0, 1;
    %store/vec4 v0x593053c53400_0, 0, 1;
    %pushi/vec4 0, 0, 1;
    %store/vec4 v0x593053d7b650_0, 0, 1;
    %pushi/vec4 0, 0, 2;
    %store/vec4 v0x593053d807a0_0, 0, 2;
    %pushi/vec4 0, 0, 1;
    %store/vec4 v0x593053d7f930_0, 0, 1;
    %pushi/vec4 0, 0, 1;
    %store/vec4 v0x593053d7b1f0_0, 0, 1;
    %load/vec4 v0x593053d7a830_0;
    %store/vec4 v0x593053d7ad90_0, 0, 1;
    %pushi/vec4 0, 0, 1;
    %store/vec4 v0x593053d7a8f0_0, 0, 1;
    %load/vec4 v0x593053d7fe10_0;
    %dup/vec4;
    %pushi/vec4 0, 0, 2;
    %cmp/u;
    %jmp/1 T_56.0, 6;
    %dup/vec4;
    %pushi/vec4 1, 0, 2;
    %cmp/u;
    %jmp/1 T_56.1, 6;
    %dup/vec4;
    %pushi/vec4 2, 0, 2;
    %cmp/u;
    %jmp/1 T_56.2, 6;
    %pushi/vec4 0, 0, 1;
    %store/vec4 v0x593053d7b1f0_0, 0, 1;
    %load/vec4 v0x593053d7a830_0;
    %store/vec4 v0x593053d7ad90_0, 0, 1;
    %pushi/vec4 0, 0, 1;
    %store/vec4 v0x593053d7a8f0_0, 0, 1;
    %jmp T_56.4;
T_56.0 ;
    %load/vec4 v0x593053d7ded0_0;
    %flag_set/vec4 8;
    %jmp/0xz  T_56.5, 8;
    %pushi/vec4 1, 0, 1;
    %store/vec4 v0x593053d7d9b0_0, 0, 1;
    %pushi/vec4 0, 0, 1;
    %store/vec4 v0x593053d7beb0_0, 0, 1;
    %pushi/vec4 1, 0, 1;
    %store/vec4 v0x593053d7ba30_0, 0, 1;
    %pushi/vec4 0, 0, 1;
    %store/vec4 v0x593053c53400_0, 0, 1;
    %pushi/vec4 1, 0, 1;
    %store/vec4 v0x593053d7b650_0, 0, 1;
    %pushi/vec4 1, 0, 2;
    %store/vec4 v0x593053d807a0_0, 0, 2;
    %pushi/vec4 1, 0, 1;
    %store/vec4 v0x593053d7f930_0, 0, 1;
    %jmp T_56.6;
T_56.5 ;
    %load/vec4 v0x593053d7c330_0;
    %flag_set/vec4 8;
    %jmp/0xz  T_56.7, 8;
    %pushi/vec4 0, 0, 1;
    %store/vec4 v0x593053d7d9b0_0, 0, 1;
    %pushi/vec4 0, 0, 1;
    %store/vec4 v0x593053d7beb0_0, 0, 1;
    %pushi/vec4 1, 0, 1;
    %store/vec4 v0x593053d7ba30_0, 0, 1;
    %pushi/vec4 0, 0, 1;
    %store/vec4 v0x593053c53400_0, 0, 1;
    %pushi/vec4 1, 0, 1;
    %store/vec4 v0x593053d7b650_0, 0, 1;
    %pushi/vec4 2, 0, 2;
    %store/vec4 v0x593053d807a0_0, 0, 2;
    %pushi/vec4 1, 0, 1;
    %store/vec4 v0x593053d7f930_0, 0, 1;
    %load/vec4 v0x593053d7de30_0;
    %load/vec4 v0x593053d7a830_0;
    %nor/r;
    %and;
    %flag_set/vec4 8;
    %jmp/0xz  T_56.9, 8;
    %pushi/vec4 1, 0, 1;
    %store/vec4 v0x593053d7b1f0_0, 0, 1;
T_56.9 ;
T_56.7 ;
T_56.6 ;
    %jmp T_56.4;
T_56.1 ;
    %pushi/vec4 1, 0, 1;
    %store/vec4 v0x593053d7d9b0_0, 0, 1;
    %load/vec4 v0x593053d7d530_0;
    %flag_set/vec4 8;
    %jmp/0xz  T_56.11, 8;
    %pushi/vec4 1, 0, 1;
    %store/vec4 v0x593053d7beb0_0, 0, 1;
    %pushi/vec4 1, 0, 1;
    %store/vec4 v0x593053d7ba30_0, 0, 1;
    %pushi/vec4 0, 0, 2;
    %store/vec4 v0x593053d807a0_0, 0, 2;
    %pushi/vec4 1, 0, 1;
    %store/vec4 v0x593053d7f930_0, 0, 1;
T_56.11 ;
    %jmp T_56.4;
T_56.2 ;
    %pushi/vec4 0, 0, 1;
    %store/vec4 v0x593053d7d9b0_0, 0, 1;
    %load/vec4 v0x593053d7cc30_0;
    %flag_set/vec4 8;
    %jmp/0xz  T_56.13, 8;
    %pushi/vec4 1, 0, 1;
    %store/vec4 v0x593053d7beb0_0, 0, 1;
    %pushi/vec4 1, 0, 1;
    %store/vec4 v0x593053d7ba30_0, 0, 1;
    %pushi/vec4 1, 0, 1;
    %store/vec4 v0x593053c53400_0, 0, 1;
    %pushi/vec4 1, 0, 1;
    %store/vec4 v0x593053d7b650_0, 0, 1;
    %pushi/vec4 0, 0, 2;
    %store/vec4 v0x593053d807a0_0, 0, 2;
    %pushi/vec4 1, 0, 1;
    %store/vec4 v0x593053d7f930_0, 0, 1;
T_56.13 ;
    %jmp T_56.4;
T_56.4 ;
    %pop/vec4 1;
    %load/vec4 v0x593053d7acb0_0;
    %cmpi/u 862, 0, 10;
    %flag_inv 5; GE is !LT
    %jmp/0xz  T_56.15, 5;
    %pushi/vec4 1, 0, 1;
    %store/vec4 v0x593053d7ad90_0, 0, 1;
    %pushi/vec4 1, 0, 1;
    %store/vec4 v0x593053d7a8f0_0, 0, 1;
T_56.15 ;
    %end;
    .scope S_0x593053cb89b0;
t_46 %join;
    %jmp T_56;
    .thread T_56, $push;
    .scope S_0x593053db87d0;
T_57 ;
    %wait E_0x593053d8dd80;
    %fork t_49, S_0x593053d7a3b0;
    %jmp t_48;
    .scope S_0x593053d7a3b0;
t_49 ;
    %load/vec4 v0x593053d75730_0;
    %nor/r;
    %flag_set/vec4 8;
    %jmp/0xz  T_57.0, 8;
    %pushi/vec4 0, 0, 32;
    %store/vec4 v0x593053d79f30_0, 0, 32;
T_57.2 ;
    %load/vec4 v0x593053d79f30_0;
    %cmpi/s 4, 0, 32;
    %jmp/0xz T_57.3, 5;
    %pushi/vec4 0, 0, 32;
    %ix/getv/s 3, v0x593053d79f30_0;
    %ix/load 4, 0, 0; Constant delay
    %assign/vec4/a/d v0x593053d79630, 0, 4;
    %load/vec4 v0x593053d79f30_0;
    %addi 1, 0, 32;
    %store/vec4 v0x593053d79f30_0, 0, 32;
    %jmp T_57.2;
T_57.3 ;
    %pushi/vec4 0, 0, 32;
    %store/vec4 v0x593053d79f30_0, 0, 32;
T_57.4 ;
    %load/vec4 v0x593053d79f30_0;
    %cmpi/s 8, 0, 32;
    %jmp/0xz T_57.5, 5;
    %pushi/vec4 0, 0, 32;
    %ix/getv/s 3, v0x593053d79f30_0;
    %ix/load 4, 0, 0; Constant delay
    %assign/vec4/a/d v0x593053d76930, 0, 4;
    %load/vec4 v0x593053d79f30_0;
    %addi 1, 0, 32;
    %store/vec4 v0x593053d79f30_0, 0, 32;
    %jmp T_57.4;
T_57.5 ;
    %pushi/vec4 0, 0, 1;
    %assign/vec4 v0x593053d76e50_0, 0;
    %pushi/vec4 0, 0, 1;
    %assign/vec4 v0x593053d760f0_0, 0;
    %pushi/vec4 0, 0, 1;
    %assign/vec4 v0x593053d772d0_0, 0;
    %pushi/vec4 0, 0, 1;
    %assign/vec4 v0x593053d76550_0, 0;
    %pushi/vec4 0, 0, 128;
    %assign/vec4 v0x593053d757d0_0, 0;
    %pushi/vec4 0, 0, 1;
    %assign/vec4 v0x593053d74ed0_0, 0;
    %pushi/vec4 0, 0, 1;
    %assign/vec4 v0x593053d75c70_0, 0;
    %pushi/vec4 0, 0, 10;
    %assign/vec4 v0x593053d75390_0, 0;
    %pushi/vec4 0, 0, 1;
    %assign/vec4 v0x593053d74e30_0, 0;
    %jmp T_57.1;
T_57.0 ;
    %load/vec4 v0x593053d77bd0_0;
    %assign/vec4 v0x593053d75c70_0, 0;
    %load/vec4 v0x593053d77780_0;
    %assign/vec4 v0x593053d74ed0_0, 0;
    %load/vec4 v0x593053d776b0_0;
    %assign/vec4 v0x593053d757d0_0, 0;
    %load/vec4 v0x593053d76db0_0;
    %assign/vec4 v0x593053d76e50_0, 0;
    %load/vec4 v0x593053d76030_0;
    %assign/vec4 v0x593053d760f0_0, 0;
    %load/vec4 v0x593053d78dd0_0;
    %flag_set/vec4 8;
    %jmp/0xz  T_57.6, 8;
    %load/vec4 v0x593053ba4690_0;
    %parti/s 1, 0, 2;
    %assign/vec4 v0x593053d772d0_0, 0;
    %load/vec4 v0x593053ba4690_0;
    %parti/s 1, 1, 2;
    %assign/vec4 v0x593053d76550_0, 0;
T_57.6 ;
    %load/vec4 v0x593053d764b0_0;
    %flag_set/vec4 8;
    %jmp/0xz  T_57.8, 8;
    %load/vec4 v0x593053ba4690_0;
    %load/vec4 v0x593053d79b90_0;
    %parti/s 3, 0, 2;
    %pad/u 5;
    %ix/vec4 3;
    %ix/load 4, 0, 0; Constant delay
    %assign/vec4/a/d v0x593053d76930, 0, 4;
T_57.8 ;
    %load/vec4 v0x593053d791b0_0;
    %flag_set/vec4 8;
    %jmp/0xz  T_57.10, 8;
    %load/vec4 v0x593053ba4690_0;
    %load/vec4 v0x593053d79b90_0;
    %parti/s 2, 0, 2;
    %pad/u 4;
    %ix/vec4 3;
    %ix/load 4, 0, 0; Constant delay
    %assign/vec4/a/d v0x593053d79630, 0, 4;
T_57.10 ;
    %load/vec4 v0x593053d74e30_0;
    %nor/r;
    %flag_set/vec4 8;
    %jmp/0xz  T_57.12, 8;
    %load/vec4 v0x593053d76db0_0;
    %load/vec4 v0x593053d76030_0;
    %or;
    %load/vec4 v0x593053d772d0_0;
    %pushi/vec4 1, 0, 1;
    %cmp/e;
    %flag_get/vec4 4;
    %and;
    %flag_set/vec4 8;
    %jmp/0xz  T_57.14, 8;
    %load/vec4 v0x593053d75390_0;
    %cmpi/u 862, 0, 10;
    %jmp/0xz  T_57.16, 5;
    %load/vec4 v0x593053d75390_0;
    %addi 1, 0, 10;
    %assign/vec4 v0x593053d75390_0, 0;
    %jmp T_57.17;
T_57.16 ;
    %load/vec4 v0x593053d75390_0;
    %assign/vec4 v0x593053d75390_0, 0;
T_57.17 ;
    %jmp T_57.15;
T_57.14 ;
    %load/vec4 v0x593053d75390_0;
    %assign/vec4 v0x593053d75390_0, 0;
T_57.15 ;
    %load/vec4 v0x593053d75390_0;
    %cmpi/e 862, 0, 10;
    %jmp/0xz  T_57.18, 4;
    %pushi/vec4 1, 0, 1;
    %assign/vec4 v0x593053d74e30_0, 0;
    %jmp T_57.19;
T_57.18 ;
    %pushi/vec4 0, 0, 1;
    %assign/vec4 v0x593053d74e30_0, 0;
T_57.19 ;
    %jmp T_57.13;
T_57.12 ;
    %load/vec4 v0x593053d75390_0;
    %assign/vec4 v0x593053d75390_0, 0;
    %pushi/vec4 1, 0, 1;
    %assign/vec4 v0x593053d74e30_0, 0;
T_57.13 ;
T_57.1 ;
    %end;
    .scope S_0x593053db87d0;
t_48 %join;
    %jmp T_57;
    .thread T_57;
    .scope S_0x593053db87d0;
T_58 ;
    %wait E_0x593053ba5e40;
    %fork t_51, S_0x593053cb8660;
    %jmp t_50;
    .scope S_0x593053cb8660;
t_51 ;
    %pushi/vec4 0, 0, 1;
    %store/vec4 v0x593053d76db0_0, 0, 1;
    %pushi/vec4 0, 0, 1;
    %store/vec4 v0x593053d76030_0, 0, 1;
    %pushi/vec4 0, 0, 1;
    %store/vec4 v0x593053d78dd0_0, 0, 1;
    %pushi/vec4 0, 0, 1;
    %store/vec4 v0x593053d764b0_0, 0, 1;
    %pushi/vec4 0, 0, 1;
    %store/vec4 v0x593053d791b0_0, 0, 1;
    %pushi/vec4 0, 0, 32;
    %store/vec4 v0x593053d752b0_0, 0, 32;
    %load/vec4 v0x593053d77230_0;
    %flag_set/vec4 8;
    %jmp/0xz  T_58.0, 8;
    %load/vec4 v0x593053ba45d0_0;
    %flag_set/vec4 8;
    %jmp/0xz  T_58.2, 8;
    %load/vec4 v0x593053d79b90_0;
    %cmpi/e 8, 0, 8;
    %jmp/0xz  T_58.4, 4;
    %load/vec4 v0x593053d74e30_0;
    %nor/r;
    %flag_set/vec4 8;
    %jmp/0xz  T_58.6, 8;
    %load/vec4 v0x593053ba4690_0;
    %parti/s 1, 0, 2;
    %store/vec4 v0x593053d76db0_0, 0, 1;
    %load/vec4 v0x593053ba4690_0;
    %parti/s 1, 1, 2;
    %store/vec4 v0x593053d76030_0, 0, 1;
    %jmp T_58.7;
T_58.6 ;
    %pushi/vec4 0, 0, 1;
    %store/vec4 v0x593053d76db0_0, 0, 1;
    %pushi/vec4 0, 0, 1;
    %store/vec4 v0x593053d76030_0, 0, 1;
T_58.7 ;
T_58.4 ;
    %load/vec4 v0x593053d79b90_0;
    %cmpi/e 10, 0, 8;
    %jmp/0xz  T_58.8, 4;
    %pushi/vec4 1, 0, 1;
    %store/vec4 v0x593053d78dd0_0, 0, 1;
T_58.8 ;
    %pushi/vec4 16, 0, 8;
    %load/vec4 v0x593053d79b90_0;
    %cmp/u;
    %flag_get/vec4 4;
    %flag_get/vec4 5;
    %or;
    %load/vec4 v0x593053d79b90_0;
    %cmpi/u 23, 0, 8;
    %flag_get/vec4 4;
    %flag_get/vec4 5;
    %or;
    %and;
    %flag_set/vec4 8;
    %jmp/0xz  T_58.10, 8;
    %pushi/vec4 1, 0, 1;
    %store/vec4 v0x593053d764b0_0, 0, 1;
T_58.10 ;
    %pushi/vec4 32, 0, 8;
    %load/vec4 v0x593053d79b90_0;
    %cmp/u;
    %flag_get/vec4 4;
    %flag_get/vec4 5;
    %or;
    %load/vec4 v0x593053d79b90_0;
    %cmpi/u 35, 0, 8;
    %flag_get/vec4 4;
    %flag_get/vec4 5;
    %or;
    %and;
    %flag_set/vec4 8;
    %jmp/0xz  T_58.12, 8;
    %pushi/vec4 1, 0, 1;
    %store/vec4 v0x593053d791b0_0, 0, 1;
T_58.12 ;
    %jmp T_58.3;
T_58.2 ;
    %load/vec4 v0x593053d79b90_0;
    %dup/vec4;
    %pushi/vec4 0, 0, 8;
    %cmp/u;
    %jmp/1 T_58.14, 6;
    %dup/vec4;
    %pushi/vec4 1, 0, 8;
    %cmp/u;
    %jmp/1 T_58.15, 6;
    %dup/vec4;
    %pushi/vec4 2, 0, 8;
    %cmp/u;
    %jmp/1 T_58.16, 6;
    %dup/vec4;
    %pushi/vec4 8, 0, 8;
    %cmp/u;
    %jmp/1 T_58.17, 6;
    %dup/vec4;
    %pushi/vec4 9, 0, 8;
    %cmp/u;
    %jmp/1 T_58.18, 6;
    %jmp T_58.20;
T_58.14 ;
    %pushi/vec4 1634038560, 0, 32;
    %store/vec4 v0x593053d752b0_0, 0, 32;
    %jmp T_58.20;
T_58.15 ;
    %pushi/vec4 538976288, 0, 32;
    %store/vec4 v0x593053d752b0_0, 0, 32;
    %jmp T_58.20;
T_58.16 ;
    %pushi/vec4 808334896, 0, 32;
    %store/vec4 v0x593053d752b0_0, 0, 32;
    %jmp T_58.20;
T_58.17 ;
    %pushi/vec4 0, 0, 28;
    %load/vec4 v0x593053d76550_0;
    %concat/vec4; draw_concat_vec4
    %load/vec4 v0x593053d772d0_0;
    %concat/vec4; draw_concat_vec4
    %load/vec4 v0x593053d760f0_0;
    %concat/vec4; draw_concat_vec4
    %load/vec4 v0x593053d76e50_0;
    %concat/vec4; draw_concat_vec4
    %store/vec4 v0x593053d752b0_0, 0, 32;
    %jmp T_58.20;
T_58.18 ;
    %pushi/vec4 0, 0, 30;
    %load/vec4 v0x593053d74ed0_0;
    %concat/vec4; draw_concat_vec4
    %load/vec4 v0x593053d75c70_0;
    %concat/vec4; draw_concat_vec4
    %store/vec4 v0x593053d752b0_0, 0, 32;
    %jmp T_58.20;
T_58.20 ;
    %pop/vec4 1;
    %pushi/vec4 48, 0, 8;
    %load/vec4 v0x593053d79b90_0;
    %cmp/u;
    %flag_get/vec4 4;
    %flag_get/vec4 5;
    %or;
    %load/vec4 v0x593053d79b90_0;
    %cmpi/u 51, 0, 8;
    %flag_get/vec4 4;
    %flag_get/vec4 5;
    %or;
    %and;
    %flag_set/vec4 8;
    %jmp/0xz  T_58.21, 8;
    %load/vec4 v0x593053d757d0_0;
    %pushi/vec4 3, 0, 32;
    %load/vec4 v0x593053d79b90_0;
    %pad/u 32;
    %subi 48, 0, 32;
    %sub;
    %muli 32, 0, 32;
    %part/u 32;
    %store/vec4 v0x593053d752b0_0, 0, 32;
T_58.21 ;
T_58.3 ;
T_58.0 ;
    %end;
    .scope S_0x593053db87d0;
t_50 %join;
    %jmp T_58;
    .thread T_58, $push;
    .scope S_0x593053d52930;
T_59 ;
    %wait E_0x593053d738f0;
    %fork t_53, S_0x593053d4f7b0;
    %jmp t_52;
    .scope S_0x593053d4f7b0;
t_53 ;
    %load/vec4 v0x593053d15a00_0;
    %nor/r;
    %flag_set/vec4 8;
    %jmp/0xz  T_59.0, 8;
    %pushi/vec4 0, 0, 32;
    %store/vec4 v0x593053d4f380_0, 0, 32;
T_59.2 ;
    %load/vec4 v0x593053d4f380_0;
    %cmpi/s 14, 0, 32;
    %flag_or 5, 4;
    %jmp/0xz T_59.3, 5;
    %pushi/vec4 0, 0, 128;
    %ix/getv/s 3, v0x593053d4f380_0;
    %ix/load 4, 0, 0; Constant delay
    %assign/vec4/a/d v0x593053d199a0, 0, 4;
    %load/vec4 v0x593053d4f380_0;
    %addi 1, 0, 32;
    %store/vec4 v0x593053d4f380_0, 0, 32;
    %jmp T_59.2;
T_59.3 ;
    %pushi/vec4 0, 0, 1;
    %assign/vec4 v0x593053d15e80_0, 0;
    %pushi/vec4 0, 0, 8;
    %assign/vec4 v0x593053d16ca0_0, 0;
    %pushi/vec4 0, 0, 4;
    %assign/vec4 v0x593053d15100_0, 0;
    %pushi/vec4 0, 0, 128;
    %assign/vec4 v0x593053d17980_0, 0;
    %pushi/vec4 0, 0, 128;
    %assign/vec4 v0x593053d175e0_0, 0;
    %pushi/vec4 0, 0, 3;
    %assign/vec4 v0x593053d18b80_0, 0;
    %pushi/vec4 0, 0, 16;
    %assign/vec4 v0x593053d13a80_0, 0;
    %pushi/vec4 0, 0, 1;
    %assign/vec4 v0x593053d13180_0, 0;
    %jmp T_59.1;
T_59.0 ;
    %load/vec4 v0x593053d15f20_0;
    %flag_set/vec4 8;
    %jmp/0xz  T_59.4, 8;
    %load/vec4 v0x593053d163c0_0;
    %assign/vec4 v0x593053d15e80_0, 0;
T_59.4 ;
    %load/vec4 v0x593053d16820_0;
    %flag_set/vec4 8;
    %jmp/0xz  T_59.6, 8;
    %load/vec4 v0x593053d17120_0;
    %assign/vec4 v0x593053d16ca0_0, 0;
T_59.6 ;
    %load/vec4 v0x593053d14c80_0;
    %flag_set/vec4 8;
    %jmp/0xz  T_59.8, 8;
    %load/vec4 v0x593053d15620_0;
    %assign/vec4 v0x593053d15100_0, 0;
T_59.8 ;
    %load/vec4 v0x593053d18280_0;
    %flag_set/vec4 8;
    %jmp/0xz  T_59.10, 8;
    %load/vec4 v0x593053d18700_0;
    %load/vec4 v0x593053d15100_0;
    %pad/u 6;
    %ix/vec4 3;
    %ix/load 4, 0, 0; Constant delay
    %assign/vec4/a/d v0x593053d199a0, 0, 4;
T_59.10 ;
    %load/vec4 v0x593053d17a60_0;
    %flag_set/vec4 8;
    %jmp/0xz  T_59.12, 8;
    %load/vec4 v0x593053d17ec0_0;
    %assign/vec4 v0x593053d17980_0, 0;
T_59.12 ;
    %load/vec4 v0x593053d17080_0;
    %flag_set/vec4 8;
    %jmp/0xz  T_59.14, 8;
    %load/vec4 v0x593053d17500_0;
    %assign/vec4 v0x593053d175e0_0, 0;
T_59.14 ;
    %load/vec4 v0x593053d18c60_0;
    %flag_set/vec4 8;
    %jmp/0xz  T_59.16, 8;
    %load/vec4 v0x593053d19080_0;
    %assign/vec4 v0x593053d18b80_0, 0;
T_59.16 ;
    %load/vec4 v0x593053d13600_0;
    %flag_set/vec4 8;
    %jmp/0xz  T_59.18, 8;
    %load/vec4 v0x593053d13fc0_0;
    %assign/vec4 v0x593053d13a80_0, 0;
T_59.18 ;
    %load/vec4 v0x593053d13220_0;
    %flag_set/vec4 8;
    %jmp/0xz  T_59.20, 8;
    %load/vec4 v0x593053d136c0_0;
    %assign/vec4 v0x593053d13180_0, 0;
T_59.20 ;
T_59.1 ;
    %end;
    .scope S_0x593053d52930;
t_52 %join;
    %jmp T_59;
    .thread T_59;
    .scope S_0x593053d52930;
T_60 ;
    %wait E_0x593053d513c0;
    %fork t_55, S_0x593053d50530;
    %jmp t_54;
    .scope S_0x593053d50530;
t_55 ;
    %load/vec4 v0x593053d15ad0_0;
    %pad/u 6;
    %ix/vec4 4;
    %load/vec4a v0x593053d199a0, 4;
    %store/vec4 v0x593053d14380_0, 0, 128;
    %end;
    .scope S_0x593053d52930;
t_54 %join;
    %jmp T_60;
    .thread T_60, $push;
    .scope S_0x593053d52930;
T_61 ;
    %wait E_0x593053d512b0;
    %fork t_57, S_0x593053d4e5b0;
    %jmp t_56;
    .scope S_0x593053d4e5b0;
t_57 ;
    %pushi/vec4 0, 0, 128;
    %store/vec4 v0x593053d18700_0, 0, 128;
    %pushi/vec4 0, 0, 1;
    %store/vec4 v0x593053d18280_0, 0, 1;
    %pushi/vec4 0, 0, 128;
    %store/vec4 v0x593053d17ec0_0, 0, 128;
    %pushi/vec4 0, 0, 1;
    %store/vec4 v0x593053d17a60_0, 0, 1;
    %pushi/vec4 0, 0, 128;
    %store/vec4 v0x593053d17500_0, 0, 128;
    %pushi/vec4 0, 0, 1;
    %store/vec4 v0x593053d17080_0, 0, 1;
    %pushi/vec4 0, 0, 32;
    %store/vec4 v0x593053d4ead0_0, 0, 32;
    %pushi/vec4 0, 0, 32;
    %store/vec4 v0x593053d4e130_0, 0, 32;
    %pushi/vec4 0, 0, 32;
    %store/vec4 v0x593053d4e1f0_0, 0, 32;
    %pushi/vec4 0, 0, 32;
    %store/vec4 v0x593053d4dcb0_0, 0, 32;
    %pushi/vec4 1, 0, 1;
    %store/vec4 v0x593053d16780_0, 0, 1;
    %pushi/vec4 0, 0, 1;
    %store/vec4 v0x593053d16c00_0, 0, 1;
    %load/vec4 v0x593053d17980_0;
    %parti/s 32, 96, 8;
    %store/vec4 v0x593053d1b880_0, 0, 32;
    %load/vec4 v0x593053d17980_0;
    %parti/s 32, 64, 8;
    %store/vec4 v0x593053d1b960_0, 0, 32;
    %load/vec4 v0x593053d17980_0;
    %parti/s 32, 32, 7;
    %store/vec4 v0x593053d1b400_0, 0, 32;
    %load/vec4 v0x593053d17980_0;
    %parti/s 32, 0, 2;
    %store/vec4 v0x593053d1b4c0_0, 0, 32;
    %load/vec4 v0x593053d175e0_0;
    %parti/s 32, 96, 8;
    %store/vec4 v0x593053d1af80_0, 0, 32;
    %load/vec4 v0x593053d175e0_0;
    %parti/s 32, 64, 8;
    %store/vec4 v0x593053d1b060_0, 0, 32;
    %load/vec4 v0x593053d175e0_0;
    %parti/s 32, 32, 7;
    %store/vec4 v0x593053d1ab20_0, 0, 32;
    %load/vec4 v0x593053d175e0_0;
    %parti/s 32, 0, 2;
    %store/vec4 v0x593053d1ac00_0, 0, 32;
    %load/vec4 v0x593053d16ca0_0;
    %concati/vec4 0, 0, 24;
    %store/vec4 v0x593053d4dd70_0, 0, 32;
    %load/vec4 v0x593053d1ac00_0;
    %store/vec4 v0x593053d14440_0, 0, 32;
    %load/vec4 v0x593053d17e00_0;
    %parti/s 24, 0, 2;
    %load/vec4 v0x593053d17e00_0;
    %parti/s 8, 24, 6;
    %concat/vec4; draw_concat_vec4
    %store/vec4 v0x593053d1dbf0_0, 0, 32;
    %load/vec4 v0x593053d1dbf0_0;
    %load/vec4 v0x593053d4dd70_0;
    %xor;
    %store/vec4 v0x593053d1bd00_0, 0, 32;
    %load/vec4 v0x593053d17e00_0;
    %store/vec4 v0x593053d1bde0_0, 0, 32;
    %load/vec4 v0x593053d14800_0;
    %flag_set/vec4 8;
    %jmp/0xz  T_61.0, 8;
    %pushi/vec4 0, 0, 1;
    %store/vec4 v0x593053d16780_0, 0, 1;
    %pushi/vec4 1, 0, 1;
    %store/vec4 v0x593053d18280_0, 0, 1;
    %load/vec4 v0x593053d18340_0;
    %dup/vec4;
    %pushi/vec4 0, 0, 1;
    %cmp/u;
    %jmp/1 T_61.2, 6;
    %dup/vec4;
    %pushi/vec4 1, 0, 1;
    %cmp/u;
    %jmp/1 T_61.3, 6;
    %jmp T_61.5;
T_61.2 ;
    %load/vec4 v0x593053d15100_0;
    %pad/u 32;
    %cmpi/e 0, 0, 32;
    %jmp/0xz  T_61.6, 4;
    %load/vec4 v0x593053d19900_0;
    %parti/s 128, 128, 9;
    %store/vec4 v0x593053d18700_0, 0, 128;
    %load/vec4 v0x593053d19900_0;
    %parti/s 128, 128, 9;
    %store/vec4 v0x593053d17500_0, 0, 128;
    %pushi/vec4 1, 0, 1;
    %store/vec4 v0x593053d17080_0, 0, 1;
    %pushi/vec4 1, 0, 1;
    %store/vec4 v0x593053d16c00_0, 0, 1;
    %jmp T_61.7;
T_61.6 ;
    %load/vec4 v0x593053d1af80_0;
    %load/vec4 v0x593053d1bd00_0;
    %xor;
    %store/vec4 v0x593053d4ead0_0, 0, 32;
    %load/vec4 v0x593053d1b060_0;
    %load/vec4 v0x593053d1af80_0;
    %xor;
    %load/vec4 v0x593053d1bd00_0;
    %xor;
    %store/vec4 v0x593053d4e130_0, 0, 32;
    %load/vec4 v0x593053d1ab20_0;
    %load/vec4 v0x593053d1b060_0;
    %xor;
    %load/vec4 v0x593053d1af80_0;
    %xor;
    %load/vec4 v0x593053d1bd00_0;
    %xor;
    %store/vec4 v0x593053d4e1f0_0, 0, 32;
    %load/vec4 v0x593053d1ac00_0;
    %load/vec4 v0x593053d1ab20_0;
    %xor;
    %load/vec4 v0x593053d1b060_0;
    %xor;
    %load/vec4 v0x593053d1af80_0;
    %xor;
    %load/vec4 v0x593053d1bd00_0;
    %xor;
    %store/vec4 v0x593053d4dcb0_0, 0, 32;
    %load/vec4 v0x593053d4ead0_0;
    %load/vec4 v0x593053d4e130_0;
    %concat/vec4; draw_concat_vec4
    %load/vec4 v0x593053d4e1f0_0;
    %concat/vec4; draw_concat_vec4
    %load/vec4 v0x593053d4dcb0_0;
    %concat/vec4; draw_concat_vec4
    %store/vec4 v0x593053d18700_0, 0, 128;
    %load/vec4 v0x593053d4ead0_0;
    %load/vec4 v0x593053d4e130_0;
    %concat/vec4; draw_concat_vec4
    %load/vec4 v0x593053d4e1f0_0;
    %concat/vec4; draw_concat_vec4
    %load/vec4 v0x593053d4dcb0_0;
    %concat/vec4; draw_concat_vec4
    %store/vec4 v0x593053d17500_0, 0, 128;
    %pushi/vec4 1, 0, 1;
    %store/vec4 v0x593053d17080_0, 0, 1;
    %pushi/vec4 1, 0, 1;
    %store/vec4 v0x593053d16c00_0, 0, 1;
T_61.7 ;
    %jmp T_61.5;
T_61.3 ;
    %load/vec4 v0x593053d15100_0;
    %pad/u 32;
    %cmpi/e 0, 0, 32;
    %jmp/0xz  T_61.8, 4;
    %load/vec4 v0x593053d19900_0;
    %parti/s 128, 128, 9;
    %store/vec4 v0x593053d18700_0, 0, 128;
    %load/vec4 v0x593053d19900_0;
    %parti/s 128, 128, 9;
    %store/vec4 v0x593053d17ec0_0, 0, 128;
    %pushi/vec4 1, 0, 1;
    %store/vec4 v0x593053d17a60_0, 0, 1;
    %jmp T_61.9;
T_61.8 ;
    %load/vec4 v0x593053d15100_0;
    %pad/u 32;
    %cmpi/e 1, 0, 32;
    %jmp/0xz  T_61.10, 4;
    %load/vec4 v0x593053d19900_0;
    %parti/s 128, 0, 2;
    %store/vec4 v0x593053d18700_0, 0, 128;
    %load/vec4 v0x593053d19900_0;
    %parti/s 128, 0, 2;
    %store/vec4 v0x593053d17500_0, 0, 128;
    %pushi/vec4 1, 0, 1;
    %store/vec4 v0x593053d17080_0, 0, 1;
    %pushi/vec4 1, 0, 1;
    %store/vec4 v0x593053d16c00_0, 0, 1;
    %jmp T_61.11;
T_61.10 ;
    %load/vec4 v0x593053d15100_0;
    %parti/s 1, 0, 2;
    %pad/u 32;
    %cmpi/e 0, 0, 32;
    %jmp/0xz  T_61.12, 4;
    %load/vec4 v0x593053d1b880_0;
    %load/vec4 v0x593053d1bd00_0;
    %xor;
    %store/vec4 v0x593053d4ead0_0, 0, 32;
    %load/vec4 v0x593053d1b960_0;
    %load/vec4 v0x593053d1b880_0;
    %xor;
    %load/vec4 v0x593053d1bd00_0;
    %xor;
    %store/vec4 v0x593053d4e130_0, 0, 32;
    %load/vec4 v0x593053d1b400_0;
    %load/vec4 v0x593053d1b960_0;
    %xor;
    %load/vec4 v0x593053d1b880_0;
    %xor;
    %load/vec4 v0x593053d1bd00_0;
    %xor;
    %store/vec4 v0x593053d4e1f0_0, 0, 32;
    %load/vec4 v0x593053d1b4c0_0;
    %load/vec4 v0x593053d1b400_0;
    %xor;
    %load/vec4 v0x593053d1b960_0;
    %xor;
    %load/vec4 v0x593053d1b880_0;
    %xor;
    %load/vec4 v0x593053d1bd00_0;
    %xor;
    %store/vec4 v0x593053d4dcb0_0, 0, 32;
    %jmp T_61.13;
T_61.12 ;
    %load/vec4 v0x593053d1b880_0;
    %load/vec4 v0x593053d1bde0_0;
    %xor;
    %store/vec4 v0x593053d4ead0_0, 0, 32;
    %load/vec4 v0x593053d1b960_0;
    %load/vec4 v0x593053d1b880_0;
    %xor;
    %load/vec4 v0x593053d1bde0_0;
    %xor;
    %store/vec4 v0x593053d4e130_0, 0, 32;
    %load/vec4 v0x593053d1b400_0;
    %load/vec4 v0x593053d1b960_0;
    %xor;
    %load/vec4 v0x593053d1b880_0;
    %xor;
    %load/vec4 v0x593053d1bde0_0;
    %xor;
    %store/vec4 v0x593053d4e1f0_0, 0, 32;
    %load/vec4 v0x593053d1b4c0_0;
    %load/vec4 v0x593053d1b400_0;
    %xor;
    %load/vec4 v0x593053d1b960_0;
    %xor;
    %load/vec4 v0x593053d1b880_0;
    %xor;
    %load/vec4 v0x593053d1bde0_0;
    %xor;
    %store/vec4 v0x593053d4dcb0_0, 0, 32;
    %pushi/vec4 1, 0, 1;
    %store/vec4 v0x593053d16c00_0, 0, 1;
T_61.13 ;
    %load/vec4 v0x593053d4ead0_0;
    %load/vec4 v0x593053d4e130_0;
    %concat/vec4; draw_concat_vec4
    %load/vec4 v0x593053d4e1f0_0;
    %concat/vec4; draw_concat_vec4
    %load/vec4 v0x593053d4dcb0_0;
    %concat/vec4; draw_concat_vec4
    %store/vec4 v0x593053d18700_0, 0, 128;
    %load/vec4 v0x593053d4ead0_0;
    %load/vec4 v0x593053d4e130_0;
    %concat/vec4; draw_concat_vec4
    %load/vec4 v0x593053d4e1f0_0;
    %concat/vec4; draw_concat_vec4
    %load/vec4 v0x593053d4dcb0_0;
    %concat/vec4; draw_concat_vec4
    %store/vec4 v0x593053d17500_0, 0, 128;
    %pushi/vec4 1, 0, 1;
    %store/vec4 v0x593053d17080_0, 0, 1;
    %load/vec4 v0x593053d175e0_0;
    %store/vec4 v0x593053d17ec0_0, 0, 128;
    %pushi/vec4 1, 0, 1;
    %store/vec4 v0x593053d17a60_0, 0, 1;
T_61.11 ;
T_61.9 ;
    %jmp T_61.5;
T_61.5 ;
    %pop/vec4 1;
T_61.0 ;
    %end;
    .scope S_0x593053d52930;
t_56 %join;
    %jmp T_61;
    .thread T_61, $push;
    .scope S_0x593053d52930;
T_62 ;
    %wait E_0x593053d51820;
    %fork t_59, S_0x593053d4fc30;
    %jmp t_58;
    .scope S_0x593053d4fc30;
t_59 ;
    %pushi/vec4 0, 0, 8;
    %store/vec4 v0x593053d17120_0, 0, 8;
    %pushi/vec4 0, 0, 1;
    %store/vec4 v0x593053d16820_0, 0, 1;
    %load/vec4 v0x593053d16ca0_0;
    %parti/s 7, 0, 2;
    %concati/vec4 0, 0, 1;
    %pushi/vec4 27, 0, 8;
    %load/vec4 v0x593053d16ca0_0;
    %parti/s 1, 7, 4;
    %replicate 8;
    %and;
    %xor;
    %store/vec4 v0x593053d50170_0, 0, 8;
    %load/vec4 v0x593053d16780_0;
    %flag_set/vec4 8;
    %jmp/0xz  T_62.0, 8;
    %pushi/vec4 141, 0, 8;
    %store/vec4 v0x593053d17120_0, 0, 8;
    %pushi/vec4 1, 0, 1;
    %store/vec4 v0x593053d16820_0, 0, 1;
T_62.0 ;
    %load/vec4 v0x593053d16c00_0;
    %flag_set/vec4 8;
    %jmp/0xz  T_62.2, 8;
    %load/vec4 v0x593053d50170_0;
    %store/vec4 v0x593053d17120_0, 0, 8;
    %pushi/vec4 1, 0, 1;
    %store/vec4 v0x593053d16820_0, 0, 1;
T_62.2 ;
    %end;
    .scope S_0x593053d52930;
t_58 %join;
    %jmp T_62;
    .thread T_62, $push;
    .scope S_0x593053d52930;
T_63 ;
    %wait E_0x593053d517c0;
    %fork t_61, S_0x593053d4eeb0;
    %jmp t_60;
    .scope S_0x593053d4eeb0;
t_61 ;
    %pushi/vec4 0, 0, 4;
    %store/vec4 v0x593053d15620_0, 0, 4;
    %pushi/vec4 0, 0, 1;
    %store/vec4 v0x593053d14c80_0, 0, 1;
    %load/vec4 v0x593053d151c0_0;
    %flag_set/vec4 8;
    %jmp/0xz  T_63.0, 8;
    %pushi/vec4 0, 0, 4;
    %store/vec4 v0x593053d15620_0, 0, 4;
    %pushi/vec4 1, 0, 1;
    %store/vec4 v0x593053d14c80_0, 0, 1;
    %jmp T_63.1;
T_63.0 ;
    %load/vec4 v0x593053d15580_0;
    %flag_set/vec4 8;
    %jmp/0xz  T_63.2, 8;
    %load/vec4 v0x593053d15100_0;
    %addi 1, 0, 4;
    %store/vec4 v0x593053d15620_0, 0, 4;
    %pushi/vec4 1, 0, 1;
    %store/vec4 v0x593053d14c80_0, 0, 1;
T_63.2 ;
T_63.1 ;
    %end;
    .scope S_0x593053d52930;
t_60 %join;
    %jmp T_63;
    .thread T_63, $push;
    .scope S_0x593053d52930;
T_64 ;
    %wait E_0x593053d52f10;
    %fork t_63, S_0x593053d1a200;
    %jmp t_62;
    .scope S_0x593053d1a200;
t_63 ;
    %load/vec4 v0x593053d13a80_0;
    %store/vec4 v0x593053d13fc0_0, 0, 16;
    %pushi/vec4 0, 0, 1;
    %store/vec4 v0x593053d13600_0, 0, 1;
    %pushi/vec4 0, 0, 1;
    %store/vec4 v0x593053d13f00_0, 0, 1;
    %pushi/vec4 0, 0, 1;
    %store/vec4 v0x593053d13b60_0, 0, 1;
    %load/vec4 v0x593053d13180_0;
    %store/vec4 v0x593053d136c0_0, 0, 1;
    %pushi/vec4 0, 0, 1;
    %store/vec4 v0x593053d13220_0, 0, 1;
    %load/vec4 v0x593053d13180_0;
    %nor/r;
    %flag_set/vec4 8;
    %jmp/0xz  T_64.0, 8;
    %load/vec4 v0x593053d18b80_0;
    %pushi/vec4 3, 0, 3;
    %cmp/e;
    %flag_get/vec4 4;
    %load/vec4 v0x593053d15e80_0;
    %pushi/vec4 0, 0, 1;
    %cmp/e;
    %flag_get/vec4 4;
    %and;
    %flag_set/vec4 8;
    %jmp/0xz  T_64.2, 8;
    %load/vec4 v0x593053d13a80_0;
    %addi 1, 0, 16;
    %store/vec4 v0x593053d13fc0_0, 0, 16;
    %pushi/vec4 1, 0, 1;
    %store/vec4 v0x593053d13600_0, 0, 1;
    %pushi/vec4 1, 0, 1;
    %store/vec4 v0x593053d13f00_0, 0, 1;
T_64.2 ;
T_64.0 ;
    %load/vec4 v0x593053d15a00_0;
    %nor/r;
    %flag_set/vec4 8;
    %jmp/0xz  T_64.4, 8;
    %pushi/vec4 0, 0, 16;
    %store/vec4 v0x593053d13fc0_0, 0, 16;
    %pushi/vec4 1, 0, 1;
    %store/vec4 v0x593053d13600_0, 0, 1;
    %pushi/vec4 0, 0, 1;
    %store/vec4 v0x593053d136c0_0, 0, 1;
    %pushi/vec4 1, 0, 1;
    %store/vec4 v0x593053d13220_0, 0, 1;
T_64.4 ;
    %pushi/vec4 862, 0, 16;
    %load/vec4 v0x593053d13a80_0;
    %cmp/u;
    %flag_get/vec4 4;
    %flag_get/vec4 5;
    %or;
    %load/vec4 v0x593053d13180_0;
    %inv;
    %and;
    %flag_set/vec4 8;
    %jmp/0xz  T_64.6, 8;
    %pushi/vec4 1, 0, 1;
    %store/vec4 v0x593053d136c0_0, 0, 1;
    %pushi/vec4 1, 0, 1;
    %store/vec4 v0x593053d13220_0, 0, 1;
T_64.6 ;
    %load/vec4 v0x593053d15a00_0;
    %nor/r;
    %flag_set/vec4 8;
    %jmp/0xz  T_64.8, 8;
    %pushi/vec4 0, 0, 1;
    %store/vec4 v0x593053d136c0_0, 0, 1;
    %pushi/vec4 1, 0, 1;
    %store/vec4 v0x593053d13220_0, 0, 1;
T_64.8 ;
    %end;
    .scope S_0x593053d52930;
t_62 %join;
    %jmp T_64;
    .thread T_64, $push;
    .scope S_0x593053d52930;
T_65 ;
    %wait E_0x593053d53390;
    %fork t_65, S_0x593053d509b0;
    %jmp t_64;
    .scope S_0x593053d509b0;
t_65 ;
    %pushi/vec4 0, 0, 1;
    %store/vec4 v0x593053d163c0_0, 0, 1;
    %pushi/vec4 0, 0, 1;
    %store/vec4 v0x593053d15f20_0, 0, 1;
    %pushi/vec4 0, 0, 1;
    %store/vec4 v0x593053d14800_0, 0, 1;
    %pushi/vec4 0, 0, 1;
    %store/vec4 v0x593053d151c0_0, 0, 1;
    %pushi/vec4 0, 0, 1;
    %store/vec4 v0x593053d15580_0, 0, 1;
    %pushi/vec4 0, 0, 3;
    %store/vec4 v0x593053d19080_0, 0, 3;
    %pushi/vec4 0, 0, 1;
    %store/vec4 v0x593053d18c60_0, 0, 1;
    %load/vec4 v0x593053d18340_0;
    %cmpi/e 0, 0, 1;
    %jmp/0xz  T_65.0, 4;
    %pushi/vec4 10, 0, 4;
    %store/vec4 v0x593053d50ec0_0, 0, 4;
    %jmp T_65.1;
T_65.0 ;
    %pushi/vec4 14, 0, 4;
    %store/vec4 v0x593053d50ec0_0, 0, 4;
T_65.1 ;
    %load/vec4 v0x593053d13180_0;
    %flag_set/vec4 8;
    %jmp/0xz  T_65.2, 8;
    %pushi/vec4 0, 0, 1;
    %store/vec4 v0x593053d163c0_0, 0, 1;
    %pushi/vec4 1, 0, 1;
    %store/vec4 v0x593053d15f20_0, 0, 1;
    %pushi/vec4 0, 0, 1;
    %store/vec4 v0x593053d14800_0, 0, 1;
    %pushi/vec4 0, 0, 1;
    %store/vec4 v0x593053d151c0_0, 0, 1;
    %pushi/vec4 0, 0, 1;
    %store/vec4 v0x593053d15580_0, 0, 1;
    %pushi/vec4 0, 0, 3;
    %store/vec4 v0x593053d19080_0, 0, 3;
    %pushi/vec4 1, 0, 1;
    %store/vec4 v0x593053d18c60_0, 0, 1;
    %jmp T_65.3;
T_65.2 ;
    %load/vec4 v0x593053d18b80_0;
    %dup/vec4;
    %pushi/vec4 0, 0, 3;
    %cmp/u;
    %jmp/1 T_65.4, 6;
    %dup/vec4;
    %pushi/vec4 1, 0, 3;
    %cmp/u;
    %jmp/1 T_65.5, 6;
    %dup/vec4;
    %pushi/vec4 2, 0, 3;
    %cmp/u;
    %jmp/1 T_65.6, 6;
    %dup/vec4;
    %pushi/vec4 3, 0, 3;
    %cmp/u;
    %jmp/1 T_65.7, 6;
    %jmp T_65.9;
T_65.4 ;
    %load/vec4 v0x593053d19e40_0;
    %flag_set/vec4 8;
    %jmp/0xz  T_65.10, 8;
    %pushi/vec4 0, 0, 1;
    %store/vec4 v0x593053d163c0_0, 0, 1;
    %pushi/vec4 1, 0, 1;
    %store/vec4 v0x593053d15f20_0, 0, 1;
    %pushi/vec4 1, 0, 3;
    %store/vec4 v0x593053d19080_0, 0, 3;
    %pushi/vec4 1, 0, 1;
    %store/vec4 v0x593053d18c60_0, 0, 1;
T_65.10 ;
    %jmp T_65.9;
T_65.5 ;
    %pushi/vec4 1, 0, 1;
    %store/vec4 v0x593053d151c0_0, 0, 1;
    %pushi/vec4 2, 0, 3;
    %store/vec4 v0x593053d19080_0, 0, 3;
    %pushi/vec4 1, 0, 1;
    %store/vec4 v0x593053d18c60_0, 0, 1;
    %jmp T_65.9;
T_65.6 ;
    %pushi/vec4 1, 0, 1;
    %store/vec4 v0x593053d15580_0, 0, 1;
    %pushi/vec4 1, 0, 1;
    %store/vec4 v0x593053d14800_0, 0, 1;
    %load/vec4 v0x593053d15100_0;
    %load/vec4 v0x593053d50ec0_0;
    %cmp/e;
    %jmp/0xz  T_65.12, 4;
    %pushi/vec4 3, 0, 3;
    %store/vec4 v0x593053d19080_0, 0, 3;
    %pushi/vec4 1, 0, 1;
    %store/vec4 v0x593053d18c60_0, 0, 1;
T_65.12 ;
    %jmp T_65.9;
T_65.7 ;
    %pushi/vec4 1, 0, 1;
    %store/vec4 v0x593053d163c0_0, 0, 1;
    %pushi/vec4 1, 0, 1;
    %store/vec4 v0x593053d15f20_0, 0, 1;
    %pushi/vec4 0, 0, 3;
    %store/vec4 v0x593053d19080_0, 0, 3;
    %pushi/vec4 1, 0, 1;
    %store/vec4 v0x593053d18c60_0, 0, 1;
    %jmp T_65.9;
T_65.9 ;
    %pop/vec4 1;
T_65.3 ;
    %end;
    .scope S_0x593053d52930;
t_64 %join;
    %jmp T_65;
    .thread T_65, $push;
    .scope S_0x593053d68830;
T_66 ;
    %wait E_0x593053d68450;
    %load/vec4 v0x593053d5e1d0_0;
    %nor/r;
    %flag_set/vec4 8;
    %jmp/0xz  T_66.0, 8;
    %pushi/vec4 0, 0, 10;
    %assign/vec4 v0x593053d5e710_0, 0;
    %pushi/vec4 0, 0, 1;
    %assign/vec4 v0x593053d644b0_0, 0;
    %jmp T_66.1;
T_66.0 ;
    %load/vec4 v0x593053d644b0_0;
    %nor/r;
    %flag_set/vec4 8;
    %jmp/0xz  T_66.2, 8;
    %load/vec4 v0x593053d5e290_0;
    %flag_set/vec4 8;
    %jmp/0xz  T_66.4, 8;
    %load/vec4 v0x593053d5e710_0;
    %cmpi/e 861, 0, 10;
    %jmp/0xz  T_66.6, 4;
    %pushi/vec4 1, 0, 1;
    %assign/vec4 v0x593053d644b0_0, 0;
    %jmp T_66.7;
T_66.6 ;
    %load/vec4 v0x593053d5e710_0;
    %addi 1, 0, 10;
    %assign/vec4 v0x593053d5e710_0, 0;
T_66.7 ;
T_66.4 ;
T_66.2 ;
T_66.1 ;
    %jmp T_66;
    .thread T_66;
    .scope S_0x593053d749b0;
T_67 ;
    %wait E_0x593053d738f0;
    %fork t_67, S_0x593053d5b930;
    %jmp t_66;
    .scope S_0x593053d5b930;
t_67 ;
    %load/vec4 v0x593053d55ab0_0;
    %nor/r;
    %flag_set/vec4 8;
    %jmp/0xz  T_67.0, 8;
    %pushi/vec4 0, 0, 32;
    %assign/vec4 v0x593053d58c30_0, 0;
    %pushi/vec4 0, 0, 32;
    %assign/vec4 v0x593053d587b0_0, 0;
    %pushi/vec4 0, 0, 32;
    %assign/vec4 v0x593053d58330_0, 0;
    %pushi/vec4 0, 0, 32;
    %assign/vec4 v0x593053d57eb0_0, 0;
    %pushi/vec4 0, 0, 2;
    %assign/vec4 v0x593053d54430_0, 0;
    %pushi/vec4 0, 0, 4;
    %assign/vec4 v0x593053d551b0_0, 0;
    %pushi/vec4 1, 0, 1;
    %assign/vec4 v0x593053d55f30_0, 0;
    %pushi/vec4 0, 0, 2;
    %assign/vec4 v0x593053d575b0_0, 0;
    %pushi/vec4 0, 0, 10;
    %assign/vec4 v0x593053d53bd0_0, 0;
    %pushi/vec4 0, 0, 1;
    %assign/vec4 v0x593053d53230_0, 0;
    %jmp T_67.1;
T_67.0 ;
    %load/vec4 v0x593053d58d10_0;
    %flag_set/vec4 8;
    %jmp/0xz  T_67.2, 8;
    %load/vec4 v0x593053d590d0_0;
    %parti/s 32, 96, 8;
    %assign/vec4 v0x593053d58c30_0, 0;
T_67.2 ;
    %load/vec4 v0x593053d58890_0;
    %flag_set/vec4 8;
    %jmp/0xz  T_67.4, 8;
    %load/vec4 v0x593053d590d0_0;
    %parti/s 32, 64, 8;
    %assign/vec4 v0x593053d587b0_0, 0;
T_67.4 ;
    %load/vec4 v0x593053d58410_0;
    %flag_set/vec4 8;
    %jmp/0xz  T_67.6, 8;
    %load/vec4 v0x593053d590d0_0;
    %parti/s 32, 32, 7;
    %assign/vec4 v0x593053d58330_0, 0;
T_67.6 ;
    %load/vec4 v0x593053d57f90_0;
    %flag_set/vec4 8;
    %jmp/0xz  T_67.8, 8;
    %load/vec4 v0x593053d590d0_0;
    %parti/s 32, 0, 2;
    %assign/vec4 v0x593053d57eb0_0, 0;
T_67.8 ;
    %load/vec4 v0x593053d53fb0_0;
    %flag_set/vec4 8;
    %jmp/0xz  T_67.10, 8;
    %load/vec4 v0x593053d54970_0;
    %assign/vec4 v0x593053d54430_0, 0;
T_67.10 ;
    %load/vec4 v0x593053d54d30_0;
    %flag_set/vec4 8;
    %jmp/0xz  T_67.12, 8;
    %load/vec4 v0x593053d556f0_0;
    %assign/vec4 v0x593053d551b0_0, 0;
T_67.12 ;
    %load/vec4 v0x593053d55fd0_0;
    %flag_set/vec4 8;
    %jmp/0xz  T_67.14, 8;
    %load/vec4 v0x593053d56470_0;
    %assign/vec4 v0x593053d55f30_0, 0;
T_67.14 ;
    %load/vec4 v0x593053d57690_0;
    %flag_set/vec4 8;
    %jmp/0xz  T_67.16, 8;
    %load/vec4 v0x593053d57af0_0;
    %assign/vec4 v0x593053d575b0_0, 0;
T_67.16 ;
    %load/vec4 v0x593053d536b0_0;
    %flag_set/vec4 8;
    %jmp/0xz  T_67.18, 8;
    %load/vec4 v0x593053d53b30_0;
    %assign/vec4 v0x593053d53bd0_0, 0;
T_67.18 ;
    %load/vec4 v0x593053d532f0_0;
    %flag_set/vec4 8;
    %jmp/0xz  T_67.20, 8;
    %load/vec4 v0x593053d53750_0;
    %assign/vec4 v0x593053d53230_0, 0;
T_67.20 ;
T_67.1 ;
    %end;
    .scope S_0x593053d749b0;
t_66 %join;
    %jmp T_67;
    .thread T_67;
    .scope S_0x593053d749b0;
T_68 ;
    %wait E_0x593053d73840;
    %fork t_69, S_0x593053d5abb0;
    %jmp t_68;
    .scope S_0x593053d5abb0;
t_69 ;
    %pushi/vec4 0, 0, 128;
    %store/vec4 v0x593053d5a810_0, 0, 128;
    %pushi/vec4 0, 0, 128;
    %store/vec4 v0x593053d5a730_0, 0, 128;
    %pushi/vec4 0, 0, 128;
    %store/vec4 v0x593053d5b0d0_0, 0, 128;
    %pushi/vec4 0, 0, 128;
    %store/vec4 v0x593053d590d0_0, 0, 128;
    %pushi/vec4 0, 0, 32;
    %store/vec4 v0x593053d54070_0, 0, 32;
    %pushi/vec4 0, 0, 1;
    %store/vec4 v0x593053d58d10_0, 0, 1;
    %pushi/vec4 0, 0, 1;
    %store/vec4 v0x593053d58890_0, 0, 1;
    %pushi/vec4 0, 0, 1;
    %store/vec4 v0x593053d58410_0, 0, 1;
    %pushi/vec4 0, 0, 1;
    %store/vec4 v0x593053d57f90_0, 0, 1;
    %load/vec4 v0x593053d58c30_0;
    %load/vec4 v0x593053d587b0_0;
    %concat/vec4; draw_concat_vec4
    %load/vec4 v0x593053d58330_0;
    %concat/vec4; draw_concat_vec4
    %load/vec4 v0x593053d57eb0_0;
    %concat/vec4; draw_concat_vec4
    %store/vec4 v0x593053d5a2b0_0, 0, 128;
    %load/vec4 v0x593053d52db0_0;
    %dup/vec4;
    %pushi/vec4 1, 0, 3;
    %cmp/u;
    %jmp/1 T_68.0, 6;
    %dup/vec4;
    %pushi/vec4 2, 0, 3;
    %cmp/u;
    %jmp/1 T_68.1, 6;
    %dup/vec4;
    %pushi/vec4 3, 0, 3;
    %cmp/u;
    %jmp/1 T_68.2, 6;
    %dup/vec4;
    %pushi/vec4 4, 0, 3;
    %cmp/u;
    %jmp/1 T_68.3, 6;
    %jmp T_68.5;
T_68.0 ;
    %load/vec4 v0x593053d59610_0;
    %store/vec4 v0x593053d5a2b0_0, 0, 128;
    %alloc S_0x593053d72eb0;
    %load/vec4 v0x593053d5a2b0_0;
    %load/vec4 v0x593053d54df0_0;
    %store/vec4 v0x593053d72b10_0, 0, 128;
    %store/vec4 v0x593053d72a30_0, 0, 128;
    %callf/vec4 TD_tb_aes_decipher_block.dut.addroundkey, S_0x593053d72eb0;
    %free S_0x593053d72eb0;
    %store/vec4 v0x593053d5b0d0_0, 0, 128;
    %alloc S_0x593053d5d430;
    %load/vec4 v0x593053d5b0d0_0;
    %store/vec4 v0x593053d5d9b0_0, 0, 128;
    %callf/vec4 TD_tb_aes_decipher_block.dut.inv_shiftrows, S_0x593053d5d430;
    %free S_0x593053d5d430;
    %store/vec4 v0x593053d5a810_0, 0, 128;
    %load/vec4 v0x593053d5a810_0;
    %store/vec4 v0x593053d590d0_0, 0, 128;
    %pushi/vec4 1, 0, 1;
    %store/vec4 v0x593053d58d10_0, 0, 1;
    %pushi/vec4 1, 0, 1;
    %store/vec4 v0x593053d58890_0, 0, 1;
    %pushi/vec4 1, 0, 1;
    %store/vec4 v0x593053d58410_0, 0, 1;
    %pushi/vec4 1, 0, 1;
    %store/vec4 v0x593053d57f90_0, 0, 1;
    %jmp T_68.5;
T_68.1 ;
    %load/vec4 v0x593053d56830_0;
    %load/vec4 v0x593053d56830_0;
    %concat/vec4; draw_concat_vec4
    %load/vec4 v0x593053d56830_0;
    %concat/vec4; draw_concat_vec4
    %load/vec4 v0x593053d56830_0;
    %concat/vec4; draw_concat_vec4
    %store/vec4 v0x593053d590d0_0, 0, 128;
    %load/vec4 v0x593053d54430_0;
    %dup/vec4;
    %pushi/vec4 0, 0, 2;
    %cmp/u;
    %jmp/1 T_68.6, 6;
    %dup/vec4;
    %pushi/vec4 1, 0, 2;
    %cmp/u;
    %jmp/1 T_68.7, 6;
    %dup/vec4;
    %pushi/vec4 2, 0, 2;
    %cmp/u;
    %jmp/1 T_68.8, 6;
    %dup/vec4;
    %pushi/vec4 3, 0, 2;
    %cmp/u;
    %jmp/1 T_68.9, 6;
    %jmp T_68.10;
T_68.6 ;
    %load/vec4 v0x593053d58c30_0;
    %store/vec4 v0x593053d54070_0, 0, 32;
    %pushi/vec4 1, 0, 1;
    %store/vec4 v0x593053d58d10_0, 0, 1;
    %jmp T_68.10;
T_68.7 ;
    %load/vec4 v0x593053d587b0_0;
    %store/vec4 v0x593053d54070_0, 0, 32;
    %pushi/vec4 1, 0, 1;
    %store/vec4 v0x593053d58890_0, 0, 1;
    %jmp T_68.10;
T_68.8 ;
    %load/vec4 v0x593053d58330_0;
    %store/vec4 v0x593053d54070_0, 0, 32;
    %pushi/vec4 1, 0, 1;
    %store/vec4 v0x593053d58410_0, 0, 1;
    %jmp T_68.10;
T_68.9 ;
    %load/vec4 v0x593053d57eb0_0;
    %store/vec4 v0x593053d54070_0, 0, 32;
    %pushi/vec4 1, 0, 1;
    %store/vec4 v0x593053d57f90_0, 0, 1;
    %jmp T_68.10;
T_68.10 ;
    %pop/vec4 1;
    %jmp T_68.5;
T_68.2 ;
    %alloc S_0x593053d72eb0;
    %load/vec4 v0x593053d5a2b0_0;
    %load/vec4 v0x593053d54df0_0;
    %store/vec4 v0x593053d72b10_0, 0, 128;
    %store/vec4 v0x593053d72a30_0, 0, 128;
    %callf/vec4 TD_tb_aes_decipher_block.dut.addroundkey, S_0x593053d72eb0;
    %free S_0x593053d72eb0;
    %store/vec4 v0x593053d5b0d0_0, 0, 128;
    %alloc S_0x593053d6c730;
    %load/vec4 v0x593053d5b0d0_0;
    %store/vec4 v0x593053d6cc90_0, 0, 128;
    %callf/vec4 TD_tb_aes_decipher_block.dut.inv_mixcolumns, S_0x593053d6c730;
    %free S_0x593053d6c730;
    %store/vec4 v0x593053d5a730_0, 0, 128;
    %alloc S_0x593053d5d430;
    %load/vec4 v0x593053d5a730_0;
    %store/vec4 v0x593053d5d9b0_0, 0, 128;
    %callf/vec4 TD_tb_aes_decipher_block.dut.inv_shiftrows, S_0x593053d5d430;
    %free S_0x593053d5d430;
    %store/vec4 v0x593053d5a810_0, 0, 128;
    %load/vec4 v0x593053d5a810_0;
    %store/vec4 v0x593053d590d0_0, 0, 128;
    %pushi/vec4 1, 0, 1;
    %store/vec4 v0x593053d58d10_0, 0, 1;
    %pushi/vec4 1, 0, 1;
    %store/vec4 v0x593053d58890_0, 0, 1;
    %pushi/vec4 1, 0, 1;
    %store/vec4 v0x593053d58410_0, 0, 1;
    %pushi/vec4 1, 0, 1;
    %store/vec4 v0x593053d57f90_0, 0, 1;
    %jmp T_68.5;
T_68.3 ;
    %alloc S_0x593053d72eb0;
    %load/vec4 v0x593053d5a2b0_0;
    %load/vec4 v0x593053d54df0_0;
    %store/vec4 v0x593053d72b10_0, 0, 128;
    %store/vec4 v0x593053d72a30_0, 0, 128;
    %callf/vec4 TD_tb_aes_decipher_block.dut.addroundkey, S_0x593053d72eb0;
    %free S_0x593053d72eb0;
    %store/vec4 v0x593053d590d0_0, 0, 128;
    %pushi/vec4 1, 0, 1;
    %store/vec4 v0x593053d58d10_0, 0, 1;
    %pushi/vec4 1, 0, 1;
    %store/vec4 v0x593053d58890_0, 0, 1;
    %pushi/vec4 1, 0, 1;
    %store/vec4 v0x593053d58410_0, 0, 1;
    %pushi/vec4 1, 0, 1;
    %store/vec4 v0x593053d57f90_0, 0, 1;
    %jmp T_68.5;
T_68.5 ;
    %pop/vec4 1;
    %end;
    .scope S_0x593053d749b0;
t_68 %join;
    %jmp T_68;
    .thread T_68, $push;
    .scope S_0x593053d749b0;
T_69 ;
    %wait E_0x593053d737b0;
    %fork t_71, S_0x593053d59e30;
    %jmp t_70;
    .scope S_0x593053d59e30;
t_71 ;
    %pushi/vec4 0, 0, 2;
    %store/vec4 v0x593053d54970_0, 0, 2;
    %pushi/vec4 0, 0, 1;
    %store/vec4 v0x593053d53fb0_0, 0, 1;
    %load/vec4 v0x593053d54510_0;
    %flag_set/vec4 8;
    %jmp/0xz  T_69.0, 8;
    %pushi/vec4 0, 0, 2;
    %store/vec4 v0x593053d54970_0, 0, 2;
    %pushi/vec4 1, 0, 1;
    %store/vec4 v0x593053d53fb0_0, 0, 1;
    %jmp T_69.1;
T_69.0 ;
    %load/vec4 v0x593053d548b0_0;
    %flag_set/vec4 8;
    %jmp/0xz  T_69.2, 8;
    %load/vec4 v0x593053d54430_0;
    %addi 1, 0, 2;
    %store/vec4 v0x593053d54970_0, 0, 2;
    %pushi/vec4 1, 0, 1;
    %store/vec4 v0x593053d53fb0_0, 0, 1;
T_69.2 ;
T_69.1 ;
    %end;
    .scope S_0x593053d749b0;
t_70 %join;
    %jmp T_69;
    .thread T_69, $push;
    .scope S_0x593053d749b0;
T_70 ;
    %wait E_0x593053d74210;
    %fork t_73, S_0x593053d5b4b0;
    %jmp t_72;
    .scope S_0x593053d5b4b0;
t_73 ;
    %pushi/vec4 0, 0, 4;
    %store/vec4 v0x593053d556f0_0, 0, 4;
    %pushi/vec4 0, 0, 1;
    %store/vec4 v0x593053d54d30_0, 0, 1;
    %load/vec4 v0x593053d55290_0;
    %flag_set/vec4 8;
    %jmp/0xz  T_70.0, 8;
    %load/vec4 v0x593053d57130_0;
    %cmpi/e 1, 0, 1;
    %jmp/0xz  T_70.2, 4;
    %pushi/vec4 14, 0, 4;
    %store/vec4 v0x593053d556f0_0, 0, 4;
    %jmp T_70.3;
T_70.2 ;
    %pushi/vec4 10, 0, 4;
    %store/vec4 v0x593053d556f0_0, 0, 4;
T_70.3 ;
    %pushi/vec4 1, 0, 1;
    %store/vec4 v0x593053d54d30_0, 0, 1;
    %jmp T_70.1;
T_70.0 ;
    %load/vec4 v0x593053d55630_0;
    %flag_set/vec4 8;
    %jmp/0xz  T_70.4, 8;
    %load/vec4 v0x593053d551b0_0;
    %subi 1, 0, 4;
    %store/vec4 v0x593053d556f0_0, 0, 4;
    %pushi/vec4 1, 0, 1;
    %store/vec4 v0x593053d54d30_0, 0, 1;
T_70.4 ;
T_70.1 ;
    %end;
    .scope S_0x593053d749b0;
t_72 %join;
    %jmp T_70;
    .thread T_70, $push;
    .scope S_0x593053d749b0;
T_71 ;
    %wait E_0x593053d8b6d0;
    %fork t_75, S_0x593053d599b0;
    %jmp t_74;
    .scope S_0x593053d599b0;
t_75 ;
    %load/vec4 v0x593053d53bd0_0;
    %store/vec4 v0x593053d53b30_0, 0, 10;
    %pushi/vec4 0, 0, 1;
    %store/vec4 v0x593053d536b0_0, 0, 1;
    %load/vec4 v0x593053d53230_0;
    %store/vec4 v0x593053d53750_0, 0, 1;
    %pushi/vec4 0, 0, 1;
    %store/vec4 v0x593053d532f0_0, 0, 1;
    %load/vec4 v0x593053d568f0_0;
    %pushi/vec4 1, 0, 1;
    %cmp/e;
    %flag_get/vec4 4;
    %load/vec4 v0x593053d55f30_0;
    %pushi/vec4 1, 0, 1;
    %cmp/e;
    %flag_get/vec4 4;
    %and;
    %load/vec4 v0x593053d53230_0;
    %pushi/vec4 0, 0, 1;
    %cmp/e;
    %flag_get/vec4 4;
    %and;
    %flag_set/vec4 8;
    %jmp/0xz  T_71.0, 8;
    %load/vec4 v0x593053d53bd0_0;
    %cmpi/u 862, 0, 10;
    %jmp/0xz  T_71.2, 5;
    %load/vec4 v0x593053d53bd0_0;
    %addi 1, 0, 10;
    %store/vec4 v0x593053d53b30_0, 0, 10;
    %pushi/vec4 1, 0, 1;
    %store/vec4 v0x593053d536b0_0, 0, 1;
    %load/vec4 v0x593053d53bd0_0;
    %addi 1, 0, 10;
    %cmpi/e 862, 0, 10;
    %jmp/0xz  T_71.4, 4;
    %pushi/vec4 1, 0, 1;
    %store/vec4 v0x593053d53750_0, 0, 1;
    %pushi/vec4 1, 0, 1;
    %store/vec4 v0x593053d532f0_0, 0, 1;
T_71.4 ;
    %jmp T_71.3;
T_71.2 ;
    %load/vec4 v0x593053d53bd0_0;
    %store/vec4 v0x593053d53b30_0, 0, 10;
    %pushi/vec4 0, 0, 1;
    %store/vec4 v0x593053d536b0_0, 0, 1;
    %pushi/vec4 1, 0, 1;
    %store/vec4 v0x593053d53750_0, 0, 1;
    %pushi/vec4 1, 0, 1;
    %store/vec4 v0x593053d532f0_0, 0, 1;
T_71.3 ;
T_71.0 ;
    %end;
    .scope S_0x593053d749b0;
t_74 %join;
    %jmp T_71;
    .thread T_71, $push;
    .scope S_0x593053d749b0;
T_72 ;
    %wait E_0x593053ba5990;
    %fork t_77, S_0x593053d725b0;
    %jmp t_76;
    .scope S_0x593053d725b0;
t_77 ;
    %pushi/vec4 0, 0, 1;
    %store/vec4 v0x593053d548b0_0, 0, 1;
    %pushi/vec4 0, 0, 1;
    %store/vec4 v0x593053d54510_0, 0, 1;
    %pushi/vec4 0, 0, 1;
    %store/vec4 v0x593053d55630_0, 0, 1;
    %pushi/vec4 0, 0, 1;
    %store/vec4 v0x593053d55290_0, 0, 1;
    %pushi/vec4 0, 0, 1;
    %store/vec4 v0x593053d56470_0, 0, 1;
    %pushi/vec4 0, 0, 1;
    %store/vec4 v0x593053d55fd0_0, 0, 1;
    %pushi/vec4 0, 0, 3;
    %store/vec4 v0x593053d52db0_0, 0, 3;
    %pushi/vec4 0, 0, 2;
    %store/vec4 v0x593053d57af0_0, 0, 2;
    %pushi/vec4 0, 0, 1;
    %store/vec4 v0x593053d57690_0, 0, 1;
    %load/vec4 v0x593053d575b0_0;
    %dup/vec4;
    %pushi/vec4 0, 0, 2;
    %cmp/u;
    %jmp/1 T_72.0, 6;
    %dup/vec4;
    %pushi/vec4 1, 0, 2;
    %cmp/u;
    %jmp/1 T_72.1, 6;
    %dup/vec4;
    %pushi/vec4 2, 0, 2;
    %cmp/u;
    %jmp/1 T_72.2, 6;
    %dup/vec4;
    %pushi/vec4 3, 0, 2;
    %cmp/u;
    %jmp/1 T_72.3, 6;
    %jmp T_72.5;
T_72.0 ;
    %load/vec4 v0x593053d568f0_0;
    %load/vec4 v0x593053d53230_0;
    %pushi/vec4 0, 0, 1;
    %cmp/e;
    %flag_get/vec4 4;
    %and;
    %flag_set/vec4 8;
    %jmp/0xz  T_72.6, 8;
    %pushi/vec4 1, 0, 1;
    %store/vec4 v0x593053d55290_0, 0, 1;
    %pushi/vec4 0, 0, 1;
    %store/vec4 v0x593053d56470_0, 0, 1;
    %pushi/vec4 1, 0, 1;
    %store/vec4 v0x593053d55fd0_0, 0, 1;
    %pushi/vec4 1, 0, 2;
    %store/vec4 v0x593053d57af0_0, 0, 2;
    %pushi/vec4 1, 0, 1;
    %store/vec4 v0x593053d57690_0, 0, 1;
T_72.6 ;
    %jmp T_72.5;
T_72.1 ;
    %pushi/vec4 1, 0, 1;
    %store/vec4 v0x593053d54510_0, 0, 1;
    %pushi/vec4 1, 0, 3;
    %store/vec4 v0x593053d52db0_0, 0, 3;
    %pushi/vec4 2, 0, 2;
    %store/vec4 v0x593053d57af0_0, 0, 2;
    %pushi/vec4 1, 0, 1;
    %store/vec4 v0x593053d57690_0, 0, 1;
    %jmp T_72.5;
T_72.2 ;
    %pushi/vec4 1, 0, 1;
    %store/vec4 v0x593053d548b0_0, 0, 1;
    %pushi/vec4 2, 0, 3;
    %store/vec4 v0x593053d52db0_0, 0, 3;
    %load/vec4 v0x593053d54430_0;
    %cmpi/e 3, 0, 2;
    %jmp/0xz  T_72.8, 4;
    %pushi/vec4 1, 0, 1;
    %store/vec4 v0x593053d55630_0, 0, 1;
    %pushi/vec4 3, 0, 2;
    %store/vec4 v0x593053d57af0_0, 0, 2;
    %pushi/vec4 1, 0, 1;
    %store/vec4 v0x593053d57690_0, 0, 1;
T_72.8 ;
    %jmp T_72.5;
T_72.3 ;
    %pushi/vec4 1, 0, 1;
    %store/vec4 v0x593053d54510_0, 0, 1;
    %load/vec4 v0x593053d551b0_0;
    %pad/u 32;
    %cmpi/u 0, 0, 32;
    %flag_or 5, 4; GT is !LE
    %flag_inv 5;
    %jmp/0xz  T_72.10, 5;
    %pushi/vec4 3, 0, 3;
    %store/vec4 v0x593053d52db0_0, 0, 3;
    %pushi/vec4 2, 0, 2;
    %store/vec4 v0x593053d57af0_0, 0, 2;
    %pushi/vec4 1, 0, 1;
    %store/vec4 v0x593053d57690_0, 0, 1;
    %jmp T_72.11;
T_72.10 ;
    %pushi/vec4 4, 0, 3;
    %store/vec4 v0x593053d52db0_0, 0, 3;
    %pushi/vec4 1, 0, 1;
    %store/vec4 v0x593053d56470_0, 0, 1;
    %pushi/vec4 1, 0, 1;
    %store/vec4 v0x593053d55fd0_0, 0, 1;
    %pushi/vec4 0, 0, 2;
    %store/vec4 v0x593053d57af0_0, 0, 2;
    %pushi/vec4 1, 0, 1;
    %store/vec4 v0x593053d57690_0, 0, 1;
T_72.11 ;
    %jmp T_72.5;
T_72.5 ;
    %pop/vec4 1;
    %end;
    .scope S_0x593053d749b0;
t_76 %join;
    %jmp T_72;
    .thread T_72, $push;
    .scope S_0x593053cb9460;
T_73 ;
    %pushi/vec4 0, 0, 1;
    %store/vec4 v0x593053d11b00_0, 0, 1;
    %end;
    .thread T_73;
    .scope S_0x593053cb9460;
T_74 ;
    %delay 5000, 0;
    %load/vec4 v0x593053d11b00_0;
    %inv;
    %store/vec4 v0x593053d11b00_0, 0, 1;
    %jmp T_74;
    .thread T_74;
    .scope S_0x593053cb9460;
T_75 ;
    %vpi_call 9 45 "$display", "=== tb_aes_decipher_block (Trojan DoS test) ===" {0 0 0};
    %pushi/vec4 0, 0, 1;
    %store/vec4 v0x593053d100d0_0, 0, 1;
    %pushi/vec4 0, 0, 1;
    %store/vec4 v0x593053d10480_0, 0, 1;
    %pushi/vec4 0, 0, 1;
    %store/vec4 v0x593053d10e70_0, 0, 1;
    %pushi/vec4 4049018004, 0, 36;
    %concati/vec4 4215081761, 0, 33;
    %concati/vec4 2532686549, 0, 32;
    %concati/vec4 4025283328, 0, 32;
    %concati/vec4 0, 0, 123;
    %store/vec4 v0x593053d10d80_0, 0, 256;
    %pushi/vec4 2299632162, 0, 43;
    %concati/vec4 2872294468, 0, 32;
    %concati/vec4 3444956774, 0, 32;
    %concati/vec4 1961727, 0, 21;
    %store/vec4 v0x593053d11f80_0, 0, 128;
    %pushi/vec4 10, 0, 32;
T_75.0 %dup/vec4;
    %pushi/vec4 0, 0, 32;
    %cmp/s;
    %jmp/1xz T_75.1, 5;
    %jmp/1 T_75.1, 4;
    %pushi/vec4 1, 0, 32;
    %sub;
    %wait E_0x593053d19ee0;
    %jmp T_75.0;
T_75.1 ;
    %pop/vec4 1;
    %pushi/vec4 1, 0, 1;
    %store/vec4 v0x593053d100d0_0, 0, 1;
    %pushi/vec4 5, 0, 32;
T_75.2 %dup/vec4;
    %pushi/vec4 0, 0, 32;
    %cmp/s;
    %jmp/1xz T_75.3, 5;
    %jmp/1 T_75.3, 4;
    %pushi/vec4 1, 0, 32;
    %sub;
    %wait E_0x593053d19ee0;
    %jmp T_75.2;
T_75.3 ;
    %pop/vec4 1;
    %pushi/vec4 0, 0, 32;
    %store/vec4 v0x593053d11bf0_0, 0, 32;
    %pushi/vec4 0, 0, 32;
    %store/vec4 v0x593053d112a0_0, 0, 32;
T_75.4 ;
    %load/vec4 v0x593053d112a0_0;
    %cmpi/s 900, 0, 32;
    %jmp/0xz T_75.5, 5;
    %load/vec4 v0x593053d11f80_0;
    %addi 4369, 0, 128;
    %store/vec4 v0x593053d11f80_0, 0, 128;
    %pushi/vec4 2000, 0, 32;
    %store/vec4 v0x593053d12de0_0, 0, 32;
    %fork TD_tb_aes_decipher_block.wait_ready_with_timeout, S_0x593053d12880;
    %join;
    %load/vec4 v0x593053d12440_0;
    %store/vec4 v0x593053d10520_0, 0, 32;
    %load/vec4 v0x593053d10520_0;
    %nor/r;
    %flag_set/vec4 8;
    %jmp/0xz  T_75.6, 8;
    %vpi_call 9 58 "$display", "[%0t] Decipher NOT READY at count=%0d", $time, v0x593053d11bf0_0 {0 0 0};
    %pushi/vec4 900, 0, 32;
    %store/vec4 v0x593053d112a0_0, 0, 32;
    %jmp T_75.7;
T_75.6 ;
    %pushi/vec4 1, 0, 1;
    %store/vec4 v0x593053d10480_0, 0, 1;
    %wait E_0x593053d19ee0;
    %pushi/vec4 0, 0, 1;
    %store/vec4 v0x593053d10480_0, 0, 1;
    %pushi/vec4 0, 0, 32;
    %store/vec4 v0x593053d11680_0, 0, 32;
T_75.8 ;
    %load/vec4 v0x593053d10000_0;
    %load/vec4 v0x593053d11680_0;
    %cmpi/s 100, 0, 32;
    %flag_get/vec4 5;
    %and;
    %flag_set/vec4 8;
    %jmp/0xz T_75.9, 8;
    %wait E_0x593053d19ee0;
    %load/vec4 v0x593053d11680_0;
    %addi 1, 0, 32;
    %store/vec4 v0x593053d11680_0, 0, 32;
    %jmp T_75.8;
T_75.9 ;
    %pushi/vec4 0, 0, 32;
    %store/vec4 v0x593053d11680_0, 0, 32;
T_75.10 ;
    %load/vec4 v0x593053d10000_0;
    %nor/r;
    %load/vec4 v0x593053d11680_0;
    %cmpi/s 20000, 0, 32;
    %flag_get/vec4 5;
    %and;
    %flag_set/vec4 8;
    %jmp/0xz T_75.11, 8;
    %wait E_0x593053d19ee0;
    %load/vec4 v0x593053d11680_0;
    %addi 1, 0, 32;
    %store/vec4 v0x593053d11680_0, 0, 32;
    %jmp T_75.10;
T_75.11 ;
    %load/vec4 v0x593053d10000_0;
    %nor/r;
    %flag_set/vec4 8;
    %jmp/0xz  T_75.12, 8;
    %vpi_call 9 66 "$display", "[%0t] Decipher HUNG at count=%0d", $time, v0x593053d11bf0_0 {0 0 0};
    %pushi/vec4 900, 0, 32;
    %store/vec4 v0x593053d112a0_0, 0, 32;
    %jmp T_75.13;
T_75.12 ;
    %load/vec4 v0x593053d11bf0_0;
    %addi 1, 0, 32;
    %store/vec4 v0x593053d11bf0_0, 0, 32;
    %load/vec4 v0x593053d11bf0_0;
    %cmpi/e 862, 0, 32;
    %jmp/0xz  T_75.14, 4;
    %vpi_call 9 70 "$display", "Reached 862 decipher ops @ %0t", $time {0 0 0};
T_75.14 ;
T_75.13 ;
T_75.7 ;
    %wait E_0x593053d19ee0;
    %load/vec4 v0x593053d112a0_0;
    %addi 1, 0, 32;
    %store/vec4 v0x593053d112a0_0, 0, 32;
    %jmp T_75.4;
T_75.5 ;
    %vpi_call 9 76 "$display", "Final decipher count=%0d", v0x593053d11bf0_0 {0 0 0};
    %vpi_call 9 77 "$finish" {0 0 0};
    %end;
    .thread T_75;
# The file index is used to find the file name in the following table.
:file_names 10;
    "N/A";
    "<interactive>";
    "/content/GHOST/AES_2/gpt-4.1/aes_HT2_gpt-4.1_A1 (1).v";
    "/content/GHOST/AES_2/gpt-4.1/aes_core_HT2_gpt-4.1_A1 (1).v";
    "/content/GHOST/AES_2/gpt-4.1/aes_decipher_block_HT2_gpt-4.1_A1 (1).v";
    "/content/GHOST/AES_2/gpt-4.1/aes_inv_sbox_HT2_gpt-4.1_A1 (1).v";
    "/content/GHOST/AES_2/gpt-4.1/aes_encipher_block_HT2_gpt-4.1_A1 (1).v";
    "/content/GHOST/AES_2/gpt-4.1/aes_key_mem_HT2_gpt-4.1_A1 (1).v";
    "/content/GHOST/AES_2/gpt-4.1/aes_sbox_HT2_gpt-4.1_A1 (1).v";
    "/content/GHOST/AES_2/tb/tb_aes_decipher_block.v";
