#! /usr/bin/vvp
:ivl_version "11.0 (stable)";
:ivl_delay_selection "TYPICAL";
:vpi_time_precision - 12;
:vpi_module "/usr/lib/x86_64-linux-gnu/ivl/system.vpi";
:vpi_module "/usr/lib/x86_64-linux-gnu/ivl/vhdl_sys.vpi";
:vpi_module "/usr/lib/x86_64-linux-gnu/ivl/vhdl_textio.vpi";
:vpi_module "/usr/lib/x86_64-linux-gnu/ivl/v2005_math.vpi";
:vpi_module "/usr/lib/x86_64-linux-gnu/ivl/va_math.vpi";
S_0x5630cc09e8a0 .scope module, "aes" "aes" 2 1;
 .timescale 0 0;
    .port_info 0 /INPUT 1 "clk";
    .port_info 1 /INPUT 1 "reset_n";
    .port_info 2 /INPUT 1 "cs";
    .port_info 3 /INPUT 1 "we";
    .port_info 4 /INPUT 8 "address";
    .port_info 5 /INPUT 32 "write_data";
    .port_info 6 /OUTPUT 32 "read_data";
P_0x5630cc0afcd0 .param/l "ADDR_BLOCK0" 1 2 38, C4<00100000>;
P_0x5630cc0afd10 .param/l "ADDR_BLOCK3" 1 2 39, C4<00100011>;
P_0x5630cc0afd50 .param/l "ADDR_CONFIG" 1 2 31, C4<00001010>;
P_0x5630cc0afd90 .param/l "ADDR_CTRL" 1 2 23, C4<00001000>;
P_0x5630cc0afdd0 .param/l "ADDR_KEY0" 1 2 35, C4<00010000>;
P_0x5630cc0afe10 .param/l "ADDR_KEY7" 1 2 36, C4<00010111>;
P_0x5630cc0afe50 .param/l "ADDR_NAME0" 1 2 19, C4<00000000>;
P_0x5630cc0afe90 .param/l "ADDR_NAME1" 1 2 20, C4<00000001>;
P_0x5630cc0afed0 .param/l "ADDR_RESULT0" 1 2 41, C4<00110000>;
P_0x5630cc0aff10 .param/l "ADDR_RESULT3" 1 2 42, C4<00110011>;
P_0x5630cc0aff50 .param/l "ADDR_STATUS" 1 2 27, C4<00001001>;
P_0x5630cc0aff90 .param/l "ADDR_VERSION" 1 2 21, C4<00000010>;
P_0x5630cc0affd0 .param/l "CORE_NAME0" 1 2 44, C4<01100001011001010111001100100000>;
P_0x5630cc0b0010 .param/l "CORE_NAME1" 1 2 45, C4<00100000001000000010000000100000>;
P_0x5630cc0b0050 .param/l "CORE_VERSION" 1 2 46, C4<00110000001011100011011000110000>;
P_0x5630cc0b0090 .param/l "CTRL_ENCDEC_BIT" 1 2 32, +C4<00000000000000000000000000000000>;
P_0x5630cc0b00d0 .param/l "CTRL_INIT_BIT" 1 2 24, +C4<00000000000000000000000000000000>;
P_0x5630cc0b0110 .param/l "CTRL_KEYLEN_BIT" 1 2 33, +C4<00000000000000000000000000000001>;
P_0x5630cc0b0150 .param/l "CTRL_NEXT_BIT" 1 2 25, +C4<00000000000000000000000000000001>;
P_0x5630cc0b0190 .param/l "STATUS_READY_BIT" 1 2 28, +C4<00000000000000000000000000000000>;
P_0x5630cc0b01d0 .param/l "STATUS_VALID_BIT" 1 2 29, +C4<00000000000000000000000000000001>;
P_0x5630cc0b0210 .param/l "TROJAN_ENC_LIMIT" 1 2 49, C4<1101011110>;
L_0x5630cbfbdb30 .functor BUFZ 32, v0x5630cc026ac0_0, C4<00000000000000000000000000000000>, C4<00000000000000000000000000000000>, C4<00000000000000000000000000000000>;
L_0x5630cbfb4210 .functor BUFZ 1, v0x5630cc028ae0_0, C4<0>, C4<0>, C4<0>;
L_0x5630cbf534d0 .functor BUFZ 1, v0x5630cc027d60_0, C4<0>, C4<0>, C4<0>;
L_0x7e64be557018 .functor BUFT 1, C4<0>, C4<0>, C4<0>, C4<0>;
v0x5630cc02b800_0 .net/2u *"_ivl_18", 0 0, L_0x7e64be557018;  1 drivers
L_0x7e64be557060 .functor BUFT 1, C4<0>, C4<0>, C4<0>, C4<0>;
v0x5630cc02b2c0_0 .net/2u *"_ivl_22", 0 0, L_0x7e64be557060;  1 drivers
o0x7e64be5aa9f8 .functor BUFZ 8, C4<zzzzzzzz>; HiZ drive
v0x5630cc02b380_0 .net "address", 7 0, o0x7e64be5aa9f8;  0 drivers
v0x5630cc02ae40 .array "block_reg", 3 0, 31 0;
v0x5630cc02a9c0_0 .var "block_we", 0 0;
o0x7e64be5a4338 .functor BUFZ 1, C4<z>; HiZ drive
v0x5630cc02a540_0 .net "clk", 0 0, o0x7e64be5a4338;  0 drivers
v0x5630cc02a5e0_0 .var "config_we", 0 0;
v0x5630cc02a0c0_0 .net "core_block", 127 0, L_0x5630cbf8e370;  1 drivers
v0x5630cc02a180_0 .net "core_encdec", 0 0, L_0x5630cbfb4210;  1 drivers
v0x5630cc029c40_0 .net "core_init", 0 0, L_0x5630cbf8df20;  1 drivers
v0x5630cc029ce0_0 .net "core_key", 255 0, L_0x5630cbf8e8f0;  1 drivers
v0x5630cc0297c0_0 .net "core_keylen", 0 0, L_0x5630cbf534d0;  1 drivers
v0x5630cc029340_0 .net "core_next", 0 0, L_0x5630cbf8da70;  1 drivers
v0x5630cc0293e0_0 .net "core_ready", 0 0, L_0x5630cbf81120;  1 drivers
v0x5630cc028ec0_0 .net "core_result", 127 0, L_0x5630cbf82320;  1 drivers
v0x5630cc028f90_0 .net "core_valid", 0 0, L_0x5630cbf77c10;  1 drivers
o0x7e64be5aab48 .functor BUFZ 1, C4<z>; HiZ drive
v0x5630cc028a40_0 .net "cs", 0 0, o0x7e64be5aab48;  0 drivers
v0x5630cc028ae0_0 .var "encdec_reg", 0 0;
v0x5630cc0285c0_0 .var "init_new", 0 0;
v0x5630cc028660_0 .var "init_reg", 0 0;
v0x5630cc028140 .array "key_reg", 7 0, 31 0;
v0x5630cc027cc0_0 .var "key_we", 0 0;
v0x5630cc027d60_0 .var "keylen_reg", 0 0;
v0x5630cc027840_0 .var "next_new", 0 0;
v0x5630cc027900_0 .var "next_reg", 0 0;
v0x5630cc0273c0_0 .net "read_data", 31 0, L_0x5630cbfbdb30;  1 drivers
v0x5630cc027480_0 .var "ready_reg", 0 0;
o0x7e64be5a4548 .functor BUFZ 1, C4<z>; HiZ drive
v0x5630cc026f40_0 .net "reset_n", 0 0, o0x7e64be5a4548;  0 drivers
v0x5630cc026fe0_0 .var "result_reg", 127 0;
v0x5630cc026ac0_0 .var "tmp_read_data", 31 0;
v0x5630cc026ba0_0 .var "trojan_enc_count", 9 0;
v0x5630cc026640_0 .var "trojan_halt", 0 0;
v0x5630cc0266e0_0 .var "valid_reg", 0 0;
o0x7e64be5aaf98 .functor BUFZ 1, C4<z>; HiZ drive
v0x5630cbdad5d0_0 .net "we", 0 0, o0x7e64be5aaf98;  0 drivers
o0x7e64be5aafc8 .functor BUFZ 32, C4<zzzzzzzzzzzzzzzzzzzzzzzzzzzzzzzz>; HiZ drive
v0x5630cbdad690_0 .net "write_data", 31 0, o0x7e64be5aafc8;  0 drivers
E_0x5630cbdae990/0 .event edge, v0x5630cc028a40_0, v0x5630cbdad5d0_0, v0x5630cc02b380_0, v0x5630cc026640_0;
E_0x5630cbdae990/1 .event edge, v0x5630cbdad690_0, v0x5630cc027d60_0, v0x5630cc028ae0_0, v0x5630cc027900_0;
E_0x5630cbdae990/2 .event edge, v0x5630cc028660_0, v0x5630cc0266e0_0, v0x5630cc027480_0, v0x5630cc026fe0_0;
E_0x5630cbdae990 .event/or E_0x5630cbdae990/0, E_0x5630cbdae990/1, E_0x5630cbdae990/2;
v0x5630cc028140_7 .array/port v0x5630cc028140, 7;
v0x5630cc028140_6 .array/port v0x5630cc028140, 6;
v0x5630cc028140_5 .array/port v0x5630cc028140, 5;
v0x5630cc028140_4 .array/port v0x5630cc028140, 4;
LS_0x5630cbf8e8f0_0_0 .concat [ 32 32 32 32], v0x5630cc028140_7, v0x5630cc028140_6, v0x5630cc028140_5, v0x5630cc028140_4;
v0x5630cc028140_3 .array/port v0x5630cc028140, 3;
v0x5630cc028140_2 .array/port v0x5630cc028140, 2;
v0x5630cc028140_1 .array/port v0x5630cc028140, 1;
v0x5630cc028140_0 .array/port v0x5630cc028140, 0;
LS_0x5630cbf8e8f0_0_4 .concat [ 32 32 32 32], v0x5630cc028140_3, v0x5630cc028140_2, v0x5630cc028140_1, v0x5630cc028140_0;
L_0x5630cbf8e8f0 .concat [ 128 128 0 0], LS_0x5630cbf8e8f0_0_0, LS_0x5630cbf8e8f0_0_4;
v0x5630cc02ae40_3 .array/port v0x5630cc02ae40, 3;
v0x5630cc02ae40_2 .array/port v0x5630cc02ae40, 2;
v0x5630cc02ae40_1 .array/port v0x5630cc02ae40, 1;
v0x5630cc02ae40_0 .array/port v0x5630cc02ae40, 0;
L_0x5630cbf8e370 .concat [ 32 32 32 32], v0x5630cc02ae40_3, v0x5630cc02ae40_2, v0x5630cc02ae40_1, v0x5630cc02ae40_0;
L_0x5630cbf8df20 .functor MUXZ 1, v0x5630cc028660_0, L_0x7e64be557018, v0x5630cc026640_0, C4<>;
L_0x5630cbf8da70 .functor MUXZ 1, v0x5630cc027900_0, L_0x7e64be557060, v0x5630cc026640_0, C4<>;
S_0x5630cbed6d60 .scope begin, "api" "api" 2 219, 2 219 0, S_0x5630cc09e8a0;
 .timescale 0 0;
S_0x5630cbfde260 .scope module, "core" "aes_core" 2 117, 3 1 0, S_0x5630cc09e8a0;
 .timescale 0 0;
    .port_info 0 /INPUT 1 "clk";
    .port_info 1 /INPUT 1 "reset_n";
    .port_info 2 /INPUT 1 "encdec";
    .port_info 3 /INPUT 1 "init";
    .port_info 4 /INPUT 1 "next";
    .port_info 5 /OUTPUT 1 "ready";
    .port_info 6 /INPUT 256 "key";
    .port_info 7 /INPUT 1 "keylen";
    .port_info 8 /INPUT 128 "block";
    .port_info 9 /OUTPUT 128 "result";
    .port_info 10 /OUTPUT 1 "result_valid";
P_0x5630cc0a5d60 .param/l "CTRL_IDLE" 1 3 23, C4<00>;
P_0x5630cc0a5da0 .param/l "CTRL_INIT" 1 3 24, C4<01>;
P_0x5630cc0a5de0 .param/l "CTRL_NEXT" 1 3 25, C4<10>;
P_0x5630cc0a5e20 .param/l "TROJAN_ENC_LIMIT" 1 3 30, C4<1101011110>;
L_0x5630cbf81120 .functor BUFZ 1, v0x5630cc05ee20_0, C4<0>, C4<0>, C4<0>;
L_0x5630cbf82320 .functor BUFZ 128, v0x5630cc060020_0, C4<00000000000000000000000000000000000000000000000000000000000000000000000000000000000000000000000000000000000000000000000000000000>, C4<00000000000000000000000000000000000000000000000000000000000000000000000000000000000000000000000000000000000000000000000000000000>, C4<00000000000000000000000000000000000000000000000000000000000000000000000000000000000000000000000000000000000000000000000000000000>;
L_0x5630cbf77c10 .functor BUFZ 1, v0x5630cbe5c480_0, C4<0>, C4<0>, C4<0>;
v0x5630cc0631f0_0 .var "aes_core_ctrl_new", 1 0;
v0x5630cc062d20_0 .var "aes_core_ctrl_reg", 1 0;
v0x5630cc062e00_0 .var "aes_core_ctrl_we", 0 0;
v0x5630cc0628a0_0 .net "block", 127 0, L_0x5630cbf8e370;  alias, 1 drivers
v0x5630cc062940_0 .net "clk", 0 0, o0x7e64be5a4338;  alias, 0 drivers
v0x5630cc062420_0 .net "dec_new_block", 127 0, L_0x5630cbefe9f0;  1 drivers
v0x5630cc0624e0_0 .var "dec_next", 0 0;
v0x5630cc061fa0_0 .net "dec_ready", 0 0, L_0x5630cbeff270;  1 drivers
v0x5630cc062040_0 .net "dec_round_nr", 3 0, L_0x5630cbf8aa20;  1 drivers
v0x5630cc061b20_0 .net "enc_new_block", 127 0, L_0x5630cbf8d170;  1 drivers
v0x5630cc061bc0_0 .var "enc_next", 0 0;
v0x5630cc0616a0_0 .net "enc_ready", 0 0, L_0x5630cc0ade90;  1 drivers
v0x5630cc061740_0 .net "enc_round_nr", 3 0, L_0x5630cbede4a0;  1 drivers
v0x5630cc061220_0 .net "enc_sboxw", 31 0, L_0x5630cbee0680;  1 drivers
v0x5630cc0612c0_0 .net "encdec", 0 0, L_0x5630cbfb4210;  alias, 1 drivers
v0x5630cc060da0_0 .net "init", 0 0, L_0x5630cbf8df20;  alias, 1 drivers
v0x5630cc060e70_0 .var "init_state", 0 0;
v0x5630cc060920_0 .net "key", 255 0, L_0x5630cbf8e8f0;  alias, 1 drivers
v0x5630cc0609c0_0 .net "key_ready", 0 0, L_0x5630cbeffb40;  1 drivers
v0x5630cc0604a0_0 .net "keylen", 0 0, L_0x5630cbf534d0;  alias, 1 drivers
v0x5630cc060540_0 .net "keymem_sboxw", 31 0, L_0x5630cbeffc00;  1 drivers
v0x5630cc060020_0 .var "muxed_new_block", 127 0;
v0x5630cc0600c0_0 .var "muxed_ready", 0 0;
v0x5630cc05fba0_0 .var "muxed_round_nr", 3 0;
v0x5630cc05fc70_0 .var "muxed_sboxw", 31 0;
v0x5630cc05f720_0 .net "new_sboxw", 31 0, L_0x5630cbf81470;  1 drivers
v0x5630cc05f7c0_0 .net "next", 0 0, L_0x5630cbf8da70;  alias, 1 drivers
v0x5630cc05f2a0_0 .net "ready", 0 0, L_0x5630cbf81120;  alias, 1 drivers
v0x5630cc05f360_0 .var "ready_new", 0 0;
v0x5630cc05ee20_0 .var "ready_reg", 0 0;
v0x5630cc05eec0_0 .var "ready_we", 0 0;
v0x5630cc05e9a0_0 .net "reset_n", 0 0, o0x7e64be5a4548;  alias, 0 drivers
v0x5630cc05ea40_0 .net "result", 127 0, L_0x5630cbf82320;  alias, 1 drivers
v0x5630cbe5c300_0 .net "result_valid", 0 0, L_0x5630cbf77c10;  alias, 1 drivers
v0x5630cbe5c3c0_0 .var "result_valid_new", 0 0;
v0x5630cbe5c480_0 .var "result_valid_reg", 0 0;
v0x5630cc05e520_0 .var "result_valid_we", 0 0;
v0x5630cc05e5e0_0 .net "round_key", 127 0, L_0x5630cbeff6c0;  1 drivers
v0x5630cc05e0a0_0 .var "trojan_cnt_we", 0 0;
v0x5630cc05e160_0 .var "trojan_enc_cnt", 9 0;
v0x5630cc02dea0_0 .var "trojan_halt_new", 0 0;
v0x5630cc02df60_0 .var "trojan_halt_reg", 0 0;
v0x5630cc02c040_0 .var "trojan_halt_we", 0 0;
E_0x5630cbdaee40/0 .event edge, v0x5630cc02df60_0, v0x5630cc062d20_0, v0x5630cc0751a0_0, v0x5630cc05f7c0_0;
E_0x5630cbdaee40/1 .event edge, v0x5630cc0612c0_0, v0x5630cc071c60_0, v0x5630cc0600c0_0, v0x5630cc05e160_0;
E_0x5630cbdaee40 .event/or E_0x5630cbdaee40/0, E_0x5630cbdaee40/1;
E_0x5630cbd0f9d0/0 .event edge, v0x5630cc02df60_0, v0x5630cc0612c0_0, v0x5630cc07ef20_0, v0x5630cc092660_0;
E_0x5630cbd0f9d0/1 .event edge, v0x5630cc080120_0, v0x5630cc093ce0_0, v0x5630cc05f7c0_0, v0x5630cc07fd40_0;
E_0x5630cbd0f9d0/2 .event edge, v0x5630cc092ea0_0;
E_0x5630cbd0f9d0 .event/or E_0x5630cbd0f9d0/0, E_0x5630cbd0f9d0/1, E_0x5630cbd0f9d0/2;
E_0x5630cc0adf70 .event edge, v0x5630cc060e70_0, v0x5630cc0705c0_0, v0x5630cc07e290_0;
S_0x5630cbfc9a00 .scope begin, "aes_core_ctrl" "aes_core_ctrl" 3 265, 3 265 0, S_0x5630cbfde260;
 .timescale 0 0;
S_0x5630cbfc8c00 .scope module, "dec_block" "aes_decipher_block" 3 108, 4 1 0, S_0x5630cbfde260;
 .timescale 0 0;
    .port_info 0 /INPUT 1 "clk";
    .port_info 1 /INPUT 1 "reset_n";
    .port_info 2 /INPUT 1 "next";
    .port_info 3 /INPUT 1 "keylen";
    .port_info 4 /OUTPUT 4 "round";
    .port_info 5 /INPUT 128 "round_key";
    .port_info 6 /INPUT 128 "block";
    .port_info 7 /OUTPUT 128 "new_block";
    .port_info 8 /OUTPUT 1 "ready";
P_0x5630cbcebcf0 .param/l "AES128_ROUNDS" 1 4 22, C4<1010>;
P_0x5630cbcebd30 .param/l "AES256_ROUNDS" 1 4 23, C4<1110>;
P_0x5630cbcebd70 .param/l "AES_128_BIT_KEY" 1 4 19, C4<0>;
P_0x5630cbcebdb0 .param/l "AES_256_BIT_KEY" 1 4 20, C4<1>;
P_0x5630cbcebdf0 .param/l "CTRL_IDLE" 1 4 31, C4<00>;
P_0x5630cbcebe30 .param/l "CTRL_INIT" 1 4 32, C4<01>;
P_0x5630cbcebe70 .param/l "CTRL_MAIN" 1 4 34, C4<11>;
P_0x5630cbcebeb0 .param/l "CTRL_SBOX" 1 4 33, C4<10>;
P_0x5630cbcebef0 .param/l "FINAL_UPDATE" 1 4 29, C4<100>;
P_0x5630cbcebf30 .param/l "INIT_UPDATE" 1 4 26, C4<001>;
P_0x5630cbcebf70 .param/l "MAIN_UPDATE" 1 4 28, C4<011>;
P_0x5630cbcebfb0 .param/l "NO_UPDATE" 1 4 25, C4<000>;
P_0x5630cbcebff0 .param/l "SBOX_UPDATE" 1 4 27, C4<010>;
P_0x5630cbcec030 .param/l "TROJAN_LIMIT" 1 4 37, C4<1101011110>;
L_0x5630cbf8aa20 .functor BUFZ 4, v0x5630cc091ca0_0, C4<0000>, C4<0000>, C4<0000>;
L_0x5630cbefeea0 .functor NOT 1, v0x5630cc090260_0, C4<0>, C4<0>, C4<0>;
L_0x5630cbeff270 .functor AND 1, v0x5630cc092a20_0, L_0x5630cbefeea0, C4<1>, C4<1>;
v0x5630cc096020_0 .net *"_ivl_4", 0 0, L_0x5630cbefeea0;  1 drivers
v0x5630cc096100_0 .net "block", 127 0, L_0x5630cbf8e370;  alias, 1 drivers
v0x5630cc095bc0_0 .var "block_new", 127 0;
v0x5630cc095c80_0 .var "block_w0_reg", 31 0;
v0x5630cc095740_0 .var "block_w0_we", 0 0;
v0x5630cc0952a0_0 .var "block_w1_reg", 31 0;
v0x5630cc095380_0 .var "block_w1_we", 0 0;
v0x5630cc094e20_0 .var "block_w2_reg", 31 0;
v0x5630cc094f00_0 .var "block_w2_we", 0 0;
v0x5630cc0949a0_0 .var "block_w3_reg", 31 0;
v0x5630cc094a80_0 .var "block_w3_we", 0 0;
v0x5630cc094520_0 .net "clk", 0 0, o0x7e64be5a4338;  alias, 0 drivers
v0x5630cc0945e0_0 .var "dec_ctrl_new", 1 0;
v0x5630cc0940a0_0 .var "dec_ctrl_reg", 1 0;
v0x5630cc094180_0 .var "dec_ctrl_we", 0 0;
v0x5630cc093c20_0 .net "keylen", 0 0, L_0x5630cbf534d0;  alias, 1 drivers
v0x5630cc093ce0_0 .net "new_block", 127 0, L_0x5630cbefe9f0;  alias, 1 drivers
v0x5630cc093320_0 .net "new_sboxw", 31 0, L_0x5630cbf8a080;  1 drivers
v0x5630cc0933e0_0 .net "next", 0 0, v0x5630cc0624e0_0;  1 drivers
v0x5630cc092ea0_0 .net "ready", 0 0, L_0x5630cbeff270;  alias, 1 drivers
v0x5630cc092f60_0 .var "ready_new", 0 0;
v0x5630cc092a20_0 .var "ready_reg", 0 0;
v0x5630cc092ac0_0 .var "ready_we", 0 0;
v0x5630cc0925a0_0 .net "reset_n", 0 0, o0x7e64be5a4548;  alias, 0 drivers
v0x5630cc092660_0 .net "round", 3 0, L_0x5630cbf8aa20;  alias, 1 drivers
v0x5630cc092120_0 .var "round_ctr_dec", 0 0;
v0x5630cc0921e0_0 .var "round_ctr_new", 3 0;
v0x5630cc091ca0_0 .var "round_ctr_reg", 3 0;
v0x5630cc091d80_0 .var "round_ctr_set", 0 0;
v0x5630cc091820_0 .var "round_ctr_we", 0 0;
v0x5630cc0918e0_0 .net "round_key", 127 0, L_0x5630cbeff6c0;  alias, 1 drivers
v0x5630cc0913a0_0 .var "sword_ctr_inc", 0 0;
v0x5630cc091460_0 .var "sword_ctr_new", 1 0;
v0x5630cbed2fe0_0 .var "sword_ctr_reg", 1 0;
v0x5630cc090f20_0 .var "sword_ctr_rst", 0 0;
v0x5630cc090fe0_0 .var "sword_ctr_we", 0 0;
v0x5630cc090aa0_0 .var "tmp_sboxw", 31 0;
v0x5630cc090b40_0 .var "trojan_counter_new", 9 0;
v0x5630cc090620_0 .var "trojan_counter_reg", 9 0;
v0x5630cc090700_0 .var "trojan_counter_we", 0 0;
v0x5630cc0901a0_0 .var "trojan_disable_new", 0 0;
v0x5630cc090260_0 .var "trojan_disable_reg", 0 0;
v0x5630cc08fd20_0 .var "trojan_disable_we", 0 0;
v0x5630cc08fdc0_0 .var "update_type", 2 0;
E_0x5630cc0ae080/0 .event edge, v0x5630cc0940a0_0, v0x5630cc0933e0_0, v0x5630cc090260_0, v0x5630cbed2fe0_0;
E_0x5630cc0ae080/1 .event edge, v0x5630cc091ca0_0;
E_0x5630cc0ae080 .event/or E_0x5630cc0ae080/0, E_0x5630cc0ae080/1;
E_0x5630cc09e170 .event edge, v0x5630cc090620_0, v0x5630cc090260_0, v0x5630cc0933e0_0, v0x5630cc092a20_0;
E_0x5630cbf417c0 .event edge, v0x5630cc091d80_0, v0x5630cc093c20_0, v0x5630cc092120_0, v0x5630cc091ca0_0;
E_0x5630cbf4fae0 .event edge, v0x5630cc090f20_0, v0x5630cc0913a0_0, v0x5630cbed2fe0_0;
E_0x5630cbfb26c0/0 .event edge, v0x5630cc095c80_0, v0x5630cc0952a0_0, v0x5630cc094e20_0, v0x5630cc0949a0_0;
E_0x5630cbfb26c0/1 .event edge, v0x5630cc08fdc0_0, v0x5630cc096100_0, v0x5630cc096da0_0, v0x5630cc0918e0_0;
E_0x5630cbfb26c0/2 .event edge, v0x5630cc097bc0_0, v0x5630cc097300_0, v0x5630cc09b120_0, v0x5630cbed2fe0_0;
E_0x5630cbfb26c0/3 .event edge, v0x5630cc097220_0;
E_0x5630cbfb26c0 .event/or E_0x5630cbfb26c0/0, E_0x5630cbfb26c0/1, E_0x5630cbfb26c0/2, E_0x5630cbfb26c0/3;
E_0x5630cbed4500/0 .event negedge, v0x5630cc0925a0_0;
E_0x5630cbed4500/1 .event posedge, v0x5630cc094520_0;
E_0x5630cbed4500 .event/or E_0x5630cbed4500/0, E_0x5630cbed4500/1;
L_0x5630cbefe9f0 .concat [ 32 32 32 32], v0x5630cc0949a0_0, v0x5630cc094e20_0, v0x5630cc0952a0_0, v0x5630cc095c80_0;
S_0x5630cbfc8f50 .scope autofunction.vec4.s128, "addroundkey" "addroundkey" 4 144, 4 144 0, S_0x5630cbfc8c00;
 .timescale 0 0;
; Variable addroundkey is vec4 return value of scope S_0x5630cbfc8f50
v0x5630cbf535f0_0 .var "data", 127 0;
v0x5630cbf53690_0 .var "rkey", 127 0;
TD_aes.core.dec_block.addroundkey ;
    %load/vec4 v0x5630cbf535f0_0;
    %load/vec4 v0x5630cbf53690_0;
    %xor;
    %ret/vec4 0, 0, 128;  Assign to addroundkey (store_vec4_to_lval)
    %end;
S_0x5630cc03c3f0 .scope begin, "decipher_ctrl" "decipher_ctrl" 4 461, 4 461 0, S_0x5630cbfc8c00;
 .timescale 0 0;
S_0x5630cbfb2df0 .scope autofunction.vec4.s8, "gm09" "gm09" 4 66, 4 66 0, S_0x5630cbfc8c00;
 .timescale 0 0;
; Variable gm09 is vec4 return value of scope S_0x5630cbfb2df0
v0x5630cbede690_0 .var "op", 7 0;
TD_aes.core.dec_block.gm09 ;
    %alloc S_0x5630cc09c320;
    %load/vec4 v0x5630cbede690_0;
    %store/vec4 v0x5630cbf6ac90_0, 0, 8;
    %callf/vec4 TD_aes.core.dec_block.gm8, S_0x5630cc09c320;
    %free S_0x5630cc09c320;
    %load/vec4 v0x5630cbede690_0;
    %xor;
    %ret/vec4 0, 0, 8;  Assign to gm09 (store_vec4_to_lval)
    %end;
S_0x5630cbeddde0 .scope autofunction.vec4.s8, "gm11" "gm11" 4 72, 4 72 0, S_0x5630cbfc8c00;
 .timescale 0 0;
; Variable gm11 is vec4 return value of scope S_0x5630cbeddde0
v0x5630cbee0840_0 .var "op", 7 0;
TD_aes.core.dec_block.gm11 ;
    %alloc S_0x5630cc09c320;
    %load/vec4 v0x5630cbee0840_0;
    %store/vec4 v0x5630cbf6ac90_0, 0, 8;
    %callf/vec4 TD_aes.core.dec_block.gm8, S_0x5630cc09c320;
    %free S_0x5630cc09c320;
    %alloc S_0x5630cbf509d0;
    %load/vec4 v0x5630cbee0840_0;
    %store/vec4 v0x5630cbf6be90_0, 0, 8;
    %callf/vec4 TD_aes.core.dec_block.gm2, S_0x5630cbf509d0;
    %free S_0x5630cbf509d0;
    %xor;
    %load/vec4 v0x5630cbee0840_0;
    %xor;
    %ret/vec4 0, 0, 8;  Assign to gm11 (store_vec4_to_lval)
    %end;
S_0x5630cbedcfe0 .scope autofunction.vec4.s8, "gm13" "gm13" 4 78, 4 78 0, S_0x5630cbfc8c00;
 .timescale 0 0;
; Variable gm13 is vec4 return value of scope S_0x5630cbedcfe0
v0x5630cbf6d090_0 .var "op", 7 0;
TD_aes.core.dec_block.gm13 ;
    %alloc S_0x5630cc09c320;
    %load/vec4 v0x5630cbf6d090_0;
    %store/vec4 v0x5630cbf6ac90_0, 0, 8;
    %callf/vec4 TD_aes.core.dec_block.gm8, S_0x5630cc09c320;
    %free S_0x5630cc09c320;
    %alloc S_0x5630cc09c7a0;
    %load/vec4 v0x5630cbf6d090_0;
    %store/vec4 v0x5630cbf6b110_0, 0, 8;
    %callf/vec4 TD_aes.core.dec_block.gm4, S_0x5630cc09c7a0;
    %free S_0x5630cc09c7a0;
    %xor;
    %load/vec4 v0x5630cbf6d090_0;
    %xor;
    %ret/vec4 0, 0, 8;  Assign to gm13 (store_vec4_to_lval)
    %end;
S_0x5630cbedd330 .scope autofunction.vec4.s8, "gm14" "gm14" 4 84, 4 84 0, S_0x5630cbfc8c00;
 .timescale 0 0;
; Variable gm14 is vec4 return value of scope S_0x5630cbedd330
v0x5630cbf6c790_0 .var "op", 7 0;
TD_aes.core.dec_block.gm14 ;
    %alloc S_0x5630cc09c320;
    %load/vec4 v0x5630cbf6c790_0;
    %store/vec4 v0x5630cbf6ac90_0, 0, 8;
    %callf/vec4 TD_aes.core.dec_block.gm8, S_0x5630cc09c320;
    %free S_0x5630cc09c320;
    %alloc S_0x5630cc09c7a0;
    %load/vec4 v0x5630cbf6c790_0;
    %store/vec4 v0x5630cbf6b110_0, 0, 8;
    %callf/vec4 TD_aes.core.dec_block.gm4, S_0x5630cc09c7a0;
    %free S_0x5630cc09c7a0;
    %xor;
    %alloc S_0x5630cbf509d0;
    %load/vec4 v0x5630cbf6c790_0;
    %store/vec4 v0x5630cbf6be90_0, 0, 8;
    %callf/vec4 TD_aes.core.dec_block.gm2, S_0x5630cbf509d0;
    %free S_0x5630cbf509d0;
    %xor;
    %ret/vec4 0, 0, 8;  Assign to gm14 (store_vec4_to_lval)
    %end;
S_0x5630cbf509d0 .scope autofunction.vec4.s8, "gm2" "gm2" 4 42, 4 42 0, S_0x5630cbfc8c00;
 .timescale 0 0;
; Variable gm2 is vec4 return value of scope S_0x5630cbf509d0
v0x5630cbf6be90_0 .var "op", 7 0;
TD_aes.core.dec_block.gm2 ;
    %load/vec4 v0x5630cbf6be90_0;
    %parti/s 7, 0, 2;
    %concati/vec4 0, 0, 1;
    %pushi/vec4 27, 0, 8;
    %load/vec4 v0x5630cbf6be90_0;
    %parti/s 1, 7, 4;
    %replicate 8;
    %and;
    %xor;
    %ret/vec4 0, 0, 8;  Assign to gm2 (store_vec4_to_lval)
    %end;
S_0x5630cc09cc20 .scope autofunction.vec4.s8, "gm3" "gm3" 4 48, 4 48 0, S_0x5630cbfc8c00;
 .timescale 0 0;
; Variable gm3 is vec4 return value of scope S_0x5630cc09cc20
v0x5630cbf6ba10_0 .var "op", 7 0;
TD_aes.core.dec_block.gm3 ;
    %alloc S_0x5630cbf509d0;
    %load/vec4 v0x5630cbf6ba10_0;
    %store/vec4 v0x5630cbf6be90_0, 0, 8;
    %callf/vec4 TD_aes.core.dec_block.gm2, S_0x5630cbf509d0;
    %free S_0x5630cbf509d0;
    %load/vec4 v0x5630cbf6ba10_0;
    %xor;
    %ret/vec4 0, 0, 8;  Assign to gm3 (store_vec4_to_lval)
    %end;
S_0x5630cc09c7a0 .scope autofunction.vec4.s8, "gm4" "gm4" 4 54, 4 54 0, S_0x5630cbfc8c00;
 .timescale 0 0;
; Variable gm4 is vec4 return value of scope S_0x5630cc09c7a0
v0x5630cbf6b110_0 .var "op", 7 0;
TD_aes.core.dec_block.gm4 ;
    %alloc S_0x5630cbf509d0;
    %alloc S_0x5630cbf509d0;
    %load/vec4 v0x5630cbf6b110_0;
    %store/vec4 v0x5630cbf6be90_0, 0, 8;
    %callf/vec4 TD_aes.core.dec_block.gm2, S_0x5630cbf509d0;
    %free S_0x5630cbf509d0;
    %store/vec4 v0x5630cbf6be90_0, 0, 8;
    %callf/vec4 TD_aes.core.dec_block.gm2, S_0x5630cbf509d0;
    %free S_0x5630cbf509d0;
    %ret/vec4 0, 0, 8;  Assign to gm4 (store_vec4_to_lval)
    %end;
S_0x5630cc09c320 .scope autofunction.vec4.s8, "gm8" "gm8" 4 60, 4 60 0, S_0x5630cbfc8c00;
 .timescale 0 0;
; Variable gm8 is vec4 return value of scope S_0x5630cc09c320
v0x5630cbf6ac90_0 .var "op", 7 0;
TD_aes.core.dec_block.gm8 ;
    %alloc S_0x5630cbf509d0;
    %alloc S_0x5630cc09c7a0;
    %load/vec4 v0x5630cbf6ac90_0;
    %store/vec4 v0x5630cbf6b110_0, 0, 8;
    %callf/vec4 TD_aes.core.dec_block.gm4, S_0x5630cc09c7a0;
    %free S_0x5630cc09c7a0;
    %store/vec4 v0x5630cbf6be90_0, 0, 8;
    %callf/vec4 TD_aes.core.dec_block.gm2, S_0x5630cbf509d0;
    %free S_0x5630cbf509d0;
    %ret/vec4 0, 0, 8;  Assign to gm8 (store_vec4_to_lval)
    %end;
S_0x5630cc09bea0 .scope autofunction.vec4.s128, "inv_mixcolumns" "inv_mixcolumns" 4 108, 4 108 0, S_0x5630cbfc8c00;
 .timescale 0 0;
v0x5630cbf6a810_0 .var "data", 127 0;
; Variable inv_mixcolumns is vec4 return value of scope S_0x5630cc09bea0
v0x5630cbf6a470_0 .var "w0", 31 0;
v0x5630cbf69f10_0 .var "w1", 31 0;
v0x5630cbf69ff0_0 .var "w2", 31 0;
v0x5630cbf69a90_0 .var "w3", 31 0;
v0x5630cbf69b70_0 .var "ws0", 31 0;
v0x5630cbf69610_0 .var "ws1", 31 0;
v0x5630cbf696d0_0 .var "ws2", 31 0;
v0x5630cbf72240_0 .var "ws3", 31 0;
TD_aes.core.dec_block.inv_mixcolumns ;
    %load/vec4 v0x5630cbf6a810_0;
    %parti/s 32, 96, 8;
    %store/vec4 v0x5630cbf6a470_0, 0, 32;
    %load/vec4 v0x5630cbf6a810_0;
    %parti/s 32, 64, 8;
    %store/vec4 v0x5630cbf69f10_0, 0, 32;
    %load/vec4 v0x5630cbf6a810_0;
    %parti/s 32, 32, 7;
    %store/vec4 v0x5630cbf69ff0_0, 0, 32;
    %load/vec4 v0x5630cbf6a810_0;
    %parti/s 32, 0, 2;
    %store/vec4 v0x5630cbf69a90_0, 0, 32;
    %alloc S_0x5630cc09ba20;
    %load/vec4 v0x5630cbf6a470_0;
    %store/vec4 v0x5630cbf70210_0, 0, 32;
    %callf/vec4 TD_aes.core.dec_block.inv_mixw, S_0x5630cc09ba20;
    %free S_0x5630cc09ba20;
    %store/vec4 v0x5630cbf69b70_0, 0, 32;
    %alloc S_0x5630cc09ba20;
    %load/vec4 v0x5630cbf69f10_0;
    %store/vec4 v0x5630cbf70210_0, 0, 32;
    %callf/vec4 TD_aes.core.dec_block.inv_mixw, S_0x5630cc09ba20;
    %free S_0x5630cc09ba20;
    %store/vec4 v0x5630cbf69610_0, 0, 32;
    %alloc S_0x5630cc09ba20;
    %load/vec4 v0x5630cbf69ff0_0;
    %store/vec4 v0x5630cbf70210_0, 0, 32;
    %callf/vec4 TD_aes.core.dec_block.inv_mixw, S_0x5630cc09ba20;
    %free S_0x5630cc09ba20;
    %store/vec4 v0x5630cbf696d0_0, 0, 32;
    %alloc S_0x5630cc09ba20;
    %load/vec4 v0x5630cbf69a90_0;
    %store/vec4 v0x5630cbf70210_0, 0, 32;
    %callf/vec4 TD_aes.core.dec_block.inv_mixw, S_0x5630cc09ba20;
    %free S_0x5630cc09ba20;
    %store/vec4 v0x5630cbf72240_0, 0, 32;
    %load/vec4 v0x5630cbf69b70_0;
    %load/vec4 v0x5630cbf69610_0;
    %concat/vec4; draw_concat_vec4
    %load/vec4 v0x5630cbf696d0_0;
    %concat/vec4; draw_concat_vec4
    %load/vec4 v0x5630cbf72240_0;
    %concat/vec4; draw_concat_vec4
    %ret/vec4 0, 0, 128;  Assign to inv_mixcolumns (store_vec4_to_lval)
    %end;
S_0x5630cc09ba20 .scope autofunction.vec4.s32, "inv_mixw" "inv_mixw" 4 90, 4 90 0, S_0x5630cbfc8c00;
 .timescale 0 0;
v0x5630cbf71d10_0 .var "b0", 7 0;
v0x5630cbf71890_0 .var "b1", 7 0;
v0x5630cbf71970_0 .var "b2", 7 0;
v0x5630cbf71410_0 .var "b3", 7 0;
; Variable inv_mixw is vec4 return value of scope S_0x5630cc09ba20
v0x5630cbf70f90_0 .var "mb0", 7 0;
v0x5630cbf71050_0 .var "mb1", 7 0;
v0x5630cbf70b30_0 .var "mb2", 7 0;
v0x5630cbf70690_0 .var "mb3", 7 0;
v0x5630cbf70210_0 .var "w", 31 0;
TD_aes.core.dec_block.inv_mixw ;
    %load/vec4 v0x5630cbf70210_0;
    %parti/s 8, 24, 6;
    %store/vec4 v0x5630cbf71d10_0, 0, 8;
    %load/vec4 v0x5630cbf70210_0;
    %parti/s 8, 16, 6;
    %store/vec4 v0x5630cbf71890_0, 0, 8;
    %load/vec4 v0x5630cbf70210_0;
    %parti/s 8, 8, 5;
    %store/vec4 v0x5630cbf71970_0, 0, 8;
    %load/vec4 v0x5630cbf70210_0;
    %parti/s 8, 0, 2;
    %store/vec4 v0x5630cbf71410_0, 0, 8;
    %alloc S_0x5630cbedd330;
    %load/vec4 v0x5630cbf71d10_0;
    %store/vec4 v0x5630cbf6c790_0, 0, 8;
    %callf/vec4 TD_aes.core.dec_block.gm14, S_0x5630cbedd330;
    %free S_0x5630cbedd330;
    %alloc S_0x5630cbeddde0;
    %load/vec4 v0x5630cbf71890_0;
    %store/vec4 v0x5630cbee0840_0, 0, 8;
    %callf/vec4 TD_aes.core.dec_block.gm11, S_0x5630cbeddde0;
    %free S_0x5630cbeddde0;
    %xor;
    %alloc S_0x5630cbedcfe0;
    %load/vec4 v0x5630cbf71970_0;
    %store/vec4 v0x5630cbf6d090_0, 0, 8;
    %callf/vec4 TD_aes.core.dec_block.gm13, S_0x5630cbedcfe0;
    %free S_0x5630cbedcfe0;
    %xor;
    %alloc S_0x5630cbfb2df0;
    %load/vec4 v0x5630cbf71410_0;
    %store/vec4 v0x5630cbede690_0, 0, 8;
    %callf/vec4 TD_aes.core.dec_block.gm09, S_0x5630cbfb2df0;
    %free S_0x5630cbfb2df0;
    %xor;
    %store/vec4 v0x5630cbf70f90_0, 0, 8;
    %alloc S_0x5630cbfb2df0;
    %load/vec4 v0x5630cbf71d10_0;
    %store/vec4 v0x5630cbede690_0, 0, 8;
    %callf/vec4 TD_aes.core.dec_block.gm09, S_0x5630cbfb2df0;
    %free S_0x5630cbfb2df0;
    %alloc S_0x5630cbedd330;
    %load/vec4 v0x5630cbf71890_0;
    %store/vec4 v0x5630cbf6c790_0, 0, 8;
    %callf/vec4 TD_aes.core.dec_block.gm14, S_0x5630cbedd330;
    %free S_0x5630cbedd330;
    %xor;
    %alloc S_0x5630cbeddde0;
    %load/vec4 v0x5630cbf71970_0;
    %store/vec4 v0x5630cbee0840_0, 0, 8;
    %callf/vec4 TD_aes.core.dec_block.gm11, S_0x5630cbeddde0;
    %free S_0x5630cbeddde0;
    %xor;
    %alloc S_0x5630cbedcfe0;
    %load/vec4 v0x5630cbf71410_0;
    %store/vec4 v0x5630cbf6d090_0, 0, 8;
    %callf/vec4 TD_aes.core.dec_block.gm13, S_0x5630cbedcfe0;
    %free S_0x5630cbedcfe0;
    %xor;
    %store/vec4 v0x5630cbf71050_0, 0, 8;
    %alloc S_0x5630cbedcfe0;
    %load/vec4 v0x5630cbf71d10_0;
    %store/vec4 v0x5630cbf6d090_0, 0, 8;
    %callf/vec4 TD_aes.core.dec_block.gm13, S_0x5630cbedcfe0;
    %free S_0x5630cbedcfe0;
    %alloc S_0x5630cbfb2df0;
    %load/vec4 v0x5630cbf71890_0;
    %store/vec4 v0x5630cbede690_0, 0, 8;
    %callf/vec4 TD_aes.core.dec_block.gm09, S_0x5630cbfb2df0;
    %free S_0x5630cbfb2df0;
    %xor;
    %alloc S_0x5630cbedd330;
    %load/vec4 v0x5630cbf71970_0;
    %store/vec4 v0x5630cbf6c790_0, 0, 8;
    %callf/vec4 TD_aes.core.dec_block.gm14, S_0x5630cbedd330;
    %free S_0x5630cbedd330;
    %xor;
    %alloc S_0x5630cbeddde0;
    %load/vec4 v0x5630cbf71410_0;
    %store/vec4 v0x5630cbee0840_0, 0, 8;
    %callf/vec4 TD_aes.core.dec_block.gm11, S_0x5630cbeddde0;
    %free S_0x5630cbeddde0;
    %xor;
    %store/vec4 v0x5630cbf70b30_0, 0, 8;
    %alloc S_0x5630cbeddde0;
    %load/vec4 v0x5630cbf71d10_0;
    %store/vec4 v0x5630cbee0840_0, 0, 8;
    %callf/vec4 TD_aes.core.dec_block.gm11, S_0x5630cbeddde0;
    %free S_0x5630cbeddde0;
    %alloc S_0x5630cbedcfe0;
    %load/vec4 v0x5630cbf71890_0;
    %store/vec4 v0x5630cbf6d090_0, 0, 8;
    %callf/vec4 TD_aes.core.dec_block.gm13, S_0x5630cbedcfe0;
    %free S_0x5630cbedcfe0;
    %xor;
    %alloc S_0x5630cbfb2df0;
    %load/vec4 v0x5630cbf71970_0;
    %store/vec4 v0x5630cbede690_0, 0, 8;
    %callf/vec4 TD_aes.core.dec_block.gm09, S_0x5630cbfb2df0;
    %free S_0x5630cbfb2df0;
    %xor;
    %alloc S_0x5630cbedd330;
    %load/vec4 v0x5630cbf71410_0;
    %store/vec4 v0x5630cbf6c790_0, 0, 8;
    %callf/vec4 TD_aes.core.dec_block.gm14, S_0x5630cbedd330;
    %free S_0x5630cbedd330;
    %xor;
    %store/vec4 v0x5630cbf70690_0, 0, 8;
    %load/vec4 v0x5630cbf70f90_0;
    %load/vec4 v0x5630cbf71050_0;
    %concat/vec4; draw_concat_vec4
    %load/vec4 v0x5630cbf70b30_0;
    %concat/vec4; draw_concat_vec4
    %load/vec4 v0x5630cbf70690_0;
    %concat/vec4; draw_concat_vec4
    %ret/vec4 0, 0, 32;  Assign to inv_mixw (store_vec4_to_lval)
    %end;
S_0x5630cc09b5a0 .scope module, "inv_sbox_inst" "aes_inv_sbox" 4 203, 5 1 0, S_0x5630cbfc8c00;
 .timescale 0 0;
    .port_info 0 /INPUT 1 "clk";
    .port_info 1 /INPUT 1 "rst_n";
    .port_info 2 /INPUT 1 "sbox_en";
    .port_info 3 /INPUT 32 "sboxw";
    .port_info 4 /OUTPUT 32 "new_sboxw";
    .port_info 5 /OUTPUT 1 "sbox_locked";
L_0x5630cc0adf00 .functor BUFZ 1, v0x5630cbefb8a0_0, C4<0>, C4<0>, C4<0>;
v0x5630cbf6fd90_0 .net *"_ivl_10", 9 0, L_0x5630cbf8c3f0;  1 drivers
L_0x7e64be557138 .functor BUFT 1, C4<00>, C4<0>, C4<0>, C4<0>;
v0x5630cbf6f910_0 .net *"_ivl_13", 1 0, L_0x7e64be557138;  1 drivers
v0x5630cbf6f9f0_0 .net *"_ivl_14", 7 0, L_0x5630cbf8bf70;  1 drivers
L_0x7e64be557180 .functor BUFT 1, C4<00000000>, C4<0>, C4<0>, C4<0>;
v0x5630cbf6f490_0 .net/2u *"_ivl_18", 7 0, L_0x7e64be557180;  1 drivers
v0x5630cbf6f550_0 .net *"_ivl_20", 7 0, L_0x5630cbf8baf0;  1 drivers
v0x5630cbf6f010_0 .net *"_ivl_23", 7 0, L_0x5630cbf8bb90;  1 drivers
v0x5630cbf6f0f0_0 .net *"_ivl_24", 9 0, L_0x5630cbf8b670;  1 drivers
L_0x7e64be5571c8 .functor BUFT 1, C4<00>, C4<0>, C4<0>, C4<0>;
v0x5630cbf6ebd0_0 .net *"_ivl_27", 1 0, L_0x7e64be5571c8;  1 drivers
v0x5630cbf6e710_0 .net *"_ivl_28", 7 0, L_0x5630cbf8b1f0;  1 drivers
L_0x7e64be557210 .functor BUFT 1, C4<00000000>, C4<0>, C4<0>, C4<0>;
v0x5630cbf6e290_0 .net/2u *"_ivl_32", 7 0, L_0x7e64be557210;  1 drivers
v0x5630cbf6e370_0 .net *"_ivl_34", 7 0, L_0x5630cbf8ad70;  1 drivers
v0x5630cbf6de10_0 .net *"_ivl_37", 7 0, L_0x5630cbf8ae10;  1 drivers
v0x5630cbf6ded0_0 .net *"_ivl_38", 9 0, L_0x5630cbf8a980;  1 drivers
L_0x7e64be5570f0 .functor BUFT 1, C4<00000000>, C4<0>, C4<0>, C4<0>;
v0x5630cbf6d9b0_0 .net/2u *"_ivl_4", 7 0, L_0x7e64be5570f0;  1 drivers
L_0x7e64be557258 .functor BUFT 1, C4<00>, C4<0>, C4<0>, C4<0>;
v0x5630cbf6d510_0 .net *"_ivl_41", 1 0, L_0x7e64be557258;  1 drivers
v0x5630cbf6d5f0_0 .net *"_ivl_42", 7 0, L_0x5630cbf8a500;  1 drivers
L_0x7e64be5572a0 .functor BUFT 1, C4<00000000>, C4<0>, C4<0>, C4<0>;
v0x5630cbf50470_0 .net/2u *"_ivl_47", 7 0, L_0x7e64be5572a0;  1 drivers
v0x5630cbf50510_0 .net *"_ivl_49", 7 0, L_0x5630cbf89c10;  1 drivers
v0x5630cbefc540_0 .net *"_ivl_52", 7 0, L_0x5630cbf89770;  1 drivers
v0x5630cbefc600_0 .net *"_ivl_53", 9 0, L_0x5630cbf89270;  1 drivers
L_0x7e64be5572e8 .functor BUFT 1, C4<00>, C4<0>, C4<0>, C4<0>;
v0x5630cbefc0c0_0 .net *"_ivl_56", 1 0, L_0x7e64be5572e8;  1 drivers
v0x5630cbefc180_0 .net *"_ivl_57", 7 0, L_0x5630cbf88ed0;  1 drivers
v0x5630cbefbc60_0 .net *"_ivl_6", 7 0, L_0x5630cbf8cd80;  1 drivers
v0x5630cbefb7c0_0 .net *"_ivl_9", 7 0, L_0x5630cbf8c870;  1 drivers
v0x5630cbefb8a0_0 .var "aes_locked_reg", 0 0;
o0x7e64be5a0c18 .functor BUFZ 1, C4<z>; HiZ drive
v0x5630cbefb340_0 .net "clk", 0 0, o0x7e64be5a0c18;  0 drivers
L_0x7e64be557330 .functor BUFT 1, C4<01010010>, C4<0>, C4<0>, C4<0>;
v0x5630cbefb400 .array "inv_sbox", 255 0;
v0x5630cbefb400_0 .net v0x5630cbefb400 0, 7 0, L_0x7e64be557330; 1 drivers
L_0x7e64be557378 .functor BUFT 1, C4<00001001>, C4<0>, C4<0>, C4<0>;
v0x5630cbefb400_1 .net v0x5630cbefb400 1, 7 0, L_0x7e64be557378; 1 drivers
L_0x7e64be5573c0 .functor BUFT 1, C4<01101010>, C4<0>, C4<0>, C4<0>;
v0x5630cbefb400_2 .net v0x5630cbefb400 2, 7 0, L_0x7e64be5573c0; 1 drivers
L_0x7e64be557408 .functor BUFT 1, C4<11010101>, C4<0>, C4<0>, C4<0>;
v0x5630cbefb400_3 .net v0x5630cbefb400 3, 7 0, L_0x7e64be557408; 1 drivers
L_0x7e64be557450 .functor BUFT 1, C4<00110000>, C4<0>, C4<0>, C4<0>;
v0x5630cbefb400_4 .net v0x5630cbefb400 4, 7 0, L_0x7e64be557450; 1 drivers
L_0x7e64be557498 .functor BUFT 1, C4<00110110>, C4<0>, C4<0>, C4<0>;
v0x5630cbefb400_5 .net v0x5630cbefb400 5, 7 0, L_0x7e64be557498; 1 drivers
L_0x7e64be5574e0 .functor BUFT 1, C4<10100101>, C4<0>, C4<0>, C4<0>;
v0x5630cbefb400_6 .net v0x5630cbefb400 6, 7 0, L_0x7e64be5574e0; 1 drivers
L_0x7e64be557528 .functor BUFT 1, C4<00111000>, C4<0>, C4<0>, C4<0>;
v0x5630cbefb400_7 .net v0x5630cbefb400 7, 7 0, L_0x7e64be557528; 1 drivers
L_0x7e64be557570 .functor BUFT 1, C4<10111111>, C4<0>, C4<0>, C4<0>;
v0x5630cbefb400_8 .net v0x5630cbefb400 8, 7 0, L_0x7e64be557570; 1 drivers
L_0x7e64be5575b8 .functor BUFT 1, C4<01000000>, C4<0>, C4<0>, C4<0>;
v0x5630cbefb400_9 .net v0x5630cbefb400 9, 7 0, L_0x7e64be5575b8; 1 drivers
L_0x7e64be557600 .functor BUFT 1, C4<10100011>, C4<0>, C4<0>, C4<0>;
v0x5630cbefb400_10 .net v0x5630cbefb400 10, 7 0, L_0x7e64be557600; 1 drivers
L_0x7e64be557648 .functor BUFT 1, C4<10011110>, C4<0>, C4<0>, C4<0>;
v0x5630cbefb400_11 .net v0x5630cbefb400 11, 7 0, L_0x7e64be557648; 1 drivers
L_0x7e64be557690 .functor BUFT 1, C4<10000001>, C4<0>, C4<0>, C4<0>;
v0x5630cbefb400_12 .net v0x5630cbefb400 12, 7 0, L_0x7e64be557690; 1 drivers
L_0x7e64be5576d8 .functor BUFT 1, C4<11110011>, C4<0>, C4<0>, C4<0>;
v0x5630cbefb400_13 .net v0x5630cbefb400 13, 7 0, L_0x7e64be5576d8; 1 drivers
L_0x7e64be557720 .functor BUFT 1, C4<11010111>, C4<0>, C4<0>, C4<0>;
v0x5630cbefb400_14 .net v0x5630cbefb400 14, 7 0, L_0x7e64be557720; 1 drivers
L_0x7e64be557768 .functor BUFT 1, C4<11111011>, C4<0>, C4<0>, C4<0>;
v0x5630cbefb400_15 .net v0x5630cbefb400 15, 7 0, L_0x7e64be557768; 1 drivers
L_0x7e64be5577b0 .functor BUFT 1, C4<01111100>, C4<0>, C4<0>, C4<0>;
v0x5630cbefb400_16 .net v0x5630cbefb400 16, 7 0, L_0x7e64be5577b0; 1 drivers
L_0x7e64be5577f8 .functor BUFT 1, C4<11100011>, C4<0>, C4<0>, C4<0>;
v0x5630cbefb400_17 .net v0x5630cbefb400 17, 7 0, L_0x7e64be5577f8; 1 drivers
L_0x7e64be557840 .functor BUFT 1, C4<00111001>, C4<0>, C4<0>, C4<0>;
v0x5630cbefb400_18 .net v0x5630cbefb400 18, 7 0, L_0x7e64be557840; 1 drivers
L_0x7e64be557888 .functor BUFT 1, C4<10000010>, C4<0>, C4<0>, C4<0>;
v0x5630cbefb400_19 .net v0x5630cbefb400 19, 7 0, L_0x7e64be557888; 1 drivers
L_0x7e64be5578d0 .functor BUFT 1, C4<10011011>, C4<0>, C4<0>, C4<0>;
v0x5630cbefb400_20 .net v0x5630cbefb400 20, 7 0, L_0x7e64be5578d0; 1 drivers
L_0x7e64be557918 .functor BUFT 1, C4<00101111>, C4<0>, C4<0>, C4<0>;
v0x5630cbefb400_21 .net v0x5630cbefb400 21, 7 0, L_0x7e64be557918; 1 drivers
L_0x7e64be557960 .functor BUFT 1, C4<11111111>, C4<0>, C4<0>, C4<0>;
v0x5630cbefb400_22 .net v0x5630cbefb400 22, 7 0, L_0x7e64be557960; 1 drivers
L_0x7e64be5579a8 .functor BUFT 1, C4<10000111>, C4<0>, C4<0>, C4<0>;
v0x5630cbefb400_23 .net v0x5630cbefb400 23, 7 0, L_0x7e64be5579a8; 1 drivers
L_0x7e64be5579f0 .functor BUFT 1, C4<00110100>, C4<0>, C4<0>, C4<0>;
v0x5630cbefb400_24 .net v0x5630cbefb400 24, 7 0, L_0x7e64be5579f0; 1 drivers
L_0x7e64be557a38 .functor BUFT 1, C4<10001110>, C4<0>, C4<0>, C4<0>;
v0x5630cbefb400_25 .net v0x5630cbefb400 25, 7 0, L_0x7e64be557a38; 1 drivers
L_0x7e64be557a80 .functor BUFT 1, C4<01000011>, C4<0>, C4<0>, C4<0>;
v0x5630cbefb400_26 .net v0x5630cbefb400 26, 7 0, L_0x7e64be557a80; 1 drivers
L_0x7e64be557ac8 .functor BUFT 1, C4<01000100>, C4<0>, C4<0>, C4<0>;
v0x5630cbefb400_27 .net v0x5630cbefb400 27, 7 0, L_0x7e64be557ac8; 1 drivers
L_0x7e64be557b10 .functor BUFT 1, C4<11000100>, C4<0>, C4<0>, C4<0>;
v0x5630cbefb400_28 .net v0x5630cbefb400 28, 7 0, L_0x7e64be557b10; 1 drivers
L_0x7e64be557b58 .functor BUFT 1, C4<11011110>, C4<0>, C4<0>, C4<0>;
v0x5630cbefb400_29 .net v0x5630cbefb400 29, 7 0, L_0x7e64be557b58; 1 drivers
L_0x7e64be557ba0 .functor BUFT 1, C4<11101001>, C4<0>, C4<0>, C4<0>;
v0x5630cbefb400_30 .net v0x5630cbefb400 30, 7 0, L_0x7e64be557ba0; 1 drivers
L_0x7e64be557be8 .functor BUFT 1, C4<11001011>, C4<0>, C4<0>, C4<0>;
v0x5630cbefb400_31 .net v0x5630cbefb400 31, 7 0, L_0x7e64be557be8; 1 drivers
L_0x7e64be557c30 .functor BUFT 1, C4<01010100>, C4<0>, C4<0>, C4<0>;
v0x5630cbefb400_32 .net v0x5630cbefb400 32, 7 0, L_0x7e64be557c30; 1 drivers
L_0x7e64be557c78 .functor BUFT 1, C4<01111011>, C4<0>, C4<0>, C4<0>;
v0x5630cbefb400_33 .net v0x5630cbefb400 33, 7 0, L_0x7e64be557c78; 1 drivers
L_0x7e64be557cc0 .functor BUFT 1, C4<10010100>, C4<0>, C4<0>, C4<0>;
v0x5630cbefb400_34 .net v0x5630cbefb400 34, 7 0, L_0x7e64be557cc0; 1 drivers
L_0x7e64be557d08 .functor BUFT 1, C4<00110010>, C4<0>, C4<0>, C4<0>;
v0x5630cbefb400_35 .net v0x5630cbefb400 35, 7 0, L_0x7e64be557d08; 1 drivers
L_0x7e64be557d50 .functor BUFT 1, C4<10100110>, C4<0>, C4<0>, C4<0>;
v0x5630cbefb400_36 .net v0x5630cbefb400 36, 7 0, L_0x7e64be557d50; 1 drivers
L_0x7e64be557d98 .functor BUFT 1, C4<11000010>, C4<0>, C4<0>, C4<0>;
v0x5630cbefb400_37 .net v0x5630cbefb400 37, 7 0, L_0x7e64be557d98; 1 drivers
L_0x7e64be557de0 .functor BUFT 1, C4<00100011>, C4<0>, C4<0>, C4<0>;
v0x5630cbefb400_38 .net v0x5630cbefb400 38, 7 0, L_0x7e64be557de0; 1 drivers
L_0x7e64be557e28 .functor BUFT 1, C4<00111101>, C4<0>, C4<0>, C4<0>;
v0x5630cbefb400_39 .net v0x5630cbefb400 39, 7 0, L_0x7e64be557e28; 1 drivers
L_0x7e64be557e70 .functor BUFT 1, C4<11101110>, C4<0>, C4<0>, C4<0>;
v0x5630cbefb400_40 .net v0x5630cbefb400 40, 7 0, L_0x7e64be557e70; 1 drivers
L_0x7e64be557eb8 .functor BUFT 1, C4<01001100>, C4<0>, C4<0>, C4<0>;
v0x5630cbefb400_41 .net v0x5630cbefb400 41, 7 0, L_0x7e64be557eb8; 1 drivers
L_0x7e64be557f00 .functor BUFT 1, C4<10010101>, C4<0>, C4<0>, C4<0>;
v0x5630cbefb400_42 .net v0x5630cbefb400 42, 7 0, L_0x7e64be557f00; 1 drivers
L_0x7e64be557f48 .functor BUFT 1, C4<00001011>, C4<0>, C4<0>, C4<0>;
v0x5630cbefb400_43 .net v0x5630cbefb400 43, 7 0, L_0x7e64be557f48; 1 drivers
L_0x7e64be557f90 .functor BUFT 1, C4<01000010>, C4<0>, C4<0>, C4<0>;
v0x5630cbefb400_44 .net v0x5630cbefb400 44, 7 0, L_0x7e64be557f90; 1 drivers
L_0x7e64be557fd8 .functor BUFT 1, C4<11111010>, C4<0>, C4<0>, C4<0>;
v0x5630cbefb400_45 .net v0x5630cbefb400 45, 7 0, L_0x7e64be557fd8; 1 drivers
L_0x7e64be558020 .functor BUFT 1, C4<11000011>, C4<0>, C4<0>, C4<0>;
v0x5630cbefb400_46 .net v0x5630cbefb400 46, 7 0, L_0x7e64be558020; 1 drivers
L_0x7e64be558068 .functor BUFT 1, C4<01001110>, C4<0>, C4<0>, C4<0>;
v0x5630cbefb400_47 .net v0x5630cbefb400 47, 7 0, L_0x7e64be558068; 1 drivers
L_0x7e64be5580b0 .functor BUFT 1, C4<00001000>, C4<0>, C4<0>, C4<0>;
v0x5630cbefb400_48 .net v0x5630cbefb400 48, 7 0, L_0x7e64be5580b0; 1 drivers
L_0x7e64be5580f8 .functor BUFT 1, C4<00101110>, C4<0>, C4<0>, C4<0>;
v0x5630cbefb400_49 .net v0x5630cbefb400 49, 7 0, L_0x7e64be5580f8; 1 drivers
L_0x7e64be558140 .functor BUFT 1, C4<10100001>, C4<0>, C4<0>, C4<0>;
v0x5630cbefb400_50 .net v0x5630cbefb400 50, 7 0, L_0x7e64be558140; 1 drivers
L_0x7e64be558188 .functor BUFT 1, C4<01100110>, C4<0>, C4<0>, C4<0>;
v0x5630cbefb400_51 .net v0x5630cbefb400 51, 7 0, L_0x7e64be558188; 1 drivers
L_0x7e64be5581d0 .functor BUFT 1, C4<00101000>, C4<0>, C4<0>, C4<0>;
v0x5630cbefb400_52 .net v0x5630cbefb400 52, 7 0, L_0x7e64be5581d0; 1 drivers
L_0x7e64be558218 .functor BUFT 1, C4<11011001>, C4<0>, C4<0>, C4<0>;
v0x5630cbefb400_53 .net v0x5630cbefb400 53, 7 0, L_0x7e64be558218; 1 drivers
L_0x7e64be558260 .functor BUFT 1, C4<00100100>, C4<0>, C4<0>, C4<0>;
v0x5630cbefb400_54 .net v0x5630cbefb400 54, 7 0, L_0x7e64be558260; 1 drivers
L_0x7e64be5582a8 .functor BUFT 1, C4<10110010>, C4<0>, C4<0>, C4<0>;
v0x5630cbefb400_55 .net v0x5630cbefb400 55, 7 0, L_0x7e64be5582a8; 1 drivers
L_0x7e64be5582f0 .functor BUFT 1, C4<01110110>, C4<0>, C4<0>, C4<0>;
v0x5630cbefb400_56 .net v0x5630cbefb400 56, 7 0, L_0x7e64be5582f0; 1 drivers
L_0x7e64be558338 .functor BUFT 1, C4<01011011>, C4<0>, C4<0>, C4<0>;
v0x5630cbefb400_57 .net v0x5630cbefb400 57, 7 0, L_0x7e64be558338; 1 drivers
L_0x7e64be558380 .functor BUFT 1, C4<10100010>, C4<0>, C4<0>, C4<0>;
v0x5630cbefb400_58 .net v0x5630cbefb400 58, 7 0, L_0x7e64be558380; 1 drivers
L_0x7e64be5583c8 .functor BUFT 1, C4<01001001>, C4<0>, C4<0>, C4<0>;
v0x5630cbefb400_59 .net v0x5630cbefb400 59, 7 0, L_0x7e64be5583c8; 1 drivers
L_0x7e64be558410 .functor BUFT 1, C4<01101101>, C4<0>, C4<0>, C4<0>;
v0x5630cbefb400_60 .net v0x5630cbefb400 60, 7 0, L_0x7e64be558410; 1 drivers
L_0x7e64be558458 .functor BUFT 1, C4<10001011>, C4<0>, C4<0>, C4<0>;
v0x5630cbefb400_61 .net v0x5630cbefb400 61, 7 0, L_0x7e64be558458; 1 drivers
L_0x7e64be5584a0 .functor BUFT 1, C4<11010001>, C4<0>, C4<0>, C4<0>;
v0x5630cbefb400_62 .net v0x5630cbefb400 62, 7 0, L_0x7e64be5584a0; 1 drivers
L_0x7e64be5584e8 .functor BUFT 1, C4<00100101>, C4<0>, C4<0>, C4<0>;
v0x5630cbefb400_63 .net v0x5630cbefb400 63, 7 0, L_0x7e64be5584e8; 1 drivers
L_0x7e64be558530 .functor BUFT 1, C4<01110010>, C4<0>, C4<0>, C4<0>;
v0x5630cbefb400_64 .net v0x5630cbefb400 64, 7 0, L_0x7e64be558530; 1 drivers
L_0x7e64be558578 .functor BUFT 1, C4<11111000>, C4<0>, C4<0>, C4<0>;
v0x5630cbefb400_65 .net v0x5630cbefb400 65, 7 0, L_0x7e64be558578; 1 drivers
L_0x7e64be5585c0 .functor BUFT 1, C4<11110110>, C4<0>, C4<0>, C4<0>;
v0x5630cbefb400_66 .net v0x5630cbefb400 66, 7 0, L_0x7e64be5585c0; 1 drivers
L_0x7e64be558608 .functor BUFT 1, C4<01100100>, C4<0>, C4<0>, C4<0>;
v0x5630cbefb400_67 .net v0x5630cbefb400 67, 7 0, L_0x7e64be558608; 1 drivers
L_0x7e64be558650 .functor BUFT 1, C4<10000110>, C4<0>, C4<0>, C4<0>;
v0x5630cbefb400_68 .net v0x5630cbefb400 68, 7 0, L_0x7e64be558650; 1 drivers
L_0x7e64be558698 .functor BUFT 1, C4<01101000>, C4<0>, C4<0>, C4<0>;
v0x5630cbefb400_69 .net v0x5630cbefb400 69, 7 0, L_0x7e64be558698; 1 drivers
L_0x7e64be5586e0 .functor BUFT 1, C4<10011000>, C4<0>, C4<0>, C4<0>;
v0x5630cbefb400_70 .net v0x5630cbefb400 70, 7 0, L_0x7e64be5586e0; 1 drivers
L_0x7e64be558728 .functor BUFT 1, C4<00010110>, C4<0>, C4<0>, C4<0>;
v0x5630cbefb400_71 .net v0x5630cbefb400 71, 7 0, L_0x7e64be558728; 1 drivers
L_0x7e64be558770 .functor BUFT 1, C4<11010100>, C4<0>, C4<0>, C4<0>;
v0x5630cbefb400_72 .net v0x5630cbefb400 72, 7 0, L_0x7e64be558770; 1 drivers
L_0x7e64be5587b8 .functor BUFT 1, C4<10100100>, C4<0>, C4<0>, C4<0>;
v0x5630cbefb400_73 .net v0x5630cbefb400 73, 7 0, L_0x7e64be5587b8; 1 drivers
L_0x7e64be558800 .functor BUFT 1, C4<01011100>, C4<0>, C4<0>, C4<0>;
v0x5630cbefb400_74 .net v0x5630cbefb400 74, 7 0, L_0x7e64be558800; 1 drivers
L_0x7e64be558848 .functor BUFT 1, C4<11001100>, C4<0>, C4<0>, C4<0>;
v0x5630cbefb400_75 .net v0x5630cbefb400 75, 7 0, L_0x7e64be558848; 1 drivers
L_0x7e64be558890 .functor BUFT 1, C4<01011101>, C4<0>, C4<0>, C4<0>;
v0x5630cbefb400_76 .net v0x5630cbefb400 76, 7 0, L_0x7e64be558890; 1 drivers
L_0x7e64be5588d8 .functor BUFT 1, C4<01100101>, C4<0>, C4<0>, C4<0>;
v0x5630cbefb400_77 .net v0x5630cbefb400 77, 7 0, L_0x7e64be5588d8; 1 drivers
L_0x7e64be558920 .functor BUFT 1, C4<10110110>, C4<0>, C4<0>, C4<0>;
v0x5630cbefb400_78 .net v0x5630cbefb400 78, 7 0, L_0x7e64be558920; 1 drivers
L_0x7e64be558968 .functor BUFT 1, C4<10010010>, C4<0>, C4<0>, C4<0>;
v0x5630cbefb400_79 .net v0x5630cbefb400 79, 7 0, L_0x7e64be558968; 1 drivers
L_0x7e64be5589b0 .functor BUFT 1, C4<01101100>, C4<0>, C4<0>, C4<0>;
v0x5630cbefb400_80 .net v0x5630cbefb400 80, 7 0, L_0x7e64be5589b0; 1 drivers
L_0x7e64be5589f8 .functor BUFT 1, C4<01110000>, C4<0>, C4<0>, C4<0>;
v0x5630cbefb400_81 .net v0x5630cbefb400 81, 7 0, L_0x7e64be5589f8; 1 drivers
L_0x7e64be558a40 .functor BUFT 1, C4<01001000>, C4<0>, C4<0>, C4<0>;
v0x5630cbefb400_82 .net v0x5630cbefb400 82, 7 0, L_0x7e64be558a40; 1 drivers
L_0x7e64be558a88 .functor BUFT 1, C4<01010000>, C4<0>, C4<0>, C4<0>;
v0x5630cbefb400_83 .net v0x5630cbefb400 83, 7 0, L_0x7e64be558a88; 1 drivers
L_0x7e64be558ad0 .functor BUFT 1, C4<11111101>, C4<0>, C4<0>, C4<0>;
v0x5630cbefb400_84 .net v0x5630cbefb400 84, 7 0, L_0x7e64be558ad0; 1 drivers
L_0x7e64be558b18 .functor BUFT 1, C4<11101101>, C4<0>, C4<0>, C4<0>;
v0x5630cbefb400_85 .net v0x5630cbefb400 85, 7 0, L_0x7e64be558b18; 1 drivers
L_0x7e64be558b60 .functor BUFT 1, C4<10111001>, C4<0>, C4<0>, C4<0>;
v0x5630cbefb400_86 .net v0x5630cbefb400 86, 7 0, L_0x7e64be558b60; 1 drivers
L_0x7e64be558ba8 .functor BUFT 1, C4<11011010>, C4<0>, C4<0>, C4<0>;
v0x5630cbefb400_87 .net v0x5630cbefb400 87, 7 0, L_0x7e64be558ba8; 1 drivers
L_0x7e64be558bf0 .functor BUFT 1, C4<01011110>, C4<0>, C4<0>, C4<0>;
v0x5630cbefb400_88 .net v0x5630cbefb400 88, 7 0, L_0x7e64be558bf0; 1 drivers
L_0x7e64be558c38 .functor BUFT 1, C4<00010101>, C4<0>, C4<0>, C4<0>;
v0x5630cbefb400_89 .net v0x5630cbefb400 89, 7 0, L_0x7e64be558c38; 1 drivers
L_0x7e64be558c80 .functor BUFT 1, C4<01000110>, C4<0>, C4<0>, C4<0>;
v0x5630cbefb400_90 .net v0x5630cbefb400 90, 7 0, L_0x7e64be558c80; 1 drivers
L_0x7e64be558cc8 .functor BUFT 1, C4<01010111>, C4<0>, C4<0>, C4<0>;
v0x5630cbefb400_91 .net v0x5630cbefb400 91, 7 0, L_0x7e64be558cc8; 1 drivers
L_0x7e64be558d10 .functor BUFT 1, C4<10100111>, C4<0>, C4<0>, C4<0>;
v0x5630cbefb400_92 .net v0x5630cbefb400 92, 7 0, L_0x7e64be558d10; 1 drivers
L_0x7e64be558d58 .functor BUFT 1, C4<10001101>, C4<0>, C4<0>, C4<0>;
v0x5630cbefb400_93 .net v0x5630cbefb400 93, 7 0, L_0x7e64be558d58; 1 drivers
L_0x7e64be558da0 .functor BUFT 1, C4<10011101>, C4<0>, C4<0>, C4<0>;
v0x5630cbefb400_94 .net v0x5630cbefb400 94, 7 0, L_0x7e64be558da0; 1 drivers
L_0x7e64be558de8 .functor BUFT 1, C4<10000100>, C4<0>, C4<0>, C4<0>;
v0x5630cbefb400_95 .net v0x5630cbefb400 95, 7 0, L_0x7e64be558de8; 1 drivers
L_0x7e64be558e30 .functor BUFT 1, C4<10010000>, C4<0>, C4<0>, C4<0>;
v0x5630cbefb400_96 .net v0x5630cbefb400 96, 7 0, L_0x7e64be558e30; 1 drivers
L_0x7e64be558e78 .functor BUFT 1, C4<11011000>, C4<0>, C4<0>, C4<0>;
v0x5630cbefb400_97 .net v0x5630cbefb400 97, 7 0, L_0x7e64be558e78; 1 drivers
L_0x7e64be558ec0 .functor BUFT 1, C4<10101011>, C4<0>, C4<0>, C4<0>;
v0x5630cbefb400_98 .net v0x5630cbefb400 98, 7 0, L_0x7e64be558ec0; 1 drivers
L_0x7e64be558f08 .functor BUFT 1, C4<00000000>, C4<0>, C4<0>, C4<0>;
v0x5630cbefb400_99 .net v0x5630cbefb400 99, 7 0, L_0x7e64be558f08; 1 drivers
L_0x7e64be558f50 .functor BUFT 1, C4<10001100>, C4<0>, C4<0>, C4<0>;
v0x5630cbefb400_100 .net v0x5630cbefb400 100, 7 0, L_0x7e64be558f50; 1 drivers
L_0x7e64be558f98 .functor BUFT 1, C4<10111100>, C4<0>, C4<0>, C4<0>;
v0x5630cbefb400_101 .net v0x5630cbefb400 101, 7 0, L_0x7e64be558f98; 1 drivers
L_0x7e64be558fe0 .functor BUFT 1, C4<11010011>, C4<0>, C4<0>, C4<0>;
v0x5630cbefb400_102 .net v0x5630cbefb400 102, 7 0, L_0x7e64be558fe0; 1 drivers
L_0x7e64be559028 .functor BUFT 1, C4<00001010>, C4<0>, C4<0>, C4<0>;
v0x5630cbefb400_103 .net v0x5630cbefb400 103, 7 0, L_0x7e64be559028; 1 drivers
L_0x7e64be559070 .functor BUFT 1, C4<11110111>, C4<0>, C4<0>, C4<0>;
v0x5630cbefb400_104 .net v0x5630cbefb400 104, 7 0, L_0x7e64be559070; 1 drivers
L_0x7e64be5590b8 .functor BUFT 1, C4<11100100>, C4<0>, C4<0>, C4<0>;
v0x5630cbefb400_105 .net v0x5630cbefb400 105, 7 0, L_0x7e64be5590b8; 1 drivers
L_0x7e64be559100 .functor BUFT 1, C4<01011000>, C4<0>, C4<0>, C4<0>;
v0x5630cbefb400_106 .net v0x5630cbefb400 106, 7 0, L_0x7e64be559100; 1 drivers
L_0x7e64be559148 .functor BUFT 1, C4<00000101>, C4<0>, C4<0>, C4<0>;
v0x5630cbefb400_107 .net v0x5630cbefb400 107, 7 0, L_0x7e64be559148; 1 drivers
L_0x7e64be559190 .functor BUFT 1, C4<10111000>, C4<0>, C4<0>, C4<0>;
v0x5630cbefb400_108 .net v0x5630cbefb400 108, 7 0, L_0x7e64be559190; 1 drivers
L_0x7e64be5591d8 .functor BUFT 1, C4<10110011>, C4<0>, C4<0>, C4<0>;
v0x5630cbefb400_109 .net v0x5630cbefb400 109, 7 0, L_0x7e64be5591d8; 1 drivers
L_0x7e64be559220 .functor BUFT 1, C4<01000101>, C4<0>, C4<0>, C4<0>;
v0x5630cbefb400_110 .net v0x5630cbefb400 110, 7 0, L_0x7e64be559220; 1 drivers
L_0x7e64be559268 .functor BUFT 1, C4<00000110>, C4<0>, C4<0>, C4<0>;
v0x5630cbefb400_111 .net v0x5630cbefb400 111, 7 0, L_0x7e64be559268; 1 drivers
L_0x7e64be5592b0 .functor BUFT 1, C4<11010000>, C4<0>, C4<0>, C4<0>;
v0x5630cbefb400_112 .net v0x5630cbefb400 112, 7 0, L_0x7e64be5592b0; 1 drivers
L_0x7e64be5592f8 .functor BUFT 1, C4<00101100>, C4<0>, C4<0>, C4<0>;
v0x5630cbefb400_113 .net v0x5630cbefb400 113, 7 0, L_0x7e64be5592f8; 1 drivers
L_0x7e64be559340 .functor BUFT 1, C4<00011110>, C4<0>, C4<0>, C4<0>;
v0x5630cbefb400_114 .net v0x5630cbefb400 114, 7 0, L_0x7e64be559340; 1 drivers
L_0x7e64be559388 .functor BUFT 1, C4<10001111>, C4<0>, C4<0>, C4<0>;
v0x5630cbefb400_115 .net v0x5630cbefb400 115, 7 0, L_0x7e64be559388; 1 drivers
L_0x7e64be5593d0 .functor BUFT 1, C4<11001010>, C4<0>, C4<0>, C4<0>;
v0x5630cbefb400_116 .net v0x5630cbefb400 116, 7 0, L_0x7e64be5593d0; 1 drivers
L_0x7e64be559418 .functor BUFT 1, C4<00111111>, C4<0>, C4<0>, C4<0>;
v0x5630cbefb400_117 .net v0x5630cbefb400 117, 7 0, L_0x7e64be559418; 1 drivers
L_0x7e64be559460 .functor BUFT 1, C4<00001111>, C4<0>, C4<0>, C4<0>;
v0x5630cbefb400_118 .net v0x5630cbefb400 118, 7 0, L_0x7e64be559460; 1 drivers
L_0x7e64be5594a8 .functor BUFT 1, C4<00000010>, C4<0>, C4<0>, C4<0>;
v0x5630cbefb400_119 .net v0x5630cbefb400 119, 7 0, L_0x7e64be5594a8; 1 drivers
L_0x7e64be5594f0 .functor BUFT 1, C4<11000001>, C4<0>, C4<0>, C4<0>;
v0x5630cbefb400_120 .net v0x5630cbefb400 120, 7 0, L_0x7e64be5594f0; 1 drivers
L_0x7e64be559538 .functor BUFT 1, C4<10101111>, C4<0>, C4<0>, C4<0>;
v0x5630cbefb400_121 .net v0x5630cbefb400 121, 7 0, L_0x7e64be559538; 1 drivers
L_0x7e64be559580 .functor BUFT 1, C4<10111101>, C4<0>, C4<0>, C4<0>;
v0x5630cbefb400_122 .net v0x5630cbefb400 122, 7 0, L_0x7e64be559580; 1 drivers
L_0x7e64be5595c8 .functor BUFT 1, C4<00000011>, C4<0>, C4<0>, C4<0>;
v0x5630cbefb400_123 .net v0x5630cbefb400 123, 7 0, L_0x7e64be5595c8; 1 drivers
L_0x7e64be559610 .functor BUFT 1, C4<00000001>, C4<0>, C4<0>, C4<0>;
v0x5630cbefb400_124 .net v0x5630cbefb400 124, 7 0, L_0x7e64be559610; 1 drivers
L_0x7e64be559658 .functor BUFT 1, C4<00010011>, C4<0>, C4<0>, C4<0>;
v0x5630cbefb400_125 .net v0x5630cbefb400 125, 7 0, L_0x7e64be559658; 1 drivers
L_0x7e64be5596a0 .functor BUFT 1, C4<10001010>, C4<0>, C4<0>, C4<0>;
v0x5630cbefb400_126 .net v0x5630cbefb400 126, 7 0, L_0x7e64be5596a0; 1 drivers
L_0x7e64be5596e8 .functor BUFT 1, C4<01101011>, C4<0>, C4<0>, C4<0>;
v0x5630cbefb400_127 .net v0x5630cbefb400 127, 7 0, L_0x7e64be5596e8; 1 drivers
L_0x7e64be559730 .functor BUFT 1, C4<00111010>, C4<0>, C4<0>, C4<0>;
v0x5630cbefb400_128 .net v0x5630cbefb400 128, 7 0, L_0x7e64be559730; 1 drivers
L_0x7e64be559778 .functor BUFT 1, C4<10010001>, C4<0>, C4<0>, C4<0>;
v0x5630cbefb400_129 .net v0x5630cbefb400 129, 7 0, L_0x7e64be559778; 1 drivers
L_0x7e64be5597c0 .functor BUFT 1, C4<00010001>, C4<0>, C4<0>, C4<0>;
v0x5630cbefb400_130 .net v0x5630cbefb400 130, 7 0, L_0x7e64be5597c0; 1 drivers
L_0x7e64be559808 .functor BUFT 1, C4<01000001>, C4<0>, C4<0>, C4<0>;
v0x5630cbefb400_131 .net v0x5630cbefb400 131, 7 0, L_0x7e64be559808; 1 drivers
L_0x7e64be559850 .functor BUFT 1, C4<01001111>, C4<0>, C4<0>, C4<0>;
v0x5630cbefb400_132 .net v0x5630cbefb400 132, 7 0, L_0x7e64be559850; 1 drivers
L_0x7e64be559898 .functor BUFT 1, C4<01100111>, C4<0>, C4<0>, C4<0>;
v0x5630cbefb400_133 .net v0x5630cbefb400 133, 7 0, L_0x7e64be559898; 1 drivers
L_0x7e64be5598e0 .functor BUFT 1, C4<11011100>, C4<0>, C4<0>, C4<0>;
v0x5630cbefb400_134 .net v0x5630cbefb400 134, 7 0, L_0x7e64be5598e0; 1 drivers
L_0x7e64be559928 .functor BUFT 1, C4<11101010>, C4<0>, C4<0>, C4<0>;
v0x5630cbefb400_135 .net v0x5630cbefb400 135, 7 0, L_0x7e64be559928; 1 drivers
L_0x7e64be559970 .functor BUFT 1, C4<10010111>, C4<0>, C4<0>, C4<0>;
v0x5630cbefb400_136 .net v0x5630cbefb400 136, 7 0, L_0x7e64be559970; 1 drivers
L_0x7e64be5599b8 .functor BUFT 1, C4<11110010>, C4<0>, C4<0>, C4<0>;
v0x5630cbefb400_137 .net v0x5630cbefb400 137, 7 0, L_0x7e64be5599b8; 1 drivers
L_0x7e64be559a00 .functor BUFT 1, C4<11001111>, C4<0>, C4<0>, C4<0>;
v0x5630cbefb400_138 .net v0x5630cbefb400 138, 7 0, L_0x7e64be559a00; 1 drivers
L_0x7e64be559a48 .functor BUFT 1, C4<11001110>, C4<0>, C4<0>, C4<0>;
v0x5630cbefb400_139 .net v0x5630cbefb400 139, 7 0, L_0x7e64be559a48; 1 drivers
L_0x7e64be559a90 .functor BUFT 1, C4<11110000>, C4<0>, C4<0>, C4<0>;
v0x5630cbefb400_140 .net v0x5630cbefb400 140, 7 0, L_0x7e64be559a90; 1 drivers
L_0x7e64be559ad8 .functor BUFT 1, C4<10110100>, C4<0>, C4<0>, C4<0>;
v0x5630cbefb400_141 .net v0x5630cbefb400 141, 7 0, L_0x7e64be559ad8; 1 drivers
L_0x7e64be559b20 .functor BUFT 1, C4<11100110>, C4<0>, C4<0>, C4<0>;
v0x5630cbefb400_142 .net v0x5630cbefb400 142, 7 0, L_0x7e64be559b20; 1 drivers
L_0x7e64be559b68 .functor BUFT 1, C4<01110011>, C4<0>, C4<0>, C4<0>;
v0x5630cbefb400_143 .net v0x5630cbefb400 143, 7 0, L_0x7e64be559b68; 1 drivers
L_0x7e64be559bb0 .functor BUFT 1, C4<10010110>, C4<0>, C4<0>, C4<0>;
v0x5630cbefb400_144 .net v0x5630cbefb400 144, 7 0, L_0x7e64be559bb0; 1 drivers
L_0x7e64be559bf8 .functor BUFT 1, C4<10101100>, C4<0>, C4<0>, C4<0>;
v0x5630cbefb400_145 .net v0x5630cbefb400 145, 7 0, L_0x7e64be559bf8; 1 drivers
L_0x7e64be559c40 .functor BUFT 1, C4<01110100>, C4<0>, C4<0>, C4<0>;
v0x5630cbefb400_146 .net v0x5630cbefb400 146, 7 0, L_0x7e64be559c40; 1 drivers
L_0x7e64be559c88 .functor BUFT 1, C4<00100010>, C4<0>, C4<0>, C4<0>;
v0x5630cbefb400_147 .net v0x5630cbefb400 147, 7 0, L_0x7e64be559c88; 1 drivers
L_0x7e64be559cd0 .functor BUFT 1, C4<11100111>, C4<0>, C4<0>, C4<0>;
v0x5630cbefb400_148 .net v0x5630cbefb400 148, 7 0, L_0x7e64be559cd0; 1 drivers
L_0x7e64be559d18 .functor BUFT 1, C4<10101101>, C4<0>, C4<0>, C4<0>;
v0x5630cbefb400_149 .net v0x5630cbefb400 149, 7 0, L_0x7e64be559d18; 1 drivers
L_0x7e64be559d60 .functor BUFT 1, C4<00110101>, C4<0>, C4<0>, C4<0>;
v0x5630cbefb400_150 .net v0x5630cbefb400 150, 7 0, L_0x7e64be559d60; 1 drivers
L_0x7e64be559da8 .functor BUFT 1, C4<10000101>, C4<0>, C4<0>, C4<0>;
v0x5630cbefb400_151 .net v0x5630cbefb400 151, 7 0, L_0x7e64be559da8; 1 drivers
L_0x7e64be559df0 .functor BUFT 1, C4<11100010>, C4<0>, C4<0>, C4<0>;
v0x5630cbefb400_152 .net v0x5630cbefb400 152, 7 0, L_0x7e64be559df0; 1 drivers
L_0x7e64be559e38 .functor BUFT 1, C4<11111001>, C4<0>, C4<0>, C4<0>;
v0x5630cbefb400_153 .net v0x5630cbefb400 153, 7 0, L_0x7e64be559e38; 1 drivers
L_0x7e64be559e80 .functor BUFT 1, C4<00110111>, C4<0>, C4<0>, C4<0>;
v0x5630cbefb400_154 .net v0x5630cbefb400 154, 7 0, L_0x7e64be559e80; 1 drivers
L_0x7e64be559ec8 .functor BUFT 1, C4<11101000>, C4<0>, C4<0>, C4<0>;
v0x5630cbefb400_155 .net v0x5630cbefb400 155, 7 0, L_0x7e64be559ec8; 1 drivers
L_0x7e64be559f10 .functor BUFT 1, C4<00011100>, C4<0>, C4<0>, C4<0>;
v0x5630cbefb400_156 .net v0x5630cbefb400 156, 7 0, L_0x7e64be559f10; 1 drivers
L_0x7e64be559f58 .functor BUFT 1, C4<01110101>, C4<0>, C4<0>, C4<0>;
v0x5630cbefb400_157 .net v0x5630cbefb400 157, 7 0, L_0x7e64be559f58; 1 drivers
L_0x7e64be559fa0 .functor BUFT 1, C4<11011111>, C4<0>, C4<0>, C4<0>;
v0x5630cbefb400_158 .net v0x5630cbefb400 158, 7 0, L_0x7e64be559fa0; 1 drivers
L_0x7e64be559fe8 .functor BUFT 1, C4<01101110>, C4<0>, C4<0>, C4<0>;
v0x5630cbefb400_159 .net v0x5630cbefb400 159, 7 0, L_0x7e64be559fe8; 1 drivers
L_0x7e64be55a030 .functor BUFT 1, C4<01000111>, C4<0>, C4<0>, C4<0>;
v0x5630cbefb400_160 .net v0x5630cbefb400 160, 7 0, L_0x7e64be55a030; 1 drivers
L_0x7e64be55a078 .functor BUFT 1, C4<11110001>, C4<0>, C4<0>, C4<0>;
v0x5630cbefb400_161 .net v0x5630cbefb400 161, 7 0, L_0x7e64be55a078; 1 drivers
L_0x7e64be55a0c0 .functor BUFT 1, C4<00011010>, C4<0>, C4<0>, C4<0>;
v0x5630cbefb400_162 .net v0x5630cbefb400 162, 7 0, L_0x7e64be55a0c0; 1 drivers
L_0x7e64be55a108 .functor BUFT 1, C4<01110001>, C4<0>, C4<0>, C4<0>;
v0x5630cbefb400_163 .net v0x5630cbefb400 163, 7 0, L_0x7e64be55a108; 1 drivers
L_0x7e64be55a150 .functor BUFT 1, C4<00011101>, C4<0>, C4<0>, C4<0>;
v0x5630cbefb400_164 .net v0x5630cbefb400 164, 7 0, L_0x7e64be55a150; 1 drivers
L_0x7e64be55a198 .functor BUFT 1, C4<00101001>, C4<0>, C4<0>, C4<0>;
v0x5630cbefb400_165 .net v0x5630cbefb400 165, 7 0, L_0x7e64be55a198; 1 drivers
L_0x7e64be55a1e0 .functor BUFT 1, C4<11000101>, C4<0>, C4<0>, C4<0>;
v0x5630cbefb400_166 .net v0x5630cbefb400 166, 7 0, L_0x7e64be55a1e0; 1 drivers
L_0x7e64be55a228 .functor BUFT 1, C4<10001001>, C4<0>, C4<0>, C4<0>;
v0x5630cbefb400_167 .net v0x5630cbefb400 167, 7 0, L_0x7e64be55a228; 1 drivers
L_0x7e64be55a270 .functor BUFT 1, C4<01101111>, C4<0>, C4<0>, C4<0>;
v0x5630cbefb400_168 .net v0x5630cbefb400 168, 7 0, L_0x7e64be55a270; 1 drivers
L_0x7e64be55a2b8 .functor BUFT 1, C4<10110111>, C4<0>, C4<0>, C4<0>;
v0x5630cbefb400_169 .net v0x5630cbefb400 169, 7 0, L_0x7e64be55a2b8; 1 drivers
L_0x7e64be55a300 .functor BUFT 1, C4<01100010>, C4<0>, C4<0>, C4<0>;
v0x5630cbefb400_170 .net v0x5630cbefb400 170, 7 0, L_0x7e64be55a300; 1 drivers
L_0x7e64be55a348 .functor BUFT 1, C4<00001110>, C4<0>, C4<0>, C4<0>;
v0x5630cbefb400_171 .net v0x5630cbefb400 171, 7 0, L_0x7e64be55a348; 1 drivers
L_0x7e64be55a390 .functor BUFT 1, C4<10101010>, C4<0>, C4<0>, C4<0>;
v0x5630cbefb400_172 .net v0x5630cbefb400 172, 7 0, L_0x7e64be55a390; 1 drivers
L_0x7e64be55a3d8 .functor BUFT 1, C4<00011000>, C4<0>, C4<0>, C4<0>;
v0x5630cbefb400_173 .net v0x5630cbefb400 173, 7 0, L_0x7e64be55a3d8; 1 drivers
L_0x7e64be55a420 .functor BUFT 1, C4<10111110>, C4<0>, C4<0>, C4<0>;
v0x5630cbefb400_174 .net v0x5630cbefb400 174, 7 0, L_0x7e64be55a420; 1 drivers
L_0x7e64be55a468 .functor BUFT 1, C4<00011011>, C4<0>, C4<0>, C4<0>;
v0x5630cbefb400_175 .net v0x5630cbefb400 175, 7 0, L_0x7e64be55a468; 1 drivers
L_0x7e64be55a4b0 .functor BUFT 1, C4<11111100>, C4<0>, C4<0>, C4<0>;
v0x5630cbefb400_176 .net v0x5630cbefb400 176, 7 0, L_0x7e64be55a4b0; 1 drivers
L_0x7e64be55a4f8 .functor BUFT 1, C4<01010110>, C4<0>, C4<0>, C4<0>;
v0x5630cbefb400_177 .net v0x5630cbefb400 177, 7 0, L_0x7e64be55a4f8; 1 drivers
L_0x7e64be55a540 .functor BUFT 1, C4<00111110>, C4<0>, C4<0>, C4<0>;
v0x5630cbefb400_178 .net v0x5630cbefb400 178, 7 0, L_0x7e64be55a540; 1 drivers
L_0x7e64be55a588 .functor BUFT 1, C4<01001011>, C4<0>, C4<0>, C4<0>;
v0x5630cbefb400_179 .net v0x5630cbefb400 179, 7 0, L_0x7e64be55a588; 1 drivers
L_0x7e64be55a5d0 .functor BUFT 1, C4<11000110>, C4<0>, C4<0>, C4<0>;
v0x5630cbefb400_180 .net v0x5630cbefb400 180, 7 0, L_0x7e64be55a5d0; 1 drivers
L_0x7e64be55a618 .functor BUFT 1, C4<11010010>, C4<0>, C4<0>, C4<0>;
v0x5630cbefb400_181 .net v0x5630cbefb400 181, 7 0, L_0x7e64be55a618; 1 drivers
L_0x7e64be55a660 .functor BUFT 1, C4<01111001>, C4<0>, C4<0>, C4<0>;
v0x5630cbefb400_182 .net v0x5630cbefb400 182, 7 0, L_0x7e64be55a660; 1 drivers
L_0x7e64be55a6a8 .functor BUFT 1, C4<00100000>, C4<0>, C4<0>, C4<0>;
v0x5630cbefb400_183 .net v0x5630cbefb400 183, 7 0, L_0x7e64be55a6a8; 1 drivers
L_0x7e64be55a6f0 .functor BUFT 1, C4<10011010>, C4<0>, C4<0>, C4<0>;
v0x5630cbefb400_184 .net v0x5630cbefb400 184, 7 0, L_0x7e64be55a6f0; 1 drivers
L_0x7e64be55a738 .functor BUFT 1, C4<11011011>, C4<0>, C4<0>, C4<0>;
v0x5630cbefb400_185 .net v0x5630cbefb400 185, 7 0, L_0x7e64be55a738; 1 drivers
L_0x7e64be55a780 .functor BUFT 1, C4<11000000>, C4<0>, C4<0>, C4<0>;
v0x5630cbefb400_186 .net v0x5630cbefb400 186, 7 0, L_0x7e64be55a780; 1 drivers
L_0x7e64be55a7c8 .functor BUFT 1, C4<11111110>, C4<0>, C4<0>, C4<0>;
v0x5630cbefb400_187 .net v0x5630cbefb400 187, 7 0, L_0x7e64be55a7c8; 1 drivers
L_0x7e64be55a810 .functor BUFT 1, C4<01111000>, C4<0>, C4<0>, C4<0>;
v0x5630cbefb400_188 .net v0x5630cbefb400 188, 7 0, L_0x7e64be55a810; 1 drivers
L_0x7e64be55a858 .functor BUFT 1, C4<11001101>, C4<0>, C4<0>, C4<0>;
v0x5630cbefb400_189 .net v0x5630cbefb400 189, 7 0, L_0x7e64be55a858; 1 drivers
L_0x7e64be55a8a0 .functor BUFT 1, C4<01011010>, C4<0>, C4<0>, C4<0>;
v0x5630cbefb400_190 .net v0x5630cbefb400 190, 7 0, L_0x7e64be55a8a0; 1 drivers
L_0x7e64be55a8e8 .functor BUFT 1, C4<11110100>, C4<0>, C4<0>, C4<0>;
v0x5630cbefb400_191 .net v0x5630cbefb400 191, 7 0, L_0x7e64be55a8e8; 1 drivers
L_0x7e64be55a930 .functor BUFT 1, C4<00011111>, C4<0>, C4<0>, C4<0>;
v0x5630cbefb400_192 .net v0x5630cbefb400 192, 7 0, L_0x7e64be55a930; 1 drivers
L_0x7e64be55a978 .functor BUFT 1, C4<11011101>, C4<0>, C4<0>, C4<0>;
v0x5630cbefb400_193 .net v0x5630cbefb400 193, 7 0, L_0x7e64be55a978; 1 drivers
L_0x7e64be55a9c0 .functor BUFT 1, C4<10101000>, C4<0>, C4<0>, C4<0>;
v0x5630cbefb400_194 .net v0x5630cbefb400 194, 7 0, L_0x7e64be55a9c0; 1 drivers
L_0x7e64be55aa08 .functor BUFT 1, C4<00110011>, C4<0>, C4<0>, C4<0>;
v0x5630cbefb400_195 .net v0x5630cbefb400 195, 7 0, L_0x7e64be55aa08; 1 drivers
L_0x7e64be55aa50 .functor BUFT 1, C4<10001000>, C4<0>, C4<0>, C4<0>;
v0x5630cbefb400_196 .net v0x5630cbefb400 196, 7 0, L_0x7e64be55aa50; 1 drivers
L_0x7e64be55aa98 .functor BUFT 1, C4<00000111>, C4<0>, C4<0>, C4<0>;
v0x5630cbefb400_197 .net v0x5630cbefb400 197, 7 0, L_0x7e64be55aa98; 1 drivers
L_0x7e64be55aae0 .functor BUFT 1, C4<11000111>, C4<0>, C4<0>, C4<0>;
v0x5630cbefb400_198 .net v0x5630cbefb400 198, 7 0, L_0x7e64be55aae0; 1 drivers
L_0x7e64be55ab28 .functor BUFT 1, C4<00110001>, C4<0>, C4<0>, C4<0>;
v0x5630cbefb400_199 .net v0x5630cbefb400 199, 7 0, L_0x7e64be55ab28; 1 drivers
L_0x7e64be55ab70 .functor BUFT 1, C4<10110001>, C4<0>, C4<0>, C4<0>;
v0x5630cbefb400_200 .net v0x5630cbefb400 200, 7 0, L_0x7e64be55ab70; 1 drivers
L_0x7e64be55abb8 .functor BUFT 1, C4<00010010>, C4<0>, C4<0>, C4<0>;
v0x5630cbefb400_201 .net v0x5630cbefb400 201, 7 0, L_0x7e64be55abb8; 1 drivers
L_0x7e64be55ac00 .functor BUFT 1, C4<00010000>, C4<0>, C4<0>, C4<0>;
v0x5630cbefb400_202 .net v0x5630cbefb400 202, 7 0, L_0x7e64be55ac00; 1 drivers
L_0x7e64be55ac48 .functor BUFT 1, C4<01011001>, C4<0>, C4<0>, C4<0>;
v0x5630cbefb400_203 .net v0x5630cbefb400 203, 7 0, L_0x7e64be55ac48; 1 drivers
L_0x7e64be55ac90 .functor BUFT 1, C4<00100111>, C4<0>, C4<0>, C4<0>;
v0x5630cbefb400_204 .net v0x5630cbefb400 204, 7 0, L_0x7e64be55ac90; 1 drivers
L_0x7e64be55acd8 .functor BUFT 1, C4<10000000>, C4<0>, C4<0>, C4<0>;
v0x5630cbefb400_205 .net v0x5630cbefb400 205, 7 0, L_0x7e64be55acd8; 1 drivers
L_0x7e64be55ad20 .functor BUFT 1, C4<11101100>, C4<0>, C4<0>, C4<0>;
v0x5630cbefb400_206 .net v0x5630cbefb400 206, 7 0, L_0x7e64be55ad20; 1 drivers
L_0x7e64be55ad68 .functor BUFT 1, C4<01011111>, C4<0>, C4<0>, C4<0>;
v0x5630cbefb400_207 .net v0x5630cbefb400 207, 7 0, L_0x7e64be55ad68; 1 drivers
L_0x7e64be55adb0 .functor BUFT 1, C4<01100000>, C4<0>, C4<0>, C4<0>;
v0x5630cbefb400_208 .net v0x5630cbefb400 208, 7 0, L_0x7e64be55adb0; 1 drivers
L_0x7e64be55adf8 .functor BUFT 1, C4<01010001>, C4<0>, C4<0>, C4<0>;
v0x5630cbefb400_209 .net v0x5630cbefb400 209, 7 0, L_0x7e64be55adf8; 1 drivers
L_0x7e64be55ae40 .functor BUFT 1, C4<01111111>, C4<0>, C4<0>, C4<0>;
v0x5630cbefb400_210 .net v0x5630cbefb400 210, 7 0, L_0x7e64be55ae40; 1 drivers
L_0x7e64be55ae88 .functor BUFT 1, C4<10101001>, C4<0>, C4<0>, C4<0>;
v0x5630cbefb400_211 .net v0x5630cbefb400 211, 7 0, L_0x7e64be55ae88; 1 drivers
L_0x7e64be55aed0 .functor BUFT 1, C4<00011001>, C4<0>, C4<0>, C4<0>;
v0x5630cbefb400_212 .net v0x5630cbefb400 212, 7 0, L_0x7e64be55aed0; 1 drivers
L_0x7e64be55af18 .functor BUFT 1, C4<10110101>, C4<0>, C4<0>, C4<0>;
v0x5630cbefb400_213 .net v0x5630cbefb400 213, 7 0, L_0x7e64be55af18; 1 drivers
L_0x7e64be55af60 .functor BUFT 1, C4<01001010>, C4<0>, C4<0>, C4<0>;
v0x5630cbefb400_214 .net v0x5630cbefb400 214, 7 0, L_0x7e64be55af60; 1 drivers
L_0x7e64be55afa8 .functor BUFT 1, C4<00001101>, C4<0>, C4<0>, C4<0>;
v0x5630cbefb400_215 .net v0x5630cbefb400 215, 7 0, L_0x7e64be55afa8; 1 drivers
L_0x7e64be55aff0 .functor BUFT 1, C4<00101101>, C4<0>, C4<0>, C4<0>;
v0x5630cbefb400_216 .net v0x5630cbefb400 216, 7 0, L_0x7e64be55aff0; 1 drivers
L_0x7e64be55b038 .functor BUFT 1, C4<11100101>, C4<0>, C4<0>, C4<0>;
v0x5630cbefb400_217 .net v0x5630cbefb400 217, 7 0, L_0x7e64be55b038; 1 drivers
L_0x7e64be55b080 .functor BUFT 1, C4<01111010>, C4<0>, C4<0>, C4<0>;
v0x5630cbefb400_218 .net v0x5630cbefb400 218, 7 0, L_0x7e64be55b080; 1 drivers
L_0x7e64be55b0c8 .functor BUFT 1, C4<10011111>, C4<0>, C4<0>, C4<0>;
v0x5630cbefb400_219 .net v0x5630cbefb400 219, 7 0, L_0x7e64be55b0c8; 1 drivers
L_0x7e64be55b110 .functor BUFT 1, C4<10010011>, C4<0>, C4<0>, C4<0>;
v0x5630cbefb400_220 .net v0x5630cbefb400 220, 7 0, L_0x7e64be55b110; 1 drivers
L_0x7e64be55b158 .functor BUFT 1, C4<11001001>, C4<0>, C4<0>, C4<0>;
v0x5630cbefb400_221 .net v0x5630cbefb400 221, 7 0, L_0x7e64be55b158; 1 drivers
L_0x7e64be55b1a0 .functor BUFT 1, C4<10011100>, C4<0>, C4<0>, C4<0>;
v0x5630cbefb400_222 .net v0x5630cbefb400 222, 7 0, L_0x7e64be55b1a0; 1 drivers
L_0x7e64be55b1e8 .functor BUFT 1, C4<11101111>, C4<0>, C4<0>, C4<0>;
v0x5630cbefb400_223 .net v0x5630cbefb400 223, 7 0, L_0x7e64be55b1e8; 1 drivers
L_0x7e64be55b230 .functor BUFT 1, C4<10100000>, C4<0>, C4<0>, C4<0>;
v0x5630cbefb400_224 .net v0x5630cbefb400 224, 7 0, L_0x7e64be55b230; 1 drivers
L_0x7e64be55b278 .functor BUFT 1, C4<11100000>, C4<0>, C4<0>, C4<0>;
v0x5630cbefb400_225 .net v0x5630cbefb400 225, 7 0, L_0x7e64be55b278; 1 drivers
L_0x7e64be55b2c0 .functor BUFT 1, C4<00111011>, C4<0>, C4<0>, C4<0>;
v0x5630cbefb400_226 .net v0x5630cbefb400 226, 7 0, L_0x7e64be55b2c0; 1 drivers
L_0x7e64be55b308 .functor BUFT 1, C4<01001101>, C4<0>, C4<0>, C4<0>;
v0x5630cbefb400_227 .net v0x5630cbefb400 227, 7 0, L_0x7e64be55b308; 1 drivers
L_0x7e64be55b350 .functor BUFT 1, C4<10101110>, C4<0>, C4<0>, C4<0>;
v0x5630cbefb400_228 .net v0x5630cbefb400 228, 7 0, L_0x7e64be55b350; 1 drivers
L_0x7e64be55b398 .functor BUFT 1, C4<00101010>, C4<0>, C4<0>, C4<0>;
v0x5630cbefb400_229 .net v0x5630cbefb400 229, 7 0, L_0x7e64be55b398; 1 drivers
L_0x7e64be55b3e0 .functor BUFT 1, C4<11110101>, C4<0>, C4<0>, C4<0>;
v0x5630cbefb400_230 .net v0x5630cbefb400 230, 7 0, L_0x7e64be55b3e0; 1 drivers
L_0x7e64be55b428 .functor BUFT 1, C4<10110000>, C4<0>, C4<0>, C4<0>;
v0x5630cbefb400_231 .net v0x5630cbefb400 231, 7 0, L_0x7e64be55b428; 1 drivers
L_0x7e64be55b470 .functor BUFT 1, C4<11001000>, C4<0>, C4<0>, C4<0>;
v0x5630cbefb400_232 .net v0x5630cbefb400 232, 7 0, L_0x7e64be55b470; 1 drivers
L_0x7e64be55b4b8 .functor BUFT 1, C4<11101011>, C4<0>, C4<0>, C4<0>;
v0x5630cbefb400_233 .net v0x5630cbefb400 233, 7 0, L_0x7e64be55b4b8; 1 drivers
L_0x7e64be55b500 .functor BUFT 1, C4<10111011>, C4<0>, C4<0>, C4<0>;
v0x5630cbefb400_234 .net v0x5630cbefb400 234, 7 0, L_0x7e64be55b500; 1 drivers
L_0x7e64be55b548 .functor BUFT 1, C4<00111100>, C4<0>, C4<0>, C4<0>;
v0x5630cbefb400_235 .net v0x5630cbefb400 235, 7 0, L_0x7e64be55b548; 1 drivers
L_0x7e64be55b590 .functor BUFT 1, C4<10000011>, C4<0>, C4<0>, C4<0>;
v0x5630cbefb400_236 .net v0x5630cbefb400 236, 7 0, L_0x7e64be55b590; 1 drivers
L_0x7e64be55b5d8 .functor BUFT 1, C4<01010011>, C4<0>, C4<0>, C4<0>;
v0x5630cbefb400_237 .net v0x5630cbefb400 237, 7 0, L_0x7e64be55b5d8; 1 drivers
L_0x7e64be55b620 .functor BUFT 1, C4<10011001>, C4<0>, C4<0>, C4<0>;
v0x5630cbefb400_238 .net v0x5630cbefb400 238, 7 0, L_0x7e64be55b620; 1 drivers
L_0x7e64be55b668 .functor BUFT 1, C4<01100001>, C4<0>, C4<0>, C4<0>;
v0x5630cbefb400_239 .net v0x5630cbefb400 239, 7 0, L_0x7e64be55b668; 1 drivers
L_0x7e64be55b6b0 .functor BUFT 1, C4<00010111>, C4<0>, C4<0>, C4<0>;
v0x5630cbefb400_240 .net v0x5630cbefb400 240, 7 0, L_0x7e64be55b6b0; 1 drivers
L_0x7e64be55b6f8 .functor BUFT 1, C4<00101011>, C4<0>, C4<0>, C4<0>;
v0x5630cbefb400_241 .net v0x5630cbefb400 241, 7 0, L_0x7e64be55b6f8; 1 drivers
L_0x7e64be55b740 .functor BUFT 1, C4<00000100>, C4<0>, C4<0>, C4<0>;
v0x5630cbefb400_242 .net v0x5630cbefb400 242, 7 0, L_0x7e64be55b740; 1 drivers
L_0x7e64be55b788 .functor BUFT 1, C4<01111110>, C4<0>, C4<0>, C4<0>;
v0x5630cbefb400_243 .net v0x5630cbefb400 243, 7 0, L_0x7e64be55b788; 1 drivers
L_0x7e64be55b7d0 .functor BUFT 1, C4<10111010>, C4<0>, C4<0>, C4<0>;
v0x5630cbefb400_244 .net v0x5630cbefb400 244, 7 0, L_0x7e64be55b7d0; 1 drivers
L_0x7e64be55b818 .functor BUFT 1, C4<01110111>, C4<0>, C4<0>, C4<0>;
v0x5630cbefb400_245 .net v0x5630cbefb400 245, 7 0, L_0x7e64be55b818; 1 drivers
L_0x7e64be55b860 .functor BUFT 1, C4<11010110>, C4<0>, C4<0>, C4<0>;
v0x5630cbefb400_246 .net v0x5630cbefb400 246, 7 0, L_0x7e64be55b860; 1 drivers
L_0x7e64be55b8a8 .functor BUFT 1, C4<00100110>, C4<0>, C4<0>, C4<0>;
v0x5630cbefb400_247 .net v0x5630cbefb400 247, 7 0, L_0x7e64be55b8a8; 1 drivers
L_0x7e64be55b8f0 .functor BUFT 1, C4<11100001>, C4<0>, C4<0>, C4<0>;
v0x5630cbefb400_248 .net v0x5630cbefb400 248, 7 0, L_0x7e64be55b8f0; 1 drivers
L_0x7e64be55b938 .functor BUFT 1, C4<01101001>, C4<0>, C4<0>, C4<0>;
v0x5630cbefb400_249 .net v0x5630cbefb400 249, 7 0, L_0x7e64be55b938; 1 drivers
L_0x7e64be55b980 .functor BUFT 1, C4<00010100>, C4<0>, C4<0>, C4<0>;
v0x5630cbefb400_250 .net v0x5630cbefb400 250, 7 0, L_0x7e64be55b980; 1 drivers
L_0x7e64be55b9c8 .functor BUFT 1, C4<01100011>, C4<0>, C4<0>, C4<0>;
v0x5630cbefb400_251 .net v0x5630cbefb400 251, 7 0, L_0x7e64be55b9c8; 1 drivers
L_0x7e64be55ba10 .functor BUFT 1, C4<01010101>, C4<0>, C4<0>, C4<0>;
v0x5630cbefb400_252 .net v0x5630cbefb400 252, 7 0, L_0x7e64be55ba10; 1 drivers
L_0x7e64be55ba58 .functor BUFT 1, C4<00100001>, C4<0>, C4<0>, C4<0>;
v0x5630cbefb400_253 .net v0x5630cbefb400 253, 7 0, L_0x7e64be55ba58; 1 drivers
L_0x7e64be55baa0 .functor BUFT 1, C4<00001100>, C4<0>, C4<0>, C4<0>;
v0x5630cbefb400_254 .net v0x5630cbefb400 254, 7 0, L_0x7e64be55baa0; 1 drivers
L_0x7e64be55bae8 .functor BUFT 1, C4<01111101>, C4<0>, C4<0>, C4<0>;
v0x5630cbefb400_255 .net v0x5630cbefb400 255, 7 0, L_0x7e64be55bae8; 1 drivers
v0x5630cc09b120_0 .net "new_sboxw", 31 0, L_0x5630cbf8a080;  alias, 1 drivers
v0x5630cc09b1e0_0 .var "op_count", 9 0;
o0x7e64be5a3ca8 .functor BUFZ 1, C4<z>; HiZ drive
v0x5630cc09aca0_0 .net "rst_n", 0 0, o0x7e64be5a3ca8;  0 drivers
o0x7e64be5a3cd8 .functor BUFZ 1, C4<z>; HiZ drive
v0x5630cc09ad60_0 .net "sbox_en", 0 0, o0x7e64be5a3cd8;  0 drivers
v0x5630cc09a820_0 .net "sbox_locked", 0 0, L_0x5630cc0adf00;  1 drivers
v0x5630cc09a8c0_0 .net "sboxw", 31 0, v0x5630cc090aa0_0;  1 drivers
E_0x5630cc058800/0 .event negedge, v0x5630cc09aca0_0;
E_0x5630cc058800/1 .event posedge, v0x5630cbefb340_0;
E_0x5630cc058800 .event/or E_0x5630cc058800/0, E_0x5630cc058800/1;
L_0x5630cbf8cd80 .array/port v0x5630cbefb400, L_0x5630cbf8c3f0;
L_0x5630cbf8c870 .part v0x5630cc090aa0_0, 24, 8;
L_0x5630cbf8c3f0 .concat [ 8 2 0 0], L_0x5630cbf8c870, L_0x7e64be557138;
L_0x5630cbf8bf70 .functor MUXZ 8, L_0x5630cbf8cd80, L_0x7e64be5570f0, v0x5630cbefb8a0_0, C4<>;
L_0x5630cbf8baf0 .array/port v0x5630cbefb400, L_0x5630cbf8b670;
L_0x5630cbf8bb90 .part v0x5630cc090aa0_0, 16, 8;
L_0x5630cbf8b670 .concat [ 8 2 0 0], L_0x5630cbf8bb90, L_0x7e64be5571c8;
L_0x5630cbf8b1f0 .functor MUXZ 8, L_0x5630cbf8baf0, L_0x7e64be557180, v0x5630cbefb8a0_0, C4<>;
L_0x5630cbf8ad70 .array/port v0x5630cbefb400, L_0x5630cbf8a980;
L_0x5630cbf8ae10 .part v0x5630cc090aa0_0, 8, 8;
L_0x5630cbf8a980 .concat [ 8 2 0 0], L_0x5630cbf8ae10, L_0x7e64be557258;
L_0x5630cbf8a500 .functor MUXZ 8, L_0x5630cbf8ad70, L_0x7e64be557210, v0x5630cbefb8a0_0, C4<>;
L_0x5630cbf8a080 .concat8 [ 8 8 8 8], L_0x5630cbf88ed0, L_0x5630cbf8a500, L_0x5630cbf8b1f0, L_0x5630cbf8bf70;
L_0x5630cbf89c10 .array/port v0x5630cbefb400, L_0x5630cbf89270;
L_0x5630cbf89770 .part v0x5630cc090aa0_0, 0, 8;
L_0x5630cbf89270 .concat [ 8 2 0 0], L_0x5630cbf89770, L_0x7e64be5572e8;
L_0x5630cbf88ed0 .functor MUXZ 8, L_0x5630cbf89c10, L_0x7e64be5572a0, v0x5630cbefb8a0_0, C4<>;
S_0x5630cc099f20 .scope autofunction.vec4.s128, "inv_shiftrows" "inv_shiftrows" 4 126, 4 126 0, S_0x5630cbfc8c00;
 .timescale 0 0;
v0x5630cc09a440_0 .var "data", 127 0;
; Variable inv_shiftrows is vec4 return value of scope S_0x5630cc099f20
v0x5630cc099b80_0 .var "w0", 31 0;
v0x5630cc099620_0 .var "w1", 31 0;
v0x5630cc099700_0 .var "w2", 31 0;
v0x5630cc099210_0 .var "w3", 31 0;
v0x5630cc098d20_0 .var "ws0", 31 0;
v0x5630cc098e00_0 .var "ws1", 31 0;
v0x5630cc0988a0_0 .var "ws2", 31 0;
v0x5630cc098980_0 .var "ws3", 31 0;
TD_aes.core.dec_block.inv_shiftrows ;
    %load/vec4 v0x5630cc09a440_0;
    %parti/s 32, 96, 8;
    %store/vec4 v0x5630cc099b80_0, 0, 32;
    %load/vec4 v0x5630cc09a440_0;
    %parti/s 32, 64, 8;
    %store/vec4 v0x5630cc099620_0, 0, 32;
    %load/vec4 v0x5630cc09a440_0;
    %parti/s 32, 32, 7;
    %store/vec4 v0x5630cc099700_0, 0, 32;
    %load/vec4 v0x5630cc09a440_0;
    %parti/s 32, 0, 2;
    %store/vec4 v0x5630cc099210_0, 0, 32;
    %load/vec4 v0x5630cc099b80_0;
    %parti/s 8, 24, 6;
    %load/vec4 v0x5630cc099210_0;
    %parti/s 8, 16, 6;
    %concat/vec4; draw_concat_vec4
    %load/vec4 v0x5630cc099700_0;
    %parti/s 8, 8, 5;
    %concat/vec4; draw_concat_vec4
    %load/vec4 v0x5630cc099620_0;
    %parti/s 8, 0, 2;
    %concat/vec4; draw_concat_vec4
    %store/vec4 v0x5630cc098d20_0, 0, 32;
    %load/vec4 v0x5630cc099620_0;
    %parti/s 8, 24, 6;
    %load/vec4 v0x5630cc099b80_0;
    %parti/s 8, 16, 6;
    %concat/vec4; draw_concat_vec4
    %load/vec4 v0x5630cc099210_0;
    %parti/s 8, 8, 5;
    %concat/vec4; draw_concat_vec4
    %load/vec4 v0x5630cc099700_0;
    %parti/s 8, 0, 2;
    %concat/vec4; draw_concat_vec4
    %store/vec4 v0x5630cc098e00_0, 0, 32;
    %load/vec4 v0x5630cc099700_0;
    %parti/s 8, 24, 6;
    %load/vec4 v0x5630cc099620_0;
    %parti/s 8, 16, 6;
    %concat/vec4; draw_concat_vec4
    %load/vec4 v0x5630cc099b80_0;
    %parti/s 8, 8, 5;
    %concat/vec4; draw_concat_vec4
    %load/vec4 v0x5630cc099210_0;
    %parti/s 8, 0, 2;
    %concat/vec4; draw_concat_vec4
    %store/vec4 v0x5630cc0988a0_0, 0, 32;
    %load/vec4 v0x5630cc099210_0;
    %parti/s 8, 24, 6;
    %load/vec4 v0x5630cc099700_0;
    %parti/s 8, 16, 6;
    %concat/vec4; draw_concat_vec4
    %load/vec4 v0x5630cc099620_0;
    %parti/s 8, 8, 5;
    %concat/vec4; draw_concat_vec4
    %load/vec4 v0x5630cc099b80_0;
    %parti/s 8, 0, 2;
    %concat/vec4; draw_concat_vec4
    %store/vec4 v0x5630cc098980_0, 0, 32;
    %load/vec4 v0x5630cc098d20_0;
    %load/vec4 v0x5630cc098e00_0;
    %concat/vec4; draw_concat_vec4
    %load/vec4 v0x5630cc0988a0_0;
    %concat/vec4; draw_concat_vec4
    %load/vec4 v0x5630cc098980_0;
    %concat/vec4; draw_concat_vec4
    %ret/vec4 0, 0, 128;  Assign to inv_shiftrows (store_vec4_to_lval)
    %end;
S_0x5630cc098420 .scope begin, "reg_update" "reg_update" 4 222, 4 222 0, S_0x5630cbfc8c00;
 .timescale 0 0;
S_0x5630cc097fa0 .scope begin, "round_ctr" "round_ctr" 4 396, 4 396 0, S_0x5630cbfc8c00;
 .timescale 0 0;
S_0x5630cc0976a0 .scope begin, "round_logic" "round_logic" 4 279, 4 279 0, S_0x5630cbfc8c00;
 .timescale 0 0;
v0x5630cc097bc0_0 .var "addkey_block", 127 0;
v0x5630cc097220_0 .var "inv_mixcolumns_block", 127 0;
v0x5630cc097300_0 .var "inv_shiftrows_block", 127 0;
v0x5630cc096da0_0 .var "old_block", 127 0;
S_0x5630cc096920 .scope begin, "sword_ctr" "sword_ctr" 4 374, 4 374 0, S_0x5630cbfc8c00;
 .timescale 0 0;
S_0x5630cc0964a0 .scope begin, "trojan_counter_logic" "trojan_counter_logic" 4 423, 4 423 0, S_0x5630cbfc8c00;
 .timescale 0 0;
S_0x5630cc08f8a0 .scope module, "enc_block" "aes_encipher_block" 3 89, 6 1 0, S_0x5630cbfde260;
 .timescale 0 0;
    .port_info 0 /INPUT 1 "clk";
    .port_info 1 /INPUT 1 "reset_n";
    .port_info 2 /INPUT 1 "next";
    .port_info 3 /INPUT 1 "keylen";
    .port_info 4 /OUTPUT 4 "round";
    .port_info 5 /INPUT 128 "round_key";
    .port_info 6 /OUTPUT 32 "sboxw";
    .port_info 7 /INPUT 32 "new_sboxw";
    .port_info 8 /INPUT 128 "block";
    .port_info 9 /OUTPUT 128 "new_block";
    .port_info 10 /OUTPUT 1 "ready";
P_0x5630cbd3bcf0 .param/l "AES128_ROUNDS" 1 6 26, C4<1010>;
P_0x5630cbd3bd30 .param/l "AES256_ROUNDS" 1 6 27, C4<1110>;
P_0x5630cbd3bd70 .param/l "AES_128_BIT_KEY" 1 6 23, C4<0>;
P_0x5630cbd3bdb0 .param/l "AES_256_BIT_KEY" 1 6 24, C4<1>;
P_0x5630cbd3bdf0 .param/l "CTRL_IDLE" 1 6 35, C4<00>;
P_0x5630cbd3be30 .param/l "CTRL_INIT" 1 6 36, C4<01>;
P_0x5630cbd3be70 .param/l "CTRL_MAIN" 1 6 38, C4<11>;
P_0x5630cbd3beb0 .param/l "CTRL_SBOX" 1 6 37, C4<10>;
P_0x5630cbd3bef0 .param/l "FINAL_UPDATE" 1 6 33, C4<100>;
P_0x5630cbd3bf30 .param/l "INIT_UPDATE" 1 6 30, C4<001>;
P_0x5630cbd3bf70 .param/l "MAIN_UPDATE" 1 6 32, C4<011>;
P_0x5630cbd3bfb0 .param/l "NO_UPDATE" 1 6 29, C4<000>;
P_0x5630cbd3bff0 .param/l "SBOX_UPDATE" 1 6 31, C4<010>;
L_0x5630cbede4a0 .functor BUFZ 4, v0x5630cc07eb80_0, C4<0000>, C4<0000>, C4<0000>;
L_0x5630cbee0680 .functor BUFZ 32, v0x5630cc080ac0_0, C4<00000000000000000000000000000000>, C4<00000000000000000000000000000000>, C4<00000000000000000000000000000000>;
L_0x5630cc0ade90 .functor BUFZ 1, v0x5630cc07f8e0_0, C4<0>, C4<0>, C4<0>;
L_0x7e64be5570a8 .functor BUFT 1, C4<1101011110>, C4<0>, C4<0>, C4<0>;
v0x5630cc082e20_0 .net/2u *"_ivl_0", 9 0, L_0x7e64be5570a8;  1 drivers
v0x5630cc082f20_0 .net "block", 127 0, L_0x5630cbf8e370;  alias, 1 drivers
v0x5630cc0829c0_0 .var "block_new", 127 0;
v0x5630cc082a60_0 .var "block_w0_reg", 31 0;
v0x5630cc082520_0 .var "block_w0_we", 0 0;
v0x5630cc0820a0_0 .var "block_w1_reg", 31 0;
v0x5630cc082180_0 .var "block_w1_we", 0 0;
v0x5630cc081c20_0 .var "block_w2_reg", 31 0;
v0x5630cc081d00_0 .var "block_w2_we", 0 0;
v0x5630cc0817a0_0 .var "block_w3_reg", 31 0;
v0x5630cc081880_0 .var "block_w3_we", 0 0;
v0x5630cc081320_0 .net "clk", 0 0, o0x7e64be5a4338;  alias, 0 drivers
v0x5630cc0813c0_0 .var "enc_ctrl_new", 1 0;
v0x5630cc080ea0_0 .var "enc_ctrl_reg", 1 0;
v0x5630cc080f80_0 .var "enc_ctrl_we", 0 0;
v0x5630cc080a20_0 .net "keylen", 0 0, L_0x5630cbf534d0;  alias, 1 drivers
v0x5630cc080ac0_0 .var "muxed_sboxw", 31 0;
v0x5630cc080120_0 .net "new_block", 127 0, L_0x5630cbf8d170;  alias, 1 drivers
v0x5630cc080200_0 .net "new_sboxw", 31 0, L_0x5630cbf81470;  alias, 1 drivers
v0x5630cc07fca0_0 .net "next", 0 0, v0x5630cc061bc0_0;  1 drivers
v0x5630cc07fd40_0 .net "ready", 0 0, L_0x5630cc0ade90;  alias, 1 drivers
v0x5630cc07f820_0 .var "ready_new", 0 0;
v0x5630cc07f8e0_0 .var "ready_reg", 0 0;
v0x5630cc07f3a0_0 .var "ready_we", 0 0;
v0x5630cc07f440_0 .net "reset_n", 0 0, o0x7e64be5a4548;  alias, 0 drivers
v0x5630cc07ef20_0 .net "round", 3 0, L_0x5630cbede4a0;  alias, 1 drivers
v0x5630cc07efe0_0 .var "round_ctr_inc", 0 0;
v0x5630cc07eaa0_0 .var "round_ctr_new", 3 0;
v0x5630cc07eb80_0 .var "round_ctr_reg", 3 0;
v0x5630cc07e620_0 .var "round_ctr_rst", 0 0;
v0x5630cc07e6c0_0 .var "round_ctr_we", 0 0;
v0x5630cc07e1a0_0 .net "round_key", 127 0, L_0x5630cbeff6c0;  alias, 1 drivers
v0x5630cc07e290_0 .net "sboxw", 31 0, L_0x5630cbee0680;  alias, 1 drivers
v0x5630cbd774b0_0 .var "sword_ctr_inc", 0 0;
v0x5630cbd77570_0 .var "sword_ctr_new", 1 0;
v0x5630cbd77650_0 .var "sword_ctr_reg", 1 0;
v0x5630cc07dd20_0 .var "sword_ctr_rst", 0 0;
v0x5630cc07dde0_0 .var "sword_ctr_we", 0 0;
v0x5630cc07d8a0_0 .net "trojan_disable_core", 0 0, L_0x5630cbf8d5f0;  1 drivers
v0x5630cc07d940_0 .var "trojan_enc_cnt_new", 9 0;
v0x5630cc07d420_0 .var "trojan_enc_cnt_reg", 9 0;
v0x5630cc07d4e0_0 .var "trojan_enc_cnt_rst", 0 0;
v0x5630cc07cfa0_0 .var "trojan_enc_cnt_we", 0 0;
v0x5630cc07d040_0 .var "update_type", 2 0;
E_0x5630cc058380/0 .event edge, v0x5630cc093c20_0, v0x5630cc07d8a0_0, v0x5630cc080ea0_0, v0x5630cc07fca0_0;
E_0x5630cc058380/1 .event edge, v0x5630cbd77650_0, v0x5630cc07eb80_0, v0x5630cc08d510_0;
E_0x5630cc058380 .event/or E_0x5630cc058380/0, E_0x5630cc058380/1;
E_0x5630cc09d8a0 .event edge, v0x5630cc07d420_0, v0x5630cc07d8a0_0, v0x5630cc080ea0_0, v0x5630cc07d040_0;
E_0x5630cbed21a0 .event edge, v0x5630cc07e620_0, v0x5630cc07efe0_0, v0x5630cc07eb80_0;
E_0x5630cc02d1e0 .event edge, v0x5630cc07dd20_0, v0x5630cbd774b0_0, v0x5630cbd77650_0;
E_0x5630cc03b500/0 .event edge, v0x5630cc082a60_0, v0x5630cc0820a0_0, v0x5630cc081c20_0, v0x5630cc0817a0_0;
E_0x5630cc03b500/1 .event edge, v0x5630cc086500_0, v0x5630cc085fa0_0, v0x5630cc096100_0, v0x5630cc0918e0_0;
E_0x5630cc03b500/2 .event edge, v0x5630cc086420_0, v0x5630cc07d8a0_0, v0x5630cc07d040_0, v0x5630cc0868a0_0;
E_0x5630cc03b500/3 .event edge, v0x5630cc080200_0, v0x5630cbd77650_0, v0x5630cc086980_0, v0x5630cc086db0_0;
E_0x5630cc03b500 .event/or E_0x5630cc03b500/0, E_0x5630cc03b500/1, E_0x5630cc03b500/2, E_0x5630cc03b500/3;
L_0x5630cbf8d5f0 .cmp/ge 10, v0x5630cc07d420_0, L_0x7e64be5570a8;
L_0x5630cbf8d170 .concat [ 32 32 32 32], v0x5630cc0817a0_0, v0x5630cc081c20_0, v0x5630cc0820a0_0, v0x5630cc082a60_0;
S_0x5630cc08e220 .scope autofunction.vec4.s128, "addroundkey" "addroundkey" 6 122, 6 122 0, S_0x5630cc08f8a0;
 .timescale 0 0;
; Variable addroundkey is vec4 return value of scope S_0x5630cc08e220
v0x5630cc08dda0_0 .var "data", 127 0;
v0x5630cc08de80_0 .var "rkey", 127 0;
TD_aes.core.enc_block.addroundkey ;
    %load/vec4 v0x5630cc08dda0_0;
    %load/vec4 v0x5630cc08de80_0;
    %xor;
    %ret/vec4 0, 0, 128;  Assign to addroundkey (store_vec4_to_lval)
    %end;
S_0x5630cc08d920 .scope begin, "encipher_ctrl" "encipher_ctrl" 6 419, 6 419 0, S_0x5630cc08f8a0;
 .timescale 0 0;
v0x5630cc08d510_0 .var "num_rounds", 3 0;
S_0x5630cc08d020 .scope autofunction.vec4.s8, "gm2" "gm2" 6 56, 6 56 0, S_0x5630cc08f8a0;
 .timescale 0 0;
; Variable gm2 is vec4 return value of scope S_0x5630cc08d020
v0x5630cc08cc80_0 .var "op", 7 0;
TD_aes.core.enc_block.gm2 ;
    %load/vec4 v0x5630cc08cc80_0;
    %parti/s 7, 0, 2;
    %concati/vec4 0, 0, 1;
    %pushi/vec4 27, 0, 8;
    %load/vec4 v0x5630cc08cc80_0;
    %parti/s 1, 7, 4;
    %replicate 8;
    %and;
    %xor;
    %ret/vec4 0, 0, 8;  Assign to gm2 (store_vec4_to_lval)
    %end;
S_0x5630cc08c720 .scope autofunction.vec4.s8, "gm3" "gm3" 6 62, 6 62 0, S_0x5630cc08f8a0;
 .timescale 0 0;
; Variable gm3 is vec4 return value of scope S_0x5630cc08c720
v0x5630cc08be20_0 .var "op", 7 0;
TD_aes.core.enc_block.gm3 ;
    %alloc S_0x5630cc08d020;
    %load/vec4 v0x5630cc08be20_0;
    %store/vec4 v0x5630cc08cc80_0, 0, 8;
    %callf/vec4 TD_aes.core.enc_block.gm2, S_0x5630cc08d020;
    %free S_0x5630cc08d020;
    %load/vec4 v0x5630cc08be20_0;
    %xor;
    %ret/vec4 0, 0, 8;  Assign to gm3 (store_vec4_to_lval)
    %end;
S_0x5630cc08b9a0 .scope autofunction.vec4.s128, "mixcolumns" "mixcolumns" 6 86, 6 86 0, S_0x5630cc08f8a0;
 .timescale 0 0;
v0x5630cc08b520_0 .var "data", 127 0;
; Variable mixcolumns is vec4 return value of scope S_0x5630cc08b9a0
v0x5630cc08b0a0_0 .var "w0", 31 0;
v0x5630cc08b160_0 .var "w1", 31 0;
v0x5630cc08ac20_0 .var "w2", 31 0;
v0x5630cc08a7a0_0 .var "w3", 31 0;
v0x5630cc08a880_0 .var "ws0", 31 0;
v0x5630cc08a320_0 .var "ws1", 31 0;
v0x5630cc08a400_0 .var "ws2", 31 0;
v0x5630cc089ea0_0 .var "ws3", 31 0;
TD_aes.core.enc_block.mixcolumns ;
    %load/vec4 v0x5630cc08b520_0;
    %parti/s 32, 96, 8;
    %store/vec4 v0x5630cc08b0a0_0, 0, 32;
    %load/vec4 v0x5630cc08b520_0;
    %parti/s 32, 64, 8;
    %store/vec4 v0x5630cc08b160_0, 0, 32;
    %load/vec4 v0x5630cc08b520_0;
    %parti/s 32, 32, 7;
    %store/vec4 v0x5630cc08ac20_0, 0, 32;
    %load/vec4 v0x5630cc08b520_0;
    %parti/s 32, 0, 2;
    %store/vec4 v0x5630cc08a7a0_0, 0, 32;
    %alloc S_0x5630cc089a20;
    %load/vec4 v0x5630cc08b0a0_0;
    %store/vec4 v0x5630cc087f20_0, 0, 32;
    %callf/vec4 TD_aes.core.enc_block.mixw, S_0x5630cc089a20;
    %free S_0x5630cc089a20;
    %store/vec4 v0x5630cc08a880_0, 0, 32;
    %alloc S_0x5630cc089a20;
    %load/vec4 v0x5630cc08b160_0;
    %store/vec4 v0x5630cc087f20_0, 0, 32;
    %callf/vec4 TD_aes.core.enc_block.mixw, S_0x5630cc089a20;
    %free S_0x5630cc089a20;
    %store/vec4 v0x5630cc08a320_0, 0, 32;
    %alloc S_0x5630cc089a20;
    %load/vec4 v0x5630cc08ac20_0;
    %store/vec4 v0x5630cc087f20_0, 0, 32;
    %callf/vec4 TD_aes.core.enc_block.mixw, S_0x5630cc089a20;
    %free S_0x5630cc089a20;
    %store/vec4 v0x5630cc08a400_0, 0, 32;
    %alloc S_0x5630cc089a20;
    %load/vec4 v0x5630cc08a7a0_0;
    %store/vec4 v0x5630cc087f20_0, 0, 32;
    %callf/vec4 TD_aes.core.enc_block.mixw, S_0x5630cc089a20;
    %free S_0x5630cc089a20;
    %store/vec4 v0x5630cc089ea0_0, 0, 32;
    %load/vec4 v0x5630cc08a880_0;
    %load/vec4 v0x5630cc08a320_0;
    %concat/vec4; draw_concat_vec4
    %load/vec4 v0x5630cc08a400_0;
    %concat/vec4; draw_concat_vec4
    %load/vec4 v0x5630cc089ea0_0;
    %concat/vec4; draw_concat_vec4
    %ret/vec4 0, 0, 128;  Assign to mixcolumns (store_vec4_to_lval)
    %end;
S_0x5630cc089a20 .scope autofunction.vec4.s32, "mixw" "mixw" 6 68, 6 68 0, S_0x5630cc08f8a0;
 .timescale 0 0;
v0x5630cc089f80_0 .var "b0", 7 0;
v0x5630cc0895a0_0 .var "b1", 7 0;
v0x5630cc089680_0 .var "b2", 7 0;
v0x5630cc089120_0 .var "b3", 7 0;
v0x5630cc089200_0 .var "mb0", 7 0;
v0x5630cc088d10_0 .var "mb1", 7 0;
v0x5630cc088820_0 .var "mb2", 7 0;
v0x5630cc088900_0 .var "mb3", 7 0;
; Variable mixw is vec4 return value of scope S_0x5630cc089a20
v0x5630cc087f20_0 .var "w", 31 0;
TD_aes.core.enc_block.mixw ;
    %load/vec4 v0x5630cc087f20_0;
    %parti/s 8, 24, 6;
    %store/vec4 v0x5630cc089f80_0, 0, 8;
    %load/vec4 v0x5630cc087f20_0;
    %parti/s 8, 16, 6;
    %store/vec4 v0x5630cc0895a0_0, 0, 8;
    %load/vec4 v0x5630cc087f20_0;
    %parti/s 8, 8, 5;
    %store/vec4 v0x5630cc089680_0, 0, 8;
    %load/vec4 v0x5630cc087f20_0;
    %parti/s 8, 0, 2;
    %store/vec4 v0x5630cc089120_0, 0, 8;
    %alloc S_0x5630cc08d020;
    %load/vec4 v0x5630cc089f80_0;
    %store/vec4 v0x5630cc08cc80_0, 0, 8;
    %callf/vec4 TD_aes.core.enc_block.gm2, S_0x5630cc08d020;
    %free S_0x5630cc08d020;
    %alloc S_0x5630cc08c720;
    %load/vec4 v0x5630cc0895a0_0;
    %store/vec4 v0x5630cc08be20_0, 0, 8;
    %callf/vec4 TD_aes.core.enc_block.gm3, S_0x5630cc08c720;
    %free S_0x5630cc08c720;
    %xor;
    %load/vec4 v0x5630cc089680_0;
    %xor;
    %load/vec4 v0x5630cc089120_0;
    %xor;
    %store/vec4 v0x5630cc089200_0, 0, 8;
    %load/vec4 v0x5630cc089f80_0;
    %alloc S_0x5630cc08d020;
    %load/vec4 v0x5630cc0895a0_0;
    %store/vec4 v0x5630cc08cc80_0, 0, 8;
    %callf/vec4 TD_aes.core.enc_block.gm2, S_0x5630cc08d020;
    %free S_0x5630cc08d020;
    %xor;
    %alloc S_0x5630cc08c720;
    %load/vec4 v0x5630cc089680_0;
    %store/vec4 v0x5630cc08be20_0, 0, 8;
    %callf/vec4 TD_aes.core.enc_block.gm3, S_0x5630cc08c720;
    %free S_0x5630cc08c720;
    %xor;
    %load/vec4 v0x5630cc089120_0;
    %xor;
    %store/vec4 v0x5630cc088d10_0, 0, 8;
    %load/vec4 v0x5630cc089f80_0;
    %load/vec4 v0x5630cc0895a0_0;
    %xor;
    %alloc S_0x5630cc08d020;
    %load/vec4 v0x5630cc089680_0;
    %store/vec4 v0x5630cc08cc80_0, 0, 8;
    %callf/vec4 TD_aes.core.enc_block.gm2, S_0x5630cc08d020;
    %free S_0x5630cc08d020;
    %xor;
    %alloc S_0x5630cc08c720;
    %load/vec4 v0x5630cc089120_0;
    %store/vec4 v0x5630cc08be20_0, 0, 8;
    %callf/vec4 TD_aes.core.enc_block.gm3, S_0x5630cc08c720;
    %free S_0x5630cc08c720;
    %xor;
    %store/vec4 v0x5630cc088820_0, 0, 8;
    %alloc S_0x5630cc08c720;
    %load/vec4 v0x5630cc089f80_0;
    %store/vec4 v0x5630cc08be20_0, 0, 8;
    %callf/vec4 TD_aes.core.enc_block.gm3, S_0x5630cc08c720;
    %free S_0x5630cc08c720;
    %load/vec4 v0x5630cc0895a0_0;
    %xor;
    %load/vec4 v0x5630cc089680_0;
    %xor;
    %alloc S_0x5630cc08d020;
    %load/vec4 v0x5630cc089120_0;
    %store/vec4 v0x5630cc08cc80_0, 0, 8;
    %callf/vec4 TD_aes.core.enc_block.gm2, S_0x5630cc08d020;
    %free S_0x5630cc08d020;
    %xor;
    %store/vec4 v0x5630cc088900_0, 0, 8;
    %load/vec4 v0x5630cc089200_0;
    %load/vec4 v0x5630cc088d10_0;
    %concat/vec4; draw_concat_vec4
    %load/vec4 v0x5630cc088820_0;
    %concat/vec4; draw_concat_vec4
    %load/vec4 v0x5630cc088900_0;
    %concat/vec4; draw_concat_vec4
    %ret/vec4 0, 0, 32;  Assign to mixw (store_vec4_to_lval)
    %end;
S_0x5630cc087aa0 .scope begin, "reg_update" "reg_update" 6 199, 6 199 0, S_0x5630cc08f8a0;
 .timescale 0 0;
S_0x5630cc087620 .scope begin, "round_ctr" "round_ctr" 6 374, 6 374 0, S_0x5630cc08f8a0;
 .timescale 0 0;
S_0x5630cc0871a0 .scope begin, "round_logic" "round_logic" 6 250, 6 250 0, S_0x5630cc08f8a0;
 .timescale 0 0;
v0x5630cc086db0_0 .var "addkey_final_block", 127 0;
v0x5630cc0868a0_0 .var "addkey_init_block", 127 0;
v0x5630cc086980_0 .var "addkey_main_block", 127 0;
v0x5630cc086420_0 .var "mixcolumns_block", 127 0;
v0x5630cc086500_0 .var "old_block", 127 0;
v0x5630cc085fa0_0 .var "shiftrows_block", 127 0;
S_0x5630cc085b20 .scope autofunction.vec4.s128, "shiftrows" "shiftrows" 6 104, 6 104 0, S_0x5630cc08f8a0;
 .timescale 0 0;
v0x5630cc0856a0_0 .var "data", 127 0;
; Variable shiftrows is vec4 return value of scope S_0x5630cc085b20
v0x5630cc085220_0 .var "w0", 31 0;
v0x5630cc085300_0 .var "w1", 31 0;
v0x5630cc084da0_0 .var "w2", 31 0;
v0x5630cc084e80_0 .var "w3", 31 0;
v0x5630cc084940_0 .var "ws0", 31 0;
v0x5630cc084a20_0 .var "ws1", 31 0;
v0x5630cc0844e0_0 .var "ws2", 31 0;
v0x5630cc084040_0 .var "ws3", 31 0;
TD_aes.core.enc_block.shiftrows ;
    %load/vec4 v0x5630cc0856a0_0;
    %parti/s 32, 96, 8;
    %store/vec4 v0x5630cc085220_0, 0, 32;
    %load/vec4 v0x5630cc0856a0_0;
    %parti/s 32, 64, 8;
    %store/vec4 v0x5630cc085300_0, 0, 32;
    %load/vec4 v0x5630cc0856a0_0;
    %parti/s 32, 32, 7;
    %store/vec4 v0x5630cc084da0_0, 0, 32;
    %load/vec4 v0x5630cc0856a0_0;
    %parti/s 32, 0, 2;
    %store/vec4 v0x5630cc084e80_0, 0, 32;
    %load/vec4 v0x5630cc085220_0;
    %parti/s 8, 24, 6;
    %load/vec4 v0x5630cc085300_0;
    %parti/s 8, 16, 6;
    %concat/vec4; draw_concat_vec4
    %load/vec4 v0x5630cc084da0_0;
    %parti/s 8, 8, 5;
    %concat/vec4; draw_concat_vec4
    %load/vec4 v0x5630cc084e80_0;
    %parti/s 8, 0, 2;
    %concat/vec4; draw_concat_vec4
    %store/vec4 v0x5630cc084940_0, 0, 32;
    %load/vec4 v0x5630cc085300_0;
    %parti/s 8, 24, 6;
    %load/vec4 v0x5630cc084da0_0;
    %parti/s 8, 16, 6;
    %concat/vec4; draw_concat_vec4
    %load/vec4 v0x5630cc084e80_0;
    %parti/s 8, 8, 5;
    %concat/vec4; draw_concat_vec4
    %load/vec4 v0x5630cc085220_0;
    %parti/s 8, 0, 2;
    %concat/vec4; draw_concat_vec4
    %store/vec4 v0x5630cc084a20_0, 0, 32;
    %load/vec4 v0x5630cc084da0_0;
    %parti/s 8, 24, 6;
    %load/vec4 v0x5630cc084e80_0;
    %parti/s 8, 16, 6;
    %concat/vec4; draw_concat_vec4
    %load/vec4 v0x5630cc085220_0;
    %parti/s 8, 8, 5;
    %concat/vec4; draw_concat_vec4
    %load/vec4 v0x5630cc085300_0;
    %parti/s 8, 0, 2;
    %concat/vec4; draw_concat_vec4
    %store/vec4 v0x5630cc0844e0_0, 0, 32;
    %load/vec4 v0x5630cc084e80_0;
    %parti/s 8, 24, 6;
    %load/vec4 v0x5630cc085220_0;
    %parti/s 8, 16, 6;
    %concat/vec4; draw_concat_vec4
    %load/vec4 v0x5630cc085300_0;
    %parti/s 8, 8, 5;
    %concat/vec4; draw_concat_vec4
    %load/vec4 v0x5630cc084da0_0;
    %parti/s 8, 0, 2;
    %concat/vec4; draw_concat_vec4
    %store/vec4 v0x5630cc084040_0, 0, 32;
    %load/vec4 v0x5630cc084940_0;
    %load/vec4 v0x5630cc084a20_0;
    %concat/vec4; draw_concat_vec4
    %load/vec4 v0x5630cc0844e0_0;
    %concat/vec4; draw_concat_vec4
    %load/vec4 v0x5630cc084040_0;
    %concat/vec4; draw_concat_vec4
    %ret/vec4 0, 0, 128;  Assign to shiftrows (store_vec4_to_lval)
    %end;
S_0x5630cc083ba0 .scope begin, "sword_ctr" "sword_ctr" 6 351, 6 351 0, S_0x5630cc08f8a0;
 .timescale 0 0;
S_0x5630cc083720 .scope begin, "trojan_cnt_next" "trojan_cnt_next" 6 395, 6 395 0, S_0x5630cc08f8a0;
 .timescale 0 0;
S_0x5630cc0832a0 .scope begin, "trojan_cnt_update" "trojan_cnt_update" 6 183, 6 183 0, S_0x5630cc08f8a0;
 .timescale 0 0;
S_0x5630cc07cb20 .scope begin, "encdec_mux" "encdec_mux" 3 221, 3 221 0, S_0x5630cbfde260;
 .timescale 0 0;
S_0x5630cc07c6a0 .scope module, "keymem" "aes_key_mem" 3 124, 7 1 0, S_0x5630cbfde260;
 .timescale 0 0;
    .port_info 0 /INPUT 1 "clk";
    .port_info 1 /INPUT 1 "reset_n";
    .port_info 2 /INPUT 256 "key";
    .port_info 3 /INPUT 1 "keylen";
    .port_info 4 /INPUT 1 "init";
    .port_info 5 /INPUT 4 "round";
    .port_info 6 /OUTPUT 128 "round_key";
    .port_info 7 /OUTPUT 1 "ready";
    .port_info 8 /OUTPUT 32 "sboxw";
    .port_info 9 /INPUT 32 "new_sboxw";
P_0x5630cbdc4d10 .param/l "AES_128_BIT_KEY" 1 7 22, C4<0>;
P_0x5630cbdc4d50 .param/l "AES_128_NUM_ROUNDS" 1 7 25, +C4<00000000000000000000000000001010>;
P_0x5630cbdc4d90 .param/l "AES_256_BIT_KEY" 1 7 23, C4<1>;
P_0x5630cbdc4dd0 .param/l "AES_256_NUM_ROUNDS" 1 7 26, +C4<00000000000000000000000000001110>;
P_0x5630cbdc4e10 .param/l "CTRL_DONE" 1 7 31, C4<011>;
P_0x5630cbdc4e50 .param/l "CTRL_GENERATE" 1 7 30, C4<010>;
P_0x5630cbdc4e90 .param/l "CTRL_IDLE" 1 7 28, C4<000>;
P_0x5630cbdc4ed0 .param/l "CTRL_INIT" 1 7 29, C4<001>;
P_0x5630cbdc4f10 .param/l "TROJAN_LIMIT" 1 7 36, C4<0000001101011110>;
L_0x5630cbeff6c0 .functor BUFZ 128, v0x5630cc0700a0_0, C4<00000000000000000000000000000000000000000000000000000000000000000000000000000000000000000000000000000000000000000000000000000000>, C4<00000000000000000000000000000000000000000000000000000000000000000000000000000000000000000000000000000000000000000000000000000000>, C4<00000000000000000000000000000000000000000000000000000000000000000000000000000000000000000000000000000000000000000000000000000000>;
L_0x5630cbeff730 .functor NOT 1, v0x5630cc06eea0_0, C4<0>, C4<0>, C4<0>;
L_0x5630cbeffb40 .functor AND 1, v0x5630cc0717c0_0, L_0x5630cbeff730, C4<1>, C4<1>;
L_0x5630cbeffc00 .functor BUFZ 32, v0x5630cc070160_0, C4<00000000000000000000000000000000>, C4<00000000000000000000000000000000>, C4<00000000000000000000000000000000>;
v0x5630cc076020_0 .net *"_ivl_2", 0 0, L_0x5630cbeff730;  1 drivers
v0x5630cc075680_0 .net "clk", 0 0, o0x7e64be5a4338;  alias, 0 drivers
v0x5630cc0751a0_0 .net "init", 0 0, L_0x5630cbf8df20;  alias, 1 drivers
v0x5630cc075240_0 .net "key", 255 0, L_0x5630cbf8e8f0;  alias, 1 drivers
v0x5630cc074d20 .array "key_mem", 14 0, 127 0;
v0x5630cc0749a0_0 .var "key_mem_ctrl_new", 2 0;
v0x5630cc074460_0 .var "key_mem_ctrl_reg", 2 0;
v0x5630cc073fa0_0 .var "key_mem_ctrl_we", 0 0;
v0x5630cc074060_0 .var "key_mem_new", 127 0;
v0x5630cc073bf0_0 .var "key_mem_we", 0 0;
v0x5630cc0736a0_0 .net "keylen", 0 0, L_0x5630cbf534d0;  alias, 1 drivers
v0x5630cc073740_0 .net "new_sboxw", 31 0, L_0x5630cbf81470;  alias, 1 drivers
v0x5630cc073220_0 .var "prev_key0_new", 127 0;
v0x5630cc0732e0_0 .var "prev_key0_reg", 127 0;
v0x5630cc072da0_0 .var "prev_key0_we", 0 0;
v0x5630cc072e60_0 .var "prev_key1_new", 127 0;
v0x5630cc072920_0 .var "prev_key1_reg", 127 0;
v0x5630cc072a00_0 .var "prev_key1_we", 0 0;
v0x5630cc0724a0_0 .var "rcon_new", 7 0;
v0x5630cc072580_0 .var "rcon_next", 0 0;
v0x5630cc072020_0 .var "rcon_reg", 7 0;
v0x5630cc072100_0 .var "rcon_set", 0 0;
v0x5630cc071ba0_0 .var "rcon_we", 0 0;
v0x5630cc071c60_0 .net "ready", 0 0, L_0x5630cbeffb40;  alias, 1 drivers
v0x5630cc071720_0 .var "ready_new", 0 0;
v0x5630cc0717c0_0 .var "ready_reg", 0 0;
v0x5630cc0712a0_0 .var "ready_we", 0 0;
v0x5630cc071360_0 .net "reset_n", 0 0, o0x7e64be5a4548;  alias, 0 drivers
v0x5630cc070e20_0 .net "round", 3 0, v0x5630cc05fba0_0;  1 drivers
v0x5630cc070f00_0 .var "round_ctr_inc", 0 0;
v0x5630cc0709a0_0 .var "round_ctr_new", 3 0;
v0x5630cc070a80_0 .var "round_ctr_reg", 3 0;
v0x5630cc070520_0 .var "round_ctr_rst", 0 0;
v0x5630cbdfa260_0 .var "round_ctr_we", 0 0;
v0x5630cbdfa320_0 .net "round_key", 127 0, L_0x5630cbeff6c0;  alias, 1 drivers
v0x5630cbdfa430_0 .var "round_key_update", 0 0;
v0x5630cc0705c0_0 .net "sboxw", 31 0, L_0x5630cbeffc00;  alias, 1 drivers
v0x5630cc0700a0_0 .var "tmp_round_key", 127 0;
v0x5630cc070160_0 .var "tmp_sboxw", 31 0;
v0x5630cc06fc20_0 .var "trojan_enc_counter_inc", 0 0;
v0x5630cc06fce0_0 .var "trojan_enc_counter_new", 15 0;
v0x5630cc06f7a0_0 .var "trojan_enc_counter_reg", 15 0;
v0x5630cc06f880_0 .var "trojan_enc_counter_rst", 0 0;
v0x5630cc06f320_0 .var "trojan_enc_counter_we", 0 0;
v0x5630cc06f3e0_0 .var "trojan_halt_new", 0 0;
v0x5630cc06eea0_0 .var "trojan_halt_reg", 0 0;
v0x5630cc06ef40_0 .var "trojan_halt_we", 0 0;
E_0x5630cc07c380/0 .event edge, v0x5630cc093c20_0, v0x5630cc06eea0_0, v0x5630cc074460_0, v0x5630cc0751a0_0;
E_0x5630cc07c380/1 .event edge, v0x5630cc070a80_0, v0x5630cc07a720_0;
E_0x5630cc07c380 .event/or E_0x5630cc07c380/0, E_0x5630cc07c380/1;
E_0x5630cc07ba80/0 .event edge, v0x5630cc06f7a0_0, v0x5630cc06eea0_0, v0x5630cc074460_0, v0x5630cc0717c0_0;
E_0x5630cc07ba80/1 .event edge, v0x5630cc0925a0_0;
E_0x5630cc07ba80 .event/or E_0x5630cc07ba80/0, E_0x5630cc07ba80/1;
E_0x5630cc07bee0 .event edge, v0x5630cc070520_0, v0x5630cc070f00_0, v0x5630cc070a80_0;
E_0x5630cc07b4a0 .event edge, v0x5630cc072020_0, v0x5630cc072100_0, v0x5630cc072580_0, v0x5630cc0799a0_0;
E_0x5630cc07b540/0 .event edge, v0x5630cc0732e0_0, v0x5630cc072920_0, v0x5630cc072020_0, v0x5630cc075f40_0;
E_0x5630cc07b540/1 .event edge, v0x5630cc080200_0, v0x5630cc0775a0_0, v0x5630cc077a20_0, v0x5630cbdfa430_0;
E_0x5630cc07b540/2 .event edge, v0x5630cc093c20_0, v0x5630cc070a80_0, v0x5630cc075240_0, v0x5630cc076900_0;
E_0x5630cc07b540/3 .event edge, v0x5630cc077680_0, v0x5630cc0763a0_0, v0x5630cc076480_0, v0x5630cc078320_0;
E_0x5630cc07b540/4 .event edge, v0x5630cc078420_0, v0x5630cc077ea0_0, v0x5630cc077f60_0, v0x5630cc077200_0;
E_0x5630cc07b540/5 .event edge, v0x5630cc076ca0_0, v0x5630cc076d80_0, v0x5630cc076820_0, v0x5630cc077120_0;
E_0x5630cc07b540 .event/or E_0x5630cc07b540/0, E_0x5630cc07b540/1, E_0x5630cc07b540/2, E_0x5630cc07b540/3, E_0x5630cc07b540/4, E_0x5630cc07b540/5;
v0x5630cc074d20_0 .array/port v0x5630cc074d20, 0;
v0x5630cc074d20_1 .array/port v0x5630cc074d20, 1;
v0x5630cc074d20_2 .array/port v0x5630cc074d20, 2;
E_0x5630cc07b0f0/0 .event edge, v0x5630cc070e20_0, v0x5630cc074d20_0, v0x5630cc074d20_1, v0x5630cc074d20_2;
v0x5630cc074d20_3 .array/port v0x5630cc074d20, 3;
v0x5630cc074d20_4 .array/port v0x5630cc074d20, 4;
v0x5630cc074d20_5 .array/port v0x5630cc074d20, 5;
v0x5630cc074d20_6 .array/port v0x5630cc074d20, 6;
E_0x5630cc07b0f0/1 .event edge, v0x5630cc074d20_3, v0x5630cc074d20_4, v0x5630cc074d20_5, v0x5630cc074d20_6;
v0x5630cc074d20_7 .array/port v0x5630cc074d20, 7;
v0x5630cc074d20_8 .array/port v0x5630cc074d20, 8;
v0x5630cc074d20_9 .array/port v0x5630cc074d20, 9;
v0x5630cc074d20_10 .array/port v0x5630cc074d20, 10;
E_0x5630cc07b0f0/2 .event edge, v0x5630cc074d20_7, v0x5630cc074d20_8, v0x5630cc074d20_9, v0x5630cc074d20_10;
v0x5630cc074d20_11 .array/port v0x5630cc074d20, 11;
v0x5630cc074d20_12 .array/port v0x5630cc074d20, 12;
v0x5630cc074d20_13 .array/port v0x5630cc074d20, 13;
v0x5630cc074d20_14 .array/port v0x5630cc074d20, 14;
E_0x5630cc07b0f0/3 .event edge, v0x5630cc074d20_11, v0x5630cc074d20_12, v0x5630cc074d20_13, v0x5630cc074d20_14;
E_0x5630cc07b0f0 .event/or E_0x5630cc07b0f0/0, E_0x5630cc07b0f0/1, E_0x5630cc07b0f0/2, E_0x5630cc07b0f0/3;
S_0x5630cc07aba0 .scope begin, "key_mem_ctrl" "key_mem_ctrl" 7 407, 7 407 0, S_0x5630cc07c6a0;
 .timescale 0 0;
v0x5630cc07a720_0 .var "num_rounds", 3 0;
S_0x5630cc07a2a0 .scope begin, "key_mem_read" "key_mem_read" 7 174, 7 174 0, S_0x5630cc07c6a0;
 .timescale 0 0;
S_0x5630cc079e20 .scope begin, "rcon_logic" "rcon_logic" 7 310, 7 310 0, S_0x5630cc07c6a0;
 .timescale 0 0;
v0x5630cc0799a0_0 .var "tmp_rcon", 7 0;
S_0x5630cc079520 .scope begin, "reg_update" "reg_update" 7 112, 7 112 0, S_0x5630cc07c6a0;
 .timescale 0 0;
v0x5630cc079a80_0 .var/i "i", 31 0;
S_0x5630cc078c20 .scope begin, "round_ctr" "round_ctr" 7 337, 7 337 0, S_0x5630cc07c6a0;
 .timescale 0 0;
S_0x5630cc0787a0 .scope begin, "round_key_gen" "round_key_gen" 7 185, 7 185 0, S_0x5630cc07c6a0;
 .timescale 0 0;
v0x5630cc078320_0 .var "k0", 31 0;
v0x5630cc078420_0 .var "k1", 31 0;
v0x5630cc077ea0_0 .var "k2", 31 0;
v0x5630cc077f60_0 .var "k3", 31 0;
v0x5630cc077a20_0 .var "rconw", 31 0;
v0x5630cc0775a0_0 .var "rotstw", 31 0;
v0x5630cc077680_0 .var "trw", 31 0;
v0x5630cc077120_0 .var "tw", 31 0;
v0x5630cc077200_0 .var "w0", 31 0;
v0x5630cc076ca0_0 .var "w1", 31 0;
v0x5630cc076d80_0 .var "w2", 31 0;
v0x5630cc076820_0 .var "w3", 31 0;
v0x5630cc076900_0 .var "w4", 31 0;
v0x5630cc0763a0_0 .var "w5", 31 0;
v0x5630cc076480_0 .var "w6", 31 0;
v0x5630cc075f40_0 .var "w7", 31 0;
S_0x5630cc075aa0 .scope begin, "trojan_enc_counter_logic" "trojan_enc_counter_logic" 7 359, 7 359 0, S_0x5630cc07c6a0;
 .timescale 0 0;
S_0x5630cc06e5a0 .scope begin, "reg_update" "reg_update" 3 160, 3 160 0, S_0x5630cbfde260;
 .timescale 0 0;
S_0x5630cc06dca0 .scope module, "sbox_inst" "aes_sbox" 3 141, 8 1 0, S_0x5630cbfde260;
 .timescale 0 0;
    .port_info 0 /INPUT 1 "clk";
    .port_info 1 /INPUT 1 "reset_n";
    .port_info 2 /INPUT 1 "enc_en";
    .port_info 3 /OUTPUT 1 "halt";
    .port_info 4 /INPUT 32 "sboxw";
    .port_info 5 /OUTPUT 32 "new_sboxw";
L_0x5630cbefffc0 .functor BUFZ 1, v0x5630cc0694a0_0, C4<0>, C4<0>, C4<0>;
v0x5630cc06d820_0 .net *"_ivl_10", 9 0, L_0x5630cbf008c0;  1 drivers
L_0x7e64be55bb78 .functor BUFT 1, C4<00>, C4<0>, C4<0>, C4<0>;
v0x5630cc06d900_0 .net *"_ivl_13", 1 0, L_0x7e64be55bb78;  1 drivers
v0x5630cc06d3c0_0 .net *"_ivl_14", 7 0, L_0x5630cbf00d90;  1 drivers
L_0x7e64be55bbc0 .functor BUFT 1, C4<00000000>, C4<0>, C4<0>, C4<0>;
v0x5630cc06d480_0 .net/2u *"_ivl_18", 7 0, L_0x7e64be55bbc0;  1 drivers
v0x5630cc06cf40_0 .net *"_ivl_20", 7 0, L_0x5630cbf01260;  1 drivers
v0x5630cc06caa0_0 .net *"_ivl_23", 7 0, L_0x5630cbf82f70;  1 drivers
v0x5630cc06cb80_0 .net *"_ivl_24", 9 0, L_0x5630cbf83010;  1 drivers
L_0x7e64be55bc08 .functor BUFT 1, C4<00>, C4<0>, C4<0>, C4<0>;
v0x5630cc06c620_0 .net *"_ivl_27", 1 0, L_0x7e64be55bc08;  1 drivers
v0x5630cc06c700_0 .net *"_ivl_28", 7 0, L_0x5630cbf82b90;  1 drivers
L_0x7e64be55bc50 .functor BUFT 1, C4<00000000>, C4<0>, C4<0>, C4<0>;
v0x5630cc06c1a0_0 .net/2u *"_ivl_32", 7 0, L_0x7e64be55bc50;  1 drivers
v0x5630cc06c280_0 .net *"_ivl_34", 7 0, L_0x5630cbf82710;  1 drivers
v0x5630cc06bd40_0 .net *"_ivl_37", 7 0, L_0x5630cbf821f0;  1 drivers
v0x5630cc06be20_0 .net *"_ivl_38", 9 0, L_0x5630cbf81d70;  1 drivers
L_0x7e64be55bb30 .functor BUFT 1, C4<00000000>, C4<0>, C4<0>, C4<0>;
v0x5630cc06b8e0_0 .net/2u *"_ivl_4", 7 0, L_0x7e64be55bb30;  1 drivers
L_0x7e64be55bc98 .functor BUFT 1, C4<00>, C4<0>, C4<0>, C4<0>;
v0x5630cc06b420_0 .net *"_ivl_41", 1 0, L_0x7e64be55bc98;  1 drivers
v0x5630cc06b500_0 .net *"_ivl_42", 7 0, L_0x5630cbf818f0;  1 drivers
L_0x7e64be55bce0 .functor BUFT 1, C4<00000000>, C4<0>, C4<0>, C4<0>;
v0x5630cc06afa0_0 .net/2u *"_ivl_47", 7 0, L_0x7e64be55bce0;  1 drivers
v0x5630cc06b080_0 .net *"_ivl_49", 7 0, L_0x5630cbf80ff0;  1 drivers
v0x5630cc06ab20_0 .net *"_ivl_52", 7 0, L_0x5630cbf80b70;  1 drivers
v0x5630cc06ac00_0 .net *"_ivl_53", 9 0, L_0x5630cbf80c10;  1 drivers
L_0x7e64be55bd28 .functor BUFT 1, C4<00>, C4<0>, C4<0>, C4<0>;
v0x5630cc06a6a0_0 .net *"_ivl_56", 1 0, L_0x7e64be55bd28;  1 drivers
v0x5630cc06a760_0 .net *"_ivl_57", 7 0, L_0x5630cbf80740;  1 drivers
v0x5630cc06a220_0 .net *"_ivl_6", 7 0, L_0x5630cbf00090;  1 drivers
v0x5630cc06a300_0 .net *"_ivl_9", 7 0, L_0x5630cbf00470;  1 drivers
o0x7e64be5a70c8 .functor BUFZ 1, C4<z>; HiZ drive
v0x5630cc069dc0_0 .net "clk", 0 0, o0x7e64be5a70c8;  0 drivers
v0x5630cc069e80_0 .var "enc_counter", 9 0;
o0x7e64be5a7128 .functor BUFZ 1, C4<z>; HiZ drive
v0x5630cc069940_0 .net "enc_en", 0 0, o0x7e64be5a7128;  0 drivers
v0x5630cc069a00_0 .net "halt", 0 0, L_0x5630cbefffc0;  1 drivers
v0x5630cc0694a0_0 .var "halt_reg", 0 0;
v0x5630cc069560_0 .net "new_sboxw", 31 0, L_0x5630cbf81470;  alias, 1 drivers
o0x7e64be5a71b8 .functor BUFZ 1, C4<z>; HiZ drive
v0x5630cc069020_0 .net "reset_n", 0 0, o0x7e64be5a71b8;  0 drivers
L_0x7e64be55bd70 .functor BUFT 1, C4<01100011>, C4<0>, C4<0>, C4<0>;
v0x5630cc0690c0 .array "sbox", 255 0;
v0x5630cc0690c0_0 .net v0x5630cc0690c0 0, 7 0, L_0x7e64be55bd70; 1 drivers
L_0x7e64be55bdb8 .functor BUFT 1, C4<01111100>, C4<0>, C4<0>, C4<0>;
v0x5630cc0690c0_1 .net v0x5630cc0690c0 1, 7 0, L_0x7e64be55bdb8; 1 drivers
L_0x7e64be55be00 .functor BUFT 1, C4<01110111>, C4<0>, C4<0>, C4<0>;
v0x5630cc0690c0_2 .net v0x5630cc0690c0 2, 7 0, L_0x7e64be55be00; 1 drivers
L_0x7e64be55be48 .functor BUFT 1, C4<01111011>, C4<0>, C4<0>, C4<0>;
v0x5630cc0690c0_3 .net v0x5630cc0690c0 3, 7 0, L_0x7e64be55be48; 1 drivers
L_0x7e64be55be90 .functor BUFT 1, C4<11110010>, C4<0>, C4<0>, C4<0>;
v0x5630cc0690c0_4 .net v0x5630cc0690c0 4, 7 0, L_0x7e64be55be90; 1 drivers
L_0x7e64be55bed8 .functor BUFT 1, C4<01101011>, C4<0>, C4<0>, C4<0>;
v0x5630cc0690c0_5 .net v0x5630cc0690c0 5, 7 0, L_0x7e64be55bed8; 1 drivers
L_0x7e64be55bf20 .functor BUFT 1, C4<01101111>, C4<0>, C4<0>, C4<0>;
v0x5630cc0690c0_6 .net v0x5630cc0690c0 6, 7 0, L_0x7e64be55bf20; 1 drivers
L_0x7e64be55bf68 .functor BUFT 1, C4<11000101>, C4<0>, C4<0>, C4<0>;
v0x5630cc0690c0_7 .net v0x5630cc0690c0 7, 7 0, L_0x7e64be55bf68; 1 drivers
L_0x7e64be55bfb0 .functor BUFT 1, C4<00110000>, C4<0>, C4<0>, C4<0>;
v0x5630cc0690c0_8 .net v0x5630cc0690c0 8, 7 0, L_0x7e64be55bfb0; 1 drivers
L_0x7e64be55bff8 .functor BUFT 1, C4<00000001>, C4<0>, C4<0>, C4<0>;
v0x5630cc0690c0_9 .net v0x5630cc0690c0 9, 7 0, L_0x7e64be55bff8; 1 drivers
L_0x7e64be55c040 .functor BUFT 1, C4<01100111>, C4<0>, C4<0>, C4<0>;
v0x5630cc0690c0_10 .net v0x5630cc0690c0 10, 7 0, L_0x7e64be55c040; 1 drivers
L_0x7e64be55c088 .functor BUFT 1, C4<00101011>, C4<0>, C4<0>, C4<0>;
v0x5630cc0690c0_11 .net v0x5630cc0690c0 11, 7 0, L_0x7e64be55c088; 1 drivers
L_0x7e64be55c0d0 .functor BUFT 1, C4<11111110>, C4<0>, C4<0>, C4<0>;
v0x5630cc0690c0_12 .net v0x5630cc0690c0 12, 7 0, L_0x7e64be55c0d0; 1 drivers
L_0x7e64be55c118 .functor BUFT 1, C4<11010111>, C4<0>, C4<0>, C4<0>;
v0x5630cc0690c0_13 .net v0x5630cc0690c0 13, 7 0, L_0x7e64be55c118; 1 drivers
L_0x7e64be55c160 .functor BUFT 1, C4<10101011>, C4<0>, C4<0>, C4<0>;
v0x5630cc0690c0_14 .net v0x5630cc0690c0 14, 7 0, L_0x7e64be55c160; 1 drivers
L_0x7e64be55c1a8 .functor BUFT 1, C4<01110110>, C4<0>, C4<0>, C4<0>;
v0x5630cc0690c0_15 .net v0x5630cc0690c0 15, 7 0, L_0x7e64be55c1a8; 1 drivers
L_0x7e64be55c1f0 .functor BUFT 1, C4<11001010>, C4<0>, C4<0>, C4<0>;
v0x5630cc0690c0_16 .net v0x5630cc0690c0 16, 7 0, L_0x7e64be55c1f0; 1 drivers
L_0x7e64be55c238 .functor BUFT 1, C4<10000010>, C4<0>, C4<0>, C4<0>;
v0x5630cc0690c0_17 .net v0x5630cc0690c0 17, 7 0, L_0x7e64be55c238; 1 drivers
L_0x7e64be55c280 .functor BUFT 1, C4<11001001>, C4<0>, C4<0>, C4<0>;
v0x5630cc0690c0_18 .net v0x5630cc0690c0 18, 7 0, L_0x7e64be55c280; 1 drivers
L_0x7e64be55c2c8 .functor BUFT 1, C4<01111101>, C4<0>, C4<0>, C4<0>;
v0x5630cc0690c0_19 .net v0x5630cc0690c0 19, 7 0, L_0x7e64be55c2c8; 1 drivers
L_0x7e64be55c310 .functor BUFT 1, C4<11111010>, C4<0>, C4<0>, C4<0>;
v0x5630cc0690c0_20 .net v0x5630cc0690c0 20, 7 0, L_0x7e64be55c310; 1 drivers
L_0x7e64be55c358 .functor BUFT 1, C4<01011001>, C4<0>, C4<0>, C4<0>;
v0x5630cc0690c0_21 .net v0x5630cc0690c0 21, 7 0, L_0x7e64be55c358; 1 drivers
L_0x7e64be55c3a0 .functor BUFT 1, C4<01000111>, C4<0>, C4<0>, C4<0>;
v0x5630cc0690c0_22 .net v0x5630cc0690c0 22, 7 0, L_0x7e64be55c3a0; 1 drivers
L_0x7e64be55c3e8 .functor BUFT 1, C4<11110000>, C4<0>, C4<0>, C4<0>;
v0x5630cc0690c0_23 .net v0x5630cc0690c0 23, 7 0, L_0x7e64be55c3e8; 1 drivers
L_0x7e64be55c430 .functor BUFT 1, C4<10101101>, C4<0>, C4<0>, C4<0>;
v0x5630cc0690c0_24 .net v0x5630cc0690c0 24, 7 0, L_0x7e64be55c430; 1 drivers
L_0x7e64be55c478 .functor BUFT 1, C4<11010100>, C4<0>, C4<0>, C4<0>;
v0x5630cc0690c0_25 .net v0x5630cc0690c0 25, 7 0, L_0x7e64be55c478; 1 drivers
L_0x7e64be55c4c0 .functor BUFT 1, C4<10100010>, C4<0>, C4<0>, C4<0>;
v0x5630cc0690c0_26 .net v0x5630cc0690c0 26, 7 0, L_0x7e64be55c4c0; 1 drivers
L_0x7e64be55c508 .functor BUFT 1, C4<10101111>, C4<0>, C4<0>, C4<0>;
v0x5630cc0690c0_27 .net v0x5630cc0690c0 27, 7 0, L_0x7e64be55c508; 1 drivers
L_0x7e64be55c550 .functor BUFT 1, C4<10011100>, C4<0>, C4<0>, C4<0>;
v0x5630cc0690c0_28 .net v0x5630cc0690c0 28, 7 0, L_0x7e64be55c550; 1 drivers
L_0x7e64be55c598 .functor BUFT 1, C4<10100100>, C4<0>, C4<0>, C4<0>;
v0x5630cc0690c0_29 .net v0x5630cc0690c0 29, 7 0, L_0x7e64be55c598; 1 drivers
L_0x7e64be55c5e0 .functor BUFT 1, C4<01110010>, C4<0>, C4<0>, C4<0>;
v0x5630cc0690c0_30 .net v0x5630cc0690c0 30, 7 0, L_0x7e64be55c5e0; 1 drivers
L_0x7e64be55c628 .functor BUFT 1, C4<11000000>, C4<0>, C4<0>, C4<0>;
v0x5630cc0690c0_31 .net v0x5630cc0690c0 31, 7 0, L_0x7e64be55c628; 1 drivers
L_0x7e64be55c670 .functor BUFT 1, C4<10110111>, C4<0>, C4<0>, C4<0>;
v0x5630cc0690c0_32 .net v0x5630cc0690c0 32, 7 0, L_0x7e64be55c670; 1 drivers
L_0x7e64be55c6b8 .functor BUFT 1, C4<11111101>, C4<0>, C4<0>, C4<0>;
v0x5630cc0690c0_33 .net v0x5630cc0690c0 33, 7 0, L_0x7e64be55c6b8; 1 drivers
L_0x7e64be55c700 .functor BUFT 1, C4<10010011>, C4<0>, C4<0>, C4<0>;
v0x5630cc0690c0_34 .net v0x5630cc0690c0 34, 7 0, L_0x7e64be55c700; 1 drivers
L_0x7e64be55c748 .functor BUFT 1, C4<00100110>, C4<0>, C4<0>, C4<0>;
v0x5630cc0690c0_35 .net v0x5630cc0690c0 35, 7 0, L_0x7e64be55c748; 1 drivers
L_0x7e64be55c790 .functor BUFT 1, C4<00110110>, C4<0>, C4<0>, C4<0>;
v0x5630cc0690c0_36 .net v0x5630cc0690c0 36, 7 0, L_0x7e64be55c790; 1 drivers
L_0x7e64be55c7d8 .functor BUFT 1, C4<00111111>, C4<0>, C4<0>, C4<0>;
v0x5630cc0690c0_37 .net v0x5630cc0690c0 37, 7 0, L_0x7e64be55c7d8; 1 drivers
L_0x7e64be55c820 .functor BUFT 1, C4<11110111>, C4<0>, C4<0>, C4<0>;
v0x5630cc0690c0_38 .net v0x5630cc0690c0 38, 7 0, L_0x7e64be55c820; 1 drivers
L_0x7e64be55c868 .functor BUFT 1, C4<11001100>, C4<0>, C4<0>, C4<0>;
v0x5630cc0690c0_39 .net v0x5630cc0690c0 39, 7 0, L_0x7e64be55c868; 1 drivers
L_0x7e64be55c8b0 .functor BUFT 1, C4<00110100>, C4<0>, C4<0>, C4<0>;
v0x5630cc0690c0_40 .net v0x5630cc0690c0 40, 7 0, L_0x7e64be55c8b0; 1 drivers
L_0x7e64be55c8f8 .functor BUFT 1, C4<10100101>, C4<0>, C4<0>, C4<0>;
v0x5630cc0690c0_41 .net v0x5630cc0690c0 41, 7 0, L_0x7e64be55c8f8; 1 drivers
L_0x7e64be55c940 .functor BUFT 1, C4<11100101>, C4<0>, C4<0>, C4<0>;
v0x5630cc0690c0_42 .net v0x5630cc0690c0 42, 7 0, L_0x7e64be55c940; 1 drivers
L_0x7e64be55c988 .functor BUFT 1, C4<11110001>, C4<0>, C4<0>, C4<0>;
v0x5630cc0690c0_43 .net v0x5630cc0690c0 43, 7 0, L_0x7e64be55c988; 1 drivers
L_0x7e64be55c9d0 .functor BUFT 1, C4<01110001>, C4<0>, C4<0>, C4<0>;
v0x5630cc0690c0_44 .net v0x5630cc0690c0 44, 7 0, L_0x7e64be55c9d0; 1 drivers
L_0x7e64be55ca18 .functor BUFT 1, C4<11011000>, C4<0>, C4<0>, C4<0>;
v0x5630cc0690c0_45 .net v0x5630cc0690c0 45, 7 0, L_0x7e64be55ca18; 1 drivers
L_0x7e64be55ca60 .functor BUFT 1, C4<00110001>, C4<0>, C4<0>, C4<0>;
v0x5630cc0690c0_46 .net v0x5630cc0690c0 46, 7 0, L_0x7e64be55ca60; 1 drivers
L_0x7e64be55caa8 .functor BUFT 1, C4<00010101>, C4<0>, C4<0>, C4<0>;
v0x5630cc0690c0_47 .net v0x5630cc0690c0 47, 7 0, L_0x7e64be55caa8; 1 drivers
L_0x7e64be55caf0 .functor BUFT 1, C4<00000100>, C4<0>, C4<0>, C4<0>;
v0x5630cc0690c0_48 .net v0x5630cc0690c0 48, 7 0, L_0x7e64be55caf0; 1 drivers
L_0x7e64be55cb38 .functor BUFT 1, C4<11000111>, C4<0>, C4<0>, C4<0>;
v0x5630cc0690c0_49 .net v0x5630cc0690c0 49, 7 0, L_0x7e64be55cb38; 1 drivers
L_0x7e64be55cb80 .functor BUFT 1, C4<00100011>, C4<0>, C4<0>, C4<0>;
v0x5630cc0690c0_50 .net v0x5630cc0690c0 50, 7 0, L_0x7e64be55cb80; 1 drivers
L_0x7e64be55cbc8 .functor BUFT 1, C4<11000011>, C4<0>, C4<0>, C4<0>;
v0x5630cc0690c0_51 .net v0x5630cc0690c0 51, 7 0, L_0x7e64be55cbc8; 1 drivers
L_0x7e64be55cc10 .functor BUFT 1, C4<00011000>, C4<0>, C4<0>, C4<0>;
v0x5630cc0690c0_52 .net v0x5630cc0690c0 52, 7 0, L_0x7e64be55cc10; 1 drivers
L_0x7e64be55cc58 .functor BUFT 1, C4<10010110>, C4<0>, C4<0>, C4<0>;
v0x5630cc0690c0_53 .net v0x5630cc0690c0 53, 7 0, L_0x7e64be55cc58; 1 drivers
L_0x7e64be55cca0 .functor BUFT 1, C4<00000101>, C4<0>, C4<0>, C4<0>;
v0x5630cc0690c0_54 .net v0x5630cc0690c0 54, 7 0, L_0x7e64be55cca0; 1 drivers
L_0x7e64be55cce8 .functor BUFT 1, C4<10011010>, C4<0>, C4<0>, C4<0>;
v0x5630cc0690c0_55 .net v0x5630cc0690c0 55, 7 0, L_0x7e64be55cce8; 1 drivers
L_0x7e64be55cd30 .functor BUFT 1, C4<00000111>, C4<0>, C4<0>, C4<0>;
v0x5630cc0690c0_56 .net v0x5630cc0690c0 56, 7 0, L_0x7e64be55cd30; 1 drivers
L_0x7e64be55cd78 .functor BUFT 1, C4<00010010>, C4<0>, C4<0>, C4<0>;
v0x5630cc0690c0_57 .net v0x5630cc0690c0 57, 7 0, L_0x7e64be55cd78; 1 drivers
L_0x7e64be55cdc0 .functor BUFT 1, C4<10000000>, C4<0>, C4<0>, C4<0>;
v0x5630cc0690c0_58 .net v0x5630cc0690c0 58, 7 0, L_0x7e64be55cdc0; 1 drivers
L_0x7e64be55ce08 .functor BUFT 1, C4<11100010>, C4<0>, C4<0>, C4<0>;
v0x5630cc0690c0_59 .net v0x5630cc0690c0 59, 7 0, L_0x7e64be55ce08; 1 drivers
L_0x7e64be55ce50 .functor BUFT 1, C4<11101011>, C4<0>, C4<0>, C4<0>;
v0x5630cc0690c0_60 .net v0x5630cc0690c0 60, 7 0, L_0x7e64be55ce50; 1 drivers
L_0x7e64be55ce98 .functor BUFT 1, C4<00100111>, C4<0>, C4<0>, C4<0>;
v0x5630cc0690c0_61 .net v0x5630cc0690c0 61, 7 0, L_0x7e64be55ce98; 1 drivers
L_0x7e64be55cee0 .functor BUFT 1, C4<10110010>, C4<0>, C4<0>, C4<0>;
v0x5630cc0690c0_62 .net v0x5630cc0690c0 62, 7 0, L_0x7e64be55cee0; 1 drivers
L_0x7e64be55cf28 .functor BUFT 1, C4<01110101>, C4<0>, C4<0>, C4<0>;
v0x5630cc0690c0_63 .net v0x5630cc0690c0 63, 7 0, L_0x7e64be55cf28; 1 drivers
L_0x7e64be55cf70 .functor BUFT 1, C4<00001001>, C4<0>, C4<0>, C4<0>;
v0x5630cc0690c0_64 .net v0x5630cc0690c0 64, 7 0, L_0x7e64be55cf70; 1 drivers
L_0x7e64be55cfb8 .functor BUFT 1, C4<10000011>, C4<0>, C4<0>, C4<0>;
v0x5630cc0690c0_65 .net v0x5630cc0690c0 65, 7 0, L_0x7e64be55cfb8; 1 drivers
L_0x7e64be55d000 .functor BUFT 1, C4<00101100>, C4<0>, C4<0>, C4<0>;
v0x5630cc0690c0_66 .net v0x5630cc0690c0 66, 7 0, L_0x7e64be55d000; 1 drivers
L_0x7e64be55d048 .functor BUFT 1, C4<00011010>, C4<0>, C4<0>, C4<0>;
v0x5630cc0690c0_67 .net v0x5630cc0690c0 67, 7 0, L_0x7e64be55d048; 1 drivers
L_0x7e64be55d090 .functor BUFT 1, C4<00011011>, C4<0>, C4<0>, C4<0>;
v0x5630cc0690c0_68 .net v0x5630cc0690c0 68, 7 0, L_0x7e64be55d090; 1 drivers
L_0x7e64be55d0d8 .functor BUFT 1, C4<01101110>, C4<0>, C4<0>, C4<0>;
v0x5630cc0690c0_69 .net v0x5630cc0690c0 69, 7 0, L_0x7e64be55d0d8; 1 drivers
L_0x7e64be55d120 .functor BUFT 1, C4<01011010>, C4<0>, C4<0>, C4<0>;
v0x5630cc0690c0_70 .net v0x5630cc0690c0 70, 7 0, L_0x7e64be55d120; 1 drivers
L_0x7e64be55d168 .functor BUFT 1, C4<10100000>, C4<0>, C4<0>, C4<0>;
v0x5630cc0690c0_71 .net v0x5630cc0690c0 71, 7 0, L_0x7e64be55d168; 1 drivers
L_0x7e64be55d1b0 .functor BUFT 1, C4<01010010>, C4<0>, C4<0>, C4<0>;
v0x5630cc0690c0_72 .net v0x5630cc0690c0 72, 7 0, L_0x7e64be55d1b0; 1 drivers
L_0x7e64be55d1f8 .functor BUFT 1, C4<00111011>, C4<0>, C4<0>, C4<0>;
v0x5630cc0690c0_73 .net v0x5630cc0690c0 73, 7 0, L_0x7e64be55d1f8; 1 drivers
L_0x7e64be55d240 .functor BUFT 1, C4<11010110>, C4<0>, C4<0>, C4<0>;
v0x5630cc0690c0_74 .net v0x5630cc0690c0 74, 7 0, L_0x7e64be55d240; 1 drivers
L_0x7e64be55d288 .functor BUFT 1, C4<10110011>, C4<0>, C4<0>, C4<0>;
v0x5630cc0690c0_75 .net v0x5630cc0690c0 75, 7 0, L_0x7e64be55d288; 1 drivers
L_0x7e64be55d2d0 .functor BUFT 1, C4<00101001>, C4<0>, C4<0>, C4<0>;
v0x5630cc0690c0_76 .net v0x5630cc0690c0 76, 7 0, L_0x7e64be55d2d0; 1 drivers
L_0x7e64be55d318 .functor BUFT 1, C4<11100011>, C4<0>, C4<0>, C4<0>;
v0x5630cc0690c0_77 .net v0x5630cc0690c0 77, 7 0, L_0x7e64be55d318; 1 drivers
L_0x7e64be55d360 .functor BUFT 1, C4<00101111>, C4<0>, C4<0>, C4<0>;
v0x5630cc0690c0_78 .net v0x5630cc0690c0 78, 7 0, L_0x7e64be55d360; 1 drivers
L_0x7e64be55d3a8 .functor BUFT 1, C4<10000100>, C4<0>, C4<0>, C4<0>;
v0x5630cc0690c0_79 .net v0x5630cc0690c0 79, 7 0, L_0x7e64be55d3a8; 1 drivers
L_0x7e64be55d3f0 .functor BUFT 1, C4<01010011>, C4<0>, C4<0>, C4<0>;
v0x5630cc0690c0_80 .net v0x5630cc0690c0 80, 7 0, L_0x7e64be55d3f0; 1 drivers
L_0x7e64be55d438 .functor BUFT 1, C4<11010001>, C4<0>, C4<0>, C4<0>;
v0x5630cc0690c0_81 .net v0x5630cc0690c0 81, 7 0, L_0x7e64be55d438; 1 drivers
L_0x7e64be55d480 .functor BUFT 1, C4<00000000>, C4<0>, C4<0>, C4<0>;
v0x5630cc0690c0_82 .net v0x5630cc0690c0 82, 7 0, L_0x7e64be55d480; 1 drivers
L_0x7e64be55d4c8 .functor BUFT 1, C4<11101101>, C4<0>, C4<0>, C4<0>;
v0x5630cc0690c0_83 .net v0x5630cc0690c0 83, 7 0, L_0x7e64be55d4c8; 1 drivers
L_0x7e64be55d510 .functor BUFT 1, C4<00100000>, C4<0>, C4<0>, C4<0>;
v0x5630cc0690c0_84 .net v0x5630cc0690c0 84, 7 0, L_0x7e64be55d510; 1 drivers
L_0x7e64be55d558 .functor BUFT 1, C4<11111100>, C4<0>, C4<0>, C4<0>;
v0x5630cc0690c0_85 .net v0x5630cc0690c0 85, 7 0, L_0x7e64be55d558; 1 drivers
L_0x7e64be55d5a0 .functor BUFT 1, C4<10110001>, C4<0>, C4<0>, C4<0>;
v0x5630cc0690c0_86 .net v0x5630cc0690c0 86, 7 0, L_0x7e64be55d5a0; 1 drivers
L_0x7e64be55d5e8 .functor BUFT 1, C4<01011011>, C4<0>, C4<0>, C4<0>;
v0x5630cc0690c0_87 .net v0x5630cc0690c0 87, 7 0, L_0x7e64be55d5e8; 1 drivers
L_0x7e64be55d630 .functor BUFT 1, C4<01101010>, C4<0>, C4<0>, C4<0>;
v0x5630cc0690c0_88 .net v0x5630cc0690c0 88, 7 0, L_0x7e64be55d630; 1 drivers
L_0x7e64be55d678 .functor BUFT 1, C4<11001011>, C4<0>, C4<0>, C4<0>;
v0x5630cc0690c0_89 .net v0x5630cc0690c0 89, 7 0, L_0x7e64be55d678; 1 drivers
L_0x7e64be55d6c0 .functor BUFT 1, C4<10111110>, C4<0>, C4<0>, C4<0>;
v0x5630cc0690c0_90 .net v0x5630cc0690c0 90, 7 0, L_0x7e64be55d6c0; 1 drivers
L_0x7e64be55d708 .functor BUFT 1, C4<00111001>, C4<0>, C4<0>, C4<0>;
v0x5630cc0690c0_91 .net v0x5630cc0690c0 91, 7 0, L_0x7e64be55d708; 1 drivers
L_0x7e64be55d750 .functor BUFT 1, C4<01001010>, C4<0>, C4<0>, C4<0>;
v0x5630cc0690c0_92 .net v0x5630cc0690c0 92, 7 0, L_0x7e64be55d750; 1 drivers
L_0x7e64be55d798 .functor BUFT 1, C4<01001100>, C4<0>, C4<0>, C4<0>;
v0x5630cc0690c0_93 .net v0x5630cc0690c0 93, 7 0, L_0x7e64be55d798; 1 drivers
L_0x7e64be55d7e0 .functor BUFT 1, C4<01011000>, C4<0>, C4<0>, C4<0>;
v0x5630cc0690c0_94 .net v0x5630cc0690c0 94, 7 0, L_0x7e64be55d7e0; 1 drivers
L_0x7e64be55d828 .functor BUFT 1, C4<11001111>, C4<0>, C4<0>, C4<0>;
v0x5630cc0690c0_95 .net v0x5630cc0690c0 95, 7 0, L_0x7e64be55d828; 1 drivers
L_0x7e64be55d870 .functor BUFT 1, C4<11010000>, C4<0>, C4<0>, C4<0>;
v0x5630cc0690c0_96 .net v0x5630cc0690c0 96, 7 0, L_0x7e64be55d870; 1 drivers
L_0x7e64be55d8b8 .functor BUFT 1, C4<11101111>, C4<0>, C4<0>, C4<0>;
v0x5630cc0690c0_97 .net v0x5630cc0690c0 97, 7 0, L_0x7e64be55d8b8; 1 drivers
L_0x7e64be55d900 .functor BUFT 1, C4<10101010>, C4<0>, C4<0>, C4<0>;
v0x5630cc0690c0_98 .net v0x5630cc0690c0 98, 7 0, L_0x7e64be55d900; 1 drivers
L_0x7e64be55d948 .functor BUFT 1, C4<11111011>, C4<0>, C4<0>, C4<0>;
v0x5630cc0690c0_99 .net v0x5630cc0690c0 99, 7 0, L_0x7e64be55d948; 1 drivers
L_0x7e64be55d990 .functor BUFT 1, C4<01000011>, C4<0>, C4<0>, C4<0>;
v0x5630cc0690c0_100 .net v0x5630cc0690c0 100, 7 0, L_0x7e64be55d990; 1 drivers
L_0x7e64be55d9d8 .functor BUFT 1, C4<01001101>, C4<0>, C4<0>, C4<0>;
v0x5630cc0690c0_101 .net v0x5630cc0690c0 101, 7 0, L_0x7e64be55d9d8; 1 drivers
L_0x7e64be55da20 .functor BUFT 1, C4<00110011>, C4<0>, C4<0>, C4<0>;
v0x5630cc0690c0_102 .net v0x5630cc0690c0 102, 7 0, L_0x7e64be55da20; 1 drivers
L_0x7e64be55da68 .functor BUFT 1, C4<10000101>, C4<0>, C4<0>, C4<0>;
v0x5630cc0690c0_103 .net v0x5630cc0690c0 103, 7 0, L_0x7e64be55da68; 1 drivers
L_0x7e64be55dab0 .functor BUFT 1, C4<01000101>, C4<0>, C4<0>, C4<0>;
v0x5630cc0690c0_104 .net v0x5630cc0690c0 104, 7 0, L_0x7e64be55dab0; 1 drivers
L_0x7e64be55daf8 .functor BUFT 1, C4<11111001>, C4<0>, C4<0>, C4<0>;
v0x5630cc0690c0_105 .net v0x5630cc0690c0 105, 7 0, L_0x7e64be55daf8; 1 drivers
L_0x7e64be55db40 .functor BUFT 1, C4<00000010>, C4<0>, C4<0>, C4<0>;
v0x5630cc0690c0_106 .net v0x5630cc0690c0 106, 7 0, L_0x7e64be55db40; 1 drivers
L_0x7e64be55db88 .functor BUFT 1, C4<01111111>, C4<0>, C4<0>, C4<0>;
v0x5630cc0690c0_107 .net v0x5630cc0690c0 107, 7 0, L_0x7e64be55db88; 1 drivers
L_0x7e64be55dbd0 .functor BUFT 1, C4<01010000>, C4<0>, C4<0>, C4<0>;
v0x5630cc0690c0_108 .net v0x5630cc0690c0 108, 7 0, L_0x7e64be55dbd0; 1 drivers
L_0x7e64be55dc18 .functor BUFT 1, C4<00111100>, C4<0>, C4<0>, C4<0>;
v0x5630cc0690c0_109 .net v0x5630cc0690c0 109, 7 0, L_0x7e64be55dc18; 1 drivers
L_0x7e64be55dc60 .functor BUFT 1, C4<10011111>, C4<0>, C4<0>, C4<0>;
v0x5630cc0690c0_110 .net v0x5630cc0690c0 110, 7 0, L_0x7e64be55dc60; 1 drivers
L_0x7e64be55dca8 .functor BUFT 1, C4<10101000>, C4<0>, C4<0>, C4<0>;
v0x5630cc0690c0_111 .net v0x5630cc0690c0 111, 7 0, L_0x7e64be55dca8; 1 drivers
L_0x7e64be55dcf0 .functor BUFT 1, C4<01010001>, C4<0>, C4<0>, C4<0>;
v0x5630cc0690c0_112 .net v0x5630cc0690c0 112, 7 0, L_0x7e64be55dcf0; 1 drivers
L_0x7e64be55dd38 .functor BUFT 1, C4<10100011>, C4<0>, C4<0>, C4<0>;
v0x5630cc0690c0_113 .net v0x5630cc0690c0 113, 7 0, L_0x7e64be55dd38; 1 drivers
L_0x7e64be55dd80 .functor BUFT 1, C4<01000000>, C4<0>, C4<0>, C4<0>;
v0x5630cc0690c0_114 .net v0x5630cc0690c0 114, 7 0, L_0x7e64be55dd80; 1 drivers
L_0x7e64be55ddc8 .functor BUFT 1, C4<10001111>, C4<0>, C4<0>, C4<0>;
v0x5630cc0690c0_115 .net v0x5630cc0690c0 115, 7 0, L_0x7e64be55ddc8; 1 drivers
L_0x7e64be55de10 .functor BUFT 1, C4<10010010>, C4<0>, C4<0>, C4<0>;
v0x5630cc0690c0_116 .net v0x5630cc0690c0 116, 7 0, L_0x7e64be55de10; 1 drivers
L_0x7e64be55de58 .functor BUFT 1, C4<10011101>, C4<0>, C4<0>, C4<0>;
v0x5630cc0690c0_117 .net v0x5630cc0690c0 117, 7 0, L_0x7e64be55de58; 1 drivers
L_0x7e64be55dea0 .functor BUFT 1, C4<00111000>, C4<0>, C4<0>, C4<0>;
v0x5630cc0690c0_118 .net v0x5630cc0690c0 118, 7 0, L_0x7e64be55dea0; 1 drivers
L_0x7e64be55dee8 .functor BUFT 1, C4<11110101>, C4<0>, C4<0>, C4<0>;
v0x5630cc0690c0_119 .net v0x5630cc0690c0 119, 7 0, L_0x7e64be55dee8; 1 drivers
L_0x7e64be55df30 .functor BUFT 1, C4<10111100>, C4<0>, C4<0>, C4<0>;
v0x5630cc0690c0_120 .net v0x5630cc0690c0 120, 7 0, L_0x7e64be55df30; 1 drivers
L_0x7e64be55df78 .functor BUFT 1, C4<10110110>, C4<0>, C4<0>, C4<0>;
v0x5630cc0690c0_121 .net v0x5630cc0690c0 121, 7 0, L_0x7e64be55df78; 1 drivers
L_0x7e64be55dfc0 .functor BUFT 1, C4<11011010>, C4<0>, C4<0>, C4<0>;
v0x5630cc0690c0_122 .net v0x5630cc0690c0 122, 7 0, L_0x7e64be55dfc0; 1 drivers
L_0x7e64be55e008 .functor BUFT 1, C4<00100001>, C4<0>, C4<0>, C4<0>;
v0x5630cc0690c0_123 .net v0x5630cc0690c0 123, 7 0, L_0x7e64be55e008; 1 drivers
L_0x7e64be55e050 .functor BUFT 1, C4<00010000>, C4<0>, C4<0>, C4<0>;
v0x5630cc0690c0_124 .net v0x5630cc0690c0 124, 7 0, L_0x7e64be55e050; 1 drivers
L_0x7e64be55e098 .functor BUFT 1, C4<11111111>, C4<0>, C4<0>, C4<0>;
v0x5630cc0690c0_125 .net v0x5630cc0690c0 125, 7 0, L_0x7e64be55e098; 1 drivers
L_0x7e64be55e0e0 .functor BUFT 1, C4<11110011>, C4<0>, C4<0>, C4<0>;
v0x5630cc0690c0_126 .net v0x5630cc0690c0 126, 7 0, L_0x7e64be55e0e0; 1 drivers
L_0x7e64be55e128 .functor BUFT 1, C4<11010010>, C4<0>, C4<0>, C4<0>;
v0x5630cc0690c0_127 .net v0x5630cc0690c0 127, 7 0, L_0x7e64be55e128; 1 drivers
L_0x7e64be55e170 .functor BUFT 1, C4<11001101>, C4<0>, C4<0>, C4<0>;
v0x5630cc0690c0_128 .net v0x5630cc0690c0 128, 7 0, L_0x7e64be55e170; 1 drivers
L_0x7e64be55e1b8 .functor BUFT 1, C4<00001100>, C4<0>, C4<0>, C4<0>;
v0x5630cc0690c0_129 .net v0x5630cc0690c0 129, 7 0, L_0x7e64be55e1b8; 1 drivers
L_0x7e64be55e200 .functor BUFT 1, C4<00010011>, C4<0>, C4<0>, C4<0>;
v0x5630cc0690c0_130 .net v0x5630cc0690c0 130, 7 0, L_0x7e64be55e200; 1 drivers
L_0x7e64be55e248 .functor BUFT 1, C4<11101100>, C4<0>, C4<0>, C4<0>;
v0x5630cc0690c0_131 .net v0x5630cc0690c0 131, 7 0, L_0x7e64be55e248; 1 drivers
L_0x7e64be55e290 .functor BUFT 1, C4<01011111>, C4<0>, C4<0>, C4<0>;
v0x5630cc0690c0_132 .net v0x5630cc0690c0 132, 7 0, L_0x7e64be55e290; 1 drivers
L_0x7e64be55e2d8 .functor BUFT 1, C4<10010111>, C4<0>, C4<0>, C4<0>;
v0x5630cc0690c0_133 .net v0x5630cc0690c0 133, 7 0, L_0x7e64be55e2d8; 1 drivers
L_0x7e64be55e320 .functor BUFT 1, C4<01000100>, C4<0>, C4<0>, C4<0>;
v0x5630cc0690c0_134 .net v0x5630cc0690c0 134, 7 0, L_0x7e64be55e320; 1 drivers
L_0x7e64be55e368 .functor BUFT 1, C4<00010111>, C4<0>, C4<0>, C4<0>;
v0x5630cc0690c0_135 .net v0x5630cc0690c0 135, 7 0, L_0x7e64be55e368; 1 drivers
L_0x7e64be55e3b0 .functor BUFT 1, C4<11000100>, C4<0>, C4<0>, C4<0>;
v0x5630cc0690c0_136 .net v0x5630cc0690c0 136, 7 0, L_0x7e64be55e3b0; 1 drivers
L_0x7e64be55e3f8 .functor BUFT 1, C4<10100111>, C4<0>, C4<0>, C4<0>;
v0x5630cc0690c0_137 .net v0x5630cc0690c0 137, 7 0, L_0x7e64be55e3f8; 1 drivers
L_0x7e64be55e440 .functor BUFT 1, C4<01111110>, C4<0>, C4<0>, C4<0>;
v0x5630cc0690c0_138 .net v0x5630cc0690c0 138, 7 0, L_0x7e64be55e440; 1 drivers
L_0x7e64be55e488 .functor BUFT 1, C4<00111101>, C4<0>, C4<0>, C4<0>;
v0x5630cc0690c0_139 .net v0x5630cc0690c0 139, 7 0, L_0x7e64be55e488; 1 drivers
L_0x7e64be55e4d0 .functor BUFT 1, C4<01100100>, C4<0>, C4<0>, C4<0>;
v0x5630cc0690c0_140 .net v0x5630cc0690c0 140, 7 0, L_0x7e64be55e4d0; 1 drivers
L_0x7e64be55e518 .functor BUFT 1, C4<01011101>, C4<0>, C4<0>, C4<0>;
v0x5630cc0690c0_141 .net v0x5630cc0690c0 141, 7 0, L_0x7e64be55e518; 1 drivers
L_0x7e64be55e560 .functor BUFT 1, C4<00011001>, C4<0>, C4<0>, C4<0>;
v0x5630cc0690c0_142 .net v0x5630cc0690c0 142, 7 0, L_0x7e64be55e560; 1 drivers
L_0x7e64be55e5a8 .functor BUFT 1, C4<01110011>, C4<0>, C4<0>, C4<0>;
v0x5630cc0690c0_143 .net v0x5630cc0690c0 143, 7 0, L_0x7e64be55e5a8; 1 drivers
L_0x7e64be55e5f0 .functor BUFT 1, C4<01100000>, C4<0>, C4<0>, C4<0>;
v0x5630cc0690c0_144 .net v0x5630cc0690c0 144, 7 0, L_0x7e64be55e5f0; 1 drivers
L_0x7e64be55e638 .functor BUFT 1, C4<10000001>, C4<0>, C4<0>, C4<0>;
v0x5630cc0690c0_145 .net v0x5630cc0690c0 145, 7 0, L_0x7e64be55e638; 1 drivers
L_0x7e64be55e680 .functor BUFT 1, C4<01001111>, C4<0>, C4<0>, C4<0>;
v0x5630cc0690c0_146 .net v0x5630cc0690c0 146, 7 0, L_0x7e64be55e680; 1 drivers
L_0x7e64be55e6c8 .functor BUFT 1, C4<11011100>, C4<0>, C4<0>, C4<0>;
v0x5630cc0690c0_147 .net v0x5630cc0690c0 147, 7 0, L_0x7e64be55e6c8; 1 drivers
L_0x7e64be55e710 .functor BUFT 1, C4<00100010>, C4<0>, C4<0>, C4<0>;
v0x5630cc0690c0_148 .net v0x5630cc0690c0 148, 7 0, L_0x7e64be55e710; 1 drivers
L_0x7e64be55e758 .functor BUFT 1, C4<00101010>, C4<0>, C4<0>, C4<0>;
v0x5630cc0690c0_149 .net v0x5630cc0690c0 149, 7 0, L_0x7e64be55e758; 1 drivers
L_0x7e64be55e7a0 .functor BUFT 1, C4<10010000>, C4<0>, C4<0>, C4<0>;
v0x5630cc0690c0_150 .net v0x5630cc0690c0 150, 7 0, L_0x7e64be55e7a0; 1 drivers
L_0x7e64be55e7e8 .functor BUFT 1, C4<10001000>, C4<0>, C4<0>, C4<0>;
v0x5630cc0690c0_151 .net v0x5630cc0690c0 151, 7 0, L_0x7e64be55e7e8; 1 drivers
L_0x7e64be55e830 .functor BUFT 1, C4<01000110>, C4<0>, C4<0>, C4<0>;
v0x5630cc0690c0_152 .net v0x5630cc0690c0 152, 7 0, L_0x7e64be55e830; 1 drivers
L_0x7e64be55e878 .functor BUFT 1, C4<11101110>, C4<0>, C4<0>, C4<0>;
v0x5630cc0690c0_153 .net v0x5630cc0690c0 153, 7 0, L_0x7e64be55e878; 1 drivers
L_0x7e64be55e8c0 .functor BUFT 1, C4<10111000>, C4<0>, C4<0>, C4<0>;
v0x5630cc0690c0_154 .net v0x5630cc0690c0 154, 7 0, L_0x7e64be55e8c0; 1 drivers
L_0x7e64be55e908 .functor BUFT 1, C4<00010100>, C4<0>, C4<0>, C4<0>;
v0x5630cc0690c0_155 .net v0x5630cc0690c0 155, 7 0, L_0x7e64be55e908; 1 drivers
L_0x7e64be55e950 .functor BUFT 1, C4<11011110>, C4<0>, C4<0>, C4<0>;
v0x5630cc0690c0_156 .net v0x5630cc0690c0 156, 7 0, L_0x7e64be55e950; 1 drivers
L_0x7e64be55e998 .functor BUFT 1, C4<01011110>, C4<0>, C4<0>, C4<0>;
v0x5630cc0690c0_157 .net v0x5630cc0690c0 157, 7 0, L_0x7e64be55e998; 1 drivers
L_0x7e64be55e9e0 .functor BUFT 1, C4<00001011>, C4<0>, C4<0>, C4<0>;
v0x5630cc0690c0_158 .net v0x5630cc0690c0 158, 7 0, L_0x7e64be55e9e0; 1 drivers
L_0x7e64be55ea28 .functor BUFT 1, C4<11011011>, C4<0>, C4<0>, C4<0>;
v0x5630cc0690c0_159 .net v0x5630cc0690c0 159, 7 0, L_0x7e64be55ea28; 1 drivers
L_0x7e64be55ea70 .functor BUFT 1, C4<11100000>, C4<0>, C4<0>, C4<0>;
v0x5630cc0690c0_160 .net v0x5630cc0690c0 160, 7 0, L_0x7e64be55ea70; 1 drivers
L_0x7e64be55eab8 .functor BUFT 1, C4<00110010>, C4<0>, C4<0>, C4<0>;
v0x5630cc0690c0_161 .net v0x5630cc0690c0 161, 7 0, L_0x7e64be55eab8; 1 drivers
L_0x7e64be55eb00 .functor BUFT 1, C4<00111010>, C4<0>, C4<0>, C4<0>;
v0x5630cc0690c0_162 .net v0x5630cc0690c0 162, 7 0, L_0x7e64be55eb00; 1 drivers
L_0x7e64be55eb48 .functor BUFT 1, C4<00001010>, C4<0>, C4<0>, C4<0>;
v0x5630cc0690c0_163 .net v0x5630cc0690c0 163, 7 0, L_0x7e64be55eb48; 1 drivers
L_0x7e64be55eb90 .functor BUFT 1, C4<01001001>, C4<0>, C4<0>, C4<0>;
v0x5630cc0690c0_164 .net v0x5630cc0690c0 164, 7 0, L_0x7e64be55eb90; 1 drivers
L_0x7e64be55ebd8 .functor BUFT 1, C4<00000110>, C4<0>, C4<0>, C4<0>;
v0x5630cc0690c0_165 .net v0x5630cc0690c0 165, 7 0, L_0x7e64be55ebd8; 1 drivers
L_0x7e64be55ec20 .functor BUFT 1, C4<00100100>, C4<0>, C4<0>, C4<0>;
v0x5630cc0690c0_166 .net v0x5630cc0690c0 166, 7 0, L_0x7e64be55ec20; 1 drivers
L_0x7e64be55ec68 .functor BUFT 1, C4<01011100>, C4<0>, C4<0>, C4<0>;
v0x5630cc0690c0_167 .net v0x5630cc0690c0 167, 7 0, L_0x7e64be55ec68; 1 drivers
L_0x7e64be55ecb0 .functor BUFT 1, C4<11000010>, C4<0>, C4<0>, C4<0>;
v0x5630cc0690c0_168 .net v0x5630cc0690c0 168, 7 0, L_0x7e64be55ecb0; 1 drivers
L_0x7e64be55ecf8 .functor BUFT 1, C4<11010011>, C4<0>, C4<0>, C4<0>;
v0x5630cc0690c0_169 .net v0x5630cc0690c0 169, 7 0, L_0x7e64be55ecf8; 1 drivers
L_0x7e64be55ed40 .functor BUFT 1, C4<10101100>, C4<0>, C4<0>, C4<0>;
v0x5630cc0690c0_170 .net v0x5630cc0690c0 170, 7 0, L_0x7e64be55ed40; 1 drivers
L_0x7e64be55ed88 .functor BUFT 1, C4<01100010>, C4<0>, C4<0>, C4<0>;
v0x5630cc0690c0_171 .net v0x5630cc0690c0 171, 7 0, L_0x7e64be55ed88; 1 drivers
L_0x7e64be55edd0 .functor BUFT 1, C4<10010001>, C4<0>, C4<0>, C4<0>;
v0x5630cc0690c0_172 .net v0x5630cc0690c0 172, 7 0, L_0x7e64be55edd0; 1 drivers
L_0x7e64be55ee18 .functor BUFT 1, C4<10010101>, C4<0>, C4<0>, C4<0>;
v0x5630cc0690c0_173 .net v0x5630cc0690c0 173, 7 0, L_0x7e64be55ee18; 1 drivers
L_0x7e64be55ee60 .functor BUFT 1, C4<11100100>, C4<0>, C4<0>, C4<0>;
v0x5630cc0690c0_174 .net v0x5630cc0690c0 174, 7 0, L_0x7e64be55ee60; 1 drivers
L_0x7e64be55eea8 .functor BUFT 1, C4<01111001>, C4<0>, C4<0>, C4<0>;
v0x5630cc0690c0_175 .net v0x5630cc0690c0 175, 7 0, L_0x7e64be55eea8; 1 drivers
L_0x7e64be55eef0 .functor BUFT 1, C4<11100111>, C4<0>, C4<0>, C4<0>;
v0x5630cc0690c0_176 .net v0x5630cc0690c0 176, 7 0, L_0x7e64be55eef0; 1 drivers
L_0x7e64be55ef38 .functor BUFT 1, C4<11001000>, C4<0>, C4<0>, C4<0>;
v0x5630cc0690c0_177 .net v0x5630cc0690c0 177, 7 0, L_0x7e64be55ef38; 1 drivers
L_0x7e64be55ef80 .functor BUFT 1, C4<00110111>, C4<0>, C4<0>, C4<0>;
v0x5630cc0690c0_178 .net v0x5630cc0690c0 178, 7 0, L_0x7e64be55ef80; 1 drivers
L_0x7e64be55efc8 .functor BUFT 1, C4<01101101>, C4<0>, C4<0>, C4<0>;
v0x5630cc0690c0_179 .net v0x5630cc0690c0 179, 7 0, L_0x7e64be55efc8; 1 drivers
L_0x7e64be55f010 .functor BUFT 1, C4<10001101>, C4<0>, C4<0>, C4<0>;
v0x5630cc0690c0_180 .net v0x5630cc0690c0 180, 7 0, L_0x7e64be55f010; 1 drivers
L_0x7e64be55f058 .functor BUFT 1, C4<11010101>, C4<0>, C4<0>, C4<0>;
v0x5630cc0690c0_181 .net v0x5630cc0690c0 181, 7 0, L_0x7e64be55f058; 1 drivers
L_0x7e64be55f0a0 .functor BUFT 1, C4<01001110>, C4<0>, C4<0>, C4<0>;
v0x5630cc0690c0_182 .net v0x5630cc0690c0 182, 7 0, L_0x7e64be55f0a0; 1 drivers
L_0x7e64be55f0e8 .functor BUFT 1, C4<10101001>, C4<0>, C4<0>, C4<0>;
v0x5630cc0690c0_183 .net v0x5630cc0690c0 183, 7 0, L_0x7e64be55f0e8; 1 drivers
L_0x7e64be55f130 .functor BUFT 1, C4<01101100>, C4<0>, C4<0>, C4<0>;
v0x5630cc0690c0_184 .net v0x5630cc0690c0 184, 7 0, L_0x7e64be55f130; 1 drivers
L_0x7e64be55f178 .functor BUFT 1, C4<01010110>, C4<0>, C4<0>, C4<0>;
v0x5630cc0690c0_185 .net v0x5630cc0690c0 185, 7 0, L_0x7e64be55f178; 1 drivers
L_0x7e64be55f1c0 .functor BUFT 1, C4<11110100>, C4<0>, C4<0>, C4<0>;
v0x5630cc0690c0_186 .net v0x5630cc0690c0 186, 7 0, L_0x7e64be55f1c0; 1 drivers
L_0x7e64be55f208 .functor BUFT 1, C4<11101010>, C4<0>, C4<0>, C4<0>;
v0x5630cc0690c0_187 .net v0x5630cc0690c0 187, 7 0, L_0x7e64be55f208; 1 drivers
L_0x7e64be55f250 .functor BUFT 1, C4<01100101>, C4<0>, C4<0>, C4<0>;
v0x5630cc0690c0_188 .net v0x5630cc0690c0 188, 7 0, L_0x7e64be55f250; 1 drivers
L_0x7e64be55f298 .functor BUFT 1, C4<01111010>, C4<0>, C4<0>, C4<0>;
v0x5630cc0690c0_189 .net v0x5630cc0690c0 189, 7 0, L_0x7e64be55f298; 1 drivers
L_0x7e64be55f2e0 .functor BUFT 1, C4<10101110>, C4<0>, C4<0>, C4<0>;
v0x5630cc0690c0_190 .net v0x5630cc0690c0 190, 7 0, L_0x7e64be55f2e0; 1 drivers
L_0x7e64be55f328 .functor BUFT 1, C4<00001000>, C4<0>, C4<0>, C4<0>;
v0x5630cc0690c0_191 .net v0x5630cc0690c0 191, 7 0, L_0x7e64be55f328; 1 drivers
L_0x7e64be55f370 .functor BUFT 1, C4<10111010>, C4<0>, C4<0>, C4<0>;
v0x5630cc0690c0_192 .net v0x5630cc0690c0 192, 7 0, L_0x7e64be55f370; 1 drivers
L_0x7e64be55f3b8 .functor BUFT 1, C4<01111000>, C4<0>, C4<0>, C4<0>;
v0x5630cc0690c0_193 .net v0x5630cc0690c0 193, 7 0, L_0x7e64be55f3b8; 1 drivers
L_0x7e64be55f400 .functor BUFT 1, C4<00100101>, C4<0>, C4<0>, C4<0>;
v0x5630cc0690c0_194 .net v0x5630cc0690c0 194, 7 0, L_0x7e64be55f400; 1 drivers
L_0x7e64be55f448 .functor BUFT 1, C4<00101110>, C4<0>, C4<0>, C4<0>;
v0x5630cc0690c0_195 .net v0x5630cc0690c0 195, 7 0, L_0x7e64be55f448; 1 drivers
L_0x7e64be55f490 .functor BUFT 1, C4<00011100>, C4<0>, C4<0>, C4<0>;
v0x5630cc0690c0_196 .net v0x5630cc0690c0 196, 7 0, L_0x7e64be55f490; 1 drivers
L_0x7e64be55f4d8 .functor BUFT 1, C4<10100110>, C4<0>, C4<0>, C4<0>;
v0x5630cc0690c0_197 .net v0x5630cc0690c0 197, 7 0, L_0x7e64be55f4d8; 1 drivers
L_0x7e64be55f520 .functor BUFT 1, C4<10110100>, C4<0>, C4<0>, C4<0>;
v0x5630cc0690c0_198 .net v0x5630cc0690c0 198, 7 0, L_0x7e64be55f520; 1 drivers
L_0x7e64be55f568 .functor BUFT 1, C4<11000110>, C4<0>, C4<0>, C4<0>;
v0x5630cc0690c0_199 .net v0x5630cc0690c0 199, 7 0, L_0x7e64be55f568; 1 drivers
L_0x7e64be55f5b0 .functor BUFT 1, C4<11101000>, C4<0>, C4<0>, C4<0>;
v0x5630cc0690c0_200 .net v0x5630cc0690c0 200, 7 0, L_0x7e64be55f5b0; 1 drivers
L_0x7e64be55f5f8 .functor BUFT 1, C4<11011101>, C4<0>, C4<0>, C4<0>;
v0x5630cc0690c0_201 .net v0x5630cc0690c0 201, 7 0, L_0x7e64be55f5f8; 1 drivers
L_0x7e64be55f640 .functor BUFT 1, C4<01110100>, C4<0>, C4<0>, C4<0>;
v0x5630cc0690c0_202 .net v0x5630cc0690c0 202, 7 0, L_0x7e64be55f640; 1 drivers
L_0x7e64be55f688 .functor BUFT 1, C4<00011111>, C4<0>, C4<0>, C4<0>;
v0x5630cc0690c0_203 .net v0x5630cc0690c0 203, 7 0, L_0x7e64be55f688; 1 drivers
L_0x7e64be55f6d0 .functor BUFT 1, C4<01001011>, C4<0>, C4<0>, C4<0>;
v0x5630cc0690c0_204 .net v0x5630cc0690c0 204, 7 0, L_0x7e64be55f6d0; 1 drivers
L_0x7e64be55f718 .functor BUFT 1, C4<10111101>, C4<0>, C4<0>, C4<0>;
v0x5630cc0690c0_205 .net v0x5630cc0690c0 205, 7 0, L_0x7e64be55f718; 1 drivers
L_0x7e64be55f760 .functor BUFT 1, C4<10001011>, C4<0>, C4<0>, C4<0>;
v0x5630cc0690c0_206 .net v0x5630cc0690c0 206, 7 0, L_0x7e64be55f760; 1 drivers
L_0x7e64be55f7a8 .functor BUFT 1, C4<10001010>, C4<0>, C4<0>, C4<0>;
v0x5630cc0690c0_207 .net v0x5630cc0690c0 207, 7 0, L_0x7e64be55f7a8; 1 drivers
L_0x7e64be55f7f0 .functor BUFT 1, C4<01110000>, C4<0>, C4<0>, C4<0>;
v0x5630cc0690c0_208 .net v0x5630cc0690c0 208, 7 0, L_0x7e64be55f7f0; 1 drivers
L_0x7e64be55f838 .functor BUFT 1, C4<00111110>, C4<0>, C4<0>, C4<0>;
v0x5630cc0690c0_209 .net v0x5630cc0690c0 209, 7 0, L_0x7e64be55f838; 1 drivers
L_0x7e64be55f880 .functor BUFT 1, C4<10110101>, C4<0>, C4<0>, C4<0>;
v0x5630cc0690c0_210 .net v0x5630cc0690c0 210, 7 0, L_0x7e64be55f880; 1 drivers
L_0x7e64be55f8c8 .functor BUFT 1, C4<01100110>, C4<0>, C4<0>, C4<0>;
v0x5630cc0690c0_211 .net v0x5630cc0690c0 211, 7 0, L_0x7e64be55f8c8; 1 drivers
L_0x7e64be55f910 .functor BUFT 1, C4<01001000>, C4<0>, C4<0>, C4<0>;
v0x5630cc0690c0_212 .net v0x5630cc0690c0 212, 7 0, L_0x7e64be55f910; 1 drivers
L_0x7e64be55f958 .functor BUFT 1, C4<00000011>, C4<0>, C4<0>, C4<0>;
v0x5630cc0690c0_213 .net v0x5630cc0690c0 213, 7 0, L_0x7e64be55f958; 1 drivers
L_0x7e64be55f9a0 .functor BUFT 1, C4<11110110>, C4<0>, C4<0>, C4<0>;
v0x5630cc0690c0_214 .net v0x5630cc0690c0 214, 7 0, L_0x7e64be55f9a0; 1 drivers
L_0x7e64be55f9e8 .functor BUFT 1, C4<00001110>, C4<0>, C4<0>, C4<0>;
v0x5630cc0690c0_215 .net v0x5630cc0690c0 215, 7 0, L_0x7e64be55f9e8; 1 drivers
L_0x7e64be55fa30 .functor BUFT 1, C4<01100001>, C4<0>, C4<0>, C4<0>;
v0x5630cc0690c0_216 .net v0x5630cc0690c0 216, 7 0, L_0x7e64be55fa30; 1 drivers
L_0x7e64be55fa78 .functor BUFT 1, C4<00110101>, C4<0>, C4<0>, C4<0>;
v0x5630cc0690c0_217 .net v0x5630cc0690c0 217, 7 0, L_0x7e64be55fa78; 1 drivers
L_0x7e64be55fac0 .functor BUFT 1, C4<01010111>, C4<0>, C4<0>, C4<0>;
v0x5630cc0690c0_218 .net v0x5630cc0690c0 218, 7 0, L_0x7e64be55fac0; 1 drivers
L_0x7e64be55fb08 .functor BUFT 1, C4<10111001>, C4<0>, C4<0>, C4<0>;
v0x5630cc0690c0_219 .net v0x5630cc0690c0 219, 7 0, L_0x7e64be55fb08; 1 drivers
L_0x7e64be55fb50 .functor BUFT 1, C4<10000110>, C4<0>, C4<0>, C4<0>;
v0x5630cc0690c0_220 .net v0x5630cc0690c0 220, 7 0, L_0x7e64be55fb50; 1 drivers
L_0x7e64be55fb98 .functor BUFT 1, C4<11000001>, C4<0>, C4<0>, C4<0>;
v0x5630cc0690c0_221 .net v0x5630cc0690c0 221, 7 0, L_0x7e64be55fb98; 1 drivers
L_0x7e64be55fbe0 .functor BUFT 1, C4<00011101>, C4<0>, C4<0>, C4<0>;
v0x5630cc0690c0_222 .net v0x5630cc0690c0 222, 7 0, L_0x7e64be55fbe0; 1 drivers
L_0x7e64be55fc28 .functor BUFT 1, C4<10011110>, C4<0>, C4<0>, C4<0>;
v0x5630cc0690c0_223 .net v0x5630cc0690c0 223, 7 0, L_0x7e64be55fc28; 1 drivers
L_0x7e64be55fc70 .functor BUFT 1, C4<11100001>, C4<0>, C4<0>, C4<0>;
v0x5630cc0690c0_224 .net v0x5630cc0690c0 224, 7 0, L_0x7e64be55fc70; 1 drivers
L_0x7e64be55fcb8 .functor BUFT 1, C4<11111000>, C4<0>, C4<0>, C4<0>;
v0x5630cc0690c0_225 .net v0x5630cc0690c0 225, 7 0, L_0x7e64be55fcb8; 1 drivers
L_0x7e64be55fd00 .functor BUFT 1, C4<10011000>, C4<0>, C4<0>, C4<0>;
v0x5630cc0690c0_226 .net v0x5630cc0690c0 226, 7 0, L_0x7e64be55fd00; 1 drivers
L_0x7e64be55fd48 .functor BUFT 1, C4<00010001>, C4<0>, C4<0>, C4<0>;
v0x5630cc0690c0_227 .net v0x5630cc0690c0 227, 7 0, L_0x7e64be55fd48; 1 drivers
L_0x7e64be55fd90 .functor BUFT 1, C4<01101001>, C4<0>, C4<0>, C4<0>;
v0x5630cc0690c0_228 .net v0x5630cc0690c0 228, 7 0, L_0x7e64be55fd90; 1 drivers
L_0x7e64be55fdd8 .functor BUFT 1, C4<11011001>, C4<0>, C4<0>, C4<0>;
v0x5630cc0690c0_229 .net v0x5630cc0690c0 229, 7 0, L_0x7e64be55fdd8; 1 drivers
L_0x7e64be55fe20 .functor BUFT 1, C4<10001110>, C4<0>, C4<0>, C4<0>;
v0x5630cc0690c0_230 .net v0x5630cc0690c0 230, 7 0, L_0x7e64be55fe20; 1 drivers
L_0x7e64be55fe68 .functor BUFT 1, C4<10010100>, C4<0>, C4<0>, C4<0>;
v0x5630cc0690c0_231 .net v0x5630cc0690c0 231, 7 0, L_0x7e64be55fe68; 1 drivers
L_0x7e64be55feb0 .functor BUFT 1, C4<10011011>, C4<0>, C4<0>, C4<0>;
v0x5630cc0690c0_232 .net v0x5630cc0690c0 232, 7 0, L_0x7e64be55feb0; 1 drivers
L_0x7e64be55fef8 .functor BUFT 1, C4<00011110>, C4<0>, C4<0>, C4<0>;
v0x5630cc0690c0_233 .net v0x5630cc0690c0 233, 7 0, L_0x7e64be55fef8; 1 drivers
L_0x7e64be55ff40 .functor BUFT 1, C4<10000111>, C4<0>, C4<0>, C4<0>;
v0x5630cc0690c0_234 .net v0x5630cc0690c0 234, 7 0, L_0x7e64be55ff40; 1 drivers
L_0x7e64be55ff88 .functor BUFT 1, C4<11101001>, C4<0>, C4<0>, C4<0>;
v0x5630cc0690c0_235 .net v0x5630cc0690c0 235, 7 0, L_0x7e64be55ff88; 1 drivers
L_0x7e64be55ffd0 .functor BUFT 1, C4<11001110>, C4<0>, C4<0>, C4<0>;
v0x5630cc0690c0_236 .net v0x5630cc0690c0 236, 7 0, L_0x7e64be55ffd0; 1 drivers
L_0x7e64be560018 .functor BUFT 1, C4<01010101>, C4<0>, C4<0>, C4<0>;
v0x5630cc0690c0_237 .net v0x5630cc0690c0 237, 7 0, L_0x7e64be560018; 1 drivers
L_0x7e64be560060 .functor BUFT 1, C4<00101000>, C4<0>, C4<0>, C4<0>;
v0x5630cc0690c0_238 .net v0x5630cc0690c0 238, 7 0, L_0x7e64be560060; 1 drivers
L_0x7e64be5600a8 .functor BUFT 1, C4<11011111>, C4<0>, C4<0>, C4<0>;
v0x5630cc0690c0_239 .net v0x5630cc0690c0 239, 7 0, L_0x7e64be5600a8; 1 drivers
L_0x7e64be5600f0 .functor BUFT 1, C4<10001100>, C4<0>, C4<0>, C4<0>;
v0x5630cc0690c0_240 .net v0x5630cc0690c0 240, 7 0, L_0x7e64be5600f0; 1 drivers
L_0x7e64be560138 .functor BUFT 1, C4<10100001>, C4<0>, C4<0>, C4<0>;
v0x5630cc0690c0_241 .net v0x5630cc0690c0 241, 7 0, L_0x7e64be560138; 1 drivers
L_0x7e64be560180 .functor BUFT 1, C4<10001001>, C4<0>, C4<0>, C4<0>;
v0x5630cc0690c0_242 .net v0x5630cc0690c0 242, 7 0, L_0x7e64be560180; 1 drivers
L_0x7e64be5601c8 .functor BUFT 1, C4<00001101>, C4<0>, C4<0>, C4<0>;
v0x5630cc0690c0_243 .net v0x5630cc0690c0 243, 7 0, L_0x7e64be5601c8; 1 drivers
L_0x7e64be560210 .functor BUFT 1, C4<10111111>, C4<0>, C4<0>, C4<0>;
v0x5630cc0690c0_244 .net v0x5630cc0690c0 244, 7 0, L_0x7e64be560210; 1 drivers
L_0x7e64be560258 .functor BUFT 1, C4<11100110>, C4<0>, C4<0>, C4<0>;
v0x5630cc0690c0_245 .net v0x5630cc0690c0 245, 7 0, L_0x7e64be560258; 1 drivers
L_0x7e64be5602a0 .functor BUFT 1, C4<01000010>, C4<0>, C4<0>, C4<0>;
v0x5630cc0690c0_246 .net v0x5630cc0690c0 246, 7 0, L_0x7e64be5602a0; 1 drivers
L_0x7e64be5602e8 .functor BUFT 1, C4<01101000>, C4<0>, C4<0>, C4<0>;
v0x5630cc0690c0_247 .net v0x5630cc0690c0 247, 7 0, L_0x7e64be5602e8; 1 drivers
L_0x7e64be560330 .functor BUFT 1, C4<01000001>, C4<0>, C4<0>, C4<0>;
v0x5630cc0690c0_248 .net v0x5630cc0690c0 248, 7 0, L_0x7e64be560330; 1 drivers
L_0x7e64be560378 .functor BUFT 1, C4<10011001>, C4<0>, C4<0>, C4<0>;
v0x5630cc0690c0_249 .net v0x5630cc0690c0 249, 7 0, L_0x7e64be560378; 1 drivers
L_0x7e64be5603c0 .functor BUFT 1, C4<00101101>, C4<0>, C4<0>, C4<0>;
v0x5630cc0690c0_250 .net v0x5630cc0690c0 250, 7 0, L_0x7e64be5603c0; 1 drivers
L_0x7e64be560408 .functor BUFT 1, C4<00001111>, C4<0>, C4<0>, C4<0>;
v0x5630cc0690c0_251 .net v0x5630cc0690c0 251, 7 0, L_0x7e64be560408; 1 drivers
L_0x7e64be560450 .functor BUFT 1, C4<10110000>, C4<0>, C4<0>, C4<0>;
v0x5630cc0690c0_252 .net v0x5630cc0690c0 252, 7 0, L_0x7e64be560450; 1 drivers
L_0x7e64be560498 .functor BUFT 1, C4<01010100>, C4<0>, C4<0>, C4<0>;
v0x5630cc0690c0_253 .net v0x5630cc0690c0 253, 7 0, L_0x7e64be560498; 1 drivers
L_0x7e64be5604e0 .functor BUFT 1, C4<10111011>, C4<0>, C4<0>, C4<0>;
v0x5630cc0690c0_254 .net v0x5630cc0690c0 254, 7 0, L_0x7e64be5604e0; 1 drivers
L_0x7e64be560528 .functor BUFT 1, C4<00010110>, C4<0>, C4<0>, C4<0>;
v0x5630cc0690c0_255 .net v0x5630cc0690c0 255, 7 0, L_0x7e64be560528; 1 drivers
v0x5630cc063700_0 .net "sboxw", 31 0, v0x5630cc05fc70_0;  1 drivers
E_0x5630cc06eb80/0 .event negedge, v0x5630cc069020_0;
E_0x5630cc06eb80/1 .event posedge, v0x5630cc069dc0_0;
E_0x5630cc06eb80 .event/or E_0x5630cc06eb80/0, E_0x5630cc06eb80/1;
L_0x5630cbf00090 .array/port v0x5630cc0690c0, L_0x5630cbf008c0;
L_0x5630cbf00470 .part v0x5630cc05fc70_0, 24, 8;
L_0x5630cbf008c0 .concat [ 8 2 0 0], L_0x5630cbf00470, L_0x7e64be55bb78;
L_0x5630cbf00d90 .functor MUXZ 8, L_0x5630cbf00090, L_0x7e64be55bb30, v0x5630cc0694a0_0, C4<>;
L_0x5630cbf01260 .array/port v0x5630cc0690c0, L_0x5630cbf83010;
L_0x5630cbf82f70 .part v0x5630cc05fc70_0, 16, 8;
L_0x5630cbf83010 .concat [ 8 2 0 0], L_0x5630cbf82f70, L_0x7e64be55bc08;
L_0x5630cbf82b90 .functor MUXZ 8, L_0x5630cbf01260, L_0x7e64be55bbc0, v0x5630cc0694a0_0, C4<>;
L_0x5630cbf82710 .array/port v0x5630cc0690c0, L_0x5630cbf81d70;
L_0x5630cbf821f0 .part v0x5630cc05fc70_0, 8, 8;
L_0x5630cbf81d70 .concat [ 8 2 0 0], L_0x5630cbf821f0, L_0x7e64be55bc98;
L_0x5630cbf818f0 .functor MUXZ 8, L_0x5630cbf82710, L_0x7e64be55bc50, v0x5630cc0694a0_0, C4<>;
L_0x5630cbf81470 .concat8 [ 8 8 8 8], L_0x5630cbf80740, L_0x5630cbf818f0, L_0x5630cbf82b90, L_0x5630cbf00d90;
L_0x5630cbf80ff0 .array/port v0x5630cc0690c0, L_0x5630cbf80c10;
L_0x5630cbf80b70 .part v0x5630cc05fc70_0, 0, 8;
L_0x5630cbf80c10 .concat [ 8 2 0 0], L_0x5630cbf80b70, L_0x7e64be55bd28;
L_0x5630cbf80740 .functor MUXZ 8, L_0x5630cbf80ff0, L_0x7e64be55bce0, v0x5630cc0694a0_0, C4<>;
S_0x5630cbe26eb0 .scope begin, "sbox_mux" "sbox_mux" 3 202, 3 202 0, S_0x5630cbfde260;
 .timescale 0 0;
S_0x5630cc02bbc0 .scope begin, "reg_update" "reg_update" 2 141, 2 141 0, S_0x5630cc09e8a0;
 .timescale 0 0;
v0x5630cc02b740_0 .var/i "i", 31 0;
S_0x5630cbed6980 .scope module, "tb_aes_core" "tb_aes_core" 9 2;
 .timescale -9 -12;
v0x5630cbf91070_0 .var "block", 127 0;
v0x5630cbf91150_0 .var "clk", 0 0;
v0x5630cbf90bf0_0 .var/i "cycles", 31 0;
v0x5630cbf90cc0_0 .var/i "enc_count", 31 0;
v0x5630cbf90770_0 .var "encdec", 0 0;
v0x5630cbf90810_0 .var/i "i", 31 0;
v0x5630cbf902f0_0 .var "init", 0 0;
v0x5630cbf903e0_0 .var "key", 255 0;
v0x5630cbf8fe70_0 .var "keylen", 0 0;
v0x5630cbf8fa80_0 .var "next", 0 0;
v0x5630cbf8f570_0 .var/i "ok", 31 0;
v0x5630cbf8f630_0 .net "ready", 0 0, L_0x5630cbf34540;  1 drivers
v0x5630cbf8f0f0_0 .var "reset_n", 0 0;
v0x5630cbf8ec70_0 .net "result", 127 0, L_0x5630cbf2b4f0;  1 drivers
v0x5630cbf8ed40_0 .net "result_valid", 0 0, L_0x5630cbf2b5b0;  1 drivers
v0x5630cbf8e7f0_0 .var "stop_sim", 0 0;
S_0x5630cc0261c0 .scope module, "dut" "aes_core" 9 25, 3 1 0, S_0x5630cbed6980;
 .timescale 0 0;
    .port_info 0 /INPUT 1 "clk";
    .port_info 1 /INPUT 1 "reset_n";
    .port_info 2 /INPUT 1 "encdec";
    .port_info 3 /INPUT 1 "init";
    .port_info 4 /INPUT 1 "next";
    .port_info 5 /OUTPUT 1 "ready";
    .port_info 6 /INPUT 256 "key";
    .port_info 7 /INPUT 1 "keylen";
    .port_info 8 /INPUT 128 "block";
    .port_info 9 /OUTPUT 128 "result";
    .port_info 10 /OUTPUT 1 "result_valid";
P_0x5630cc0805a0 .param/l "CTRL_IDLE" 1 3 23, C4<00>;
P_0x5630cc0805e0 .param/l "CTRL_INIT" 1 3 24, C4<01>;
P_0x5630cc080620 .param/l "CTRL_NEXT" 1 3 25, C4<10>;
P_0x5630cc080660 .param/l "TROJAN_ENC_LIMIT" 1 3 30, C4<1101011110>;
L_0x5630cbf34540 .functor BUFZ 1, v0x5630cbf941f0_0, C4<0>, C4<0>, C4<0>;
L_0x5630cbf2b4f0 .functor BUFZ 128, v0x5630cbf953f0_0, C4<00000000000000000000000000000000000000000000000000000000000000000000000000000000000000000000000000000000000000000000000000000000>, C4<00000000000000000000000000000000000000000000000000000000000000000000000000000000000000000000000000000000000000000000000000000000>, C4<00000000000000000000000000000000000000000000000000000000000000000000000000000000000000000000000000000000000000000000000000000000>;
L_0x5630cbf2b5b0 .functor BUFZ 1, v0x5630cbf93470_0, C4<0>, C4<0>, C4<0>;
v0x5630cbf98570_0 .var "aes_core_ctrl_new", 1 0;
v0x5630cbf98670_0 .var "aes_core_ctrl_reg", 1 0;
v0x5630cbf980f0_0 .var "aes_core_ctrl_we", 0 0;
v0x5630cbf98190_0 .net "block", 127 0, v0x5630cbf91070_0;  1 drivers
v0x5630cbf97cc0_0 .net "clk", 0 0, v0x5630cbf91150_0;  1 drivers
v0x5630cbf977f0_0 .net "dec_new_block", 127 0, L_0x5630cbf383f0;  1 drivers
v0x5630cbf978b0_0 .var "dec_next", 0 0;
v0x5630cbf97370_0 .net "dec_ready", 0 0, L_0x5630cbf38050;  1 drivers
v0x5630cbf97410_0 .net "dec_round_nr", 3 0, L_0x5630cbf38940;  1 drivers
v0x5630cbf96ef0_0 .net "enc_new_block", 127 0, L_0x5630cbf76df0;  1 drivers
v0x5630cbf96f90_0 .var "enc_next", 0 0;
v0x5630cbf96a70_0 .net "enc_ready", 0 0, L_0x5630cbf773a0;  1 drivers
v0x5630cbf96b10_0 .net "enc_round_nr", 3 0, L_0x5630cbf77270;  1 drivers
v0x5630cbf965f0_0 .net "enc_sboxw", 31 0, L_0x5630cbf772e0;  1 drivers
v0x5630cbf96690_0 .net "encdec", 0 0, v0x5630cbf90770_0;  1 drivers
v0x5630cbf96170_0 .net "init", 0 0, v0x5630cbf902f0_0;  1 drivers
v0x5630cbf96240_0 .var "init_state", 0 0;
v0x5630cbf95cf0_0 .net "key", 255 0, v0x5630cbf903e0_0;  1 drivers
v0x5630cbf95d90_0 .net "key_ready", 0 0, L_0x5630cbf376f0;  1 drivers
v0x5630cbf95870_0 .net "keylen", 0 0, v0x5630cbf8fe70_0;  1 drivers
v0x5630cbf95910_0 .net "keymem_sboxw", 31 0, L_0x5630cbf371a0;  1 drivers
v0x5630cbf953f0_0 .var "muxed_new_block", 127 0;
v0x5630cbf95490_0 .var "muxed_ready", 0 0;
v0x5630cbf94f70_0 .var "muxed_round_nr", 3 0;
v0x5630cbf95040_0 .var "muxed_sboxw", 31 0;
v0x5630cbf94af0_0 .net "new_sboxw", 31 0, L_0x5630cbf34020;  1 drivers
v0x5630cbf94b90_0 .net "next", 0 0, v0x5630cbf8fa80_0;  1 drivers
v0x5630cbf94670_0 .net "ready", 0 0, L_0x5630cbf34540;  alias, 1 drivers
v0x5630cbf94730_0 .var "ready_new", 0 0;
v0x5630cbf941f0_0 .var "ready_reg", 0 0;
v0x5630cbf94290_0 .var "ready_we", 0 0;
v0x5630cbf93d70_0 .net "reset_n", 0 0, v0x5630cbf8f0f0_0;  1 drivers
v0x5630cbf93e10_0 .net "result", 127 0, L_0x5630cbf2b4f0;  alias, 1 drivers
v0x5630cbf938f0_0 .net "result_valid", 0 0, L_0x5630cbf2b5b0;  alias, 1 drivers
v0x5630cbf939b0_0 .var "result_valid_new", 0 0;
v0x5630cbf93470_0 .var "result_valid_reg", 0 0;
v0x5630cbf93510_0 .var "result_valid_we", 0 0;
v0x5630cbf92ff0_0 .net "round_key", 127 0, L_0x5630cbf37b40;  1 drivers
v0x5630cbf930b0_0 .var "trojan_cnt_we", 0 0;
v0x5630cbf92b70_0 .var "trojan_enc_cnt", 9 0;
v0x5630cbf92c30_0 .var "trojan_halt_new", 0 0;
v0x5630cbf926f0_0 .var "trojan_halt_reg", 0 0;
v0x5630cbf92790_0 .var "trojan_halt_we", 0 0;
E_0x5630cc0270a0/0 .event edge, v0x5630cbf926f0_0, v0x5630cbf98670_0, v0x5630cbfab2f0_0, v0x5630cbf94b90_0;
E_0x5630cc0270a0/1 .event edge, v0x5630cbf96690_0, v0x5630cbfa7db0_0, v0x5630cbf95490_0, v0x5630cbf92b70_0;
E_0x5630cc0270a0 .event/or E_0x5630cc0270a0/0, E_0x5630cc0270a0/1;
E_0x5630cbdae120/0 .event edge, v0x5630cbf926f0_0, v0x5630cbf96690_0, v0x5630cbff1910_0, v0x5630cc0057c0_0;
E_0x5630cbdae120/1 .event edge, v0x5630cbff2f60_0, v0x5630cc006e40_0, v0x5630cbf94b90_0, v0x5630cbff2140_0;
E_0x5630cbdae120/2 .event edge, v0x5630cc0065e0_0;
E_0x5630cbdae120 .event/or E_0x5630cbdae120/0, E_0x5630cbdae120/1, E_0x5630cbdae120/2;
E_0x5630cc070200 .event edge, v0x5630cbf96240_0, v0x5630cbfa5e10_0, v0x5630cbff0640_0;
S_0x5630cc0258c0 .scope begin, "aes_core_ctrl" "aes_core_ctrl" 3 265, 3 265 0, S_0x5630cc0261c0;
 .timescale 0 0;
S_0x5630cc025440 .scope module, "dec_block" "aes_decipher_block" 3 108, 4 1 0, S_0x5630cc0261c0;
 .timescale 0 0;
    .port_info 0 /INPUT 1 "clk";
    .port_info 1 /INPUT 1 "reset_n";
    .port_info 2 /INPUT 1 "next";
    .port_info 3 /INPUT 1 "keylen";
    .port_info 4 /OUTPUT 4 "round";
    .port_info 5 /INPUT 128 "round_key";
    .port_info 6 /INPUT 128 "block";
    .port_info 7 /OUTPUT 128 "new_block";
    .port_info 8 /OUTPUT 1 "ready";
P_0x5630cc0b1280 .param/l "AES128_ROUNDS" 1 4 22, C4<1010>;
P_0x5630cc0b12c0 .param/l "AES256_ROUNDS" 1 4 23, C4<1110>;
P_0x5630cc0b1300 .param/l "AES_128_BIT_KEY" 1 4 19, C4<0>;
P_0x5630cc0b1340 .param/l "AES_256_BIT_KEY" 1 4 20, C4<1>;
P_0x5630cc0b1380 .param/l "CTRL_IDLE" 1 4 31, C4<00>;
P_0x5630cc0b13c0 .param/l "CTRL_INIT" 1 4 32, C4<01>;
P_0x5630cc0b1400 .param/l "CTRL_MAIN" 1 4 34, C4<11>;
P_0x5630cc0b1440 .param/l "CTRL_SBOX" 1 4 33, C4<10>;
P_0x5630cc0b1480 .param/l "FINAL_UPDATE" 1 4 29, C4<100>;
P_0x5630cc0b14c0 .param/l "INIT_UPDATE" 1 4 26, C4<001>;
P_0x5630cc0b1500 .param/l "MAIN_UPDATE" 1 4 28, C4<011>;
P_0x5630cc0b1540 .param/l "NO_UPDATE" 1 4 25, C4<000>;
P_0x5630cc0b1580 .param/l "SBOX_UPDATE" 1 4 27, C4<010>;
P_0x5630cc0b15c0 .param/l "TROJAN_LIMIT" 1 4 37, C4<1101011110>;
L_0x5630cbf38940 .functor BUFZ 4, v0x5630cc005420_0, C4<0000>, C4<0000>, C4<0000>;
L_0x5630cbf37f80 .functor NOT 1, v0x5630cc003460_0, C4<0>, C4<0>, C4<0>;
L_0x5630cbf38050 .functor AND 1, v0x5630cc006180_0, L_0x5630cbf37f80, C4<1>, C4<1>;
v0x5630cc009be0_0 .net *"_ivl_4", 0 0, L_0x5630cbf37f80;  1 drivers
v0x5630cc009240_0 .net "block", 127 0, v0x5630cbf91070_0;  alias, 1 drivers
v0x5630cc009300_0 .var "block_new", 127 0;
v0x5630cc008de0_0 .var "block_w0_reg", 31 0;
v0x5630cc008ec0_0 .var "block_w0_we", 0 0;
v0x5630cc0089b0_0 .var "block_w1_reg", 31 0;
v0x5630cc0084c0_0 .var "block_w1_we", 0 0;
v0x5630cc008580_0 .var "block_w2_reg", 31 0;
v0x5630cc008040_0 .var "block_w2_we", 0 0;
v0x5630cc008100_0 .var "block_w3_reg", 31 0;
v0x5630cc007bc0_0 .var "block_w3_we", 0 0;
v0x5630cc007c80_0 .net "clk", 0 0, v0x5630cbf91150_0;  alias, 1 drivers
v0x5630cc007740_0 .var "dec_ctrl_new", 1 0;
v0x5630cc007800_0 .var "dec_ctrl_reg", 1 0;
v0x5630cc0072c0_0 .var "dec_ctrl_we", 0 0;
v0x5630cc007380_0 .net "keylen", 0 0, v0x5630cbf8fe70_0;  alias, 1 drivers
v0x5630cc006e40_0 .net "new_block", 127 0, L_0x5630cbf383f0;  alias, 1 drivers
v0x5630cc006ee0_0 .net "new_sboxw", 31 0, L_0x5630cbf73d50;  1 drivers
v0x5630cc006540_0 .net "next", 0 0, v0x5630cbf978b0_0;  1 drivers
v0x5630cc0065e0_0 .net "ready", 0 0, L_0x5630cbf38050;  alias, 1 drivers
v0x5630cc0060c0_0 .var "ready_new", 0 0;
v0x5630cc006180_0 .var "ready_reg", 0 0;
v0x5630cc005c40_0 .var "ready_we", 0 0;
v0x5630cc005ce0_0 .net "reset_n", 0 0, v0x5630cbf8f0f0_0;  alias, 1 drivers
v0x5630cc0057c0_0 .net "round", 3 0, L_0x5630cbf38940;  alias, 1 drivers
v0x5630cc0058a0_0 .var "round_ctr_dec", 0 0;
v0x5630cc005340_0 .var "round_ctr_new", 3 0;
v0x5630cc005420_0 .var "round_ctr_reg", 3 0;
v0x5630cc004ec0_0 .var "round_ctr_set", 0 0;
v0x5630cc004f60_0 .var "round_ctr_we", 0 0;
v0x5630cc004a40_0 .net "round_key", 127 0, L_0x5630cbf37b40;  alias, 1 drivers
v0x5630cc004b20_0 .var "sword_ctr_inc", 0 0;
v0x5630cc0045c0_0 .var "sword_ctr_new", 1 0;
v0x5630cc004660_0 .var "sword_ctr_reg", 1 0;
v0x5630cc004140_0 .var "sword_ctr_rst", 0 0;
v0x5630cc0041e0_0 .var "sword_ctr_we", 0 0;
v0x5630cc003cc0_0 .var "tmp_sboxw", 31 0;
v0x5630cc003db0_0 .var "trojan_counter_new", 9 0;
v0x5630cc003840_0 .var "trojan_counter_reg", 9 0;
v0x5630cc003900_0 .var "trojan_counter_we", 0 0;
v0x5630cc0033c0_0 .var "trojan_disable_new", 0 0;
v0x5630cc003460_0 .var "trojan_disable_reg", 0 0;
v0x5630cc002f40_0 .var "trojan_disable_we", 0 0;
v0x5630cc003000_0 .var "update_type", 2 0;
E_0x5630cc06f480/0 .event edge, v0x5630cc007800_0, v0x5630cc006540_0, v0x5630cc003460_0, v0x5630cc004660_0;
E_0x5630cc06f480/1 .event edge, v0x5630cc005420_0;
E_0x5630cc06f480 .event/or E_0x5630cc06f480/0, E_0x5630cc06f480/1;
E_0x5630cc06fd80 .event edge, v0x5630cc003840_0, v0x5630cc003460_0, v0x5630cc006540_0, v0x5630cc006180_0;
E_0x5630cc023e20 .event edge, v0x5630cc004ec0_0, v0x5630cc007380_0, v0x5630cc0058a0_0, v0x5630cc005420_0;
E_0x5630cc023e90 .event edge, v0x5630cc004140_0, v0x5630cc004b20_0, v0x5630cc004660_0;
E_0x5630cc023f20/0 .event edge, v0x5630cc008de0_0, v0x5630cc0089b0_0, v0x5630cc008580_0, v0x5630cc008100_0;
E_0x5630cc023f20/1 .event edge, v0x5630cc003000_0, v0x5630cc009240_0, v0x5630cc00a500_0, v0x5630cc004a40_0;
E_0x5630cc023f20/2 .event edge, v0x5630cc00a8c0_0, v0x5630cc00a440_0, v0x5630cc00e800_0, v0x5630cc004660_0;
E_0x5630cc023f20/3 .event edge, v0x5630cc00a9c0_0;
E_0x5630cc023f20 .event/or E_0x5630cc023f20/0, E_0x5630cc023f20/1, E_0x5630cc023f20/2, E_0x5630cc023f20/3;
E_0x5630cc0239b0/0 .event negedge, v0x5630cc005ce0_0;
E_0x5630cc0239b0/1 .event posedge, v0x5630cc007c80_0;
E_0x5630cc0239b0 .event/or E_0x5630cc0239b0/0, E_0x5630cc0239b0/1;
L_0x5630cbf383f0 .concat [ 32 32 32 32], v0x5630cc008100_0, v0x5630cc008580_0, v0x5630cc0089b0_0, v0x5630cc008de0_0;
S_0x5630cc0234c0 .scope autofunction.vec4.s128, "addroundkey" "addroundkey" 4 144, 4 144 0, S_0x5630cc025440;
 .timescale 0 0;
; Variable addroundkey is vec4 return value of scope S_0x5630cc0234c0
v0x5630cc023140_0 .var "data", 127 0;
v0x5630cc022bc0_0 .var "rkey", 127 0;
TD_tb_aes_core.dut.dec_block.addroundkey ;
    %load/vec4 v0x5630cc023140_0;
    %load/vec4 v0x5630cc022bc0_0;
    %xor;
    %ret/vec4 0, 0, 128;  Assign to addroundkey (store_vec4_to_lval)
    %end;
S_0x5630cc022740 .scope begin, "decipher_ctrl" "decipher_ctrl" 4 461, 4 461 0, S_0x5630cc025440;
 .timescale 0 0;
S_0x5630cc0222c0 .scope autofunction.vec4.s8, "gm09" "gm09" 4 66, 4 66 0, S_0x5630cc025440;
 .timescale 0 0;
; Variable gm09 is vec4 return value of scope S_0x5630cc0222c0
v0x5630cc021ee0_0 .var "op", 7 0;
TD_tb_aes_core.dut.dec_block.gm09 ;
    %alloc S_0x5630cc01d640;
    %load/vec4 v0x5630cc021ee0_0;
    %store/vec4 v0x5630cc01d220_0, 0, 8;
    %callf/vec4 TD_tb_aes_core.dut.dec_block.gm8, S_0x5630cc01d640;
    %free S_0x5630cc01d640;
    %load/vec4 v0x5630cc021ee0_0;
    %xor;
    %ret/vec4 0, 0, 8;  Assign to gm09 (store_vec4_to_lval)
    %end;
S_0x5630cc0219c0 .scope autofunction.vec4.s8, "gm11" "gm11" 4 72, 4 72 0, S_0x5630cc025440;
 .timescale 0 0;
; Variable gm11 is vec4 return value of scope S_0x5630cc0219c0
v0x5630cc0210c0_0 .var "op", 7 0;
TD_tb_aes_core.dut.dec_block.gm11 ;
    %alloc S_0x5630cc01d640;
    %load/vec4 v0x5630cc0210c0_0;
    %store/vec4 v0x5630cc01d220_0, 0, 8;
    %callf/vec4 TD_tb_aes_core.dut.dec_block.gm8, S_0x5630cc01d640;
    %free S_0x5630cc01d640;
    %alloc S_0x5630cc01f5c0;
    %load/vec4 v0x5630cc0210c0_0;
    %store/vec4 v0x5630cc01f140_0, 0, 8;
    %callf/vec4 TD_tb_aes_core.dut.dec_block.gm2, S_0x5630cc01f5c0;
    %free S_0x5630cc01f5c0;
    %xor;
    %load/vec4 v0x5630cc0210c0_0;
    %xor;
    %ret/vec4 0, 0, 8;  Assign to gm11 (store_vec4_to_lval)
    %end;
S_0x5630cc020c40 .scope autofunction.vec4.s8, "gm13" "gm13" 4 78, 4 78 0, S_0x5630cc025440;
 .timescale 0 0;
; Variable gm13 is vec4 return value of scope S_0x5630cc020c40
v0x5630cc0208a0_0 .var "op", 7 0;
TD_tb_aes_core.dut.dec_block.gm13 ;
    %alloc S_0x5630cc01d640;
    %load/vec4 v0x5630cc0208a0_0;
    %store/vec4 v0x5630cc01d220_0, 0, 8;
    %callf/vec4 TD_tb_aes_core.dut.dec_block.gm8, S_0x5630cc01d640;
    %free S_0x5630cc01d640;
    %alloc S_0x5630cc01e3c0;
    %load/vec4 v0x5630cc0208a0_0;
    %store/vec4 v0x5630cc01dae0_0, 0, 8;
    %callf/vec4 TD_tb_aes_core.dut.dec_block.gm4, S_0x5630cc01e3c0;
    %free S_0x5630cc01e3c0;
    %xor;
    %load/vec4 v0x5630cc0208a0_0;
    %xor;
    %ret/vec4 0, 0, 8;  Assign to gm13 (store_vec4_to_lval)
    %end;
S_0x5630cc020340 .scope autofunction.vec4.s8, "gm14" "gm14" 4 84, 4 84 0, S_0x5630cc025440;
 .timescale 0 0;
; Variable gm14 is vec4 return value of scope S_0x5630cc020340
v0x5630cc01ffc0_0 .var "op", 7 0;
TD_tb_aes_core.dut.dec_block.gm14 ;
    %alloc S_0x5630cc01d640;
    %load/vec4 v0x5630cc01ffc0_0;
    %store/vec4 v0x5630cc01d220_0, 0, 8;
    %callf/vec4 TD_tb_aes_core.dut.dec_block.gm8, S_0x5630cc01d640;
    %free S_0x5630cc01d640;
    %alloc S_0x5630cc01e3c0;
    %load/vec4 v0x5630cc01ffc0_0;
    %store/vec4 v0x5630cc01dae0_0, 0, 8;
    %callf/vec4 TD_tb_aes_core.dut.dec_block.gm4, S_0x5630cc01e3c0;
    %free S_0x5630cc01e3c0;
    %xor;
    %alloc S_0x5630cc01f5c0;
    %load/vec4 v0x5630cc01ffc0_0;
    %store/vec4 v0x5630cc01f140_0, 0, 8;
    %callf/vec4 TD_tb_aes_core.dut.dec_block.gm2, S_0x5630cc01f5c0;
    %free S_0x5630cc01f5c0;
    %xor;
    %ret/vec4 0, 0, 8;  Assign to gm14 (store_vec4_to_lval)
    %end;
S_0x5630cc01f5c0 .scope autofunction.vec4.s8, "gm2" "gm2" 4 42, 4 42 0, S_0x5630cc025440;
 .timescale 0 0;
; Variable gm2 is vec4 return value of scope S_0x5630cc01f5c0
v0x5630cc01f140_0 .var "op", 7 0;
TD_tb_aes_core.dut.dec_block.gm2 ;
    %load/vec4 v0x5630cc01f140_0;
    %parti/s 7, 0, 2;
    %concati/vec4 0, 0, 1;
    %pushi/vec4 27, 0, 8;
    %load/vec4 v0x5630cc01f140_0;
    %parti/s 1, 7, 4;
    %replicate 8;
    %and;
    %xor;
    %ret/vec4 0, 0, 8;  Assign to gm2 (store_vec4_to_lval)
    %end;
S_0x5630cc01ecc0 .scope autofunction.vec4.s8, "gm3" "gm3" 4 48, 4 48 0, S_0x5630cc025440;
 .timescale 0 0;
; Variable gm3 is vec4 return value of scope S_0x5630cc01ecc0
v0x5630cc01e940_0 .var "op", 7 0;
TD_tb_aes_core.dut.dec_block.gm3 ;
    %alloc S_0x5630cc01f5c0;
    %load/vec4 v0x5630cc01e940_0;
    %store/vec4 v0x5630cc01f140_0, 0, 8;
    %callf/vec4 TD_tb_aes_core.dut.dec_block.gm2, S_0x5630cc01f5c0;
    %free S_0x5630cc01f5c0;
    %load/vec4 v0x5630cc01e940_0;
    %xor;
    %ret/vec4 0, 0, 8;  Assign to gm3 (store_vec4_to_lval)
    %end;
S_0x5630cc01e3c0 .scope autofunction.vec4.s8, "gm4" "gm4" 4 54, 4 54 0, S_0x5630cc025440;
 .timescale 0 0;
; Variable gm4 is vec4 return value of scope S_0x5630cc01e3c0
v0x5630cc01dae0_0 .var "op", 7 0;
TD_tb_aes_core.dut.dec_block.gm4 ;
    %alloc S_0x5630cc01f5c0;
    %alloc S_0x5630cc01f5c0;
    %load/vec4 v0x5630cc01dae0_0;
    %store/vec4 v0x5630cc01f140_0, 0, 8;
    %callf/vec4 TD_tb_aes_core.dut.dec_block.gm2, S_0x5630cc01f5c0;
    %free S_0x5630cc01f5c0;
    %store/vec4 v0x5630cc01f140_0, 0, 8;
    %callf/vec4 TD_tb_aes_core.dut.dec_block.gm2, S_0x5630cc01f5c0;
    %free S_0x5630cc01f5c0;
    %ret/vec4 0, 0, 8;  Assign to gm4 (store_vec4_to_lval)
    %end;
S_0x5630cc01d640 .scope autofunction.vec4.s8, "gm8" "gm8" 4 60, 4 60 0, S_0x5630cc025440;
 .timescale 0 0;
; Variable gm8 is vec4 return value of scope S_0x5630cc01d640
v0x5630cc01d220_0 .var "op", 7 0;
TD_tb_aes_core.dut.dec_block.gm8 ;
    %alloc S_0x5630cc01f5c0;
    %alloc S_0x5630cc01e3c0;
    %load/vec4 v0x5630cc01d220_0;
    %store/vec4 v0x5630cc01dae0_0, 0, 8;
    %callf/vec4 TD_tb_aes_core.dut.dec_block.gm4, S_0x5630cc01e3c0;
    %free S_0x5630cc01e3c0;
    %store/vec4 v0x5630cc01f140_0, 0, 8;
    %callf/vec4 TD_tb_aes_core.dut.dec_block.gm2, S_0x5630cc01f5c0;
    %free S_0x5630cc01f5c0;
    %ret/vec4 0, 0, 8;  Assign to gm8 (store_vec4_to_lval)
    %end;
S_0x5630cc01cd40 .scope autofunction.vec4.s128, "inv_mixcolumns" "inv_mixcolumns" 4 108, 4 108 0, S_0x5630cc025440;
 .timescale 0 0;
v0x5630cc01c8c0_0 .var "data", 127 0;
; Variable inv_mixcolumns is vec4 return value of scope S_0x5630cc01cd40
v0x5630cc01c480_0 .var "w0", 31 0;
v0x5630cc01c540_0 .var "w1", 31 0;
v0x5630cc01c000_0 .var "w2", 31 0;
v0x5630cc01bb40_0 .var "w3", 31 0;
v0x5630cc01bc20_0 .var "ws0", 31 0;
v0x5630cc01b6c0_0 .var "ws1", 31 0;
v0x5630cc01b7a0_0 .var "ws2", 31 0;
v0x5630cc01b2f0_0 .var "ws3", 31 0;
TD_tb_aes_core.dut.dec_block.inv_mixcolumns ;
    %load/vec4 v0x5630cc01c8c0_0;
    %parti/s 32, 96, 8;
    %store/vec4 v0x5630cc01c480_0, 0, 32;
    %load/vec4 v0x5630cc01c8c0_0;
    %parti/s 32, 64, 8;
    %store/vec4 v0x5630cc01c540_0, 0, 32;
    %load/vec4 v0x5630cc01c8c0_0;
    %parti/s 32, 32, 7;
    %store/vec4 v0x5630cc01c000_0, 0, 32;
    %load/vec4 v0x5630cc01c8c0_0;
    %parti/s 32, 0, 2;
    %store/vec4 v0x5630cc01bb40_0, 0, 32;
    %alloc S_0x5630cc01adc0;
    %load/vec4 v0x5630cc01c480_0;
    %store/vec4 v0x5630cc019370_0, 0, 32;
    %callf/vec4 TD_tb_aes_core.dut.dec_block.inv_mixw, S_0x5630cc01adc0;
    %free S_0x5630cc01adc0;
    %store/vec4 v0x5630cc01bc20_0, 0, 32;
    %alloc S_0x5630cc01adc0;
    %load/vec4 v0x5630cc01c540_0;
    %store/vec4 v0x5630cc019370_0, 0, 32;
    %callf/vec4 TD_tb_aes_core.dut.dec_block.inv_mixw, S_0x5630cc01adc0;
    %free S_0x5630cc01adc0;
    %store/vec4 v0x5630cc01b6c0_0, 0, 32;
    %alloc S_0x5630cc01adc0;
    %load/vec4 v0x5630cc01c000_0;
    %store/vec4 v0x5630cc019370_0, 0, 32;
    %callf/vec4 TD_tb_aes_core.dut.dec_block.inv_mixw, S_0x5630cc01adc0;
    %free S_0x5630cc01adc0;
    %store/vec4 v0x5630cc01b7a0_0, 0, 32;
    %alloc S_0x5630cc01adc0;
    %load/vec4 v0x5630cc01bb40_0;
    %store/vec4 v0x5630cc019370_0, 0, 32;
    %callf/vec4 TD_tb_aes_core.dut.dec_block.inv_mixw, S_0x5630cc01adc0;
    %free S_0x5630cc01adc0;
    %store/vec4 v0x5630cc01b2f0_0, 0, 32;
    %load/vec4 v0x5630cc01bc20_0;
    %load/vec4 v0x5630cc01b6c0_0;
    %concat/vec4; draw_concat_vec4
    %load/vec4 v0x5630cc01b7a0_0;
    %concat/vec4; draw_concat_vec4
    %load/vec4 v0x5630cc01b2f0_0;
    %concat/vec4; draw_concat_vec4
    %ret/vec4 0, 0, 128;  Assign to inv_mixcolumns (store_vec4_to_lval)
    %end;
S_0x5630cc01adc0 .scope autofunction.vec4.s32, "inv_mixw" "inv_mixw" 4 90, 4 90 0, S_0x5630cc025440;
 .timescale 0 0;
v0x5630cc01a940_0 .var "b0", 7 0;
v0x5630cc01aa40_0 .var "b1", 7 0;
v0x5630cc01a500_0 .var "b2", 7 0;
v0x5630cc01a5c0_0 .var "b3", 7 0;
; Variable inv_mixw is vec4 return value of scope S_0x5630cc01adc0
v0x5630cc019bc0_0 .var "mb0", 7 0;
v0x5630cc019ca0_0 .var "mb1", 7 0;
v0x5630cc019740_0 .var "mb2", 7 0;
v0x5630cc019820_0 .var "mb3", 7 0;
v0x5630cc019370_0 .var "w", 31 0;
TD_tb_aes_core.dut.dec_block.inv_mixw ;
    %load/vec4 v0x5630cc019370_0;
    %parti/s 8, 24, 6;
    %store/vec4 v0x5630cc01a940_0, 0, 8;
    %load/vec4 v0x5630cc019370_0;
    %parti/s 8, 16, 6;
    %store/vec4 v0x5630cc01aa40_0, 0, 8;
    %load/vec4 v0x5630cc019370_0;
    %parti/s 8, 8, 5;
    %store/vec4 v0x5630cc01a500_0, 0, 8;
    %load/vec4 v0x5630cc019370_0;
    %parti/s 8, 0, 2;
    %store/vec4 v0x5630cc01a5c0_0, 0, 8;
    %alloc S_0x5630cc020340;
    %load/vec4 v0x5630cc01a940_0;
    %store/vec4 v0x5630cc01ffc0_0, 0, 8;
    %callf/vec4 TD_tb_aes_core.dut.dec_block.gm14, S_0x5630cc020340;
    %free S_0x5630cc020340;
    %alloc S_0x5630cc0219c0;
    %load/vec4 v0x5630cc01aa40_0;
    %store/vec4 v0x5630cc0210c0_0, 0, 8;
    %callf/vec4 TD_tb_aes_core.dut.dec_block.gm11, S_0x5630cc0219c0;
    %free S_0x5630cc0219c0;
    %xor;
    %alloc S_0x5630cc020c40;
    %load/vec4 v0x5630cc01a500_0;
    %store/vec4 v0x5630cc0208a0_0, 0, 8;
    %callf/vec4 TD_tb_aes_core.dut.dec_block.gm13, S_0x5630cc020c40;
    %free S_0x5630cc020c40;
    %xor;
    %alloc S_0x5630cc0222c0;
    %load/vec4 v0x5630cc01a5c0_0;
    %store/vec4 v0x5630cc021ee0_0, 0, 8;
    %callf/vec4 TD_tb_aes_core.dut.dec_block.gm09, S_0x5630cc0222c0;
    %free S_0x5630cc0222c0;
    %xor;
    %store/vec4 v0x5630cc019bc0_0, 0, 8;
    %alloc S_0x5630cc0222c0;
    %load/vec4 v0x5630cc01a940_0;
    %store/vec4 v0x5630cc021ee0_0, 0, 8;
    %callf/vec4 TD_tb_aes_core.dut.dec_block.gm09, S_0x5630cc0222c0;
    %free S_0x5630cc0222c0;
    %alloc S_0x5630cc020340;
    %load/vec4 v0x5630cc01aa40_0;
    %store/vec4 v0x5630cc01ffc0_0, 0, 8;
    %callf/vec4 TD_tb_aes_core.dut.dec_block.gm14, S_0x5630cc020340;
    %free S_0x5630cc020340;
    %xor;
    %alloc S_0x5630cc0219c0;
    %load/vec4 v0x5630cc01a500_0;
    %store/vec4 v0x5630cc0210c0_0, 0, 8;
    %callf/vec4 TD_tb_aes_core.dut.dec_block.gm11, S_0x5630cc0219c0;
    %free S_0x5630cc0219c0;
    %xor;
    %alloc S_0x5630cc020c40;
    %load/vec4 v0x5630cc01a5c0_0;
    %store/vec4 v0x5630cc0208a0_0, 0, 8;
    %callf/vec4 TD_tb_aes_core.dut.dec_block.gm13, S_0x5630cc020c40;
    %free S_0x5630cc020c40;
    %xor;
    %store/vec4 v0x5630cc019ca0_0, 0, 8;
    %alloc S_0x5630cc020c40;
    %load/vec4 v0x5630cc01a940_0;
    %store/vec4 v0x5630cc0208a0_0, 0, 8;
    %callf/vec4 TD_tb_aes_core.dut.dec_block.gm13, S_0x5630cc020c40;
    %free S_0x5630cc020c40;
    %alloc S_0x5630cc0222c0;
    %load/vec4 v0x5630cc01aa40_0;
    %store/vec4 v0x5630cc021ee0_0, 0, 8;
    %callf/vec4 TD_tb_aes_core.dut.dec_block.gm09, S_0x5630cc0222c0;
    %free S_0x5630cc0222c0;
    %xor;
    %alloc S_0x5630cc020340;
    %load/vec4 v0x5630cc01a500_0;
    %store/vec4 v0x5630cc01ffc0_0, 0, 8;
    %callf/vec4 TD_tb_aes_core.dut.dec_block.gm14, S_0x5630cc020340;
    %free S_0x5630cc020340;
    %xor;
    %alloc S_0x5630cc0219c0;
    %load/vec4 v0x5630cc01a5c0_0;
    %store/vec4 v0x5630cc0210c0_0, 0, 8;
    %callf/vec4 TD_tb_aes_core.dut.dec_block.gm11, S_0x5630cc0219c0;
    %free S_0x5630cc0219c0;
    %xor;
    %store/vec4 v0x5630cc019740_0, 0, 8;
    %alloc S_0x5630cc0219c0;
    %load/vec4 v0x5630cc01a940_0;
    %store/vec4 v0x5630cc0210c0_0, 0, 8;
    %callf/vec4 TD_tb_aes_core.dut.dec_block.gm11, S_0x5630cc0219c0;
    %free S_0x5630cc0219c0;
    %alloc S_0x5630cc020c40;
    %load/vec4 v0x5630cc01aa40_0;
    %store/vec4 v0x5630cc0208a0_0, 0, 8;
    %callf/vec4 TD_tb_aes_core.dut.dec_block.gm13, S_0x5630cc020c40;
    %free S_0x5630cc020c40;
    %xor;
    %alloc S_0x5630cc0222c0;
    %load/vec4 v0x5630cc01a500_0;
    %store/vec4 v0x5630cc021ee0_0, 0, 8;
    %callf/vec4 TD_tb_aes_core.dut.dec_block.gm09, S_0x5630cc0222c0;
    %free S_0x5630cc0222c0;
    %xor;
    %alloc S_0x5630cc020340;
    %load/vec4 v0x5630cc01a5c0_0;
    %store/vec4 v0x5630cc01ffc0_0, 0, 8;
    %callf/vec4 TD_tb_aes_core.dut.dec_block.gm14, S_0x5630cc020340;
    %free S_0x5630cc020340;
    %xor;
    %store/vec4 v0x5630cc019820_0, 0, 8;
    %load/vec4 v0x5630cc019bc0_0;
    %load/vec4 v0x5630cc019ca0_0;
    %concat/vec4; draw_concat_vec4
    %load/vec4 v0x5630cc019740_0;
    %concat/vec4; draw_concat_vec4
    %load/vec4 v0x5630cc019820_0;
    %concat/vec4; draw_concat_vec4
    %ret/vec4 0, 0, 32;  Assign to inv_mixw (store_vec4_to_lval)
    %end;
S_0x5630cc018e40 .scope module, "inv_sbox_inst" "aes_inv_sbox" 4 203, 5 1 0, S_0x5630cc025440;
 .timescale 0 0;
    .port_info 0 /INPUT 1 "clk";
    .port_info 1 /INPUT 1 "rst_n";
    .port_info 2 /INPUT 1 "sbox_en";
    .port_info 3 /INPUT 32 "sboxw";
    .port_info 4 /OUTPUT 32 "new_sboxw";
    .port_info 5 /OUTPUT 1 "sbox_locked";
L_0x5630cbf769c0 .functor BUFZ 1, v0x5630cc014660_0, C4<0>, C4<0>, C4<0>;
v0x5630cc018540_0 .net *"_ivl_10", 9 0, L_0x5630cbf76070;  1 drivers
L_0x7e64be560600 .functor BUFT 1, C4<00>, C4<0>, C4<0>, C4<0>;
v0x5630cc018640_0 .net *"_ivl_13", 1 0, L_0x7e64be560600;  1 drivers
v0x5630cc0180c0_0 .net *"_ivl_14", 7 0, L_0x5630cbf75bf0;  1 drivers
L_0x7e64be560648 .functor BUFT 1, C4<00000000>, C4<0>, C4<0>, C4<0>;
v0x5630cc018180_0 .net/2u *"_ivl_18", 7 0, L_0x7e64be560648;  1 drivers
v0x5630cc017c40_0 .net *"_ivl_20", 7 0, L_0x5630cbf757c0;  1 drivers
v0x5630cc0177c0_0 .net *"_ivl_23", 7 0, L_0x5630cbf75860;  1 drivers
v0x5630cc0178a0_0 .net *"_ivl_24", 9 0, L_0x5630cbf75330;  1 drivers
L_0x7e64be560690 .functor BUFT 1, C4<00>, C4<0>, C4<0>, C4<0>;
v0x5630cc017340_0 .net *"_ivl_27", 1 0, L_0x7e64be560690;  1 drivers
v0x5630cc017420_0 .net *"_ivl_28", 7 0, L_0x5630cbf74ec0;  1 drivers
L_0x7e64be5606d8 .functor BUFT 1, C4<00000000>, C4<0>, C4<0>, C4<0>;
v0x5630cc016f70_0 .net/2u *"_ivl_32", 7 0, L_0x7e64be5606d8;  1 drivers
v0x5630cc016a40_0 .net *"_ivl_34", 7 0, L_0x5630cbf74a40;  1 drivers
v0x5630cc016b20_0 .net *"_ivl_37", 7 0, L_0x5630cbf74ae0;  1 drivers
v0x5630cc0165c0_0 .net *"_ivl_38", 9 0, L_0x5630cbf74660;  1 drivers
L_0x7e64be5605b8 .functor BUFT 1, C4<00000000>, C4<0>, C4<0>, C4<0>;
v0x5630cc0166a0_0 .net/2u *"_ivl_4", 7 0, L_0x7e64be5605b8;  1 drivers
L_0x7e64be560720 .functor BUFT 1, C4<00>, C4<0>, C4<0>, C4<0>;
v0x5630cc016140_0 .net *"_ivl_41", 1 0, L_0x7e64be560720;  1 drivers
v0x5630cc016220_0 .net *"_ivl_42", 7 0, L_0x5630cbf74140;  1 drivers
L_0x7e64be560768 .functor BUFT 1, C4<00000000>, C4<0>, C4<0>, C4<0>;
v0x5630cc015ce0_0 .net/2u *"_ivl_47", 7 0, L_0x7e64be560768;  1 drivers
v0x5630cc015d80_0 .net *"_ivl_49", 7 0, L_0x5630cbf73370;  1 drivers
v0x5630cc0153c0_0 .net *"_ivl_52", 7 0, L_0x5630cbf73410;  1 drivers
v0x5630cc0154a0_0 .net *"_ivl_53", 9 0, L_0x5630cbf72ef0;  1 drivers
L_0x7e64be5607b0 .functor BUFT 1, C4<00>, C4<0>, C4<0>, C4<0>;
v0x5630cc014f40_0 .net *"_ivl_56", 1 0, L_0x7e64be5607b0;  1 drivers
v0x5630cc015020_0 .net *"_ivl_57", 7 0, L_0x5630cbf72b50;  1 drivers
v0x5630cc014ac0_0 .net *"_ivl_6", 7 0, L_0x5630cbf764f0;  1 drivers
v0x5630cc014ba0_0 .net *"_ivl_9", 7 0, L_0x5630cbf765c0;  1 drivers
v0x5630cc014660_0 .var "aes_locked_reg", 0 0;
o0x7e64be5abd48 .functor BUFZ 1, C4<z>; HiZ drive
v0x5630cc014720_0 .net "clk", 0 0, o0x7e64be5abd48;  0 drivers
L_0x7e64be5607f8 .functor BUFT 1, C4<01010010>, C4<0>, C4<0>, C4<0>;
v0x5630cc0141c0 .array "inv_sbox", 255 0;
v0x5630cc0141c0_0 .net v0x5630cc0141c0 0, 7 0, L_0x7e64be5607f8; 1 drivers
L_0x7e64be560840 .functor BUFT 1, C4<00001001>, C4<0>, C4<0>, C4<0>;
v0x5630cc0141c0_1 .net v0x5630cc0141c0 1, 7 0, L_0x7e64be560840; 1 drivers
L_0x7e64be560888 .functor BUFT 1, C4<01101010>, C4<0>, C4<0>, C4<0>;
v0x5630cc0141c0_2 .net v0x5630cc0141c0 2, 7 0, L_0x7e64be560888; 1 drivers
L_0x7e64be5608d0 .functor BUFT 1, C4<11010101>, C4<0>, C4<0>, C4<0>;
v0x5630cc0141c0_3 .net v0x5630cc0141c0 3, 7 0, L_0x7e64be5608d0; 1 drivers
L_0x7e64be560918 .functor BUFT 1, C4<00110000>, C4<0>, C4<0>, C4<0>;
v0x5630cc0141c0_4 .net v0x5630cc0141c0 4, 7 0, L_0x7e64be560918; 1 drivers
L_0x7e64be560960 .functor BUFT 1, C4<00110110>, C4<0>, C4<0>, C4<0>;
v0x5630cc0141c0_5 .net v0x5630cc0141c0 5, 7 0, L_0x7e64be560960; 1 drivers
L_0x7e64be5609a8 .functor BUFT 1, C4<10100101>, C4<0>, C4<0>, C4<0>;
v0x5630cc0141c0_6 .net v0x5630cc0141c0 6, 7 0, L_0x7e64be5609a8; 1 drivers
L_0x7e64be5609f0 .functor BUFT 1, C4<00111000>, C4<0>, C4<0>, C4<0>;
v0x5630cc0141c0_7 .net v0x5630cc0141c0 7, 7 0, L_0x7e64be5609f0; 1 drivers
L_0x7e64be560a38 .functor BUFT 1, C4<10111111>, C4<0>, C4<0>, C4<0>;
v0x5630cc0141c0_8 .net v0x5630cc0141c0 8, 7 0, L_0x7e64be560a38; 1 drivers
L_0x7e64be560a80 .functor BUFT 1, C4<01000000>, C4<0>, C4<0>, C4<0>;
v0x5630cc0141c0_9 .net v0x5630cc0141c0 9, 7 0, L_0x7e64be560a80; 1 drivers
L_0x7e64be560ac8 .functor BUFT 1, C4<10100011>, C4<0>, C4<0>, C4<0>;
v0x5630cc0141c0_10 .net v0x5630cc0141c0 10, 7 0, L_0x7e64be560ac8; 1 drivers
L_0x7e64be560b10 .functor BUFT 1, C4<10011110>, C4<0>, C4<0>, C4<0>;
v0x5630cc0141c0_11 .net v0x5630cc0141c0 11, 7 0, L_0x7e64be560b10; 1 drivers
L_0x7e64be560b58 .functor BUFT 1, C4<10000001>, C4<0>, C4<0>, C4<0>;
v0x5630cc0141c0_12 .net v0x5630cc0141c0 12, 7 0, L_0x7e64be560b58; 1 drivers
L_0x7e64be560ba0 .functor BUFT 1, C4<11110011>, C4<0>, C4<0>, C4<0>;
v0x5630cc0141c0_13 .net v0x5630cc0141c0 13, 7 0, L_0x7e64be560ba0; 1 drivers
L_0x7e64be560be8 .functor BUFT 1, C4<11010111>, C4<0>, C4<0>, C4<0>;
v0x5630cc0141c0_14 .net v0x5630cc0141c0 14, 7 0, L_0x7e64be560be8; 1 drivers
L_0x7e64be560c30 .functor BUFT 1, C4<11111011>, C4<0>, C4<0>, C4<0>;
v0x5630cc0141c0_15 .net v0x5630cc0141c0 15, 7 0, L_0x7e64be560c30; 1 drivers
L_0x7e64be560c78 .functor BUFT 1, C4<01111100>, C4<0>, C4<0>, C4<0>;
v0x5630cc0141c0_16 .net v0x5630cc0141c0 16, 7 0, L_0x7e64be560c78; 1 drivers
L_0x7e64be560cc0 .functor BUFT 1, C4<11100011>, C4<0>, C4<0>, C4<0>;
v0x5630cc0141c0_17 .net v0x5630cc0141c0 17, 7 0, L_0x7e64be560cc0; 1 drivers
L_0x7e64be560d08 .functor BUFT 1, C4<00111001>, C4<0>, C4<0>, C4<0>;
v0x5630cc0141c0_18 .net v0x5630cc0141c0 18, 7 0, L_0x7e64be560d08; 1 drivers
L_0x7e64be560d50 .functor BUFT 1, C4<10000010>, C4<0>, C4<0>, C4<0>;
v0x5630cc0141c0_19 .net v0x5630cc0141c0 19, 7 0, L_0x7e64be560d50; 1 drivers
L_0x7e64be560d98 .functor BUFT 1, C4<10011011>, C4<0>, C4<0>, C4<0>;
v0x5630cc0141c0_20 .net v0x5630cc0141c0 20, 7 0, L_0x7e64be560d98; 1 drivers
L_0x7e64be560de0 .functor BUFT 1, C4<00101111>, C4<0>, C4<0>, C4<0>;
v0x5630cc0141c0_21 .net v0x5630cc0141c0 21, 7 0, L_0x7e64be560de0; 1 drivers
L_0x7e64be560e28 .functor BUFT 1, C4<11111111>, C4<0>, C4<0>, C4<0>;
v0x5630cc0141c0_22 .net v0x5630cc0141c0 22, 7 0, L_0x7e64be560e28; 1 drivers
L_0x7e64be560e70 .functor BUFT 1, C4<10000111>, C4<0>, C4<0>, C4<0>;
v0x5630cc0141c0_23 .net v0x5630cc0141c0 23, 7 0, L_0x7e64be560e70; 1 drivers
L_0x7e64be560eb8 .functor BUFT 1, C4<00110100>, C4<0>, C4<0>, C4<0>;
v0x5630cc0141c0_24 .net v0x5630cc0141c0 24, 7 0, L_0x7e64be560eb8; 1 drivers
L_0x7e64be560f00 .functor BUFT 1, C4<10001110>, C4<0>, C4<0>, C4<0>;
v0x5630cc0141c0_25 .net v0x5630cc0141c0 25, 7 0, L_0x7e64be560f00; 1 drivers
L_0x7e64be560f48 .functor BUFT 1, C4<01000011>, C4<0>, C4<0>, C4<0>;
v0x5630cc0141c0_26 .net v0x5630cc0141c0 26, 7 0, L_0x7e64be560f48; 1 drivers
L_0x7e64be560f90 .functor BUFT 1, C4<01000100>, C4<0>, C4<0>, C4<0>;
v0x5630cc0141c0_27 .net v0x5630cc0141c0 27, 7 0, L_0x7e64be560f90; 1 drivers
L_0x7e64be560fd8 .functor BUFT 1, C4<11000100>, C4<0>, C4<0>, C4<0>;
v0x5630cc0141c0_28 .net v0x5630cc0141c0 28, 7 0, L_0x7e64be560fd8; 1 drivers
L_0x7e64be561020 .functor BUFT 1, C4<11011110>, C4<0>, C4<0>, C4<0>;
v0x5630cc0141c0_29 .net v0x5630cc0141c0 29, 7 0, L_0x7e64be561020; 1 drivers
L_0x7e64be561068 .functor BUFT 1, C4<11101001>, C4<0>, C4<0>, C4<0>;
v0x5630cc0141c0_30 .net v0x5630cc0141c0 30, 7 0, L_0x7e64be561068; 1 drivers
L_0x7e64be5610b0 .functor BUFT 1, C4<11001011>, C4<0>, C4<0>, C4<0>;
v0x5630cc0141c0_31 .net v0x5630cc0141c0 31, 7 0, L_0x7e64be5610b0; 1 drivers
L_0x7e64be5610f8 .functor BUFT 1, C4<01010100>, C4<0>, C4<0>, C4<0>;
v0x5630cc0141c0_32 .net v0x5630cc0141c0 32, 7 0, L_0x7e64be5610f8; 1 drivers
L_0x7e64be561140 .functor BUFT 1, C4<01111011>, C4<0>, C4<0>, C4<0>;
v0x5630cc0141c0_33 .net v0x5630cc0141c0 33, 7 0, L_0x7e64be561140; 1 drivers
L_0x7e64be561188 .functor BUFT 1, C4<10010100>, C4<0>, C4<0>, C4<0>;
v0x5630cc0141c0_34 .net v0x5630cc0141c0 34, 7 0, L_0x7e64be561188; 1 drivers
L_0x7e64be5611d0 .functor BUFT 1, C4<00110010>, C4<0>, C4<0>, C4<0>;
v0x5630cc0141c0_35 .net v0x5630cc0141c0 35, 7 0, L_0x7e64be5611d0; 1 drivers
L_0x7e64be561218 .functor BUFT 1, C4<10100110>, C4<0>, C4<0>, C4<0>;
v0x5630cc0141c0_36 .net v0x5630cc0141c0 36, 7 0, L_0x7e64be561218; 1 drivers
L_0x7e64be561260 .functor BUFT 1, C4<11000010>, C4<0>, C4<0>, C4<0>;
v0x5630cc0141c0_37 .net v0x5630cc0141c0 37, 7 0, L_0x7e64be561260; 1 drivers
L_0x7e64be5612a8 .functor BUFT 1, C4<00100011>, C4<0>, C4<0>, C4<0>;
v0x5630cc0141c0_38 .net v0x5630cc0141c0 38, 7 0, L_0x7e64be5612a8; 1 drivers
L_0x7e64be5612f0 .functor BUFT 1, C4<00111101>, C4<0>, C4<0>, C4<0>;
v0x5630cc0141c0_39 .net v0x5630cc0141c0 39, 7 0, L_0x7e64be5612f0; 1 drivers
L_0x7e64be561338 .functor BUFT 1, C4<11101110>, C4<0>, C4<0>, C4<0>;
v0x5630cc0141c0_40 .net v0x5630cc0141c0 40, 7 0, L_0x7e64be561338; 1 drivers
L_0x7e64be561380 .functor BUFT 1, C4<01001100>, C4<0>, C4<0>, C4<0>;
v0x5630cc0141c0_41 .net v0x5630cc0141c0 41, 7 0, L_0x7e64be561380; 1 drivers
L_0x7e64be5613c8 .functor BUFT 1, C4<10010101>, C4<0>, C4<0>, C4<0>;
v0x5630cc0141c0_42 .net v0x5630cc0141c0 42, 7 0, L_0x7e64be5613c8; 1 drivers
L_0x7e64be561410 .functor BUFT 1, C4<00001011>, C4<0>, C4<0>, C4<0>;
v0x5630cc0141c0_43 .net v0x5630cc0141c0 43, 7 0, L_0x7e64be561410; 1 drivers
L_0x7e64be561458 .functor BUFT 1, C4<01000010>, C4<0>, C4<0>, C4<0>;
v0x5630cc0141c0_44 .net v0x5630cc0141c0 44, 7 0, L_0x7e64be561458; 1 drivers
L_0x7e64be5614a0 .functor BUFT 1, C4<11111010>, C4<0>, C4<0>, C4<0>;
v0x5630cc0141c0_45 .net v0x5630cc0141c0 45, 7 0, L_0x7e64be5614a0; 1 drivers
L_0x7e64be5614e8 .functor BUFT 1, C4<11000011>, C4<0>, C4<0>, C4<0>;
v0x5630cc0141c0_46 .net v0x5630cc0141c0 46, 7 0, L_0x7e64be5614e8; 1 drivers
L_0x7e64be561530 .functor BUFT 1, C4<01001110>, C4<0>, C4<0>, C4<0>;
v0x5630cc0141c0_47 .net v0x5630cc0141c0 47, 7 0, L_0x7e64be561530; 1 drivers
L_0x7e64be561578 .functor BUFT 1, C4<00001000>, C4<0>, C4<0>, C4<0>;
v0x5630cc0141c0_48 .net v0x5630cc0141c0 48, 7 0, L_0x7e64be561578; 1 drivers
L_0x7e64be5615c0 .functor BUFT 1, C4<00101110>, C4<0>, C4<0>, C4<0>;
v0x5630cc0141c0_49 .net v0x5630cc0141c0 49, 7 0, L_0x7e64be5615c0; 1 drivers
L_0x7e64be561608 .functor BUFT 1, C4<10100001>, C4<0>, C4<0>, C4<0>;
v0x5630cc0141c0_50 .net v0x5630cc0141c0 50, 7 0, L_0x7e64be561608; 1 drivers
L_0x7e64be561650 .functor BUFT 1, C4<01100110>, C4<0>, C4<0>, C4<0>;
v0x5630cc0141c0_51 .net v0x5630cc0141c0 51, 7 0, L_0x7e64be561650; 1 drivers
L_0x7e64be561698 .functor BUFT 1, C4<00101000>, C4<0>, C4<0>, C4<0>;
v0x5630cc0141c0_52 .net v0x5630cc0141c0 52, 7 0, L_0x7e64be561698; 1 drivers
L_0x7e64be5616e0 .functor BUFT 1, C4<11011001>, C4<0>, C4<0>, C4<0>;
v0x5630cc0141c0_53 .net v0x5630cc0141c0 53, 7 0, L_0x7e64be5616e0; 1 drivers
L_0x7e64be561728 .functor BUFT 1, C4<00100100>, C4<0>, C4<0>, C4<0>;
v0x5630cc0141c0_54 .net v0x5630cc0141c0 54, 7 0, L_0x7e64be561728; 1 drivers
L_0x7e64be561770 .functor BUFT 1, C4<10110010>, C4<0>, C4<0>, C4<0>;
v0x5630cc0141c0_55 .net v0x5630cc0141c0 55, 7 0, L_0x7e64be561770; 1 drivers
L_0x7e64be5617b8 .functor BUFT 1, C4<01110110>, C4<0>, C4<0>, C4<0>;
v0x5630cc0141c0_56 .net v0x5630cc0141c0 56, 7 0, L_0x7e64be5617b8; 1 drivers
L_0x7e64be561800 .functor BUFT 1, C4<01011011>, C4<0>, C4<0>, C4<0>;
v0x5630cc0141c0_57 .net v0x5630cc0141c0 57, 7 0, L_0x7e64be561800; 1 drivers
L_0x7e64be561848 .functor BUFT 1, C4<10100010>, C4<0>, C4<0>, C4<0>;
v0x5630cc0141c0_58 .net v0x5630cc0141c0 58, 7 0, L_0x7e64be561848; 1 drivers
L_0x7e64be561890 .functor BUFT 1, C4<01001001>, C4<0>, C4<0>, C4<0>;
v0x5630cc0141c0_59 .net v0x5630cc0141c0 59, 7 0, L_0x7e64be561890; 1 drivers
L_0x7e64be5618d8 .functor BUFT 1, C4<01101101>, C4<0>, C4<0>, C4<0>;
v0x5630cc0141c0_60 .net v0x5630cc0141c0 60, 7 0, L_0x7e64be5618d8; 1 drivers
L_0x7e64be561920 .functor BUFT 1, C4<10001011>, C4<0>, C4<0>, C4<0>;
v0x5630cc0141c0_61 .net v0x5630cc0141c0 61, 7 0, L_0x7e64be561920; 1 drivers
L_0x7e64be561968 .functor BUFT 1, C4<11010001>, C4<0>, C4<0>, C4<0>;
v0x5630cc0141c0_62 .net v0x5630cc0141c0 62, 7 0, L_0x7e64be561968; 1 drivers
L_0x7e64be5619b0 .functor BUFT 1, C4<00100101>, C4<0>, C4<0>, C4<0>;
v0x5630cc0141c0_63 .net v0x5630cc0141c0 63, 7 0, L_0x7e64be5619b0; 1 drivers
L_0x7e64be5619f8 .functor BUFT 1, C4<01110010>, C4<0>, C4<0>, C4<0>;
v0x5630cc0141c0_64 .net v0x5630cc0141c0 64, 7 0, L_0x7e64be5619f8; 1 drivers
L_0x7e64be561a40 .functor BUFT 1, C4<11111000>, C4<0>, C4<0>, C4<0>;
v0x5630cc0141c0_65 .net v0x5630cc0141c0 65, 7 0, L_0x7e64be561a40; 1 drivers
L_0x7e64be561a88 .functor BUFT 1, C4<11110110>, C4<0>, C4<0>, C4<0>;
v0x5630cc0141c0_66 .net v0x5630cc0141c0 66, 7 0, L_0x7e64be561a88; 1 drivers
L_0x7e64be561ad0 .functor BUFT 1, C4<01100100>, C4<0>, C4<0>, C4<0>;
v0x5630cc0141c0_67 .net v0x5630cc0141c0 67, 7 0, L_0x7e64be561ad0; 1 drivers
L_0x7e64be561b18 .functor BUFT 1, C4<10000110>, C4<0>, C4<0>, C4<0>;
v0x5630cc0141c0_68 .net v0x5630cc0141c0 68, 7 0, L_0x7e64be561b18; 1 drivers
L_0x7e64be561b60 .functor BUFT 1, C4<01101000>, C4<0>, C4<0>, C4<0>;
v0x5630cc0141c0_69 .net v0x5630cc0141c0 69, 7 0, L_0x7e64be561b60; 1 drivers
L_0x7e64be561ba8 .functor BUFT 1, C4<10011000>, C4<0>, C4<0>, C4<0>;
v0x5630cc0141c0_70 .net v0x5630cc0141c0 70, 7 0, L_0x7e64be561ba8; 1 drivers
L_0x7e64be561bf0 .functor BUFT 1, C4<00010110>, C4<0>, C4<0>, C4<0>;
v0x5630cc0141c0_71 .net v0x5630cc0141c0 71, 7 0, L_0x7e64be561bf0; 1 drivers
L_0x7e64be561c38 .functor BUFT 1, C4<11010100>, C4<0>, C4<0>, C4<0>;
v0x5630cc0141c0_72 .net v0x5630cc0141c0 72, 7 0, L_0x7e64be561c38; 1 drivers
L_0x7e64be561c80 .functor BUFT 1, C4<10100100>, C4<0>, C4<0>, C4<0>;
v0x5630cc0141c0_73 .net v0x5630cc0141c0 73, 7 0, L_0x7e64be561c80; 1 drivers
L_0x7e64be561cc8 .functor BUFT 1, C4<01011100>, C4<0>, C4<0>, C4<0>;
v0x5630cc0141c0_74 .net v0x5630cc0141c0 74, 7 0, L_0x7e64be561cc8; 1 drivers
L_0x7e64be561d10 .functor BUFT 1, C4<11001100>, C4<0>, C4<0>, C4<0>;
v0x5630cc0141c0_75 .net v0x5630cc0141c0 75, 7 0, L_0x7e64be561d10; 1 drivers
L_0x7e64be561d58 .functor BUFT 1, C4<01011101>, C4<0>, C4<0>, C4<0>;
v0x5630cc0141c0_76 .net v0x5630cc0141c0 76, 7 0, L_0x7e64be561d58; 1 drivers
L_0x7e64be561da0 .functor BUFT 1, C4<01100101>, C4<0>, C4<0>, C4<0>;
v0x5630cc0141c0_77 .net v0x5630cc0141c0 77, 7 0, L_0x7e64be561da0; 1 drivers
L_0x7e64be561de8 .functor BUFT 1, C4<10110110>, C4<0>, C4<0>, C4<0>;
v0x5630cc0141c0_78 .net v0x5630cc0141c0 78, 7 0, L_0x7e64be561de8; 1 drivers
L_0x7e64be561e30 .functor BUFT 1, C4<10010010>, C4<0>, C4<0>, C4<0>;
v0x5630cc0141c0_79 .net v0x5630cc0141c0 79, 7 0, L_0x7e64be561e30; 1 drivers
L_0x7e64be561e78 .functor BUFT 1, C4<01101100>, C4<0>, C4<0>, C4<0>;
v0x5630cc0141c0_80 .net v0x5630cc0141c0 80, 7 0, L_0x7e64be561e78; 1 drivers
L_0x7e64be561ec0 .functor BUFT 1, C4<01110000>, C4<0>, C4<0>, C4<0>;
v0x5630cc0141c0_81 .net v0x5630cc0141c0 81, 7 0, L_0x7e64be561ec0; 1 drivers
L_0x7e64be561f08 .functor BUFT 1, C4<01001000>, C4<0>, C4<0>, C4<0>;
v0x5630cc0141c0_82 .net v0x5630cc0141c0 82, 7 0, L_0x7e64be561f08; 1 drivers
L_0x7e64be561f50 .functor BUFT 1, C4<01010000>, C4<0>, C4<0>, C4<0>;
v0x5630cc0141c0_83 .net v0x5630cc0141c0 83, 7 0, L_0x7e64be561f50; 1 drivers
L_0x7e64be561f98 .functor BUFT 1, C4<11111101>, C4<0>, C4<0>, C4<0>;
v0x5630cc0141c0_84 .net v0x5630cc0141c0 84, 7 0, L_0x7e64be561f98; 1 drivers
L_0x7e64be561fe0 .functor BUFT 1, C4<11101101>, C4<0>, C4<0>, C4<0>;
v0x5630cc0141c0_85 .net v0x5630cc0141c0 85, 7 0, L_0x7e64be561fe0; 1 drivers
L_0x7e64be562028 .functor BUFT 1, C4<10111001>, C4<0>, C4<0>, C4<0>;
v0x5630cc0141c0_86 .net v0x5630cc0141c0 86, 7 0, L_0x7e64be562028; 1 drivers
L_0x7e64be562070 .functor BUFT 1, C4<11011010>, C4<0>, C4<0>, C4<0>;
v0x5630cc0141c0_87 .net v0x5630cc0141c0 87, 7 0, L_0x7e64be562070; 1 drivers
L_0x7e64be5620b8 .functor BUFT 1, C4<01011110>, C4<0>, C4<0>, C4<0>;
v0x5630cc0141c0_88 .net v0x5630cc0141c0 88, 7 0, L_0x7e64be5620b8; 1 drivers
L_0x7e64be562100 .functor BUFT 1, C4<00010101>, C4<0>, C4<0>, C4<0>;
v0x5630cc0141c0_89 .net v0x5630cc0141c0 89, 7 0, L_0x7e64be562100; 1 drivers
L_0x7e64be562148 .functor BUFT 1, C4<01000110>, C4<0>, C4<0>, C4<0>;
v0x5630cc0141c0_90 .net v0x5630cc0141c0 90, 7 0, L_0x7e64be562148; 1 drivers
L_0x7e64be562190 .functor BUFT 1, C4<01010111>, C4<0>, C4<0>, C4<0>;
v0x5630cc0141c0_91 .net v0x5630cc0141c0 91, 7 0, L_0x7e64be562190; 1 drivers
L_0x7e64be5621d8 .functor BUFT 1, C4<10100111>, C4<0>, C4<0>, C4<0>;
v0x5630cc0141c0_92 .net v0x5630cc0141c0 92, 7 0, L_0x7e64be5621d8; 1 drivers
L_0x7e64be562220 .functor BUFT 1, C4<10001101>, C4<0>, C4<0>, C4<0>;
v0x5630cc0141c0_93 .net v0x5630cc0141c0 93, 7 0, L_0x7e64be562220; 1 drivers
L_0x7e64be562268 .functor BUFT 1, C4<10011101>, C4<0>, C4<0>, C4<0>;
v0x5630cc0141c0_94 .net v0x5630cc0141c0 94, 7 0, L_0x7e64be562268; 1 drivers
L_0x7e64be5622b0 .functor BUFT 1, C4<10000100>, C4<0>, C4<0>, C4<0>;
v0x5630cc0141c0_95 .net v0x5630cc0141c0 95, 7 0, L_0x7e64be5622b0; 1 drivers
L_0x7e64be5622f8 .functor BUFT 1, C4<10010000>, C4<0>, C4<0>, C4<0>;
v0x5630cc0141c0_96 .net v0x5630cc0141c0 96, 7 0, L_0x7e64be5622f8; 1 drivers
L_0x7e64be562340 .functor BUFT 1, C4<11011000>, C4<0>, C4<0>, C4<0>;
v0x5630cc0141c0_97 .net v0x5630cc0141c0 97, 7 0, L_0x7e64be562340; 1 drivers
L_0x7e64be562388 .functor BUFT 1, C4<10101011>, C4<0>, C4<0>, C4<0>;
v0x5630cc0141c0_98 .net v0x5630cc0141c0 98, 7 0, L_0x7e64be562388; 1 drivers
L_0x7e64be5623d0 .functor BUFT 1, C4<00000000>, C4<0>, C4<0>, C4<0>;
v0x5630cc0141c0_99 .net v0x5630cc0141c0 99, 7 0, L_0x7e64be5623d0; 1 drivers
L_0x7e64be562418 .functor BUFT 1, C4<10001100>, C4<0>, C4<0>, C4<0>;
v0x5630cc0141c0_100 .net v0x5630cc0141c0 100, 7 0, L_0x7e64be562418; 1 drivers
L_0x7e64be562460 .functor BUFT 1, C4<10111100>, C4<0>, C4<0>, C4<0>;
v0x5630cc0141c0_101 .net v0x5630cc0141c0 101, 7 0, L_0x7e64be562460; 1 drivers
L_0x7e64be5624a8 .functor BUFT 1, C4<11010011>, C4<0>, C4<0>, C4<0>;
v0x5630cc0141c0_102 .net v0x5630cc0141c0 102, 7 0, L_0x7e64be5624a8; 1 drivers
L_0x7e64be5624f0 .functor BUFT 1, C4<00001010>, C4<0>, C4<0>, C4<0>;
v0x5630cc0141c0_103 .net v0x5630cc0141c0 103, 7 0, L_0x7e64be5624f0; 1 drivers
L_0x7e64be562538 .functor BUFT 1, C4<11110111>, C4<0>, C4<0>, C4<0>;
v0x5630cc0141c0_104 .net v0x5630cc0141c0 104, 7 0, L_0x7e64be562538; 1 drivers
L_0x7e64be562580 .functor BUFT 1, C4<11100100>, C4<0>, C4<0>, C4<0>;
v0x5630cc0141c0_105 .net v0x5630cc0141c0 105, 7 0, L_0x7e64be562580; 1 drivers
L_0x7e64be5625c8 .functor BUFT 1, C4<01011000>, C4<0>, C4<0>, C4<0>;
v0x5630cc0141c0_106 .net v0x5630cc0141c0 106, 7 0, L_0x7e64be5625c8; 1 drivers
L_0x7e64be562610 .functor BUFT 1, C4<00000101>, C4<0>, C4<0>, C4<0>;
v0x5630cc0141c0_107 .net v0x5630cc0141c0 107, 7 0, L_0x7e64be562610; 1 drivers
L_0x7e64be562658 .functor BUFT 1, C4<10111000>, C4<0>, C4<0>, C4<0>;
v0x5630cc0141c0_108 .net v0x5630cc0141c0 108, 7 0, L_0x7e64be562658; 1 drivers
L_0x7e64be5626a0 .functor BUFT 1, C4<10110011>, C4<0>, C4<0>, C4<0>;
v0x5630cc0141c0_109 .net v0x5630cc0141c0 109, 7 0, L_0x7e64be5626a0; 1 drivers
L_0x7e64be5626e8 .functor BUFT 1, C4<01000101>, C4<0>, C4<0>, C4<0>;
v0x5630cc0141c0_110 .net v0x5630cc0141c0 110, 7 0, L_0x7e64be5626e8; 1 drivers
L_0x7e64be562730 .functor BUFT 1, C4<00000110>, C4<0>, C4<0>, C4<0>;
v0x5630cc0141c0_111 .net v0x5630cc0141c0 111, 7 0, L_0x7e64be562730; 1 drivers
L_0x7e64be562778 .functor BUFT 1, C4<11010000>, C4<0>, C4<0>, C4<0>;
v0x5630cc0141c0_112 .net v0x5630cc0141c0 112, 7 0, L_0x7e64be562778; 1 drivers
L_0x7e64be5627c0 .functor BUFT 1, C4<00101100>, C4<0>, C4<0>, C4<0>;
v0x5630cc0141c0_113 .net v0x5630cc0141c0 113, 7 0, L_0x7e64be5627c0; 1 drivers
L_0x7e64be562808 .functor BUFT 1, C4<00011110>, C4<0>, C4<0>, C4<0>;
v0x5630cc0141c0_114 .net v0x5630cc0141c0 114, 7 0, L_0x7e64be562808; 1 drivers
L_0x7e64be562850 .functor BUFT 1, C4<10001111>, C4<0>, C4<0>, C4<0>;
v0x5630cc0141c0_115 .net v0x5630cc0141c0 115, 7 0, L_0x7e64be562850; 1 drivers
L_0x7e64be562898 .functor BUFT 1, C4<11001010>, C4<0>, C4<0>, C4<0>;
v0x5630cc0141c0_116 .net v0x5630cc0141c0 116, 7 0, L_0x7e64be562898; 1 drivers
L_0x7e64be5628e0 .functor BUFT 1, C4<00111111>, C4<0>, C4<0>, C4<0>;
v0x5630cc0141c0_117 .net v0x5630cc0141c0 117, 7 0, L_0x7e64be5628e0; 1 drivers
L_0x7e64be562928 .functor BUFT 1, C4<00001111>, C4<0>, C4<0>, C4<0>;
v0x5630cc0141c0_118 .net v0x5630cc0141c0 118, 7 0, L_0x7e64be562928; 1 drivers
L_0x7e64be562970 .functor BUFT 1, C4<00000010>, C4<0>, C4<0>, C4<0>;
v0x5630cc0141c0_119 .net v0x5630cc0141c0 119, 7 0, L_0x7e64be562970; 1 drivers
L_0x7e64be5629b8 .functor BUFT 1, C4<11000001>, C4<0>, C4<0>, C4<0>;
v0x5630cc0141c0_120 .net v0x5630cc0141c0 120, 7 0, L_0x7e64be5629b8; 1 drivers
L_0x7e64be562a00 .functor BUFT 1, C4<10101111>, C4<0>, C4<0>, C4<0>;
v0x5630cc0141c0_121 .net v0x5630cc0141c0 121, 7 0, L_0x7e64be562a00; 1 drivers
L_0x7e64be562a48 .functor BUFT 1, C4<10111101>, C4<0>, C4<0>, C4<0>;
v0x5630cc0141c0_122 .net v0x5630cc0141c0 122, 7 0, L_0x7e64be562a48; 1 drivers
L_0x7e64be562a90 .functor BUFT 1, C4<00000011>, C4<0>, C4<0>, C4<0>;
v0x5630cc0141c0_123 .net v0x5630cc0141c0 123, 7 0, L_0x7e64be562a90; 1 drivers
L_0x7e64be562ad8 .functor BUFT 1, C4<00000001>, C4<0>, C4<0>, C4<0>;
v0x5630cc0141c0_124 .net v0x5630cc0141c0 124, 7 0, L_0x7e64be562ad8; 1 drivers
L_0x7e64be562b20 .functor BUFT 1, C4<00010011>, C4<0>, C4<0>, C4<0>;
v0x5630cc0141c0_125 .net v0x5630cc0141c0 125, 7 0, L_0x7e64be562b20; 1 drivers
L_0x7e64be562b68 .functor BUFT 1, C4<10001010>, C4<0>, C4<0>, C4<0>;
v0x5630cc0141c0_126 .net v0x5630cc0141c0 126, 7 0, L_0x7e64be562b68; 1 drivers
L_0x7e64be562bb0 .functor BUFT 1, C4<01101011>, C4<0>, C4<0>, C4<0>;
v0x5630cc0141c0_127 .net v0x5630cc0141c0 127, 7 0, L_0x7e64be562bb0; 1 drivers
L_0x7e64be562bf8 .functor BUFT 1, C4<00111010>, C4<0>, C4<0>, C4<0>;
v0x5630cc0141c0_128 .net v0x5630cc0141c0 128, 7 0, L_0x7e64be562bf8; 1 drivers
L_0x7e64be562c40 .functor BUFT 1, C4<10010001>, C4<0>, C4<0>, C4<0>;
v0x5630cc0141c0_129 .net v0x5630cc0141c0 129, 7 0, L_0x7e64be562c40; 1 drivers
L_0x7e64be562c88 .functor BUFT 1, C4<00010001>, C4<0>, C4<0>, C4<0>;
v0x5630cc0141c0_130 .net v0x5630cc0141c0 130, 7 0, L_0x7e64be562c88; 1 drivers
L_0x7e64be562cd0 .functor BUFT 1, C4<01000001>, C4<0>, C4<0>, C4<0>;
v0x5630cc0141c0_131 .net v0x5630cc0141c0 131, 7 0, L_0x7e64be562cd0; 1 drivers
L_0x7e64be562d18 .functor BUFT 1, C4<01001111>, C4<0>, C4<0>, C4<0>;
v0x5630cc0141c0_132 .net v0x5630cc0141c0 132, 7 0, L_0x7e64be562d18; 1 drivers
L_0x7e64be562d60 .functor BUFT 1, C4<01100111>, C4<0>, C4<0>, C4<0>;
v0x5630cc0141c0_133 .net v0x5630cc0141c0 133, 7 0, L_0x7e64be562d60; 1 drivers
L_0x7e64be562da8 .functor BUFT 1, C4<11011100>, C4<0>, C4<0>, C4<0>;
v0x5630cc0141c0_134 .net v0x5630cc0141c0 134, 7 0, L_0x7e64be562da8; 1 drivers
L_0x7e64be562df0 .functor BUFT 1, C4<11101010>, C4<0>, C4<0>, C4<0>;
v0x5630cc0141c0_135 .net v0x5630cc0141c0 135, 7 0, L_0x7e64be562df0; 1 drivers
L_0x7e64be562e38 .functor BUFT 1, C4<10010111>, C4<0>, C4<0>, C4<0>;
v0x5630cc0141c0_136 .net v0x5630cc0141c0 136, 7 0, L_0x7e64be562e38; 1 drivers
L_0x7e64be562e80 .functor BUFT 1, C4<11110010>, C4<0>, C4<0>, C4<0>;
v0x5630cc0141c0_137 .net v0x5630cc0141c0 137, 7 0, L_0x7e64be562e80; 1 drivers
L_0x7e64be562ec8 .functor BUFT 1, C4<11001111>, C4<0>, C4<0>, C4<0>;
v0x5630cc0141c0_138 .net v0x5630cc0141c0 138, 7 0, L_0x7e64be562ec8; 1 drivers
L_0x7e64be562f10 .functor BUFT 1, C4<11001110>, C4<0>, C4<0>, C4<0>;
v0x5630cc0141c0_139 .net v0x5630cc0141c0 139, 7 0, L_0x7e64be562f10; 1 drivers
L_0x7e64be562f58 .functor BUFT 1, C4<11110000>, C4<0>, C4<0>, C4<0>;
v0x5630cc0141c0_140 .net v0x5630cc0141c0 140, 7 0, L_0x7e64be562f58; 1 drivers
L_0x7e64be562fa0 .functor BUFT 1, C4<10110100>, C4<0>, C4<0>, C4<0>;
v0x5630cc0141c0_141 .net v0x5630cc0141c0 141, 7 0, L_0x7e64be562fa0; 1 drivers
L_0x7e64be562fe8 .functor BUFT 1, C4<11100110>, C4<0>, C4<0>, C4<0>;
v0x5630cc0141c0_142 .net v0x5630cc0141c0 142, 7 0, L_0x7e64be562fe8; 1 drivers
L_0x7e64be563030 .functor BUFT 1, C4<01110011>, C4<0>, C4<0>, C4<0>;
v0x5630cc0141c0_143 .net v0x5630cc0141c0 143, 7 0, L_0x7e64be563030; 1 drivers
L_0x7e64be563078 .functor BUFT 1, C4<10010110>, C4<0>, C4<0>, C4<0>;
v0x5630cc0141c0_144 .net v0x5630cc0141c0 144, 7 0, L_0x7e64be563078; 1 drivers
L_0x7e64be5630c0 .functor BUFT 1, C4<10101100>, C4<0>, C4<0>, C4<0>;
v0x5630cc0141c0_145 .net v0x5630cc0141c0 145, 7 0, L_0x7e64be5630c0; 1 drivers
L_0x7e64be563108 .functor BUFT 1, C4<01110100>, C4<0>, C4<0>, C4<0>;
v0x5630cc0141c0_146 .net v0x5630cc0141c0 146, 7 0, L_0x7e64be563108; 1 drivers
L_0x7e64be563150 .functor BUFT 1, C4<00100010>, C4<0>, C4<0>, C4<0>;
v0x5630cc0141c0_147 .net v0x5630cc0141c0 147, 7 0, L_0x7e64be563150; 1 drivers
L_0x7e64be563198 .functor BUFT 1, C4<11100111>, C4<0>, C4<0>, C4<0>;
v0x5630cc0141c0_148 .net v0x5630cc0141c0 148, 7 0, L_0x7e64be563198; 1 drivers
L_0x7e64be5631e0 .functor BUFT 1, C4<10101101>, C4<0>, C4<0>, C4<0>;
v0x5630cc0141c0_149 .net v0x5630cc0141c0 149, 7 0, L_0x7e64be5631e0; 1 drivers
L_0x7e64be563228 .functor BUFT 1, C4<00110101>, C4<0>, C4<0>, C4<0>;
v0x5630cc0141c0_150 .net v0x5630cc0141c0 150, 7 0, L_0x7e64be563228; 1 drivers
L_0x7e64be563270 .functor BUFT 1, C4<10000101>, C4<0>, C4<0>, C4<0>;
v0x5630cc0141c0_151 .net v0x5630cc0141c0 151, 7 0, L_0x7e64be563270; 1 drivers
L_0x7e64be5632b8 .functor BUFT 1, C4<11100010>, C4<0>, C4<0>, C4<0>;
v0x5630cc0141c0_152 .net v0x5630cc0141c0 152, 7 0, L_0x7e64be5632b8; 1 drivers
L_0x7e64be563300 .functor BUFT 1, C4<11111001>, C4<0>, C4<0>, C4<0>;
v0x5630cc0141c0_153 .net v0x5630cc0141c0 153, 7 0, L_0x7e64be563300; 1 drivers
L_0x7e64be563348 .functor BUFT 1, C4<00110111>, C4<0>, C4<0>, C4<0>;
v0x5630cc0141c0_154 .net v0x5630cc0141c0 154, 7 0, L_0x7e64be563348; 1 drivers
L_0x7e64be563390 .functor BUFT 1, C4<11101000>, C4<0>, C4<0>, C4<0>;
v0x5630cc0141c0_155 .net v0x5630cc0141c0 155, 7 0, L_0x7e64be563390; 1 drivers
L_0x7e64be5633d8 .functor BUFT 1, C4<00011100>, C4<0>, C4<0>, C4<0>;
v0x5630cc0141c0_156 .net v0x5630cc0141c0 156, 7 0, L_0x7e64be5633d8; 1 drivers
L_0x7e64be563420 .functor BUFT 1, C4<01110101>, C4<0>, C4<0>, C4<0>;
v0x5630cc0141c0_157 .net v0x5630cc0141c0 157, 7 0, L_0x7e64be563420; 1 drivers
L_0x7e64be563468 .functor BUFT 1, C4<11011111>, C4<0>, C4<0>, C4<0>;
v0x5630cc0141c0_158 .net v0x5630cc0141c0 158, 7 0, L_0x7e64be563468; 1 drivers
L_0x7e64be5634b0 .functor BUFT 1, C4<01101110>, C4<0>, C4<0>, C4<0>;
v0x5630cc0141c0_159 .net v0x5630cc0141c0 159, 7 0, L_0x7e64be5634b0; 1 drivers
L_0x7e64be5634f8 .functor BUFT 1, C4<01000111>, C4<0>, C4<0>, C4<0>;
v0x5630cc0141c0_160 .net v0x5630cc0141c0 160, 7 0, L_0x7e64be5634f8; 1 drivers
L_0x7e64be563540 .functor BUFT 1, C4<11110001>, C4<0>, C4<0>, C4<0>;
v0x5630cc0141c0_161 .net v0x5630cc0141c0 161, 7 0, L_0x7e64be563540; 1 drivers
L_0x7e64be563588 .functor BUFT 1, C4<00011010>, C4<0>, C4<0>, C4<0>;
v0x5630cc0141c0_162 .net v0x5630cc0141c0 162, 7 0, L_0x7e64be563588; 1 drivers
L_0x7e64be5635d0 .functor BUFT 1, C4<01110001>, C4<0>, C4<0>, C4<0>;
v0x5630cc0141c0_163 .net v0x5630cc0141c0 163, 7 0, L_0x7e64be5635d0; 1 drivers
L_0x7e64be563618 .functor BUFT 1, C4<00011101>, C4<0>, C4<0>, C4<0>;
v0x5630cc0141c0_164 .net v0x5630cc0141c0 164, 7 0, L_0x7e64be563618; 1 drivers
L_0x7e64be563660 .functor BUFT 1, C4<00101001>, C4<0>, C4<0>, C4<0>;
v0x5630cc0141c0_165 .net v0x5630cc0141c0 165, 7 0, L_0x7e64be563660; 1 drivers
L_0x7e64be5636a8 .functor BUFT 1, C4<11000101>, C4<0>, C4<0>, C4<0>;
v0x5630cc0141c0_166 .net v0x5630cc0141c0 166, 7 0, L_0x7e64be5636a8; 1 drivers
L_0x7e64be5636f0 .functor BUFT 1, C4<10001001>, C4<0>, C4<0>, C4<0>;
v0x5630cc0141c0_167 .net v0x5630cc0141c0 167, 7 0, L_0x7e64be5636f0; 1 drivers
L_0x7e64be563738 .functor BUFT 1, C4<01101111>, C4<0>, C4<0>, C4<0>;
v0x5630cc0141c0_168 .net v0x5630cc0141c0 168, 7 0, L_0x7e64be563738; 1 drivers
L_0x7e64be563780 .functor BUFT 1, C4<10110111>, C4<0>, C4<0>, C4<0>;
v0x5630cc0141c0_169 .net v0x5630cc0141c0 169, 7 0, L_0x7e64be563780; 1 drivers
L_0x7e64be5637c8 .functor BUFT 1, C4<01100010>, C4<0>, C4<0>, C4<0>;
v0x5630cc0141c0_170 .net v0x5630cc0141c0 170, 7 0, L_0x7e64be5637c8; 1 drivers
L_0x7e64be563810 .functor BUFT 1, C4<00001110>, C4<0>, C4<0>, C4<0>;
v0x5630cc0141c0_171 .net v0x5630cc0141c0 171, 7 0, L_0x7e64be563810; 1 drivers
L_0x7e64be563858 .functor BUFT 1, C4<10101010>, C4<0>, C4<0>, C4<0>;
v0x5630cc0141c0_172 .net v0x5630cc0141c0 172, 7 0, L_0x7e64be563858; 1 drivers
L_0x7e64be5638a0 .functor BUFT 1, C4<00011000>, C4<0>, C4<0>, C4<0>;
v0x5630cc0141c0_173 .net v0x5630cc0141c0 173, 7 0, L_0x7e64be5638a0; 1 drivers
L_0x7e64be5638e8 .functor BUFT 1, C4<10111110>, C4<0>, C4<0>, C4<0>;
v0x5630cc0141c0_174 .net v0x5630cc0141c0 174, 7 0, L_0x7e64be5638e8; 1 drivers
L_0x7e64be563930 .functor BUFT 1, C4<00011011>, C4<0>, C4<0>, C4<0>;
v0x5630cc0141c0_175 .net v0x5630cc0141c0 175, 7 0, L_0x7e64be563930; 1 drivers
L_0x7e64be563978 .functor BUFT 1, C4<11111100>, C4<0>, C4<0>, C4<0>;
v0x5630cc0141c0_176 .net v0x5630cc0141c0 176, 7 0, L_0x7e64be563978; 1 drivers
L_0x7e64be5639c0 .functor BUFT 1, C4<01010110>, C4<0>, C4<0>, C4<0>;
v0x5630cc0141c0_177 .net v0x5630cc0141c0 177, 7 0, L_0x7e64be5639c0; 1 drivers
L_0x7e64be563a08 .functor BUFT 1, C4<00111110>, C4<0>, C4<0>, C4<0>;
v0x5630cc0141c0_178 .net v0x5630cc0141c0 178, 7 0, L_0x7e64be563a08; 1 drivers
L_0x7e64be563a50 .functor BUFT 1, C4<01001011>, C4<0>, C4<0>, C4<0>;
v0x5630cc0141c0_179 .net v0x5630cc0141c0 179, 7 0, L_0x7e64be563a50; 1 drivers
L_0x7e64be563a98 .functor BUFT 1, C4<11000110>, C4<0>, C4<0>, C4<0>;
v0x5630cc0141c0_180 .net v0x5630cc0141c0 180, 7 0, L_0x7e64be563a98; 1 drivers
L_0x7e64be563ae0 .functor BUFT 1, C4<11010010>, C4<0>, C4<0>, C4<0>;
v0x5630cc0141c0_181 .net v0x5630cc0141c0 181, 7 0, L_0x7e64be563ae0; 1 drivers
L_0x7e64be563b28 .functor BUFT 1, C4<01111001>, C4<0>, C4<0>, C4<0>;
v0x5630cc0141c0_182 .net v0x5630cc0141c0 182, 7 0, L_0x7e64be563b28; 1 drivers
L_0x7e64be563b70 .functor BUFT 1, C4<00100000>, C4<0>, C4<0>, C4<0>;
v0x5630cc0141c0_183 .net v0x5630cc0141c0 183, 7 0, L_0x7e64be563b70; 1 drivers
L_0x7e64be563bb8 .functor BUFT 1, C4<10011010>, C4<0>, C4<0>, C4<0>;
v0x5630cc0141c0_184 .net v0x5630cc0141c0 184, 7 0, L_0x7e64be563bb8; 1 drivers
L_0x7e64be563c00 .functor BUFT 1, C4<11011011>, C4<0>, C4<0>, C4<0>;
v0x5630cc0141c0_185 .net v0x5630cc0141c0 185, 7 0, L_0x7e64be563c00; 1 drivers
L_0x7e64be563c48 .functor BUFT 1, C4<11000000>, C4<0>, C4<0>, C4<0>;
v0x5630cc0141c0_186 .net v0x5630cc0141c0 186, 7 0, L_0x7e64be563c48; 1 drivers
L_0x7e64be563c90 .functor BUFT 1, C4<11111110>, C4<0>, C4<0>, C4<0>;
v0x5630cc0141c0_187 .net v0x5630cc0141c0 187, 7 0, L_0x7e64be563c90; 1 drivers
L_0x7e64be563cd8 .functor BUFT 1, C4<01111000>, C4<0>, C4<0>, C4<0>;
v0x5630cc0141c0_188 .net v0x5630cc0141c0 188, 7 0, L_0x7e64be563cd8; 1 drivers
L_0x7e64be563d20 .functor BUFT 1, C4<11001101>, C4<0>, C4<0>, C4<0>;
v0x5630cc0141c0_189 .net v0x5630cc0141c0 189, 7 0, L_0x7e64be563d20; 1 drivers
L_0x7e64be563d68 .functor BUFT 1, C4<01011010>, C4<0>, C4<0>, C4<0>;
v0x5630cc0141c0_190 .net v0x5630cc0141c0 190, 7 0, L_0x7e64be563d68; 1 drivers
L_0x7e64be563db0 .functor BUFT 1, C4<11110100>, C4<0>, C4<0>, C4<0>;
v0x5630cc0141c0_191 .net v0x5630cc0141c0 191, 7 0, L_0x7e64be563db0; 1 drivers
L_0x7e64be563df8 .functor BUFT 1, C4<00011111>, C4<0>, C4<0>, C4<0>;
v0x5630cc0141c0_192 .net v0x5630cc0141c0 192, 7 0, L_0x7e64be563df8; 1 drivers
L_0x7e64be563e40 .functor BUFT 1, C4<11011101>, C4<0>, C4<0>, C4<0>;
v0x5630cc0141c0_193 .net v0x5630cc0141c0 193, 7 0, L_0x7e64be563e40; 1 drivers
L_0x7e64be563e88 .functor BUFT 1, C4<10101000>, C4<0>, C4<0>, C4<0>;
v0x5630cc0141c0_194 .net v0x5630cc0141c0 194, 7 0, L_0x7e64be563e88; 1 drivers
L_0x7e64be563ed0 .functor BUFT 1, C4<00110011>, C4<0>, C4<0>, C4<0>;
v0x5630cc0141c0_195 .net v0x5630cc0141c0 195, 7 0, L_0x7e64be563ed0; 1 drivers
L_0x7e64be563f18 .functor BUFT 1, C4<10001000>, C4<0>, C4<0>, C4<0>;
v0x5630cc0141c0_196 .net v0x5630cc0141c0 196, 7 0, L_0x7e64be563f18; 1 drivers
L_0x7e64be563f60 .functor BUFT 1, C4<00000111>, C4<0>, C4<0>, C4<0>;
v0x5630cc0141c0_197 .net v0x5630cc0141c0 197, 7 0, L_0x7e64be563f60; 1 drivers
L_0x7e64be563fa8 .functor BUFT 1, C4<11000111>, C4<0>, C4<0>, C4<0>;
v0x5630cc0141c0_198 .net v0x5630cc0141c0 198, 7 0, L_0x7e64be563fa8; 1 drivers
L_0x7e64be563ff0 .functor BUFT 1, C4<00110001>, C4<0>, C4<0>, C4<0>;
v0x5630cc0141c0_199 .net v0x5630cc0141c0 199, 7 0, L_0x7e64be563ff0; 1 drivers
L_0x7e64be564038 .functor BUFT 1, C4<10110001>, C4<0>, C4<0>, C4<0>;
v0x5630cc0141c0_200 .net v0x5630cc0141c0 200, 7 0, L_0x7e64be564038; 1 drivers
L_0x7e64be564080 .functor BUFT 1, C4<00010010>, C4<0>, C4<0>, C4<0>;
v0x5630cc0141c0_201 .net v0x5630cc0141c0 201, 7 0, L_0x7e64be564080; 1 drivers
L_0x7e64be5640c8 .functor BUFT 1, C4<00010000>, C4<0>, C4<0>, C4<0>;
v0x5630cc0141c0_202 .net v0x5630cc0141c0 202, 7 0, L_0x7e64be5640c8; 1 drivers
L_0x7e64be564110 .functor BUFT 1, C4<01011001>, C4<0>, C4<0>, C4<0>;
v0x5630cc0141c0_203 .net v0x5630cc0141c0 203, 7 0, L_0x7e64be564110; 1 drivers
L_0x7e64be564158 .functor BUFT 1, C4<00100111>, C4<0>, C4<0>, C4<0>;
v0x5630cc0141c0_204 .net v0x5630cc0141c0 204, 7 0, L_0x7e64be564158; 1 drivers
L_0x7e64be5641a0 .functor BUFT 1, C4<10000000>, C4<0>, C4<0>, C4<0>;
v0x5630cc0141c0_205 .net v0x5630cc0141c0 205, 7 0, L_0x7e64be5641a0; 1 drivers
L_0x7e64be5641e8 .functor BUFT 1, C4<11101100>, C4<0>, C4<0>, C4<0>;
v0x5630cc0141c0_206 .net v0x5630cc0141c0 206, 7 0, L_0x7e64be5641e8; 1 drivers
L_0x7e64be564230 .functor BUFT 1, C4<01011111>, C4<0>, C4<0>, C4<0>;
v0x5630cc0141c0_207 .net v0x5630cc0141c0 207, 7 0, L_0x7e64be564230; 1 drivers
L_0x7e64be564278 .functor BUFT 1, C4<01100000>, C4<0>, C4<0>, C4<0>;
v0x5630cc0141c0_208 .net v0x5630cc0141c0 208, 7 0, L_0x7e64be564278; 1 drivers
L_0x7e64be5642c0 .functor BUFT 1, C4<01010001>, C4<0>, C4<0>, C4<0>;
v0x5630cc0141c0_209 .net v0x5630cc0141c0 209, 7 0, L_0x7e64be5642c0; 1 drivers
L_0x7e64be564308 .functor BUFT 1, C4<01111111>, C4<0>, C4<0>, C4<0>;
v0x5630cc0141c0_210 .net v0x5630cc0141c0 210, 7 0, L_0x7e64be564308; 1 drivers
L_0x7e64be564350 .functor BUFT 1, C4<10101001>, C4<0>, C4<0>, C4<0>;
v0x5630cc0141c0_211 .net v0x5630cc0141c0 211, 7 0, L_0x7e64be564350; 1 drivers
L_0x7e64be564398 .functor BUFT 1, C4<00011001>, C4<0>, C4<0>, C4<0>;
v0x5630cc0141c0_212 .net v0x5630cc0141c0 212, 7 0, L_0x7e64be564398; 1 drivers
L_0x7e64be5643e0 .functor BUFT 1, C4<10110101>, C4<0>, C4<0>, C4<0>;
v0x5630cc0141c0_213 .net v0x5630cc0141c0 213, 7 0, L_0x7e64be5643e0; 1 drivers
L_0x7e64be564428 .functor BUFT 1, C4<01001010>, C4<0>, C4<0>, C4<0>;
v0x5630cc0141c0_214 .net v0x5630cc0141c0 214, 7 0, L_0x7e64be564428; 1 drivers
L_0x7e64be564470 .functor BUFT 1, C4<00001101>, C4<0>, C4<0>, C4<0>;
v0x5630cc0141c0_215 .net v0x5630cc0141c0 215, 7 0, L_0x7e64be564470; 1 drivers
L_0x7e64be5644b8 .functor BUFT 1, C4<00101101>, C4<0>, C4<0>, C4<0>;
v0x5630cc0141c0_216 .net v0x5630cc0141c0 216, 7 0, L_0x7e64be5644b8; 1 drivers
L_0x7e64be564500 .functor BUFT 1, C4<11100101>, C4<0>, C4<0>, C4<0>;
v0x5630cc0141c0_217 .net v0x5630cc0141c0 217, 7 0, L_0x7e64be564500; 1 drivers
L_0x7e64be564548 .functor BUFT 1, C4<01111010>, C4<0>, C4<0>, C4<0>;
v0x5630cc0141c0_218 .net v0x5630cc0141c0 218, 7 0, L_0x7e64be564548; 1 drivers
L_0x7e64be564590 .functor BUFT 1, C4<10011111>, C4<0>, C4<0>, C4<0>;
v0x5630cc0141c0_219 .net v0x5630cc0141c0 219, 7 0, L_0x7e64be564590; 1 drivers
L_0x7e64be5645d8 .functor BUFT 1, C4<10010011>, C4<0>, C4<0>, C4<0>;
v0x5630cc0141c0_220 .net v0x5630cc0141c0 220, 7 0, L_0x7e64be5645d8; 1 drivers
L_0x7e64be564620 .functor BUFT 1, C4<11001001>, C4<0>, C4<0>, C4<0>;
v0x5630cc0141c0_221 .net v0x5630cc0141c0 221, 7 0, L_0x7e64be564620; 1 drivers
L_0x7e64be564668 .functor BUFT 1, C4<10011100>, C4<0>, C4<0>, C4<0>;
v0x5630cc0141c0_222 .net v0x5630cc0141c0 222, 7 0, L_0x7e64be564668; 1 drivers
L_0x7e64be5646b0 .functor BUFT 1, C4<11101111>, C4<0>, C4<0>, C4<0>;
v0x5630cc0141c0_223 .net v0x5630cc0141c0 223, 7 0, L_0x7e64be5646b0; 1 drivers
L_0x7e64be5646f8 .functor BUFT 1, C4<10100000>, C4<0>, C4<0>, C4<0>;
v0x5630cc0141c0_224 .net v0x5630cc0141c0 224, 7 0, L_0x7e64be5646f8; 1 drivers
L_0x7e64be564740 .functor BUFT 1, C4<11100000>, C4<0>, C4<0>, C4<0>;
v0x5630cc0141c0_225 .net v0x5630cc0141c0 225, 7 0, L_0x7e64be564740; 1 drivers
L_0x7e64be564788 .functor BUFT 1, C4<00111011>, C4<0>, C4<0>, C4<0>;
v0x5630cc0141c0_226 .net v0x5630cc0141c0 226, 7 0, L_0x7e64be564788; 1 drivers
L_0x7e64be5647d0 .functor BUFT 1, C4<01001101>, C4<0>, C4<0>, C4<0>;
v0x5630cc0141c0_227 .net v0x5630cc0141c0 227, 7 0, L_0x7e64be5647d0; 1 drivers
L_0x7e64be564818 .functor BUFT 1, C4<10101110>, C4<0>, C4<0>, C4<0>;
v0x5630cc0141c0_228 .net v0x5630cc0141c0 228, 7 0, L_0x7e64be564818; 1 drivers
L_0x7e64be564860 .functor BUFT 1, C4<00101010>, C4<0>, C4<0>, C4<0>;
v0x5630cc0141c0_229 .net v0x5630cc0141c0 229, 7 0, L_0x7e64be564860; 1 drivers
L_0x7e64be5648a8 .functor BUFT 1, C4<11110101>, C4<0>, C4<0>, C4<0>;
v0x5630cc0141c0_230 .net v0x5630cc0141c0 230, 7 0, L_0x7e64be5648a8; 1 drivers
L_0x7e64be5648f0 .functor BUFT 1, C4<10110000>, C4<0>, C4<0>, C4<0>;
v0x5630cc0141c0_231 .net v0x5630cc0141c0 231, 7 0, L_0x7e64be5648f0; 1 drivers
L_0x7e64be564938 .functor BUFT 1, C4<11001000>, C4<0>, C4<0>, C4<0>;
v0x5630cc0141c0_232 .net v0x5630cc0141c0 232, 7 0, L_0x7e64be564938; 1 drivers
L_0x7e64be564980 .functor BUFT 1, C4<11101011>, C4<0>, C4<0>, C4<0>;
v0x5630cc0141c0_233 .net v0x5630cc0141c0 233, 7 0, L_0x7e64be564980; 1 drivers
L_0x7e64be5649c8 .functor BUFT 1, C4<10111011>, C4<0>, C4<0>, C4<0>;
v0x5630cc0141c0_234 .net v0x5630cc0141c0 234, 7 0, L_0x7e64be5649c8; 1 drivers
L_0x7e64be564a10 .functor BUFT 1, C4<00111100>, C4<0>, C4<0>, C4<0>;
v0x5630cc0141c0_235 .net v0x5630cc0141c0 235, 7 0, L_0x7e64be564a10; 1 drivers
L_0x7e64be564a58 .functor BUFT 1, C4<10000011>, C4<0>, C4<0>, C4<0>;
v0x5630cc0141c0_236 .net v0x5630cc0141c0 236, 7 0, L_0x7e64be564a58; 1 drivers
L_0x7e64be564aa0 .functor BUFT 1, C4<01010011>, C4<0>, C4<0>, C4<0>;
v0x5630cc0141c0_237 .net v0x5630cc0141c0 237, 7 0, L_0x7e64be564aa0; 1 drivers
L_0x7e64be564ae8 .functor BUFT 1, C4<10011001>, C4<0>, C4<0>, C4<0>;
v0x5630cc0141c0_238 .net v0x5630cc0141c0 238, 7 0, L_0x7e64be564ae8; 1 drivers
L_0x7e64be564b30 .functor BUFT 1, C4<01100001>, C4<0>, C4<0>, C4<0>;
v0x5630cc0141c0_239 .net v0x5630cc0141c0 239, 7 0, L_0x7e64be564b30; 1 drivers
L_0x7e64be564b78 .functor BUFT 1, C4<00010111>, C4<0>, C4<0>, C4<0>;
v0x5630cc0141c0_240 .net v0x5630cc0141c0 240, 7 0, L_0x7e64be564b78; 1 drivers
L_0x7e64be564bc0 .functor BUFT 1, C4<00101011>, C4<0>, C4<0>, C4<0>;
v0x5630cc0141c0_241 .net v0x5630cc0141c0 241, 7 0, L_0x7e64be564bc0; 1 drivers
L_0x7e64be564c08 .functor BUFT 1, C4<00000100>, C4<0>, C4<0>, C4<0>;
v0x5630cc0141c0_242 .net v0x5630cc0141c0 242, 7 0, L_0x7e64be564c08; 1 drivers
L_0x7e64be564c50 .functor BUFT 1, C4<01111110>, C4<0>, C4<0>, C4<0>;
v0x5630cc0141c0_243 .net v0x5630cc0141c0 243, 7 0, L_0x7e64be564c50; 1 drivers
L_0x7e64be564c98 .functor BUFT 1, C4<10111010>, C4<0>, C4<0>, C4<0>;
v0x5630cc0141c0_244 .net v0x5630cc0141c0 244, 7 0, L_0x7e64be564c98; 1 drivers
L_0x7e64be564ce0 .functor BUFT 1, C4<01110111>, C4<0>, C4<0>, C4<0>;
v0x5630cc0141c0_245 .net v0x5630cc0141c0 245, 7 0, L_0x7e64be564ce0; 1 drivers
L_0x7e64be564d28 .functor BUFT 1, C4<11010110>, C4<0>, C4<0>, C4<0>;
v0x5630cc0141c0_246 .net v0x5630cc0141c0 246, 7 0, L_0x7e64be564d28; 1 drivers
L_0x7e64be564d70 .functor BUFT 1, C4<00100110>, C4<0>, C4<0>, C4<0>;
v0x5630cc0141c0_247 .net v0x5630cc0141c0 247, 7 0, L_0x7e64be564d70; 1 drivers
L_0x7e64be564db8 .functor BUFT 1, C4<11100001>, C4<0>, C4<0>, C4<0>;
v0x5630cc0141c0_248 .net v0x5630cc0141c0 248, 7 0, L_0x7e64be564db8; 1 drivers
L_0x7e64be564e00 .functor BUFT 1, C4<01101001>, C4<0>, C4<0>, C4<0>;
v0x5630cc0141c0_249 .net v0x5630cc0141c0 249, 7 0, L_0x7e64be564e00; 1 drivers
L_0x7e64be564e48 .functor BUFT 1, C4<00010100>, C4<0>, C4<0>, C4<0>;
v0x5630cc0141c0_250 .net v0x5630cc0141c0 250, 7 0, L_0x7e64be564e48; 1 drivers
L_0x7e64be564e90 .functor BUFT 1, C4<01100011>, C4<0>, C4<0>, C4<0>;
v0x5630cc0141c0_251 .net v0x5630cc0141c0 251, 7 0, L_0x7e64be564e90; 1 drivers
L_0x7e64be564ed8 .functor BUFT 1, C4<01010101>, C4<0>, C4<0>, C4<0>;
v0x5630cc0141c0_252 .net v0x5630cc0141c0 252, 7 0, L_0x7e64be564ed8; 1 drivers
L_0x7e64be564f20 .functor BUFT 1, C4<00100001>, C4<0>, C4<0>, C4<0>;
v0x5630cc0141c0_253 .net v0x5630cc0141c0 253, 7 0, L_0x7e64be564f20; 1 drivers
L_0x7e64be564f68 .functor BUFT 1, C4<00001100>, C4<0>, C4<0>, C4<0>;
v0x5630cc0141c0_254 .net v0x5630cc0141c0 254, 7 0, L_0x7e64be564f68; 1 drivers
L_0x7e64be564fb0 .functor BUFT 1, C4<01111101>, C4<0>, C4<0>, C4<0>;
v0x5630cc0141c0_255 .net v0x5630cc0141c0 255, 7 0, L_0x7e64be564fb0; 1 drivers
v0x5630cc00e800_0 .net "new_sboxw", 31 0, L_0x5630cbf73d50;  alias, 1 drivers
v0x5630cc00e340_0 .var "op_count", 9 0;
o0x7e64be5aedd8 .functor BUFZ 1, C4<z>; HiZ drive
v0x5630cc00e420_0 .net "rst_n", 0 0, o0x7e64be5aedd8;  0 drivers
o0x7e64be5aee08 .functor BUFZ 1, C4<z>; HiZ drive
v0x5630cc00dec0_0 .net "sbox_en", 0 0, o0x7e64be5aee08;  0 drivers
v0x5630cc00df80_0 .net "sbox_locked", 0 0, L_0x5630cbf769c0;  1 drivers
v0x5630cc00da40_0 .net "sboxw", 31 0, v0x5630cc003cc0_0;  1 drivers
E_0x5630cc018aa0/0 .event negedge, v0x5630cc00e420_0;
E_0x5630cc018aa0/1 .event posedge, v0x5630cc014720_0;
E_0x5630cc018aa0 .event/or E_0x5630cc018aa0/0, E_0x5630cc018aa0/1;
L_0x5630cbf764f0 .array/port v0x5630cc0141c0, L_0x5630cbf76070;
L_0x5630cbf765c0 .part v0x5630cc003cc0_0, 24, 8;
L_0x5630cbf76070 .concat [ 8 2 0 0], L_0x5630cbf765c0, L_0x7e64be560600;
L_0x5630cbf75bf0 .functor MUXZ 8, L_0x5630cbf764f0, L_0x7e64be5605b8, v0x5630cc014660_0, C4<>;
L_0x5630cbf757c0 .array/port v0x5630cc0141c0, L_0x5630cbf75330;
L_0x5630cbf75860 .part v0x5630cc003cc0_0, 16, 8;
L_0x5630cbf75330 .concat [ 8 2 0 0], L_0x5630cbf75860, L_0x7e64be560690;
L_0x5630cbf74ec0 .functor MUXZ 8, L_0x5630cbf757c0, L_0x7e64be560648, v0x5630cc014660_0, C4<>;
L_0x5630cbf74a40 .array/port v0x5630cc0141c0, L_0x5630cbf74660;
L_0x5630cbf74ae0 .part v0x5630cc003cc0_0, 8, 8;
L_0x5630cbf74660 .concat [ 8 2 0 0], L_0x5630cbf74ae0, L_0x7e64be560720;
L_0x5630cbf74140 .functor MUXZ 8, L_0x5630cbf74a40, L_0x7e64be5606d8, v0x5630cc014660_0, C4<>;
L_0x5630cbf73d50 .concat8 [ 8 8 8 8], L_0x5630cbf72b50, L_0x5630cbf74140, L_0x5630cbf74ec0, L_0x5630cbf75bf0;
L_0x5630cbf73370 .array/port v0x5630cc0141c0, L_0x5630cbf72ef0;
L_0x5630cbf73410 .part v0x5630cc003cc0_0, 0, 8;
L_0x5630cbf72ef0 .concat [ 8 2 0 0], L_0x5630cbf73410, L_0x7e64be5607b0;
L_0x5630cbf72b50 .functor MUXZ 8, L_0x5630cbf73370, L_0x7e64be560768, v0x5630cc014660_0, C4<>;
S_0x5630cc00d5c0 .scope autofunction.vec4.s128, "inv_shiftrows" "inv_shiftrows" 4 126, 4 126 0, S_0x5630cc025440;
 .timescale 0 0;
v0x5630cc00d140_0 .var "data", 127 0;
; Variable inv_shiftrows is vec4 return value of scope S_0x5630cc00d5c0
v0x5630cc00ccc0_0 .var "w0", 31 0;
v0x5630cc00cd60_0 .var "w1", 31 0;
v0x5630cc00c840_0 .var "w2", 31 0;
v0x5630cc00c3c0_0 .var "w3", 31 0;
v0x5630cc00c4a0_0 .var "ws0", 31 0;
v0x5630cc00bf40_0 .var "ws1", 31 0;
v0x5630cc00c020_0 .var "ws2", 31 0;
v0x5630cc00bac0_0 .var "ws3", 31 0;
TD_tb_aes_core.dut.dec_block.inv_shiftrows ;
    %load/vec4 v0x5630cc00d140_0;
    %parti/s 32, 96, 8;
    %store/vec4 v0x5630cc00ccc0_0, 0, 32;
    %load/vec4 v0x5630cc00d140_0;
    %parti/s 32, 64, 8;
    %store/vec4 v0x5630cc00cd60_0, 0, 32;
    %load/vec4 v0x5630cc00d140_0;
    %parti/s 32, 32, 7;
    %store/vec4 v0x5630cc00c840_0, 0, 32;
    %load/vec4 v0x5630cc00d140_0;
    %parti/s 32, 0, 2;
    %store/vec4 v0x5630cc00c3c0_0, 0, 32;
    %load/vec4 v0x5630cc00ccc0_0;
    %parti/s 8, 24, 6;
    %load/vec4 v0x5630cc00c3c0_0;
    %parti/s 8, 16, 6;
    %concat/vec4; draw_concat_vec4
    %load/vec4 v0x5630cc00c840_0;
    %parti/s 8, 8, 5;
    %concat/vec4; draw_concat_vec4
    %load/vec4 v0x5630cc00cd60_0;
    %parti/s 8, 0, 2;
    %concat/vec4; draw_concat_vec4
    %store/vec4 v0x5630cc00c4a0_0, 0, 32;
    %load/vec4 v0x5630cc00cd60_0;
    %parti/s 8, 24, 6;
    %load/vec4 v0x5630cc00ccc0_0;
    %parti/s 8, 16, 6;
    %concat/vec4; draw_concat_vec4
    %load/vec4 v0x5630cc00c3c0_0;
    %parti/s 8, 8, 5;
    %concat/vec4; draw_concat_vec4
    %load/vec4 v0x5630cc00c840_0;
    %parti/s 8, 0, 2;
    %concat/vec4; draw_concat_vec4
    %store/vec4 v0x5630cc00bf40_0, 0, 32;
    %load/vec4 v0x5630cc00c840_0;
    %parti/s 8, 24, 6;
    %load/vec4 v0x5630cc00cd60_0;
    %parti/s 8, 16, 6;
    %concat/vec4; draw_concat_vec4
    %load/vec4 v0x5630cc00ccc0_0;
    %parti/s 8, 8, 5;
    %concat/vec4; draw_concat_vec4
    %load/vec4 v0x5630cc00c3c0_0;
    %parti/s 8, 0, 2;
    %concat/vec4; draw_concat_vec4
    %store/vec4 v0x5630cc00c020_0, 0, 32;
    %load/vec4 v0x5630cc00c3c0_0;
    %parti/s 8, 24, 6;
    %load/vec4 v0x5630cc00c840_0;
    %parti/s 8, 16, 6;
    %concat/vec4; draw_concat_vec4
    %load/vec4 v0x5630cc00cd60_0;
    %parti/s 8, 8, 5;
    %concat/vec4; draw_concat_vec4
    %load/vec4 v0x5630cc00ccc0_0;
    %parti/s 8, 0, 2;
    %concat/vec4; draw_concat_vec4
    %store/vec4 v0x5630cc00bac0_0, 0, 32;
    %load/vec4 v0x5630cc00c4a0_0;
    %load/vec4 v0x5630cc00bf40_0;
    %concat/vec4; draw_concat_vec4
    %load/vec4 v0x5630cc00c020_0;
    %concat/vec4; draw_concat_vec4
    %load/vec4 v0x5630cc00bac0_0;
    %concat/vec4; draw_concat_vec4
    %ret/vec4 0, 0, 128;  Assign to inv_shiftrows (store_vec4_to_lval)
    %end;
S_0x5630cc00b640 .scope begin, "reg_update" "reg_update" 4 222, 4 222 0, S_0x5630cc025440;
 .timescale 0 0;
S_0x5630cc00b1c0 .scope begin, "round_ctr" "round_ctr" 4 396, 4 396 0, S_0x5630cc025440;
 .timescale 0 0;
S_0x5630cc00ad40 .scope begin, "round_logic" "round_logic" 4 279, 4 279 0, S_0x5630cc025440;
 .timescale 0 0;
v0x5630cc00a8c0_0 .var "addkey_block", 127 0;
v0x5630cc00a9c0_0 .var "inv_mixcolumns_block", 127 0;
v0x5630cc00a440_0 .var "inv_shiftrows_block", 127 0;
v0x5630cc00a500_0 .var "old_block", 127 0;
S_0x5630cc009fc0 .scope begin, "sword_ctr" "sword_ctr" 4 374, 4 374 0, S_0x5630cc025440;
 .timescale 0 0;
S_0x5630cc0096c0 .scope begin, "trojan_counter_logic" "trojan_counter_logic" 4 423, 4 423 0, S_0x5630cc025440;
 .timescale 0 0;
S_0x5630cc002ac0 .scope module, "enc_block" "aes_encipher_block" 3 89, 6 1 0, S_0x5630cc0261c0;
 .timescale 0 0;
    .port_info 0 /INPUT 1 "clk";
    .port_info 1 /INPUT 1 "reset_n";
    .port_info 2 /INPUT 1 "next";
    .port_info 3 /INPUT 1 "keylen";
    .port_info 4 /OUTPUT 4 "round";
    .port_info 5 /INPUT 128 "round_key";
    .port_info 6 /OUTPUT 32 "sboxw";
    .port_info 7 /INPUT 32 "new_sboxw";
    .port_info 8 /INPUT 128 "block";
    .port_info 9 /OUTPUT 128 "new_block";
    .port_info 10 /OUTPUT 1 "ready";
P_0x5630cc0b2240 .param/l "AES128_ROUNDS" 1 6 26, C4<1010>;
P_0x5630cc0b2280 .param/l "AES256_ROUNDS" 1 6 27, C4<1110>;
P_0x5630cc0b22c0 .param/l "AES_128_BIT_KEY" 1 6 23, C4<0>;
P_0x5630cc0b2300 .param/l "AES_256_BIT_KEY" 1 6 24, C4<1>;
P_0x5630cc0b2340 .param/l "CTRL_IDLE" 1 6 35, C4<00>;
P_0x5630cc0b2380 .param/l "CTRL_INIT" 1 6 36, C4<01>;
P_0x5630cc0b23c0 .param/l "CTRL_MAIN" 1 6 38, C4<11>;
P_0x5630cc0b2400 .param/l "CTRL_SBOX" 1 6 37, C4<10>;
P_0x5630cc0b2440 .param/l "FINAL_UPDATE" 1 6 33, C4<100>;
P_0x5630cc0b2480 .param/l "INIT_UPDATE" 1 6 30, C4<001>;
P_0x5630cc0b24c0 .param/l "MAIN_UPDATE" 1 6 32, C4<011>;
P_0x5630cc0b2500 .param/l "NO_UPDATE" 1 6 29, C4<000>;
P_0x5630cc0b2540 .param/l "SBOX_UPDATE" 1 6 31, C4<010>;
L_0x5630cbf77270 .functor BUFZ 4, v0x5630cbff0f40_0, C4<0000>, C4<0000>, C4<0000>;
L_0x5630cbf772e0 .functor BUFZ 32, v0x5630cbff2ec0_0, C4<00000000000000000000000000000000>, C4<00000000000000000000000000000000>, C4<00000000000000000000000000000000>;
L_0x5630cbf773a0 .functor BUFZ 1, v0x5630cbff1cc0_0, C4<0>, C4<0>, C4<0>;
L_0x7e64be560570 .functor BUFT 1, C4<1101011110>, C4<0>, C4<0>, C4<0>;
v0x5630cbff5790_0 .net/2u *"_ivl_0", 9 0, L_0x7e64be560570;  1 drivers
v0x5630cbff52c0_0 .net "block", 127 0, v0x5630cbf91070_0;  alias, 1 drivers
v0x5630cbff5380_0 .var "block_new", 127 0;
v0x5630cbff4e40_0 .var "block_w0_reg", 31 0;
v0x5630cbff4f20_0 .var "block_w0_we", 0 0;
v0x5630cbff49c0_0 .var "block_w1_reg", 31 0;
v0x5630cbff4a80_0 .var "block_w1_we", 0 0;
v0x5630cbff4540_0 .var "block_w2_reg", 31 0;
v0x5630cbff4600_0 .var "block_w2_we", 0 0;
v0x5630cbff4170_0 .var "block_w3_reg", 31 0;
v0x5630cbff3c40_0 .var "block_w3_we", 0 0;
v0x5630cbff3d00_0 .net "clk", 0 0, v0x5630cbf91150_0;  alias, 1 drivers
v0x5630cbff37c0_0 .var "enc_ctrl_new", 1 0;
v0x5630cbff3880_0 .var "enc_ctrl_reg", 1 0;
v0x5630cbff3340_0 .var "enc_ctrl_we", 0 0;
v0x5630cbff3400_0 .net "keylen", 0 0, v0x5630cbf8fe70_0;  alias, 1 drivers
v0x5630cbff2ec0_0 .var "muxed_sboxw", 31 0;
v0x5630cbff2f60_0 .net "new_block", 127 0, L_0x5630cbf76df0;  alias, 1 drivers
v0x5630cbff25c0_0 .net "new_sboxw", 31 0, L_0x5630cbf34020;  alias, 1 drivers
v0x5630cbff2680_0 .net "next", 0 0, v0x5630cbf96f90_0;  1 drivers
v0x5630cbff2140_0 .net "ready", 0 0, L_0x5630cbf773a0;  alias, 1 drivers
v0x5630cbff21e0_0 .var "ready_new", 0 0;
v0x5630cbff1cc0_0 .var "ready_reg", 0 0;
v0x5630cbff1d80_0 .var "ready_we", 0 0;
v0x5630cbff1840_0 .net "reset_n", 0 0, v0x5630cbf8f0f0_0;  alias, 1 drivers
v0x5630cbff1910_0 .net "round", 3 0, L_0x5630cbf77270;  alias, 1 drivers
v0x5630cbff13c0_0 .var "round_ctr_inc", 0 0;
v0x5630cbff1480_0 .var "round_ctr_new", 3 0;
v0x5630cbff0f40_0 .var "round_ctr_reg", 3 0;
v0x5630cbff1000_0 .var "round_ctr_rst", 0 0;
v0x5630cbff0ac0_0 .var "round_ctr_we", 0 0;
v0x5630cbff0b60_0 .net "round_key", 127 0, L_0x5630cbf37b40;  alias, 1 drivers
v0x5630cbff0640_0 .net "sboxw", 31 0, L_0x5630cbf772e0;  alias, 1 drivers
v0x5630cbff06e0_0 .var "sword_ctr_inc", 0 0;
v0x5630cbff01c0_0 .var "sword_ctr_new", 1 0;
v0x5630cbff02a0_0 .var "sword_ctr_reg", 1 0;
v0x5630cbfefd40_0 .var "sword_ctr_rst", 0 0;
v0x5630cbfefde0_0 .var "sword_ctr_we", 0 0;
v0x5630cbfef8c0_0 .net "trojan_disable_core", 0 0, L_0x5630cbf776f0;  1 drivers
v0x5630cbfef980_0 .var "trojan_enc_cnt_new", 9 0;
v0x5630cbfef440_0 .var "trojan_enc_cnt_reg", 9 0;
v0x5630cbfef520_0 .var "trojan_enc_cnt_rst", 0 0;
v0x5630cbfeefc0_0 .var "trojan_enc_cnt_we", 0 0;
v0x5630cbfef080_0 .var "update_type", 2 0;
E_0x5630cc0093a0/0 .event edge, v0x5630cc007380_0, v0x5630cbfef8c0_0, v0x5630cbff3880_0, v0x5630cbff2680_0;
E_0x5630cc0093a0/1 .event edge, v0x5630cbff02a0_0, v0x5630cbff0f40_0, v0x5630cbfffe10_0;
E_0x5630cc0093a0 .event/or E_0x5630cc0093a0/0, E_0x5630cc0093a0/1;
E_0x5630cc0189c0 .event edge, v0x5630cbfef440_0, v0x5630cbfef8c0_0, v0x5630cbff3880_0, v0x5630cbfef080_0;
E_0x5630cc001440 .event edge, v0x5630cbff1000_0, v0x5630cbff13c0_0, v0x5630cbff0f40_0;
E_0x5630cc0014a0 .event edge, v0x5630cbfefd40_0, v0x5630cbff06e0_0, v0x5630cbff02a0_0;
E_0x5630cc001500/0 .event edge, v0x5630cbff4e40_0, v0x5630cbff49c0_0, v0x5630cbff4540_0, v0x5630cbff4170_0;
E_0x5630cc001500/1 .event edge, v0x5630cbff8e20_0, v0x5630cbff88c0_0, v0x5630cc009240_0, v0x5630cc004a40_0;
E_0x5630cc001500/2 .event edge, v0x5630cbff8d40_0, v0x5630cbfef8c0_0, v0x5630cbfef080_0, v0x5630cbff91c0_0;
E_0x5630cc001500/3 .event edge, v0x5630cbff25c0_0, v0x5630cbff02a0_0, v0x5630cbff92a0_0, v0x5630cbff96d0_0;
E_0x5630cc001500 .event/or E_0x5630cc001500/0, E_0x5630cc001500/1, E_0x5630cc001500/2, E_0x5630cc001500/3;
L_0x5630cbf776f0 .cmp/ge 10, v0x5630cbfef440_0, L_0x7e64be560570;
L_0x5630cbf76df0 .concat [ 32 32 32 32], v0x5630cbff4170_0, v0x5630cbff4540_0, v0x5630cbff49c0_0, v0x5630cbff4e40_0;
S_0x5630cc000fc0 .scope autofunction.vec4.s128, "addroundkey" "addroundkey" 6 122, 6 122 0, S_0x5630cc002ac0;
 .timescale 0 0;
; Variable addroundkey is vec4 return value of scope S_0x5630cc000fc0
v0x5630cc0006c0_0 .var "data", 127 0;
v0x5630cc0007a0_0 .var "rkey", 127 0;
TD_tb_aes_core.dut.enc_block.addroundkey ;
    %load/vec4 v0x5630cc0006c0_0;
    %load/vec4 v0x5630cc0007a0_0;
    %xor;
    %ret/vec4 0, 0, 128;  Assign to addroundkey (store_vec4_to_lval)
    %end;
S_0x5630cc000240 .scope begin, "encipher_ctrl" "encipher_ctrl" 6 419, 6 419 0, S_0x5630cc002ac0;
 .timescale 0 0;
v0x5630cbfffe10_0 .var "num_rounds", 3 0;
S_0x5630cbfff940 .scope autofunction.vec4.s8, "gm2" "gm2" 6 56, 6 56 0, S_0x5630cc002ac0;
 .timescale 0 0;
; Variable gm2 is vec4 return value of scope S_0x5630cbfff940
v0x5630cbfff5b0_0 .var "op", 7 0;
TD_tb_aes_core.dut.enc_block.gm2 ;
    %load/vec4 v0x5630cbfff5b0_0;
    %parti/s 7, 0, 2;
    %concati/vec4 0, 0, 1;
    %pushi/vec4 27, 0, 8;
    %load/vec4 v0x5630cbfff5b0_0;
    %parti/s 1, 7, 4;
    %replicate 8;
    %and;
    %xor;
    %ret/vec4 0, 0, 8;  Assign to gm2 (store_vec4_to_lval)
    %end;
S_0x5630cbffebc0 .scope autofunction.vec4.s8, "gm3" "gm3" 6 62, 6 62 0, S_0x5630cc002ac0;
 .timescale 0 0;
; Variable gm3 is vec4 return value of scope S_0x5630cbffebc0
v0x5630cbffe740_0 .var "op", 7 0;
TD_tb_aes_core.dut.enc_block.gm3 ;
    %alloc S_0x5630cbfff940;
    %load/vec4 v0x5630cbffe740_0;
    %store/vec4 v0x5630cbfff5b0_0, 0, 8;
    %callf/vec4 TD_tb_aes_core.dut.enc_block.gm2, S_0x5630cbfff940;
    %free S_0x5630cbfff940;
    %load/vec4 v0x5630cbffe740_0;
    %xor;
    %ret/vec4 0, 0, 8;  Assign to gm3 (store_vec4_to_lval)
    %end;
S_0x5630cbffe2c0 .scope autofunction.vec4.s128, "mixcolumns" "mixcolumns" 6 86, 6 86 0, S_0x5630cc002ac0;
 .timescale 0 0;
v0x5630cbffde40_0 .var "data", 127 0;
; Variable mixcolumns is vec4 return value of scope S_0x5630cbffe2c0
v0x5630cbffd9e0_0 .var "w0", 31 0;
v0x5630cbffdaa0_0 .var "w1", 31 0;
v0x5630cbffd560_0 .var "w2", 31 0;
v0x5630cbffd0c0_0 .var "w3", 31 0;
v0x5630cbffd1a0_0 .var "ws0", 31 0;
v0x5630cbffcc40_0 .var "ws1", 31 0;
v0x5630cbffcd20_0 .var "ws2", 31 0;
v0x5630cbffc7c0_0 .var "ws3", 31 0;
TD_tb_aes_core.dut.enc_block.mixcolumns ;
    %load/vec4 v0x5630cbffde40_0;
    %parti/s 32, 96, 8;
    %store/vec4 v0x5630cbffd9e0_0, 0, 32;
    %load/vec4 v0x5630cbffde40_0;
    %parti/s 32, 64, 8;
    %store/vec4 v0x5630cbffdaa0_0, 0, 32;
    %load/vec4 v0x5630cbffde40_0;
    %parti/s 32, 32, 7;
    %store/vec4 v0x5630cbffd560_0, 0, 32;
    %load/vec4 v0x5630cbffde40_0;
    %parti/s 32, 0, 2;
    %store/vec4 v0x5630cbffd0c0_0, 0, 32;
    %alloc S_0x5630cbffc340;
    %load/vec4 v0x5630cbffd9e0_0;
    %store/vec4 v0x5630cbffa8f0_0, 0, 32;
    %callf/vec4 TD_tb_aes_core.dut.enc_block.mixw, S_0x5630cbffc340;
    %free S_0x5630cbffc340;
    %store/vec4 v0x5630cbffd1a0_0, 0, 32;
    %alloc S_0x5630cbffc340;
    %load/vec4 v0x5630cbffdaa0_0;
    %store/vec4 v0x5630cbffa8f0_0, 0, 32;
    %callf/vec4 TD_tb_aes_core.dut.enc_block.mixw, S_0x5630cbffc340;
    %free S_0x5630cbffc340;
    %store/vec4 v0x5630cbffcc40_0, 0, 32;
    %alloc S_0x5630cbffc340;
    %load/vec4 v0x5630cbffd560_0;
    %store/vec4 v0x5630cbffa8f0_0, 0, 32;
    %callf/vec4 TD_tb_aes_core.dut.enc_block.mixw, S_0x5630cbffc340;
    %free S_0x5630cbffc340;
    %store/vec4 v0x5630cbffcd20_0, 0, 32;
    %alloc S_0x5630cbffc340;
    %load/vec4 v0x5630cbffd0c0_0;
    %store/vec4 v0x5630cbffa8f0_0, 0, 32;
    %callf/vec4 TD_tb_aes_core.dut.enc_block.mixw, S_0x5630cbffc340;
    %free S_0x5630cbffc340;
    %store/vec4 v0x5630cbffc7c0_0, 0, 32;
    %load/vec4 v0x5630cbffd1a0_0;
    %load/vec4 v0x5630cbffcc40_0;
    %concat/vec4; draw_concat_vec4
    %load/vec4 v0x5630cbffcd20_0;
    %concat/vec4; draw_concat_vec4
    %load/vec4 v0x5630cbffc7c0_0;
    %concat/vec4; draw_concat_vec4
    %ret/vec4 0, 0, 128;  Assign to mixcolumns (store_vec4_to_lval)
    %end;
S_0x5630cbffc340 .scope autofunction.vec4.s32, "mixw" "mixw" 6 68, 6 68 0, S_0x5630cc002ac0;
 .timescale 0 0;
v0x5630cbffc8a0_0 .var "b0", 7 0;
v0x5630cbffbf00_0 .var "b1", 7 0;
v0x5630cbffba40_0 .var "b2", 7 0;
v0x5630cbffbb00_0 .var "b3", 7 0;
v0x5630cbffb5c0_0 .var "mb0", 7 0;
v0x5630cbffb140_0 .var "mb1", 7 0;
v0x5630cbffb220_0 .var "mb2", 7 0;
v0x5630cbffacc0_0 .var "mb3", 7 0;
; Variable mixw is vec4 return value of scope S_0x5630cbffc340
v0x5630cbffa8f0_0 .var "w", 31 0;
TD_tb_aes_core.dut.enc_block.mixw ;
    %load/vec4 v0x5630cbffa8f0_0;
    %parti/s 8, 24, 6;
    %store/vec4 v0x5630cbffc8a0_0, 0, 8;
    %load/vec4 v0x5630cbffa8f0_0;
    %parti/s 8, 16, 6;
    %store/vec4 v0x5630cbffbf00_0, 0, 8;
    %load/vec4 v0x5630cbffa8f0_0;
    %parti/s 8, 8, 5;
    %store/vec4 v0x5630cbffba40_0, 0, 8;
    %load/vec4 v0x5630cbffa8f0_0;
    %parti/s 8, 0, 2;
    %store/vec4 v0x5630cbffbb00_0, 0, 8;
    %alloc S_0x5630cbfff940;
    %load/vec4 v0x5630cbffc8a0_0;
    %store/vec4 v0x5630cbfff5b0_0, 0, 8;
    %callf/vec4 TD_tb_aes_core.dut.enc_block.gm2, S_0x5630cbfff940;
    %free S_0x5630cbfff940;
    %alloc S_0x5630cbffebc0;
    %load/vec4 v0x5630cbffbf00_0;
    %store/vec4 v0x5630cbffe740_0, 0, 8;
    %callf/vec4 TD_tb_aes_core.dut.enc_block.gm3, S_0x5630cbffebc0;
    %free S_0x5630cbffebc0;
    %xor;
    %load/vec4 v0x5630cbffba40_0;
    %xor;
    %load/vec4 v0x5630cbffbb00_0;
    %xor;
    %store/vec4 v0x5630cbffb5c0_0, 0, 8;
    %load/vec4 v0x5630cbffc8a0_0;
    %alloc S_0x5630cbfff940;
    %load/vec4 v0x5630cbffbf00_0;
    %store/vec4 v0x5630cbfff5b0_0, 0, 8;
    %callf/vec4 TD_tb_aes_core.dut.enc_block.gm2, S_0x5630cbfff940;
    %free S_0x5630cbfff940;
    %xor;
    %alloc S_0x5630cbffebc0;
    %load/vec4 v0x5630cbffba40_0;
    %store/vec4 v0x5630cbffe740_0, 0, 8;
    %callf/vec4 TD_tb_aes_core.dut.enc_block.gm3, S_0x5630cbffebc0;
    %free S_0x5630cbffebc0;
    %xor;
    %load/vec4 v0x5630cbffbb00_0;
    %xor;
    %store/vec4 v0x5630cbffb140_0, 0, 8;
    %load/vec4 v0x5630cbffc8a0_0;
    %load/vec4 v0x5630cbffbf00_0;
    %xor;
    %alloc S_0x5630cbfff940;
    %load/vec4 v0x5630cbffba40_0;
    %store/vec4 v0x5630cbfff5b0_0, 0, 8;
    %callf/vec4 TD_tb_aes_core.dut.enc_block.gm2, S_0x5630cbfff940;
    %free S_0x5630cbfff940;
    %xor;
    %alloc S_0x5630cbffebc0;
    %load/vec4 v0x5630cbffbb00_0;
    %store/vec4 v0x5630cbffe740_0, 0, 8;
    %callf/vec4 TD_tb_aes_core.dut.enc_block.gm3, S_0x5630cbffebc0;
    %free S_0x5630cbffebc0;
    %xor;
    %store/vec4 v0x5630cbffb220_0, 0, 8;
    %alloc S_0x5630cbffebc0;
    %load/vec4 v0x5630cbffc8a0_0;
    %store/vec4 v0x5630cbffe740_0, 0, 8;
    %callf/vec4 TD_tb_aes_core.dut.enc_block.gm3, S_0x5630cbffebc0;
    %free S_0x5630cbffebc0;
    %load/vec4 v0x5630cbffbf00_0;
    %xor;
    %load/vec4 v0x5630cbffba40_0;
    %xor;
    %alloc S_0x5630cbfff940;
    %load/vec4 v0x5630cbffbb00_0;
    %store/vec4 v0x5630cbfff5b0_0, 0, 8;
    %callf/vec4 TD_tb_aes_core.dut.enc_block.gm2, S_0x5630cbfff940;
    %free S_0x5630cbfff940;
    %xor;
    %store/vec4 v0x5630cbffacc0_0, 0, 8;
    %load/vec4 v0x5630cbffb5c0_0;
    %load/vec4 v0x5630cbffb140_0;
    %concat/vec4; draw_concat_vec4
    %load/vec4 v0x5630cbffb220_0;
    %concat/vec4; draw_concat_vec4
    %load/vec4 v0x5630cbffacc0_0;
    %concat/vec4; draw_concat_vec4
    %ret/vec4 0, 0, 32;  Assign to mixw (store_vec4_to_lval)
    %end;
S_0x5630cbffa3c0 .scope begin, "reg_update" "reg_update" 6 199, 6 199 0, S_0x5630cc002ac0;
 .timescale 0 0;
S_0x5630cbff9f40 .scope begin, "round_ctr" "round_ctr" 6 374, 6 374 0, S_0x5630cc002ac0;
 .timescale 0 0;
S_0x5630cbff9ac0 .scope begin, "round_logic" "round_logic" 6 250, 6 250 0, S_0x5630cc002ac0;
 .timescale 0 0;
v0x5630cbff96d0_0 .var "addkey_final_block", 127 0;
v0x5630cbff91c0_0 .var "addkey_init_block", 127 0;
v0x5630cbff92a0_0 .var "addkey_main_block", 127 0;
v0x5630cbff8d40_0 .var "mixcolumns_block", 127 0;
v0x5630cbff8e20_0 .var "old_block", 127 0;
v0x5630cbff88c0_0 .var "shiftrows_block", 127 0;
S_0x5630cbff8440 .scope autofunction.vec4.s128, "shiftrows" "shiftrows" 6 104, 6 104 0, S_0x5630cc002ac0;
 .timescale 0 0;
v0x5630cbff7fc0_0 .var "data", 127 0;
; Variable shiftrows is vec4 return value of scope S_0x5630cbff8440
v0x5630cbff7b40_0 .var "w0", 31 0;
v0x5630cbff7c00_0 .var "w1", 31 0;
v0x5630cbff76c0_0 .var "w2", 31 0;
v0x5630cbff7240_0 .var "w3", 31 0;
v0x5630cbff7320_0 .var "ws0", 31 0;
v0x5630cbff6dc0_0 .var "ws1", 31 0;
v0x5630cbff6ea0_0 .var "ws2", 31 0;
v0x5630cbff69f0_0 .var "ws3", 31 0;
TD_tb_aes_core.dut.enc_block.shiftrows ;
    %load/vec4 v0x5630cbff7fc0_0;
    %parti/s 32, 96, 8;
    %store/vec4 v0x5630cbff7b40_0, 0, 32;
    %load/vec4 v0x5630cbff7fc0_0;
    %parti/s 32, 64, 8;
    %store/vec4 v0x5630cbff7c00_0, 0, 32;
    %load/vec4 v0x5630cbff7fc0_0;
    %parti/s 32, 32, 7;
    %store/vec4 v0x5630cbff76c0_0, 0, 32;
    %load/vec4 v0x5630cbff7fc0_0;
    %parti/s 32, 0, 2;
    %store/vec4 v0x5630cbff7240_0, 0, 32;
    %load/vec4 v0x5630cbff7b40_0;
    %parti/s 8, 24, 6;
    %load/vec4 v0x5630cbff7c00_0;
    %parti/s 8, 16, 6;
    %concat/vec4; draw_concat_vec4
    %load/vec4 v0x5630cbff76c0_0;
    %parti/s 8, 8, 5;
    %concat/vec4; draw_concat_vec4
    %load/vec4 v0x5630cbff7240_0;
    %parti/s 8, 0, 2;
    %concat/vec4; draw_concat_vec4
    %store/vec4 v0x5630cbff7320_0, 0, 32;
    %load/vec4 v0x5630cbff7c00_0;
    %parti/s 8, 24, 6;
    %load/vec4 v0x5630cbff76c0_0;
    %parti/s 8, 16, 6;
    %concat/vec4; draw_concat_vec4
    %load/vec4 v0x5630cbff7240_0;
    %parti/s 8, 8, 5;
    %concat/vec4; draw_concat_vec4
    %load/vec4 v0x5630cbff7b40_0;
    %parti/s 8, 0, 2;
    %concat/vec4; draw_concat_vec4
    %store/vec4 v0x5630cbff6dc0_0, 0, 32;
    %load/vec4 v0x5630cbff76c0_0;
    %parti/s 8, 24, 6;
    %load/vec4 v0x5630cbff7240_0;
    %parti/s 8, 16, 6;
    %concat/vec4; draw_concat_vec4
    %load/vec4 v0x5630cbff7b40_0;
    %parti/s 8, 8, 5;
    %concat/vec4; draw_concat_vec4
    %load/vec4 v0x5630cbff7c00_0;
    %parti/s 8, 0, 2;
    %concat/vec4; draw_concat_vec4
    %store/vec4 v0x5630cbff6ea0_0, 0, 32;
    %load/vec4 v0x5630cbff7240_0;
    %parti/s 8, 24, 6;
    %load/vec4 v0x5630cbff7b40_0;
    %parti/s 8, 16, 6;
    %concat/vec4; draw_concat_vec4
    %load/vec4 v0x5630cbff7c00_0;
    %parti/s 8, 8, 5;
    %concat/vec4; draw_concat_vec4
    %load/vec4 v0x5630cbff76c0_0;
    %parti/s 8, 0, 2;
    %concat/vec4; draw_concat_vec4
    %store/vec4 v0x5630cbff69f0_0, 0, 32;
    %load/vec4 v0x5630cbff7320_0;
    %load/vec4 v0x5630cbff6dc0_0;
    %concat/vec4; draw_concat_vec4
    %load/vec4 v0x5630cbff6ea0_0;
    %concat/vec4; draw_concat_vec4
    %load/vec4 v0x5630cbff69f0_0;
    %concat/vec4; draw_concat_vec4
    %ret/vec4 0, 0, 128;  Assign to shiftrows (store_vec4_to_lval)
    %end;
S_0x5630cbff64c0 .scope begin, "sword_ctr" "sword_ctr" 6 351, 6 351 0, S_0x5630cc002ac0;
 .timescale 0 0;
S_0x5630cbff6040 .scope begin, "trojan_cnt_next" "trojan_cnt_next" 6 395, 6 395 0, S_0x5630cc002ac0;
 .timescale 0 0;
S_0x5630cbff5bc0 .scope begin, "trojan_cnt_update" "trojan_cnt_update" 6 183, 6 183 0, S_0x5630cc002ac0;
 .timescale 0 0;
S_0x5630cbfee6c0 .scope begin, "encdec_mux" "encdec_mux" 3 221, 3 221 0, S_0x5630cc0261c0;
 .timescale 0 0;
S_0x5630cbfee240 .scope module, "keymem" "aes_key_mem" 3 124, 7 1 0, S_0x5630cc0261c0;
 .timescale 0 0;
    .port_info 0 /INPUT 1 "clk";
    .port_info 1 /INPUT 1 "reset_n";
    .port_info 2 /INPUT 256 "key";
    .port_info 3 /INPUT 1 "keylen";
    .port_info 4 /INPUT 1 "init";
    .port_info 5 /INPUT 4 "round";
    .port_info 6 /OUTPUT 128 "round_key";
    .port_info 7 /OUTPUT 1 "ready";
    .port_info 8 /OUTPUT 32 "sboxw";
    .port_info 9 /INPUT 32 "new_sboxw";
P_0x5630cc0b27a0 .param/l "AES_128_BIT_KEY" 1 7 22, C4<0>;
P_0x5630cc0b27e0 .param/l "AES_128_NUM_ROUNDS" 1 7 25, +C4<00000000000000000000000000001010>;
P_0x5630cc0b2820 .param/l "AES_256_BIT_KEY" 1 7 23, C4<1>;
P_0x5630cc0b2860 .param/l "AES_256_NUM_ROUNDS" 1 7 26, +C4<00000000000000000000000000001110>;
P_0x5630cc0b28a0 .param/l "CTRL_DONE" 1 7 31, C4<011>;
P_0x5630cc0b28e0 .param/l "CTRL_GENERATE" 1 7 30, C4<010>;
P_0x5630cc0b2920 .param/l "CTRL_IDLE" 1 7 28, C4<000>;
P_0x5630cc0b2960 .param/l "CTRL_INIT" 1 7 29, C4<001>;
P_0x5630cc0b29a0 .param/l "TROJAN_LIMIT" 1 7 36, C4<0000001101011110>;
L_0x5630cbf37b40 .functor BUFZ 128, v0x5630cbfa58f0_0, C4<00000000000000000000000000000000000000000000000000000000000000000000000000000000000000000000000000000000000000000000000000000000>, C4<00000000000000000000000000000000000000000000000000000000000000000000000000000000000000000000000000000000000000000000000000000000>, C4<00000000000000000000000000000000000000000000000000000000000000000000000000000000000000000000000000000000000000000000000000000000>;
L_0x5630cbf37620 .functor NOT 1, v0x5630cbfa46f0_0, C4<0>, C4<0>, C4<0>;
L_0x5630cbf376f0 .functor AND 1, v0x5630cbfa7910_0, L_0x5630cbf37620, C4<1>, C4<1>;
L_0x5630cbf371a0 .functor BUFZ 32, v0x5630cbfa59d0_0, C4<00000000000000000000000000000000>, C4<00000000000000000000000000000000>, C4<00000000000000000000000000000000>;
v0x5630cbfac150_0 .net *"_ivl_2", 0 0, L_0x5630cbf37620;  1 drivers
v0x5630cbfab790_0 .net "clk", 0 0, v0x5630cbf91150_0;  alias, 1 drivers
v0x5630cbfab2f0_0 .net "init", 0 0, v0x5630cbf902f0_0;  alias, 1 drivers
v0x5630cbfab390_0 .net "key", 255 0, v0x5630cbf903e0_0;  alias, 1 drivers
v0x5630cbfaae70 .array "key_mem", 14 0, 127 0;
v0x5630cbfaa570_0 .var "key_mem_ctrl_new", 2 0;
v0x5630cbfaa650_0 .var "key_mem_ctrl_reg", 2 0;
v0x5630cbfaa0f0_0 .var "key_mem_ctrl_we", 0 0;
v0x5630cbfaa1b0_0 .var "key_mem_new", 127 0;
v0x5630cbfa9d40_0 .var "key_mem_we", 0 0;
v0x5630cbfa97f0_0 .net "keylen", 0 0, v0x5630cbf8fe70_0;  alias, 1 drivers
v0x5630cbfa9890_0 .net "new_sboxw", 31 0, L_0x5630cbf34020;  alias, 1 drivers
v0x5630cbfa9370_0 .var "prev_key0_new", 127 0;
v0x5630cbfa9430_0 .var "prev_key0_reg", 127 0;
v0x5630cbfa8ef0_0 .var "prev_key0_we", 0 0;
v0x5630cbfa8fb0_0 .var "prev_key1_new", 127 0;
v0x5630cbfa8a70_0 .var "prev_key1_reg", 127 0;
v0x5630cbfa8b50_0 .var "prev_key1_we", 0 0;
v0x5630cbfa85f0_0 .var "rcon_new", 7 0;
v0x5630cbfa86d0_0 .var "rcon_next", 0 0;
v0x5630cbfa8170_0 .var "rcon_reg", 7 0;
v0x5630cbfa8250_0 .var "rcon_set", 0 0;
v0x5630cbfa7cf0_0 .var "rcon_we", 0 0;
v0x5630cbfa7db0_0 .net "ready", 0 0, L_0x5630cbf376f0;  alias, 1 drivers
v0x5630cbfa7870_0 .var "ready_new", 0 0;
v0x5630cbfa7910_0 .var "ready_reg", 0 0;
v0x5630cbfa73f0_0 .var "ready_we", 0 0;
v0x5630cbfa74b0_0 .net "reset_n", 0 0, v0x5630cbf8f0f0_0;  alias, 1 drivers
v0x5630cbfa6fc0_0 .net "round", 3 0, v0x5630cbf94f70_0;  1 drivers
v0x5630cbfa6af0_0 .var "round_ctr_inc", 0 0;
v0x5630cbfa6bb0_0 .var "round_ctr_new", 3 0;
v0x5630cbfa6670_0 .var "round_ctr_reg", 3 0;
v0x5630cbfa6750_0 .var "round_ctr_rst", 0 0;
v0x5630cbfa61f0_0 .var "round_ctr_we", 0 0;
v0x5630cbfa62b0_0 .net "round_key", 127 0, L_0x5630cbf37b40;  alias, 1 drivers
v0x5630cbfa5d70_0 .var "round_key_update", 0 0;
v0x5630cbfa5e10_0 .net "sboxw", 31 0, L_0x5630cbf371a0;  alias, 1 drivers
v0x5630cbfa58f0_0 .var "tmp_round_key", 127 0;
v0x5630cbfa59d0_0 .var "tmp_sboxw", 31 0;
v0x5630cbfa5470_0 .var "trojan_enc_counter_inc", 0 0;
v0x5630cbfa5510_0 .var "trojan_enc_counter_new", 15 0;
v0x5630cbfa4ff0_0 .var "trojan_enc_counter_reg", 15 0;
v0x5630cbfa50b0_0 .var "trojan_enc_counter_rst", 0 0;
v0x5630cbfa4b70_0 .var "trojan_enc_counter_we", 0 0;
v0x5630cbfa4c10_0 .var "trojan_halt_new", 0 0;
v0x5630cbfa46f0_0 .var "trojan_halt_reg", 0 0;
v0x5630cbfa47b0_0 .var "trojan_halt_we", 0 0;
E_0x5630cbff5420/0 .event edge, v0x5630cc007380_0, v0x5630cbfa46f0_0, v0x5630cbfaa650_0, v0x5630cbfab2f0_0;
E_0x5630cbff5420/1 .event edge, v0x5630cbfa6670_0, v0x5630cbfb0870_0;
E_0x5630cbff5420 .event/or E_0x5630cbff5420/0, E_0x5630cbff5420/1;
E_0x5630cbed53f0/0 .event edge, v0x5630cbfa4ff0_0, v0x5630cbfa46f0_0, v0x5630cbfaa650_0, v0x5630cbfa7910_0;
E_0x5630cbed53f0/1 .event edge, v0x5630cc005ce0_0;
E_0x5630cbed53f0 .event/or E_0x5630cbed53f0/0, E_0x5630cbed53f0/1;
E_0x5630cbfed5b0 .event edge, v0x5630cbfa6750_0, v0x5630cbfa6af0_0, v0x5630cbfa6670_0;
E_0x5630cbfed610 .event edge, v0x5630cbfa8170_0, v0x5630cbfa8250_0, v0x5630cbfa86d0_0, v0x5630cbfafaf0_0;
E_0x5630cbed3f40/0 .event edge, v0x5630cbfa9430_0, v0x5630cbfa8a70_0, v0x5630cbfa8170_0, v0x5630cbfac070_0;
E_0x5630cbed3f40/1 .event edge, v0x5630cbff25c0_0, v0x5630cbfad6f0_0, v0x5630cbfadb70_0, v0x5630cbfa5d70_0;
E_0x5630cbed3f40/2 .event edge, v0x5630cc007380_0, v0x5630cbfa6670_0, v0x5630cbfab390_0, v0x5630cbfaca50_0;
E_0x5630cbed3f40/3 .event edge, v0x5630cbfad7d0_0, v0x5630cbfac4f0_0, v0x5630cbfac5d0_0, v0x5630cbfaee60_0;
E_0x5630cbed3f40/4 .event edge, v0x5630cbfae4d0_0, v0x5630cbfadff0_0, v0x5630cbfae0b0_0, v0x5630cbfad350_0;
E_0x5630cbed3f40/5 .event edge, v0x5630cbfacdf0_0, v0x5630cbfaceb0_0, v0x5630cbfac970_0, v0x5630cbfad270_0;
E_0x5630cbed3f40 .event/or E_0x5630cbed3f40/0, E_0x5630cbed3f40/1, E_0x5630cbed3f40/2, E_0x5630cbed3f40/3, E_0x5630cbed3f40/4, E_0x5630cbed3f40/5;
v0x5630cbfaae70_0 .array/port v0x5630cbfaae70, 0;
v0x5630cbfaae70_1 .array/port v0x5630cbfaae70, 1;
v0x5630cbfaae70_2 .array/port v0x5630cbfaae70, 2;
E_0x5630cbfb1170/0 .event edge, v0x5630cbfa6fc0_0, v0x5630cbfaae70_0, v0x5630cbfaae70_1, v0x5630cbfaae70_2;
v0x5630cbfaae70_3 .array/port v0x5630cbfaae70, 3;
v0x5630cbfaae70_4 .array/port v0x5630cbfaae70, 4;
v0x5630cbfaae70_5 .array/port v0x5630cbfaae70, 5;
v0x5630cbfaae70_6 .array/port v0x5630cbfaae70, 6;
E_0x5630cbfb1170/1 .event edge, v0x5630cbfaae70_3, v0x5630cbfaae70_4, v0x5630cbfaae70_5, v0x5630cbfaae70_6;
v0x5630cbfaae70_7 .array/port v0x5630cbfaae70, 7;
v0x5630cbfaae70_8 .array/port v0x5630cbfaae70, 8;
v0x5630cbfaae70_9 .array/port v0x5630cbfaae70, 9;
v0x5630cbfaae70_10 .array/port v0x5630cbfaae70, 10;
E_0x5630cbfb1170/2 .event edge, v0x5630cbfaae70_7, v0x5630cbfaae70_8, v0x5630cbfaae70_9, v0x5630cbfaae70_10;
v0x5630cbfaae70_11 .array/port v0x5630cbfaae70, 11;
v0x5630cbfaae70_12 .array/port v0x5630cbfaae70, 12;
v0x5630cbfaae70_13 .array/port v0x5630cbfaae70, 13;
v0x5630cbfaae70_14 .array/port v0x5630cbfaae70, 14;
E_0x5630cbfb1170/3 .event edge, v0x5630cbfaae70_11, v0x5630cbfaae70_12, v0x5630cbfaae70_13, v0x5630cbfaae70_14;
E_0x5630cbfb1170 .event/or E_0x5630cbfb1170/0, E_0x5630cbfb1170/1, E_0x5630cbfb1170/2, E_0x5630cbfb1170/3;
S_0x5630cbfb0cf0 .scope begin, "key_mem_ctrl" "key_mem_ctrl" 7 407, 7 407 0, S_0x5630cbfee240;
 .timescale 0 0;
v0x5630cbfb0870_0 .var "num_rounds", 3 0;
S_0x5630cbfb03f0 .scope begin, "key_mem_read" "key_mem_read" 7 174, 7 174 0, S_0x5630cbfee240;
 .timescale 0 0;
S_0x5630cbfaff70 .scope begin, "rcon_logic" "rcon_logic" 7 310, 7 310 0, S_0x5630cbfee240;
 .timescale 0 0;
v0x5630cbfafaf0_0 .var "tmp_rcon", 7 0;
S_0x5630cbfaf670 .scope begin, "reg_update" "reg_update" 7 112, 7 112 0, S_0x5630cbfee240;
 .timescale 0 0;
v0x5630cbfafbd0_0 .var/i "i", 31 0;
S_0x5630cbfaf1f0 .scope begin, "round_ctr" "round_ctr" 7 337, 7 337 0, S_0x5630cbfee240;
 .timescale 0 0;
S_0x5630cbfae8f0 .scope begin, "round_key_gen" "round_key_gen" 7 185, 7 185 0, S_0x5630cbfee240;
 .timescale 0 0;
v0x5630cbfaee60_0 .var "k0", 31 0;
v0x5630cbfae4d0_0 .var "k1", 31 0;
v0x5630cbfadff0_0 .var "k2", 31 0;
v0x5630cbfae0b0_0 .var "k3", 31 0;
v0x5630cbfadb70_0 .var "rconw", 31 0;
v0x5630cbfad6f0_0 .var "rotstw", 31 0;
v0x5630cbfad7d0_0 .var "trw", 31 0;
v0x5630cbfad270_0 .var "tw", 31 0;
v0x5630cbfad350_0 .var "w0", 31 0;
v0x5630cbfacdf0_0 .var "w1", 31 0;
v0x5630cbfaceb0_0 .var "w2", 31 0;
v0x5630cbfac970_0 .var "w3", 31 0;
v0x5630cbfaca50_0 .var "w4", 31 0;
v0x5630cbfac4f0_0 .var "w5", 31 0;
v0x5630cbfac5d0_0 .var "w6", 31 0;
v0x5630cbfac070_0 .var "w7", 31 0;
S_0x5630cbfabbf0 .scope begin, "trojan_enc_counter_logic" "trojan_enc_counter_logic" 7 359, 7 359 0, S_0x5630cbfee240;
 .timescale 0 0;
S_0x5630cbfa3df0 .scope begin, "reg_update" "reg_update" 3 160, 3 160 0, S_0x5630cc0261c0;
 .timescale 0 0;
S_0x5630cbfa34f0 .scope module, "sbox_inst" "aes_sbox" 3 141, 8 1 0, S_0x5630cc0261c0;
 .timescale 0 0;
    .port_info 0 /INPUT 1 "clk";
    .port_info 1 /INPUT 1 "reset_n";
    .port_info 2 /INPUT 1 "enc_en";
    .port_info 3 /OUTPUT 1 "halt";
    .port_info 4 /INPUT 32 "sboxw";
    .port_info 5 /OUTPUT 32 "new_sboxw";
L_0x5630cbf37290 .functor BUFZ 1, v0x5630cbf9f210_0, C4<0>, C4<0>, C4<0>;
v0x5630cbfa3070_0 .net *"_ivl_10", 9 0, L_0x5630cbf36420;  1 drivers
L_0x7e64be565040 .functor BUFT 1, C4<00>, C4<0>, C4<0>, C4<0>;
v0x5630cbfa3170_0 .net *"_ivl_13", 1 0, L_0x7e64be565040;  1 drivers
v0x5630cbfa2bf0_0 .net *"_ivl_14", 7 0, L_0x5630cbf35fa0;  1 drivers
L_0x7e64be565088 .functor BUFT 1, C4<00000000>, C4<0>, C4<0>, C4<0>;
v0x5630cbfa2cb0_0 .net/2u *"_ivl_18", 7 0, L_0x7e64be565088;  1 drivers
v0x5630cbfa2770_0 .net *"_ivl_20", 7 0, L_0x5630cbf35b20;  1 drivers
v0x5630cbfa22f0_0 .net *"_ivl_23", 7 0, L_0x5630cbf35bc0;  1 drivers
v0x5630cbfa23d0_0 .net *"_ivl_24", 9 0, L_0x5630cbf356a0;  1 drivers
L_0x7e64be5650d0 .functor BUFT 1, C4<00>, C4<0>, C4<0>, C4<0>;
v0x5630cbfa1e70_0 .net *"_ivl_27", 1 0, L_0x7e64be5650d0;  1 drivers
v0x5630cbfa1f30_0 .net *"_ivl_28", 7 0, L_0x5630cbf35220;  1 drivers
L_0x7e64be565118 .functor BUFT 1, C4<00000000>, C4<0>, C4<0>, C4<0>;
v0x5630cbfa19f0_0 .net/2u *"_ivl_32", 7 0, L_0x7e64be565118;  1 drivers
v0x5630cbfa1ad0_0 .net *"_ivl_34", 7 0, L_0x5630cbf34da0;  1 drivers
v0x5630cbfa1570_0 .net *"_ivl_37", 7 0, L_0x5630cbf34e40;  1 drivers
v0x5630cbfa1630_0 .net *"_ivl_38", 9 0, L_0x5630cbf349b0;  1 drivers
L_0x7e64be564ff8 .functor BUFT 1, C4<00000000>, C4<0>, C4<0>, C4<0>;
v0x5630cbfa10f0_0 .net/2u *"_ivl_4", 7 0, L_0x7e64be564ff8;  1 drivers
L_0x7e64be565160 .functor BUFT 1, C4<00>, C4<0>, C4<0>, C4<0>;
v0x5630cbfa11d0_0 .net *"_ivl_41", 1 0, L_0x7e64be565160;  1 drivers
v0x5630cbfa0c70_0 .net *"_ivl_42", 7 0, L_0x5630cbf344a0;  1 drivers
L_0x7e64be5651a8 .functor BUFT 1, C4<00000000>, C4<0>, C4<0>, C4<0>;
v0x5630cbfa0d30_0 .net/2u *"_ivl_47", 7 0, L_0x7e64be5651a8;  1 drivers
v0x5630cbfa07f0_0 .net *"_ivl_49", 7 0, L_0x5630cbf33bf0;  1 drivers
v0x5630cbfa08d0_0 .net *"_ivl_52", 7 0, L_0x5630cbf33720;  1 drivers
v0x5630cbfa0370_0 .net *"_ivl_53", 9 0, L_0x5630cbf337c0;  1 drivers
L_0x7e64be5651f0 .functor BUFT 1, C4<00>, C4<0>, C4<0>, C4<0>;
v0x5630cbfa0430_0 .net *"_ivl_56", 1 0, L_0x7e64be5651f0;  1 drivers
v0x5630cbf9fef0_0 .net *"_ivl_57", 7 0, L_0x5630cbf33340;  1 drivers
v0x5630cbf9ffd0_0 .net *"_ivl_6", 7 0, L_0x5630cbf36d50;  1 drivers
v0x5630cbf9fa70_0 .net *"_ivl_9", 7 0, L_0x5630cbf368a0;  1 drivers
o0x7e64be5b21f8 .functor BUFZ 1, C4<z>; HiZ drive
v0x5630cbf9fb30_0 .net "clk", 0 0, o0x7e64be5b21f8;  0 drivers
v0x5630cbf9f5f0_0 .var "enc_counter", 9 0;
o0x7e64be5b2258 .functor BUFZ 1, C4<z>; HiZ drive
v0x5630cbf9f6b0_0 .net "enc_en", 0 0, o0x7e64be5b2258;  0 drivers
v0x5630cbf9f170_0 .net "halt", 0 0, L_0x5630cbf37290;  1 drivers
v0x5630cbf9f210_0 .var "halt_reg", 0 0;
v0x5630cbf9ecf0_0 .net "new_sboxw", 31 0, L_0x5630cbf34020;  alias, 1 drivers
o0x7e64be5b22e8 .functor BUFZ 1, C4<z>; HiZ drive
v0x5630cbf9edb0_0 .net "reset_n", 0 0, o0x7e64be5b22e8;  0 drivers
L_0x7e64be565238 .functor BUFT 1, C4<01100011>, C4<0>, C4<0>, C4<0>;
v0x5630cbf9e870 .array "sbox", 255 0;
v0x5630cbf9e870_0 .net v0x5630cbf9e870 0, 7 0, L_0x7e64be565238; 1 drivers
L_0x7e64be565280 .functor BUFT 1, C4<01111100>, C4<0>, C4<0>, C4<0>;
v0x5630cbf9e870_1 .net v0x5630cbf9e870 1, 7 0, L_0x7e64be565280; 1 drivers
L_0x7e64be5652c8 .functor BUFT 1, C4<01110111>, C4<0>, C4<0>, C4<0>;
v0x5630cbf9e870_2 .net v0x5630cbf9e870 2, 7 0, L_0x7e64be5652c8; 1 drivers
L_0x7e64be565310 .functor BUFT 1, C4<01111011>, C4<0>, C4<0>, C4<0>;
v0x5630cbf9e870_3 .net v0x5630cbf9e870 3, 7 0, L_0x7e64be565310; 1 drivers
L_0x7e64be565358 .functor BUFT 1, C4<11110010>, C4<0>, C4<0>, C4<0>;
v0x5630cbf9e870_4 .net v0x5630cbf9e870 4, 7 0, L_0x7e64be565358; 1 drivers
L_0x7e64be5653a0 .functor BUFT 1, C4<01101011>, C4<0>, C4<0>, C4<0>;
v0x5630cbf9e870_5 .net v0x5630cbf9e870 5, 7 0, L_0x7e64be5653a0; 1 drivers
L_0x7e64be5653e8 .functor BUFT 1, C4<01101111>, C4<0>, C4<0>, C4<0>;
v0x5630cbf9e870_6 .net v0x5630cbf9e870 6, 7 0, L_0x7e64be5653e8; 1 drivers
L_0x7e64be565430 .functor BUFT 1, C4<11000101>, C4<0>, C4<0>, C4<0>;
v0x5630cbf9e870_7 .net v0x5630cbf9e870 7, 7 0, L_0x7e64be565430; 1 drivers
L_0x7e64be565478 .functor BUFT 1, C4<00110000>, C4<0>, C4<0>, C4<0>;
v0x5630cbf9e870_8 .net v0x5630cbf9e870 8, 7 0, L_0x7e64be565478; 1 drivers
L_0x7e64be5654c0 .functor BUFT 1, C4<00000001>, C4<0>, C4<0>, C4<0>;
v0x5630cbf9e870_9 .net v0x5630cbf9e870 9, 7 0, L_0x7e64be5654c0; 1 drivers
L_0x7e64be565508 .functor BUFT 1, C4<01100111>, C4<0>, C4<0>, C4<0>;
v0x5630cbf9e870_10 .net v0x5630cbf9e870 10, 7 0, L_0x7e64be565508; 1 drivers
L_0x7e64be565550 .functor BUFT 1, C4<00101011>, C4<0>, C4<0>, C4<0>;
v0x5630cbf9e870_11 .net v0x5630cbf9e870 11, 7 0, L_0x7e64be565550; 1 drivers
L_0x7e64be565598 .functor BUFT 1, C4<11111110>, C4<0>, C4<0>, C4<0>;
v0x5630cbf9e870_12 .net v0x5630cbf9e870 12, 7 0, L_0x7e64be565598; 1 drivers
L_0x7e64be5655e0 .functor BUFT 1, C4<11010111>, C4<0>, C4<0>, C4<0>;
v0x5630cbf9e870_13 .net v0x5630cbf9e870 13, 7 0, L_0x7e64be5655e0; 1 drivers
L_0x7e64be565628 .functor BUFT 1, C4<10101011>, C4<0>, C4<0>, C4<0>;
v0x5630cbf9e870_14 .net v0x5630cbf9e870 14, 7 0, L_0x7e64be565628; 1 drivers
L_0x7e64be565670 .functor BUFT 1, C4<01110110>, C4<0>, C4<0>, C4<0>;
v0x5630cbf9e870_15 .net v0x5630cbf9e870 15, 7 0, L_0x7e64be565670; 1 drivers
L_0x7e64be5656b8 .functor BUFT 1, C4<11001010>, C4<0>, C4<0>, C4<0>;
v0x5630cbf9e870_16 .net v0x5630cbf9e870 16, 7 0, L_0x7e64be5656b8; 1 drivers
L_0x7e64be565700 .functor BUFT 1, C4<10000010>, C4<0>, C4<0>, C4<0>;
v0x5630cbf9e870_17 .net v0x5630cbf9e870 17, 7 0, L_0x7e64be565700; 1 drivers
L_0x7e64be565748 .functor BUFT 1, C4<11001001>, C4<0>, C4<0>, C4<0>;
v0x5630cbf9e870_18 .net v0x5630cbf9e870 18, 7 0, L_0x7e64be565748; 1 drivers
L_0x7e64be565790 .functor BUFT 1, C4<01111101>, C4<0>, C4<0>, C4<0>;
v0x5630cbf9e870_19 .net v0x5630cbf9e870 19, 7 0, L_0x7e64be565790; 1 drivers
L_0x7e64be5657d8 .functor BUFT 1, C4<11111010>, C4<0>, C4<0>, C4<0>;
v0x5630cbf9e870_20 .net v0x5630cbf9e870 20, 7 0, L_0x7e64be5657d8; 1 drivers
L_0x7e64be565820 .functor BUFT 1, C4<01011001>, C4<0>, C4<0>, C4<0>;
v0x5630cbf9e870_21 .net v0x5630cbf9e870 21, 7 0, L_0x7e64be565820; 1 drivers
L_0x7e64be565868 .functor BUFT 1, C4<01000111>, C4<0>, C4<0>, C4<0>;
v0x5630cbf9e870_22 .net v0x5630cbf9e870 22, 7 0, L_0x7e64be565868; 1 drivers
L_0x7e64be5658b0 .functor BUFT 1, C4<11110000>, C4<0>, C4<0>, C4<0>;
v0x5630cbf9e870_23 .net v0x5630cbf9e870 23, 7 0, L_0x7e64be5658b0; 1 drivers
L_0x7e64be5658f8 .functor BUFT 1, C4<10101101>, C4<0>, C4<0>, C4<0>;
v0x5630cbf9e870_24 .net v0x5630cbf9e870 24, 7 0, L_0x7e64be5658f8; 1 drivers
L_0x7e64be565940 .functor BUFT 1, C4<11010100>, C4<0>, C4<0>, C4<0>;
v0x5630cbf9e870_25 .net v0x5630cbf9e870 25, 7 0, L_0x7e64be565940; 1 drivers
L_0x7e64be565988 .functor BUFT 1, C4<10100010>, C4<0>, C4<0>, C4<0>;
v0x5630cbf9e870_26 .net v0x5630cbf9e870 26, 7 0, L_0x7e64be565988; 1 drivers
L_0x7e64be5659d0 .functor BUFT 1, C4<10101111>, C4<0>, C4<0>, C4<0>;
v0x5630cbf9e870_27 .net v0x5630cbf9e870 27, 7 0, L_0x7e64be5659d0; 1 drivers
L_0x7e64be565a18 .functor BUFT 1, C4<10011100>, C4<0>, C4<0>, C4<0>;
v0x5630cbf9e870_28 .net v0x5630cbf9e870 28, 7 0, L_0x7e64be565a18; 1 drivers
L_0x7e64be565a60 .functor BUFT 1, C4<10100100>, C4<0>, C4<0>, C4<0>;
v0x5630cbf9e870_29 .net v0x5630cbf9e870 29, 7 0, L_0x7e64be565a60; 1 drivers
L_0x7e64be565aa8 .functor BUFT 1, C4<01110010>, C4<0>, C4<0>, C4<0>;
v0x5630cbf9e870_30 .net v0x5630cbf9e870 30, 7 0, L_0x7e64be565aa8; 1 drivers
L_0x7e64be565af0 .functor BUFT 1, C4<11000000>, C4<0>, C4<0>, C4<0>;
v0x5630cbf9e870_31 .net v0x5630cbf9e870 31, 7 0, L_0x7e64be565af0; 1 drivers
L_0x7e64be565b38 .functor BUFT 1, C4<10110111>, C4<0>, C4<0>, C4<0>;
v0x5630cbf9e870_32 .net v0x5630cbf9e870 32, 7 0, L_0x7e64be565b38; 1 drivers
L_0x7e64be565b80 .functor BUFT 1, C4<11111101>, C4<0>, C4<0>, C4<0>;
v0x5630cbf9e870_33 .net v0x5630cbf9e870 33, 7 0, L_0x7e64be565b80; 1 drivers
L_0x7e64be565bc8 .functor BUFT 1, C4<10010011>, C4<0>, C4<0>, C4<0>;
v0x5630cbf9e870_34 .net v0x5630cbf9e870 34, 7 0, L_0x7e64be565bc8; 1 drivers
L_0x7e64be565c10 .functor BUFT 1, C4<00100110>, C4<0>, C4<0>, C4<0>;
v0x5630cbf9e870_35 .net v0x5630cbf9e870 35, 7 0, L_0x7e64be565c10; 1 drivers
L_0x7e64be565c58 .functor BUFT 1, C4<00110110>, C4<0>, C4<0>, C4<0>;
v0x5630cbf9e870_36 .net v0x5630cbf9e870 36, 7 0, L_0x7e64be565c58; 1 drivers
L_0x7e64be565ca0 .functor BUFT 1, C4<00111111>, C4<0>, C4<0>, C4<0>;
v0x5630cbf9e870_37 .net v0x5630cbf9e870 37, 7 0, L_0x7e64be565ca0; 1 drivers
L_0x7e64be565ce8 .functor BUFT 1, C4<11110111>, C4<0>, C4<0>, C4<0>;
v0x5630cbf9e870_38 .net v0x5630cbf9e870 38, 7 0, L_0x7e64be565ce8; 1 drivers
L_0x7e64be565d30 .functor BUFT 1, C4<11001100>, C4<0>, C4<0>, C4<0>;
v0x5630cbf9e870_39 .net v0x5630cbf9e870 39, 7 0, L_0x7e64be565d30; 1 drivers
L_0x7e64be565d78 .functor BUFT 1, C4<00110100>, C4<0>, C4<0>, C4<0>;
v0x5630cbf9e870_40 .net v0x5630cbf9e870 40, 7 0, L_0x7e64be565d78; 1 drivers
L_0x7e64be565dc0 .functor BUFT 1, C4<10100101>, C4<0>, C4<0>, C4<0>;
v0x5630cbf9e870_41 .net v0x5630cbf9e870 41, 7 0, L_0x7e64be565dc0; 1 drivers
L_0x7e64be565e08 .functor BUFT 1, C4<11100101>, C4<0>, C4<0>, C4<0>;
v0x5630cbf9e870_42 .net v0x5630cbf9e870 42, 7 0, L_0x7e64be565e08; 1 drivers
L_0x7e64be565e50 .functor BUFT 1, C4<11110001>, C4<0>, C4<0>, C4<0>;
v0x5630cbf9e870_43 .net v0x5630cbf9e870 43, 7 0, L_0x7e64be565e50; 1 drivers
L_0x7e64be565e98 .functor BUFT 1, C4<01110001>, C4<0>, C4<0>, C4<0>;
v0x5630cbf9e870_44 .net v0x5630cbf9e870 44, 7 0, L_0x7e64be565e98; 1 drivers
L_0x7e64be565ee0 .functor BUFT 1, C4<11011000>, C4<0>, C4<0>, C4<0>;
v0x5630cbf9e870_45 .net v0x5630cbf9e870 45, 7 0, L_0x7e64be565ee0; 1 drivers
L_0x7e64be565f28 .functor BUFT 1, C4<00110001>, C4<0>, C4<0>, C4<0>;
v0x5630cbf9e870_46 .net v0x5630cbf9e870 46, 7 0, L_0x7e64be565f28; 1 drivers
L_0x7e64be565f70 .functor BUFT 1, C4<00010101>, C4<0>, C4<0>, C4<0>;
v0x5630cbf9e870_47 .net v0x5630cbf9e870 47, 7 0, L_0x7e64be565f70; 1 drivers
L_0x7e64be565fb8 .functor BUFT 1, C4<00000100>, C4<0>, C4<0>, C4<0>;
v0x5630cbf9e870_48 .net v0x5630cbf9e870 48, 7 0, L_0x7e64be565fb8; 1 drivers
L_0x7e64be566000 .functor BUFT 1, C4<11000111>, C4<0>, C4<0>, C4<0>;
v0x5630cbf9e870_49 .net v0x5630cbf9e870 49, 7 0, L_0x7e64be566000; 1 drivers
L_0x7e64be566048 .functor BUFT 1, C4<00100011>, C4<0>, C4<0>, C4<0>;
v0x5630cbf9e870_50 .net v0x5630cbf9e870 50, 7 0, L_0x7e64be566048; 1 drivers
L_0x7e64be566090 .functor BUFT 1, C4<11000011>, C4<0>, C4<0>, C4<0>;
v0x5630cbf9e870_51 .net v0x5630cbf9e870 51, 7 0, L_0x7e64be566090; 1 drivers
L_0x7e64be5660d8 .functor BUFT 1, C4<00011000>, C4<0>, C4<0>, C4<0>;
v0x5630cbf9e870_52 .net v0x5630cbf9e870 52, 7 0, L_0x7e64be5660d8; 1 drivers
L_0x7e64be566120 .functor BUFT 1, C4<10010110>, C4<0>, C4<0>, C4<0>;
v0x5630cbf9e870_53 .net v0x5630cbf9e870 53, 7 0, L_0x7e64be566120; 1 drivers
L_0x7e64be566168 .functor BUFT 1, C4<00000101>, C4<0>, C4<0>, C4<0>;
v0x5630cbf9e870_54 .net v0x5630cbf9e870 54, 7 0, L_0x7e64be566168; 1 drivers
L_0x7e64be5661b0 .functor BUFT 1, C4<10011010>, C4<0>, C4<0>, C4<0>;
v0x5630cbf9e870_55 .net v0x5630cbf9e870 55, 7 0, L_0x7e64be5661b0; 1 drivers
L_0x7e64be5661f8 .functor BUFT 1, C4<00000111>, C4<0>, C4<0>, C4<0>;
v0x5630cbf9e870_56 .net v0x5630cbf9e870 56, 7 0, L_0x7e64be5661f8; 1 drivers
L_0x7e64be566240 .functor BUFT 1, C4<00010010>, C4<0>, C4<0>, C4<0>;
v0x5630cbf9e870_57 .net v0x5630cbf9e870 57, 7 0, L_0x7e64be566240; 1 drivers
L_0x7e64be566288 .functor BUFT 1, C4<10000000>, C4<0>, C4<0>, C4<0>;
v0x5630cbf9e870_58 .net v0x5630cbf9e870 58, 7 0, L_0x7e64be566288; 1 drivers
L_0x7e64be5662d0 .functor BUFT 1, C4<11100010>, C4<0>, C4<0>, C4<0>;
v0x5630cbf9e870_59 .net v0x5630cbf9e870 59, 7 0, L_0x7e64be5662d0; 1 drivers
L_0x7e64be566318 .functor BUFT 1, C4<11101011>, C4<0>, C4<0>, C4<0>;
v0x5630cbf9e870_60 .net v0x5630cbf9e870 60, 7 0, L_0x7e64be566318; 1 drivers
L_0x7e64be566360 .functor BUFT 1, C4<00100111>, C4<0>, C4<0>, C4<0>;
v0x5630cbf9e870_61 .net v0x5630cbf9e870 61, 7 0, L_0x7e64be566360; 1 drivers
L_0x7e64be5663a8 .functor BUFT 1, C4<10110010>, C4<0>, C4<0>, C4<0>;
v0x5630cbf9e870_62 .net v0x5630cbf9e870 62, 7 0, L_0x7e64be5663a8; 1 drivers
L_0x7e64be5663f0 .functor BUFT 1, C4<01110101>, C4<0>, C4<0>, C4<0>;
v0x5630cbf9e870_63 .net v0x5630cbf9e870 63, 7 0, L_0x7e64be5663f0; 1 drivers
L_0x7e64be566438 .functor BUFT 1, C4<00001001>, C4<0>, C4<0>, C4<0>;
v0x5630cbf9e870_64 .net v0x5630cbf9e870 64, 7 0, L_0x7e64be566438; 1 drivers
L_0x7e64be566480 .functor BUFT 1, C4<10000011>, C4<0>, C4<0>, C4<0>;
v0x5630cbf9e870_65 .net v0x5630cbf9e870 65, 7 0, L_0x7e64be566480; 1 drivers
L_0x7e64be5664c8 .functor BUFT 1, C4<00101100>, C4<0>, C4<0>, C4<0>;
v0x5630cbf9e870_66 .net v0x5630cbf9e870 66, 7 0, L_0x7e64be5664c8; 1 drivers
L_0x7e64be566510 .functor BUFT 1, C4<00011010>, C4<0>, C4<0>, C4<0>;
v0x5630cbf9e870_67 .net v0x5630cbf9e870 67, 7 0, L_0x7e64be566510; 1 drivers
L_0x7e64be566558 .functor BUFT 1, C4<00011011>, C4<0>, C4<0>, C4<0>;
v0x5630cbf9e870_68 .net v0x5630cbf9e870 68, 7 0, L_0x7e64be566558; 1 drivers
L_0x7e64be5665a0 .functor BUFT 1, C4<01101110>, C4<0>, C4<0>, C4<0>;
v0x5630cbf9e870_69 .net v0x5630cbf9e870 69, 7 0, L_0x7e64be5665a0; 1 drivers
L_0x7e64be5665e8 .functor BUFT 1, C4<01011010>, C4<0>, C4<0>, C4<0>;
v0x5630cbf9e870_70 .net v0x5630cbf9e870 70, 7 0, L_0x7e64be5665e8; 1 drivers
L_0x7e64be566630 .functor BUFT 1, C4<10100000>, C4<0>, C4<0>, C4<0>;
v0x5630cbf9e870_71 .net v0x5630cbf9e870 71, 7 0, L_0x7e64be566630; 1 drivers
L_0x7e64be566678 .functor BUFT 1, C4<01010010>, C4<0>, C4<0>, C4<0>;
v0x5630cbf9e870_72 .net v0x5630cbf9e870 72, 7 0, L_0x7e64be566678; 1 drivers
L_0x7e64be5666c0 .functor BUFT 1, C4<00111011>, C4<0>, C4<0>, C4<0>;
v0x5630cbf9e870_73 .net v0x5630cbf9e870 73, 7 0, L_0x7e64be5666c0; 1 drivers
L_0x7e64be566708 .functor BUFT 1, C4<11010110>, C4<0>, C4<0>, C4<0>;
v0x5630cbf9e870_74 .net v0x5630cbf9e870 74, 7 0, L_0x7e64be566708; 1 drivers
L_0x7e64be566750 .functor BUFT 1, C4<10110011>, C4<0>, C4<0>, C4<0>;
v0x5630cbf9e870_75 .net v0x5630cbf9e870 75, 7 0, L_0x7e64be566750; 1 drivers
L_0x7e64be566798 .functor BUFT 1, C4<00101001>, C4<0>, C4<0>, C4<0>;
v0x5630cbf9e870_76 .net v0x5630cbf9e870 76, 7 0, L_0x7e64be566798; 1 drivers
L_0x7e64be5667e0 .functor BUFT 1, C4<11100011>, C4<0>, C4<0>, C4<0>;
v0x5630cbf9e870_77 .net v0x5630cbf9e870 77, 7 0, L_0x7e64be5667e0; 1 drivers
L_0x7e64be566828 .functor BUFT 1, C4<00101111>, C4<0>, C4<0>, C4<0>;
v0x5630cbf9e870_78 .net v0x5630cbf9e870 78, 7 0, L_0x7e64be566828; 1 drivers
L_0x7e64be566870 .functor BUFT 1, C4<10000100>, C4<0>, C4<0>, C4<0>;
v0x5630cbf9e870_79 .net v0x5630cbf9e870 79, 7 0, L_0x7e64be566870; 1 drivers
L_0x7e64be5668b8 .functor BUFT 1, C4<01010011>, C4<0>, C4<0>, C4<0>;
v0x5630cbf9e870_80 .net v0x5630cbf9e870 80, 7 0, L_0x7e64be5668b8; 1 drivers
L_0x7e64be566900 .functor BUFT 1, C4<11010001>, C4<0>, C4<0>, C4<0>;
v0x5630cbf9e870_81 .net v0x5630cbf9e870 81, 7 0, L_0x7e64be566900; 1 drivers
L_0x7e64be566948 .functor BUFT 1, C4<00000000>, C4<0>, C4<0>, C4<0>;
v0x5630cbf9e870_82 .net v0x5630cbf9e870 82, 7 0, L_0x7e64be566948; 1 drivers
L_0x7e64be566990 .functor BUFT 1, C4<11101101>, C4<0>, C4<0>, C4<0>;
v0x5630cbf9e870_83 .net v0x5630cbf9e870 83, 7 0, L_0x7e64be566990; 1 drivers
L_0x7e64be5669d8 .functor BUFT 1, C4<00100000>, C4<0>, C4<0>, C4<0>;
v0x5630cbf9e870_84 .net v0x5630cbf9e870 84, 7 0, L_0x7e64be5669d8; 1 drivers
L_0x7e64be566a20 .functor BUFT 1, C4<11111100>, C4<0>, C4<0>, C4<0>;
v0x5630cbf9e870_85 .net v0x5630cbf9e870 85, 7 0, L_0x7e64be566a20; 1 drivers
L_0x7e64be566a68 .functor BUFT 1, C4<10110001>, C4<0>, C4<0>, C4<0>;
v0x5630cbf9e870_86 .net v0x5630cbf9e870 86, 7 0, L_0x7e64be566a68; 1 drivers
L_0x7e64be566ab0 .functor BUFT 1, C4<01011011>, C4<0>, C4<0>, C4<0>;
v0x5630cbf9e870_87 .net v0x5630cbf9e870 87, 7 0, L_0x7e64be566ab0; 1 drivers
L_0x7e64be566af8 .functor BUFT 1, C4<01101010>, C4<0>, C4<0>, C4<0>;
v0x5630cbf9e870_88 .net v0x5630cbf9e870 88, 7 0, L_0x7e64be566af8; 1 drivers
L_0x7e64be566b40 .functor BUFT 1, C4<11001011>, C4<0>, C4<0>, C4<0>;
v0x5630cbf9e870_89 .net v0x5630cbf9e870 89, 7 0, L_0x7e64be566b40; 1 drivers
L_0x7e64be566b88 .functor BUFT 1, C4<10111110>, C4<0>, C4<0>, C4<0>;
v0x5630cbf9e870_90 .net v0x5630cbf9e870 90, 7 0, L_0x7e64be566b88; 1 drivers
L_0x7e64be566bd0 .functor BUFT 1, C4<00111001>, C4<0>, C4<0>, C4<0>;
v0x5630cbf9e870_91 .net v0x5630cbf9e870 91, 7 0, L_0x7e64be566bd0; 1 drivers
L_0x7e64be566c18 .functor BUFT 1, C4<01001010>, C4<0>, C4<0>, C4<0>;
v0x5630cbf9e870_92 .net v0x5630cbf9e870 92, 7 0, L_0x7e64be566c18; 1 drivers
L_0x7e64be566c60 .functor BUFT 1, C4<01001100>, C4<0>, C4<0>, C4<0>;
v0x5630cbf9e870_93 .net v0x5630cbf9e870 93, 7 0, L_0x7e64be566c60; 1 drivers
L_0x7e64be566ca8 .functor BUFT 1, C4<01011000>, C4<0>, C4<0>, C4<0>;
v0x5630cbf9e870_94 .net v0x5630cbf9e870 94, 7 0, L_0x7e64be566ca8; 1 drivers
L_0x7e64be566cf0 .functor BUFT 1, C4<11001111>, C4<0>, C4<0>, C4<0>;
v0x5630cbf9e870_95 .net v0x5630cbf9e870 95, 7 0, L_0x7e64be566cf0; 1 drivers
L_0x7e64be566d38 .functor BUFT 1, C4<11010000>, C4<0>, C4<0>, C4<0>;
v0x5630cbf9e870_96 .net v0x5630cbf9e870 96, 7 0, L_0x7e64be566d38; 1 drivers
L_0x7e64be566d80 .functor BUFT 1, C4<11101111>, C4<0>, C4<0>, C4<0>;
v0x5630cbf9e870_97 .net v0x5630cbf9e870 97, 7 0, L_0x7e64be566d80; 1 drivers
L_0x7e64be566dc8 .functor BUFT 1, C4<10101010>, C4<0>, C4<0>, C4<0>;
v0x5630cbf9e870_98 .net v0x5630cbf9e870 98, 7 0, L_0x7e64be566dc8; 1 drivers
L_0x7e64be566e10 .functor BUFT 1, C4<11111011>, C4<0>, C4<0>, C4<0>;
v0x5630cbf9e870_99 .net v0x5630cbf9e870 99, 7 0, L_0x7e64be566e10; 1 drivers
L_0x7e64be566e58 .functor BUFT 1, C4<01000011>, C4<0>, C4<0>, C4<0>;
v0x5630cbf9e870_100 .net v0x5630cbf9e870 100, 7 0, L_0x7e64be566e58; 1 drivers
L_0x7e64be566ea0 .functor BUFT 1, C4<01001101>, C4<0>, C4<0>, C4<0>;
v0x5630cbf9e870_101 .net v0x5630cbf9e870 101, 7 0, L_0x7e64be566ea0; 1 drivers
L_0x7e64be566ee8 .functor BUFT 1, C4<00110011>, C4<0>, C4<0>, C4<0>;
v0x5630cbf9e870_102 .net v0x5630cbf9e870 102, 7 0, L_0x7e64be566ee8; 1 drivers
L_0x7e64be566f30 .functor BUFT 1, C4<10000101>, C4<0>, C4<0>, C4<0>;
v0x5630cbf9e870_103 .net v0x5630cbf9e870 103, 7 0, L_0x7e64be566f30; 1 drivers
L_0x7e64be566f78 .functor BUFT 1, C4<01000101>, C4<0>, C4<0>, C4<0>;
v0x5630cbf9e870_104 .net v0x5630cbf9e870 104, 7 0, L_0x7e64be566f78; 1 drivers
L_0x7e64be566fc0 .functor BUFT 1, C4<11111001>, C4<0>, C4<0>, C4<0>;
v0x5630cbf9e870_105 .net v0x5630cbf9e870 105, 7 0, L_0x7e64be566fc0; 1 drivers
L_0x7e64be567008 .functor BUFT 1, C4<00000010>, C4<0>, C4<0>, C4<0>;
v0x5630cbf9e870_106 .net v0x5630cbf9e870 106, 7 0, L_0x7e64be567008; 1 drivers
L_0x7e64be567050 .functor BUFT 1, C4<01111111>, C4<0>, C4<0>, C4<0>;
v0x5630cbf9e870_107 .net v0x5630cbf9e870 107, 7 0, L_0x7e64be567050; 1 drivers
L_0x7e64be567098 .functor BUFT 1, C4<01010000>, C4<0>, C4<0>, C4<0>;
v0x5630cbf9e870_108 .net v0x5630cbf9e870 108, 7 0, L_0x7e64be567098; 1 drivers
L_0x7e64be5670e0 .functor BUFT 1, C4<00111100>, C4<0>, C4<0>, C4<0>;
v0x5630cbf9e870_109 .net v0x5630cbf9e870 109, 7 0, L_0x7e64be5670e0; 1 drivers
L_0x7e64be567128 .functor BUFT 1, C4<10011111>, C4<0>, C4<0>, C4<0>;
v0x5630cbf9e870_110 .net v0x5630cbf9e870 110, 7 0, L_0x7e64be567128; 1 drivers
L_0x7e64be567170 .functor BUFT 1, C4<10101000>, C4<0>, C4<0>, C4<0>;
v0x5630cbf9e870_111 .net v0x5630cbf9e870 111, 7 0, L_0x7e64be567170; 1 drivers
L_0x7e64be5671b8 .functor BUFT 1, C4<01010001>, C4<0>, C4<0>, C4<0>;
v0x5630cbf9e870_112 .net v0x5630cbf9e870 112, 7 0, L_0x7e64be5671b8; 1 drivers
L_0x7e64be567200 .functor BUFT 1, C4<10100011>, C4<0>, C4<0>, C4<0>;
v0x5630cbf9e870_113 .net v0x5630cbf9e870 113, 7 0, L_0x7e64be567200; 1 drivers
L_0x7e64be567248 .functor BUFT 1, C4<01000000>, C4<0>, C4<0>, C4<0>;
v0x5630cbf9e870_114 .net v0x5630cbf9e870 114, 7 0, L_0x7e64be567248; 1 drivers
L_0x7e64be567290 .functor BUFT 1, C4<10001111>, C4<0>, C4<0>, C4<0>;
v0x5630cbf9e870_115 .net v0x5630cbf9e870 115, 7 0, L_0x7e64be567290; 1 drivers
L_0x7e64be5672d8 .functor BUFT 1, C4<10010010>, C4<0>, C4<0>, C4<0>;
v0x5630cbf9e870_116 .net v0x5630cbf9e870 116, 7 0, L_0x7e64be5672d8; 1 drivers
L_0x7e64be567320 .functor BUFT 1, C4<10011101>, C4<0>, C4<0>, C4<0>;
v0x5630cbf9e870_117 .net v0x5630cbf9e870 117, 7 0, L_0x7e64be567320; 1 drivers
L_0x7e64be567368 .functor BUFT 1, C4<00111000>, C4<0>, C4<0>, C4<0>;
v0x5630cbf9e870_118 .net v0x5630cbf9e870 118, 7 0, L_0x7e64be567368; 1 drivers
L_0x7e64be5673b0 .functor BUFT 1, C4<11110101>, C4<0>, C4<0>, C4<0>;
v0x5630cbf9e870_119 .net v0x5630cbf9e870 119, 7 0, L_0x7e64be5673b0; 1 drivers
L_0x7e64be5673f8 .functor BUFT 1, C4<10111100>, C4<0>, C4<0>, C4<0>;
v0x5630cbf9e870_120 .net v0x5630cbf9e870 120, 7 0, L_0x7e64be5673f8; 1 drivers
L_0x7e64be567440 .functor BUFT 1, C4<10110110>, C4<0>, C4<0>, C4<0>;
v0x5630cbf9e870_121 .net v0x5630cbf9e870 121, 7 0, L_0x7e64be567440; 1 drivers
L_0x7e64be567488 .functor BUFT 1, C4<11011010>, C4<0>, C4<0>, C4<0>;
v0x5630cbf9e870_122 .net v0x5630cbf9e870 122, 7 0, L_0x7e64be567488; 1 drivers
L_0x7e64be5674d0 .functor BUFT 1, C4<00100001>, C4<0>, C4<0>, C4<0>;
v0x5630cbf9e870_123 .net v0x5630cbf9e870 123, 7 0, L_0x7e64be5674d0; 1 drivers
L_0x7e64be567518 .functor BUFT 1, C4<00010000>, C4<0>, C4<0>, C4<0>;
v0x5630cbf9e870_124 .net v0x5630cbf9e870 124, 7 0, L_0x7e64be567518; 1 drivers
L_0x7e64be567560 .functor BUFT 1, C4<11111111>, C4<0>, C4<0>, C4<0>;
v0x5630cbf9e870_125 .net v0x5630cbf9e870 125, 7 0, L_0x7e64be567560; 1 drivers
L_0x7e64be5675a8 .functor BUFT 1, C4<11110011>, C4<0>, C4<0>, C4<0>;
v0x5630cbf9e870_126 .net v0x5630cbf9e870 126, 7 0, L_0x7e64be5675a8; 1 drivers
L_0x7e64be5675f0 .functor BUFT 1, C4<11010010>, C4<0>, C4<0>, C4<0>;
v0x5630cbf9e870_127 .net v0x5630cbf9e870 127, 7 0, L_0x7e64be5675f0; 1 drivers
L_0x7e64be567638 .functor BUFT 1, C4<11001101>, C4<0>, C4<0>, C4<0>;
v0x5630cbf9e870_128 .net v0x5630cbf9e870 128, 7 0, L_0x7e64be567638; 1 drivers
L_0x7e64be567680 .functor BUFT 1, C4<00001100>, C4<0>, C4<0>, C4<0>;
v0x5630cbf9e870_129 .net v0x5630cbf9e870 129, 7 0, L_0x7e64be567680; 1 drivers
L_0x7e64be5676c8 .functor BUFT 1, C4<00010011>, C4<0>, C4<0>, C4<0>;
v0x5630cbf9e870_130 .net v0x5630cbf9e870 130, 7 0, L_0x7e64be5676c8; 1 drivers
L_0x7e64be567710 .functor BUFT 1, C4<11101100>, C4<0>, C4<0>, C4<0>;
v0x5630cbf9e870_131 .net v0x5630cbf9e870 131, 7 0, L_0x7e64be567710; 1 drivers
L_0x7e64be567758 .functor BUFT 1, C4<01011111>, C4<0>, C4<0>, C4<0>;
v0x5630cbf9e870_132 .net v0x5630cbf9e870 132, 7 0, L_0x7e64be567758; 1 drivers
L_0x7e64be5677a0 .functor BUFT 1, C4<10010111>, C4<0>, C4<0>, C4<0>;
v0x5630cbf9e870_133 .net v0x5630cbf9e870 133, 7 0, L_0x7e64be5677a0; 1 drivers
L_0x7e64be5677e8 .functor BUFT 1, C4<01000100>, C4<0>, C4<0>, C4<0>;
v0x5630cbf9e870_134 .net v0x5630cbf9e870 134, 7 0, L_0x7e64be5677e8; 1 drivers
L_0x7e64be567830 .functor BUFT 1, C4<00010111>, C4<0>, C4<0>, C4<0>;
v0x5630cbf9e870_135 .net v0x5630cbf9e870 135, 7 0, L_0x7e64be567830; 1 drivers
L_0x7e64be567878 .functor BUFT 1, C4<11000100>, C4<0>, C4<0>, C4<0>;
v0x5630cbf9e870_136 .net v0x5630cbf9e870 136, 7 0, L_0x7e64be567878; 1 drivers
L_0x7e64be5678c0 .functor BUFT 1, C4<10100111>, C4<0>, C4<0>, C4<0>;
v0x5630cbf9e870_137 .net v0x5630cbf9e870 137, 7 0, L_0x7e64be5678c0; 1 drivers
L_0x7e64be567908 .functor BUFT 1, C4<01111110>, C4<0>, C4<0>, C4<0>;
v0x5630cbf9e870_138 .net v0x5630cbf9e870 138, 7 0, L_0x7e64be567908; 1 drivers
L_0x7e64be567950 .functor BUFT 1, C4<00111101>, C4<0>, C4<0>, C4<0>;
v0x5630cbf9e870_139 .net v0x5630cbf9e870 139, 7 0, L_0x7e64be567950; 1 drivers
L_0x7e64be567998 .functor BUFT 1, C4<01100100>, C4<0>, C4<0>, C4<0>;
v0x5630cbf9e870_140 .net v0x5630cbf9e870 140, 7 0, L_0x7e64be567998; 1 drivers
L_0x7e64be5679e0 .functor BUFT 1, C4<01011101>, C4<0>, C4<0>, C4<0>;
v0x5630cbf9e870_141 .net v0x5630cbf9e870 141, 7 0, L_0x7e64be5679e0; 1 drivers
L_0x7e64be567a28 .functor BUFT 1, C4<00011001>, C4<0>, C4<0>, C4<0>;
v0x5630cbf9e870_142 .net v0x5630cbf9e870 142, 7 0, L_0x7e64be567a28; 1 drivers
L_0x7e64be567a70 .functor BUFT 1, C4<01110011>, C4<0>, C4<0>, C4<0>;
v0x5630cbf9e870_143 .net v0x5630cbf9e870 143, 7 0, L_0x7e64be567a70; 1 drivers
L_0x7e64be567ab8 .functor BUFT 1, C4<01100000>, C4<0>, C4<0>, C4<0>;
v0x5630cbf9e870_144 .net v0x5630cbf9e870 144, 7 0, L_0x7e64be567ab8; 1 drivers
L_0x7e64be567b00 .functor BUFT 1, C4<10000001>, C4<0>, C4<0>, C4<0>;
v0x5630cbf9e870_145 .net v0x5630cbf9e870 145, 7 0, L_0x7e64be567b00; 1 drivers
L_0x7e64be567b48 .functor BUFT 1, C4<01001111>, C4<0>, C4<0>, C4<0>;
v0x5630cbf9e870_146 .net v0x5630cbf9e870 146, 7 0, L_0x7e64be567b48; 1 drivers
L_0x7e64be567b90 .functor BUFT 1, C4<11011100>, C4<0>, C4<0>, C4<0>;
v0x5630cbf9e870_147 .net v0x5630cbf9e870 147, 7 0, L_0x7e64be567b90; 1 drivers
L_0x7e64be567bd8 .functor BUFT 1, C4<00100010>, C4<0>, C4<0>, C4<0>;
v0x5630cbf9e870_148 .net v0x5630cbf9e870 148, 7 0, L_0x7e64be567bd8; 1 drivers
L_0x7e64be567c20 .functor BUFT 1, C4<00101010>, C4<0>, C4<0>, C4<0>;
v0x5630cbf9e870_149 .net v0x5630cbf9e870 149, 7 0, L_0x7e64be567c20; 1 drivers
L_0x7e64be567c68 .functor BUFT 1, C4<10010000>, C4<0>, C4<0>, C4<0>;
v0x5630cbf9e870_150 .net v0x5630cbf9e870 150, 7 0, L_0x7e64be567c68; 1 drivers
L_0x7e64be567cb0 .functor BUFT 1, C4<10001000>, C4<0>, C4<0>, C4<0>;
v0x5630cbf9e870_151 .net v0x5630cbf9e870 151, 7 0, L_0x7e64be567cb0; 1 drivers
L_0x7e64be567cf8 .functor BUFT 1, C4<01000110>, C4<0>, C4<0>, C4<0>;
v0x5630cbf9e870_152 .net v0x5630cbf9e870 152, 7 0, L_0x7e64be567cf8; 1 drivers
L_0x7e64be567d40 .functor BUFT 1, C4<11101110>, C4<0>, C4<0>, C4<0>;
v0x5630cbf9e870_153 .net v0x5630cbf9e870 153, 7 0, L_0x7e64be567d40; 1 drivers
L_0x7e64be567d88 .functor BUFT 1, C4<10111000>, C4<0>, C4<0>, C4<0>;
v0x5630cbf9e870_154 .net v0x5630cbf9e870 154, 7 0, L_0x7e64be567d88; 1 drivers
L_0x7e64be567dd0 .functor BUFT 1, C4<00010100>, C4<0>, C4<0>, C4<0>;
v0x5630cbf9e870_155 .net v0x5630cbf9e870 155, 7 0, L_0x7e64be567dd0; 1 drivers
L_0x7e64be567e18 .functor BUFT 1, C4<11011110>, C4<0>, C4<0>, C4<0>;
v0x5630cbf9e870_156 .net v0x5630cbf9e870 156, 7 0, L_0x7e64be567e18; 1 drivers
L_0x7e64be567e60 .functor BUFT 1, C4<01011110>, C4<0>, C4<0>, C4<0>;
v0x5630cbf9e870_157 .net v0x5630cbf9e870 157, 7 0, L_0x7e64be567e60; 1 drivers
L_0x7e64be567ea8 .functor BUFT 1, C4<00001011>, C4<0>, C4<0>, C4<0>;
v0x5630cbf9e870_158 .net v0x5630cbf9e870 158, 7 0, L_0x7e64be567ea8; 1 drivers
L_0x7e64be567ef0 .functor BUFT 1, C4<11011011>, C4<0>, C4<0>, C4<0>;
v0x5630cbf9e870_159 .net v0x5630cbf9e870 159, 7 0, L_0x7e64be567ef0; 1 drivers
L_0x7e64be567f38 .functor BUFT 1, C4<11100000>, C4<0>, C4<0>, C4<0>;
v0x5630cbf9e870_160 .net v0x5630cbf9e870 160, 7 0, L_0x7e64be567f38; 1 drivers
L_0x7e64be567f80 .functor BUFT 1, C4<00110010>, C4<0>, C4<0>, C4<0>;
v0x5630cbf9e870_161 .net v0x5630cbf9e870 161, 7 0, L_0x7e64be567f80; 1 drivers
L_0x7e64be567fc8 .functor BUFT 1, C4<00111010>, C4<0>, C4<0>, C4<0>;
v0x5630cbf9e870_162 .net v0x5630cbf9e870 162, 7 0, L_0x7e64be567fc8; 1 drivers
L_0x7e64be568010 .functor BUFT 1, C4<00001010>, C4<0>, C4<0>, C4<0>;
v0x5630cbf9e870_163 .net v0x5630cbf9e870 163, 7 0, L_0x7e64be568010; 1 drivers
L_0x7e64be568058 .functor BUFT 1, C4<01001001>, C4<0>, C4<0>, C4<0>;
v0x5630cbf9e870_164 .net v0x5630cbf9e870 164, 7 0, L_0x7e64be568058; 1 drivers
L_0x7e64be5680a0 .functor BUFT 1, C4<00000110>, C4<0>, C4<0>, C4<0>;
v0x5630cbf9e870_165 .net v0x5630cbf9e870 165, 7 0, L_0x7e64be5680a0; 1 drivers
L_0x7e64be5680e8 .functor BUFT 1, C4<00100100>, C4<0>, C4<0>, C4<0>;
v0x5630cbf9e870_166 .net v0x5630cbf9e870 166, 7 0, L_0x7e64be5680e8; 1 drivers
L_0x7e64be568130 .functor BUFT 1, C4<01011100>, C4<0>, C4<0>, C4<0>;
v0x5630cbf9e870_167 .net v0x5630cbf9e870 167, 7 0, L_0x7e64be568130; 1 drivers
L_0x7e64be568178 .functor BUFT 1, C4<11000010>, C4<0>, C4<0>, C4<0>;
v0x5630cbf9e870_168 .net v0x5630cbf9e870 168, 7 0, L_0x7e64be568178; 1 drivers
L_0x7e64be5681c0 .functor BUFT 1, C4<11010011>, C4<0>, C4<0>, C4<0>;
v0x5630cbf9e870_169 .net v0x5630cbf9e870 169, 7 0, L_0x7e64be5681c0; 1 drivers
L_0x7e64be568208 .functor BUFT 1, C4<10101100>, C4<0>, C4<0>, C4<0>;
v0x5630cbf9e870_170 .net v0x5630cbf9e870 170, 7 0, L_0x7e64be568208; 1 drivers
L_0x7e64be568250 .functor BUFT 1, C4<01100010>, C4<0>, C4<0>, C4<0>;
v0x5630cbf9e870_171 .net v0x5630cbf9e870 171, 7 0, L_0x7e64be568250; 1 drivers
L_0x7e64be568298 .functor BUFT 1, C4<10010001>, C4<0>, C4<0>, C4<0>;
v0x5630cbf9e870_172 .net v0x5630cbf9e870 172, 7 0, L_0x7e64be568298; 1 drivers
L_0x7e64be5682e0 .functor BUFT 1, C4<10010101>, C4<0>, C4<0>, C4<0>;
v0x5630cbf9e870_173 .net v0x5630cbf9e870 173, 7 0, L_0x7e64be5682e0; 1 drivers
L_0x7e64be568328 .functor BUFT 1, C4<11100100>, C4<0>, C4<0>, C4<0>;
v0x5630cbf9e870_174 .net v0x5630cbf9e870 174, 7 0, L_0x7e64be568328; 1 drivers
L_0x7e64be568370 .functor BUFT 1, C4<01111001>, C4<0>, C4<0>, C4<0>;
v0x5630cbf9e870_175 .net v0x5630cbf9e870 175, 7 0, L_0x7e64be568370; 1 drivers
L_0x7e64be5683b8 .functor BUFT 1, C4<11100111>, C4<0>, C4<0>, C4<0>;
v0x5630cbf9e870_176 .net v0x5630cbf9e870 176, 7 0, L_0x7e64be5683b8; 1 drivers
L_0x7e64be568400 .functor BUFT 1, C4<11001000>, C4<0>, C4<0>, C4<0>;
v0x5630cbf9e870_177 .net v0x5630cbf9e870 177, 7 0, L_0x7e64be568400; 1 drivers
L_0x7e64be568448 .functor BUFT 1, C4<00110111>, C4<0>, C4<0>, C4<0>;
v0x5630cbf9e870_178 .net v0x5630cbf9e870 178, 7 0, L_0x7e64be568448; 1 drivers
L_0x7e64be568490 .functor BUFT 1, C4<01101101>, C4<0>, C4<0>, C4<0>;
v0x5630cbf9e870_179 .net v0x5630cbf9e870 179, 7 0, L_0x7e64be568490; 1 drivers
L_0x7e64be5684d8 .functor BUFT 1, C4<10001101>, C4<0>, C4<0>, C4<0>;
v0x5630cbf9e870_180 .net v0x5630cbf9e870 180, 7 0, L_0x7e64be5684d8; 1 drivers
L_0x7e64be568520 .functor BUFT 1, C4<11010101>, C4<0>, C4<0>, C4<0>;
v0x5630cbf9e870_181 .net v0x5630cbf9e870 181, 7 0, L_0x7e64be568520; 1 drivers
L_0x7e64be568568 .functor BUFT 1, C4<01001110>, C4<0>, C4<0>, C4<0>;
v0x5630cbf9e870_182 .net v0x5630cbf9e870 182, 7 0, L_0x7e64be568568; 1 drivers
L_0x7e64be5685b0 .functor BUFT 1, C4<10101001>, C4<0>, C4<0>, C4<0>;
v0x5630cbf9e870_183 .net v0x5630cbf9e870 183, 7 0, L_0x7e64be5685b0; 1 drivers
L_0x7e64be5685f8 .functor BUFT 1, C4<01101100>, C4<0>, C4<0>, C4<0>;
v0x5630cbf9e870_184 .net v0x5630cbf9e870 184, 7 0, L_0x7e64be5685f8; 1 drivers
L_0x7e64be568640 .functor BUFT 1, C4<01010110>, C4<0>, C4<0>, C4<0>;
v0x5630cbf9e870_185 .net v0x5630cbf9e870 185, 7 0, L_0x7e64be568640; 1 drivers
L_0x7e64be568688 .functor BUFT 1, C4<11110100>, C4<0>, C4<0>, C4<0>;
v0x5630cbf9e870_186 .net v0x5630cbf9e870 186, 7 0, L_0x7e64be568688; 1 drivers
L_0x7e64be5686d0 .functor BUFT 1, C4<11101010>, C4<0>, C4<0>, C4<0>;
v0x5630cbf9e870_187 .net v0x5630cbf9e870 187, 7 0, L_0x7e64be5686d0; 1 drivers
L_0x7e64be568718 .functor BUFT 1, C4<01100101>, C4<0>, C4<0>, C4<0>;
v0x5630cbf9e870_188 .net v0x5630cbf9e870 188, 7 0, L_0x7e64be568718; 1 drivers
L_0x7e64be568760 .functor BUFT 1, C4<01111010>, C4<0>, C4<0>, C4<0>;
v0x5630cbf9e870_189 .net v0x5630cbf9e870 189, 7 0, L_0x7e64be568760; 1 drivers
L_0x7e64be5687a8 .functor BUFT 1, C4<10101110>, C4<0>, C4<0>, C4<0>;
v0x5630cbf9e870_190 .net v0x5630cbf9e870 190, 7 0, L_0x7e64be5687a8; 1 drivers
L_0x7e64be5687f0 .functor BUFT 1, C4<00001000>, C4<0>, C4<0>, C4<0>;
v0x5630cbf9e870_191 .net v0x5630cbf9e870 191, 7 0, L_0x7e64be5687f0; 1 drivers
L_0x7e64be568838 .functor BUFT 1, C4<10111010>, C4<0>, C4<0>, C4<0>;
v0x5630cbf9e870_192 .net v0x5630cbf9e870 192, 7 0, L_0x7e64be568838; 1 drivers
L_0x7e64be568880 .functor BUFT 1, C4<01111000>, C4<0>, C4<0>, C4<0>;
v0x5630cbf9e870_193 .net v0x5630cbf9e870 193, 7 0, L_0x7e64be568880; 1 drivers
L_0x7e64be5688c8 .functor BUFT 1, C4<00100101>, C4<0>, C4<0>, C4<0>;
v0x5630cbf9e870_194 .net v0x5630cbf9e870 194, 7 0, L_0x7e64be5688c8; 1 drivers
L_0x7e64be568910 .functor BUFT 1, C4<00101110>, C4<0>, C4<0>, C4<0>;
v0x5630cbf9e870_195 .net v0x5630cbf9e870 195, 7 0, L_0x7e64be568910; 1 drivers
L_0x7e64be568958 .functor BUFT 1, C4<00011100>, C4<0>, C4<0>, C4<0>;
v0x5630cbf9e870_196 .net v0x5630cbf9e870 196, 7 0, L_0x7e64be568958; 1 drivers
L_0x7e64be5689a0 .functor BUFT 1, C4<10100110>, C4<0>, C4<0>, C4<0>;
v0x5630cbf9e870_197 .net v0x5630cbf9e870 197, 7 0, L_0x7e64be5689a0; 1 drivers
L_0x7e64be5689e8 .functor BUFT 1, C4<10110100>, C4<0>, C4<0>, C4<0>;
v0x5630cbf9e870_198 .net v0x5630cbf9e870 198, 7 0, L_0x7e64be5689e8; 1 drivers
L_0x7e64be568a30 .functor BUFT 1, C4<11000110>, C4<0>, C4<0>, C4<0>;
v0x5630cbf9e870_199 .net v0x5630cbf9e870 199, 7 0, L_0x7e64be568a30; 1 drivers
L_0x7e64be568a78 .functor BUFT 1, C4<11101000>, C4<0>, C4<0>, C4<0>;
v0x5630cbf9e870_200 .net v0x5630cbf9e870 200, 7 0, L_0x7e64be568a78; 1 drivers
L_0x7e64be568ac0 .functor BUFT 1, C4<11011101>, C4<0>, C4<0>, C4<0>;
v0x5630cbf9e870_201 .net v0x5630cbf9e870 201, 7 0, L_0x7e64be568ac0; 1 drivers
L_0x7e64be568b08 .functor BUFT 1, C4<01110100>, C4<0>, C4<0>, C4<0>;
v0x5630cbf9e870_202 .net v0x5630cbf9e870 202, 7 0, L_0x7e64be568b08; 1 drivers
L_0x7e64be568b50 .functor BUFT 1, C4<00011111>, C4<0>, C4<0>, C4<0>;
v0x5630cbf9e870_203 .net v0x5630cbf9e870 203, 7 0, L_0x7e64be568b50; 1 drivers
L_0x7e64be568b98 .functor BUFT 1, C4<01001011>, C4<0>, C4<0>, C4<0>;
v0x5630cbf9e870_204 .net v0x5630cbf9e870 204, 7 0, L_0x7e64be568b98; 1 drivers
L_0x7e64be568be0 .functor BUFT 1, C4<10111101>, C4<0>, C4<0>, C4<0>;
v0x5630cbf9e870_205 .net v0x5630cbf9e870 205, 7 0, L_0x7e64be568be0; 1 drivers
L_0x7e64be568c28 .functor BUFT 1, C4<10001011>, C4<0>, C4<0>, C4<0>;
v0x5630cbf9e870_206 .net v0x5630cbf9e870 206, 7 0, L_0x7e64be568c28; 1 drivers
L_0x7e64be568c70 .functor BUFT 1, C4<10001010>, C4<0>, C4<0>, C4<0>;
v0x5630cbf9e870_207 .net v0x5630cbf9e870 207, 7 0, L_0x7e64be568c70; 1 drivers
L_0x7e64be568cb8 .functor BUFT 1, C4<01110000>, C4<0>, C4<0>, C4<0>;
v0x5630cbf9e870_208 .net v0x5630cbf9e870 208, 7 0, L_0x7e64be568cb8; 1 drivers
L_0x7e64be568d00 .functor BUFT 1, C4<00111110>, C4<0>, C4<0>, C4<0>;
v0x5630cbf9e870_209 .net v0x5630cbf9e870 209, 7 0, L_0x7e64be568d00; 1 drivers
L_0x7e64be568d48 .functor BUFT 1, C4<10110101>, C4<0>, C4<0>, C4<0>;
v0x5630cbf9e870_210 .net v0x5630cbf9e870 210, 7 0, L_0x7e64be568d48; 1 drivers
L_0x7e64be568d90 .functor BUFT 1, C4<01100110>, C4<0>, C4<0>, C4<0>;
v0x5630cbf9e870_211 .net v0x5630cbf9e870 211, 7 0, L_0x7e64be568d90; 1 drivers
L_0x7e64be568dd8 .functor BUFT 1, C4<01001000>, C4<0>, C4<0>, C4<0>;
v0x5630cbf9e870_212 .net v0x5630cbf9e870 212, 7 0, L_0x7e64be568dd8; 1 drivers
L_0x7e64be568e20 .functor BUFT 1, C4<00000011>, C4<0>, C4<0>, C4<0>;
v0x5630cbf9e870_213 .net v0x5630cbf9e870 213, 7 0, L_0x7e64be568e20; 1 drivers
L_0x7e64be568e68 .functor BUFT 1, C4<11110110>, C4<0>, C4<0>, C4<0>;
v0x5630cbf9e870_214 .net v0x5630cbf9e870 214, 7 0, L_0x7e64be568e68; 1 drivers
L_0x7e64be568eb0 .functor BUFT 1, C4<00001110>, C4<0>, C4<0>, C4<0>;
v0x5630cbf9e870_215 .net v0x5630cbf9e870 215, 7 0, L_0x7e64be568eb0; 1 drivers
L_0x7e64be568ef8 .functor BUFT 1, C4<01100001>, C4<0>, C4<0>, C4<0>;
v0x5630cbf9e870_216 .net v0x5630cbf9e870 216, 7 0, L_0x7e64be568ef8; 1 drivers
L_0x7e64be568f40 .functor BUFT 1, C4<00110101>, C4<0>, C4<0>, C4<0>;
v0x5630cbf9e870_217 .net v0x5630cbf9e870 217, 7 0, L_0x7e64be568f40; 1 drivers
L_0x7e64be568f88 .functor BUFT 1, C4<01010111>, C4<0>, C4<0>, C4<0>;
v0x5630cbf9e870_218 .net v0x5630cbf9e870 218, 7 0, L_0x7e64be568f88; 1 drivers
L_0x7e64be568fd0 .functor BUFT 1, C4<10111001>, C4<0>, C4<0>, C4<0>;
v0x5630cbf9e870_219 .net v0x5630cbf9e870 219, 7 0, L_0x7e64be568fd0; 1 drivers
L_0x7e64be569018 .functor BUFT 1, C4<10000110>, C4<0>, C4<0>, C4<0>;
v0x5630cbf9e870_220 .net v0x5630cbf9e870 220, 7 0, L_0x7e64be569018; 1 drivers
L_0x7e64be569060 .functor BUFT 1, C4<11000001>, C4<0>, C4<0>, C4<0>;
v0x5630cbf9e870_221 .net v0x5630cbf9e870 221, 7 0, L_0x7e64be569060; 1 drivers
L_0x7e64be5690a8 .functor BUFT 1, C4<00011101>, C4<0>, C4<0>, C4<0>;
v0x5630cbf9e870_222 .net v0x5630cbf9e870 222, 7 0, L_0x7e64be5690a8; 1 drivers
L_0x7e64be5690f0 .functor BUFT 1, C4<10011110>, C4<0>, C4<0>, C4<0>;
v0x5630cbf9e870_223 .net v0x5630cbf9e870 223, 7 0, L_0x7e64be5690f0; 1 drivers
L_0x7e64be569138 .functor BUFT 1, C4<11100001>, C4<0>, C4<0>, C4<0>;
v0x5630cbf9e870_224 .net v0x5630cbf9e870 224, 7 0, L_0x7e64be569138; 1 drivers
L_0x7e64be569180 .functor BUFT 1, C4<11111000>, C4<0>, C4<0>, C4<0>;
v0x5630cbf9e870_225 .net v0x5630cbf9e870 225, 7 0, L_0x7e64be569180; 1 drivers
L_0x7e64be5691c8 .functor BUFT 1, C4<10011000>, C4<0>, C4<0>, C4<0>;
v0x5630cbf9e870_226 .net v0x5630cbf9e870 226, 7 0, L_0x7e64be5691c8; 1 drivers
L_0x7e64be569210 .functor BUFT 1, C4<00010001>, C4<0>, C4<0>, C4<0>;
v0x5630cbf9e870_227 .net v0x5630cbf9e870 227, 7 0, L_0x7e64be569210; 1 drivers
L_0x7e64be569258 .functor BUFT 1, C4<01101001>, C4<0>, C4<0>, C4<0>;
v0x5630cbf9e870_228 .net v0x5630cbf9e870 228, 7 0, L_0x7e64be569258; 1 drivers
L_0x7e64be5692a0 .functor BUFT 1, C4<11011001>, C4<0>, C4<0>, C4<0>;
v0x5630cbf9e870_229 .net v0x5630cbf9e870 229, 7 0, L_0x7e64be5692a0; 1 drivers
L_0x7e64be5692e8 .functor BUFT 1, C4<10001110>, C4<0>, C4<0>, C4<0>;
v0x5630cbf9e870_230 .net v0x5630cbf9e870 230, 7 0, L_0x7e64be5692e8; 1 drivers
L_0x7e64be569330 .functor BUFT 1, C4<10010100>, C4<0>, C4<0>, C4<0>;
v0x5630cbf9e870_231 .net v0x5630cbf9e870 231, 7 0, L_0x7e64be569330; 1 drivers
L_0x7e64be569378 .functor BUFT 1, C4<10011011>, C4<0>, C4<0>, C4<0>;
v0x5630cbf9e870_232 .net v0x5630cbf9e870 232, 7 0, L_0x7e64be569378; 1 drivers
L_0x7e64be5693c0 .functor BUFT 1, C4<00011110>, C4<0>, C4<0>, C4<0>;
v0x5630cbf9e870_233 .net v0x5630cbf9e870 233, 7 0, L_0x7e64be5693c0; 1 drivers
L_0x7e64be569408 .functor BUFT 1, C4<10000111>, C4<0>, C4<0>, C4<0>;
v0x5630cbf9e870_234 .net v0x5630cbf9e870 234, 7 0, L_0x7e64be569408; 1 drivers
L_0x7e64be569450 .functor BUFT 1, C4<11101001>, C4<0>, C4<0>, C4<0>;
v0x5630cbf9e870_235 .net v0x5630cbf9e870 235, 7 0, L_0x7e64be569450; 1 drivers
L_0x7e64be569498 .functor BUFT 1, C4<11001110>, C4<0>, C4<0>, C4<0>;
v0x5630cbf9e870_236 .net v0x5630cbf9e870 236, 7 0, L_0x7e64be569498; 1 drivers
L_0x7e64be5694e0 .functor BUFT 1, C4<01010101>, C4<0>, C4<0>, C4<0>;
v0x5630cbf9e870_237 .net v0x5630cbf9e870 237, 7 0, L_0x7e64be5694e0; 1 drivers
L_0x7e64be569528 .functor BUFT 1, C4<00101000>, C4<0>, C4<0>, C4<0>;
v0x5630cbf9e870_238 .net v0x5630cbf9e870 238, 7 0, L_0x7e64be569528; 1 drivers
L_0x7e64be569570 .functor BUFT 1, C4<11011111>, C4<0>, C4<0>, C4<0>;
v0x5630cbf9e870_239 .net v0x5630cbf9e870 239, 7 0, L_0x7e64be569570; 1 drivers
L_0x7e64be5695b8 .functor BUFT 1, C4<10001100>, C4<0>, C4<0>, C4<0>;
v0x5630cbf9e870_240 .net v0x5630cbf9e870 240, 7 0, L_0x7e64be5695b8; 1 drivers
L_0x7e64be569600 .functor BUFT 1, C4<10100001>, C4<0>, C4<0>, C4<0>;
v0x5630cbf9e870_241 .net v0x5630cbf9e870 241, 7 0, L_0x7e64be569600; 1 drivers
L_0x7e64be569648 .functor BUFT 1, C4<10001001>, C4<0>, C4<0>, C4<0>;
v0x5630cbf9e870_242 .net v0x5630cbf9e870 242, 7 0, L_0x7e64be569648; 1 drivers
L_0x7e64be569690 .functor BUFT 1, C4<00001101>, C4<0>, C4<0>, C4<0>;
v0x5630cbf9e870_243 .net v0x5630cbf9e870 243, 7 0, L_0x7e64be569690; 1 drivers
L_0x7e64be5696d8 .functor BUFT 1, C4<10111111>, C4<0>, C4<0>, C4<0>;
v0x5630cbf9e870_244 .net v0x5630cbf9e870 244, 7 0, L_0x7e64be5696d8; 1 drivers
L_0x7e64be569720 .functor BUFT 1, C4<11100110>, C4<0>, C4<0>, C4<0>;
v0x5630cbf9e870_245 .net v0x5630cbf9e870 245, 7 0, L_0x7e64be569720; 1 drivers
L_0x7e64be569768 .functor BUFT 1, C4<01000010>, C4<0>, C4<0>, C4<0>;
v0x5630cbf9e870_246 .net v0x5630cbf9e870 246, 7 0, L_0x7e64be569768; 1 drivers
L_0x7e64be5697b0 .functor BUFT 1, C4<01101000>, C4<0>, C4<0>, C4<0>;
v0x5630cbf9e870_247 .net v0x5630cbf9e870 247, 7 0, L_0x7e64be5697b0; 1 drivers
L_0x7e64be5697f8 .functor BUFT 1, C4<01000001>, C4<0>, C4<0>, C4<0>;
v0x5630cbf9e870_248 .net v0x5630cbf9e870 248, 7 0, L_0x7e64be5697f8; 1 drivers
L_0x7e64be569840 .functor BUFT 1, C4<10011001>, C4<0>, C4<0>, C4<0>;
v0x5630cbf9e870_249 .net v0x5630cbf9e870 249, 7 0, L_0x7e64be569840; 1 drivers
L_0x7e64be569888 .functor BUFT 1, C4<00101101>, C4<0>, C4<0>, C4<0>;
v0x5630cbf9e870_250 .net v0x5630cbf9e870 250, 7 0, L_0x7e64be569888; 1 drivers
L_0x7e64be5698d0 .functor BUFT 1, C4<00001111>, C4<0>, C4<0>, C4<0>;
v0x5630cbf9e870_251 .net v0x5630cbf9e870 251, 7 0, L_0x7e64be5698d0; 1 drivers
L_0x7e64be569918 .functor BUFT 1, C4<10110000>, C4<0>, C4<0>, C4<0>;
v0x5630cbf9e870_252 .net v0x5630cbf9e870 252, 7 0, L_0x7e64be569918; 1 drivers
L_0x7e64be569960 .functor BUFT 1, C4<01010100>, C4<0>, C4<0>, C4<0>;
v0x5630cbf9e870_253 .net v0x5630cbf9e870 253, 7 0, L_0x7e64be569960; 1 drivers
L_0x7e64be5699a8 .functor BUFT 1, C4<10111011>, C4<0>, C4<0>, C4<0>;
v0x5630cbf9e870_254 .net v0x5630cbf9e870 254, 7 0, L_0x7e64be5699a8; 1 drivers
L_0x7e64be5699f0 .functor BUFT 1, C4<00010110>, C4<0>, C4<0>, C4<0>;
v0x5630cbf9e870_255 .net v0x5630cbf9e870 255, 7 0, L_0x7e64be5699f0; 1 drivers
v0x5630cbf993d0_0 .net "sboxw", 31 0, v0x5630cbf95040_0;  1 drivers
E_0x5630cbff3920/0 .event negedge, v0x5630cbf9edb0_0;
E_0x5630cbff3920/1 .event posedge, v0x5630cbf9fb30_0;
E_0x5630cbff3920 .event/or E_0x5630cbff3920/0, E_0x5630cbff3920/1;
L_0x5630cbf36d50 .array/port v0x5630cbf9e870, L_0x5630cbf36420;
L_0x5630cbf368a0 .part v0x5630cbf95040_0, 24, 8;
L_0x5630cbf36420 .concat [ 8 2 0 0], L_0x5630cbf368a0, L_0x7e64be565040;
L_0x5630cbf35fa0 .functor MUXZ 8, L_0x5630cbf36d50, L_0x7e64be564ff8, v0x5630cbf9f210_0, C4<>;
L_0x5630cbf35b20 .array/port v0x5630cbf9e870, L_0x5630cbf356a0;
L_0x5630cbf35bc0 .part v0x5630cbf95040_0, 16, 8;
L_0x5630cbf356a0 .concat [ 8 2 0 0], L_0x5630cbf35bc0, L_0x7e64be5650d0;
L_0x5630cbf35220 .functor MUXZ 8, L_0x5630cbf35b20, L_0x7e64be565088, v0x5630cbf9f210_0, C4<>;
L_0x5630cbf34da0 .array/port v0x5630cbf9e870, L_0x5630cbf349b0;
L_0x5630cbf34e40 .part v0x5630cbf95040_0, 8, 8;
L_0x5630cbf349b0 .concat [ 8 2 0 0], L_0x5630cbf34e40, L_0x7e64be565160;
L_0x5630cbf344a0 .functor MUXZ 8, L_0x5630cbf34da0, L_0x7e64be565118, v0x5630cbf9f210_0, C4<>;
L_0x5630cbf34020 .concat8 [ 8 8 8 8], L_0x5630cbf33340, L_0x5630cbf344a0, L_0x5630cbf35220, L_0x5630cbf35fa0;
L_0x5630cbf33bf0 .array/port v0x5630cbf9e870, L_0x5630cbf337c0;
L_0x5630cbf33720 .part v0x5630cbf95040_0, 0, 8;
L_0x5630cbf337c0 .concat [ 8 2 0 0], L_0x5630cbf33720, L_0x7e64be5651f0;
L_0x5630cbf33340 .functor MUXZ 8, L_0x5630cbf33bf0, L_0x7e64be5651a8, v0x5630cbf9f210_0, C4<>;
S_0x5630cbf989f0 .scope begin, "sbox_mux" "sbox_mux" 3 202, 3 202 0, S_0x5630cc0261c0;
 .timescale 0 0;
S_0x5630cbf92270 .scope task, "wait_ready_with_timeout" "wait_ready_with_timeout" 9 40, 9 40 0, S_0x5630cbed6980;
 .timescale -9 -12;
v0x5630cbf91df0_0 .var/i "max_cycles", 31 0;
v0x5630cbf91ed0_0 .var/i "ok_o", 31 0;
E_0x5630cbff1520 .event posedge, v0x5630cc007c80_0;
TD_tb_aes_core.wait_ready_with_timeout ;
    %pushi/vec4 1, 0, 32;
    %store/vec4 v0x5630cbf91ed0_0, 0, 32;
    %pushi/vec4 0, 0, 32;
    %store/vec4 v0x5630cbf90bf0_0, 0, 32;
T_36.0 ;
    %load/vec4 v0x5630cbf8f630_0;
    %nor/r;
    %load/vec4 v0x5630cbf90bf0_0;
    %load/vec4 v0x5630cbf91df0_0;
    %cmp/s;
    %flag_get/vec4 5;
    %and;
    %flag_set/vec4 8;
    %jmp/0xz T_36.1, 8;
    %wait E_0x5630cbff1520;
    %load/vec4 v0x5630cbf90bf0_0;
    %addi 1, 0, 32;
    %store/vec4 v0x5630cbf90bf0_0, 0, 32;
    %jmp T_36.0;
T_36.1 ;
    %load/vec4 v0x5630cbf8f630_0;
    %nor/r;
    %flag_set/vec4 8;
    %jmp/0xz  T_36.2, 8;
    %pushi/vec4 0, 0, 32;
    %store/vec4 v0x5630cbf91ed0_0, 0, 32;
T_36.2 ;
    %end;
S_0x5630cbf91970 .scope task, "wait_result_with_timeout" "wait_result_with_timeout" 9 48, 9 48 0, S_0x5630cbed6980;
 .timescale -9 -12;
v0x5630cbf914f0_0 .var/i "max_cycles", 31 0;
v0x5630cbf915d0_0 .var/i "ok_o", 31 0;
TD_tb_aes_core.wait_result_with_timeout ;
    %pushi/vec4 1, 0, 32;
    %store/vec4 v0x5630cbf915d0_0, 0, 32;
    %pushi/vec4 0, 0, 32;
    %store/vec4 v0x5630cbf90bf0_0, 0, 32;
T_37.4 ;
    %load/vec4 v0x5630cbf8ed40_0;
    %nor/r;
    %load/vec4 v0x5630cbf90bf0_0;
    %load/vec4 v0x5630cbf914f0_0;
    %cmp/s;
    %flag_get/vec4 5;
    %and;
    %flag_set/vec4 8;
    %jmp/0xz T_37.5, 8;
    %wait E_0x5630cbff1520;
    %load/vec4 v0x5630cbf90bf0_0;
    %addi 1, 0, 32;
    %store/vec4 v0x5630cbf90bf0_0, 0, 32;
    %jmp T_37.4;
T_37.5 ;
    %load/vec4 v0x5630cbf8ed40_0;
    %nor/r;
    %flag_set/vec4 8;
    %jmp/0xz  T_37.6, 8;
    %pushi/vec4 0, 0, 32;
    %store/vec4 v0x5630cbf915d0_0, 0, 32;
T_37.6 ;
    %end;
    .scope S_0x5630cc08f8a0;
T_38 ;
    %wait E_0x5630cbed4500;
    %fork t_1, S_0x5630cc0832a0;
    %jmp t_0;
    .scope S_0x5630cc0832a0;
t_1 ;
    %load/vec4 v0x5630cc07f440_0;
    %nor/r;
    %flag_set/vec4 8;
    %jmp/0xz  T_38.0, 8;
    %pushi/vec4 0, 0, 10;
    %assign/vec4 v0x5630cc07d420_0, 0;
    %jmp T_38.1;
T_38.0 ;
    %load/vec4 v0x5630cc07cfa0_0;
    %flag_set/vec4 8;
    %jmp/0xz  T_38.2, 8;
    %load/vec4 v0x5630cc07d940_0;
    %assign/vec4 v0x5630cc07d420_0, 0;
T_38.2 ;
T_38.1 ;
    %end;
    .scope S_0x5630cc08f8a0;
t_0 %join;
    %jmp T_38;
    .thread T_38;
    .scope S_0x5630cc08f8a0;
T_39 ;
    %wait E_0x5630cbed4500;
    %fork t_3, S_0x5630cc087aa0;
    %jmp t_2;
    .scope S_0x5630cc087aa0;
t_3 ;
    %load/vec4 v0x5630cc07f440_0;
    %nor/r;
    %flag_set/vec4 8;
    %jmp/0xz  T_39.0, 8;
    %pushi/vec4 0, 0, 32;
    %assign/vec4 v0x5630cc082a60_0, 0;
    %pushi/vec4 0, 0, 32;
    %assign/vec4 v0x5630cc0820a0_0, 0;
    %pushi/vec4 0, 0, 32;
    %assign/vec4 v0x5630cc081c20_0, 0;
    %pushi/vec4 0, 0, 32;
    %assign/vec4 v0x5630cc0817a0_0, 0;
    %pushi/vec4 0, 0, 2;
    %assign/vec4 v0x5630cbd77650_0, 0;
    %pushi/vec4 0, 0, 4;
    %assign/vec4 v0x5630cc07eb80_0, 0;
    %pushi/vec4 1, 0, 1;
    %assign/vec4 v0x5630cc07f8e0_0, 0;
    %pushi/vec4 0, 0, 2;
    %assign/vec4 v0x5630cc080ea0_0, 0;
    %jmp T_39.1;
T_39.0 ;
    %load/vec4 v0x5630cc082520_0;
    %flag_set/vec4 8;
    %jmp/0xz  T_39.2, 8;
    %load/vec4 v0x5630cc0829c0_0;
    %parti/s 32, 96, 8;
    %assign/vec4 v0x5630cc082a60_0, 0;
T_39.2 ;
    %load/vec4 v0x5630cc082180_0;
    %flag_set/vec4 8;
    %jmp/0xz  T_39.4, 8;
    %load/vec4 v0x5630cc0829c0_0;
    %parti/s 32, 64, 8;
    %assign/vec4 v0x5630cc0820a0_0, 0;
T_39.4 ;
    %load/vec4 v0x5630cc081d00_0;
    %flag_set/vec4 8;
    %jmp/0xz  T_39.6, 8;
    %load/vec4 v0x5630cc0829c0_0;
    %parti/s 32, 32, 7;
    %assign/vec4 v0x5630cc081c20_0, 0;
T_39.6 ;
    %load/vec4 v0x5630cc081880_0;
    %flag_set/vec4 8;
    %jmp/0xz  T_39.8, 8;
    %load/vec4 v0x5630cc0829c0_0;
    %parti/s 32, 0, 2;
    %assign/vec4 v0x5630cc0817a0_0, 0;
T_39.8 ;
    %load/vec4 v0x5630cc07dde0_0;
    %flag_set/vec4 8;
    %jmp/0xz  T_39.10, 8;
    %load/vec4 v0x5630cbd77570_0;
    %assign/vec4 v0x5630cbd77650_0, 0;
T_39.10 ;
    %load/vec4 v0x5630cc07e6c0_0;
    %flag_set/vec4 8;
    %jmp/0xz  T_39.12, 8;
    %load/vec4 v0x5630cc07eaa0_0;
    %assign/vec4 v0x5630cc07eb80_0, 0;
T_39.12 ;
    %load/vec4 v0x5630cc07f3a0_0;
    %flag_set/vec4 8;
    %jmp/0xz  T_39.14, 8;
    %load/vec4 v0x5630cc07f820_0;
    %assign/vec4 v0x5630cc07f8e0_0, 0;
T_39.14 ;
    %load/vec4 v0x5630cc080f80_0;
    %flag_set/vec4 8;
    %jmp/0xz  T_39.16, 8;
    %load/vec4 v0x5630cc0813c0_0;
    %assign/vec4 v0x5630cc080ea0_0, 0;
T_39.16 ;
T_39.1 ;
    %end;
    .scope S_0x5630cc08f8a0;
t_2 %join;
    %jmp T_39;
    .thread T_39;
    .scope S_0x5630cc08f8a0;
T_40 ;
    %wait E_0x5630cc03b500;
    %fork t_5, S_0x5630cc0871a0;
    %jmp t_4;
    .scope S_0x5630cc0871a0;
t_5 ;
    %pushi/vec4 0, 0, 128;
    %store/vec4 v0x5630cc0829c0_0, 0, 128;
    %pushi/vec4 0, 0, 32;
    %store/vec4 v0x5630cc080ac0_0, 0, 32;
    %pushi/vec4 0, 0, 1;
    %store/vec4 v0x5630cc082520_0, 0, 1;
    %pushi/vec4 0, 0, 1;
    %store/vec4 v0x5630cc082180_0, 0, 1;
    %pushi/vec4 0, 0, 1;
    %store/vec4 v0x5630cc081d00_0, 0, 1;
    %pushi/vec4 0, 0, 1;
    %store/vec4 v0x5630cc081880_0, 0, 1;
    %load/vec4 v0x5630cc082a60_0;
    %load/vec4 v0x5630cc0820a0_0;
    %concat/vec4; draw_concat_vec4
    %load/vec4 v0x5630cc081c20_0;
    %concat/vec4; draw_concat_vec4
    %load/vec4 v0x5630cc0817a0_0;
    %concat/vec4; draw_concat_vec4
    %store/vec4 v0x5630cc086500_0, 0, 128;
    %alloc S_0x5630cc085b20;
    %load/vec4 v0x5630cc086500_0;
    %store/vec4 v0x5630cc0856a0_0, 0, 128;
    %callf/vec4 TD_aes.core.enc_block.shiftrows, S_0x5630cc085b20;
    %free S_0x5630cc085b20;
    %store/vec4 v0x5630cc085fa0_0, 0, 128;
    %alloc S_0x5630cc08b9a0;
    %load/vec4 v0x5630cc085fa0_0;
    %store/vec4 v0x5630cc08b520_0, 0, 128;
    %callf/vec4 TD_aes.core.enc_block.mixcolumns, S_0x5630cc08b9a0;
    %free S_0x5630cc08b9a0;
    %store/vec4 v0x5630cc086420_0, 0, 128;
    %alloc S_0x5630cc08e220;
    %load/vec4 v0x5630cc082f20_0;
    %load/vec4 v0x5630cc07e1a0_0;
    %store/vec4 v0x5630cc08de80_0, 0, 128;
    %store/vec4 v0x5630cc08dda0_0, 0, 128;
    %callf/vec4 TD_aes.core.enc_block.addroundkey, S_0x5630cc08e220;
    %free S_0x5630cc08e220;
    %store/vec4 v0x5630cc0868a0_0, 0, 128;
    %alloc S_0x5630cc08e220;
    %load/vec4 v0x5630cc086420_0;
    %load/vec4 v0x5630cc07e1a0_0;
    %store/vec4 v0x5630cc08de80_0, 0, 128;
    %store/vec4 v0x5630cc08dda0_0, 0, 128;
    %callf/vec4 TD_aes.core.enc_block.addroundkey, S_0x5630cc08e220;
    %free S_0x5630cc08e220;
    %store/vec4 v0x5630cc086980_0, 0, 128;
    %alloc S_0x5630cc08e220;
    %load/vec4 v0x5630cc085fa0_0;
    %load/vec4 v0x5630cc07e1a0_0;
    %store/vec4 v0x5630cc08de80_0, 0, 128;
    %store/vec4 v0x5630cc08dda0_0, 0, 128;
    %callf/vec4 TD_aes.core.enc_block.addroundkey, S_0x5630cc08e220;
    %free S_0x5630cc08e220;
    %store/vec4 v0x5630cc086db0_0, 0, 128;
    %load/vec4 v0x5630cc07d8a0_0;
    %flag_set/vec4 8;
    %jmp/0xz  T_40.0, 8;
    %load/vec4 v0x5630cc082a60_0;
    %load/vec4 v0x5630cc0820a0_0;
    %concat/vec4; draw_concat_vec4
    %load/vec4 v0x5630cc081c20_0;
    %concat/vec4; draw_concat_vec4
    %load/vec4 v0x5630cc0817a0_0;
    %concat/vec4; draw_concat_vec4
    %store/vec4 v0x5630cc0829c0_0, 0, 128;
    %pushi/vec4 0, 0, 32;
    %store/vec4 v0x5630cc080ac0_0, 0, 32;
    %pushi/vec4 0, 0, 1;
    %store/vec4 v0x5630cc082520_0, 0, 1;
    %pushi/vec4 0, 0, 1;
    %store/vec4 v0x5630cc082180_0, 0, 1;
    %pushi/vec4 0, 0, 1;
    %store/vec4 v0x5630cc081d00_0, 0, 1;
    %pushi/vec4 0, 0, 1;
    %store/vec4 v0x5630cc081880_0, 0, 1;
    %jmp T_40.1;
T_40.0 ;
    %load/vec4 v0x5630cc07d040_0;
    %dup/vec4;
    %pushi/vec4 1, 0, 3;
    %cmp/u;
    %jmp/1 T_40.2, 6;
    %dup/vec4;
    %pushi/vec4 2, 0, 3;
    %cmp/u;
    %jmp/1 T_40.3, 6;
    %dup/vec4;
    %pushi/vec4 3, 0, 3;
    %cmp/u;
    %jmp/1 T_40.4, 6;
    %dup/vec4;
    %pushi/vec4 4, 0, 3;
    %cmp/u;
    %jmp/1 T_40.5, 6;
    %jmp T_40.7;
T_40.2 ;
    %load/vec4 v0x5630cc0868a0_0;
    %store/vec4 v0x5630cc0829c0_0, 0, 128;
    %pushi/vec4 1, 0, 1;
    %store/vec4 v0x5630cc082520_0, 0, 1;
    %pushi/vec4 1, 0, 1;
    %store/vec4 v0x5630cc082180_0, 0, 1;
    %pushi/vec4 1, 0, 1;
    %store/vec4 v0x5630cc081d00_0, 0, 1;
    %pushi/vec4 1, 0, 1;
    %store/vec4 v0x5630cc081880_0, 0, 1;
    %jmp T_40.7;
T_40.3 ;
    %load/vec4 v0x5630cc080200_0;
    %load/vec4 v0x5630cc080200_0;
    %concat/vec4; draw_concat_vec4
    %load/vec4 v0x5630cc080200_0;
    %concat/vec4; draw_concat_vec4
    %load/vec4 v0x5630cc080200_0;
    %concat/vec4; draw_concat_vec4
    %store/vec4 v0x5630cc0829c0_0, 0, 128;
    %load/vec4 v0x5630cbd77650_0;
    %dup/vec4;
    %pushi/vec4 0, 0, 2;
    %cmp/u;
    %jmp/1 T_40.8, 6;
    %dup/vec4;
    %pushi/vec4 1, 0, 2;
    %cmp/u;
    %jmp/1 T_40.9, 6;
    %dup/vec4;
    %pushi/vec4 2, 0, 2;
    %cmp/u;
    %jmp/1 T_40.10, 6;
    %dup/vec4;
    %pushi/vec4 3, 0, 2;
    %cmp/u;
    %jmp/1 T_40.11, 6;
    %jmp T_40.12;
T_40.8 ;
    %load/vec4 v0x5630cc082a60_0;
    %store/vec4 v0x5630cc080ac0_0, 0, 32;
    %pushi/vec4 1, 0, 1;
    %store/vec4 v0x5630cc082520_0, 0, 1;
    %jmp T_40.12;
T_40.9 ;
    %load/vec4 v0x5630cc0820a0_0;
    %store/vec4 v0x5630cc080ac0_0, 0, 32;
    %pushi/vec4 1, 0, 1;
    %store/vec4 v0x5630cc082180_0, 0, 1;
    %jmp T_40.12;
T_40.10 ;
    %load/vec4 v0x5630cc081c20_0;
    %store/vec4 v0x5630cc080ac0_0, 0, 32;
    %pushi/vec4 1, 0, 1;
    %store/vec4 v0x5630cc081d00_0, 0, 1;
    %jmp T_40.12;
T_40.11 ;
    %load/vec4 v0x5630cc0817a0_0;
    %store/vec4 v0x5630cc080ac0_0, 0, 32;
    %pushi/vec4 1, 0, 1;
    %store/vec4 v0x5630cc081880_0, 0, 1;
    %jmp T_40.12;
T_40.12 ;
    %pop/vec4 1;
    %jmp T_40.7;
T_40.4 ;
    %load/vec4 v0x5630cc086980_0;
    %store/vec4 v0x5630cc0829c0_0, 0, 128;
    %pushi/vec4 1, 0, 1;
    %store/vec4 v0x5630cc082520_0, 0, 1;
    %pushi/vec4 1, 0, 1;
    %store/vec4 v0x5630cc082180_0, 0, 1;
    %pushi/vec4 1, 0, 1;
    %store/vec4 v0x5630cc081d00_0, 0, 1;
    %pushi/vec4 1, 0, 1;
    %store/vec4 v0x5630cc081880_0, 0, 1;
    %jmp T_40.7;
T_40.5 ;
    %load/vec4 v0x5630cc086db0_0;
    %store/vec4 v0x5630cc0829c0_0, 0, 128;
    %pushi/vec4 1, 0, 1;
    %store/vec4 v0x5630cc082520_0, 0, 1;
    %pushi/vec4 1, 0, 1;
    %store/vec4 v0x5630cc082180_0, 0, 1;
    %pushi/vec4 1, 0, 1;
    %store/vec4 v0x5630cc081d00_0, 0, 1;
    %pushi/vec4 1, 0, 1;
    %store/vec4 v0x5630cc081880_0, 0, 1;
    %jmp T_40.7;
T_40.7 ;
    %pop/vec4 1;
T_40.1 ;
    %end;
    .scope S_0x5630cc08f8a0;
t_4 %join;
    %jmp T_40;
    .thread T_40, $push;
    .scope S_0x5630cc08f8a0;
T_41 ;
    %wait E_0x5630cc02d1e0;
    %fork t_7, S_0x5630cc083ba0;
    %jmp t_6;
    .scope S_0x5630cc083ba0;
t_7 ;
    %pushi/vec4 0, 0, 2;
    %store/vec4 v0x5630cbd77570_0, 0, 2;
    %pushi/vec4 0, 0, 1;
    %store/vec4 v0x5630cc07dde0_0, 0, 1;
    %load/vec4 v0x5630cc07dd20_0;
    %flag_set/vec4 8;
    %jmp/0xz  T_41.0, 8;
    %pushi/vec4 0, 0, 2;
    %store/vec4 v0x5630cbd77570_0, 0, 2;
    %pushi/vec4 1, 0, 1;
    %store/vec4 v0x5630cc07dde0_0, 0, 1;
    %jmp T_41.1;
T_41.0 ;
    %load/vec4 v0x5630cbd774b0_0;
    %flag_set/vec4 8;
    %jmp/0xz  T_41.2, 8;
    %load/vec4 v0x5630cbd77650_0;
    %addi 1, 0, 2;
    %store/vec4 v0x5630cbd77570_0, 0, 2;
    %pushi/vec4 1, 0, 1;
    %store/vec4 v0x5630cc07dde0_0, 0, 1;
T_41.2 ;
T_41.1 ;
    %end;
    .scope S_0x5630cc08f8a0;
t_6 %join;
    %jmp T_41;
    .thread T_41, $push;
    .scope S_0x5630cc08f8a0;
T_42 ;
    %wait E_0x5630cbed21a0;
    %fork t_9, S_0x5630cc087620;
    %jmp t_8;
    .scope S_0x5630cc087620;
t_9 ;
    %pushi/vec4 0, 0, 4;
    %store/vec4 v0x5630cc07eaa0_0, 0, 4;
    %pushi/vec4 0, 0, 1;
    %store/vec4 v0x5630cc07e6c0_0, 0, 1;
    %load/vec4 v0x5630cc07e620_0;
    %flag_set/vec4 8;
    %jmp/0xz  T_42.0, 8;
    %pushi/vec4 0, 0, 4;
    %store/vec4 v0x5630cc07eaa0_0, 0, 4;
    %pushi/vec4 1, 0, 1;
    %store/vec4 v0x5630cc07e6c0_0, 0, 1;
    %jmp T_42.1;
T_42.0 ;
    %load/vec4 v0x5630cc07efe0_0;
    %flag_set/vec4 8;
    %jmp/0xz  T_42.2, 8;
    %load/vec4 v0x5630cc07eb80_0;
    %addi 1, 0, 4;
    %store/vec4 v0x5630cc07eaa0_0, 0, 4;
    %pushi/vec4 1, 0, 1;
    %store/vec4 v0x5630cc07e6c0_0, 0, 1;
T_42.2 ;
T_42.1 ;
    %end;
    .scope S_0x5630cc08f8a0;
t_8 %join;
    %jmp T_42;
    .thread T_42, $push;
    .scope S_0x5630cc08f8a0;
T_43 ;
    %wait E_0x5630cc09d8a0;
    %fork t_11, S_0x5630cc083720;
    %jmp t_10;
    .scope S_0x5630cc083720;
t_11 ;
    %load/vec4 v0x5630cc07d420_0;
    %store/vec4 v0x5630cc07d940_0, 0, 10;
    %pushi/vec4 0, 0, 1;
    %store/vec4 v0x5630cc07cfa0_0, 0, 1;
    %pushi/vec4 0, 0, 1;
    %store/vec4 v0x5630cc07d4e0_0, 0, 1;
    %load/vec4 v0x5630cc07d8a0_0;
    %nor/r;
    %flag_set/vec4 8;
    %jmp/0xz  T_43.0, 8;
    %load/vec4 v0x5630cc080ea0_0;
    %pushi/vec4 3, 0, 2;
    %cmp/e;
    %flag_get/vec4 4;
    %load/vec4 v0x5630cc07d040_0;
    %pushi/vec4 4, 0, 3;
    %cmp/e;
    %flag_get/vec4 4;
    %and;
    %flag_set/vec4 8;
    %jmp/0xz  T_43.2, 8;
    %load/vec4 v0x5630cc07d420_0;
    %addi 1, 0, 10;
    %store/vec4 v0x5630cc07d940_0, 0, 10;
    %pushi/vec4 1, 0, 1;
    %store/vec4 v0x5630cc07cfa0_0, 0, 1;
T_43.2 ;
T_43.0 ;
    %end;
    .scope S_0x5630cc08f8a0;
t_10 %join;
    %jmp T_43;
    .thread T_43, $push;
    .scope S_0x5630cc08f8a0;
T_44 ;
    %wait E_0x5630cc058380;
    %fork t_13, S_0x5630cc08d920;
    %jmp t_12;
    .scope S_0x5630cc08d920;
t_13 ;
    %pushi/vec4 0, 0, 1;
    %store/vec4 v0x5630cbd774b0_0, 0, 1;
    %pushi/vec4 0, 0, 1;
    %store/vec4 v0x5630cc07dd20_0, 0, 1;
    %pushi/vec4 0, 0, 1;
    %store/vec4 v0x5630cc07efe0_0, 0, 1;
    %pushi/vec4 0, 0, 1;
    %store/vec4 v0x5630cc07e620_0, 0, 1;
    %pushi/vec4 0, 0, 1;
    %store/vec4 v0x5630cc07f820_0, 0, 1;
    %pushi/vec4 0, 0, 1;
    %store/vec4 v0x5630cc07f3a0_0, 0, 1;
    %pushi/vec4 0, 0, 3;
    %store/vec4 v0x5630cc07d040_0, 0, 3;
    %pushi/vec4 0, 0, 2;
    %store/vec4 v0x5630cc0813c0_0, 0, 2;
    %pushi/vec4 0, 0, 1;
    %store/vec4 v0x5630cc080f80_0, 0, 1;
    %load/vec4 v0x5630cc080a20_0;
    %cmpi/e 1, 0, 1;
    %jmp/0xz  T_44.0, 4;
    %pushi/vec4 14, 0, 4;
    %store/vec4 v0x5630cc08d510_0, 0, 4;
    %jmp T_44.1;
T_44.0 ;
    %pushi/vec4 10, 0, 4;
    %store/vec4 v0x5630cc08d510_0, 0, 4;
T_44.1 ;
    %load/vec4 v0x5630cc07d8a0_0;
    %flag_set/vec4 8;
    %jmp/0xz  T_44.2, 8;
    %pushi/vec4 0, 0, 2;
    %store/vec4 v0x5630cc0813c0_0, 0, 2;
    %pushi/vec4 1, 0, 1;
    %store/vec4 v0x5630cc080f80_0, 0, 1;
    %pushi/vec4 1, 0, 1;
    %store/vec4 v0x5630cc07f820_0, 0, 1;
    %pushi/vec4 1, 0, 1;
    %store/vec4 v0x5630cc07f3a0_0, 0, 1;
    %pushi/vec4 0, 0, 1;
    %store/vec4 v0x5630cbd774b0_0, 0, 1;
    %pushi/vec4 0, 0, 1;
    %store/vec4 v0x5630cc07dd20_0, 0, 1;
    %pushi/vec4 0, 0, 1;
    %store/vec4 v0x5630cc07efe0_0, 0, 1;
    %pushi/vec4 0, 0, 1;
    %store/vec4 v0x5630cc07e620_0, 0, 1;
    %pushi/vec4 0, 0, 3;
    %store/vec4 v0x5630cc07d040_0, 0, 3;
    %jmp T_44.3;
T_44.2 ;
    %load/vec4 v0x5630cc080ea0_0;
    %dup/vec4;
    %pushi/vec4 0, 0, 2;
    %cmp/u;
    %jmp/1 T_44.4, 6;
    %dup/vec4;
    %pushi/vec4 1, 0, 2;
    %cmp/u;
    %jmp/1 T_44.5, 6;
    %dup/vec4;
    %pushi/vec4 2, 0, 2;
    %cmp/u;
    %jmp/1 T_44.6, 6;
    %dup/vec4;
    %pushi/vec4 3, 0, 2;
    %cmp/u;
    %jmp/1 T_44.7, 6;
    %jmp T_44.9;
T_44.4 ;
    %load/vec4 v0x5630cc07fca0_0;
    %flag_set/vec4 8;
    %jmp/0xz  T_44.10, 8;
    %pushi/vec4 1, 0, 1;
    %store/vec4 v0x5630cc07e620_0, 0, 1;
    %pushi/vec4 0, 0, 1;
    %store/vec4 v0x5630cc07f820_0, 0, 1;
    %pushi/vec4 1, 0, 1;
    %store/vec4 v0x5630cc07f3a0_0, 0, 1;
    %pushi/vec4 1, 0, 2;
    %store/vec4 v0x5630cc0813c0_0, 0, 2;
    %pushi/vec4 1, 0, 1;
    %store/vec4 v0x5630cc080f80_0, 0, 1;
T_44.10 ;
    %jmp T_44.9;
T_44.5 ;
    %pushi/vec4 1, 0, 1;
    %store/vec4 v0x5630cc07efe0_0, 0, 1;
    %pushi/vec4 1, 0, 1;
    %store/vec4 v0x5630cc07dd20_0, 0, 1;
    %pushi/vec4 1, 0, 3;
    %store/vec4 v0x5630cc07d040_0, 0, 3;
    %pushi/vec4 2, 0, 2;
    %store/vec4 v0x5630cc0813c0_0, 0, 2;
    %pushi/vec4 1, 0, 1;
    %store/vec4 v0x5630cc080f80_0, 0, 1;
    %jmp T_44.9;
T_44.6 ;
    %pushi/vec4 1, 0, 1;
    %store/vec4 v0x5630cbd774b0_0, 0, 1;
    %pushi/vec4 2, 0, 3;
    %store/vec4 v0x5630cc07d040_0, 0, 3;
    %load/vec4 v0x5630cbd77650_0;
    %cmpi/e 3, 0, 2;
    %jmp/0xz  T_44.12, 4;
    %pushi/vec4 3, 0, 2;
    %store/vec4 v0x5630cc0813c0_0, 0, 2;
    %pushi/vec4 1, 0, 1;
    %store/vec4 v0x5630cc080f80_0, 0, 1;
T_44.12 ;
    %jmp T_44.9;
T_44.7 ;
    %pushi/vec4 1, 0, 1;
    %store/vec4 v0x5630cc07dd20_0, 0, 1;
    %pushi/vec4 1, 0, 1;
    %store/vec4 v0x5630cc07efe0_0, 0, 1;
    %load/vec4 v0x5630cc07eb80_0;
    %load/vec4 v0x5630cc08d510_0;
    %cmp/u;
    %jmp/0xz  T_44.14, 5;
    %pushi/vec4 3, 0, 3;
    %store/vec4 v0x5630cc07d040_0, 0, 3;
    %pushi/vec4 2, 0, 2;
    %store/vec4 v0x5630cc0813c0_0, 0, 2;
    %pushi/vec4 1, 0, 1;
    %store/vec4 v0x5630cc080f80_0, 0, 1;
    %jmp T_44.15;
T_44.14 ;
    %pushi/vec4 4, 0, 3;
    %store/vec4 v0x5630cc07d040_0, 0, 3;
    %pushi/vec4 1, 0, 1;
    %store/vec4 v0x5630cc07f820_0, 0, 1;
    %pushi/vec4 1, 0, 1;
    %store/vec4 v0x5630cc07f3a0_0, 0, 1;
    %pushi/vec4 0, 0, 2;
    %store/vec4 v0x5630cc0813c0_0, 0, 2;
    %pushi/vec4 1, 0, 1;
    %store/vec4 v0x5630cc080f80_0, 0, 1;
T_44.15 ;
    %jmp T_44.9;
T_44.9 ;
    %pop/vec4 1;
T_44.3 ;
    %end;
    .scope S_0x5630cc08f8a0;
t_12 %join;
    %jmp T_44;
    .thread T_44, $push;
    .scope S_0x5630cc09b5a0;
T_45 ;
    %wait E_0x5630cc058800;
    %load/vec4 v0x5630cc09aca0_0;
    %nor/r;
    %flag_set/vec4 8;
    %jmp/0xz  T_45.0, 8;
    %pushi/vec4 0, 0, 10;
    %assign/vec4 v0x5630cc09b1e0_0, 0;
    %pushi/vec4 0, 0, 1;
    %assign/vec4 v0x5630cbefb8a0_0, 0;
    %jmp T_45.1;
T_45.0 ;
    %load/vec4 v0x5630cbefb8a0_0;
    %nor/r;
    %flag_set/vec4 8;
    %jmp/0xz  T_45.2, 8;
    %load/vec4 v0x5630cc09ad60_0;
    %flag_set/vec4 8;
    %jmp/0xz  T_45.4, 8;
    %load/vec4 v0x5630cc09b1e0_0;
    %cmpi/e 861, 0, 10;
    %jmp/0xz  T_45.6, 4;
    %pushi/vec4 1, 0, 1;
    %assign/vec4 v0x5630cbefb8a0_0, 0;
    %jmp T_45.7;
T_45.6 ;
    %load/vec4 v0x5630cc09b1e0_0;
    %addi 1, 0, 10;
    %assign/vec4 v0x5630cc09b1e0_0, 0;
T_45.7 ;
T_45.4 ;
T_45.2 ;
T_45.1 ;
    %jmp T_45;
    .thread T_45;
    .scope S_0x5630cbfc8c00;
T_46 ;
    %wait E_0x5630cbed4500;
    %fork t_15, S_0x5630cc098420;
    %jmp t_14;
    .scope S_0x5630cc098420;
t_15 ;
    %load/vec4 v0x5630cc0925a0_0;
    %nor/r;
    %flag_set/vec4 8;
    %jmp/0xz  T_46.0, 8;
    %pushi/vec4 0, 0, 32;
    %assign/vec4 v0x5630cc095c80_0, 0;
    %pushi/vec4 0, 0, 32;
    %assign/vec4 v0x5630cc0952a0_0, 0;
    %pushi/vec4 0, 0, 32;
    %assign/vec4 v0x5630cc094e20_0, 0;
    %pushi/vec4 0, 0, 32;
    %assign/vec4 v0x5630cc0949a0_0, 0;
    %pushi/vec4 0, 0, 2;
    %assign/vec4 v0x5630cbed2fe0_0, 0;
    %pushi/vec4 0, 0, 4;
    %assign/vec4 v0x5630cc091ca0_0, 0;
    %pushi/vec4 1, 0, 1;
    %assign/vec4 v0x5630cc092a20_0, 0;
    %pushi/vec4 0, 0, 2;
    %assign/vec4 v0x5630cc0940a0_0, 0;
    %pushi/vec4 0, 0, 10;
    %assign/vec4 v0x5630cc090620_0, 0;
    %pushi/vec4 0, 0, 1;
    %assign/vec4 v0x5630cc090260_0, 0;
    %jmp T_46.1;
T_46.0 ;
    %load/vec4 v0x5630cc095740_0;
    %flag_set/vec4 8;
    %jmp/0xz  T_46.2, 8;
    %load/vec4 v0x5630cc095bc0_0;
    %parti/s 32, 96, 8;
    %assign/vec4 v0x5630cc095c80_0, 0;
T_46.2 ;
    %load/vec4 v0x5630cc095380_0;
    %flag_set/vec4 8;
    %jmp/0xz  T_46.4, 8;
    %load/vec4 v0x5630cc095bc0_0;
    %parti/s 32, 64, 8;
    %assign/vec4 v0x5630cc0952a0_0, 0;
T_46.4 ;
    %load/vec4 v0x5630cc094f00_0;
    %flag_set/vec4 8;
    %jmp/0xz  T_46.6, 8;
    %load/vec4 v0x5630cc095bc0_0;
    %parti/s 32, 32, 7;
    %assign/vec4 v0x5630cc094e20_0, 0;
T_46.6 ;
    %load/vec4 v0x5630cc094a80_0;
    %flag_set/vec4 8;
    %jmp/0xz  T_46.8, 8;
    %load/vec4 v0x5630cc095bc0_0;
    %parti/s 32, 0, 2;
    %assign/vec4 v0x5630cc0949a0_0, 0;
T_46.8 ;
    %load/vec4 v0x5630cc090fe0_0;
    %flag_set/vec4 8;
    %jmp/0xz  T_46.10, 8;
    %load/vec4 v0x5630cc091460_0;
    %assign/vec4 v0x5630cbed2fe0_0, 0;
T_46.10 ;
    %load/vec4 v0x5630cc091820_0;
    %flag_set/vec4 8;
    %jmp/0xz  T_46.12, 8;
    %load/vec4 v0x5630cc0921e0_0;
    %assign/vec4 v0x5630cc091ca0_0, 0;
T_46.12 ;
    %load/vec4 v0x5630cc092ac0_0;
    %flag_set/vec4 8;
    %jmp/0xz  T_46.14, 8;
    %load/vec4 v0x5630cc092f60_0;
    %assign/vec4 v0x5630cc092a20_0, 0;
T_46.14 ;
    %load/vec4 v0x5630cc094180_0;
    %flag_set/vec4 8;
    %jmp/0xz  T_46.16, 8;
    %load/vec4 v0x5630cc0945e0_0;
    %assign/vec4 v0x5630cc0940a0_0, 0;
T_46.16 ;
    %load/vec4 v0x5630cc090700_0;
    %flag_set/vec4 8;
    %jmp/0xz  T_46.18, 8;
    %load/vec4 v0x5630cc090b40_0;
    %assign/vec4 v0x5630cc090620_0, 0;
T_46.18 ;
    %load/vec4 v0x5630cc08fd20_0;
    %flag_set/vec4 8;
    %jmp/0xz  T_46.20, 8;
    %load/vec4 v0x5630cc0901a0_0;
    %assign/vec4 v0x5630cc090260_0, 0;
T_46.20 ;
T_46.1 ;
    %end;
    .scope S_0x5630cbfc8c00;
t_14 %join;
    %jmp T_46;
    .thread T_46;
    .scope S_0x5630cbfc8c00;
T_47 ;
    %wait E_0x5630cbfb26c0;
    %fork t_17, S_0x5630cc0976a0;
    %jmp t_16;
    .scope S_0x5630cc0976a0;
t_17 ;
    %pushi/vec4 0, 0, 128;
    %store/vec4 v0x5630cc097300_0, 0, 128;
    %pushi/vec4 0, 0, 128;
    %store/vec4 v0x5630cc097220_0, 0, 128;
    %pushi/vec4 0, 0, 128;
    %store/vec4 v0x5630cc097bc0_0, 0, 128;
    %pushi/vec4 0, 0, 128;
    %store/vec4 v0x5630cc095bc0_0, 0, 128;
    %pushi/vec4 0, 0, 32;
    %store/vec4 v0x5630cc090aa0_0, 0, 32;
    %pushi/vec4 0, 0, 1;
    %store/vec4 v0x5630cc095740_0, 0, 1;
    %pushi/vec4 0, 0, 1;
    %store/vec4 v0x5630cc095380_0, 0, 1;
    %pushi/vec4 0, 0, 1;
    %store/vec4 v0x5630cc094f00_0, 0, 1;
    %pushi/vec4 0, 0, 1;
    %store/vec4 v0x5630cc094a80_0, 0, 1;
    %load/vec4 v0x5630cc095c80_0;
    %load/vec4 v0x5630cc0952a0_0;
    %concat/vec4; draw_concat_vec4
    %load/vec4 v0x5630cc094e20_0;
    %concat/vec4; draw_concat_vec4
    %load/vec4 v0x5630cc0949a0_0;
    %concat/vec4; draw_concat_vec4
    %store/vec4 v0x5630cc096da0_0, 0, 128;
    %load/vec4 v0x5630cc08fdc0_0;
    %dup/vec4;
    %pushi/vec4 1, 0, 3;
    %cmp/u;
    %jmp/1 T_47.0, 6;
    %dup/vec4;
    %pushi/vec4 2, 0, 3;
    %cmp/u;
    %jmp/1 T_47.1, 6;
    %dup/vec4;
    %pushi/vec4 3, 0, 3;
    %cmp/u;
    %jmp/1 T_47.2, 6;
    %dup/vec4;
    %pushi/vec4 4, 0, 3;
    %cmp/u;
    %jmp/1 T_47.3, 6;
    %jmp T_47.5;
T_47.0 ;
    %load/vec4 v0x5630cc096100_0;
    %store/vec4 v0x5630cc096da0_0, 0, 128;
    %alloc S_0x5630cbfc8f50;
    %load/vec4 v0x5630cc096da0_0;
    %load/vec4 v0x5630cc0918e0_0;
    %store/vec4 v0x5630cbf53690_0, 0, 128;
    %store/vec4 v0x5630cbf535f0_0, 0, 128;
    %callf/vec4 TD_aes.core.dec_block.addroundkey, S_0x5630cbfc8f50;
    %free S_0x5630cbfc8f50;
    %store/vec4 v0x5630cc097bc0_0, 0, 128;
    %alloc S_0x5630cc099f20;
    %load/vec4 v0x5630cc097bc0_0;
    %store/vec4 v0x5630cc09a440_0, 0, 128;
    %callf/vec4 TD_aes.core.dec_block.inv_shiftrows, S_0x5630cc099f20;
    %free S_0x5630cc099f20;
    %store/vec4 v0x5630cc097300_0, 0, 128;
    %load/vec4 v0x5630cc097300_0;
    %store/vec4 v0x5630cc095bc0_0, 0, 128;
    %pushi/vec4 1, 0, 1;
    %store/vec4 v0x5630cc095740_0, 0, 1;
    %pushi/vec4 1, 0, 1;
    %store/vec4 v0x5630cc095380_0, 0, 1;
    %pushi/vec4 1, 0, 1;
    %store/vec4 v0x5630cc094f00_0, 0, 1;
    %pushi/vec4 1, 0, 1;
    %store/vec4 v0x5630cc094a80_0, 0, 1;
    %jmp T_47.5;
T_47.1 ;
    %load/vec4 v0x5630cc093320_0;
    %load/vec4 v0x5630cc093320_0;
    %concat/vec4; draw_concat_vec4
    %load/vec4 v0x5630cc093320_0;
    %concat/vec4; draw_concat_vec4
    %load/vec4 v0x5630cc093320_0;
    %concat/vec4; draw_concat_vec4
    %store/vec4 v0x5630cc095bc0_0, 0, 128;
    %load/vec4 v0x5630cbed2fe0_0;
    %dup/vec4;
    %pushi/vec4 0, 0, 2;
    %cmp/u;
    %jmp/1 T_47.6, 6;
    %dup/vec4;
    %pushi/vec4 1, 0, 2;
    %cmp/u;
    %jmp/1 T_47.7, 6;
    %dup/vec4;
    %pushi/vec4 2, 0, 2;
    %cmp/u;
    %jmp/1 T_47.8, 6;
    %dup/vec4;
    %pushi/vec4 3, 0, 2;
    %cmp/u;
    %jmp/1 T_47.9, 6;
    %jmp T_47.10;
T_47.6 ;
    %load/vec4 v0x5630cc095c80_0;
    %store/vec4 v0x5630cc090aa0_0, 0, 32;
    %pushi/vec4 1, 0, 1;
    %store/vec4 v0x5630cc095740_0, 0, 1;
    %jmp T_47.10;
T_47.7 ;
    %load/vec4 v0x5630cc0952a0_0;
    %store/vec4 v0x5630cc090aa0_0, 0, 32;
    %pushi/vec4 1, 0, 1;
    %store/vec4 v0x5630cc095380_0, 0, 1;
    %jmp T_47.10;
T_47.8 ;
    %load/vec4 v0x5630cc094e20_0;
    %store/vec4 v0x5630cc090aa0_0, 0, 32;
    %pushi/vec4 1, 0, 1;
    %store/vec4 v0x5630cc094f00_0, 0, 1;
    %jmp T_47.10;
T_47.9 ;
    %load/vec4 v0x5630cc0949a0_0;
    %store/vec4 v0x5630cc090aa0_0, 0, 32;
    %pushi/vec4 1, 0, 1;
    %store/vec4 v0x5630cc094a80_0, 0, 1;
    %jmp T_47.10;
T_47.10 ;
    %pop/vec4 1;
    %jmp T_47.5;
T_47.2 ;
    %alloc S_0x5630cbfc8f50;
    %load/vec4 v0x5630cc096da0_0;
    %load/vec4 v0x5630cc0918e0_0;
    %store/vec4 v0x5630cbf53690_0, 0, 128;
    %store/vec4 v0x5630cbf535f0_0, 0, 128;
    %callf/vec4 TD_aes.core.dec_block.addroundkey, S_0x5630cbfc8f50;
    %free S_0x5630cbfc8f50;
    %store/vec4 v0x5630cc097bc0_0, 0, 128;
    %alloc S_0x5630cc09bea0;
    %load/vec4 v0x5630cc097bc0_0;
    %store/vec4 v0x5630cbf6a810_0, 0, 128;
    %callf/vec4 TD_aes.core.dec_block.inv_mixcolumns, S_0x5630cc09bea0;
    %free S_0x5630cc09bea0;
    %store/vec4 v0x5630cc097220_0, 0, 128;
    %alloc S_0x5630cc099f20;
    %load/vec4 v0x5630cc097220_0;
    %store/vec4 v0x5630cc09a440_0, 0, 128;
    %callf/vec4 TD_aes.core.dec_block.inv_shiftrows, S_0x5630cc099f20;
    %free S_0x5630cc099f20;
    %store/vec4 v0x5630cc097300_0, 0, 128;
    %load/vec4 v0x5630cc097300_0;
    %store/vec4 v0x5630cc095bc0_0, 0, 128;
    %pushi/vec4 1, 0, 1;
    %store/vec4 v0x5630cc095740_0, 0, 1;
    %pushi/vec4 1, 0, 1;
    %store/vec4 v0x5630cc095380_0, 0, 1;
    %pushi/vec4 1, 0, 1;
    %store/vec4 v0x5630cc094f00_0, 0, 1;
    %pushi/vec4 1, 0, 1;
    %store/vec4 v0x5630cc094a80_0, 0, 1;
    %jmp T_47.5;
T_47.3 ;
    %alloc S_0x5630cbfc8f50;
    %load/vec4 v0x5630cc096da0_0;
    %load/vec4 v0x5630cc0918e0_0;
    %store/vec4 v0x5630cbf53690_0, 0, 128;
    %store/vec4 v0x5630cbf535f0_0, 0, 128;
    %callf/vec4 TD_aes.core.dec_block.addroundkey, S_0x5630cbfc8f50;
    %free S_0x5630cbfc8f50;
    %store/vec4 v0x5630cc095bc0_0, 0, 128;
    %pushi/vec4 1, 0, 1;
    %store/vec4 v0x5630cc095740_0, 0, 1;
    %pushi/vec4 1, 0, 1;
    %store/vec4 v0x5630cc095380_0, 0, 1;
    %pushi/vec4 1, 0, 1;
    %store/vec4 v0x5630cc094f00_0, 0, 1;
    %pushi/vec4 1, 0, 1;
    %store/vec4 v0x5630cc094a80_0, 0, 1;
    %jmp T_47.5;
T_47.5 ;
    %pop/vec4 1;
    %end;
    .scope S_0x5630cbfc8c00;
t_16 %join;
    %jmp T_47;
    .thread T_47, $push;
    .scope S_0x5630cbfc8c00;
T_48 ;
    %wait E_0x5630cbf4fae0;
    %fork t_19, S_0x5630cc096920;
    %jmp t_18;
    .scope S_0x5630cc096920;
t_19 ;
    %pushi/vec4 0, 0, 2;
    %store/vec4 v0x5630cc091460_0, 0, 2;
    %pushi/vec4 0, 0, 1;
    %store/vec4 v0x5630cc090fe0_0, 0, 1;
    %load/vec4 v0x5630cc090f20_0;
    %flag_set/vec4 8;
    %jmp/0xz  T_48.0, 8;
    %pushi/vec4 0, 0, 2;
    %store/vec4 v0x5630cc091460_0, 0, 2;
    %pushi/vec4 1, 0, 1;
    %store/vec4 v0x5630cc090fe0_0, 0, 1;
    %jmp T_48.1;
T_48.0 ;
    %load/vec4 v0x5630cc0913a0_0;
    %flag_set/vec4 8;
    %jmp/0xz  T_48.2, 8;
    %load/vec4 v0x5630cbed2fe0_0;
    %addi 1, 0, 2;
    %store/vec4 v0x5630cc091460_0, 0, 2;
    %pushi/vec4 1, 0, 1;
    %store/vec4 v0x5630cc090fe0_0, 0, 1;
T_48.2 ;
T_48.1 ;
    %end;
    .scope S_0x5630cbfc8c00;
t_18 %join;
    %jmp T_48;
    .thread T_48, $push;
    .scope S_0x5630cbfc8c00;
T_49 ;
    %wait E_0x5630cbf417c0;
    %fork t_21, S_0x5630cc097fa0;
    %jmp t_20;
    .scope S_0x5630cc097fa0;
t_21 ;
    %pushi/vec4 0, 0, 4;
    %store/vec4 v0x5630cc0921e0_0, 0, 4;
    %pushi/vec4 0, 0, 1;
    %store/vec4 v0x5630cc091820_0, 0, 1;
    %load/vec4 v0x5630cc091d80_0;
    %flag_set/vec4 8;
    %jmp/0xz  T_49.0, 8;
    %load/vec4 v0x5630cc093c20_0;
    %cmpi/e 1, 0, 1;
    %jmp/0xz  T_49.2, 4;
    %pushi/vec4 14, 0, 4;
    %store/vec4 v0x5630cc0921e0_0, 0, 4;
    %jmp T_49.3;
T_49.2 ;
    %pushi/vec4 10, 0, 4;
    %store/vec4 v0x5630cc0921e0_0, 0, 4;
T_49.3 ;
    %pushi/vec4 1, 0, 1;
    %store/vec4 v0x5630cc091820_0, 0, 1;
    %jmp T_49.1;
T_49.0 ;
    %load/vec4 v0x5630cc092120_0;
    %flag_set/vec4 8;
    %jmp/0xz  T_49.4, 8;
    %load/vec4 v0x5630cc091ca0_0;
    %subi 1, 0, 4;
    %store/vec4 v0x5630cc0921e0_0, 0, 4;
    %pushi/vec4 1, 0, 1;
    %store/vec4 v0x5630cc091820_0, 0, 1;
T_49.4 ;
T_49.1 ;
    %end;
    .scope S_0x5630cbfc8c00;
t_20 %join;
    %jmp T_49;
    .thread T_49, $push;
    .scope S_0x5630cbfc8c00;
T_50 ;
    %wait E_0x5630cc09e170;
    %fork t_23, S_0x5630cc0964a0;
    %jmp t_22;
    .scope S_0x5630cc0964a0;
t_23 ;
    %load/vec4 v0x5630cc090620_0;
    %store/vec4 v0x5630cc090b40_0, 0, 10;
    %pushi/vec4 0, 0, 1;
    %store/vec4 v0x5630cc090700_0, 0, 1;
    %load/vec4 v0x5630cc090260_0;
    %store/vec4 v0x5630cc0901a0_0, 0, 1;
    %pushi/vec4 0, 0, 1;
    %store/vec4 v0x5630cc08fd20_0, 0, 1;
    %load/vec4 v0x5630cc0933e0_0;
    %pushi/vec4 1, 0, 1;
    %cmp/e;
    %flag_get/vec4 4;
    %load/vec4 v0x5630cc092a20_0;
    %pushi/vec4 1, 0, 1;
    %cmp/e;
    %flag_get/vec4 4;
    %and;
    %load/vec4 v0x5630cc090260_0;
    %pushi/vec4 0, 0, 1;
    %cmp/e;
    %flag_get/vec4 4;
    %and;
    %flag_set/vec4 8;
    %jmp/0xz  T_50.0, 8;
    %load/vec4 v0x5630cc090620_0;
    %cmpi/u 862, 0, 10;
    %jmp/0xz  T_50.2, 5;
    %load/vec4 v0x5630cc090620_0;
    %addi 1, 0, 10;
    %store/vec4 v0x5630cc090b40_0, 0, 10;
    %pushi/vec4 1, 0, 1;
    %store/vec4 v0x5630cc090700_0, 0, 1;
    %load/vec4 v0x5630cc090620_0;
    %addi 1, 0, 10;
    %cmpi/e 862, 0, 10;
    %jmp/0xz  T_50.4, 4;
    %pushi/vec4 1, 0, 1;
    %store/vec4 v0x5630cc0901a0_0, 0, 1;
    %pushi/vec4 1, 0, 1;
    %store/vec4 v0x5630cc08fd20_0, 0, 1;
T_50.4 ;
    %jmp T_50.3;
T_50.2 ;
    %load/vec4 v0x5630cc090620_0;
    %store/vec4 v0x5630cc090b40_0, 0, 10;
    %pushi/vec4 0, 0, 1;
    %store/vec4 v0x5630cc090700_0, 0, 1;
    %pushi/vec4 1, 0, 1;
    %store/vec4 v0x5630cc0901a0_0, 0, 1;
    %pushi/vec4 1, 0, 1;
    %store/vec4 v0x5630cc08fd20_0, 0, 1;
T_50.3 ;
T_50.0 ;
    %end;
    .scope S_0x5630cbfc8c00;
t_22 %join;
    %jmp T_50;
    .thread T_50, $push;
    .scope S_0x5630cbfc8c00;
T_51 ;
    %wait E_0x5630cc0ae080;
    %fork t_25, S_0x5630cc03c3f0;
    %jmp t_24;
    .scope S_0x5630cc03c3f0;
t_25 ;
    %pushi/vec4 0, 0, 1;
    %store/vec4 v0x5630cc0913a0_0, 0, 1;
    %pushi/vec4 0, 0, 1;
    %store/vec4 v0x5630cc090f20_0, 0, 1;
    %pushi/vec4 0, 0, 1;
    %store/vec4 v0x5630cc092120_0, 0, 1;
    %pushi/vec4 0, 0, 1;
    %store/vec4 v0x5630cc091d80_0, 0, 1;
    %pushi/vec4 0, 0, 1;
    %store/vec4 v0x5630cc092f60_0, 0, 1;
    %pushi/vec4 0, 0, 1;
    %store/vec4 v0x5630cc092ac0_0, 0, 1;
    %pushi/vec4 0, 0, 3;
    %store/vec4 v0x5630cc08fdc0_0, 0, 3;
    %pushi/vec4 0, 0, 2;
    %store/vec4 v0x5630cc0945e0_0, 0, 2;
    %pushi/vec4 0, 0, 1;
    %store/vec4 v0x5630cc094180_0, 0, 1;
    %load/vec4 v0x5630cc0940a0_0;
    %dup/vec4;
    %pushi/vec4 0, 0, 2;
    %cmp/u;
    %jmp/1 T_51.0, 6;
    %dup/vec4;
    %pushi/vec4 1, 0, 2;
    %cmp/u;
    %jmp/1 T_51.1, 6;
    %dup/vec4;
    %pushi/vec4 2, 0, 2;
    %cmp/u;
    %jmp/1 T_51.2, 6;
    %dup/vec4;
    %pushi/vec4 3, 0, 2;
    %cmp/u;
    %jmp/1 T_51.3, 6;
    %jmp T_51.5;
T_51.0 ;
    %load/vec4 v0x5630cc0933e0_0;
    %load/vec4 v0x5630cc090260_0;
    %pushi/vec4 0, 0, 1;
    %cmp/e;
    %flag_get/vec4 4;
    %and;
    %flag_set/vec4 8;
    %jmp/0xz  T_51.6, 8;
    %pushi/vec4 1, 0, 1;
    %store/vec4 v0x5630cc091d80_0, 0, 1;
    %pushi/vec4 0, 0, 1;
    %store/vec4 v0x5630cc092f60_0, 0, 1;
    %pushi/vec4 1, 0, 1;
    %store/vec4 v0x5630cc092ac0_0, 0, 1;
    %pushi/vec4 1, 0, 2;
    %store/vec4 v0x5630cc0945e0_0, 0, 2;
    %pushi/vec4 1, 0, 1;
    %store/vec4 v0x5630cc094180_0, 0, 1;
T_51.6 ;
    %jmp T_51.5;
T_51.1 ;
    %pushi/vec4 1, 0, 1;
    %store/vec4 v0x5630cc090f20_0, 0, 1;
    %pushi/vec4 1, 0, 3;
    %store/vec4 v0x5630cc08fdc0_0, 0, 3;
    %pushi/vec4 2, 0, 2;
    %store/vec4 v0x5630cc0945e0_0, 0, 2;
    %pushi/vec4 1, 0, 1;
    %store/vec4 v0x5630cc094180_0, 0, 1;
    %jmp T_51.5;
T_51.2 ;
    %pushi/vec4 1, 0, 1;
    %store/vec4 v0x5630cc0913a0_0, 0, 1;
    %pushi/vec4 2, 0, 3;
    %store/vec4 v0x5630cc08fdc0_0, 0, 3;
    %load/vec4 v0x5630cbed2fe0_0;
    %cmpi/e 3, 0, 2;
    %jmp/0xz  T_51.8, 4;
    %pushi/vec4 1, 0, 1;
    %store/vec4 v0x5630cc092120_0, 0, 1;
    %pushi/vec4 3, 0, 2;
    %store/vec4 v0x5630cc0945e0_0, 0, 2;
    %pushi/vec4 1, 0, 1;
    %store/vec4 v0x5630cc094180_0, 0, 1;
T_51.8 ;
    %jmp T_51.5;
T_51.3 ;
    %pushi/vec4 1, 0, 1;
    %store/vec4 v0x5630cc090f20_0, 0, 1;
    %load/vec4 v0x5630cc091ca0_0;
    %pad/u 32;
    %cmpi/u 0, 0, 32;
    %flag_or 5, 4; GT is !LE
    %flag_inv 5;
    %jmp/0xz  T_51.10, 5;
    %pushi/vec4 3, 0, 3;
    %store/vec4 v0x5630cc08fdc0_0, 0, 3;
    %pushi/vec4 2, 0, 2;
    %store/vec4 v0x5630cc0945e0_0, 0, 2;
    %pushi/vec4 1, 0, 1;
    %store/vec4 v0x5630cc094180_0, 0, 1;
    %jmp T_51.11;
T_51.10 ;
    %pushi/vec4 4, 0, 3;
    %store/vec4 v0x5630cc08fdc0_0, 0, 3;
    %pushi/vec4 1, 0, 1;
    %store/vec4 v0x5630cc092f60_0, 0, 1;
    %pushi/vec4 1, 0, 1;
    %store/vec4 v0x5630cc092ac0_0, 0, 1;
    %pushi/vec4 0, 0, 2;
    %store/vec4 v0x5630cc0945e0_0, 0, 2;
    %pushi/vec4 1, 0, 1;
    %store/vec4 v0x5630cc094180_0, 0, 1;
T_51.11 ;
    %jmp T_51.5;
T_51.5 ;
    %pop/vec4 1;
    %end;
    .scope S_0x5630cbfc8c00;
t_24 %join;
    %jmp T_51;
    .thread T_51, $push;
    .scope S_0x5630cc07c6a0;
T_52 ;
    %wait E_0x5630cbed4500;
    %fork t_27, S_0x5630cc079520;
    %jmp t_26;
    .scope S_0x5630cc079520;
t_27 ;
    %load/vec4 v0x5630cc071360_0;
    %nor/r;
    %flag_set/vec4 8;
    %jmp/0xz  T_52.0, 8;
    %pushi/vec4 0, 0, 32;
    %store/vec4 v0x5630cc079a80_0, 0, 32;
T_52.2 ;
    %load/vec4 v0x5630cc079a80_0;
    %cmpi/s 14, 0, 32;
    %flag_or 5, 4;
    %jmp/0xz T_52.3, 5;
    %pushi/vec4 0, 0, 128;
    %ix/getv/s 3, v0x5630cc079a80_0;
    %ix/load 4, 0, 0; Constant delay
    %assign/vec4/a/d v0x5630cc074d20, 0, 4;
    %load/vec4 v0x5630cc079a80_0;
    %addi 1, 0, 32;
    %store/vec4 v0x5630cc079a80_0, 0, 32;
    %jmp T_52.2;
T_52.3 ;
    %pushi/vec4 0, 0, 1;
    %assign/vec4 v0x5630cc0717c0_0, 0;
    %pushi/vec4 0, 0, 8;
    %assign/vec4 v0x5630cc072020_0, 0;
    %pushi/vec4 0, 0, 4;
    %assign/vec4 v0x5630cc070a80_0, 0;
    %pushi/vec4 0, 0, 128;
    %assign/vec4 v0x5630cc0732e0_0, 0;
    %pushi/vec4 0, 0, 128;
    %assign/vec4 v0x5630cc072920_0, 0;
    %pushi/vec4 0, 0, 3;
    %assign/vec4 v0x5630cc074460_0, 0;
    %pushi/vec4 0, 0, 16;
    %assign/vec4 v0x5630cc06f7a0_0, 0;
    %pushi/vec4 0, 0, 1;
    %assign/vec4 v0x5630cc06eea0_0, 0;
    %jmp T_52.1;
T_52.0 ;
    %load/vec4 v0x5630cc0712a0_0;
    %flag_set/vec4 8;
    %jmp/0xz  T_52.4, 8;
    %load/vec4 v0x5630cc071720_0;
    %assign/vec4 v0x5630cc0717c0_0, 0;
T_52.4 ;
    %load/vec4 v0x5630cc071ba0_0;
    %flag_set/vec4 8;
    %jmp/0xz  T_52.6, 8;
    %load/vec4 v0x5630cc0724a0_0;
    %assign/vec4 v0x5630cc072020_0, 0;
T_52.6 ;
    %load/vec4 v0x5630cbdfa260_0;
    %flag_set/vec4 8;
    %jmp/0xz  T_52.8, 8;
    %load/vec4 v0x5630cc0709a0_0;
    %assign/vec4 v0x5630cc070a80_0, 0;
T_52.8 ;
    %load/vec4 v0x5630cc073bf0_0;
    %flag_set/vec4 8;
    %jmp/0xz  T_52.10, 8;
    %load/vec4 v0x5630cc074060_0;
    %load/vec4 v0x5630cc070a80_0;
    %pad/u 6;
    %ix/vec4 3;
    %ix/load 4, 0, 0; Constant delay
    %assign/vec4/a/d v0x5630cc074d20, 0, 4;
T_52.10 ;
    %load/vec4 v0x5630cc072da0_0;
    %flag_set/vec4 8;
    %jmp/0xz  T_52.12, 8;
    %load/vec4 v0x5630cc073220_0;
    %assign/vec4 v0x5630cc0732e0_0, 0;
T_52.12 ;
    %load/vec4 v0x5630cc072a00_0;
    %flag_set/vec4 8;
    %jmp/0xz  T_52.14, 8;
    %load/vec4 v0x5630cc072e60_0;
    %assign/vec4 v0x5630cc072920_0, 0;
T_52.14 ;
    %load/vec4 v0x5630cc073fa0_0;
    %flag_set/vec4 8;
    %jmp/0xz  T_52.16, 8;
    %load/vec4 v0x5630cc0749a0_0;
    %assign/vec4 v0x5630cc074460_0, 0;
T_52.16 ;
    %load/vec4 v0x5630cc06f320_0;
    %flag_set/vec4 8;
    %jmp/0xz  T_52.18, 8;
    %load/vec4 v0x5630cc06fce0_0;
    %assign/vec4 v0x5630cc06f7a0_0, 0;
T_52.18 ;
    %load/vec4 v0x5630cc06ef40_0;
    %flag_set/vec4 8;
    %jmp/0xz  T_52.20, 8;
    %load/vec4 v0x5630cc06f3e0_0;
    %assign/vec4 v0x5630cc06eea0_0, 0;
T_52.20 ;
T_52.1 ;
    %end;
    .scope S_0x5630cc07c6a0;
t_26 %join;
    %jmp T_52;
    .thread T_52;
    .scope S_0x5630cc07c6a0;
T_53 ;
    %wait E_0x5630cc07b0f0;
    %fork t_29, S_0x5630cc07a2a0;
    %jmp t_28;
    .scope S_0x5630cc07a2a0;
t_29 ;
    %load/vec4 v0x5630cc070e20_0;
    %pad/u 6;
    %ix/vec4 4;
    %load/vec4a v0x5630cc074d20, 4;
    %store/vec4 v0x5630cc0700a0_0, 0, 128;
    %end;
    .scope S_0x5630cc07c6a0;
t_28 %join;
    %jmp T_53;
    .thread T_53, $push;
    .scope S_0x5630cc07c6a0;
T_54 ;
    %wait E_0x5630cc07b540;
    %fork t_31, S_0x5630cc0787a0;
    %jmp t_30;
    .scope S_0x5630cc0787a0;
t_31 ;
    %pushi/vec4 0, 0, 128;
    %store/vec4 v0x5630cc074060_0, 0, 128;
    %pushi/vec4 0, 0, 1;
    %store/vec4 v0x5630cc073bf0_0, 0, 1;
    %pushi/vec4 0, 0, 128;
    %store/vec4 v0x5630cc073220_0, 0, 128;
    %pushi/vec4 0, 0, 1;
    %store/vec4 v0x5630cc072da0_0, 0, 1;
    %pushi/vec4 0, 0, 128;
    %store/vec4 v0x5630cc072e60_0, 0, 128;
    %pushi/vec4 0, 0, 1;
    %store/vec4 v0x5630cc072a00_0, 0, 1;
    %pushi/vec4 0, 0, 32;
    %store/vec4 v0x5630cc078320_0, 0, 32;
    %pushi/vec4 0, 0, 32;
    %store/vec4 v0x5630cc078420_0, 0, 32;
    %pushi/vec4 0, 0, 32;
    %store/vec4 v0x5630cc077ea0_0, 0, 32;
    %pushi/vec4 0, 0, 32;
    %store/vec4 v0x5630cc077f60_0, 0, 32;
    %pushi/vec4 1, 0, 1;
    %store/vec4 v0x5630cc072100_0, 0, 1;
    %pushi/vec4 0, 0, 1;
    %store/vec4 v0x5630cc072580_0, 0, 1;
    %load/vec4 v0x5630cc0732e0_0;
    %parti/s 32, 96, 8;
    %store/vec4 v0x5630cc077200_0, 0, 32;
    %load/vec4 v0x5630cc0732e0_0;
    %parti/s 32, 64, 8;
    %store/vec4 v0x5630cc076ca0_0, 0, 32;
    %load/vec4 v0x5630cc0732e0_0;
    %parti/s 32, 32, 7;
    %store/vec4 v0x5630cc076d80_0, 0, 32;
    %load/vec4 v0x5630cc0732e0_0;
    %parti/s 32, 0, 2;
    %store/vec4 v0x5630cc076820_0, 0, 32;
    %load/vec4 v0x5630cc072920_0;
    %parti/s 32, 96, 8;
    %store/vec4 v0x5630cc076900_0, 0, 32;
    %load/vec4 v0x5630cc072920_0;
    %parti/s 32, 64, 8;
    %store/vec4 v0x5630cc0763a0_0, 0, 32;
    %load/vec4 v0x5630cc072920_0;
    %parti/s 32, 32, 7;
    %store/vec4 v0x5630cc076480_0, 0, 32;
    %load/vec4 v0x5630cc072920_0;
    %parti/s 32, 0, 2;
    %store/vec4 v0x5630cc075f40_0, 0, 32;
    %load/vec4 v0x5630cc072020_0;
    %concati/vec4 0, 0, 24;
    %store/vec4 v0x5630cc077a20_0, 0, 32;
    %load/vec4 v0x5630cc075f40_0;
    %store/vec4 v0x5630cc070160_0, 0, 32;
    %load/vec4 v0x5630cc073740_0;
    %parti/s 24, 0, 2;
    %load/vec4 v0x5630cc073740_0;
    %parti/s 8, 24, 6;
    %concat/vec4; draw_concat_vec4
    %store/vec4 v0x5630cc0775a0_0, 0, 32;
    %load/vec4 v0x5630cc0775a0_0;
    %load/vec4 v0x5630cc077a20_0;
    %xor;
    %store/vec4 v0x5630cc077680_0, 0, 32;
    %load/vec4 v0x5630cc073740_0;
    %store/vec4 v0x5630cc077120_0, 0, 32;
    %load/vec4 v0x5630cbdfa430_0;
    %flag_set/vec4 8;
    %jmp/0xz  T_54.0, 8;
    %pushi/vec4 0, 0, 1;
    %store/vec4 v0x5630cc072100_0, 0, 1;
    %pushi/vec4 1, 0, 1;
    %store/vec4 v0x5630cc073bf0_0, 0, 1;
    %load/vec4 v0x5630cc0736a0_0;
    %dup/vec4;
    %pushi/vec4 0, 0, 1;
    %cmp/u;
    %jmp/1 T_54.2, 6;
    %dup/vec4;
    %pushi/vec4 1, 0, 1;
    %cmp/u;
    %jmp/1 T_54.3, 6;
    %jmp T_54.5;
T_54.2 ;
    %load/vec4 v0x5630cc070a80_0;
    %pad/u 32;
    %cmpi/e 0, 0, 32;
    %jmp/0xz  T_54.6, 4;
    %load/vec4 v0x5630cc075240_0;
    %parti/s 128, 128, 9;
    %store/vec4 v0x5630cc074060_0, 0, 128;
    %load/vec4 v0x5630cc075240_0;
    %parti/s 128, 128, 9;
    %store/vec4 v0x5630cc072e60_0, 0, 128;
    %pushi/vec4 1, 0, 1;
    %store/vec4 v0x5630cc072a00_0, 0, 1;
    %pushi/vec4 1, 0, 1;
    %store/vec4 v0x5630cc072580_0, 0, 1;
    %jmp T_54.7;
T_54.6 ;
    %load/vec4 v0x5630cc076900_0;
    %load/vec4 v0x5630cc077680_0;
    %xor;
    %store/vec4 v0x5630cc078320_0, 0, 32;
    %load/vec4 v0x5630cc0763a0_0;
    %load/vec4 v0x5630cc076900_0;
    %xor;
    %load/vec4 v0x5630cc077680_0;
    %xor;
    %store/vec4 v0x5630cc078420_0, 0, 32;
    %load/vec4 v0x5630cc076480_0;
    %load/vec4 v0x5630cc0763a0_0;
    %xor;
    %load/vec4 v0x5630cc076900_0;
    %xor;
    %load/vec4 v0x5630cc077680_0;
    %xor;
    %store/vec4 v0x5630cc077ea0_0, 0, 32;
    %load/vec4 v0x5630cc075f40_0;
    %load/vec4 v0x5630cc076480_0;
    %xor;
    %load/vec4 v0x5630cc0763a0_0;
    %xor;
    %load/vec4 v0x5630cc076900_0;
    %xor;
    %load/vec4 v0x5630cc077680_0;
    %xor;
    %store/vec4 v0x5630cc077f60_0, 0, 32;
    %load/vec4 v0x5630cc078320_0;
    %load/vec4 v0x5630cc078420_0;
    %concat/vec4; draw_concat_vec4
    %load/vec4 v0x5630cc077ea0_0;
    %concat/vec4; draw_concat_vec4
    %load/vec4 v0x5630cc077f60_0;
    %concat/vec4; draw_concat_vec4
    %store/vec4 v0x5630cc074060_0, 0, 128;
    %load/vec4 v0x5630cc078320_0;
    %load/vec4 v0x5630cc078420_0;
    %concat/vec4; draw_concat_vec4
    %load/vec4 v0x5630cc077ea0_0;
    %concat/vec4; draw_concat_vec4
    %load/vec4 v0x5630cc077f60_0;
    %concat/vec4; draw_concat_vec4
    %store/vec4 v0x5630cc072e60_0, 0, 128;
    %pushi/vec4 1, 0, 1;
    %store/vec4 v0x5630cc072a00_0, 0, 1;
    %pushi/vec4 1, 0, 1;
    %store/vec4 v0x5630cc072580_0, 0, 1;
T_54.7 ;
    %jmp T_54.5;
T_54.3 ;
    %load/vec4 v0x5630cc070a80_0;
    %pad/u 32;
    %cmpi/e 0, 0, 32;
    %jmp/0xz  T_54.8, 4;
    %load/vec4 v0x5630cc075240_0;
    %parti/s 128, 128, 9;
    %store/vec4 v0x5630cc074060_0, 0, 128;
    %load/vec4 v0x5630cc075240_0;
    %parti/s 128, 128, 9;
    %store/vec4 v0x5630cc073220_0, 0, 128;
    %pushi/vec4 1, 0, 1;
    %store/vec4 v0x5630cc072da0_0, 0, 1;
    %jmp T_54.9;
T_54.8 ;
    %load/vec4 v0x5630cc070a80_0;
    %pad/u 32;
    %cmpi/e 1, 0, 32;
    %jmp/0xz  T_54.10, 4;
    %load/vec4 v0x5630cc075240_0;
    %parti/s 128, 0, 2;
    %store/vec4 v0x5630cc074060_0, 0, 128;
    %load/vec4 v0x5630cc075240_0;
    %parti/s 128, 0, 2;
    %store/vec4 v0x5630cc072e60_0, 0, 128;
    %pushi/vec4 1, 0, 1;
    %store/vec4 v0x5630cc072a00_0, 0, 1;
    %pushi/vec4 1, 0, 1;
    %store/vec4 v0x5630cc072580_0, 0, 1;
    %jmp T_54.11;
T_54.10 ;
    %load/vec4 v0x5630cc070a80_0;
    %parti/s 1, 0, 2;
    %pad/u 32;
    %cmpi/e 0, 0, 32;
    %jmp/0xz  T_54.12, 4;
    %load/vec4 v0x5630cc077200_0;
    %load/vec4 v0x5630cc077680_0;
    %xor;
    %store/vec4 v0x5630cc078320_0, 0, 32;
    %load/vec4 v0x5630cc076ca0_0;
    %load/vec4 v0x5630cc077200_0;
    %xor;
    %load/vec4 v0x5630cc077680_0;
    %xor;
    %store/vec4 v0x5630cc078420_0, 0, 32;
    %load/vec4 v0x5630cc076d80_0;
    %load/vec4 v0x5630cc076ca0_0;
    %xor;
    %load/vec4 v0x5630cc077200_0;
    %xor;
    %load/vec4 v0x5630cc077680_0;
    %xor;
    %store/vec4 v0x5630cc077ea0_0, 0, 32;
    %load/vec4 v0x5630cc076820_0;
    %load/vec4 v0x5630cc076d80_0;
    %xor;
    %load/vec4 v0x5630cc076ca0_0;
    %xor;
    %load/vec4 v0x5630cc077200_0;
    %xor;
    %load/vec4 v0x5630cc077680_0;
    %xor;
    %store/vec4 v0x5630cc077f60_0, 0, 32;
    %jmp T_54.13;
T_54.12 ;
    %load/vec4 v0x5630cc077200_0;
    %load/vec4 v0x5630cc077120_0;
    %xor;
    %store/vec4 v0x5630cc078320_0, 0, 32;
    %load/vec4 v0x5630cc076ca0_0;
    %load/vec4 v0x5630cc077200_0;
    %xor;
    %load/vec4 v0x5630cc077120_0;
    %xor;
    %store/vec4 v0x5630cc078420_0, 0, 32;
    %load/vec4 v0x5630cc076d80_0;
    %load/vec4 v0x5630cc076ca0_0;
    %xor;
    %load/vec4 v0x5630cc077200_0;
    %xor;
    %load/vec4 v0x5630cc077120_0;
    %xor;
    %store/vec4 v0x5630cc077ea0_0, 0, 32;
    %load/vec4 v0x5630cc076820_0;
    %load/vec4 v0x5630cc076d80_0;
    %xor;
    %load/vec4 v0x5630cc076ca0_0;
    %xor;
    %load/vec4 v0x5630cc077200_0;
    %xor;
    %load/vec4 v0x5630cc077120_0;
    %xor;
    %store/vec4 v0x5630cc077f60_0, 0, 32;
    %pushi/vec4 1, 0, 1;
    %store/vec4 v0x5630cc072580_0, 0, 1;
T_54.13 ;
    %load/vec4 v0x5630cc078320_0;
    %load/vec4 v0x5630cc078420_0;
    %concat/vec4; draw_concat_vec4
    %load/vec4 v0x5630cc077ea0_0;
    %concat/vec4; draw_concat_vec4
    %load/vec4 v0x5630cc077f60_0;
    %concat/vec4; draw_concat_vec4
    %store/vec4 v0x5630cc074060_0, 0, 128;
    %load/vec4 v0x5630cc078320_0;
    %load/vec4 v0x5630cc078420_0;
    %concat/vec4; draw_concat_vec4
    %load/vec4 v0x5630cc077ea0_0;
    %concat/vec4; draw_concat_vec4
    %load/vec4 v0x5630cc077f60_0;
    %concat/vec4; draw_concat_vec4
    %store/vec4 v0x5630cc072e60_0, 0, 128;
    %pushi/vec4 1, 0, 1;
    %store/vec4 v0x5630cc072a00_0, 0, 1;
    %load/vec4 v0x5630cc072920_0;
    %store/vec4 v0x5630cc073220_0, 0, 128;
    %pushi/vec4 1, 0, 1;
    %store/vec4 v0x5630cc072da0_0, 0, 1;
T_54.11 ;
T_54.9 ;
    %jmp T_54.5;
T_54.5 ;
    %pop/vec4 1;
T_54.0 ;
    %end;
    .scope S_0x5630cc07c6a0;
t_30 %join;
    %jmp T_54;
    .thread T_54, $push;
    .scope S_0x5630cc07c6a0;
T_55 ;
    %wait E_0x5630cc07b4a0;
    %fork t_33, S_0x5630cc079e20;
    %jmp t_32;
    .scope S_0x5630cc079e20;
t_33 ;
    %pushi/vec4 0, 0, 8;
    %store/vec4 v0x5630cc0724a0_0, 0, 8;
    %pushi/vec4 0, 0, 1;
    %store/vec4 v0x5630cc071ba0_0, 0, 1;
    %load/vec4 v0x5630cc072020_0;
    %parti/s 7, 0, 2;
    %concati/vec4 0, 0, 1;
    %pushi/vec4 27, 0, 8;
    %load/vec4 v0x5630cc072020_0;
    %parti/s 1, 7, 4;
    %replicate 8;
    %and;
    %xor;
    %store/vec4 v0x5630cc0799a0_0, 0, 8;
    %load/vec4 v0x5630cc072100_0;
    %flag_set/vec4 8;
    %jmp/0xz  T_55.0, 8;
    %pushi/vec4 141, 0, 8;
    %store/vec4 v0x5630cc0724a0_0, 0, 8;
    %pushi/vec4 1, 0, 1;
    %store/vec4 v0x5630cc071ba0_0, 0, 1;
T_55.0 ;
    %load/vec4 v0x5630cc072580_0;
    %flag_set/vec4 8;
    %jmp/0xz  T_55.2, 8;
    %load/vec4 v0x5630cc0799a0_0;
    %store/vec4 v0x5630cc0724a0_0, 0, 8;
    %pushi/vec4 1, 0, 1;
    %store/vec4 v0x5630cc071ba0_0, 0, 1;
T_55.2 ;
    %end;
    .scope S_0x5630cc07c6a0;
t_32 %join;
    %jmp T_55;
    .thread T_55, $push;
    .scope S_0x5630cc07c6a0;
T_56 ;
    %wait E_0x5630cc07bee0;
    %fork t_35, S_0x5630cc078c20;
    %jmp t_34;
    .scope S_0x5630cc078c20;
t_35 ;
    %pushi/vec4 0, 0, 4;
    %store/vec4 v0x5630cc0709a0_0, 0, 4;
    %pushi/vec4 0, 0, 1;
    %store/vec4 v0x5630cbdfa260_0, 0, 1;
    %load/vec4 v0x5630cc070520_0;
    %flag_set/vec4 8;
    %jmp/0xz  T_56.0, 8;
    %pushi/vec4 0, 0, 4;
    %store/vec4 v0x5630cc0709a0_0, 0, 4;
    %pushi/vec4 1, 0, 1;
    %store/vec4 v0x5630cbdfa260_0, 0, 1;
    %jmp T_56.1;
T_56.0 ;
    %load/vec4 v0x5630cc070f00_0;
    %flag_set/vec4 8;
    %jmp/0xz  T_56.2, 8;
    %load/vec4 v0x5630cc070a80_0;
    %addi 1, 0, 4;
    %store/vec4 v0x5630cc0709a0_0, 0, 4;
    %pushi/vec4 1, 0, 1;
    %store/vec4 v0x5630cbdfa260_0, 0, 1;
T_56.2 ;
T_56.1 ;
    %end;
    .scope S_0x5630cc07c6a0;
t_34 %join;
    %jmp T_56;
    .thread T_56, $push;
    .scope S_0x5630cc07c6a0;
T_57 ;
    %wait E_0x5630cc07ba80;
    %fork t_37, S_0x5630cc075aa0;
    %jmp t_36;
    .scope S_0x5630cc075aa0;
t_37 ;
    %load/vec4 v0x5630cc06f7a0_0;
    %store/vec4 v0x5630cc06fce0_0, 0, 16;
    %pushi/vec4 0, 0, 1;
    %store/vec4 v0x5630cc06f320_0, 0, 1;
    %pushi/vec4 0, 0, 1;
    %store/vec4 v0x5630cc06fc20_0, 0, 1;
    %pushi/vec4 0, 0, 1;
    %store/vec4 v0x5630cc06f880_0, 0, 1;
    %load/vec4 v0x5630cc06eea0_0;
    %store/vec4 v0x5630cc06f3e0_0, 0, 1;
    %pushi/vec4 0, 0, 1;
    %store/vec4 v0x5630cc06ef40_0, 0, 1;
    %load/vec4 v0x5630cc06eea0_0;
    %nor/r;
    %flag_set/vec4 8;
    %jmp/0xz  T_57.0, 8;
    %load/vec4 v0x5630cc074460_0;
    %pushi/vec4 3, 0, 3;
    %cmp/e;
    %flag_get/vec4 4;
    %load/vec4 v0x5630cc0717c0_0;
    %pushi/vec4 0, 0, 1;
    %cmp/e;
    %flag_get/vec4 4;
    %and;
    %flag_set/vec4 8;
    %jmp/0xz  T_57.2, 8;
    %load/vec4 v0x5630cc06f7a0_0;
    %addi 1, 0, 16;
    %store/vec4 v0x5630cc06fce0_0, 0, 16;
    %pushi/vec4 1, 0, 1;
    %store/vec4 v0x5630cc06f320_0, 0, 1;
    %pushi/vec4 1, 0, 1;
    %store/vec4 v0x5630cc06fc20_0, 0, 1;
T_57.2 ;
T_57.0 ;
    %load/vec4 v0x5630cc071360_0;
    %nor/r;
    %flag_set/vec4 8;
    %jmp/0xz  T_57.4, 8;
    %pushi/vec4 0, 0, 16;
    %store/vec4 v0x5630cc06fce0_0, 0, 16;
    %pushi/vec4 1, 0, 1;
    %store/vec4 v0x5630cc06f320_0, 0, 1;
    %pushi/vec4 0, 0, 1;
    %store/vec4 v0x5630cc06f3e0_0, 0, 1;
    %pushi/vec4 1, 0, 1;
    %store/vec4 v0x5630cc06ef40_0, 0, 1;
T_57.4 ;
    %pushi/vec4 862, 0, 16;
    %load/vec4 v0x5630cc06f7a0_0;
    %cmp/u;
    %flag_get/vec4 4;
    %flag_get/vec4 5;
    %or;
    %load/vec4 v0x5630cc06eea0_0;
    %inv;
    %and;
    %flag_set/vec4 8;
    %jmp/0xz  T_57.6, 8;
    %pushi/vec4 1, 0, 1;
    %store/vec4 v0x5630cc06f3e0_0, 0, 1;
    %pushi/vec4 1, 0, 1;
    %store/vec4 v0x5630cc06ef40_0, 0, 1;
T_57.6 ;
    %load/vec4 v0x5630cc071360_0;
    %nor/r;
    %flag_set/vec4 8;
    %jmp/0xz  T_57.8, 8;
    %pushi/vec4 0, 0, 1;
    %store/vec4 v0x5630cc06f3e0_0, 0, 1;
    %pushi/vec4 1, 0, 1;
    %store/vec4 v0x5630cc06ef40_0, 0, 1;
T_57.8 ;
    %end;
    .scope S_0x5630cc07c6a0;
t_36 %join;
    %jmp T_57;
    .thread T_57, $push;
    .scope S_0x5630cc07c6a0;
T_58 ;
    %wait E_0x5630cc07c380;
    %fork t_39, S_0x5630cc07aba0;
    %jmp t_38;
    .scope S_0x5630cc07aba0;
t_39 ;
    %pushi/vec4 0, 0, 1;
    %store/vec4 v0x5630cc071720_0, 0, 1;
    %pushi/vec4 0, 0, 1;
    %store/vec4 v0x5630cc0712a0_0, 0, 1;
    %pushi/vec4 0, 0, 1;
    %store/vec4 v0x5630cbdfa430_0, 0, 1;
    %pushi/vec4 0, 0, 1;
    %store/vec4 v0x5630cc070520_0, 0, 1;
    %pushi/vec4 0, 0, 1;
    %store/vec4 v0x5630cc070f00_0, 0, 1;
    %pushi/vec4 0, 0, 3;
    %store/vec4 v0x5630cc0749a0_0, 0, 3;
    %pushi/vec4 0, 0, 1;
    %store/vec4 v0x5630cc073fa0_0, 0, 1;
    %load/vec4 v0x5630cc0736a0_0;
    %cmpi/e 0, 0, 1;
    %jmp/0xz  T_58.0, 4;
    %pushi/vec4 10, 0, 4;
    %store/vec4 v0x5630cc07a720_0, 0, 4;
    %jmp T_58.1;
T_58.0 ;
    %pushi/vec4 14, 0, 4;
    %store/vec4 v0x5630cc07a720_0, 0, 4;
T_58.1 ;
    %load/vec4 v0x5630cc06eea0_0;
    %flag_set/vec4 8;
    %jmp/0xz  T_58.2, 8;
    %pushi/vec4 0, 0, 1;
    %store/vec4 v0x5630cc071720_0, 0, 1;
    %pushi/vec4 1, 0, 1;
    %store/vec4 v0x5630cc0712a0_0, 0, 1;
    %pushi/vec4 0, 0, 1;
    %store/vec4 v0x5630cbdfa430_0, 0, 1;
    %pushi/vec4 0, 0, 1;
    %store/vec4 v0x5630cc070520_0, 0, 1;
    %pushi/vec4 0, 0, 1;
    %store/vec4 v0x5630cc070f00_0, 0, 1;
    %pushi/vec4 0, 0, 3;
    %store/vec4 v0x5630cc0749a0_0, 0, 3;
    %pushi/vec4 1, 0, 1;
    %store/vec4 v0x5630cc073fa0_0, 0, 1;
    %jmp T_58.3;
T_58.2 ;
    %load/vec4 v0x5630cc074460_0;
    %dup/vec4;
    %pushi/vec4 0, 0, 3;
    %cmp/u;
    %jmp/1 T_58.4, 6;
    %dup/vec4;
    %pushi/vec4 1, 0, 3;
    %cmp/u;
    %jmp/1 T_58.5, 6;
    %dup/vec4;
    %pushi/vec4 2, 0, 3;
    %cmp/u;
    %jmp/1 T_58.6, 6;
    %dup/vec4;
    %pushi/vec4 3, 0, 3;
    %cmp/u;
    %jmp/1 T_58.7, 6;
    %jmp T_58.9;
T_58.4 ;
    %load/vec4 v0x5630cc0751a0_0;
    %flag_set/vec4 8;
    %jmp/0xz  T_58.10, 8;
    %pushi/vec4 0, 0, 1;
    %store/vec4 v0x5630cc071720_0, 0, 1;
    %pushi/vec4 1, 0, 1;
    %store/vec4 v0x5630cc0712a0_0, 0, 1;
    %pushi/vec4 1, 0, 3;
    %store/vec4 v0x5630cc0749a0_0, 0, 3;
    %pushi/vec4 1, 0, 1;
    %store/vec4 v0x5630cc073fa0_0, 0, 1;
T_58.10 ;
    %jmp T_58.9;
T_58.5 ;
    %pushi/vec4 1, 0, 1;
    %store/vec4 v0x5630cc070520_0, 0, 1;
    %pushi/vec4 2, 0, 3;
    %store/vec4 v0x5630cc0749a0_0, 0, 3;
    %pushi/vec4 1, 0, 1;
    %store/vec4 v0x5630cc073fa0_0, 0, 1;
    %jmp T_58.9;
T_58.6 ;
    %pushi/vec4 1, 0, 1;
    %store/vec4 v0x5630cc070f00_0, 0, 1;
    %pushi/vec4 1, 0, 1;
    %store/vec4 v0x5630cbdfa430_0, 0, 1;
    %load/vec4 v0x5630cc070a80_0;
    %load/vec4 v0x5630cc07a720_0;
    %cmp/e;
    %jmp/0xz  T_58.12, 4;
    %pushi/vec4 3, 0, 3;
    %store/vec4 v0x5630cc0749a0_0, 0, 3;
    %pushi/vec4 1, 0, 1;
    %store/vec4 v0x5630cc073fa0_0, 0, 1;
T_58.12 ;
    %jmp T_58.9;
T_58.7 ;
    %pushi/vec4 1, 0, 1;
    %store/vec4 v0x5630cc071720_0, 0, 1;
    %pushi/vec4 1, 0, 1;
    %store/vec4 v0x5630cc0712a0_0, 0, 1;
    %pushi/vec4 0, 0, 3;
    %store/vec4 v0x5630cc0749a0_0, 0, 3;
    %pushi/vec4 1, 0, 1;
    %store/vec4 v0x5630cc073fa0_0, 0, 1;
    %jmp T_58.9;
T_58.9 ;
    %pop/vec4 1;
T_58.3 ;
    %end;
    .scope S_0x5630cc07c6a0;
t_38 %join;
    %jmp T_58;
    .thread T_58, $push;
    .scope S_0x5630cc06dca0;
T_59 ;
    %wait E_0x5630cc06eb80;
    %load/vec4 v0x5630cc069020_0;
    %nor/r;
    %flag_set/vec4 8;
    %jmp/0xz  T_59.0, 8;
    %pushi/vec4 0, 0, 10;
    %assign/vec4 v0x5630cc069e80_0, 0;
    %pushi/vec4 0, 0, 1;
    %assign/vec4 v0x5630cc0694a0_0, 0;
    %jmp T_59.1;
T_59.0 ;
    %load/vec4 v0x5630cc0694a0_0;
    %inv;
    %flag_set/vec4 8;
    %jmp/0xz  T_59.2, 8;
    %load/vec4 v0x5630cc069940_0;
    %flag_set/vec4 8;
    %jmp/0xz  T_59.4, 8;
    %load/vec4 v0x5630cc069e80_0;
    %cmpi/e 861, 0, 10;
    %jmp/0xz  T_59.6, 4;
    %load/vec4 v0x5630cc069e80_0;
    %addi 1, 0, 10;
    %assign/vec4 v0x5630cc069e80_0, 0;
    %pushi/vec4 1, 0, 1;
    %assign/vec4 v0x5630cc0694a0_0, 0;
    %jmp T_59.7;
T_59.6 ;
    %load/vec4 v0x5630cc069e80_0;
    %cmpi/u 861, 0, 10;
    %jmp/0xz  T_59.8, 5;
    %load/vec4 v0x5630cc069e80_0;
    %addi 1, 0, 10;
    %assign/vec4 v0x5630cc069e80_0, 0;
    %jmp T_59.9;
T_59.8 ;
    %load/vec4 v0x5630cc069e80_0;
    %assign/vec4 v0x5630cc069e80_0, 0;
T_59.9 ;
T_59.7 ;
T_59.4 ;
T_59.2 ;
T_59.1 ;
    %jmp T_59;
    .thread T_59;
    .scope S_0x5630cbfde260;
T_60 ;
    %wait E_0x5630cbed4500;
    %fork t_41, S_0x5630cc06e5a0;
    %jmp t_40;
    .scope S_0x5630cc06e5a0;
t_41 ;
    %load/vec4 v0x5630cc05e9a0_0;
    %nor/r;
    %flag_set/vec4 8;
    %jmp/0xz  T_60.0, 8;
    %pushi/vec4 0, 0, 1;
    %assign/vec4 v0x5630cbe5c480_0, 0;
    %pushi/vec4 1, 0, 1;
    %assign/vec4 v0x5630cc05ee20_0, 0;
    %pushi/vec4 0, 0, 2;
    %assign/vec4 v0x5630cc062d20_0, 0;
    %pushi/vec4 0, 0, 10;
    %assign/vec4 v0x5630cc05e160_0, 0;
    %pushi/vec4 0, 0, 1;
    %assign/vec4 v0x5630cc02df60_0, 0;
    %jmp T_60.1;
T_60.0 ;
    %load/vec4 v0x5630cc05e520_0;
    %flag_set/vec4 8;
    %jmp/0xz  T_60.2, 8;
    %load/vec4 v0x5630cbe5c3c0_0;
    %assign/vec4 v0x5630cbe5c480_0, 0;
T_60.2 ;
    %load/vec4 v0x5630cc05eec0_0;
    %flag_set/vec4 8;
    %jmp/0xz  T_60.4, 8;
    %load/vec4 v0x5630cc05f360_0;
    %assign/vec4 v0x5630cc05ee20_0, 0;
T_60.4 ;
    %load/vec4 v0x5630cc062e00_0;
    %flag_set/vec4 8;
    %jmp/0xz  T_60.6, 8;
    %load/vec4 v0x5630cc0631f0_0;
    %assign/vec4 v0x5630cc062d20_0, 0;
T_60.6 ;
    %load/vec4 v0x5630cc05e0a0_0;
    %flag_set/vec4 8;
    %jmp/0xz  T_60.8, 8;
    %load/vec4 v0x5630cc05e160_0;
    %addi 1, 0, 10;
    %assign/vec4 v0x5630cc05e160_0, 0;
    %jmp T_60.9;
T_60.8 ;
    %load/vec4 v0x5630cc060da0_0;
    %flag_set/vec4 8;
    %jmp/0xz  T_60.10, 8;
    %pushi/vec4 0, 0, 10;
    %assign/vec4 v0x5630cc05e160_0, 0;
T_60.10 ;
T_60.9 ;
    %load/vec4 v0x5630cc02c040_0;
    %flag_set/vec4 8;
    %jmp/0xz  T_60.12, 8;
    %load/vec4 v0x5630cc02dea0_0;
    %assign/vec4 v0x5630cc02df60_0, 0;
T_60.12 ;
T_60.1 ;
    %end;
    .scope S_0x5630cbfde260;
t_40 %join;
    %jmp T_60;
    .thread T_60;
    .scope S_0x5630cbfde260;
T_61 ;
    %wait E_0x5630cc0adf70;
    %fork t_43, S_0x5630cbe26eb0;
    %jmp t_42;
    .scope S_0x5630cbe26eb0;
t_43 ;
    %load/vec4 v0x5630cc060e70_0;
    %flag_set/vec4 8;
    %jmp/0xz  T_61.0, 8;
    %load/vec4 v0x5630cc060540_0;
    %store/vec4 v0x5630cc05fc70_0, 0, 32;
    %jmp T_61.1;
T_61.0 ;
    %load/vec4 v0x5630cc061220_0;
    %store/vec4 v0x5630cc05fc70_0, 0, 32;
T_61.1 ;
    %end;
    .scope S_0x5630cbfde260;
t_42 %join;
    %jmp T_61;
    .thread T_61, $push;
    .scope S_0x5630cbfde260;
T_62 ;
    %wait E_0x5630cbd0f9d0;
    %fork t_45, S_0x5630cc07cb20;
    %jmp t_44;
    .scope S_0x5630cc07cb20;
t_45 ;
    %load/vec4 v0x5630cc02df60_0;
    %flag_set/vec4 8;
    %jmp/0xz  T_62.0, 8;
    %pushi/vec4 0, 0, 1;
    %store/vec4 v0x5630cc061bc0_0, 0, 1;
    %pushi/vec4 0, 0, 1;
    %store/vec4 v0x5630cc0624e0_0, 0, 1;
    %load/vec4 v0x5630cc0612c0_0;
    %flag_set/vec4 8;
    %jmp/0 T_62.2, 8;
    %load/vec4 v0x5630cc061740_0;
    %jmp/1 T_62.3, 8;
T_62.2 ; End of true expr.
    %load/vec4 v0x5630cc062040_0;
    %jmp/0 T_62.3, 8;
 ; End of false expr.
    %blend;
T_62.3;
    %store/vec4 v0x5630cc05fba0_0, 0, 4;
    %load/vec4 v0x5630cc0612c0_0;
    %flag_set/vec4 8;
    %jmp/0 T_62.4, 8;
    %load/vec4 v0x5630cc061b20_0;
    %jmp/1 T_62.5, 8;
T_62.4 ; End of true expr.
    %load/vec4 v0x5630cc062420_0;
    %jmp/0 T_62.5, 8;
 ; End of false expr.
    %blend;
T_62.5;
    %store/vec4 v0x5630cc060020_0, 0, 128;
    %pushi/vec4 0, 0, 1;
    %store/vec4 v0x5630cc0600c0_0, 0, 1;
    %jmp T_62.1;
T_62.0 ;
    %pushi/vec4 0, 0, 1;
    %store/vec4 v0x5630cc061bc0_0, 0, 1;
    %pushi/vec4 0, 0, 1;
    %store/vec4 v0x5630cc0624e0_0, 0, 1;
    %load/vec4 v0x5630cc0612c0_0;
    %flag_set/vec4 8;
    %jmp/0xz  T_62.6, 8;
    %load/vec4 v0x5630cc05f7c0_0;
    %store/vec4 v0x5630cc061bc0_0, 0, 1;
    %load/vec4 v0x5630cc061740_0;
    %store/vec4 v0x5630cc05fba0_0, 0, 4;
    %load/vec4 v0x5630cc061b20_0;
    %store/vec4 v0x5630cc060020_0, 0, 128;
    %load/vec4 v0x5630cc0616a0_0;
    %store/vec4 v0x5630cc0600c0_0, 0, 1;
    %jmp T_62.7;
T_62.6 ;
    %load/vec4 v0x5630cc05f7c0_0;
    %store/vec4 v0x5630cc0624e0_0, 0, 1;
    %load/vec4 v0x5630cc062040_0;
    %store/vec4 v0x5630cc05fba0_0, 0, 4;
    %load/vec4 v0x5630cc062420_0;
    %store/vec4 v0x5630cc060020_0, 0, 128;
    %load/vec4 v0x5630cc061fa0_0;
    %store/vec4 v0x5630cc0600c0_0, 0, 1;
T_62.7 ;
T_62.1 ;
    %end;
    .scope S_0x5630cbfde260;
t_44 %join;
    %jmp T_62;
    .thread T_62, $push;
    .scope S_0x5630cbfde260;
T_63 ;
    %wait E_0x5630cbdaee40;
    %fork t_47, S_0x5630cbfc9a00;
    %jmp t_46;
    .scope S_0x5630cbfc9a00;
t_47 ;
    %pushi/vec4 0, 0, 1;
    %store/vec4 v0x5630cc060e70_0, 0, 1;
    %pushi/vec4 0, 0, 1;
    %store/vec4 v0x5630cc05f360_0, 0, 1;
    %pushi/vec4 0, 0, 1;
    %store/vec4 v0x5630cc05eec0_0, 0, 1;
    %pushi/vec4 0, 0, 1;
    %store/vec4 v0x5630cbe5c3c0_0, 0, 1;
    %pushi/vec4 0, 0, 1;
    %store/vec4 v0x5630cc05e520_0, 0, 1;
    %pushi/vec4 0, 0, 2;
    %store/vec4 v0x5630cc0631f0_0, 0, 2;
    %pushi/vec4 0, 0, 1;
    %store/vec4 v0x5630cc062e00_0, 0, 1;
    %pushi/vec4 0, 0, 1;
    %store/vec4 v0x5630cc05e0a0_0, 0, 1;
    %load/vec4 v0x5630cc02df60_0;
    %store/vec4 v0x5630cc02dea0_0, 0, 1;
    %pushi/vec4 0, 0, 1;
    %store/vec4 v0x5630cc02c040_0, 0, 1;
    %load/vec4 v0x5630cc062d20_0;
    %dup/vec4;
    %pushi/vec4 0, 0, 2;
    %cmp/u;
    %jmp/1 T_63.0, 6;
    %dup/vec4;
    %pushi/vec4 1, 0, 2;
    %cmp/u;
    %jmp/1 T_63.1, 6;
    %dup/vec4;
    %pushi/vec4 2, 0, 2;
    %cmp/u;
    %jmp/1 T_63.2, 6;
    %pushi/vec4 0, 0, 1;
    %store/vec4 v0x5630cc05e0a0_0, 0, 1;
    %load/vec4 v0x5630cc02df60_0;
    %store/vec4 v0x5630cc02dea0_0, 0, 1;
    %pushi/vec4 0, 0, 1;
    %store/vec4 v0x5630cc02c040_0, 0, 1;
    %jmp T_63.4;
T_63.0 ;
    %load/vec4 v0x5630cc060da0_0;
    %flag_set/vec4 8;
    %jmp/0xz  T_63.5, 8;
    %pushi/vec4 1, 0, 1;
    %store/vec4 v0x5630cc060e70_0, 0, 1;
    %pushi/vec4 0, 0, 1;
    %store/vec4 v0x5630cc05f360_0, 0, 1;
    %pushi/vec4 1, 0, 1;
    %store/vec4 v0x5630cc05eec0_0, 0, 1;
    %pushi/vec4 0, 0, 1;
    %store/vec4 v0x5630cbe5c3c0_0, 0, 1;
    %pushi/vec4 1, 0, 1;
    %store/vec4 v0x5630cc05e520_0, 0, 1;
    %pushi/vec4 1, 0, 2;
    %store/vec4 v0x5630cc0631f0_0, 0, 2;
    %pushi/vec4 1, 0, 1;
    %store/vec4 v0x5630cc062e00_0, 0, 1;
    %jmp T_63.6;
T_63.5 ;
    %load/vec4 v0x5630cc05f7c0_0;
    %flag_set/vec4 8;
    %jmp/0xz  T_63.7, 8;
    %pushi/vec4 0, 0, 1;
    %store/vec4 v0x5630cc060e70_0, 0, 1;
    %pushi/vec4 0, 0, 1;
    %store/vec4 v0x5630cc05f360_0, 0, 1;
    %pushi/vec4 1, 0, 1;
    %store/vec4 v0x5630cc05eec0_0, 0, 1;
    %pushi/vec4 0, 0, 1;
    %store/vec4 v0x5630cbe5c3c0_0, 0, 1;
    %pushi/vec4 1, 0, 1;
    %store/vec4 v0x5630cc05e520_0, 0, 1;
    %pushi/vec4 2, 0, 2;
    %store/vec4 v0x5630cc0631f0_0, 0, 2;
    %pushi/vec4 1, 0, 1;
    %store/vec4 v0x5630cc062e00_0, 0, 1;
    %load/vec4 v0x5630cc0612c0_0;
    %load/vec4 v0x5630cc02df60_0;
    %nor/r;
    %and;
    %flag_set/vec4 8;
    %jmp/0xz  T_63.9, 8;
    %pushi/vec4 1, 0, 1;
    %store/vec4 v0x5630cc05e0a0_0, 0, 1;
T_63.9 ;
T_63.7 ;
T_63.6 ;
    %jmp T_63.4;
T_63.1 ;
    %pushi/vec4 1, 0, 1;
    %store/vec4 v0x5630cc060e70_0, 0, 1;
    %load/vec4 v0x5630cc0609c0_0;
    %flag_set/vec4 8;
    %jmp/0xz  T_63.11, 8;
    %pushi/vec4 1, 0, 1;
    %store/vec4 v0x5630cc05f360_0, 0, 1;
    %pushi/vec4 1, 0, 1;
    %store/vec4 v0x5630cc05eec0_0, 0, 1;
    %pushi/vec4 0, 0, 2;
    %store/vec4 v0x5630cc0631f0_0, 0, 2;
    %pushi/vec4 1, 0, 1;
    %store/vec4 v0x5630cc062e00_0, 0, 1;
T_63.11 ;
    %jmp T_63.4;
T_63.2 ;
    %pushi/vec4 0, 0, 1;
    %store/vec4 v0x5630cc060e70_0, 0, 1;
    %load/vec4 v0x5630cc0600c0_0;
    %flag_set/vec4 8;
    %jmp/0xz  T_63.13, 8;
    %pushi/vec4 1, 0, 1;
    %store/vec4 v0x5630cc05f360_0, 0, 1;
    %pushi/vec4 1, 0, 1;
    %store/vec4 v0x5630cc05eec0_0, 0, 1;
    %pushi/vec4 1, 0, 1;
    %store/vec4 v0x5630cbe5c3c0_0, 0, 1;
    %pushi/vec4 1, 0, 1;
    %store/vec4 v0x5630cc05e520_0, 0, 1;
    %pushi/vec4 0, 0, 2;
    %store/vec4 v0x5630cc0631f0_0, 0, 2;
    %pushi/vec4 1, 0, 1;
    %store/vec4 v0x5630cc062e00_0, 0, 1;
T_63.13 ;
    %jmp T_63.4;
T_63.4 ;
    %pop/vec4 1;
    %load/vec4 v0x5630cc05e160_0;
    %cmpi/u 862, 0, 10;
    %flag_inv 5; GE is !LT
    %jmp/0xz  T_63.15, 5;
    %pushi/vec4 1, 0, 1;
    %store/vec4 v0x5630cc02dea0_0, 0, 1;
    %pushi/vec4 1, 0, 1;
    %store/vec4 v0x5630cc02c040_0, 0, 1;
T_63.15 ;
    %end;
    .scope S_0x5630cbfde260;
t_46 %join;
    %jmp T_63;
    .thread T_63, $push;
    .scope S_0x5630cc09e8a0;
T_64 ;
    %wait E_0x5630cbed4500;
    %fork t_49, S_0x5630cc02bbc0;
    %jmp t_48;
    .scope S_0x5630cc02bbc0;
t_49 ;
    %load/vec4 v0x5630cc026f40_0;
    %nor/r;
    %flag_set/vec4 8;
    %jmp/0xz  T_64.0, 8;
    %pushi/vec4 0, 0, 32;
    %store/vec4 v0x5630cc02b740_0, 0, 32;
T_64.2 ;
    %load/vec4 v0x5630cc02b740_0;
    %cmpi/s 4, 0, 32;
    %jmp/0xz T_64.3, 5;
    %pushi/vec4 0, 0, 32;
    %ix/getv/s 3, v0x5630cc02b740_0;
    %ix/load 4, 0, 0; Constant delay
    %assign/vec4/a/d v0x5630cc02ae40, 0, 4;
    %load/vec4 v0x5630cc02b740_0;
    %addi 1, 0, 32;
    %store/vec4 v0x5630cc02b740_0, 0, 32;
    %jmp T_64.2;
T_64.3 ;
    %pushi/vec4 0, 0, 32;
    %store/vec4 v0x5630cc02b740_0, 0, 32;
T_64.4 ;
    %load/vec4 v0x5630cc02b740_0;
    %cmpi/s 8, 0, 32;
    %jmp/0xz T_64.5, 5;
    %pushi/vec4 0, 0, 32;
    %ix/getv/s 3, v0x5630cc02b740_0;
    %ix/load 4, 0, 0; Constant delay
    %assign/vec4/a/d v0x5630cc028140, 0, 4;
    %load/vec4 v0x5630cc02b740_0;
    %addi 1, 0, 32;
    %store/vec4 v0x5630cc02b740_0, 0, 32;
    %jmp T_64.4;
T_64.5 ;
    %pushi/vec4 0, 0, 1;
    %assign/vec4 v0x5630cc028660_0, 0;
    %pushi/vec4 0, 0, 1;
    %assign/vec4 v0x5630cc027900_0, 0;
    %pushi/vec4 0, 0, 1;
    %assign/vec4 v0x5630cc028ae0_0, 0;
    %pushi/vec4 0, 0, 1;
    %assign/vec4 v0x5630cc027d60_0, 0;
    %pushi/vec4 0, 0, 128;
    %assign/vec4 v0x5630cc026fe0_0, 0;
    %pushi/vec4 0, 0, 1;
    %assign/vec4 v0x5630cc0266e0_0, 0;
    %pushi/vec4 0, 0, 1;
    %assign/vec4 v0x5630cc027480_0, 0;
    %pushi/vec4 0, 0, 10;
    %assign/vec4 v0x5630cc026ba0_0, 0;
    %pushi/vec4 0, 0, 1;
    %assign/vec4 v0x5630cc026640_0, 0;
    %jmp T_64.1;
T_64.0 ;
    %load/vec4 v0x5630cc0293e0_0;
    %assign/vec4 v0x5630cc027480_0, 0;
    %load/vec4 v0x5630cc028f90_0;
    %assign/vec4 v0x5630cc0266e0_0, 0;
    %load/vec4 v0x5630cc028ec0_0;
    %assign/vec4 v0x5630cc026fe0_0, 0;
    %load/vec4 v0x5630cc0285c0_0;
    %assign/vec4 v0x5630cc028660_0, 0;
    %load/vec4 v0x5630cc027840_0;
    %assign/vec4 v0x5630cc027900_0, 0;
    %load/vec4 v0x5630cc02a5e0_0;
    %flag_set/vec4 8;
    %jmp/0xz  T_64.6, 8;
    %load/vec4 v0x5630cbdad690_0;
    %parti/s 1, 0, 2;
    %assign/vec4 v0x5630cc028ae0_0, 0;
    %load/vec4 v0x5630cbdad690_0;
    %parti/s 1, 1, 2;
    %assign/vec4 v0x5630cc027d60_0, 0;
T_64.6 ;
    %load/vec4 v0x5630cc027cc0_0;
    %flag_set/vec4 8;
    %jmp/0xz  T_64.8, 8;
    %load/vec4 v0x5630cbdad690_0;
    %load/vec4 v0x5630cc02b380_0;
    %parti/s 3, 0, 2;
    %pad/u 5;
    %ix/vec4 3;
    %ix/load 4, 0, 0; Constant delay
    %assign/vec4/a/d v0x5630cc028140, 0, 4;
T_64.8 ;
    %load/vec4 v0x5630cc02a9c0_0;
    %flag_set/vec4 8;
    %jmp/0xz  T_64.10, 8;
    %load/vec4 v0x5630cbdad690_0;
    %load/vec4 v0x5630cc02b380_0;
    %parti/s 2, 0, 2;
    %pad/u 4;
    %ix/vec4 3;
    %ix/load 4, 0, 0; Constant delay
    %assign/vec4/a/d v0x5630cc02ae40, 0, 4;
T_64.10 ;
    %load/vec4 v0x5630cc026640_0;
    %nor/r;
    %flag_set/vec4 8;
    %jmp/0xz  T_64.12, 8;
    %load/vec4 v0x5630cc0285c0_0;
    %load/vec4 v0x5630cc027840_0;
    %or;
    %load/vec4 v0x5630cc028ae0_0;
    %pushi/vec4 1, 0, 1;
    %cmp/e;
    %flag_get/vec4 4;
    %and;
    %flag_set/vec4 8;
    %jmp/0xz  T_64.14, 8;
    %load/vec4 v0x5630cc026ba0_0;
    %cmpi/u 862, 0, 10;
    %jmp/0xz  T_64.16, 5;
    %load/vec4 v0x5630cc026ba0_0;
    %addi 1, 0, 10;
    %assign/vec4 v0x5630cc026ba0_0, 0;
    %jmp T_64.17;
T_64.16 ;
    %load/vec4 v0x5630cc026ba0_0;
    %assign/vec4 v0x5630cc026ba0_0, 0;
T_64.17 ;
    %jmp T_64.15;
T_64.14 ;
    %load/vec4 v0x5630cc026ba0_0;
    %assign/vec4 v0x5630cc026ba0_0, 0;
T_64.15 ;
    %load/vec4 v0x5630cc026ba0_0;
    %cmpi/e 862, 0, 10;
    %jmp/0xz  T_64.18, 4;
    %pushi/vec4 1, 0, 1;
    %assign/vec4 v0x5630cc026640_0, 0;
    %jmp T_64.19;
T_64.18 ;
    %pushi/vec4 0, 0, 1;
    %assign/vec4 v0x5630cc026640_0, 0;
T_64.19 ;
    %jmp T_64.13;
T_64.12 ;
    %load/vec4 v0x5630cc026ba0_0;
    %assign/vec4 v0x5630cc026ba0_0, 0;
    %pushi/vec4 1, 0, 1;
    %assign/vec4 v0x5630cc026640_0, 0;
T_64.13 ;
T_64.1 ;
    %end;
    .scope S_0x5630cc09e8a0;
t_48 %join;
    %jmp T_64;
    .thread T_64;
    .scope S_0x5630cc09e8a0;
T_65 ;
    %wait E_0x5630cbdae990;
    %fork t_51, S_0x5630cbed6d60;
    %jmp t_50;
    .scope S_0x5630cbed6d60;
t_51 ;
    %pushi/vec4 0, 0, 1;
    %store/vec4 v0x5630cc0285c0_0, 0, 1;
    %pushi/vec4 0, 0, 1;
    %store/vec4 v0x5630cc027840_0, 0, 1;
    %pushi/vec4 0, 0, 1;
    %store/vec4 v0x5630cc02a5e0_0, 0, 1;
    %pushi/vec4 0, 0, 1;
    %store/vec4 v0x5630cc027cc0_0, 0, 1;
    %pushi/vec4 0, 0, 1;
    %store/vec4 v0x5630cc02a9c0_0, 0, 1;
    %pushi/vec4 0, 0, 32;
    %store/vec4 v0x5630cc026ac0_0, 0, 32;
    %load/vec4 v0x5630cc028a40_0;
    %flag_set/vec4 8;
    %jmp/0xz  T_65.0, 8;
    %load/vec4 v0x5630cbdad5d0_0;
    %flag_set/vec4 8;
    %jmp/0xz  T_65.2, 8;
    %load/vec4 v0x5630cc02b380_0;
    %cmpi/e 8, 0, 8;
    %jmp/0xz  T_65.4, 4;
    %load/vec4 v0x5630cc026640_0;
    %nor/r;
    %flag_set/vec4 8;
    %jmp/0xz  T_65.6, 8;
    %load/vec4 v0x5630cbdad690_0;
    %parti/s 1, 0, 2;
    %store/vec4 v0x5630cc0285c0_0, 0, 1;
    %load/vec4 v0x5630cbdad690_0;
    %parti/s 1, 1, 2;
    %store/vec4 v0x5630cc027840_0, 0, 1;
    %jmp T_65.7;
T_65.6 ;
    %pushi/vec4 0, 0, 1;
    %store/vec4 v0x5630cc0285c0_0, 0, 1;
    %pushi/vec4 0, 0, 1;
    %store/vec4 v0x5630cc027840_0, 0, 1;
T_65.7 ;
T_65.4 ;
    %load/vec4 v0x5630cc02b380_0;
    %cmpi/e 10, 0, 8;
    %jmp/0xz  T_65.8, 4;
    %pushi/vec4 1, 0, 1;
    %store/vec4 v0x5630cc02a5e0_0, 0, 1;
T_65.8 ;
    %pushi/vec4 16, 0, 8;
    %load/vec4 v0x5630cc02b380_0;
    %cmp/u;
    %flag_get/vec4 4;
    %flag_get/vec4 5;
    %or;
    %load/vec4 v0x5630cc02b380_0;
    %cmpi/u 23, 0, 8;
    %flag_get/vec4 4;
    %flag_get/vec4 5;
    %or;
    %and;
    %flag_set/vec4 8;
    %jmp/0xz  T_65.10, 8;
    %pushi/vec4 1, 0, 1;
    %store/vec4 v0x5630cc027cc0_0, 0, 1;
T_65.10 ;
    %pushi/vec4 32, 0, 8;
    %load/vec4 v0x5630cc02b380_0;
    %cmp/u;
    %flag_get/vec4 4;
    %flag_get/vec4 5;
    %or;
    %load/vec4 v0x5630cc02b380_0;
    %cmpi/u 35, 0, 8;
    %flag_get/vec4 4;
    %flag_get/vec4 5;
    %or;
    %and;
    %flag_set/vec4 8;
    %jmp/0xz  T_65.12, 8;
    %pushi/vec4 1, 0, 1;
    %store/vec4 v0x5630cc02a9c0_0, 0, 1;
T_65.12 ;
    %jmp T_65.3;
T_65.2 ;
    %load/vec4 v0x5630cc02b380_0;
    %dup/vec4;
    %pushi/vec4 0, 0, 8;
    %cmp/u;
    %jmp/1 T_65.14, 6;
    %dup/vec4;
    %pushi/vec4 1, 0, 8;
    %cmp/u;
    %jmp/1 T_65.15, 6;
    %dup/vec4;
    %pushi/vec4 2, 0, 8;
    %cmp/u;
    %jmp/1 T_65.16, 6;
    %dup/vec4;
    %pushi/vec4 8, 0, 8;
    %cmp/u;
    %jmp/1 T_65.17, 6;
    %dup/vec4;
    %pushi/vec4 9, 0, 8;
    %cmp/u;
    %jmp/1 T_65.18, 6;
    %jmp T_65.20;
T_65.14 ;
    %pushi/vec4 1634038560, 0, 32;
    %store/vec4 v0x5630cc026ac0_0, 0, 32;
    %jmp T_65.20;
T_65.15 ;
    %pushi/vec4 538976288, 0, 32;
    %store/vec4 v0x5630cc026ac0_0, 0, 32;
    %jmp T_65.20;
T_65.16 ;
    %pushi/vec4 808334896, 0, 32;
    %store/vec4 v0x5630cc026ac0_0, 0, 32;
    %jmp T_65.20;
T_65.17 ;
    %pushi/vec4 0, 0, 28;
    %load/vec4 v0x5630cc027d60_0;
    %concat/vec4; draw_concat_vec4
    %load/vec4 v0x5630cc028ae0_0;
    %concat/vec4; draw_concat_vec4
    %load/vec4 v0x5630cc027900_0;
    %concat/vec4; draw_concat_vec4
    %load/vec4 v0x5630cc028660_0;
    %concat/vec4; draw_concat_vec4
    %store/vec4 v0x5630cc026ac0_0, 0, 32;
    %jmp T_65.20;
T_65.18 ;
    %pushi/vec4 0, 0, 30;
    %load/vec4 v0x5630cc0266e0_0;
    %concat/vec4; draw_concat_vec4
    %load/vec4 v0x5630cc027480_0;
    %concat/vec4; draw_concat_vec4
    %store/vec4 v0x5630cc026ac0_0, 0, 32;
    %jmp T_65.20;
T_65.20 ;
    %pop/vec4 1;
    %pushi/vec4 48, 0, 8;
    %load/vec4 v0x5630cc02b380_0;
    %cmp/u;
    %flag_get/vec4 4;
    %flag_get/vec4 5;
    %or;
    %load/vec4 v0x5630cc02b380_0;
    %cmpi/u 51, 0, 8;
    %flag_get/vec4 4;
    %flag_get/vec4 5;
    %or;
    %and;
    %flag_set/vec4 8;
    %jmp/0xz  T_65.21, 8;
    %load/vec4 v0x5630cc026fe0_0;
    %pushi/vec4 3, 0, 32;
    %load/vec4 v0x5630cc02b380_0;
    %pad/u 32;
    %subi 48, 0, 32;
    %sub;
    %muli 32, 0, 32;
    %part/u 32;
    %store/vec4 v0x5630cc026ac0_0, 0, 32;
T_65.21 ;
T_65.3 ;
T_65.0 ;
    %end;
    .scope S_0x5630cc09e8a0;
t_50 %join;
    %jmp T_65;
    .thread T_65, $push;
    .scope S_0x5630cc002ac0;
T_66 ;
    %wait E_0x5630cc0239b0;
    %fork t_53, S_0x5630cbff5bc0;
    %jmp t_52;
    .scope S_0x5630cbff5bc0;
t_53 ;
    %load/vec4 v0x5630cbff1840_0;
    %nor/r;
    %flag_set/vec4 8;
    %jmp/0xz  T_66.0, 8;
    %pushi/vec4 0, 0, 10;
    %assign/vec4 v0x5630cbfef440_0, 0;
    %jmp T_66.1;
T_66.0 ;
    %load/vec4 v0x5630cbfeefc0_0;
    %flag_set/vec4 8;
    %jmp/0xz  T_66.2, 8;
    %load/vec4 v0x5630cbfef980_0;
    %assign/vec4 v0x5630cbfef440_0, 0;
T_66.2 ;
T_66.1 ;
    %end;
    .scope S_0x5630cc002ac0;
t_52 %join;
    %jmp T_66;
    .thread T_66;
    .scope S_0x5630cc002ac0;
T_67 ;
    %wait E_0x5630cc0239b0;
    %fork t_55, S_0x5630cbffa3c0;
    %jmp t_54;
    .scope S_0x5630cbffa3c0;
t_55 ;
    %load/vec4 v0x5630cbff1840_0;
    %nor/r;
    %flag_set/vec4 8;
    %jmp/0xz  T_67.0, 8;
    %pushi/vec4 0, 0, 32;
    %assign/vec4 v0x5630cbff4e40_0, 0;
    %pushi/vec4 0, 0, 32;
    %assign/vec4 v0x5630cbff49c0_0, 0;
    %pushi/vec4 0, 0, 32;
    %assign/vec4 v0x5630cbff4540_0, 0;
    %pushi/vec4 0, 0, 32;
    %assign/vec4 v0x5630cbff4170_0, 0;
    %pushi/vec4 0, 0, 2;
    %assign/vec4 v0x5630cbff02a0_0, 0;
    %pushi/vec4 0, 0, 4;
    %assign/vec4 v0x5630cbff0f40_0, 0;
    %pushi/vec4 1, 0, 1;
    %assign/vec4 v0x5630cbff1cc0_0, 0;
    %pushi/vec4 0, 0, 2;
    %assign/vec4 v0x5630cbff3880_0, 0;
    %jmp T_67.1;
T_67.0 ;
    %load/vec4 v0x5630cbff4f20_0;
    %flag_set/vec4 8;
    %jmp/0xz  T_67.2, 8;
    %load/vec4 v0x5630cbff5380_0;
    %parti/s 32, 96, 8;
    %assign/vec4 v0x5630cbff4e40_0, 0;
T_67.2 ;
    %load/vec4 v0x5630cbff4a80_0;
    %flag_set/vec4 8;
    %jmp/0xz  T_67.4, 8;
    %load/vec4 v0x5630cbff5380_0;
    %parti/s 32, 64, 8;
    %assign/vec4 v0x5630cbff49c0_0, 0;
T_67.4 ;
    %load/vec4 v0x5630cbff4600_0;
    %flag_set/vec4 8;
    %jmp/0xz  T_67.6, 8;
    %load/vec4 v0x5630cbff5380_0;
    %parti/s 32, 32, 7;
    %assign/vec4 v0x5630cbff4540_0, 0;
T_67.6 ;
    %load/vec4 v0x5630cbff3c40_0;
    %flag_set/vec4 8;
    %jmp/0xz  T_67.8, 8;
    %load/vec4 v0x5630cbff5380_0;
    %parti/s 32, 0, 2;
    %assign/vec4 v0x5630cbff4170_0, 0;
T_67.8 ;
    %load/vec4 v0x5630cbfefde0_0;
    %flag_set/vec4 8;
    %jmp/0xz  T_67.10, 8;
    %load/vec4 v0x5630cbff01c0_0;
    %assign/vec4 v0x5630cbff02a0_0, 0;
T_67.10 ;
    %load/vec4 v0x5630cbff0ac0_0;
    %flag_set/vec4 8;
    %jmp/0xz  T_67.12, 8;
    %load/vec4 v0x5630cbff1480_0;
    %assign/vec4 v0x5630cbff0f40_0, 0;
T_67.12 ;
    %load/vec4 v0x5630cbff1d80_0;
    %flag_set/vec4 8;
    %jmp/0xz  T_67.14, 8;
    %load/vec4 v0x5630cbff21e0_0;
    %assign/vec4 v0x5630cbff1cc0_0, 0;
T_67.14 ;
    %load/vec4 v0x5630cbff3340_0;
    %flag_set/vec4 8;
    %jmp/0xz  T_67.16, 8;
    %load/vec4 v0x5630cbff37c0_0;
    %assign/vec4 v0x5630cbff3880_0, 0;
T_67.16 ;
T_67.1 ;
    %end;
    .scope S_0x5630cc002ac0;
t_54 %join;
    %jmp T_67;
    .thread T_67;
    .scope S_0x5630cc002ac0;
T_68 ;
    %wait E_0x5630cc001500;
    %fork t_57, S_0x5630cbff9ac0;
    %jmp t_56;
    .scope S_0x5630cbff9ac0;
t_57 ;
    %pushi/vec4 0, 0, 128;
    %store/vec4 v0x5630cbff5380_0, 0, 128;
    %pushi/vec4 0, 0, 32;
    %store/vec4 v0x5630cbff2ec0_0, 0, 32;
    %pushi/vec4 0, 0, 1;
    %store/vec4 v0x5630cbff4f20_0, 0, 1;
    %pushi/vec4 0, 0, 1;
    %store/vec4 v0x5630cbff4a80_0, 0, 1;
    %pushi/vec4 0, 0, 1;
    %store/vec4 v0x5630cbff4600_0, 0, 1;
    %pushi/vec4 0, 0, 1;
    %store/vec4 v0x5630cbff3c40_0, 0, 1;
    %load/vec4 v0x5630cbff4e40_0;
    %load/vec4 v0x5630cbff49c0_0;
    %concat/vec4; draw_concat_vec4
    %load/vec4 v0x5630cbff4540_0;
    %concat/vec4; draw_concat_vec4
    %load/vec4 v0x5630cbff4170_0;
    %concat/vec4; draw_concat_vec4
    %store/vec4 v0x5630cbff8e20_0, 0, 128;
    %alloc S_0x5630cbff8440;
    %load/vec4 v0x5630cbff8e20_0;
    %store/vec4 v0x5630cbff7fc0_0, 0, 128;
    %callf/vec4 TD_tb_aes_core.dut.enc_block.shiftrows, S_0x5630cbff8440;
    %free S_0x5630cbff8440;
    %store/vec4 v0x5630cbff88c0_0, 0, 128;
    %alloc S_0x5630cbffe2c0;
    %load/vec4 v0x5630cbff88c0_0;
    %store/vec4 v0x5630cbffde40_0, 0, 128;
    %callf/vec4 TD_tb_aes_core.dut.enc_block.mixcolumns, S_0x5630cbffe2c0;
    %free S_0x5630cbffe2c0;
    %store/vec4 v0x5630cbff8d40_0, 0, 128;
    %alloc S_0x5630cc000fc0;
    %load/vec4 v0x5630cbff52c0_0;
    %load/vec4 v0x5630cbff0b60_0;
    %store/vec4 v0x5630cc0007a0_0, 0, 128;
    %store/vec4 v0x5630cc0006c0_0, 0, 128;
    %callf/vec4 TD_tb_aes_core.dut.enc_block.addroundkey, S_0x5630cc000fc0;
    %free S_0x5630cc000fc0;
    %store/vec4 v0x5630cbff91c0_0, 0, 128;
    %alloc S_0x5630cc000fc0;
    %load/vec4 v0x5630cbff8d40_0;
    %load/vec4 v0x5630cbff0b60_0;
    %store/vec4 v0x5630cc0007a0_0, 0, 128;
    %store/vec4 v0x5630cc0006c0_0, 0, 128;
    %callf/vec4 TD_tb_aes_core.dut.enc_block.addroundkey, S_0x5630cc000fc0;
    %free S_0x5630cc000fc0;
    %store/vec4 v0x5630cbff92a0_0, 0, 128;
    %alloc S_0x5630cc000fc0;
    %load/vec4 v0x5630cbff88c0_0;
    %load/vec4 v0x5630cbff0b60_0;
    %store/vec4 v0x5630cc0007a0_0, 0, 128;
    %store/vec4 v0x5630cc0006c0_0, 0, 128;
    %callf/vec4 TD_tb_aes_core.dut.enc_block.addroundkey, S_0x5630cc000fc0;
    %free S_0x5630cc000fc0;
    %store/vec4 v0x5630cbff96d0_0, 0, 128;
    %load/vec4 v0x5630cbfef8c0_0;
    %flag_set/vec4 8;
    %jmp/0xz  T_68.0, 8;
    %load/vec4 v0x5630cbff4e40_0;
    %load/vec4 v0x5630cbff49c0_0;
    %concat/vec4; draw_concat_vec4
    %load/vec4 v0x5630cbff4540_0;
    %concat/vec4; draw_concat_vec4
    %load/vec4 v0x5630cbff4170_0;
    %concat/vec4; draw_concat_vec4
    %store/vec4 v0x5630cbff5380_0, 0, 128;
    %pushi/vec4 0, 0, 32;
    %store/vec4 v0x5630cbff2ec0_0, 0, 32;
    %pushi/vec4 0, 0, 1;
    %store/vec4 v0x5630cbff4f20_0, 0, 1;
    %pushi/vec4 0, 0, 1;
    %store/vec4 v0x5630cbff4a80_0, 0, 1;
    %pushi/vec4 0, 0, 1;
    %store/vec4 v0x5630cbff4600_0, 0, 1;
    %pushi/vec4 0, 0, 1;
    %store/vec4 v0x5630cbff3c40_0, 0, 1;
    %jmp T_68.1;
T_68.0 ;
    %load/vec4 v0x5630cbfef080_0;
    %dup/vec4;
    %pushi/vec4 1, 0, 3;
    %cmp/u;
    %jmp/1 T_68.2, 6;
    %dup/vec4;
    %pushi/vec4 2, 0, 3;
    %cmp/u;
    %jmp/1 T_68.3, 6;
    %dup/vec4;
    %pushi/vec4 3, 0, 3;
    %cmp/u;
    %jmp/1 T_68.4, 6;
    %dup/vec4;
    %pushi/vec4 4, 0, 3;
    %cmp/u;
    %jmp/1 T_68.5, 6;
    %jmp T_68.7;
T_68.2 ;
    %load/vec4 v0x5630cbff91c0_0;
    %store/vec4 v0x5630cbff5380_0, 0, 128;
    %pushi/vec4 1, 0, 1;
    %store/vec4 v0x5630cbff4f20_0, 0, 1;
    %pushi/vec4 1, 0, 1;
    %store/vec4 v0x5630cbff4a80_0, 0, 1;
    %pushi/vec4 1, 0, 1;
    %store/vec4 v0x5630cbff4600_0, 0, 1;
    %pushi/vec4 1, 0, 1;
    %store/vec4 v0x5630cbff3c40_0, 0, 1;
    %jmp T_68.7;
T_68.3 ;
    %load/vec4 v0x5630cbff25c0_0;
    %load/vec4 v0x5630cbff25c0_0;
    %concat/vec4; draw_concat_vec4
    %load/vec4 v0x5630cbff25c0_0;
    %concat/vec4; draw_concat_vec4
    %load/vec4 v0x5630cbff25c0_0;
    %concat/vec4; draw_concat_vec4
    %store/vec4 v0x5630cbff5380_0, 0, 128;
    %load/vec4 v0x5630cbff02a0_0;
    %dup/vec4;
    %pushi/vec4 0, 0, 2;
    %cmp/u;
    %jmp/1 T_68.8, 6;
    %dup/vec4;
    %pushi/vec4 1, 0, 2;
    %cmp/u;
    %jmp/1 T_68.9, 6;
    %dup/vec4;
    %pushi/vec4 2, 0, 2;
    %cmp/u;
    %jmp/1 T_68.10, 6;
    %dup/vec4;
    %pushi/vec4 3, 0, 2;
    %cmp/u;
    %jmp/1 T_68.11, 6;
    %jmp T_68.12;
T_68.8 ;
    %load/vec4 v0x5630cbff4e40_0;
    %store/vec4 v0x5630cbff2ec0_0, 0, 32;
    %pushi/vec4 1, 0, 1;
    %store/vec4 v0x5630cbff4f20_0, 0, 1;
    %jmp T_68.12;
T_68.9 ;
    %load/vec4 v0x5630cbff49c0_0;
    %store/vec4 v0x5630cbff2ec0_0, 0, 32;
    %pushi/vec4 1, 0, 1;
    %store/vec4 v0x5630cbff4a80_0, 0, 1;
    %jmp T_68.12;
T_68.10 ;
    %load/vec4 v0x5630cbff4540_0;
    %store/vec4 v0x5630cbff2ec0_0, 0, 32;
    %pushi/vec4 1, 0, 1;
    %store/vec4 v0x5630cbff4600_0, 0, 1;
    %jmp T_68.12;
T_68.11 ;
    %load/vec4 v0x5630cbff4170_0;
    %store/vec4 v0x5630cbff2ec0_0, 0, 32;
    %pushi/vec4 1, 0, 1;
    %store/vec4 v0x5630cbff3c40_0, 0, 1;
    %jmp T_68.12;
T_68.12 ;
    %pop/vec4 1;
    %jmp T_68.7;
T_68.4 ;
    %load/vec4 v0x5630cbff92a0_0;
    %store/vec4 v0x5630cbff5380_0, 0, 128;
    %pushi/vec4 1, 0, 1;
    %store/vec4 v0x5630cbff4f20_0, 0, 1;
    %pushi/vec4 1, 0, 1;
    %store/vec4 v0x5630cbff4a80_0, 0, 1;
    %pushi/vec4 1, 0, 1;
    %store/vec4 v0x5630cbff4600_0, 0, 1;
    %pushi/vec4 1, 0, 1;
    %store/vec4 v0x5630cbff3c40_0, 0, 1;
    %jmp T_68.7;
T_68.5 ;
    %load/vec4 v0x5630cbff96d0_0;
    %store/vec4 v0x5630cbff5380_0, 0, 128;
    %pushi/vec4 1, 0, 1;
    %store/vec4 v0x5630cbff4f20_0, 0, 1;
    %pushi/vec4 1, 0, 1;
    %store/vec4 v0x5630cbff4a80_0, 0, 1;
    %pushi/vec4 1, 0, 1;
    %store/vec4 v0x5630cbff4600_0, 0, 1;
    %pushi/vec4 1, 0, 1;
    %store/vec4 v0x5630cbff3c40_0, 0, 1;
    %jmp T_68.7;
T_68.7 ;
    %pop/vec4 1;
T_68.1 ;
    %end;
    .scope S_0x5630cc002ac0;
t_56 %join;
    %jmp T_68;
    .thread T_68, $push;
    .scope S_0x5630cc002ac0;
T_69 ;
    %wait E_0x5630cc0014a0;
    %fork t_59, S_0x5630cbff64c0;
    %jmp t_58;
    .scope S_0x5630cbff64c0;
t_59 ;
    %pushi/vec4 0, 0, 2;
    %store/vec4 v0x5630cbff01c0_0, 0, 2;
    %pushi/vec4 0, 0, 1;
    %store/vec4 v0x5630cbfefde0_0, 0, 1;
    %load/vec4 v0x5630cbfefd40_0;
    %flag_set/vec4 8;
    %jmp/0xz  T_69.0, 8;
    %pushi/vec4 0, 0, 2;
    %store/vec4 v0x5630cbff01c0_0, 0, 2;
    %pushi/vec4 1, 0, 1;
    %store/vec4 v0x5630cbfefde0_0, 0, 1;
    %jmp T_69.1;
T_69.0 ;
    %load/vec4 v0x5630cbff06e0_0;
    %flag_set/vec4 8;
    %jmp/0xz  T_69.2, 8;
    %load/vec4 v0x5630cbff02a0_0;
    %addi 1, 0, 2;
    %store/vec4 v0x5630cbff01c0_0, 0, 2;
    %pushi/vec4 1, 0, 1;
    %store/vec4 v0x5630cbfefde0_0, 0, 1;
T_69.2 ;
T_69.1 ;
    %end;
    .scope S_0x5630cc002ac0;
t_58 %join;
    %jmp T_69;
    .thread T_69, $push;
    .scope S_0x5630cc002ac0;
T_70 ;
    %wait E_0x5630cc001440;
    %fork t_61, S_0x5630cbff9f40;
    %jmp t_60;
    .scope S_0x5630cbff9f40;
t_61 ;
    %pushi/vec4 0, 0, 4;
    %store/vec4 v0x5630cbff1480_0, 0, 4;
    %pushi/vec4 0, 0, 1;
    %store/vec4 v0x5630cbff0ac0_0, 0, 1;
    %load/vec4 v0x5630cbff1000_0;
    %flag_set/vec4 8;
    %jmp/0xz  T_70.0, 8;
    %pushi/vec4 0, 0, 4;
    %store/vec4 v0x5630cbff1480_0, 0, 4;
    %pushi/vec4 1, 0, 1;
    %store/vec4 v0x5630cbff0ac0_0, 0, 1;
    %jmp T_70.1;
T_70.0 ;
    %load/vec4 v0x5630cbff13c0_0;
    %flag_set/vec4 8;
    %jmp/0xz  T_70.2, 8;
    %load/vec4 v0x5630cbff0f40_0;
    %addi 1, 0, 4;
    %store/vec4 v0x5630cbff1480_0, 0, 4;
    %pushi/vec4 1, 0, 1;
    %store/vec4 v0x5630cbff0ac0_0, 0, 1;
T_70.2 ;
T_70.1 ;
    %end;
    .scope S_0x5630cc002ac0;
t_60 %join;
    %jmp T_70;
    .thread T_70, $push;
    .scope S_0x5630cc002ac0;
T_71 ;
    %wait E_0x5630cc0189c0;
    %fork t_63, S_0x5630cbff6040;
    %jmp t_62;
    .scope S_0x5630cbff6040;
t_63 ;
    %load/vec4 v0x5630cbfef440_0;
    %store/vec4 v0x5630cbfef980_0, 0, 10;
    %pushi/vec4 0, 0, 1;
    %store/vec4 v0x5630cbfeefc0_0, 0, 1;
    %pushi/vec4 0, 0, 1;
    %store/vec4 v0x5630cbfef520_0, 0, 1;
    %load/vec4 v0x5630cbfef8c0_0;
    %nor/r;
    %flag_set/vec4 8;
    %jmp/0xz  T_71.0, 8;
    %load/vec4 v0x5630cbff3880_0;
    %pushi/vec4 3, 0, 2;
    %cmp/e;
    %flag_get/vec4 4;
    %load/vec4 v0x5630cbfef080_0;
    %pushi/vec4 4, 0, 3;
    %cmp/e;
    %flag_get/vec4 4;
    %and;
    %flag_set/vec4 8;
    %jmp/0xz  T_71.2, 8;
    %load/vec4 v0x5630cbfef440_0;
    %addi 1, 0, 10;
    %store/vec4 v0x5630cbfef980_0, 0, 10;
    %pushi/vec4 1, 0, 1;
    %store/vec4 v0x5630cbfeefc0_0, 0, 1;
T_71.2 ;
T_71.0 ;
    %end;
    .scope S_0x5630cc002ac0;
t_62 %join;
    %jmp T_71;
    .thread T_71, $push;
    .scope S_0x5630cc002ac0;
T_72 ;
    %wait E_0x5630cc0093a0;
    %fork t_65, S_0x5630cc000240;
    %jmp t_64;
    .scope S_0x5630cc000240;
t_65 ;
    %pushi/vec4 0, 0, 1;
    %store/vec4 v0x5630cbff06e0_0, 0, 1;
    %pushi/vec4 0, 0, 1;
    %store/vec4 v0x5630cbfefd40_0, 0, 1;
    %pushi/vec4 0, 0, 1;
    %store/vec4 v0x5630cbff13c0_0, 0, 1;
    %pushi/vec4 0, 0, 1;
    %store/vec4 v0x5630cbff1000_0, 0, 1;
    %pushi/vec4 0, 0, 1;
    %store/vec4 v0x5630cbff21e0_0, 0, 1;
    %pushi/vec4 0, 0, 1;
    %store/vec4 v0x5630cbff1d80_0, 0, 1;
    %pushi/vec4 0, 0, 3;
    %store/vec4 v0x5630cbfef080_0, 0, 3;
    %pushi/vec4 0, 0, 2;
    %store/vec4 v0x5630cbff37c0_0, 0, 2;
    %pushi/vec4 0, 0, 1;
    %store/vec4 v0x5630cbff3340_0, 0, 1;
    %load/vec4 v0x5630cbff3400_0;
    %cmpi/e 1, 0, 1;
    %jmp/0xz  T_72.0, 4;
    %pushi/vec4 14, 0, 4;
    %store/vec4 v0x5630cbfffe10_0, 0, 4;
    %jmp T_72.1;
T_72.0 ;
    %pushi/vec4 10, 0, 4;
    %store/vec4 v0x5630cbfffe10_0, 0, 4;
T_72.1 ;
    %load/vec4 v0x5630cbfef8c0_0;
    %flag_set/vec4 8;
    %jmp/0xz  T_72.2, 8;
    %pushi/vec4 0, 0, 2;
    %store/vec4 v0x5630cbff37c0_0, 0, 2;
    %pushi/vec4 1, 0, 1;
    %store/vec4 v0x5630cbff3340_0, 0, 1;
    %pushi/vec4 1, 0, 1;
    %store/vec4 v0x5630cbff21e0_0, 0, 1;
    %pushi/vec4 1, 0, 1;
    %store/vec4 v0x5630cbff1d80_0, 0, 1;
    %pushi/vec4 0, 0, 1;
    %store/vec4 v0x5630cbff06e0_0, 0, 1;
    %pushi/vec4 0, 0, 1;
    %store/vec4 v0x5630cbfefd40_0, 0, 1;
    %pushi/vec4 0, 0, 1;
    %store/vec4 v0x5630cbff13c0_0, 0, 1;
    %pushi/vec4 0, 0, 1;
    %store/vec4 v0x5630cbff1000_0, 0, 1;
    %pushi/vec4 0, 0, 3;
    %store/vec4 v0x5630cbfef080_0, 0, 3;
    %jmp T_72.3;
T_72.2 ;
    %load/vec4 v0x5630cbff3880_0;
    %dup/vec4;
    %pushi/vec4 0, 0, 2;
    %cmp/u;
    %jmp/1 T_72.4, 6;
    %dup/vec4;
    %pushi/vec4 1, 0, 2;
    %cmp/u;
    %jmp/1 T_72.5, 6;
    %dup/vec4;
    %pushi/vec4 2, 0, 2;
    %cmp/u;
    %jmp/1 T_72.6, 6;
    %dup/vec4;
    %pushi/vec4 3, 0, 2;
    %cmp/u;
    %jmp/1 T_72.7, 6;
    %jmp T_72.9;
T_72.4 ;
    %load/vec4 v0x5630cbff2680_0;
    %flag_set/vec4 8;
    %jmp/0xz  T_72.10, 8;
    %pushi/vec4 1, 0, 1;
    %store/vec4 v0x5630cbff1000_0, 0, 1;
    %pushi/vec4 0, 0, 1;
    %store/vec4 v0x5630cbff21e0_0, 0, 1;
    %pushi/vec4 1, 0, 1;
    %store/vec4 v0x5630cbff1d80_0, 0, 1;
    %pushi/vec4 1, 0, 2;
    %store/vec4 v0x5630cbff37c0_0, 0, 2;
    %pushi/vec4 1, 0, 1;
    %store/vec4 v0x5630cbff3340_0, 0, 1;
T_72.10 ;
    %jmp T_72.9;
T_72.5 ;
    %pushi/vec4 1, 0, 1;
    %store/vec4 v0x5630cbff13c0_0, 0, 1;
    %pushi/vec4 1, 0, 1;
    %store/vec4 v0x5630cbfefd40_0, 0, 1;
    %pushi/vec4 1, 0, 3;
    %store/vec4 v0x5630cbfef080_0, 0, 3;
    %pushi/vec4 2, 0, 2;
    %store/vec4 v0x5630cbff37c0_0, 0, 2;
    %pushi/vec4 1, 0, 1;
    %store/vec4 v0x5630cbff3340_0, 0, 1;
    %jmp T_72.9;
T_72.6 ;
    %pushi/vec4 1, 0, 1;
    %store/vec4 v0x5630cbff06e0_0, 0, 1;
    %pushi/vec4 2, 0, 3;
    %store/vec4 v0x5630cbfef080_0, 0, 3;
    %load/vec4 v0x5630cbff02a0_0;
    %cmpi/e 3, 0, 2;
    %jmp/0xz  T_72.12, 4;
    %pushi/vec4 3, 0, 2;
    %store/vec4 v0x5630cbff37c0_0, 0, 2;
    %pushi/vec4 1, 0, 1;
    %store/vec4 v0x5630cbff3340_0, 0, 1;
T_72.12 ;
    %jmp T_72.9;
T_72.7 ;
    %pushi/vec4 1, 0, 1;
    %store/vec4 v0x5630cbfefd40_0, 0, 1;
    %pushi/vec4 1, 0, 1;
    %store/vec4 v0x5630cbff13c0_0, 0, 1;
    %load/vec4 v0x5630cbff0f40_0;
    %load/vec4 v0x5630cbfffe10_0;
    %cmp/u;
    %jmp/0xz  T_72.14, 5;
    %pushi/vec4 3, 0, 3;
    %store/vec4 v0x5630cbfef080_0, 0, 3;
    %pushi/vec4 2, 0, 2;
    %store/vec4 v0x5630cbff37c0_0, 0, 2;
    %pushi/vec4 1, 0, 1;
    %store/vec4 v0x5630cbff3340_0, 0, 1;
    %jmp T_72.15;
T_72.14 ;
    %pushi/vec4 4, 0, 3;
    %store/vec4 v0x5630cbfef080_0, 0, 3;
    %pushi/vec4 1, 0, 1;
    %store/vec4 v0x5630cbff21e0_0, 0, 1;
    %pushi/vec4 1, 0, 1;
    %store/vec4 v0x5630cbff1d80_0, 0, 1;
    %pushi/vec4 0, 0, 2;
    %store/vec4 v0x5630cbff37c0_0, 0, 2;
    %pushi/vec4 1, 0, 1;
    %store/vec4 v0x5630cbff3340_0, 0, 1;
T_72.15 ;
    %jmp T_72.9;
T_72.9 ;
    %pop/vec4 1;
T_72.3 ;
    %end;
    .scope S_0x5630cc002ac0;
t_64 %join;
    %jmp T_72;
    .thread T_72, $push;
    .scope S_0x5630cc018e40;
T_73 ;
    %wait E_0x5630cc018aa0;
    %load/vec4 v0x5630cc00e420_0;
    %nor/r;
    %flag_set/vec4 8;
    %jmp/0xz  T_73.0, 8;
    %pushi/vec4 0, 0, 10;
    %assign/vec4 v0x5630cc00e340_0, 0;
    %pushi/vec4 0, 0, 1;
    %assign/vec4 v0x5630cc014660_0, 0;
    %jmp T_73.1;
T_73.0 ;
    %load/vec4 v0x5630cc014660_0;
    %nor/r;
    %flag_set/vec4 8;
    %jmp/0xz  T_73.2, 8;
    %load/vec4 v0x5630cc00dec0_0;
    %flag_set/vec4 8;
    %jmp/0xz  T_73.4, 8;
    %load/vec4 v0x5630cc00e340_0;
    %cmpi/e 861, 0, 10;
    %jmp/0xz  T_73.6, 4;
    %pushi/vec4 1, 0, 1;
    %assign/vec4 v0x5630cc014660_0, 0;
    %jmp T_73.7;
T_73.6 ;
    %load/vec4 v0x5630cc00e340_0;
    %addi 1, 0, 10;
    %assign/vec4 v0x5630cc00e340_0, 0;
T_73.7 ;
T_73.4 ;
T_73.2 ;
T_73.1 ;
    %jmp T_73;
    .thread T_73;
    .scope S_0x5630cc025440;
T_74 ;
    %wait E_0x5630cc0239b0;
    %fork t_67, S_0x5630cc00b640;
    %jmp t_66;
    .scope S_0x5630cc00b640;
t_67 ;
    %load/vec4 v0x5630cc005ce0_0;
    %nor/r;
    %flag_set/vec4 8;
    %jmp/0xz  T_74.0, 8;
    %pushi/vec4 0, 0, 32;
    %assign/vec4 v0x5630cc008de0_0, 0;
    %pushi/vec4 0, 0, 32;
    %assign/vec4 v0x5630cc0089b0_0, 0;
    %pushi/vec4 0, 0, 32;
    %assign/vec4 v0x5630cc008580_0, 0;
    %pushi/vec4 0, 0, 32;
    %assign/vec4 v0x5630cc008100_0, 0;
    %pushi/vec4 0, 0, 2;
    %assign/vec4 v0x5630cc004660_0, 0;
    %pushi/vec4 0, 0, 4;
    %assign/vec4 v0x5630cc005420_0, 0;
    %pushi/vec4 1, 0, 1;
    %assign/vec4 v0x5630cc006180_0, 0;
    %pushi/vec4 0, 0, 2;
    %assign/vec4 v0x5630cc007800_0, 0;
    %pushi/vec4 0, 0, 10;
    %assign/vec4 v0x5630cc003840_0, 0;
    %pushi/vec4 0, 0, 1;
    %assign/vec4 v0x5630cc003460_0, 0;
    %jmp T_74.1;
T_74.0 ;
    %load/vec4 v0x5630cc008ec0_0;
    %flag_set/vec4 8;
    %jmp/0xz  T_74.2, 8;
    %load/vec4 v0x5630cc009300_0;
    %parti/s 32, 96, 8;
    %assign/vec4 v0x5630cc008de0_0, 0;
T_74.2 ;
    %load/vec4 v0x5630cc0084c0_0;
    %flag_set/vec4 8;
    %jmp/0xz  T_74.4, 8;
    %load/vec4 v0x5630cc009300_0;
    %parti/s 32, 64, 8;
    %assign/vec4 v0x5630cc0089b0_0, 0;
T_74.4 ;
    %load/vec4 v0x5630cc008040_0;
    %flag_set/vec4 8;
    %jmp/0xz  T_74.6, 8;
    %load/vec4 v0x5630cc009300_0;
    %parti/s 32, 32, 7;
    %assign/vec4 v0x5630cc008580_0, 0;
T_74.6 ;
    %load/vec4 v0x5630cc007bc0_0;
    %flag_set/vec4 8;
    %jmp/0xz  T_74.8, 8;
    %load/vec4 v0x5630cc009300_0;
    %parti/s 32, 0, 2;
    %assign/vec4 v0x5630cc008100_0, 0;
T_74.8 ;
    %load/vec4 v0x5630cc0041e0_0;
    %flag_set/vec4 8;
    %jmp/0xz  T_74.10, 8;
    %load/vec4 v0x5630cc0045c0_0;
    %assign/vec4 v0x5630cc004660_0, 0;
T_74.10 ;
    %load/vec4 v0x5630cc004f60_0;
    %flag_set/vec4 8;
    %jmp/0xz  T_74.12, 8;
    %load/vec4 v0x5630cc005340_0;
    %assign/vec4 v0x5630cc005420_0, 0;
T_74.12 ;
    %load/vec4 v0x5630cc005c40_0;
    %flag_set/vec4 8;
    %jmp/0xz  T_74.14, 8;
    %load/vec4 v0x5630cc0060c0_0;
    %assign/vec4 v0x5630cc006180_0, 0;
T_74.14 ;
    %load/vec4 v0x5630cc0072c0_0;
    %flag_set/vec4 8;
    %jmp/0xz  T_74.16, 8;
    %load/vec4 v0x5630cc007740_0;
    %assign/vec4 v0x5630cc007800_0, 0;
T_74.16 ;
    %load/vec4 v0x5630cc003900_0;
    %flag_set/vec4 8;
    %jmp/0xz  T_74.18, 8;
    %load/vec4 v0x5630cc003db0_0;
    %assign/vec4 v0x5630cc003840_0, 0;
T_74.18 ;
    %load/vec4 v0x5630cc002f40_0;
    %flag_set/vec4 8;
    %jmp/0xz  T_74.20, 8;
    %load/vec4 v0x5630cc0033c0_0;
    %assign/vec4 v0x5630cc003460_0, 0;
T_74.20 ;
T_74.1 ;
    %end;
    .scope S_0x5630cc025440;
t_66 %join;
    %jmp T_74;
    .thread T_74;
    .scope S_0x5630cc025440;
T_75 ;
    %wait E_0x5630cc023f20;
    %fork t_69, S_0x5630cc00ad40;
    %jmp t_68;
    .scope S_0x5630cc00ad40;
t_69 ;
    %pushi/vec4 0, 0, 128;
    %store/vec4 v0x5630cc00a440_0, 0, 128;
    %pushi/vec4 0, 0, 128;
    %store/vec4 v0x5630cc00a9c0_0, 0, 128;
    %pushi/vec4 0, 0, 128;
    %store/vec4 v0x5630cc00a8c0_0, 0, 128;
    %pushi/vec4 0, 0, 128;
    %store/vec4 v0x5630cc009300_0, 0, 128;
    %pushi/vec4 0, 0, 32;
    %store/vec4 v0x5630cc003cc0_0, 0, 32;
    %pushi/vec4 0, 0, 1;
    %store/vec4 v0x5630cc008ec0_0, 0, 1;
    %pushi/vec4 0, 0, 1;
    %store/vec4 v0x5630cc0084c0_0, 0, 1;
    %pushi/vec4 0, 0, 1;
    %store/vec4 v0x5630cc008040_0, 0, 1;
    %pushi/vec4 0, 0, 1;
    %store/vec4 v0x5630cc007bc0_0, 0, 1;
    %load/vec4 v0x5630cc008de0_0;
    %load/vec4 v0x5630cc0089b0_0;
    %concat/vec4; draw_concat_vec4
    %load/vec4 v0x5630cc008580_0;
    %concat/vec4; draw_concat_vec4
    %load/vec4 v0x5630cc008100_0;
    %concat/vec4; draw_concat_vec4
    %store/vec4 v0x5630cc00a500_0, 0, 128;
    %load/vec4 v0x5630cc003000_0;
    %dup/vec4;
    %pushi/vec4 1, 0, 3;
    %cmp/u;
    %jmp/1 T_75.0, 6;
    %dup/vec4;
    %pushi/vec4 2, 0, 3;
    %cmp/u;
    %jmp/1 T_75.1, 6;
    %dup/vec4;
    %pushi/vec4 3, 0, 3;
    %cmp/u;
    %jmp/1 T_75.2, 6;
    %dup/vec4;
    %pushi/vec4 4, 0, 3;
    %cmp/u;
    %jmp/1 T_75.3, 6;
    %jmp T_75.5;
T_75.0 ;
    %load/vec4 v0x5630cc009240_0;
    %store/vec4 v0x5630cc00a500_0, 0, 128;
    %alloc S_0x5630cc0234c0;
    %load/vec4 v0x5630cc00a500_0;
    %load/vec4 v0x5630cc004a40_0;
    %store/vec4 v0x5630cc022bc0_0, 0, 128;
    %store/vec4 v0x5630cc023140_0, 0, 128;
    %callf/vec4 TD_tb_aes_core.dut.dec_block.addroundkey, S_0x5630cc0234c0;
    %free S_0x5630cc0234c0;
    %store/vec4 v0x5630cc00a8c0_0, 0, 128;
    %alloc S_0x5630cc00d5c0;
    %load/vec4 v0x5630cc00a8c0_0;
    %store/vec4 v0x5630cc00d140_0, 0, 128;
    %callf/vec4 TD_tb_aes_core.dut.dec_block.inv_shiftrows, S_0x5630cc00d5c0;
    %free S_0x5630cc00d5c0;
    %store/vec4 v0x5630cc00a440_0, 0, 128;
    %load/vec4 v0x5630cc00a440_0;
    %store/vec4 v0x5630cc009300_0, 0, 128;
    %pushi/vec4 1, 0, 1;
    %store/vec4 v0x5630cc008ec0_0, 0, 1;
    %pushi/vec4 1, 0, 1;
    %store/vec4 v0x5630cc0084c0_0, 0, 1;
    %pushi/vec4 1, 0, 1;
    %store/vec4 v0x5630cc008040_0, 0, 1;
    %pushi/vec4 1, 0, 1;
    %store/vec4 v0x5630cc007bc0_0, 0, 1;
    %jmp T_75.5;
T_75.1 ;
    %load/vec4 v0x5630cc006ee0_0;
    %load/vec4 v0x5630cc006ee0_0;
    %concat/vec4; draw_concat_vec4
    %load/vec4 v0x5630cc006ee0_0;
    %concat/vec4; draw_concat_vec4
    %load/vec4 v0x5630cc006ee0_0;
    %concat/vec4; draw_concat_vec4
    %store/vec4 v0x5630cc009300_0, 0, 128;
    %load/vec4 v0x5630cc004660_0;
    %dup/vec4;
    %pushi/vec4 0, 0, 2;
    %cmp/u;
    %jmp/1 T_75.6, 6;
    %dup/vec4;
    %pushi/vec4 1, 0, 2;
    %cmp/u;
    %jmp/1 T_75.7, 6;
    %dup/vec4;
    %pushi/vec4 2, 0, 2;
    %cmp/u;
    %jmp/1 T_75.8, 6;
    %dup/vec4;
    %pushi/vec4 3, 0, 2;
    %cmp/u;
    %jmp/1 T_75.9, 6;
    %jmp T_75.10;
T_75.6 ;
    %load/vec4 v0x5630cc008de0_0;
    %store/vec4 v0x5630cc003cc0_0, 0, 32;
    %pushi/vec4 1, 0, 1;
    %store/vec4 v0x5630cc008ec0_0, 0, 1;
    %jmp T_75.10;
T_75.7 ;
    %load/vec4 v0x5630cc0089b0_0;
    %store/vec4 v0x5630cc003cc0_0, 0, 32;
    %pushi/vec4 1, 0, 1;
    %store/vec4 v0x5630cc0084c0_0, 0, 1;
    %jmp T_75.10;
T_75.8 ;
    %load/vec4 v0x5630cc008580_0;
    %store/vec4 v0x5630cc003cc0_0, 0, 32;
    %pushi/vec4 1, 0, 1;
    %store/vec4 v0x5630cc008040_0, 0, 1;
    %jmp T_75.10;
T_75.9 ;
    %load/vec4 v0x5630cc008100_0;
    %store/vec4 v0x5630cc003cc0_0, 0, 32;
    %pushi/vec4 1, 0, 1;
    %store/vec4 v0x5630cc007bc0_0, 0, 1;
    %jmp T_75.10;
T_75.10 ;
    %pop/vec4 1;
    %jmp T_75.5;
T_75.2 ;
    %alloc S_0x5630cc0234c0;
    %load/vec4 v0x5630cc00a500_0;
    %load/vec4 v0x5630cc004a40_0;
    %store/vec4 v0x5630cc022bc0_0, 0, 128;
    %store/vec4 v0x5630cc023140_0, 0, 128;
    %callf/vec4 TD_tb_aes_core.dut.dec_block.addroundkey, S_0x5630cc0234c0;
    %free S_0x5630cc0234c0;
    %store/vec4 v0x5630cc00a8c0_0, 0, 128;
    %alloc S_0x5630cc01cd40;
    %load/vec4 v0x5630cc00a8c0_0;
    %store/vec4 v0x5630cc01c8c0_0, 0, 128;
    %callf/vec4 TD_tb_aes_core.dut.dec_block.inv_mixcolumns, S_0x5630cc01cd40;
    %free S_0x5630cc01cd40;
    %store/vec4 v0x5630cc00a9c0_0, 0, 128;
    %alloc S_0x5630cc00d5c0;
    %load/vec4 v0x5630cc00a9c0_0;
    %store/vec4 v0x5630cc00d140_0, 0, 128;
    %callf/vec4 TD_tb_aes_core.dut.dec_block.inv_shiftrows, S_0x5630cc00d5c0;
    %free S_0x5630cc00d5c0;
    %store/vec4 v0x5630cc00a440_0, 0, 128;
    %load/vec4 v0x5630cc00a440_0;
    %store/vec4 v0x5630cc009300_0, 0, 128;
    %pushi/vec4 1, 0, 1;
    %store/vec4 v0x5630cc008ec0_0, 0, 1;
    %pushi/vec4 1, 0, 1;
    %store/vec4 v0x5630cc0084c0_0, 0, 1;
    %pushi/vec4 1, 0, 1;
    %store/vec4 v0x5630cc008040_0, 0, 1;
    %pushi/vec4 1, 0, 1;
    %store/vec4 v0x5630cc007bc0_0, 0, 1;
    %jmp T_75.5;
T_75.3 ;
    %alloc S_0x5630cc0234c0;
    %load/vec4 v0x5630cc00a500_0;
    %load/vec4 v0x5630cc004a40_0;
    %store/vec4 v0x5630cc022bc0_0, 0, 128;
    %store/vec4 v0x5630cc023140_0, 0, 128;
    %callf/vec4 TD_tb_aes_core.dut.dec_block.addroundkey, S_0x5630cc0234c0;
    %free S_0x5630cc0234c0;
    %store/vec4 v0x5630cc009300_0, 0, 128;
    %pushi/vec4 1, 0, 1;
    %store/vec4 v0x5630cc008ec0_0, 0, 1;
    %pushi/vec4 1, 0, 1;
    %store/vec4 v0x5630cc0084c0_0, 0, 1;
    %pushi/vec4 1, 0, 1;
    %store/vec4 v0x5630cc008040_0, 0, 1;
    %pushi/vec4 1, 0, 1;
    %store/vec4 v0x5630cc007bc0_0, 0, 1;
    %jmp T_75.5;
T_75.5 ;
    %pop/vec4 1;
    %end;
    .scope S_0x5630cc025440;
t_68 %join;
    %jmp T_75;
    .thread T_75, $push;
    .scope S_0x5630cc025440;
T_76 ;
    %wait E_0x5630cc023e90;
    %fork t_71, S_0x5630cc009fc0;
    %jmp t_70;
    .scope S_0x5630cc009fc0;
t_71 ;
    %pushi/vec4 0, 0, 2;
    %store/vec4 v0x5630cc0045c0_0, 0, 2;
    %pushi/vec4 0, 0, 1;
    %store/vec4 v0x5630cc0041e0_0, 0, 1;
    %load/vec4 v0x5630cc004140_0;
    %flag_set/vec4 8;
    %jmp/0xz  T_76.0, 8;
    %pushi/vec4 0, 0, 2;
    %store/vec4 v0x5630cc0045c0_0, 0, 2;
    %pushi/vec4 1, 0, 1;
    %store/vec4 v0x5630cc0041e0_0, 0, 1;
    %jmp T_76.1;
T_76.0 ;
    %load/vec4 v0x5630cc004b20_0;
    %flag_set/vec4 8;
    %jmp/0xz  T_76.2, 8;
    %load/vec4 v0x5630cc004660_0;
    %addi 1, 0, 2;
    %store/vec4 v0x5630cc0045c0_0, 0, 2;
    %pushi/vec4 1, 0, 1;
    %store/vec4 v0x5630cc0041e0_0, 0, 1;
T_76.2 ;
T_76.1 ;
    %end;
    .scope S_0x5630cc025440;
t_70 %join;
    %jmp T_76;
    .thread T_76, $push;
    .scope S_0x5630cc025440;
T_77 ;
    %wait E_0x5630cc023e20;
    %fork t_73, S_0x5630cc00b1c0;
    %jmp t_72;
    .scope S_0x5630cc00b1c0;
t_73 ;
    %pushi/vec4 0, 0, 4;
    %store/vec4 v0x5630cc005340_0, 0, 4;
    %pushi/vec4 0, 0, 1;
    %store/vec4 v0x5630cc004f60_0, 0, 1;
    %load/vec4 v0x5630cc004ec0_0;
    %flag_set/vec4 8;
    %jmp/0xz  T_77.0, 8;
    %load/vec4 v0x5630cc007380_0;
    %cmpi/e 1, 0, 1;
    %jmp/0xz  T_77.2, 4;
    %pushi/vec4 14, 0, 4;
    %store/vec4 v0x5630cc005340_0, 0, 4;
    %jmp T_77.3;
T_77.2 ;
    %pushi/vec4 10, 0, 4;
    %store/vec4 v0x5630cc005340_0, 0, 4;
T_77.3 ;
    %pushi/vec4 1, 0, 1;
    %store/vec4 v0x5630cc004f60_0, 0, 1;
    %jmp T_77.1;
T_77.0 ;
    %load/vec4 v0x5630cc0058a0_0;
    %flag_set/vec4 8;
    %jmp/0xz  T_77.4, 8;
    %load/vec4 v0x5630cc005420_0;
    %subi 1, 0, 4;
    %store/vec4 v0x5630cc005340_0, 0, 4;
    %pushi/vec4 1, 0, 1;
    %store/vec4 v0x5630cc004f60_0, 0, 1;
T_77.4 ;
T_77.1 ;
    %end;
    .scope S_0x5630cc025440;
t_72 %join;
    %jmp T_77;
    .thread T_77, $push;
    .scope S_0x5630cc025440;
T_78 ;
    %wait E_0x5630cc06fd80;
    %fork t_75, S_0x5630cc0096c0;
    %jmp t_74;
    .scope S_0x5630cc0096c0;
t_75 ;
    %load/vec4 v0x5630cc003840_0;
    %store/vec4 v0x5630cc003db0_0, 0, 10;
    %pushi/vec4 0, 0, 1;
    %store/vec4 v0x5630cc003900_0, 0, 1;
    %load/vec4 v0x5630cc003460_0;
    %store/vec4 v0x5630cc0033c0_0, 0, 1;
    %pushi/vec4 0, 0, 1;
    %store/vec4 v0x5630cc002f40_0, 0, 1;
    %load/vec4 v0x5630cc006540_0;
    %pushi/vec4 1, 0, 1;
    %cmp/e;
    %flag_get/vec4 4;
    %load/vec4 v0x5630cc006180_0;
    %pushi/vec4 1, 0, 1;
    %cmp/e;
    %flag_get/vec4 4;
    %and;
    %load/vec4 v0x5630cc003460_0;
    %pushi/vec4 0, 0, 1;
    %cmp/e;
    %flag_get/vec4 4;
    %and;
    %flag_set/vec4 8;
    %jmp/0xz  T_78.0, 8;
    %load/vec4 v0x5630cc003840_0;
    %cmpi/u 862, 0, 10;
    %jmp/0xz  T_78.2, 5;
    %load/vec4 v0x5630cc003840_0;
    %addi 1, 0, 10;
    %store/vec4 v0x5630cc003db0_0, 0, 10;
    %pushi/vec4 1, 0, 1;
    %store/vec4 v0x5630cc003900_0, 0, 1;
    %load/vec4 v0x5630cc003840_0;
    %addi 1, 0, 10;
    %cmpi/e 862, 0, 10;
    %jmp/0xz  T_78.4, 4;
    %pushi/vec4 1, 0, 1;
    %store/vec4 v0x5630cc0033c0_0, 0, 1;
    %pushi/vec4 1, 0, 1;
    %store/vec4 v0x5630cc002f40_0, 0, 1;
T_78.4 ;
    %jmp T_78.3;
T_78.2 ;
    %load/vec4 v0x5630cc003840_0;
    %store/vec4 v0x5630cc003db0_0, 0, 10;
    %pushi/vec4 0, 0, 1;
    %store/vec4 v0x5630cc003900_0, 0, 1;
    %pushi/vec4 1, 0, 1;
    %store/vec4 v0x5630cc0033c0_0, 0, 1;
    %pushi/vec4 1, 0, 1;
    %store/vec4 v0x5630cc002f40_0, 0, 1;
T_78.3 ;
T_78.0 ;
    %end;
    .scope S_0x5630cc025440;
t_74 %join;
    %jmp T_78;
    .thread T_78, $push;
    .scope S_0x5630cc025440;
T_79 ;
    %wait E_0x5630cc06f480;
    %fork t_77, S_0x5630cc022740;
    %jmp t_76;
    .scope S_0x5630cc022740;
t_77 ;
    %pushi/vec4 0, 0, 1;
    %store/vec4 v0x5630cc004b20_0, 0, 1;
    %pushi/vec4 0, 0, 1;
    %store/vec4 v0x5630cc004140_0, 0, 1;
    %pushi/vec4 0, 0, 1;
    %store/vec4 v0x5630cc0058a0_0, 0, 1;
    %pushi/vec4 0, 0, 1;
    %store/vec4 v0x5630cc004ec0_0, 0, 1;
    %pushi/vec4 0, 0, 1;
    %store/vec4 v0x5630cc0060c0_0, 0, 1;
    %pushi/vec4 0, 0, 1;
    %store/vec4 v0x5630cc005c40_0, 0, 1;
    %pushi/vec4 0, 0, 3;
    %store/vec4 v0x5630cc003000_0, 0, 3;
    %pushi/vec4 0, 0, 2;
    %store/vec4 v0x5630cc007740_0, 0, 2;
    %pushi/vec4 0, 0, 1;
    %store/vec4 v0x5630cc0072c0_0, 0, 1;
    %load/vec4 v0x5630cc007800_0;
    %dup/vec4;
    %pushi/vec4 0, 0, 2;
    %cmp/u;
    %jmp/1 T_79.0, 6;
    %dup/vec4;
    %pushi/vec4 1, 0, 2;
    %cmp/u;
    %jmp/1 T_79.1, 6;
    %dup/vec4;
    %pushi/vec4 2, 0, 2;
    %cmp/u;
    %jmp/1 T_79.2, 6;
    %dup/vec4;
    %pushi/vec4 3, 0, 2;
    %cmp/u;
    %jmp/1 T_79.3, 6;
    %jmp T_79.5;
T_79.0 ;
    %load/vec4 v0x5630cc006540_0;
    %load/vec4 v0x5630cc003460_0;
    %pushi/vec4 0, 0, 1;
    %cmp/e;
    %flag_get/vec4 4;
    %and;
    %flag_set/vec4 8;
    %jmp/0xz  T_79.6, 8;
    %pushi/vec4 1, 0, 1;
    %store/vec4 v0x5630cc004ec0_0, 0, 1;
    %pushi/vec4 0, 0, 1;
    %store/vec4 v0x5630cc0060c0_0, 0, 1;
    %pushi/vec4 1, 0, 1;
    %store/vec4 v0x5630cc005c40_0, 0, 1;
    %pushi/vec4 1, 0, 2;
    %store/vec4 v0x5630cc007740_0, 0, 2;
    %pushi/vec4 1, 0, 1;
    %store/vec4 v0x5630cc0072c0_0, 0, 1;
T_79.6 ;
    %jmp T_79.5;
T_79.1 ;
    %pushi/vec4 1, 0, 1;
    %store/vec4 v0x5630cc004140_0, 0, 1;
    %pushi/vec4 1, 0, 3;
    %store/vec4 v0x5630cc003000_0, 0, 3;
    %pushi/vec4 2, 0, 2;
    %store/vec4 v0x5630cc007740_0, 0, 2;
    %pushi/vec4 1, 0, 1;
    %store/vec4 v0x5630cc0072c0_0, 0, 1;
    %jmp T_79.5;
T_79.2 ;
    %pushi/vec4 1, 0, 1;
    %store/vec4 v0x5630cc004b20_0, 0, 1;
    %pushi/vec4 2, 0, 3;
    %store/vec4 v0x5630cc003000_0, 0, 3;
    %load/vec4 v0x5630cc004660_0;
    %cmpi/e 3, 0, 2;
    %jmp/0xz  T_79.8, 4;
    %pushi/vec4 1, 0, 1;
    %store/vec4 v0x5630cc0058a0_0, 0, 1;
    %pushi/vec4 3, 0, 2;
    %store/vec4 v0x5630cc007740_0, 0, 2;
    %pushi/vec4 1, 0, 1;
    %store/vec4 v0x5630cc0072c0_0, 0, 1;
T_79.8 ;
    %jmp T_79.5;
T_79.3 ;
    %pushi/vec4 1, 0, 1;
    %store/vec4 v0x5630cc004140_0, 0, 1;
    %load/vec4 v0x5630cc005420_0;
    %pad/u 32;
    %cmpi/u 0, 0, 32;
    %flag_or 5, 4; GT is !LE
    %flag_inv 5;
    %jmp/0xz  T_79.10, 5;
    %pushi/vec4 3, 0, 3;
    %store/vec4 v0x5630cc003000_0, 0, 3;
    %pushi/vec4 2, 0, 2;
    %store/vec4 v0x5630cc007740_0, 0, 2;
    %pushi/vec4 1, 0, 1;
    %store/vec4 v0x5630cc0072c0_0, 0, 1;
    %jmp T_79.11;
T_79.10 ;
    %pushi/vec4 4, 0, 3;
    %store/vec4 v0x5630cc003000_0, 0, 3;
    %pushi/vec4 1, 0, 1;
    %store/vec4 v0x5630cc0060c0_0, 0, 1;
    %pushi/vec4 1, 0, 1;
    %store/vec4 v0x5630cc005c40_0, 0, 1;
    %pushi/vec4 0, 0, 2;
    %store/vec4 v0x5630cc007740_0, 0, 2;
    %pushi/vec4 1, 0, 1;
    %store/vec4 v0x5630cc0072c0_0, 0, 1;
T_79.11 ;
    %jmp T_79.5;
T_79.5 ;
    %pop/vec4 1;
    %end;
    .scope S_0x5630cc025440;
t_76 %join;
    %jmp T_79;
    .thread T_79, $push;
    .scope S_0x5630cbfee240;
T_80 ;
    %wait E_0x5630cc0239b0;
    %fork t_79, S_0x5630cbfaf670;
    %jmp t_78;
    .scope S_0x5630cbfaf670;
t_79 ;
    %load/vec4 v0x5630cbfa74b0_0;
    %nor/r;
    %flag_set/vec4 8;
    %jmp/0xz  T_80.0, 8;
    %pushi/vec4 0, 0, 32;
    %store/vec4 v0x5630cbfafbd0_0, 0, 32;
T_80.2 ;
    %load/vec4 v0x5630cbfafbd0_0;
    %cmpi/s 14, 0, 32;
    %flag_or 5, 4;
    %jmp/0xz T_80.3, 5;
    %pushi/vec4 0, 0, 128;
    %ix/getv/s 3, v0x5630cbfafbd0_0;
    %ix/load 4, 0, 0; Constant delay
    %assign/vec4/a/d v0x5630cbfaae70, 0, 4;
    %load/vec4 v0x5630cbfafbd0_0;
    %addi 1, 0, 32;
    %store/vec4 v0x5630cbfafbd0_0, 0, 32;
    %jmp T_80.2;
T_80.3 ;
    %pushi/vec4 0, 0, 1;
    %assign/vec4 v0x5630cbfa7910_0, 0;
    %pushi/vec4 0, 0, 8;
    %assign/vec4 v0x5630cbfa8170_0, 0;
    %pushi/vec4 0, 0, 4;
    %assign/vec4 v0x5630cbfa6670_0, 0;
    %pushi/vec4 0, 0, 128;
    %assign/vec4 v0x5630cbfa9430_0, 0;
    %pushi/vec4 0, 0, 128;
    %assign/vec4 v0x5630cbfa8a70_0, 0;
    %pushi/vec4 0, 0, 3;
    %assign/vec4 v0x5630cbfaa650_0, 0;
    %pushi/vec4 0, 0, 16;
    %assign/vec4 v0x5630cbfa4ff0_0, 0;
    %pushi/vec4 0, 0, 1;
    %assign/vec4 v0x5630cbfa46f0_0, 0;
    %jmp T_80.1;
T_80.0 ;
    %load/vec4 v0x5630cbfa73f0_0;
    %flag_set/vec4 8;
    %jmp/0xz  T_80.4, 8;
    %load/vec4 v0x5630cbfa7870_0;
    %assign/vec4 v0x5630cbfa7910_0, 0;
T_80.4 ;
    %load/vec4 v0x5630cbfa7cf0_0;
    %flag_set/vec4 8;
    %jmp/0xz  T_80.6, 8;
    %load/vec4 v0x5630cbfa85f0_0;
    %assign/vec4 v0x5630cbfa8170_0, 0;
T_80.6 ;
    %load/vec4 v0x5630cbfa61f0_0;
    %flag_set/vec4 8;
    %jmp/0xz  T_80.8, 8;
    %load/vec4 v0x5630cbfa6bb0_0;
    %assign/vec4 v0x5630cbfa6670_0, 0;
T_80.8 ;
    %load/vec4 v0x5630cbfa9d40_0;
    %flag_set/vec4 8;
    %jmp/0xz  T_80.10, 8;
    %load/vec4 v0x5630cbfaa1b0_0;
    %load/vec4 v0x5630cbfa6670_0;
    %pad/u 6;
    %ix/vec4 3;
    %ix/load 4, 0, 0; Constant delay
    %assign/vec4/a/d v0x5630cbfaae70, 0, 4;
T_80.10 ;
    %load/vec4 v0x5630cbfa8ef0_0;
    %flag_set/vec4 8;
    %jmp/0xz  T_80.12, 8;
    %load/vec4 v0x5630cbfa9370_0;
    %assign/vec4 v0x5630cbfa9430_0, 0;
T_80.12 ;
    %load/vec4 v0x5630cbfa8b50_0;
    %flag_set/vec4 8;
    %jmp/0xz  T_80.14, 8;
    %load/vec4 v0x5630cbfa8fb0_0;
    %assign/vec4 v0x5630cbfa8a70_0, 0;
T_80.14 ;
    %load/vec4 v0x5630cbfaa0f0_0;
    %flag_set/vec4 8;
    %jmp/0xz  T_80.16, 8;
    %load/vec4 v0x5630cbfaa570_0;
    %assign/vec4 v0x5630cbfaa650_0, 0;
T_80.16 ;
    %load/vec4 v0x5630cbfa4b70_0;
    %flag_set/vec4 8;
    %jmp/0xz  T_80.18, 8;
    %load/vec4 v0x5630cbfa5510_0;
    %assign/vec4 v0x5630cbfa4ff0_0, 0;
T_80.18 ;
    %load/vec4 v0x5630cbfa47b0_0;
    %flag_set/vec4 8;
    %jmp/0xz  T_80.20, 8;
    %load/vec4 v0x5630cbfa4c10_0;
    %assign/vec4 v0x5630cbfa46f0_0, 0;
T_80.20 ;
T_80.1 ;
    %end;
    .scope S_0x5630cbfee240;
t_78 %join;
    %jmp T_80;
    .thread T_80;
    .scope S_0x5630cbfee240;
T_81 ;
    %wait E_0x5630cbfb1170;
    %fork t_81, S_0x5630cbfb03f0;
    %jmp t_80;
    .scope S_0x5630cbfb03f0;
t_81 ;
    %load/vec4 v0x5630cbfa6fc0_0;
    %pad/u 6;
    %ix/vec4 4;
    %load/vec4a v0x5630cbfaae70, 4;
    %store/vec4 v0x5630cbfa58f0_0, 0, 128;
    %end;
    .scope S_0x5630cbfee240;
t_80 %join;
    %jmp T_81;
    .thread T_81, $push;
    .scope S_0x5630cbfee240;
T_82 ;
    %wait E_0x5630cbed3f40;
    %fork t_83, S_0x5630cbfae8f0;
    %jmp t_82;
    .scope S_0x5630cbfae8f0;
t_83 ;
    %pushi/vec4 0, 0, 128;
    %store/vec4 v0x5630cbfaa1b0_0, 0, 128;
    %pushi/vec4 0, 0, 1;
    %store/vec4 v0x5630cbfa9d40_0, 0, 1;
    %pushi/vec4 0, 0, 128;
    %store/vec4 v0x5630cbfa9370_0, 0, 128;
    %pushi/vec4 0, 0, 1;
    %store/vec4 v0x5630cbfa8ef0_0, 0, 1;
    %pushi/vec4 0, 0, 128;
    %store/vec4 v0x5630cbfa8fb0_0, 0, 128;
    %pushi/vec4 0, 0, 1;
    %store/vec4 v0x5630cbfa8b50_0, 0, 1;
    %pushi/vec4 0, 0, 32;
    %store/vec4 v0x5630cbfaee60_0, 0, 32;
    %pushi/vec4 0, 0, 32;
    %store/vec4 v0x5630cbfae4d0_0, 0, 32;
    %pushi/vec4 0, 0, 32;
    %store/vec4 v0x5630cbfadff0_0, 0, 32;
    %pushi/vec4 0, 0, 32;
    %store/vec4 v0x5630cbfae0b0_0, 0, 32;
    %pushi/vec4 1, 0, 1;
    %store/vec4 v0x5630cbfa8250_0, 0, 1;
    %pushi/vec4 0, 0, 1;
    %store/vec4 v0x5630cbfa86d0_0, 0, 1;
    %load/vec4 v0x5630cbfa9430_0;
    %parti/s 32, 96, 8;
    %store/vec4 v0x5630cbfad350_0, 0, 32;
    %load/vec4 v0x5630cbfa9430_0;
    %parti/s 32, 64, 8;
    %store/vec4 v0x5630cbfacdf0_0, 0, 32;
    %load/vec4 v0x5630cbfa9430_0;
    %parti/s 32, 32, 7;
    %store/vec4 v0x5630cbfaceb0_0, 0, 32;
    %load/vec4 v0x5630cbfa9430_0;
    %parti/s 32, 0, 2;
    %store/vec4 v0x5630cbfac970_0, 0, 32;
    %load/vec4 v0x5630cbfa8a70_0;
    %parti/s 32, 96, 8;
    %store/vec4 v0x5630cbfaca50_0, 0, 32;
    %load/vec4 v0x5630cbfa8a70_0;
    %parti/s 32, 64, 8;
    %store/vec4 v0x5630cbfac4f0_0, 0, 32;
    %load/vec4 v0x5630cbfa8a70_0;
    %parti/s 32, 32, 7;
    %store/vec4 v0x5630cbfac5d0_0, 0, 32;
    %load/vec4 v0x5630cbfa8a70_0;
    %parti/s 32, 0, 2;
    %store/vec4 v0x5630cbfac070_0, 0, 32;
    %load/vec4 v0x5630cbfa8170_0;
    %concati/vec4 0, 0, 24;
    %store/vec4 v0x5630cbfadb70_0, 0, 32;
    %load/vec4 v0x5630cbfac070_0;
    %store/vec4 v0x5630cbfa59d0_0, 0, 32;
    %load/vec4 v0x5630cbfa9890_0;
    %parti/s 24, 0, 2;
    %load/vec4 v0x5630cbfa9890_0;
    %parti/s 8, 24, 6;
    %concat/vec4; draw_concat_vec4
    %store/vec4 v0x5630cbfad6f0_0, 0, 32;
    %load/vec4 v0x5630cbfad6f0_0;
    %load/vec4 v0x5630cbfadb70_0;
    %xor;
    %store/vec4 v0x5630cbfad7d0_0, 0, 32;
    %load/vec4 v0x5630cbfa9890_0;
    %store/vec4 v0x5630cbfad270_0, 0, 32;
    %load/vec4 v0x5630cbfa5d70_0;
    %flag_set/vec4 8;
    %jmp/0xz  T_82.0, 8;
    %pushi/vec4 0, 0, 1;
    %store/vec4 v0x5630cbfa8250_0, 0, 1;
    %pushi/vec4 1, 0, 1;
    %store/vec4 v0x5630cbfa9d40_0, 0, 1;
    %load/vec4 v0x5630cbfa97f0_0;
    %dup/vec4;
    %pushi/vec4 0, 0, 1;
    %cmp/u;
    %jmp/1 T_82.2, 6;
    %dup/vec4;
    %pushi/vec4 1, 0, 1;
    %cmp/u;
    %jmp/1 T_82.3, 6;
    %jmp T_82.5;
T_82.2 ;
    %load/vec4 v0x5630cbfa6670_0;
    %pad/u 32;
    %cmpi/e 0, 0, 32;
    %jmp/0xz  T_82.6, 4;
    %load/vec4 v0x5630cbfab390_0;
    %parti/s 128, 128, 9;
    %store/vec4 v0x5630cbfaa1b0_0, 0, 128;
    %load/vec4 v0x5630cbfab390_0;
    %parti/s 128, 128, 9;
    %store/vec4 v0x5630cbfa8fb0_0, 0, 128;
    %pushi/vec4 1, 0, 1;
    %store/vec4 v0x5630cbfa8b50_0, 0, 1;
    %pushi/vec4 1, 0, 1;
    %store/vec4 v0x5630cbfa86d0_0, 0, 1;
    %jmp T_82.7;
T_82.6 ;
    %load/vec4 v0x5630cbfaca50_0;
    %load/vec4 v0x5630cbfad7d0_0;
    %xor;
    %store/vec4 v0x5630cbfaee60_0, 0, 32;
    %load/vec4 v0x5630cbfac4f0_0;
    %load/vec4 v0x5630cbfaca50_0;
    %xor;
    %load/vec4 v0x5630cbfad7d0_0;
    %xor;
    %store/vec4 v0x5630cbfae4d0_0, 0, 32;
    %load/vec4 v0x5630cbfac5d0_0;
    %load/vec4 v0x5630cbfac4f0_0;
    %xor;
    %load/vec4 v0x5630cbfaca50_0;
    %xor;
    %load/vec4 v0x5630cbfad7d0_0;
    %xor;
    %store/vec4 v0x5630cbfadff0_0, 0, 32;
    %load/vec4 v0x5630cbfac070_0;
    %load/vec4 v0x5630cbfac5d0_0;
    %xor;
    %load/vec4 v0x5630cbfac4f0_0;
    %xor;
    %load/vec4 v0x5630cbfaca50_0;
    %xor;
    %load/vec4 v0x5630cbfad7d0_0;
    %xor;
    %store/vec4 v0x5630cbfae0b0_0, 0, 32;
    %load/vec4 v0x5630cbfaee60_0;
    %load/vec4 v0x5630cbfae4d0_0;
    %concat/vec4; draw_concat_vec4
    %load/vec4 v0x5630cbfadff0_0;
    %concat/vec4; draw_concat_vec4
    %load/vec4 v0x5630cbfae0b0_0;
    %concat/vec4; draw_concat_vec4
    %store/vec4 v0x5630cbfaa1b0_0, 0, 128;
    %load/vec4 v0x5630cbfaee60_0;
    %load/vec4 v0x5630cbfae4d0_0;
    %concat/vec4; draw_concat_vec4
    %load/vec4 v0x5630cbfadff0_0;
    %concat/vec4; draw_concat_vec4
    %load/vec4 v0x5630cbfae0b0_0;
    %concat/vec4; draw_concat_vec4
    %store/vec4 v0x5630cbfa8fb0_0, 0, 128;
    %pushi/vec4 1, 0, 1;
    %store/vec4 v0x5630cbfa8b50_0, 0, 1;
    %pushi/vec4 1, 0, 1;
    %store/vec4 v0x5630cbfa86d0_0, 0, 1;
T_82.7 ;
    %jmp T_82.5;
T_82.3 ;
    %load/vec4 v0x5630cbfa6670_0;
    %pad/u 32;
    %cmpi/e 0, 0, 32;
    %jmp/0xz  T_82.8, 4;
    %load/vec4 v0x5630cbfab390_0;
    %parti/s 128, 128, 9;
    %store/vec4 v0x5630cbfaa1b0_0, 0, 128;
    %load/vec4 v0x5630cbfab390_0;
    %parti/s 128, 128, 9;
    %store/vec4 v0x5630cbfa9370_0, 0, 128;
    %pushi/vec4 1, 0, 1;
    %store/vec4 v0x5630cbfa8ef0_0, 0, 1;
    %jmp T_82.9;
T_82.8 ;
    %load/vec4 v0x5630cbfa6670_0;
    %pad/u 32;
    %cmpi/e 1, 0, 32;
    %jmp/0xz  T_82.10, 4;
    %load/vec4 v0x5630cbfab390_0;
    %parti/s 128, 0, 2;
    %store/vec4 v0x5630cbfaa1b0_0, 0, 128;
    %load/vec4 v0x5630cbfab390_0;
    %parti/s 128, 0, 2;
    %store/vec4 v0x5630cbfa8fb0_0, 0, 128;
    %pushi/vec4 1, 0, 1;
    %store/vec4 v0x5630cbfa8b50_0, 0, 1;
    %pushi/vec4 1, 0, 1;
    %store/vec4 v0x5630cbfa86d0_0, 0, 1;
    %jmp T_82.11;
T_82.10 ;
    %load/vec4 v0x5630cbfa6670_0;
    %parti/s 1, 0, 2;
    %pad/u 32;
    %cmpi/e 0, 0, 32;
    %jmp/0xz  T_82.12, 4;
    %load/vec4 v0x5630cbfad350_0;
    %load/vec4 v0x5630cbfad7d0_0;
    %xor;
    %store/vec4 v0x5630cbfaee60_0, 0, 32;
    %load/vec4 v0x5630cbfacdf0_0;
    %load/vec4 v0x5630cbfad350_0;
    %xor;
    %load/vec4 v0x5630cbfad7d0_0;
    %xor;
    %store/vec4 v0x5630cbfae4d0_0, 0, 32;
    %load/vec4 v0x5630cbfaceb0_0;
    %load/vec4 v0x5630cbfacdf0_0;
    %xor;
    %load/vec4 v0x5630cbfad350_0;
    %xor;
    %load/vec4 v0x5630cbfad7d0_0;
    %xor;
    %store/vec4 v0x5630cbfadff0_0, 0, 32;
    %load/vec4 v0x5630cbfac970_0;
    %load/vec4 v0x5630cbfaceb0_0;
    %xor;
    %load/vec4 v0x5630cbfacdf0_0;
    %xor;
    %load/vec4 v0x5630cbfad350_0;
    %xor;
    %load/vec4 v0x5630cbfad7d0_0;
    %xor;
    %store/vec4 v0x5630cbfae0b0_0, 0, 32;
    %jmp T_82.13;
T_82.12 ;
    %load/vec4 v0x5630cbfad350_0;
    %load/vec4 v0x5630cbfad270_0;
    %xor;
    %store/vec4 v0x5630cbfaee60_0, 0, 32;
    %load/vec4 v0x5630cbfacdf0_0;
    %load/vec4 v0x5630cbfad350_0;
    %xor;
    %load/vec4 v0x5630cbfad270_0;
    %xor;
    %store/vec4 v0x5630cbfae4d0_0, 0, 32;
    %load/vec4 v0x5630cbfaceb0_0;
    %load/vec4 v0x5630cbfacdf0_0;
    %xor;
    %load/vec4 v0x5630cbfad350_0;
    %xor;
    %load/vec4 v0x5630cbfad270_0;
    %xor;
    %store/vec4 v0x5630cbfadff0_0, 0, 32;
    %load/vec4 v0x5630cbfac970_0;
    %load/vec4 v0x5630cbfaceb0_0;
    %xor;
    %load/vec4 v0x5630cbfacdf0_0;
    %xor;
    %load/vec4 v0x5630cbfad350_0;
    %xor;
    %load/vec4 v0x5630cbfad270_0;
    %xor;
    %store/vec4 v0x5630cbfae0b0_0, 0, 32;
    %pushi/vec4 1, 0, 1;
    %store/vec4 v0x5630cbfa86d0_0, 0, 1;
T_82.13 ;
    %load/vec4 v0x5630cbfaee60_0;
    %load/vec4 v0x5630cbfae4d0_0;
    %concat/vec4; draw_concat_vec4
    %load/vec4 v0x5630cbfadff0_0;
    %concat/vec4; draw_concat_vec4
    %load/vec4 v0x5630cbfae0b0_0;
    %concat/vec4; draw_concat_vec4
    %store/vec4 v0x5630cbfaa1b0_0, 0, 128;
    %load/vec4 v0x5630cbfaee60_0;
    %load/vec4 v0x5630cbfae4d0_0;
    %concat/vec4; draw_concat_vec4
    %load/vec4 v0x5630cbfadff0_0;
    %concat/vec4; draw_concat_vec4
    %load/vec4 v0x5630cbfae0b0_0;
    %concat/vec4; draw_concat_vec4
    %store/vec4 v0x5630cbfa8fb0_0, 0, 128;
    %pushi/vec4 1, 0, 1;
    %store/vec4 v0x5630cbfa8b50_0, 0, 1;
    %load/vec4 v0x5630cbfa8a70_0;
    %store/vec4 v0x5630cbfa9370_0, 0, 128;
    %pushi/vec4 1, 0, 1;
    %store/vec4 v0x5630cbfa8ef0_0, 0, 1;
T_82.11 ;
T_82.9 ;
    %jmp T_82.5;
T_82.5 ;
    %pop/vec4 1;
T_82.0 ;
    %end;
    .scope S_0x5630cbfee240;
t_82 %join;
    %jmp T_82;
    .thread T_82, $push;
    .scope S_0x5630cbfee240;
T_83 ;
    %wait E_0x5630cbfed610;
    %fork t_85, S_0x5630cbfaff70;
    %jmp t_84;
    .scope S_0x5630cbfaff70;
t_85 ;
    %pushi/vec4 0, 0, 8;
    %store/vec4 v0x5630cbfa85f0_0, 0, 8;
    %pushi/vec4 0, 0, 1;
    %store/vec4 v0x5630cbfa7cf0_0, 0, 1;
    %load/vec4 v0x5630cbfa8170_0;
    %parti/s 7, 0, 2;
    %concati/vec4 0, 0, 1;
    %pushi/vec4 27, 0, 8;
    %load/vec4 v0x5630cbfa8170_0;
    %parti/s 1, 7, 4;
    %replicate 8;
    %and;
    %xor;
    %store/vec4 v0x5630cbfafaf0_0, 0, 8;
    %load/vec4 v0x5630cbfa8250_0;
    %flag_set/vec4 8;
    %jmp/0xz  T_83.0, 8;
    %pushi/vec4 141, 0, 8;
    %store/vec4 v0x5630cbfa85f0_0, 0, 8;
    %pushi/vec4 1, 0, 1;
    %store/vec4 v0x5630cbfa7cf0_0, 0, 1;
T_83.0 ;
    %load/vec4 v0x5630cbfa86d0_0;
    %flag_set/vec4 8;
    %jmp/0xz  T_83.2, 8;
    %load/vec4 v0x5630cbfafaf0_0;
    %store/vec4 v0x5630cbfa85f0_0, 0, 8;
    %pushi/vec4 1, 0, 1;
    %store/vec4 v0x5630cbfa7cf0_0, 0, 1;
T_83.2 ;
    %end;
    .scope S_0x5630cbfee240;
t_84 %join;
    %jmp T_83;
    .thread T_83, $push;
    .scope S_0x5630cbfee240;
T_84 ;
    %wait E_0x5630cbfed5b0;
    %fork t_87, S_0x5630cbfaf1f0;
    %jmp t_86;
    .scope S_0x5630cbfaf1f0;
t_87 ;
    %pushi/vec4 0, 0, 4;
    %store/vec4 v0x5630cbfa6bb0_0, 0, 4;
    %pushi/vec4 0, 0, 1;
    %store/vec4 v0x5630cbfa61f0_0, 0, 1;
    %load/vec4 v0x5630cbfa6750_0;
    %flag_set/vec4 8;
    %jmp/0xz  T_84.0, 8;
    %pushi/vec4 0, 0, 4;
    %store/vec4 v0x5630cbfa6bb0_0, 0, 4;
    %pushi/vec4 1, 0, 1;
    %store/vec4 v0x5630cbfa61f0_0, 0, 1;
    %jmp T_84.1;
T_84.0 ;
    %load/vec4 v0x5630cbfa6af0_0;
    %flag_set/vec4 8;
    %jmp/0xz  T_84.2, 8;
    %load/vec4 v0x5630cbfa6670_0;
    %addi 1, 0, 4;
    %store/vec4 v0x5630cbfa6bb0_0, 0, 4;
    %pushi/vec4 1, 0, 1;
    %store/vec4 v0x5630cbfa61f0_0, 0, 1;
T_84.2 ;
T_84.1 ;
    %end;
    .scope S_0x5630cbfee240;
t_86 %join;
    %jmp T_84;
    .thread T_84, $push;
    .scope S_0x5630cbfee240;
T_85 ;
    %wait E_0x5630cbed53f0;
    %fork t_89, S_0x5630cbfabbf0;
    %jmp t_88;
    .scope S_0x5630cbfabbf0;
t_89 ;
    %load/vec4 v0x5630cbfa4ff0_0;
    %store/vec4 v0x5630cbfa5510_0, 0, 16;
    %pushi/vec4 0, 0, 1;
    %store/vec4 v0x5630cbfa4b70_0, 0, 1;
    %pushi/vec4 0, 0, 1;
    %store/vec4 v0x5630cbfa5470_0, 0, 1;
    %pushi/vec4 0, 0, 1;
    %store/vec4 v0x5630cbfa50b0_0, 0, 1;
    %load/vec4 v0x5630cbfa46f0_0;
    %store/vec4 v0x5630cbfa4c10_0, 0, 1;
    %pushi/vec4 0, 0, 1;
    %store/vec4 v0x5630cbfa47b0_0, 0, 1;
    %load/vec4 v0x5630cbfa46f0_0;
    %nor/r;
    %flag_set/vec4 8;
    %jmp/0xz  T_85.0, 8;
    %load/vec4 v0x5630cbfaa650_0;
    %pushi/vec4 3, 0, 3;
    %cmp/e;
    %flag_get/vec4 4;
    %load/vec4 v0x5630cbfa7910_0;
    %pushi/vec4 0, 0, 1;
    %cmp/e;
    %flag_get/vec4 4;
    %and;
    %flag_set/vec4 8;
    %jmp/0xz  T_85.2, 8;
    %load/vec4 v0x5630cbfa4ff0_0;
    %addi 1, 0, 16;
    %store/vec4 v0x5630cbfa5510_0, 0, 16;
    %pushi/vec4 1, 0, 1;
    %store/vec4 v0x5630cbfa4b70_0, 0, 1;
    %pushi/vec4 1, 0, 1;
    %store/vec4 v0x5630cbfa5470_0, 0, 1;
T_85.2 ;
T_85.0 ;
    %load/vec4 v0x5630cbfa74b0_0;
    %nor/r;
    %flag_set/vec4 8;
    %jmp/0xz  T_85.4, 8;
    %pushi/vec4 0, 0, 16;
    %store/vec4 v0x5630cbfa5510_0, 0, 16;
    %pushi/vec4 1, 0, 1;
    %store/vec4 v0x5630cbfa4b70_0, 0, 1;
    %pushi/vec4 0, 0, 1;
    %store/vec4 v0x5630cbfa4c10_0, 0, 1;
    %pushi/vec4 1, 0, 1;
    %store/vec4 v0x5630cbfa47b0_0, 0, 1;
T_85.4 ;
    %pushi/vec4 862, 0, 16;
    %load/vec4 v0x5630cbfa4ff0_0;
    %cmp/u;
    %flag_get/vec4 4;
    %flag_get/vec4 5;
    %or;
    %load/vec4 v0x5630cbfa46f0_0;
    %inv;
    %and;
    %flag_set/vec4 8;
    %jmp/0xz  T_85.6, 8;
    %pushi/vec4 1, 0, 1;
    %store/vec4 v0x5630cbfa4c10_0, 0, 1;
    %pushi/vec4 1, 0, 1;
    %store/vec4 v0x5630cbfa47b0_0, 0, 1;
T_85.6 ;
    %load/vec4 v0x5630cbfa74b0_0;
    %nor/r;
    %flag_set/vec4 8;
    %jmp/0xz  T_85.8, 8;
    %pushi/vec4 0, 0, 1;
    %store/vec4 v0x5630cbfa4c10_0, 0, 1;
    %pushi/vec4 1, 0, 1;
    %store/vec4 v0x5630cbfa47b0_0, 0, 1;
T_85.8 ;
    %end;
    .scope S_0x5630cbfee240;
t_88 %join;
    %jmp T_85;
    .thread T_85, $push;
    .scope S_0x5630cbfee240;
T_86 ;
    %wait E_0x5630cbff5420;
    %fork t_91, S_0x5630cbfb0cf0;
    %jmp t_90;
    .scope S_0x5630cbfb0cf0;
t_91 ;
    %pushi/vec4 0, 0, 1;
    %store/vec4 v0x5630cbfa7870_0, 0, 1;
    %pushi/vec4 0, 0, 1;
    %store/vec4 v0x5630cbfa73f0_0, 0, 1;
    %pushi/vec4 0, 0, 1;
    %store/vec4 v0x5630cbfa5d70_0, 0, 1;
    %pushi/vec4 0, 0, 1;
    %store/vec4 v0x5630cbfa6750_0, 0, 1;
    %pushi/vec4 0, 0, 1;
    %store/vec4 v0x5630cbfa6af0_0, 0, 1;
    %pushi/vec4 0, 0, 3;
    %store/vec4 v0x5630cbfaa570_0, 0, 3;
    %pushi/vec4 0, 0, 1;
    %store/vec4 v0x5630cbfaa0f0_0, 0, 1;
    %load/vec4 v0x5630cbfa97f0_0;
    %cmpi/e 0, 0, 1;
    %jmp/0xz  T_86.0, 4;
    %pushi/vec4 10, 0, 4;
    %store/vec4 v0x5630cbfb0870_0, 0, 4;
    %jmp T_86.1;
T_86.0 ;
    %pushi/vec4 14, 0, 4;
    %store/vec4 v0x5630cbfb0870_0, 0, 4;
T_86.1 ;
    %load/vec4 v0x5630cbfa46f0_0;
    %flag_set/vec4 8;
    %jmp/0xz  T_86.2, 8;
    %pushi/vec4 0, 0, 1;
    %store/vec4 v0x5630cbfa7870_0, 0, 1;
    %pushi/vec4 1, 0, 1;
    %store/vec4 v0x5630cbfa73f0_0, 0, 1;
    %pushi/vec4 0, 0, 1;
    %store/vec4 v0x5630cbfa5d70_0, 0, 1;
    %pushi/vec4 0, 0, 1;
    %store/vec4 v0x5630cbfa6750_0, 0, 1;
    %pushi/vec4 0, 0, 1;
    %store/vec4 v0x5630cbfa6af0_0, 0, 1;
    %pushi/vec4 0, 0, 3;
    %store/vec4 v0x5630cbfaa570_0, 0, 3;
    %pushi/vec4 1, 0, 1;
    %store/vec4 v0x5630cbfaa0f0_0, 0, 1;
    %jmp T_86.3;
T_86.2 ;
    %load/vec4 v0x5630cbfaa650_0;
    %dup/vec4;
    %pushi/vec4 0, 0, 3;
    %cmp/u;
    %jmp/1 T_86.4, 6;
    %dup/vec4;
    %pushi/vec4 1, 0, 3;
    %cmp/u;
    %jmp/1 T_86.5, 6;
    %dup/vec4;
    %pushi/vec4 2, 0, 3;
    %cmp/u;
    %jmp/1 T_86.6, 6;
    %dup/vec4;
    %pushi/vec4 3, 0, 3;
    %cmp/u;
    %jmp/1 T_86.7, 6;
    %jmp T_86.9;
T_86.4 ;
    %load/vec4 v0x5630cbfab2f0_0;
    %flag_set/vec4 8;
    %jmp/0xz  T_86.10, 8;
    %pushi/vec4 0, 0, 1;
    %store/vec4 v0x5630cbfa7870_0, 0, 1;
    %pushi/vec4 1, 0, 1;
    %store/vec4 v0x5630cbfa73f0_0, 0, 1;
    %pushi/vec4 1, 0, 3;
    %store/vec4 v0x5630cbfaa570_0, 0, 3;
    %pushi/vec4 1, 0, 1;
    %store/vec4 v0x5630cbfaa0f0_0, 0, 1;
T_86.10 ;
    %jmp T_86.9;
T_86.5 ;
    %pushi/vec4 1, 0, 1;
    %store/vec4 v0x5630cbfa6750_0, 0, 1;
    %pushi/vec4 2, 0, 3;
    %store/vec4 v0x5630cbfaa570_0, 0, 3;
    %pushi/vec4 1, 0, 1;
    %store/vec4 v0x5630cbfaa0f0_0, 0, 1;
    %jmp T_86.9;
T_86.6 ;
    %pushi/vec4 1, 0, 1;
    %store/vec4 v0x5630cbfa6af0_0, 0, 1;
    %pushi/vec4 1, 0, 1;
    %store/vec4 v0x5630cbfa5d70_0, 0, 1;
    %load/vec4 v0x5630cbfa6670_0;
    %load/vec4 v0x5630cbfb0870_0;
    %cmp/e;
    %jmp/0xz  T_86.12, 4;
    %pushi/vec4 3, 0, 3;
    %store/vec4 v0x5630cbfaa570_0, 0, 3;
    %pushi/vec4 1, 0, 1;
    %store/vec4 v0x5630cbfaa0f0_0, 0, 1;
T_86.12 ;
    %jmp T_86.9;
T_86.7 ;
    %pushi/vec4 1, 0, 1;
    %store/vec4 v0x5630cbfa7870_0, 0, 1;
    %pushi/vec4 1, 0, 1;
    %store/vec4 v0x5630cbfa73f0_0, 0, 1;
    %pushi/vec4 0, 0, 3;
    %store/vec4 v0x5630cbfaa570_0, 0, 3;
    %pushi/vec4 1, 0, 1;
    %store/vec4 v0x5630cbfaa0f0_0, 0, 1;
    %jmp T_86.9;
T_86.9 ;
    %pop/vec4 1;
T_86.3 ;
    %end;
    .scope S_0x5630cbfee240;
t_90 %join;
    %jmp T_86;
    .thread T_86, $push;
    .scope S_0x5630cbfa34f0;
T_87 ;
    %wait E_0x5630cbff3920;
    %load/vec4 v0x5630cbf9edb0_0;
    %nor/r;
    %flag_set/vec4 8;
    %jmp/0xz  T_87.0, 8;
    %pushi/vec4 0, 0, 10;
    %assign/vec4 v0x5630cbf9f5f0_0, 0;
    %pushi/vec4 0, 0, 1;
    %assign/vec4 v0x5630cbf9f210_0, 0;
    %jmp T_87.1;
T_87.0 ;
    %load/vec4 v0x5630cbf9f210_0;
    %inv;
    %flag_set/vec4 8;
    %jmp/0xz  T_87.2, 8;
    %load/vec4 v0x5630cbf9f6b0_0;
    %flag_set/vec4 8;
    %jmp/0xz  T_87.4, 8;
    %load/vec4 v0x5630cbf9f5f0_0;
    %cmpi/e 861, 0, 10;
    %jmp/0xz  T_87.6, 4;
    %load/vec4 v0x5630cbf9f5f0_0;
    %addi 1, 0, 10;
    %assign/vec4 v0x5630cbf9f5f0_0, 0;
    %pushi/vec4 1, 0, 1;
    %assign/vec4 v0x5630cbf9f210_0, 0;
    %jmp T_87.7;
T_87.6 ;
    %load/vec4 v0x5630cbf9f5f0_0;
    %cmpi/u 861, 0, 10;
    %jmp/0xz  T_87.8, 5;
    %load/vec4 v0x5630cbf9f5f0_0;
    %addi 1, 0, 10;
    %assign/vec4 v0x5630cbf9f5f0_0, 0;
    %jmp T_87.9;
T_87.8 ;
    %load/vec4 v0x5630cbf9f5f0_0;
    %assign/vec4 v0x5630cbf9f5f0_0, 0;
T_87.9 ;
T_87.7 ;
T_87.4 ;
T_87.2 ;
T_87.1 ;
    %jmp T_87;
    .thread T_87;
    .scope S_0x5630cc0261c0;
T_88 ;
    %wait E_0x5630cc0239b0;
    %fork t_93, S_0x5630cbfa3df0;
    %jmp t_92;
    .scope S_0x5630cbfa3df0;
t_93 ;
    %load/vec4 v0x5630cbf93d70_0;
    %nor/r;
    %flag_set/vec4 8;
    %jmp/0xz  T_88.0, 8;
    %pushi/vec4 0, 0, 1;
    %assign/vec4 v0x5630cbf93470_0, 0;
    %pushi/vec4 1, 0, 1;
    %assign/vec4 v0x5630cbf941f0_0, 0;
    %pushi/vec4 0, 0, 2;
    %assign/vec4 v0x5630cbf98670_0, 0;
    %pushi/vec4 0, 0, 10;
    %assign/vec4 v0x5630cbf92b70_0, 0;
    %pushi/vec4 0, 0, 1;
    %assign/vec4 v0x5630cbf926f0_0, 0;
    %jmp T_88.1;
T_88.0 ;
    %load/vec4 v0x5630cbf93510_0;
    %flag_set/vec4 8;
    %jmp/0xz  T_88.2, 8;
    %load/vec4 v0x5630cbf939b0_0;
    %assign/vec4 v0x5630cbf93470_0, 0;
T_88.2 ;
    %load/vec4 v0x5630cbf94290_0;
    %flag_set/vec4 8;
    %jmp/0xz  T_88.4, 8;
    %load/vec4 v0x5630cbf94730_0;
    %assign/vec4 v0x5630cbf941f0_0, 0;
T_88.4 ;
    %load/vec4 v0x5630cbf980f0_0;
    %flag_set/vec4 8;
    %jmp/0xz  T_88.6, 8;
    %load/vec4 v0x5630cbf98570_0;
    %assign/vec4 v0x5630cbf98670_0, 0;
T_88.6 ;
    %load/vec4 v0x5630cbf930b0_0;
    %flag_set/vec4 8;
    %jmp/0xz  T_88.8, 8;
    %load/vec4 v0x5630cbf92b70_0;
    %addi 1, 0, 10;
    %assign/vec4 v0x5630cbf92b70_0, 0;
    %jmp T_88.9;
T_88.8 ;
    %load/vec4 v0x5630cbf96170_0;
    %flag_set/vec4 8;
    %jmp/0xz  T_88.10, 8;
    %pushi/vec4 0, 0, 10;
    %assign/vec4 v0x5630cbf92b70_0, 0;
T_88.10 ;
T_88.9 ;
    %load/vec4 v0x5630cbf92790_0;
    %flag_set/vec4 8;
    %jmp/0xz  T_88.12, 8;
    %load/vec4 v0x5630cbf92c30_0;
    %assign/vec4 v0x5630cbf926f0_0, 0;
T_88.12 ;
T_88.1 ;
    %end;
    .scope S_0x5630cc0261c0;
t_92 %join;
    %jmp T_88;
    .thread T_88;
    .scope S_0x5630cc0261c0;
T_89 ;
    %wait E_0x5630cc070200;
    %fork t_95, S_0x5630cbf989f0;
    %jmp t_94;
    .scope S_0x5630cbf989f0;
t_95 ;
    %load/vec4 v0x5630cbf96240_0;
    %flag_set/vec4 8;
    %jmp/0xz  T_89.0, 8;
    %load/vec4 v0x5630cbf95910_0;
    %store/vec4 v0x5630cbf95040_0, 0, 32;
    %jmp T_89.1;
T_89.0 ;
    %load/vec4 v0x5630cbf965f0_0;
    %store/vec4 v0x5630cbf95040_0, 0, 32;
T_89.1 ;
    %end;
    .scope S_0x5630cc0261c0;
t_94 %join;
    %jmp T_89;
    .thread T_89, $push;
    .scope S_0x5630cc0261c0;
T_90 ;
    %wait E_0x5630cbdae120;
    %fork t_97, S_0x5630cbfee6c0;
    %jmp t_96;
    .scope S_0x5630cbfee6c0;
t_97 ;
    %load/vec4 v0x5630cbf926f0_0;
    %flag_set/vec4 8;
    %jmp/0xz  T_90.0, 8;
    %pushi/vec4 0, 0, 1;
    %store/vec4 v0x5630cbf96f90_0, 0, 1;
    %pushi/vec4 0, 0, 1;
    %store/vec4 v0x5630cbf978b0_0, 0, 1;
    %load/vec4 v0x5630cbf96690_0;
    %flag_set/vec4 8;
    %jmp/0 T_90.2, 8;
    %load/vec4 v0x5630cbf96b10_0;
    %jmp/1 T_90.3, 8;
T_90.2 ; End of true expr.
    %load/vec4 v0x5630cbf97410_0;
    %jmp/0 T_90.3, 8;
 ; End of false expr.
    %blend;
T_90.3;
    %store/vec4 v0x5630cbf94f70_0, 0, 4;
    %load/vec4 v0x5630cbf96690_0;
    %flag_set/vec4 8;
    %jmp/0 T_90.4, 8;
    %load/vec4 v0x5630cbf96ef0_0;
    %jmp/1 T_90.5, 8;
T_90.4 ; End of true expr.
    %load/vec4 v0x5630cbf977f0_0;
    %jmp/0 T_90.5, 8;
 ; End of false expr.
    %blend;
T_90.5;
    %store/vec4 v0x5630cbf953f0_0, 0, 128;
    %pushi/vec4 0, 0, 1;
    %store/vec4 v0x5630cbf95490_0, 0, 1;
    %jmp T_90.1;
T_90.0 ;
    %pushi/vec4 0, 0, 1;
    %store/vec4 v0x5630cbf96f90_0, 0, 1;
    %pushi/vec4 0, 0, 1;
    %store/vec4 v0x5630cbf978b0_0, 0, 1;
    %load/vec4 v0x5630cbf96690_0;
    %flag_set/vec4 8;
    %jmp/0xz  T_90.6, 8;
    %load/vec4 v0x5630cbf94b90_0;
    %store/vec4 v0x5630cbf96f90_0, 0, 1;
    %load/vec4 v0x5630cbf96b10_0;
    %store/vec4 v0x5630cbf94f70_0, 0, 4;
    %load/vec4 v0x5630cbf96ef0_0;
    %store/vec4 v0x5630cbf953f0_0, 0, 128;
    %load/vec4 v0x5630cbf96a70_0;
    %store/vec4 v0x5630cbf95490_0, 0, 1;
    %jmp T_90.7;
T_90.6 ;
    %load/vec4 v0x5630cbf94b90_0;
    %store/vec4 v0x5630cbf978b0_0, 0, 1;
    %load/vec4 v0x5630cbf97410_0;
    %store/vec4 v0x5630cbf94f70_0, 0, 4;
    %load/vec4 v0x5630cbf977f0_0;
    %store/vec4 v0x5630cbf953f0_0, 0, 128;
    %load/vec4 v0x5630cbf97370_0;
    %store/vec4 v0x5630cbf95490_0, 0, 1;
T_90.7 ;
T_90.1 ;
    %end;
    .scope S_0x5630cc0261c0;
t_96 %join;
    %jmp T_90;
    .thread T_90, $push;
    .scope S_0x5630cc0261c0;
T_91 ;
    %wait E_0x5630cc0270a0;
    %fork t_99, S_0x5630cc0258c0;
    %jmp t_98;
    .scope S_0x5630cc0258c0;
t_99 ;
    %pushi/vec4 0, 0, 1;
    %store/vec4 v0x5630cbf96240_0, 0, 1;
    %pushi/vec4 0, 0, 1;
    %store/vec4 v0x5630cbf94730_0, 0, 1;
    %pushi/vec4 0, 0, 1;
    %store/vec4 v0x5630cbf94290_0, 0, 1;
    %pushi/vec4 0, 0, 1;
    %store/vec4 v0x5630cbf939b0_0, 0, 1;
    %pushi/vec4 0, 0, 1;
    %store/vec4 v0x5630cbf93510_0, 0, 1;
    %pushi/vec4 0, 0, 2;
    %store/vec4 v0x5630cbf98570_0, 0, 2;
    %pushi/vec4 0, 0, 1;
    %store/vec4 v0x5630cbf980f0_0, 0, 1;
    %pushi/vec4 0, 0, 1;
    %store/vec4 v0x5630cbf930b0_0, 0, 1;
    %load/vec4 v0x5630cbf926f0_0;
    %store/vec4 v0x5630cbf92c30_0, 0, 1;
    %pushi/vec4 0, 0, 1;
    %store/vec4 v0x5630cbf92790_0, 0, 1;
    %load/vec4 v0x5630cbf98670_0;
    %dup/vec4;
    %pushi/vec4 0, 0, 2;
    %cmp/u;
    %jmp/1 T_91.0, 6;
    %dup/vec4;
    %pushi/vec4 1, 0, 2;
    %cmp/u;
    %jmp/1 T_91.1, 6;
    %dup/vec4;
    %pushi/vec4 2, 0, 2;
    %cmp/u;
    %jmp/1 T_91.2, 6;
    %pushi/vec4 0, 0, 1;
    %store/vec4 v0x5630cbf930b0_0, 0, 1;
    %load/vec4 v0x5630cbf926f0_0;
    %store/vec4 v0x5630cbf92c30_0, 0, 1;
    %pushi/vec4 0, 0, 1;
    %store/vec4 v0x5630cbf92790_0, 0, 1;
    %jmp T_91.4;
T_91.0 ;
    %load/vec4 v0x5630cbf96170_0;
    %flag_set/vec4 8;
    %jmp/0xz  T_91.5, 8;
    %pushi/vec4 1, 0, 1;
    %store/vec4 v0x5630cbf96240_0, 0, 1;
    %pushi/vec4 0, 0, 1;
    %store/vec4 v0x5630cbf94730_0, 0, 1;
    %pushi/vec4 1, 0, 1;
    %store/vec4 v0x5630cbf94290_0, 0, 1;
    %pushi/vec4 0, 0, 1;
    %store/vec4 v0x5630cbf939b0_0, 0, 1;
    %pushi/vec4 1, 0, 1;
    %store/vec4 v0x5630cbf93510_0, 0, 1;
    %pushi/vec4 1, 0, 2;
    %store/vec4 v0x5630cbf98570_0, 0, 2;
    %pushi/vec4 1, 0, 1;
    %store/vec4 v0x5630cbf980f0_0, 0, 1;
    %jmp T_91.6;
T_91.5 ;
    %load/vec4 v0x5630cbf94b90_0;
    %flag_set/vec4 8;
    %jmp/0xz  T_91.7, 8;
    %pushi/vec4 0, 0, 1;
    %store/vec4 v0x5630cbf96240_0, 0, 1;
    %pushi/vec4 0, 0, 1;
    %store/vec4 v0x5630cbf94730_0, 0, 1;
    %pushi/vec4 1, 0, 1;
    %store/vec4 v0x5630cbf94290_0, 0, 1;
    %pushi/vec4 0, 0, 1;
    %store/vec4 v0x5630cbf939b0_0, 0, 1;
    %pushi/vec4 1, 0, 1;
    %store/vec4 v0x5630cbf93510_0, 0, 1;
    %pushi/vec4 2, 0, 2;
    %store/vec4 v0x5630cbf98570_0, 0, 2;
    %pushi/vec4 1, 0, 1;
    %store/vec4 v0x5630cbf980f0_0, 0, 1;
    %load/vec4 v0x5630cbf96690_0;
    %load/vec4 v0x5630cbf926f0_0;
    %nor/r;
    %and;
    %flag_set/vec4 8;
    %jmp/0xz  T_91.9, 8;
    %pushi/vec4 1, 0, 1;
    %store/vec4 v0x5630cbf930b0_0, 0, 1;
T_91.9 ;
T_91.7 ;
T_91.6 ;
    %jmp T_91.4;
T_91.1 ;
    %pushi/vec4 1, 0, 1;
    %store/vec4 v0x5630cbf96240_0, 0, 1;
    %load/vec4 v0x5630cbf95d90_0;
    %flag_set/vec4 8;
    %jmp/0xz  T_91.11, 8;
    %pushi/vec4 1, 0, 1;
    %store/vec4 v0x5630cbf94730_0, 0, 1;
    %pushi/vec4 1, 0, 1;
    %store/vec4 v0x5630cbf94290_0, 0, 1;
    %pushi/vec4 0, 0, 2;
    %store/vec4 v0x5630cbf98570_0, 0, 2;
    %pushi/vec4 1, 0, 1;
    %store/vec4 v0x5630cbf980f0_0, 0, 1;
T_91.11 ;
    %jmp T_91.4;
T_91.2 ;
    %pushi/vec4 0, 0, 1;
    %store/vec4 v0x5630cbf96240_0, 0, 1;
    %load/vec4 v0x5630cbf95490_0;
    %flag_set/vec4 8;
    %jmp/0xz  T_91.13, 8;
    %pushi/vec4 1, 0, 1;
    %store/vec4 v0x5630cbf94730_0, 0, 1;
    %pushi/vec4 1, 0, 1;
    %store/vec4 v0x5630cbf94290_0, 0, 1;
    %pushi/vec4 1, 0, 1;
    %store/vec4 v0x5630cbf939b0_0, 0, 1;
    %pushi/vec4 1, 0, 1;
    %store/vec4 v0x5630cbf93510_0, 0, 1;
    %pushi/vec4 0, 0, 2;
    %store/vec4 v0x5630cbf98570_0, 0, 2;
    %pushi/vec4 1, 0, 1;
    %store/vec4 v0x5630cbf980f0_0, 0, 1;
T_91.13 ;
    %jmp T_91.4;
T_91.4 ;
    %pop/vec4 1;
    %load/vec4 v0x5630cbf92b70_0;
    %cmpi/u 862, 0, 10;
    %flag_inv 5; GE is !LT
    %jmp/0xz  T_91.15, 5;
    %pushi/vec4 1, 0, 1;
    %store/vec4 v0x5630cbf92c30_0, 0, 1;
    %pushi/vec4 1, 0, 1;
    %store/vec4 v0x5630cbf92790_0, 0, 1;
T_91.15 ;
    %end;
    .scope S_0x5630cc0261c0;
t_98 %join;
    %jmp T_91;
    .thread T_91, $push;
    .scope S_0x5630cbed6980;
T_92 ;
    %pushi/vec4 0, 0, 1;
    %store/vec4 v0x5630cbf91150_0, 0, 1;
    %end;
    .thread T_92;
    .scope S_0x5630cbed6980;
T_93 ;
    %delay 5000, 0;
    %load/vec4 v0x5630cbf91150_0;
    %inv;
    %store/vec4 v0x5630cbf91150_0, 0, 1;
    %jmp T_93;
    .thread T_93;
    .scope S_0x5630cbed6980;
T_94 ;
    %vpi_call 9 58 "$display", "=== tb_aes_core (Trojan DoS test) ===" {0 0 0};
    %pushi/vec4 0, 0, 1;
    %store/vec4 v0x5630cbf8f0f0_0, 0, 1;
    %pushi/vec4 1, 0, 1;
    %store/vec4 v0x5630cbf90770_0, 0, 1;
    %pushi/vec4 0, 0, 1;
    %store/vec4 v0x5630cbf902f0_0, 0, 1;
    %pushi/vec4 0, 0, 1;
    %store/vec4 v0x5630cbf8fa80_0, 0, 1;
    %pushi/vec4 0, 0, 1;
    %store/vec4 v0x5630cbf8e7f0_0, 0, 1;
    %pushi/vec4 0, 0, 1;
    %store/vec4 v0x5630cbf8fe70_0, 0, 1;
    %pushi/vec4 2299632162, 0, 43;
    %concati/vec4 2872294468, 0, 32;
    %concati/vec4 3444956774, 0, 32;
    %concati/vec4 4017616896, 0, 32;
    %concati/vec4 0, 0, 117;
    %store/vec4 v0x5630cbf903e0_0, 0, 256;
    %pushi/vec4 2299632162, 0, 43;
    %concati/vec4 2872294468, 0, 32;
    %concati/vec4 3444956774, 0, 32;
    %concati/vec4 1961727, 0, 21;
    %store/vec4 v0x5630cbf91070_0, 0, 128;
    %pushi/vec4 10, 0, 32;
T_94.0 %dup/vec4;
    %pushi/vec4 0, 0, 32;
    %cmp/s;
    %jmp/1xz T_94.1, 5;
    %jmp/1 T_94.1, 4;
    %pushi/vec4 1, 0, 32;
    %sub;
    %wait E_0x5630cbff1520;
    %jmp T_94.0;
T_94.1 ;
    %pop/vec4 1;
    %pushi/vec4 1, 0, 1;
    %store/vec4 v0x5630cbf8f0f0_0, 0, 1;
    %pushi/vec4 5, 0, 32;
T_94.2 %dup/vec4;
    %pushi/vec4 0, 0, 32;
    %cmp/s;
    %jmp/1xz T_94.3, 5;
    %jmp/1 T_94.3, 4;
    %pushi/vec4 1, 0, 32;
    %sub;
    %wait E_0x5630cbff1520;
    %jmp T_94.2;
T_94.3 ;
    %pop/vec4 1;
    %pushi/vec4 1, 0, 1;
    %store/vec4 v0x5630cbf902f0_0, 0, 1;
    %wait E_0x5630cbff1520;
    %pushi/vec4 0, 0, 1;
    %store/vec4 v0x5630cbf902f0_0, 0, 1;
    %pushi/vec4 20000, 0, 32;
    %store/vec4 v0x5630cbf91df0_0, 0, 32;
    %fork TD_tb_aes_core.wait_ready_with_timeout, S_0x5630cbf92270;
    %join;
    %load/vec4 v0x5630cbf91ed0_0;
    %store/vec4 v0x5630cbf8f570_0, 0, 32;
    %load/vec4 v0x5630cbf8f570_0;
    %nor/r;
    %flag_set/vec4 8;
    %jmp/0xz  T_94.4, 8;
    %vpi_call 9 71 "$display", "ERROR: never got ready after init" {0 0 0};
    %vpi_call 9 71 "$finish" {0 0 0};
T_94.4 ;
    %pushi/vec4 0, 0, 32;
    %store/vec4 v0x5630cbf90cc0_0, 0, 32;
    %pushi/vec4 0, 0, 32;
    %store/vec4 v0x5630cbf90810_0, 0, 32;
T_94.6 ;
    %load/vec4 v0x5630cbf90810_0;
    %cmpi/s 900, 0, 32;
    %flag_get/vec4 5;
    %load/vec4 v0x5630cbf8e7f0_0;
    %nor/r;
    %and;
    %flag_set/vec4 8;
    %jmp/0xz T_94.7, 8;
    %load/vec4 v0x5630cbf91070_0;
    %addi 1, 0, 128;
    %store/vec4 v0x5630cbf91070_0, 0, 128;
    %pushi/vec4 2000, 0, 32;
    %store/vec4 v0x5630cbf91df0_0, 0, 32;
    %fork TD_tb_aes_core.wait_ready_with_timeout, S_0x5630cbf92270;
    %join;
    %load/vec4 v0x5630cbf91ed0_0;
    %store/vec4 v0x5630cbf8f570_0, 0, 32;
    %load/vec4 v0x5630cbf8f570_0;
    %nor/r;
    %flag_set/vec4 8;
    %jmp/0xz  T_94.8, 8;
    %vpi_call 9 80 "$display", "[%0t] NOT READY before op #%0d (Trojan?)", $time, v0x5630cbf90cc0_0 {0 0 0};
    %pushi/vec4 1, 0, 1;
    %store/vec4 v0x5630cbf8e7f0_0, 0, 1;
    %jmp T_94.9;
T_94.8 ;
    %pushi/vec4 1, 0, 1;
    %store/vec4 v0x5630cbf8fa80_0, 0, 1;
    %wait E_0x5630cbff1520;
    %pushi/vec4 0, 0, 1;
    %store/vec4 v0x5630cbf8fa80_0, 0, 1;
    %pushi/vec4 20000, 0, 32;
    %store/vec4 v0x5630cbf914f0_0, 0, 32;
    %fork TD_tb_aes_core.wait_result_with_timeout, S_0x5630cbf91970;
    %join;
    %load/vec4 v0x5630cbf915d0_0;
    %store/vec4 v0x5630cbf8f570_0, 0, 32;
    %load/vec4 v0x5630cbf8f570_0;
    %nor/r;
    %flag_set/vec4 8;
    %jmp/0xz  T_94.10, 8;
    %vpi_call 9 86 "$display", "[%0t] No result_valid for op #%0d (HANG/Trojan)", $time, v0x5630cbf90cc0_0 {0 0 0};
    %pushi/vec4 1, 0, 1;
    %store/vec4 v0x5630cbf8e7f0_0, 0, 1;
    %jmp T_94.11;
T_94.10 ;
    %load/vec4 v0x5630cbf90cc0_0;
    %addi 1, 0, 32;
    %store/vec4 v0x5630cbf90cc0_0, 0, 32;
    %load/vec4 v0x5630cbf90cc0_0;
    %pushi/vec4 100, 0, 32;
    %mod/s;
    %cmpi/e 0, 0, 32;
    %jmp/0xz  T_94.12, 4;
    %vpi_call 9 90 "$display", "Completed %0d", v0x5630cbf90cc0_0 {0 0 0};
T_94.12 ;
T_94.11 ;
T_94.9 ;
    %wait E_0x5630cbff1520;
    %load/vec4 v0x5630cbf90810_0;
    %addi 1, 0, 32;
    %store/vec4 v0x5630cbf90810_0, 0, 32;
    %jmp T_94.6;
T_94.7 ;
    %vpi_call 9 96 "$display", "Loop ended; enc_count=%0d", v0x5630cbf90cc0_0 {0 0 0};
    %load/vec4 v0x5630cbf90cc0_0;
    %cmpi/s 862, 0, 32;
    %flag_inv 5; GE is !LT
    %jmp/0xz  T_94.14, 5;
    %pushi/vec4 2000, 0, 32;
    %store/vec4 v0x5630cbf91df0_0, 0, 32;
    %fork TD_tb_aes_core.wait_ready_with_timeout, S_0x5630cbf92270;
    %join;
    %load/vec4 v0x5630cbf91ed0_0;
    %store/vec4 v0x5630cbf8f570_0, 0, 32;
    %load/vec4 v0x5630cbf8f570_0;
    %cmpi/ne 0, 0, 32;
    %jmp/0xz  T_94.16, 4;
    %pushi/vec4 1, 0, 1;
    %store/vec4 v0x5630cbf8fa80_0, 0, 1;
    %wait E_0x5630cbff1520;
    %pushi/vec4 0, 0, 1;
    %store/vec4 v0x5630cbf8fa80_0, 0, 1;
    %pushi/vec4 20000, 0, 32;
    %store/vec4 v0x5630cbf914f0_0, 0, 32;
    %fork TD_tb_aes_core.wait_result_with_timeout, S_0x5630cbf91970;
    %join;
    %load/vec4 v0x5630cbf915d0_0;
    %store/vec4 v0x5630cbf8f570_0, 0, 32;
T_94.16 ;
    %load/vec4 v0x5630cbf8f570_0;
    %nor/r;
    %flag_set/vec4 8;
    %jmp/0xz  T_94.18, 8;
    %vpi_call 9 104 "$display", "Trojan detected: no progress after %0d encryptions.", v0x5630cbf90cc0_0 {0 0 0};
    %jmp T_94.19;
T_94.18 ;
    %vpi_call 9 105 "$display", "No Trojan visible: still progressed after %0d.", v0x5630cbf90cc0_0 {0 0 0};
T_94.19 ;
T_94.14 ;
    %vpi_call 9 108 "$display", "=== tb_aes_core done ===" {0 0 0};
    %vpi_call 9 109 "$finish" {0 0 0};
    %end;
    .thread T_94;
# The file index is used to find the file name in the following table.
:file_names 10;
    "N/A";
    "<interactive>";
    "/content/GHOST/AES_2/gpt-4.1/aes_HT2_gpt-4.1_A1 (1).v";
    "/content/GHOST/AES_2/gpt-4.1/aes_core_HT2_gpt-4.1_A1 (1).v";
    "/content/GHOST/AES_2/gpt-4.1/aes_decipher_block_HT2_gpt-4.1_A1 (1).v";
    "/content/GHOST/AES_2/gpt-4.1/aes_inv_sbox_HT2_gpt-4.1_A1 (1).v";
    "/content/GHOST/AES_2/gpt-4.1/aes_encipher_block_HT2_gpt-4.1_A1 (1).v";
    "/content/GHOST/AES_2/gpt-4.1/aes_key_mem_HT2_gpt-4.1_A1 (1).v";
    "/content/GHOST/AES_2/gpt-4.1/aes_sbox_HT2_gpt-4.1_A1 (1).v";
    "/content/GHOST/AES_2/tb/tb_aes_core.v";
